step,agent_0_x,agent_1_x,agent_2_x,agent_3_x,agent_4_x,agent_5_x,agent_6_x,agent_7_x,agent_8_x,agent_9_x,agent_0_y,agent_1_y,agent_2_y,agent_3_y,agent_4_y,agent_5_y,agent_6_y,agent_7_y,agent_8_y,agent_9_y,agent_0_vx,agent_1_vx,agent_2_vx,agent_3_vx,agent_4_vx,agent_5_vx,agent_6_vx,agent_7_vx,agent_8_vx,agent_9_vx,agent_0_vy,agent_1_vy,agent_2_vy,agent_3_vy,agent_4_vy,agent_5_vy,agent_6_vy,agent_7_vy,agent_8_vy,agent_9_vy
0,7.172569869657862,1.169747653113291,-0.05990552952211738,0.1526214744863913,2.57953958062543,7.0780707948042805,0.0007332509687606459,-0.05710996132259549,1.0362754450480973,5.099225998088654,0.19378628849563406,-0.05439965494584298,8.342831145623716,6.7112388178955475,-0.08723668959662162,-0.13527365450845183,4.536431900061008,4.472309020304666,0.11733751956427843,0.06625849842778578,7.447915307874101,5.170465760483901,0.022594664242600454,-0.13782092654783645,1.9050783396992368,7.631344917686084,-0.06107627129557554,0.08270810124714853,2.5893551070219796,7.858622135034813,-0.0008143611778809526,0.08324701100047442,3.6024810413171893,2.3140290873715674,0.06775877318397619,-0.12368359107980642,4.080229971661125,8.55343026611683,0.24628764247056167,-0.11310863587156478
1,7.169574593181756,1.1773787268376106,-0.1599055295221174,0.22850461266617034,2.579576243173868,7.0752152967381505,0.10073325096876065,0.005548861213873019,1.045964759472879,5.096506015341362,0.29378628849563404,-0.14063228138398387,8.338469311143886,6.704475135170125,-0.18723668959662162,-0.1719078046558899,4.542298776039222,4.475621945226055,0.1966402417799309,0.12811331391087905,7.449045041086231,5.163574714156509,-0.07740533575739955,-0.22076109969694535,1.902024526134458,7.635480322748442,0.013862639903994167,0.12764606652100566,2.5893143889630856,7.862784485584837,0.04387039462427359,0.09179769217427584,3.605868979976388,2.307844907817577,0.1677587731839762,-0.12482062967950616,4.092544353784653,8.547774834323253,0.34628764247056165,-0.21310863587156478
2,7.16157931670565,1.188803957470919,-0.25990552952211743,0.3024236705122397,2.584612905722306,7.075492739798844,0.20073325096876066,0.06703453321094333,1.0606540738976606,5.089474401272162,0.393786288495634,-0.22377183206986645,8.329107476664054,6.695879744937331,-0.28723668959662163,-0.2075843376396698,4.552130788128219,4.482027610921599,0.27372441951239856,0.1890766704057826,7.445174774298361,5.152536659171662,-0.17740533575739956,-0.30276685082991045,1.9027176581296577,7.6418626260744915,0.08410471701619204,0.1644832926734257,2.5915079086942994,7.86737437019355,0.08965138415197593,0.10086169823463771,3.614256918635587,2.3016038763336018,0.26775877318397623,-0.12560849830964718,4.1098587359081815,8.537119402529674,0.44628764247056163,-0.3131086358715648
3,7.148584040229544,1.203925140996531,-0.3599055295221174,0.3742984261331961,2.594649568270744,7.078844466459391,0.3007332509687607,0.125800725408743,1.0803433883224423,5.078285809668669,0.493786288495634,-0.299488983234875,8.314745642184224,6.685500528055347,-0.3872366895966216,-0.23815438275323333,4.565817009103839,4.491481444441888,0.3481568342825249,0.24905863642445936,7.436304507510491,5.137398316630166,-0.27740533575739956,-0.38300243938047807,1.9069228939804672,7.650086790708163,0.15541911745068607,0.18816711184819224,2.595990477901898,7.872417455105282,0.13597173909048302,0.11380743219908092,3.6276448572947855,2.2953234514181196,0.3677587731839762,-0.1261254011978409,4.13217311803171,8.521463970736097,0.5462876424705616,-0.41310863587156477
4,7.130588763753438,1.2226400623031908,-0.4596168105832899,0.44422497413734646,2.609686230819182,7.0851345027298285,0.40073325096876067,0.18100179094905675,1.105032702747224,5.063311360506925,0.593786288495634,-0.3557163692326472,8.295383807704393,6.673592808917686,-0.4805513015083953,-0.2635416251896423,4.583224850817965,4.5039343762631106,0.4197795576235131,0.3079016828512324,7.422434240722621,5.118248194661142,-0.37740533575739954,-0.46092623198110977,1.9146938498530015,7.659495146300572,0.22660273337361392,0.20549924251873972,2.602789064856422,7.878107826715236,0.1770290336976455,0.1341121910458407,3.6460327959539844,2.2890171813582274,0.4677587731839762,-0.12628748360779274,4.159487500155238,8.500808538942518,0.6462876424705616,-0.5131086358715647
5,7.107607923224273,1.244851311010058,-0.5566981380216444,0.5122405674276754,2.62972289336762,7.094184592277282,0.5007332509687606,0.23438743013973057,1.1347220171720056,5.045525542045293,0.693786288495634,-0.37584695585679273,8.271356242628974,6.6604157276582034,-0.5573621681027099,-0.29033827011571345,4.604213828699141,4.519329460405672,0.4880130237718896,0.36445520162335765,7.403563973934752,5.095201883062086,-0.4774053357573995,-0.5375826033361666,1.9260239865216822,7.669770108426509,0.2880604925155359,0.21775265139778138,2.6116405165413044,7.884813436267528,0.21266762534479364,0.16536982640083644,3.6694207346131833,2.282702807177838,0.5677587731839762,-0.1257290859216838,4.1918018822787655,8.47515310714894,0.7462876424705616,-0.6131086358715647
6,7.07977301632319,1.270463339381442,-0.6508784656755293,0.578156247359316,2.654759555916058,7.105903963784268,0.6007332509687606,0.28524052161807834,1.1694113315967873,5.026733194252453,0.7937862884956339,-0.3767243238412962,8.243488134223838,6.645898814152417,-0.627832536964862,-0.3153897685287994,4.6286144798877356,4.537552220486839,0.5526265508314446,0.41601357102147474,7.379693707146882,5.068322752895278,-0.5774053357573995,-0.6109884890325777,1.9404270111474589,7.6806577409963985,0.33921585106846863,0.22945817587216377,2.6222738978085443,7.89308192758757,0.24424955169061885,0.20453778489883756,3.697808673272382,2.276416352881754,0.6677587731839761,-0.12355892345998574,4.229116264402293,8.444497675355361,0.8462876424705615,-0.7131086358715647
7,7.047229093039414,1.2993711517494078,-0.7418732409707869,0.64173338673691,2.684796218464496,7.120165989865172,0.7007332509687606,0.3275847579919797,1.209100646021569,5.007896978060389,0.8937862884956339,-0.3630808504545317,8.212096507375595,6.630129325725977,-0.6920133819870635,-0.3386928704856437,4.656245807429308,4.558352899037913,0.6138877457758264,0.46237985133878123,7.350823440359012,5.037773328443649,-0.6774053357573995,-0.6789718302496187,1.9573878037008823,7.692130649790006,0.38421600782868437,0.2441177385791111,2.634486375393075,7.903308816832512,0.27206554929117427,0.24875880166347836,3.7311966119315807,2.2702384067087547,0.7677587731839761,-0.1178308496693163,4.271430646525821,8.408842243561782,0.8723560855304828,-0.8131086358715647
8,7.010135430990875,1.3314578210862533,-0.8297803466550673,0.7026494827089712,2.719832881012934,7.136545227764771,0.8007332509687606,0.3570894654476148,1.2537899604463507,4.989742935537662,0.9937862884956339,-0.33789972982045274,8.177495838276242,6.613194682201695,-0.7486311784081146,-0.35927917038188395,4.686940194718099,4.581471891604852,0.6701575583597498,0.5043449187254084,7.316953173571141,5.0038247369311675,-0.7774053357573995,-0.7300291868456118,1.9765986040923165,7.704336536718962,0.4247894825935083,0.2577346551163959,2.648089652857634,7.915746756915686,0.29758084336618645,0.2904286055212817,3.7695845505907797,2.264346864225289,0.8677587731839761,-0.11218508691284944,4.315048450802345,8.368186811768204,0.8622195125138393,-0.9131086358715647
9,6.968646413658122,1.366590295221702,-0.9145822530023421,0.7606893505869314,2.759869543561372,7.1543997010371525,0.9007332509687606,0.37710212130183995,1.3034792748711324,4.972847949046639,1.093786288495634,-0.30113073310490707,8.140064279355837,6.595230723682601,-0.797748546867816,-0.37347325657592234,4.720448072636087,4.606689137541122,0.721837551035531,0.5423022323822154,7.278082906783271,4.9673232775888865,-0.8774053357573994,-0.7732351931341402,1.9978380782219918,7.717223269474782,0.4574349048137384,0.27049387422640797,2.6629686950259432,7.93026818719175,0.3199206508169578,0.3274326591139636,3.8129724892499786,2.2587376098796463,0.9677587731839761,-0.1071959393540411,4.3581594264280366,8.322531379974626,0.8681848478084436,-0.9876021275211924
10,6.922917301008004,1.4046247627510484,-0.9960294251672591,0.8160344567118094,2.80490620610981,7.173254807102245,1.0007332509687605,0.3929832022273046,1.358168589295914,4.957791412391394,1.193786288495634,-0.2561716290437803,8.100176852012446,6.576557060853805,-0.8424190273575469,-0.38188567360029635,4.756539950187864,4.6338042491602325,0.7701182699581461,0.576596944925703,7.234212639995401,4.92866151793218,-0.9774053357573994,-0.8014411451824419,2.0207098234626786,7.7307479631861025,0.48165102177855545,0.2774633879705238,2.678964727566791,7.946639820147448,0.3393821037779258,0.3607147632485232,3.8613604279091773,2.2533778129119444,1.0677587731839762,-0.10071869143042851,4.4015686688184585,8.273151273598566,0.8090272974735132,-1.0394273528744333
11,6.873115829749642,1.4454264855866388,-1.0738258426420058,0.8685761179743217,2.854942868658248,7.19290396721361,1.1007332509687606,0.3994572210692865,1.4178579037206958,4.944982830939205,1.2937862884956342,-0.214648172470294,8.058055900644568,6.55746277717379,-0.8813107660107299,-0.3856351227788728,4.795045863685771,4.662634096406518,0.813931149878152,0.6059636616682186,7.185342373207531,4.8885894606730576,-1.0774053357573994,-0.8162375214107744,2.0447923745516063,7.744621132584629,0.49837333285805757,0.2804405243067908,2.695933832755687,7.9646755583098745,0.3578868470559524,0.38748945280369135,3.914748366568376,2.248341878340423,1.1677587731839763,-0.09213002943191816,4.442020033692134,8.221179905954845,0.7684448849922052,-1.0766430506397837
12,6.819424537617541,1.4888552914853548,-1.147874606155571,0.918067258220713,2.909979531206686,7.212876828267074,1.2007332509687607,0.39855136578987066,1.4825472181454775,4.93425042231569,1.3937862884956342,-0.17935624441739179,8.013990362344032,6.5381810210348466,-0.9148089220814392,-0.38612467235052106,4.8357424211796785,4.692932279489929,0.8490930861612636,0.6302430623745098,7.131472106419661,4.847777584602519,-1.1774053357573995,-0.8303096758731119,2.0697110411945094,7.758643158799969,0.5061179088949876,0.2810919544125813,2.713828175108485,7.984050030950059,0.37496835360626446,0.4058323888426623,3.973136305227575,2.2437353768688273,1.2677587731839763,-0.08123391368184377,4.480442277941744,8.167347753422856,0.735458887792193,-1.1103623995472545
13,6.762030807309762,1.5347586543963905,-1.1745829597455089,0.9329281165639076,2.970016193755124,7.232804396556568,1.2964683657816116,0.393169304785232,1.5522365325702592,4.925282610094821,1.4922491904536588,-0.15229035947951527,7.96824991623996,6.51887478741732,-0.9427614918045685,-0.3835182746695828,4.8781970754877415,4.724444432608655,0.8777915066858607,0.6536319458459987,7.072601839631791,4.806262100808864,-1.2511583950639458,-0.8274071974916652,2.095016936639259,7.772697756520598,0.5105673729031998,0.28174805603240605,2.7325765927887984,8.004341650392192,0.3892392686973022,0.41568732022698734,4.036524243886774,2.239673681184735,1.3518820091249095,-0.04121179976258565,4.5172152223313535,8.111829633445494,0.7207234468823305,-1.1316680500198955
14,6.703301659322487,1.581405060224586,-1.1766338705905772,0.930340117687632,3.034839612044205,7.25246286179583,1.3796650475195114,0.39034179510633177,1.626848992092942,4.917668092120845,1.4947152251339875,-0.12580300375051814,7.921111841649731,6.499698873683841,-0.9663106476955101,-0.377164242957766,4.922086650822035,4.757126029900955,0.8897260195394832,0.675376153883852,7.010043919878594,4.764891740934281,-1.2732751516673682,-0.7929504323388947,2.120545305284419,7.786785159322219,0.5110338876545149,0.27736894934688683,2.7520385562236633,8.025126016403542,0.39954423675636513,0.4222378475910029,4.10411834434302,2.237613091196606,1.4031293316842661,0.0008098979970426537,4.5532513946754705,8.0552462309445,0.7310249787336222,-1.1474559375931377
15,6.6444699657929585,1.6279220661089675,-1.1784176224665546,0.9280796878826045,3.1038228644201804,7.271979951551146,1.4398549383810226,0.3964079605982704,1.7015847533496415,4.911377941933319,1.4953916631017878,-0.11748946304102849,7.872796309264955,6.480840661535953,-0.9809152802519485,-0.3690380161451649,4.966572951799009,4.790894837595148,0.8836283522477227,0.6927742519950046,6.946380162295226,4.725244219317336,-1.2926330725895196,-0.7609860311778249,2.1460969996671446,7.800653606789563,0.5038496578633505,0.2735477212748396,2.7720157680614816,8.046237908783093,0.4072150282035278,0.4272262620126805,4.1742748109272325,2.237653586096458,1.4254383980394945,0.043489636995455744,4.589802643612152,7.997873434064843,0.769604999995791,-1.1585088195194357
16,6.585549084669631,1.6743260505030977,-1.1782967282012666,0.9282331713045977,3.1758156113392317,7.2918003495810595,1.4447800985251744,0.4032498814700225,1.776354336504731,4.9055034687812675,1.4954717824190635,-0.11646522222684938,7.8237505452523575,6.462388760728695,-0.9847761401973649,-0.36263270953768006,5.010754369411395,4.825533550194898,0.8610686781635362,0.7050265812849178,6.8817485086657495,4.687194917758444,-1.3059522251071207,-0.7378948337925672,2.171289482560312,7.814330992853305,0.48788209357854895,0.271164839894222,2.792376519471658,8.067599221883727,0.4157203323612617,0.43290439456160873,4.245546730829207,2.2398280679462306,1.4113755359412774,0.08837024173941327,4.628282893611941,7.939947993088871,0.8186338436370721,-1.1627593634565228
17,6.526634248259567,1.7207377090683276,-1.1783817113862003,0.9271180731746398,3.2480546162654904,7.311962843654561,1.4415932743256348,0.41449828880116646,1.851127925625684,4.899680207669925,1.4952039848324739,-0.1198542604211123,7.774511738242489,6.444257125251811,-0.9802125332944079,-0.35840497257285825,5.053807803319572,4.8607848792591435,0.8172131481399614,0.7111587015514745,6.816450897410394,4.650300176068816,-1.3148260311047824,-0.7219643397905782,2.1956835872392393,7.8278892348480165,0.46835140535232594,0.2684875607422459,2.813162536089721,8.089244441611807,0.41818918468753563,0.43189217404853314,4.316115507626271,2.2442465800332014,1.3636146201850519,0.12710757754053784,4.669214585793795,7.881810024916045,0.8644328725105157,-1.1484299002130383
18,6.467715162690257,1.7670936127270596,-1.1881558009494957,0.9155794846271196,3.3201342799817724,7.332687758094619,1.436334062292725,0.43237074542304393,1.9258881248673076,4.893687494648869,1.4946390390184543,-0.1267049448206004,7.725501111577769,6.426336876623168,-0.9750345753572865,-0.3784514749246191,5.09466846072657,4.896342814336717,0.7530140640964585,0.6917696712141409,6.750709595855154,4.6142019590792875,-1.3185815451645349,-0.7150823090746321,2.2191011575068558,7.841313612885129,0.45012146332857184,0.26568145658140063,2.834071995324098,8.110839050314235,0.4185278742978977,0.427475860653629,4.384296238635523,2.250601958910228,1.2884816779853447,0.1600488861581297,4.712436229419321,7.824388529905393,0.9095664393669,-1.1288927791555279
19,6.408307372642782,1.8128725869584155,-1.1982171374056134,0.902372257789155,3.3919509830964087,7.354306295365771,1.4275407614897595,0.4605728761935921,2.0006200768182305,4.887352247407839,1.494534792072231,-0.12792871173280024,7.676749382809905,6.407414302876937,-0.9788928603820487,-0.4221147948699545,5.132319163931393,4.930931297897424,0.714575475715645,0.660420718563117,6.684780518596927,4.578447843625556,-1.3236623363418067,-0.7056330628238373,2.241607230673284,7.854597685714199,0.43387132236358694,0.26267535052512764,2.8549983890389927,8.132212843346917,0.4187565158526109,0.42104158171843503,4.44872032253479,2.2586044032181345,1.1975206448794946,0.19024774036612227,4.757914551387666,7.767943890947617,0.9456162285571923,-1.0288927791555278
20,6.348396515772501,1.8579911998478733,-1.2098701338275495,0.8866872386992538,3.4633280211708968,7.377334939175451,1.4116277778244162,0.5072543906902145,2.0753468164218423,4.880955811821199,1.4947903819319157,-0.12490682160649585,7.627804739790802,6.386308563133439,-0.9909009477190658,-0.3288551205592703,5.168047937717175,4.96395233382558,0.614575475715645,0.5977013138656988,6.618597401779836,4.543166190484364,-1.3289055098307743,-0.695708377081525,2.2633007967914636,7.867731453240456,0.42237790921327645,0.25936013832007526,2.8759362148316234,8.153264922432838,0.4198558948407577,0.4133664056045911,4.508596354778764,2.2681167902364407,1.0975206448794945,0.22260364792551712,4.8051953628155255,7.71649925198984,0.9684311952954163,-0.9326412437398783
21,6.287903009081123,1.902325561782836,-1.2241501076695493,0.8668659145984636,3.5339094100621176,7.402697658709961,1.3957831345534604,0.5493536577616617,2.150086335518438,4.874710470740874,1.4950062307087644,-0.12229623927976277,7.578259692404849,6.369865807105476,-0.9934977302394792,-0.25984270515018215,5.198776711502957,4.993837399518865,0.5150610807170946,0.5374897328739539,6.552152126288298,4.5083807716302875,-1.333898568123685,-0.686086444959805,2.2844196922521274,7.8806994601564595,0.4223660609274822,0.2446479491821396,2.8969290095736615,8.173933242713067,0.42283455463449227,0.4059276334328553,4.563472387022739,2.2792469726327167,0.9975206448794945,0.26464667818751053,4.853616922580296,7.669867189802846,0.9835062247281899,-0.8575987337072245
22,6.226695503697646,1.9456688575127592,-1.2388152641762242,0.8457758220970801,3.6036985667897907,7.430165341598044,1.3810992096028252,0.5852905032840117,2.224836647053876,4.868595658776886,1.495001796863212,-0.12235042858840707,7.5285848058928755,6.356873671847967,-0.9931484459035083,-0.21070626618438473,5.224529765538811,5.020711886162563,0.4161659541359025,0.4786831644897833,6.485457197882114,4.474076449382297,-1.3691847920707234,-0.612644272936792,2.3055379952985016,7.892931857615567,0.4236019166707712,0.23810505419288752,2.9180707373053862,8.19422962438471,0.4262965067694591,0.39878341549467056,4.613348419266714,2.2924793065420923,0.8975206448794946,0.2933182229777785,4.902792233816706,7.626987253117485,0.9921266790991654,-0.8065667984922281
23,6.164754740488834,1.9879576486176131,-1.2512225275690108,0.8273102117729577,3.672753527269932,7.459429866762244,1.3662709807847868,0.6191151807744473,2.299586736897037,4.862478137347466,1.4951901583838836,-0.1200266231799292,7.4789273835977,6.346338358538747,-1.0269471941582842,-0.19630241038375607,5.245338063245606,5.044646044387052,0.3370496514072496,0.4422461060409918,6.416997958278578,4.443444235735457,-1.395881778649973,-0.549102959410153,2.32671809113204,7.904837110325211,0.41937807635960156,0.23348836786364197,2.939385562643859,8.214168795159443,0.4291121269981073,0.392588976336827,4.658224451510689,2.307145217690981,0.7975206448794946,0.3263034363767119,4.952398567771665,7.586658913192873,0.9926814623689284,-0.8785259542901865
24,6.102193614110384,2.029323159206261,-1.261192662240498,0.812030214161225,3.741067076309171,7.4903856258009665,1.3490208999693507,0.6558525836237002,2.374346244816231,4.8564768061884696,1.4917522186298977,-0.1570837936032158,7.427580023889786,6.336523238019559,-1.0575337408177539,-0.22077339233928434,5.262190545815969,5.066758349689102,0.2840856137504655,0.44992269925526523,6.347203869346079,4.41598908776495,-1.4163666769679957,-0.49386783290131137,2.34768699495002,7.916511528718393,0.41805134364959773,0.22706656716083168,2.9608411689937646,8.233798243976285,0.42939418027500376,0.3860821257663867,4.698100483754664,2.3234603895098167,0.6975206448794946,0.3405649562856169,5.0020326408901115,7.542732615478364,1.0063303433870903,-0.9288619516332499
25,6.039133980998359,2.069924669914322,-1.2656083550020385,0.8002940238421637,3.8085181213076384,7.5231782549821515,1.3303987077754762,0.6928486691546311,2.448933855747726,4.848622616508309,1.4896139064826475,-0.17621126415047006,7.374703336848898,6.325484568402595,-1.0883132634751482,-0.25115726532512417,5.276394826503492,5.089254484651865,0.22784971024895487,0.44188245065263654,6.276385535497679,4.391295696119884,-1.4324316966043575,-0.4451285595905551,2.3685895621325,7.927864857076435,0.4217196649461704,0.2173348013243544,2.9823108780075147,8.253102350264603,0.4273397493580984,0.37988374972175565,4.732976515998638,2.3404886373240976,0.5975206448794946,0.3287861136278124,5.052349158059466,7.4962895178967015,0.9952243187045684,-0.9523450551469675
26,5.975853563248257,2.1099393711064303,-1.264252607496016,0.7882086762195307,3.8750380566964124,7.557820688439883,1.3320304145268416,0.689706441013458,2.523414551071858,4.839812053300785,1.4874596330178151,-0.19355578044198699,7.320287673675141,6.312926705136339,-1.1241545556180164,-0.271852100809152,5.28778731201594,5.111348607184497,0.19693908717537698,0.4311518607263937,6.204763950667462,4.369039268140356,-1.445703293699694,-0.3999274766577764,2.389675545379809,7.938731597142653,0.43264408321675835,0.2074290987036097,3.0036778654754195,8.272096537750691,0.42359334225157963,0.3741876590384146,4.762852548242613,2.356927943005488,0.49752064487949466,0.31310497201289844,5.1021103739946945,7.448672265139353,0.9662317075347533,-0.9668578443963877
27,5.912640932873456,2.149349804917407,-1.2570548250987459,0.7767820433681685,3.9416395774227544,7.592306010490557,1.336111146051375,0.6817675596545211,2.597787532722749,4.830134264278686,1.4848693911981052,-0.21251562550308792,7.26407994589424,6.299334100095881,-1.1657451329819843,-0.2840896108942579,5.2976342663747085,5.132906200220817,0.17760764684582528,0.4119492781882658,6.132478785982477,4.349042894307467,-1.4575064635483743,-0.35450657076380315,2.4113077495406467,7.949103052077834,0.4504286533742863,0.19235471896146417,3.0248575325879985,8.290805920702612,0.41798113989035357,0.3661989043785235,4.787728580486587,2.372583191606133,0.3975206448794947,0.30413680277075483,5.150421959371432,7.400329372919534,0.9224990346049895,-0.9717369848777405
28,5.8497881916185195,2.188188907085815,-1.2467478170707156,0.7669951253538805,4.008445134725323,7.626394388473282,1.3392799927487204,0.6755213549718379,2.672031002282654,4.819508483003532,1.4828967432381037,-0.22586998227702948,7.205792689245141,6.285129619551168,-1.2118756888501332,-0.286315555107827,5.306514648717,5.1535036641302305,0.1596771347155648,0.3897661549573317,6.059603462805058,4.331317565769277,-1.4660790581496947,-0.31719425476339275,2.433829182209361,7.958720788025907,0.4731856009512859,0.1736948665163386,3.045756589582516,8.309115865921537,0.41207419852117766,0.3562149006260535,4.807604612730562,2.3877900317446707,0.2975206448794947,0.3066703896528096,5.196546911101681,7.351742523675647,0.8868899621581664,-0.9226541811515442
29,5.787450800764984,2.226538663353509,-1.2369431748702455,0.7590737179821211,4.07540913436276,7.660170456221874,1.3410914381837804,0.6719179670392504,2.7461758394445592,4.80821498388968,1.4826021905086952,-0.22779540096064016,7.145198904802634,6.270813841795777,-1.2582544652812169,-0.28185962697588907,5.314498505452779,5.172991971878097,0.1424638303747254,0.36273267693571,5.986299509897574,4.315457853031107,-1.472813573348533,-0.2842888991155382,2.4574884622569253,7.967405531351724,0.49882577271756706,0.15097752622579216,3.066360299508575,8.32692661095284,0.40610633524457684,0.3461020882559916,4.8224806449745365,2.4031235512273112,0.1975206448794947,0.31285172100420905,5.240891409209589,7.3056098146180695,0.8494889177894225,-0.850842636256372
30,5.725603642021472,2.264492349252615,-1.2160215213611054,0.7477166638677794,4.142463706271949,7.693766354573837,1.3328759551461826,0.6880709906638643,2.820305948969994,4.7968252138416485,1.4831229420798566,-0.2243798981111955,7.082286181538573,6.256720860446982,-1.3012870458953067,-0.2726832751008223,5.321621696971515,5.191128605724883,0.12539227481985862,0.31824153490117935,5.912658831230147,4.30124340807533,-1.477832123802885,-0.2569284216591351,2.4824297508928037,7.974954407663013,0.5309003314524608,0.12100307456468223,3.0866656162708037,8.34423171536564,0.39974641086856594,0.336745603693833,4.832356677218511,2.4187661372775215,0.09752064487949469,0.32309239278789476,5.283365855099061,7.263067682805251,0.8037717916583648,-0.7911635929633728
31,5.6648025659534165,2.301878182446004,-1.1955242082192825,0.736749302685805,4.209107504029258,7.72816990410703,1.3297609919721123,0.6940718293010775,2.894462096073987,4.785606218936088,1.4812583386239302,-0.2363762556964505,7.017221829243808,6.2430866966919405,-1.3323461083762334,-0.2563684675666045,5.327891310712507,5.207040682469942,0.104828536771782,0.2703630489831343,5.838767225040003,4.288396986992374,-1.4816653438509093,-0.2338114813929512,2.5089747674654266,7.981004561391247,0.5774927577525096,0.08842281214212058,3.106652936814232,8.361068995550331,0.39396168882350197,0.3304234798384806,4.837232709462486,2.4349207569169162,-0.0024793551205053166,0.3369416363095851,5.323554444681979,7.223509503157082,0.7385998286819091,-0.7661748343993774
32,5.605026355542452,2.3387156475802944,-1.1763458534791398,0.7272062235480028,4.275595553627864,7.762873495572085,1.3294641931497253,0.6946401652170349,2.9685250130051832,4.773787406151266,1.407551670008589,-0.2600559621507275,6.950604523824996,6.2302682733136105,-1.3543710900537655,-0.2392308208914946,5.333132737551097,5.220558834919099,0.07742896702194985,0.21407125420621778,5.764683957847458,4.276706412922726,-1.4784797345119636,-0.25317518566682856,2.537849405353052,7.985425701998353,0.634936018899055,0.058895827450500704,3.126351021255407,8.377590169542255,0.38942018257776967,0.3251587285978695,4.837108741706461,2.4517678387323953,-0.10247935512050532,0.3445650845324607,5.360484436116074,7.185200761437113,0.6649926998233429,-0.8575024003078094
33,5.546209062868495,2.3750759587576944,-1.156014259131186,0.7186215230231958,4.34206876328535,7.797605503832936,1.3294806465051676,0.6946086744118602,3.0389025965056127,4.760784608043729,1.307551670008589,-0.23773079807106137,6.882885969322308,6.218306732269036,-1.3470730660550283,-0.22956939300620066,5.337004185902194,5.2312623976294095,0.05203778769875343,0.15902347393087293,5.69075997112186,4.264047653639385,-1.4749602622336253,-0.2729326379012133,2.5695962062980047,7.988370493370878,0.6971363267451244,0.031573094048248505,3.1458220303842954,8.393848105972149,0.3847685925136017,0.31887011745404203,4.8319847739504365,2.4689960929590185,-0.20247935512050533,0.3604179247772308,5.393734071107241,7.142325641421723,0.5649926998233429,-0.9330696398307434
34,5.488408349911936,2.411007034908854,-1.136640828819506,0.7115964547699171,4.408542795610608,7.8323359375535295,1.3298490130613434,0.6939031650452183,3.1042801800060422,4.748898068140176,1.2075516700085889,-0.21933620864692807,6.8155323160195564,6.206828262618726,-1.3780988751046346,-0.22330665176832187,5.339606075287132,5.239213571325953,0.03026184614802177,0.10315310187391187,5.6170119580101785,4.250401021744325,-1.4687294064381233,-0.30468661057538704,2.6044530226352607,7.989949148073291,0.762485577777,0.0028391670367586344,3.1650604600099754,8.40979161184485,0.3807573798517393,0.3094568579776188,4.821860806194411,2.48701698919788,-0.30247935512050533,0.3602032308258103,5.421983706098408,7.095672159430186,0.4649926998233429,-0.9848546082069031
35,5.4315763084709605,2.44658685764735,-1.1190070792748854,0.7070143637215572,4.475035246263675,7.867031095805791,1.3298107918210964,0.6939764102303106,3.164657763506472,4.737931257707829,1.1088931381043683,-0.20866601685229422,6.746627372264324,6.195662930030309,-1.4014646275036022,-0.22173027599328268,5.341119167594533,5.2443712264196485,0.00831606861258323,0.04427019782117749,5.543575487688273,4.2351666912155554,-1.4637933265317642,-0.3275806728136932,2.6425773015241107,7.990091106425129,0.815239610388847,-0.032225089154495026,3.184098329002562,8.425264454743731,0.37869641030530204,0.2974630750102898,4.806736838438385,2.5050271507391706,-0.40247935512050537,0.3652539887256907,5.445233341089575,7.046429429019841,0.3649926998233429,-1.011100661187326
36,5.375625954507216,2.481937575833428,-1.1050226106955932,0.7045923876544314,4.54152578585473,7.901729916317306,1.3294559200453273,0.6946559987910794,3.22010242041169,4.727497956865214,1.0157361566361676,-0.20529220881107926,6.676554140889144,6.184576416230645,-1.4120862213961765,-0.22016080318116654,5.341534971025162,5.246584736310707,-0.010852652526847771,-0.010923500585041997,5.470385821361685,4.218787657574871,-1.4619656787221456,-0.33564319483418104,2.683339282043553,7.988479851967404,0.8480958005934673,-0.07318473347212198,3.2030331495178275,8.440137608494245,0.37507846312920323,0.2827875248474976,4.78661287068236,2.523289850175455,-0.5024793551205053,0.37457802302911747,5.463482976080742,6.995874395960475,0.26499269982334295,-1.0296639436771027
37,5.320374823972436,2.5171671952161496,-1.091317930789225,0.7026771412199216,4.607998581856996,7.93646271625686,1.3286372457318458,0.6962205607809173,3.2708892282434987,4.71723334642466,0.9285424649056683,-0.20933883035722853,6.605949829819336,6.173568376071587,-1.38960960042402,-0.2171366030173849,5.340992338398819,5.246038561281455,-0.02662333670949166,-0.06325407795854664,5.397287537425577,4.202005497833162,-1.4645292918426185,-0.3242745030602283,2.7257440720732267,7.984820615293798,0.8689627325683552,-0.11109788008715037,3.2217870726742874,8.45427698473662,0.3705549962292122,0.2665753416104218,4.7614889029263345,2.542018751326911,-0.6024793551205053,0.38569288186505307,5.47673261107191,6.94439119877662,0.16499269982334294,-1.0396360086192242
38,5.265808927432975,2.5523010522771457,-1.0782563194348738,0.7005315250685292,4.674430444143588,7.971273744295906,1.328564642284879,0.6963590964943674,3.317316351488782,4.706766404906799,0.8434140264329204,-0.22051407167855383,6.536469349798135,6.162711545920717,-1.332759935974328,-0.2144112694832038,5.339661171563344,5.2428758573835275,-0.03846051517819589,-0.11141142718740558,5.324061072833446,4.185791772680151,-1.4652466731833305,-0.32101742433267183,2.7691922087016443,7.9792657212894404,0.8935859432965237,-0.14553933926607493,3.240314822485748,8.46760575181714,0.36632933201591245,0.24850186028908694,4.731364935170309,2.561303395420164,-0.6776644633053198,0.4020124369092273,5.484982246063077,6.8924093983456585,0.06499269982334294,-1.0111791061152569
39,5.211896111461231,2.587327628530572,-1.0656673311903402,0.6982843981092649,4.740858676257831,8.006091699120624,1.3297440129910056,0.6941043580864307,3.359487052810428,4.695740701322871,0.8234752311643848,-0.2033767885917771,6.469831352999418,6.1519909824465575,-1.2526655806295557,-0.2131861372674357,5.337738145804434,5.237305286024157,-0.04416721697842305,-0.15108385257669543,5.25079873917428,4.169740901463517,-1.4645562470609097,-0.3241527405327056,2.8138715058664703,7.971988754326136,0.9269692978411633,-0.18018962033773783,3.258631289086544,8.480030844831596,0.36275109643439524,0.2304955325407883,4.697481712005043,2.5814040172656254,-0.7245923683880224,0.41685726128294937,5.4882318810542445,6.841850443039895,-0.021905799903906217,-0.9608397470702281
40,5.158612744901713,2.6222418484360355,-1.0530488207652493,0.6962200208535271,4.807345876907382,8.040796917024945,1.3325996936782443,0.6886058788658788,3.4006608143686474,4.685571861893282,0.7940043046411762,-0.18060042331162574,6.40719807396794,6.141331675583186,-1.1631546629659815,-0.21476905725994222,5.335529784955513,5.229751093395323,-0.04319567654227441,-0.18180664353319262,5.177570926821234,4.153533264436882,-1.463020308274228,-0.3310159778276321,2.8602199707585285,7.96297927330925,0.9713785639553982,-0.2141193915226591,3.276768843908264,8.491555621458636,0.35968710290590994,0.212950891940107,4.661252093585642,2.6022468803297727,-0.7540306852100744,0.4257519350178527,5.487136591059049,6.793808455686384,-0.07940576294902646,-0.9074292110194316
41,5.105960303863451,2.657052849478712,-1.0403377249553127,0.6942621570980029,4.873975861591294,8.075227210968238,1.3353404046879045,0.6832759351886641,3.440361029600706,4.6765418407277,0.7383776798185596,-0.13865005443040015,6.349040340819641,6.130593222720189,-1.0732808901064081,-0.22060297176339738,5.333370001128399,5.220660761218663,-0.03284297857379144,-0.2007271634811983,5.104419911407523,4.1369824655455,-1.4619233867288435,-0.3358273534649438,2.908788898956298,7.952273303733117,1.0256706765442807,-0.24154120870615367,3.2947531990535595,8.502203166055642,0.35727887669901126,0.19542860159110034,4.623550559325138,2.6235344770806655,-0.7696755618689909,0.4260013258108856,5.483166302911598,6.748436995135412,-0.140954931774176,-0.8724020169962993
42,5.053943417615685,2.691765957333612,-1.027322536678545,0.6919387775441485,4.940742881825689,8.109391007727671,1.3374554623392072,0.6791265612969482,3.477279913591634,4.66960933800618,0.6719016387399921,-0.10743751594964149,6.295376296314321,6.119563074132019,-0.9732808901064082,-0.22487972386279217,5.33172785219971,5.210624403044603,-0.013652838505260403,-0.2075788403327093,5.031323742071081,4.120191097872253,-1.4608972772677584,-0.34026334694123284,2.9600724327835124,7.940196243297809,1.1031486144810636,-0.26133897491480235,3.31261714288851,8.511974596135197,0.35537986787358994,0.17780468830298388,4.5850667812316885,2.6448345433712097,-0.7754463751701965,0.41718205940220376,5.476118556322889,6.704816894285597,-0.20357898096088256,-0.867777882321631
43,5.002577290781758,2.7263628962108197,-1.0140252887918872,0.6895461522942262,5.00761565494265,8.14334733579252,1.3391452281456093,0.6757884712947121,3.5108749955286336,4.664237462208698,0.5947213008341083,-0.08690034220162512,6.246712251809,6.108319087938879,-0.8732808901064082,-0.2288414475331556,5.331045210274446,5.200245461027968,0.007771960162170476,-0.21125437826164817,4.958278878207692,4.103177930525191,-1.461276699583801,-0.3386301924717793,3.0152298635075656,7.927129294552069,1.188773416593643,-0.26624633223499183,3.3303861362821894,8.520864830550346,0.3523808732102322,0.16123822101782762,4.5462944624731785,2.66569364634132,-0.7793724485574618,0.39612595122549554,5.465939607274844,6.661428000169515,-0.26455930689815366,-0.8798067962665906
44,4.9518760263421635,2.760840203825531,-0.9993883236958904,0.687098409139164,5.07457291634993,8.177136759357255,1.3407652464704614,0.6725686239016828,3.540611060570339,4.659892445098617,0.4962767257627735,-0.08270736964586856,6.20304820730368,6.096877015562221,-0.7732808901064082,-0.23232672743597144,5.331433808282555,5.1896827421148854,0.025652280711181707,-0.21818082839497183,4.885215043228502,4.086246420901602,-1.4652053372301015,-0.3212060394083901,3.0746685343372477,7.91381697794032,1.2685299626141509,-0.2570762194761169,3.348005179942701,8.528926741601238,0.34651626007954356,0.14625127085875475,4.507325840045305,2.685499943902595,-0.7845066663710728,0.371107983405328,5.452711641929937,6.6174376603561855,-0.324905469217337,-0.8898376611907831
45,4.901906610157369,2.7951951242824893,-0.9840689494922085,0.6839278432508783,5.141611178673453,8.210765190552339,1.3438416817205958,0.6664004310250415,3.565424896858478,4.655757076616323,0.3962767257627735,-0.08826604480091216,6.16438416279836,6.085260679190422,-0.6732808901064082,-0.2345168369645726,5.332716422318114,5.178773700695137,0.02814544055665309,-0.23254105508574102,4.811954776366997,4.070186118931182,-1.4696497198025689,-0.300216090648437,3.1380950324679553,7.9009631669665135,1.3416210821419676,-0.23434721604670408,3.365330992946678,8.536239305144175,0.33473928081194637,0.1295049033446213,4.468100506726752,2.704055343072861,-0.7849565849541082,0.3472548110434773,5.43646636846907,6.572945777296646,-0.3919246397400268,-0.9170148340900294
46,4.852703162682759,2.829391516445033,-0.9665846094205303,0.6791635042955951,5.208803262759483,8.24408521210359,1.3463806361117483,0.661255761943383,3.5852387331466167,4.6513437743762776,0.29627672576277353,-0.07478750938717009,6.1307201182930395,6.073534837342193,-0.5732808901064083,-0.21848963674255723,5.334123694345947,5.16714664794085,0.07312345121110256,-0.23612781338640307,4.738472290376869,4.05517531439876,-1.474165819090277,-0.2771915183152124,3.2051760865750536,7.889245806164178,1.4198323539048154,-0.21124269441450955,3.3820679569872754,8.542714550311405,0.3208784903804469,0.11052193263005222,4.428852677479046,2.721418083625035,-0.7788531635789528,0.32159954142067454,5.416870136482069,6.527095035592145,-0.4629078350448974,-0.9540306178768031
47,4.804373932211733,2.863349691659813,-0.9464790954902095,0.672927082606204,5.276122294565071,8.277148000200759,1.3488003070965275,0.6563061264199146,3.600052569434755,4.647604398906919,0.19627672576277352,-0.0592556237632382,6.102056073787719,6.062610355505066,-0.4732808901064083,-0.20795716445990914,5.337779866906502,5.15534025727153,0.09782611791098889,-0.2482580805594549,4.664763999422355,4.041315738482999,-1.478025809398099,-0.25581185811665186,3.2761677042702946,7.8786836714434525,1.487589993759714,-0.1925513190450121,3.398111881506298,8.548240646942908,0.30914729046026945,0.09185669341515507,4.389910019300099,2.7374980606960686,-0.7626590390591279,0.2896293533990147,5.393724744729823,6.479393504698305,-0.5188475392246612,-0.974930402441775
48,4.757049977437222,2.896996045790123,-0.9229897021963519,0.6651029410740213,5.343562309919897,8.309963306521755,1.3539560285456056,0.645602875431183,3.6098664057228937,4.644641617718757,0.11812518977491951,-0.05033793369475485,6.078392029282399,6.052212497282071,-0.3849578453294918,-0.20487567827203387,5.342671172802052,5.142927353243557,0.10903705272877987,-0.2616199905449972,4.59086270895245,4.0285251455771665,-1.4811963725728992,-0.23676424112793104,3.35054720395828,7.869056105491202,1.4902453407182108,-0.17078883004360632,3.4135692460293114,8.552833481613666,0.29860326605240584,0.0734533972425362,4.351777067347142,2.7519795283660193,-0.7334651191620485,0.2449276043126347,5.36778236776859,6.430646984576216,-0.5783961079502471,-1.0153948036868923
49,4.710900492327404,2.930251192843824,-0.8959708690359515,0.6554853479346113,5.411260111347177,8.342243450293314,1.3612140820114527,0.6301557132437339,3.6157726652116398,4.642124721034019,0.06217193149893379,-0.047411881519292605,6.059144137015924,6.041968713368469,-0.33789428603574484,-0.21182610213854428,5.348123025438491,5.1298463537163075,0.11327966254258925,-0.27967500187703226,4.516802890323805,4.01668693352077,-1.483767943538914,-0.22007428229191603,3.425059470994191,7.860516663989022,1.4928597177799199,-0.14618434604997324,3.428499409331932,8.556506151475793,0.28585044848124264,0.05626234331559147,4.31510381138904,2.764225908581651,-0.6939991016773835,0.18133466970417522,5.3388625623710775,6.379877244391872,-0.6274671397591003,-1.0348446516235226
50,4.666101948875607,2.9630254602405546,-0.8622725784494799,0.6374704952319937,5.47932081544775,8.3737512359555,1.3684669177115703,0.6142461193438623,3.6188812617865866,4.639754126958055,0.035853411191392896,-0.04090341119263054,6.042249422714137,6.031377408261542,-0.3235132841460392,-0.2194318805644762,5.35378700856562,5.115862603622456,0.10014367353225524,-0.3086613068754301,4.442614493146859,4.0056832194061744,-1.4862258810583064,-0.2028118104856355,3.499702456883187,7.853207446686523,1.4956443497770437,-0.11422775048123587,3.442791931755994,8.559319268641572,0.27235746639172315,0.04016252079438175,4.2804038563051705,2.7732926420668598,-0.6454985936073915,0.1019051147649052,5.307489205383122,6.328135011810695,-0.6640939197922119,-1.0340486013245636
51,4.622988319953133,2.994898985002154,-0.8268312275125903,0.6170286918958502,5.547744161333328,8.404463541922693,1.3768048649371372,0.5953220673597037,3.6206739323461563,4.6377089563984235,0.03962990299730396,-0.028238950056766278,6.0260737585068345,6.020405814233318,-0.338735274790971,-0.22416387803950424,5.358794192242232,5.100429538278685,0.0668002481391507,-0.33825486995526405,4.368303199093944,3.9955426288818927,-1.4892918687506753,-0.17891263139622415,3.574484674372039,7.847496059162461,1.4982452285857382,-0.07253437130126227,3.45640980507558,8.56132739468129,0.25950021850268123,0.025010739950647006,4.248128926624801,2.778387897805105,-0.5923334916023866,0.018896205539441324,5.274284509393512,6.276432581744467,-0.6906985364342102,-1.018710609610086
52,4.581646758577503,3.0257504195969465,-0.7905475377752703,0.5967628653129415,5.616584404580185,8.434229645290678,1.385444528656838,0.5749290895535133,3.6226554274960217,4.6362970088955855,0.052238408782769204,-0.013331440968250043,6.009136994767286,6.009197620331343,-0.3775747729532406,-0.22345684946612532,5.36213420464919,5.083516794780921,0.019001847021825863,-0.36624657012768835,4.29383860565641,3.9865969973120814,-1.4920603519603228,-0.15412951082786797,3.649396935801326,7.843869340597398,1.4998109577352272,-0.023813673747253516,3.469384816000714,8.562577931678822,0.24634889619747874,0.010381587533464083,4.218512252044682,2.779332708082077,-0.5282103319553987,-0.045823399906420495,5.239749582571801,6.225497051263963,-0.7073273367667564,-0.9924476944756561
53,4.54211938168874,3.0555885628625936,-0.7537044375851076,0.5765534351548033,5.685856631013027,8.462976099768353,1.394705581022024,0.5520836370207138,3.6252673479351603,4.635630436847173,0.06651364521055317,-0.01142103405836702,5.990258256119624,5.998024777858037,-0.4081055892698452,-0.20534912229613478,5.363084297000282,5.065204466274537,-0.03933320689891999,-0.3918709407026395,4.219235588058394,3.978890521770688,-1.4940764216075633,-0.13317524693552582,3.7243874836880875,7.842678656910035,1.4999238415377867,-0.015115210436138423,3.4817022608105876,8.563097011055495,0.23240688251654384,-0.004101001532564513,4.1921017354469114,2.777041538086756,-0.4320141156105653,-0.08654283154513814,5.204383215733463,6.17587466654018,-0.728392647900618,-0.9840514437210612
54,4.504434159809485,3.084416234620334,-0.7169681220962923,0.5567620913466291,5.755591910064128,8.490580281619389,1.4041939226712243,0.5274840542928287,3.628593030195688,4.635059385144254,0.08868941769867039,-0.02633028062227846,5.9698529766561315,5.98775732174323,-0.444263462542741,-0.19300464944080525,5.361117636655336,5.0456109192394045,-0.10140590120052521,-0.4222550103838071,4.144531766978016,3.9722317594239116,-1.4953760914918761,-0.11768748869136345,3.7993836757649766,7.841922896388228,1.49999972419829,0.0009096180814085772,3.4933226049364148,8.562891960978867,0.2171683843652415,-0.018935818286428804,4.170501029666383,2.772714396509499,-0.33201411561056526,-0.12053055036571005,5.167963583338432,6.126672094354126,-0.7646074823522934,-0.9980394975197368
55,4.46858575370467,3.112254339187665,-0.6802241712524814,0.5376216779431181,5.82580160619769,8.51695448433403,1.4126154913047402,0.5044972484819592,3.6330275010806217,4.6337428711131405,0.1033181692746172,-0.06781691344622255,5.947639803528994,5.978107089271189,-0.4823029084198162,-0.18374232233599835,5.35604734159531,5.024498168720214,-0.16961123991703217,-0.45546946324654664,4.069762962403422,3.9663473849893434,-1.4961573858156614,-0.1072990068418399,3.8743836619748913,7.841968377292298,1.4998295039637553,0.022615460195099944,3.504181024154677,8.561945170064545,0.2009536276976275,-0.03337276062537228,4.153900323885854,2.7666878689912138,-0.23201411561056526,-0.1583495812466381,5.129733209220817,6.076770119478139,-0.8055247775698074,-1.0153109625828318
56,4.434574545142047,3.139135423084821,-0.642324230046503,0.5176024283250646,5.896432380762927,8.542179346758129,1.4198785129619087,0.48367862101717773,3.6381934095443524,4.630352025440829,0.10318302878110505,-0.13635763557795166,5.923524658108003,5.96891997315439,-0.5141729576580212,-0.17294511304334814,5.347566779599458,5.001724695557887,-0.2266518299648685,-0.49713727034875,3.9949550931126385,3.9609824346472515,-1.496614340869612,-0.1007249457851281,3.949375137173079,7.843099150302053,1.4992718241748306,0.04673325620450505,3.5142287055395585,8.560276532033276,0.18469976442257638,-0.046119652004728666,4.142299618105326,2.758770389928882,-0.13201411561056525,-0.19271711874511221,5.089456970342327,6.026004571348998,-0.8419857732439407,-1.0332641200077586
57,4.402458333639721,3.1650155445010744,-0.6093394040777605,0.5066858577510195,5.9674263064110225,8.566363277808987,1.426340256361309,0.46427736654197893,3.643352560983408,4.6235341436619315,0.0903544805285225,-0.2150041046941626,5.897816010225102,5.960272717502222,-0.5342458901993916,-0.1619947250290316,5.336234188101215,4.976867832040449,-0.26798315096592135,-0.5278480807716474,3.920124376069158,3.9559461873579953,-1.4969002981914221,-0.09638203813175908,4.024338728381821,7.845435813112278,1.498400502504317,0.06925268294304453,3.523463693760687,8.55797054943304,0.17046796785990473,-0.057075057985077254,4.1356989123247985,2.749134533991626,-0.03201411561056525,-0.22191561627891043,5.04735768168013,5.97434136534861,-0.8623966671014198,-1.0354072998192958
58,4.371991363435833,3.1903498373886254,-0.5747972726538103,0.49466448379362393,6.038743319229088,8.589577146136087,1.4325187644820139,0.4448482768393337,3.647870285009834,4.612783938427223,0.08019426532952882,-0.2849963548982489,5.871103715715133,5.95217298125077,-0.5481857521526501,-0.14912970022396263,5.322835030552919,4.950475428001867,-0.29494757402633853,-0.5301473254735097,3.845279361159587,3.9511270854514073,-1.4968280688643099,-0.09749734488662279,4.099258753507037,7.8488984472594305,1.4980447938467603,0.07656236430922031,3.5319870921536825,8.555116796533786,0.15639179902474162,-0.06802282861043012,4.13409820654427,2.7380387531776806,0.06798588438943476,-0.24151139873769262,5.004237848325059,5.922571000357645,-0.8682845737272867,-1.0109159360554867
59,4.343251499803142,3.215083061578307,-0.5400454282476824,0.48169315559471415,6.110369257453189,8.611819559978054,1.4385429469633044,0.4249637510919392,3.6518799982763106,4.598534120682311,0.07849412144093611,-0.3385863307321417,5.843694428107501,5.944716496239573,-0.5540784450314924,-0.13231739656166253,5.308087651851602,4.923968061728191,-0.28656694639419744,-0.5264366867417917,3.7704379577163714,3.9462522182070763,-1.4962873494381528,-0.10547117099637941,4.174160993199375,7.8527265654748915,1.4982018006498996,0.07342591183906776,3.5398066821049197,8.551715655103266,0.13266884195009943,-0.08764146498013532,4.137497500763742,2.725963183240796,0.16798588438943476,-0.25217932108547664,4.960823619638695,5.872025203554871,-0.8490672718221316,-0.9113026927140407
60,4.316249228390758,3.2391677193580426,-0.5053781985952777,0.46677041304910943,6.182296404801354,8.633067747532651,1.4428217867153825,0.4039938595437824,3.6558047043483572,4.581604804145704,0.08640919060378172,-0.3839638683402884,5.815990505855926,5.938100626411489,-0.5657227354191229,-0.12203271345333275,5.293759304531892,4.8976462273911014,-0.2553011750051899,-0.5129243972177133,3.695623590244464,3.940978659657257,-1.495600418333161,-0.11480151863836062,4.24907108323187,7.856397861066845,1.496149296111741,0.1074117486327349,3.546440124202425,8.547333581854259,0.10938044445912118,-0.10573840072918927,4.145896794983214,2.7133542171865224,0.26798588438943477,-0.2649010891070602,4.918370256047588,5.826460068919168,-0.8136080454522738,-0.8586416433480434
61,4.290980318460994,3.2625062400104983,-0.4691611259891909,0.45014713657701777,6.2544374941371235,8.65326744050984,1.438982567726368,0.38388067151544686,3.660125163878546,4.56240661072869,0.095116876372386,-0.41887620719317076,5.78770436908497,5.931998990738823,-0.5801424326442167,-0.11497596235112366,5.280994245781632,4.8720000075302154,-0.21812154997085761,-0.48443442605682463,3.6208435693278056,3.935238583725339,-1.4950349518664081,-0.12194462963905624,4.323878548037457,7.8617684484984816,1.4954086331078673,0.11727327072466157,3.551909146425381,8.5420466618178,0.08816939102808709,-0.13334715297986066,4.159296089202686,2.7001091627311693,0.3679858843894348,-0.2740441249659297,4.877689853774974,5.783527986751766,-0.7151839088136325,-0.8082097302106075
62,4.267522262161534,3.2850135968393492,-0.43081125018142874,0.4314817364295797,6.326386622523442,8.672461474085612,1.4321978350865783,0.36349669809578056,3.6648810076971654,4.541462800369032,0.10595849187045195,-0.4378032896125662,5.758697247452759,5.926250192621266,-0.588098325028269,-0.10885603048936543,5.270088168283089,4.847778286227374,-0.17388957489227486,-0.44955453299232573,3.546091821734485,3.9291413522433865,-1.4944523701547738,-0.12888798756586567,4.39864897969285,7.867632112034714,1.4957830466871211,0.11239696278544709,3.556317615976785,8.535379304168806,0.06679949121872658,-0.1691197150068382,4.177695383422157,2.6864069564828728,0.4679858843894348,-0.2797146750589845,4.8419306583342925,5.743117500241236,-0.6277252148324618,-0.7775745402005367
63,4.245981699652463,3.3065876836608283,-0.39047247764610465,0.41052822572792336,6.397996514277771,8.6906363089904,1.4214844589817466,0.34294155652759667,3.670178932290688,4.519572635888403,0.12637920857339002,-0.4583147156441557,5.7292923312013455,5.9208073910967975,-0.5776930989764616,-0.09630895474092183,5.261393689538475,4.825300559577758,-0.12539450276588632,-0.4125022354001626,3.4713692032267462,3.9226969528650932,-1.4927901114145588,-0.14689344186487482,4.473438132027206,7.873251960173986,1.4964696163230968,0.10285274630170967,3.5596575905377215,8.526923318418465,0.04602973567644829,-0.20861045649815596,4.2010946776416285,2.6724212227299233,0.5679858843894348,-0.28193792178984856,4.810544397592669,5.704238773231209,-0.55229604946915,-0.760739363255804
64,4.226458075770157,3.3271140949472247,-0.3492883562757891,0.3885292510470228,6.469070737226858,8.70778338681678,1.4072822620856704,0.32252718771932715,3.6764978927193575,4.496656900106196,0.1609971183624754,-0.47854913057926773,5.700407676252523,5.915991943359751,-0.6146184386752531,-0.09832761225388464,5.255123964400181,4.80467544780775,-0.07089777935241891,-0.3745317878598794,3.3967296976560184,3.9153522807718497,-1.4919358666138007,-0.1553298744972368,4.548261612843361,7.878394597489072,1.497224039846992,0.0912149905676296,3.5619590773215437,8.516492795593557,0.0258758898297953,-0.2516794317083458,4.2294939718611,2.658324326640431,0.6679858843894347,-0.28163657213784876,4.782929595119212,5.666201805068419,-0.4865813862020144,-0.753655964407032
65,4.208993657956368,3.346540557499576,-0.31352241930507835,0.3737122978051977,6.5394348503311415,8.723909746202747,1.391363537846798,0.30300348068712346,3.684547748637481,4.472729443577232,0.20863084674744703,-0.488819266428982,5.66967675431876,5.911075562747057,-0.6705822231315062,-0.09738597574741659,5.25157907543256,4.785948858414756,-0.012300065643541344,-0.3351682277793511,3.3221329043253283,3.9075857870469877,-1.4906946136928214,-0.16682196710029024,4.62312281483571,7.882955347017453,1.4979204681832474,0.07895739989184494,3.5632528718130336,8.503908824008139,0.006397856346766886,-0.29817399016190566,4.262893266080572,2.6442424980335386,0.7679858843894347,-0.2793110158968729,4.758600525809111,5.628519006848068,-0.4239010404283175,-0.749457269805377
66,4.193317536991114,3.365226172389836,-0.27653725740455803,0.357623396345027,6.609003027223482,8.739059920237104,1.373802075325245,0.2852565508627712,3.6949792909748536,4.4482884802557825,0.25603563667206863,-0.48046565087679505,5.636147643162185,5.906206263959686,-0.7214797021888182,-0.0946131212926012,5.250964072150383,4.769190447025788,0.04658232580924797,-0.29264649473377313,3.247598173640687,3.899244688691973,-1.4907350541770974,-0.1664602001909349,4.698018838244873,7.886903217012045,1.4985313544733323,0.06636097995298214,3.563572764630372,8.489000124500043,-0.01277012271483666,-0.34598101309109724,4.301292560300044,2.630276947238695,0.8679858843894347,-0.278260841194914,4.737405473787695,5.591046143357799,-0.3643339525395998,-0.7465195291590743
67,4.179490674120887,3.3831073422070874,-0.2385155200674456,0.3397103707274275,6.677693130989744,8.753322747780242,1.3336096560347024,0.26318152363536945,3.707781072808457,4.424265197711943,0.29961683929829697,-0.4616879213059294,5.600073658052744,5.9014756078950565,-0.7773607971213743,-0.08156484498740253,5.253293188440845,4.754558122289099,0.10374698292518425,-0.2462206634158715,3.173061420931832,3.8909216786824263,-1.4896060495401469,-0.1762776706602336,4.77294540596854,7.890221266009694,1.4990097682001997,0.054495090057577605,3.5629342584946304,8.471701073845487,-0.02858634484608895,-0.3548390478508571,4.344691854519516,2.6163639051789493,0.9679858843894347,-0.2833466607820255,4.719188776160715,5.553720166899845,-0.32147560822311727,-0.7032381170344405
68,4.167564898117514,3.4000928607434586,-0.19994302389167962,0.31998992664421366,6.744373613791479,8.76648182396201,1.2732839321482126,0.2417939316773235,3.7227619147733715,4.401180801646646,0.3434908109989653,-0.43778392406347866,5.561205618196675,5.897397365645687,-0.8429940166018888,-0.063987324974547,5.258480537587104,4.7422470891183055,0.1577073241403179,-0.1960524233455285,3.098581118454825,3.8821077951494147,-1.4862994515096193,-0.20227194675041996,4.847895894378549,7.892946020512572,1.499307511501101,0.04557396138560246,3.561504941252326,8.453959121452945,-0.04384389562209374,-0.36321692547369994,4.393091148738987,2.602196572139848,1.0679858843894348,-0.2921861659478408,4.7031149957495595,5.518558261048123,-0.28044735895935385,-0.6699503415179305
69,4.15756774692293,3.4160923570756694,-0.16123691496395287,0.2990442330917196,6.80803781039889,8.778571520545876,1.2123601114141884,0.22248683388469806,3.7399364553233196,4.3792916054434725,0.3886735397663603,-0.4166429165208685,5.519055917366581,5.894197999396959,-0.9074609758399411,-0.04708311393023547,5.26636590379412,4.732444467951029,0.2109996939828472,-0.1436440797919854,3.024266145879344,3.871994197811894,-1.4816767920177192,-0.233738922723795,4.9228612699536045,7.8952247185818525,1.4970435710028682,0.03874592746149968,3.5593127464712215,8.435798275179259,-0.05831932169993645,-0.37115804112125433,4.446490442958459,2.587587263842456,1.1679858843894348,-0.3038991782557231,4.689092627801592,5.485060743972227,-0.2419103811914095,-0.6447465532374435
70,4.149505901174733,3.4310445687302553,-0.12270753678821739,0.27751864446008967,6.868655815969599,8.78969586224011,1.149363324581379,0.20497513379095186,3.7593701323116377,4.358459459617429,0.4299125808563719,-0.3961712631786215,5.473682868574584,5.891843843700447,-0.9701753916285917,-0.02985821797610339,5.276915888493262,4.7252622639614295,0.26537664782310294,-0.09051636778064812,2.950182306278458,3.860307251675704,-1.4757154927206702,-0.2688192413950127,4.997713448503748,7.897162014954928,1.4922977757976328,0.0330211371416993,3.556396780386225,8.417240373123196,-0.07197397244771248,-0.37866157373953857,4.504889737177931,2.5723923049296697,1.267985884389435,-0.3177803877484065,4.676997108742021,5.452823416310355,-0.20527856456581442,-0.6233054273676925
71,4.143370524335322,3.44492050095326,-0.09335173067592796,0.2646360288342314,6.926123982198668,8.799944618929658,1.0828960334646645,0.18786716128824343,3.7808657613544563,4.338650896458498,0.46810495437054733,-0.3743167999589789,5.425174098993154,5.890350932801642,-1.0281282307647153,-0.011093111178885066,5.290184720884417,4.720736445572397,0.3206136132409649,-0.037543001996956704,2.8763965316424245,3.8468662896059533,-1.4683392110204319,-0.306561513207212,5.072328337293629,7.898813071812013,1.485385828964499,0.0281382635469384,3.5527980817638394,8.398307294436218,-0.08478978318770652,-0.3857254349308113,4.568289031397402,2.5565032855422496,1.367985884389435,-0.33279673193805037,4.66673318051373,5.42165814494197,-0.17084133135620444,-0.6127687499773554
72,4.138702937801526,3.4581523023949714,-0.06536540386223014,0.25349730429852774,6.980268783871901,8.80933797699407,1.0149875676023903,0.1706904050254642,3.8042710090729837,4.319935056460549,0.49823696792988875,-0.34523251088503476,5.373767687454919,5.889796277242698,-1.0777423800967618,0.014164115645875372,5.306215401546465,4.71885929547255,0.3720372701814251,0.016600927484549645,2.8029795710914027,3.831538213945593,-1.4594731415938882,-0.34632087572952736,5.146597628741854,7.90021998498936,1.47647897725561,0.02476845311474274,3.548558592604454,8.379021022689678,-0.09674962950547462,-0.3923401155190567,4.636688325616873,2.539863448945347,1.4593081707043791,-0.3470153640913299,4.65819111394592,5.391019707443102,-0.1348899375135073,-0.5967904315245204
73,4.135434667608414,3.470827167609898,-0.03718100485347922,0.24584490907991696,7.031018162252021,8.817872497245343,0.9453470086443367,0.15345584715841404,3.829182857469478,4.302673430916298,0.506658923932601,-0.29721106322649593,5.31988056845008,5.8905044830249915,-1.1225783648036405,0.04163369403122846,5.324817265055537,4.719689341846777,0.420600172393568,0.06868459261707223,2.7300059140117083,3.8142221701591166,-1.449941929385305,-0.38427646481461664,5.220421577604634,7.901458407645097,1.4652686504051957,0.0227331822971649,3.54372111112918,8.359404016913725,-0.10781555069287545,-0.39844856752623115,4.709653734152092,2.5225126807407805,1.4608171083723183,-0.34060736323036,4.651446617070245,5.361180185866877,-0.11383342104498237,-0.5661076233637385
74,4.13357561736574,3.4831194130638936,-0.008619347186319185,0.23627490726912787,7.078285512684238,8.825545289603264,0.8735294079172554,0.13600178475616564,3.854515803666108,4.287812877754973,0.513714237817813,-0.24517301352861995,5.263751650209898,5.892586167726553,-1.1657827379249022,0.0679585443520445,5.345847273675215,4.723123571477631,0.4660762126376705,0.119324859750785,2.657508817542443,3.7950083469183857,-1.4405754999541784,-0.4180218043736097,5.293685010124894,7.902595066759956,1.4514576358125482,0.021271209349001154,3.5383303335945366,8.339481588537414,-0.11799624455769783,-0.4040640276538232,4.782694589570708,2.5054823125792627,1.4623560841891678,-0.33393814252780846,4.645754946017996,5.332874804698689,-0.08380752163473457,-0.5573171415281348
75,4.133144650006424,3.49493315842735,0.018242937354810883,0.22095954147780705,7.1219619830801015,8.832345378841072,0.802021125494236,0.11906871910331836,3.880201515556999,4.275554227078542,0.5383994433370124,-0.19501304062250727,5.205462513313654,5.895984094944155,-1.2094553591750548,0.10678626761673872,5.369151084307099,4.72908981446517,0.5079711283376294,0.16916811741641916,2.585480042544734,3.7741072566997054,-1.4312953296342743,-0.44876907131297994,5.366257891915521,7.903658627227406,1.4351154548452172,0.02050434954006444,3.532430521366652,8.319278387154723,-0.12794376803239113,-0.4084416285770038,4.855812393780166,2.488785405452872,1.4637062920558574,-0.3279693439882665,4.641564569936259,5.305008947622283,-0.034771635704673225,-0.5612365280193143
76,4.134056796874165,3.5059811355012402,0.04711541238284891,0.19758845595324803,7.1620630393548135,8.838298814796238,0.7326519882070961,0.10326171036003222,3.9071214877238494,4.265803575047417,0.5419478341278325,-0.13307381304148308,5.144989745354901,5.901323408324992,-1.2544431926749633,0.1448482500100035,5.39454964072398,4.737548220335991,0.5459442163636761,0.21642937637618936,2.5139152760630203,3.7516688031340566,-1.4222453763214453,-0.4766739866326576,5.438013664657782,7.904683844704409,1.416312879078177,0.02069349159727092,3.5260333329650324,8.298856305725874,-0.13809012366135842,-0.41166937096584827,4.928997708382959,2.4723869382534587,1.4651743794244707,-0.321347223230755,4.639825988151025,5.276947121221317,0.032889786786400386,-0.5686748471957498
77,4.136412567493307,3.5158605582989026,0.07659340205646341,0.16955168274844457,7.198695638765169,8.843461900314239,0.6654911434042396,0.08851230557201495,3.934218879430241,4.259149884395343,0.5269970416363965,-0.06680392058733574,5.082267585721153,5.908565820825492,-1.3027102949164795,0.17420691118477769,5.421846851542164,4.7483696891548,0.580275642388113,0.26034569121650614,2.442803007246948,3.7278351038024238,-1.4108360035441787,-0.5094524228065761,5.50882930861169,7.905718519284273,1.395544686667708,0.021847171254998403,3.5191288267819645,8.278272837177582,-0.14802060318787819,-0.4128220004642406,5.002256427354183,2.456319577091921,1.4665356713338789,-0.3150763791611315,4.641470477490345,5.24851337886153,0.10480646235402735,-0.5611497958105855
78,4.140242237596131,3.5243381424363247,0.0996865898654539,0.13560080853904058,7.23197019593538,8.84788751559284,0.6009241079676094,0.07461652274368395,3.960568731512061,4.255809688365976,0.5048687531885396,-0.004572546800409465,5.017132070975329,5.917276166384731,-1.3500218631766723,0.19399208889244982,5.45086063366157,4.761386973715625,0.6096239353349285,0.3013929126387016,2.372261207069739,3.702362482662095,-1.3978505538145565,-0.544071529488851,5.578606542945076,7.906810877847023,1.3727677596137795,0.023335281026160674,3.5117277966225706,8.25763173715437,-0.1574710999210668,-0.41194632571731,5.075583210920877,2.4405657581338644,1.4675037957014978,-0.31053600371244594,4.646710800608046,5.220455889071,0.1757145736878744,-0.5508325290781313
79,4.145226567089404,3.5311181828632767,0.1333564341352064,0.09986690310443211,7.262016401333761,8.851618341730024,0.5381598567354622,0.06123529340265383,3.985812169171488,4.255581061025955,0.4707239701685201,0.05357049671765694,4.949630977816495,5.926975770829354,-1.3863613249801086,0.20568486765860505,5.481341830428316,4.77645661934756,0.6457871372630672,0.33092942513278883,2.3023686793790112,3.6751589061876526,-1.3846223626502936,-0.5769063293540109,5.6472449309257655,7.907977641898331,1.3503526491449152,0.024506972089952186,3.5038542416265175,8.237034420868504,-0.16582561475833182,-0.41014373504165796,5.148958400705952,2.4250389579482423,1.468031108692794,-0.3080335434822098,4.6554965292924395,5.192914262617093,0.2511001203721396,-0.5493178374980443
80,4.151894388796165,3.5361115280184983,0.17260233762718027,0.06595184234584141,7.288924394170534,8.854680106400156,0.4766284262525978,0.04837768341539492,4.009348367679914,4.258259585861838,0.42316146337359056,0.059401232058371396,4.88031291156749,5.937260014212284,-1.4115671070359634,0.21068236992596573,5.51363118729147,4.7930030906042,0.681484287493475,0.36043954469016953,2.2331375612464965,3.646313589719952,-1.365818073249716,-0.5849875129365552,5.714762563383012,7.909202990502829,1.3282614839599405,0.024194251222147002,3.4955629608886007,8.216527234116421,-0.17415252817471746,-0.40781095695290953,5.2223599561405925,2.409637280774132,1.4695070905368908,-0.3009134607520939,4.668051535311046,5.165448370742191,0.3301173959439627,-0.5528473917309993
81,4.1605245056775235,3.5394091201357902,0.2090245247171003,0.02771522430384922,7.312755815483164,8.857098990570925,0.41615295761703874,0.03614925633309473,4.030506440848594,4.261229647464757,0.3771591707405339,0.03694723849948773,4.809734556215692,5.947794132708582,-1.433960576548426,0.2048053381675381,5.547705401666144,4.811025067838709,0.7168061519792157,0.38807307161144183,2.1648466575840106,3.617064214073124,-1.3447134245404189,-0.5780936993264782,5.781175637581009,7.910412703063936,1.30806288694599,0.024122912407696574,3.486855334479865,8.196136686268776,-0.1819724415024114,-0.4054177468324104,5.295835310667437,2.3945916077365275,1.470555456684504,-0.2957476099910695,4.684557405108245,5.137806001155641,0.4048833642667166,-0.5572505056773179
82,4.170975731913378,3.540794881350983,0.24394478800750558,-0.012932648978583337,7.333563463364015,8.858906453387581,0.3570609664308968,0.024502452864628925,4.04936439938562,4.263077009389731,0.35354503386585817,0.002938860709036678,4.738036527388271,5.958034399616959,-1.4616456287048745,0.19510329418717806,5.583545709265104,4.830428721419281,0.7507211531331617,0.41128126807264254,2.09761098635699,3.5881595291068002,-1.3226730648645346,-0.5682574957215416,5.846578781928308,7.911618848684321,1.2842352462337288,0.02415227117024581,3.4777567124047444,8.175865798927155,-0.18920829934676411,-0.4024914260635176,5.369363083501662,2.379804227236974,1.4713696980231132,-0.29166969629937983,4.70480157332158,5.109943475871775,0.497055516070687,-0.5740893661890977
83,4.183172971313754,3.5401482489020535,0.27770354452586954,-0.05475855740105343,7.35141651168556,8.860131576030813,0.2998681640016976,0.013511007680874957,4.067041651078913,4.263223952425182,0.3379970982012044,-0.03517888778987995,4.6649542459530275,5.967789564326318,-1.488725476852272,0.18356594066159435,5.621081766921763,4.850992784822913,0.7823448116710263,0.428662962985553,2.031477333113763,3.559746654320723,-1.2902018044361059,-0.5590025819444286,5.910790544239994,7.912826462242833,1.2476712596938881,0.025461986754166287,3.4682962974374063,8.15574122762398,-0.1963866625507665,-0.39935044717584045,5.442931568402818,2.365220742422005,1.4720983577868731,-0.28796948623281504,4.729654349125115,5.081239007562321,0.46488522035535496,-0.568173104143595
84,4.197058148540047,3.537410321032001,0.31017369332767314,-0.09750943156277371,7.366409919885645,8.860807126414857,0.24465366357445148,0.0034660030448256853,4.083941505988974,4.261465008035688,0.3344576622632037,-0.07766409808937183,4.590517972110414,5.976967861359397,-1.4903659529339666,0.169733103239261,5.660199007505314,4.872425932972191,0.8072484548022825,0.441150218767442,1.9669672428919578,3.5317965252235015,-1.2570493374237004,-0.5448494724535572,5.973174107224688,7.914099561580541,1.2056023550555977,0.02694000136114876,3.458476964309868,8.135773705265187,-0.20356269521315817,-0.39645568669382725,5.5165364862921615,2.3508222681103645,1.473127507931113,-0.2826576469453269,4.752898610142882,5.052830352355141,0.443478231555783,-0.5761248279278033
85,4.212566833206431,3.5325348494538624,0.34228317442394085,-0.13990445407425595,7.3786426030643675,8.860980426567098,0.19147047752022173,-0.0057002920365513444,4.100664389102134,4.257581803131219,0.34334817931919204,-0.12294246548954121,4.515999674463715,5.985454516521361,-1.4917430925333222,0.15717043576678258,5.700561430245428,4.894483443910563,0.8273343528440076,0.4510624570374863,1.9041147760207728,3.504554051600824,-1.2222750518688146,-0.5293657339715587,6.033454224977468,7.915446561648599,1.1587530506179604,0.024004879593925877,3.44829882954921,8.115950920930496,-0.21065530819495443,-0.3936620611378947,5.590192861688717,2.336689385763098,1.4742038520288179,-0.2769891742711159,4.775072521720671,5.0240241109587505,0.46069071931298894,-0.5706352636133187
86,4.229680991927628,3.5255396267501498,0.37148279550529306,-0.18147059353386594,7.388216126940379,8.86069541196527,0.14040832871078873,-0.013167269126194824,4.117831798068093,4.251434679856742,0.3661874111083041,-0.1669807731563198,4.441412519837049,5.9933130383097,-1.4929610503899158,0.14514579573187464,5.741928147887629,4.917036566762437,0.8440543125202733,0.4584428464596646,1.8430010234273322,3.4780857649022456,-1.1869968060621205,-0.5124612666272746,6.091391877508365,7.916646805628295,1.1078570080325876,0.014499173313455982,3.4377660641394625,8.096267817873601,-0.21738324952920202,-0.39156726874951514,5.663903054290158,2.3228399270495426,1.4753288209395807,-0.27093333147663196,4.7981070576863205,4.995492347778084,0.5340873364871375,-0.5701786557593249
87,4.2482551317028925,3.5164660970734563,0.3974132180497724,-0.22186524244343472,7.395236543375918,8.86003704850896,0.0910153722155037,-0.01892292049588572,4.136141168623508,4.243085641198927,0.4020825709488879,-0.21026160711589925,4.3667644673175525,6.000570328096294,-1.4940756720492396,0.13318365586892764,5.784130863513643,4.9399587090854205,0.8563154007127363,0.46909460924319196,1.783651183124226,3.452462701570882,-1.1524626735814991,-0.49581094603773224,6.146784727909995,7.917371764293968,1.0532990766094004,0.007901743054466647,3.426896901663002,8.076689454436126,-0.22397300196488623,-0.39076892069150004,5.737669495337137,2.309293260475711,1.4765358061384624,-0.2642763954481019,4.824811424510678,4.966983414990118,0.6340873364871374,-0.5633567305662536
88,4.268125792605381,3.5053728349512845,0.42072093191600624,-0.2606035170177145,7.399787311986693,8.859090902484166,0.04321020001053238,-0.023113189608472695,4.156245297170953,4.232572560843131,0.442799886622716,-0.2528848200494396,4.292060683715091,6.00722951088974,-1.4948661228160594,0.12399707600134077,5.82694663354928,4.96341343954758,0.8528431749721843,0.47598782457164696,1.7260280494451512,3.427672154268995,-1.1169298235544147,-0.4779196001195537,6.1994496817404645,7.917766851446691,0.9738152754829202,0.03499747216709177,3.415698251564758,8.05715100840155,-0.23062328589757208,-0.3897759336659709,5.81149628564406,2.296079440703306,1.4779447226556583,-0.25627991878859546,4.856515791335035,4.938815578461805,0.7340873364871374,-0.541878876314392
89,4.289161839201181,3.492342659100399,0.4409053072617132,-0.2977136370757742,7.4019478219872195,8.857935243003743,-0.0025570208442268413,-0.025929663859921803,4.178385291502089,4.219928319840659,0.48066247657804595,-0.29020319575611225,4.217317377574288,6.013429364689807,-1.4952873428018387,0.118809774246973,5.86958879229789,4.987212830776162,0.8427272221824008,0.48165324195972853,1.6701815582674304,3.4037761742630175,-1.0793715719350758,-0.46038701753851047,6.24814044551461,7.919516725055046,0.8947928858325753,0.05778830498464625,3.404167087269879,8.037662211718253,-0.23720645500024085,-0.3876705540025631,5.885393521776844,2.2832654447638765,1.4796289706957573,-0.2463698623570137,4.893220158159392,4.911721634646085,0.8340873364871374,-0.5118149968244934
90,4.311207104564267,3.4774569772466104,0.45875441434837166,-0.3331911203483267,7.4018199709450085,8.856638759810746,-0.046542971791034705,-0.029677615471798292,4.202418415330991,4.2054181600528535,0.5051411639240275,-0.30466959471050375,4.142553010434196,6.019369853402155,-1.4952372244939454,0.11943886506344337,5.911725153407009,5.011295492874148,0.8268355599423725,0.48870608150712425,1.6162129796706766,3.380756823386092,-1.0401849989065113,-0.4434279195570575,6.292880089806239,7.922406140304278,0.8148651016280923,0.07504339665182155,3.392306764519867,8.018278684018124,-0.2425981440176559,-0.38558011275325216,5.959374970311631,2.270946951646026,1.481574774774651,-0.2343846982024269,4.934924524983749,4.88613088480486,0.9340873364871374,-0.47224524937652584
91,4.334144825281686,3.460797421229194,0.4767958924458105,-0.3673302856305762,7.399492822355457,8.855154879037157,-0.08919050043941118,-0.033346140914279336,4.227675473527192,4.190184680317328,0.5317428092744838,-0.2996536995673525,4.067791149209499,6.0253417966553275,-1.4938342953577455,0.1358642631931893,5.953066931404128,5.035730796949505,0.808146414794572,0.4944516865139382,1.564203729725351,3.358585427408239,-0.9998264048465672,-0.42871694188352694,6.333623344887644,7.926158310136869,0.7359224927947794,0.0878134384752087,3.3801768573189843,7.9989996783804616,-0.246236963995297,-0.38414123381097115,6.033453709050364,2.2592277167359045,1.4836048612590715,-0.2211710099638986,4.981628891808105,4.862518622336034,1.0340873364871375,-0.4277367206671142
92,4.357984619903976,3.4424309069476653,0.4924609780595381,-0.4023131159166022,7.3950332973334865,8.853487571991442,-0.1275142455709038,-0.035536346555370205,4.2542626139909165,4.175201995338961,0.5684157113817225,-0.28775243641975995,3.9930994344416115,6.032135009814987,-1.4922435336600701,0.1523457785752782,5.993474252143856,5.0604533812752015,0.7864485016843159,0.49975122824064666,1.5142124094830227,3.3371495803140627,-0.958314720190424,-0.4166957467400657,6.370419469527383,7.930548982060629,0.6574705791995799,0.09602559730418248,3.3678650091192193,7.979792616689913,-0.24776767758329632,-0.3818583138899902,6.107633952113318,2.2481691662377097,1.4854894735294935,-0.20813703186379026,5.033333258632462,4.841131786302678,1.1340873364871376,-0.3877209814646148
93,4.382607668806953,3.422315251151835,0.5043332502529699,-0.4376042810300513,7.388657585054942,8.851710754663674,-0.1629673386228142,-0.0367238871461333,4.282683399560002,4.160814373517973,0.6112100730922709,-0.27612582253459567,3.918487257758608,6.0397522987437515,-1.4902901896071912,0.17039703859094024,6.032796677228072,5.085440942687234,0.7597977838298161,0.5042497207944768,1.4662966734735015,3.3163147929770593,-0.9168205712207737,-0.40532644759651293,6.4032929984873626,7.935350261925838,0.5849732888267314,0.08714531660087628,3.3554766252400543,7.960699700995414,-0.24168274035354378,-0.3822956885358343,6.181908425789793,2.2377623146445202,1.4871153055974555,-0.19618376043339197,5.0900376254568185,4.821745737229447,1.2340873364871376,-0.3734341653444671
94,4.407824331319602,3.4004350371003325,0.5129895136044104,-0.47299518557583525,7.380509218123801,8.849874560306368,-0.1965314025294838,-0.03745336348066043,4.313243903214616,4.147008082391244,0.6695843051460276,-0.2661672833764898,3.8439727482782486,6.048272150673299,-1.4877361101679718,0.1914190860449188,6.070786566419563,5.110653428726958,0.727830251195081,0.5102450618123191,1.4204556449124628,3.2960484705972335,-0.8785769019493045,-0.39341868009205927,6.432541662928699,7.939707527755882,0.5118450892493999,0.07751622647054715,3.343392488222377,7.941584916568622,-0.2347133331527305,-0.3819753257472092,6.256264191069666,2.2279531266228507,1.4884873316430935,-0.18548709803655755,5.151741992281176,4.803074028962224,1.3326511566108101,-0.3841768229761028
95,4.433473806999822,3.376785277821541,0.5213978678271849,-0.51108278008496,7.370682647997326,8.848001892132336,-0.22858449167132952,-0.037941621121633164,4.3467231184719175,4.133699718222419,0.636773494937707,-0.23788643809202784,3.76958594276985,6.057843104975545,-1.4841296126340169,0.21762190354558308,6.107178078979317,5.136165681817574,0.6929594836016972,0.5171511636649745,1.3765267998149975,3.2763775365926304,-0.8381200943359317,-0.3774846985542404,6.458133917391169,7.943583339079409,0.43967406278112287,0.0674807056785397,3.3316568215647404,7.922486150281261,-0.2268735833992553,-0.3809034765612358,6.33068855765182,2.218678771721023,1.4897234604447935,-0.17528266143686144,5.218374550111716,4.7838651878134195,1.4230149094527595,-0.4198176050939464
96,4.4595437003911815,3.3512311388172926,0.5375690624401648,-0.5437880543092413,7.35925342341376,8.846104811076254,-0.2600300306689797,-0.038159335538427645,4.378561793218803,4.121805396317818,0.6021667103555689,-0.218321377357279,3.695379462138149,6.068724200152824,-1.4770669912193555,0.24686247599812824,6.141826053159401,5.162023240000822,0.6604583582660039,0.523470842239775,1.334620795098201,3.257503301664918,-0.7973199937709751,-0.36422470059033507,6.480117620530225,7.946957374363336,0.36887121921041366,0.05702689513571781,3.320313142394778,7.9034409764532,-0.2181790255536628,-0.3790706056084508,6.40517473067406,2.2099146386491797,1.4908932502563037,-0.16503731802290866,5.289525295584354,4.7628743075587225,1.4344057264721026,-0.43872566811623837
97,4.48642215351319,3.3240417361018304,0.5482071772501547,-0.5751937297204657,7.346251921880311,8.844196844299333,-0.29075638598323444,-0.0381807705488492,4.408670128736581,4.110889327449954,0.5659215162780772,-0.20732388155702228,3.621526112577181,6.08106732395273,-1.45676792908652,0.27346349251958213,6.174848971072701,5.188196782112811,0.6344755641003926,0.5254710048039931,1.294754795409652,3.2392920666354015,-0.7557103488811435,-0.35067505087491146,6.498561181490746,7.949808719120122,0.29908280497053025,0.04601376354702038,3.309404191117095,7.884487446172777,-0.20867648353477242,-0.37646194146089496,6.479719393186874,2.2016627727480342,1.4920261565674875,-0.15446018295486824,5.3612455819079585,4.740938024152911,1.4265005540790545,-0.46378461510937485
98,4.513832512375697,3.2952820496158073,0.5581563100502569,-0.6100901392320318,7.33171410258115,8.84228780577189,-0.32118915861964803,-0.03858121173535178,4.436966204550485,4.100523133372103,0.5470932896521579,-0.20470273694190855,3.548687716122855,6.09474049857871,-1.4240164553020733,0.2967631776401647,6.206572749277721,5.214470332353011,0.6113444960495312,0.5238218670313733,1.256969277965595,3.2217583140916557,-0.7126948807605685,-0.33636042918797604,6.5135153217392725,7.952109407297472,0.229377533249644,0.032104605436401784,3.298970366940356,7.865664349099732,-0.19848610689540627,-0.37307327547185365,6.554320701015249,2.193939763600291,1.4929949664099735,-0.14479651333675903,5.432570609611911,4.717748793397442,1.417214277878819,-0.49143024996068163
99,4.54174032787821,3.2647775426542056,0.5611312162414868,-0.6517302301744147,7.315654644650167,8.840358745185123,-0.35127684420467,-0.039539998733295896,4.464320869033092,4.090287996525007,0.5522639102575074,-0.20935884429309243,3.477486893357751,6.109578657460718,-1.3840686951969403,0.31671742988320667,6.237139974080198,5.24066142570458,0.5874280891200383,0.5223739350748735,1.2213345339275665,3.2049402926322568,-0.6684979949363651,-0.3211583003007995,6.5249841984017545,7.953714637569292,0.15901921515920514,0.015265753865318716,3.289046061595586,7.847010685326139,-0.18769012322326425,-0.36916184582822265,6.628970449335748,2.186699937933453,1.4939221821212036,-0.13489445417147905,5.503431323505852,4.693177280899408,1.4083585140753263,-0.5162618481270324
100,4.569796888690284,3.2321910311454847,0.5832313712970096,-0.6555832275221272,7.298090802439934,8.838381745248459,-0.38059537357211687,-0.04130836255927275,4.491934064545968,4.079820054310352,0.5997244752284776,-0.2266471893915879,3.408283458597904,6.125414528954878,-1.3349270348642606,0.3436370570728429,6.2665113785362,5.266780122458324,0.5619321635743458,0.5208199411233443,1.1879096341807482,3.1888823776172166,-0.6242516849407138,-0.3054528787338363,6.532935159159715,7.954477925262558,0.08952734594800824,-0.0042825162409969,3.279661555434423,7.828552593034728,-0.17643209477563623,-0.36463086315505444,6.7036665584418085,2.1799552152248793,1.4948077545913045,-0.12469874423466443,5.573849249209618,4.667364188493057,1.3934772656749148,-0.5551766476061131
101,4.598958457255135,3.1994118697693783,0.5974940505162556,-0.6515257556954546,7.279061033761328,8.836316327120494,-0.4097434276950417,-0.04417532101352404,4.521920288307392,4.068487694840773,0.6729369557735215,-0.23036502277645937,3.341537106854691,6.14259638180852,-1.2746201996897,0.3682089362809308,6.294607986714918,5.292821119514492,0.5336001536628087,0.5194107566562969,1.1566970499337126,3.1736097336805247,-0.580038232005495,-0.28939630534287564,6.537411526457115,7.954263799450508,0.02104908948400372,-0.02619423866264302,3.270839950695641,7.8103210498769755,-0.1651380353202415,-0.35911217154078423,6.778406946171374,2.173720278013146,1.4957067899369862,-0.11340722435716379,5.643523112493364,4.639605356112751,1.3808746594850165,-0.585820087392144
102,4.628833159780948,3.1668355819846057,0.6092960994974453,-0.6439860773304624,7.2585738623765765,8.834107561069818,-0.43763337677836994,-0.04859981216569136,4.555567136096068,4.0569694437019495,0.7581882513400804,-0.23244673231783977,3.277806096870206,6.1610068286225665,-1.223003530988528,0.3732606698343404,6.321287994398058,5.318791657347306,0.4886946699401219,0.5141278572914678,1.127695138333438,3.159139918413381,-0.5359213356145801,-0.2730333551370727,6.538463980931315,7.952954087517376,-0.046862720198842356,-0.04911477416746098,3.262583048929629,7.792365441299936,-0.1538850375046325,-0.3526644770901674,6.853192285668223,2.168049916795288,1.4966180825818771,-0.10066933440201883,5.712566845467615,4.610314351743144,1.3700961436320218,-0.6106034369414103
103,4.65929796475582,3.1346362781180828,0.6198136564627964,-0.6350637887636347,7.2366921935376585,8.831677570461533,-0.46376536435008625,-0.05412582174022387,4.593476548663071,4.045347107086058,0.8483321107265245,-0.23114097587931623,3.21665592032078,6.179669862114284,-1.1672864382360715,0.3747342167006679,6.3457227278950645,5.34449805021188,0.44622522804940534,0.5078812730101425,1.100899071552709,3.1454882506565274,-0.49188128451194185,-0.25632528062697524,6.536120844921373,7.950498348809003,-0.11311663264772541,-0.07348502725355108,3.2548887970543974,7.774732217445428,-0.1422899254192901,-0.34467417047433796,6.928023189797317,2.163016450075187,1.4974913783240407,-0.08671546485584047,5.781071652649216,4.579784179896073,1.3614492502845181,-0.6296474719235551
104,4.690288647578959,3.102883088679901,0.6309298437372525,-0.6258187619069738,7.213503925320154,8.828971279374523,-0.4886693338167725,-0.060772708953215585,4.6358931541993975,4.033790058292092,0.9373729325172196,-0.2248258451389121,3.1582915984089763,6.198406572949317,-1.1015496854875821,0.37231470826583585,6.368033989297535,5.369892113862387,0.40830005619729354,0.5033147410092432,1.0763050073271119,3.1326719866251787,-0.4479372177490176,-0.23930817838545912,6.530465013288987,7.946824097446325,-0.17725637430688984,-0.09897919744245488,3.247774300783433,7.757498508921711,-0.13019607593913796,-0.3348235142331594,7.0028977587135195,2.158680676832395,1.4918913807588905,-0.07396363225143221,5.849144115163442,4.548301806299896,1.3628225724223855,-0.6266694791483243
105,4.721835139765822,3.0715921505845523,0.6464501839414913,-0.6168956150332613,7.189070458629315,8.825932643926862,-0.5132773155582009,-0.06952130362470339,4.682761800825259,4.022548766035146,1.0145036853191147,-0.24954901434648505,3.1032141141345972,6.217022308362608,-1.0345409100149412,0.3685224785985299,6.3884489921074,5.395057850912849,0.3765208354970296,0.4970225066480715,1.053908146439661,3.1207065777059055,-0.4041314009794177,-0.2220257952415573,6.521602194573643,7.941875137574202,-0.23913322562715655,-0.12582608014337499,3.241264496986476,7.740757333210053,-0.11771109630962136,-0.32333436430506646,7.077492327751464,2.1549824952198233,1.4864764027166455,-0.06589664202492503,5.917285243784561,4.516968332342479,1.3665903768856853,-0.6184098493745395
106,4.754157648962896,3.0407473698328893,0.6640757378474552,-0.6106551081905288,7.163406592851405,8.822456578745626,-0.5377551416170655,-0.07946588486511896,4.733486985091215,4.010071315317822,1.088363853776146,-0.2738306561874198,3.05148706863385,6.235448432292535,-0.9672122721765776,0.3638464357288428,6.407275033882252,5.419908976245253,0.34563854847157793,0.4909748659072001,1.03370157639069,3.1096052879438276,-0.36049629489268675,-0.20446892227765195,6.509645533292285,7.9355838335670335,-0.29840767855188494,-0.1521885707973667,3.235378942170995,7.724590614994799,-0.1049385630120826,-0.31048500360064446,7.1518161478872955,2.1516876631185773,1.4764964558053104,-0.05824293177883891,5.985614762628845,4.486047839873752,1.3717051500651778,-0.6069802149038044
107,4.787361435855269,3.010214614423363,0.6818077277675946,-0.6083309906566662,7.136518835770551,8.81848328450237,-0.5617652083051262,-0.09015039146025369,4.787905177780022,3.9963797825084506,1.1599486506816636,-0.2953362862037467,3.003126455025021,6.253640754078977,-0.9029862408731718,0.3562456216247626,6.42455696130583,5.444457719540613,0.3125223300238927,0.4853763085392792,1.0156767616460558,3.099381841829945,-0.31688907483901396,-0.18645199682351224,6.49472514936469,7.927974405027165,-0.35484322781107075,-0.1771801769732662,3.230132014020391,7.709066364814767,-0.09189923783441308,-0.29636356652789053,7.225640970677561,2.148775516529635,1.4633530937004178,-0.05089893397252825,6.054200020132105,4.455698829128562,1.377638490990581,-0.5933904179721773
108,4.821451822243649,2.9797980648905296,0.6964968066946347,-0.6076410142270995,7.108430575355295,8.813975764929358,-0.5843757817757187,-0.10125733405430505,4.845902610314106,3.9816129681982635,1.2276440180179369,-0.3132600674794959,2.9579771429813624,6.271453035160215,-0.8408241634462614,0.3461911718876906,6.440183077807025,5.468726534967577,0.27873385462964373,0.480917507090934,0.9998323079041052,3.0900592419887696,-0.2736478988298358,-0.16800110336180799,6.476982987974137,7.919115396178502,-0.40805733675501,-0.20047866106025658,3.2255370521286704,7.694248186488372,-0.078593260847528,-0.2811535161834234,7.2988086253625815,2.1462305698310087,1.4483806930351346,-0.04345293399255541,6.123081944681633,4.426029308229953,1.3841308902401255,-0.5780844909553251
109,4.856276662578381,2.9494160141791745,0.7057570960656483,-0.6061884154131782,7.07921178626651,8.808912898226643,-0.605537998141056,-0.1126622939117689,4.9072848112150025,3.9659499648242886,1.2881879664298783,-0.32683559753168095,2.9159359348090494,6.2887625937545995,-0.779649818429782,0.3341037641795226,6.454119770538507,5.492772410322123,0.24441950831616716,0.47614644547677826,0.9861499129626133,3.081659186820679,-0.23126592675532714,-0.1492071598374473,6.456580121136386,7.909091463125489,-0.45774910921594747,-0.2224432617425152,3.221607389086294,7.680190510679201,-0.06523763319154503,-0.26474059344344075,7.3712276600143385,2.1440579231313808,1.4296471871304601,-0.03720516283374098,6.19228848919364,4.397125083682187,1.3902224346958034,-0.563277535561709
110,4.8915645173816635,2.9191065934085154,0.6840487670437176,-0.5778520752241981,7.048934886359457,8.803279783531055,-0.623984308005577,-0.12357951268632601,4.971694209536496,3.9496081849477047,1.34508104094236,-0.34608142174947726,2.8769534438875604,6.305467781963576,-0.7098344092462798,0.330074512916977,6.466340745954316,5.516579732595963,0.21103734586442308,0.4652950861094077,0.974586616624847,3.074198828828807,-0.18990857640590086,-0.13068003501530756,6.433692665675589,7.897969300038364,-0.5045266675426686,-0.24266608357421837,3.218345507426717,7.666953481007028,-0.05285806139608147,-0.24573121936135228,7.442710019370861,2.142197664989694,1.4069590844082922,-0.03237811383168963,6.26179961092843,4.3689612069041015,1.3955189571533642,-0.5500243996638579
111,4.92576695573385,2.8902139896473056,0.6643460076586087,-0.55431224895028,7.017735670959178,8.797100807896738,-0.6381723994624672,-0.13334822893221568,5.038948261583614,3.932304113860231,1.3984519339439163,-0.36904054083097443,2.841461723425246,6.321971507609424,-0.6398307030294677,0.32514993283467963,6.476892613247537,5.539844486901433,0.17799221489632922,0.4572561212418158,0.9650911878045519,3.0676648270780413,-0.14909646550502195,-0.11217692192431558,6.408466332298455,7.885835995859653,-0.5488215016796315,-0.2604682534932323,3.215702604356913,7.65466692003896,-0.040896948479611894,-0.22552867055945333,7.513057973591276,2.1405787592981094,1.3807390756774038,-0.02892518509488371,6.331575558786098,4.341459986920909,1.3995142983018292,-0.5397774808647898
112,4.95898425611678,2.8624983771997914,0.646691399468549,-0.5341357190659416,6.985827050986055,8.790433396450128,-0.6486033136260566,-0.14202246904452037,5.10887085828081,3.913852086818682,1.4479313986846658,-0.39178395156395557,2.8094701882737727,6.338229004251159,-0.5697239284609099,0.319324000883276,6.485792223992353,5.562707292963524,0.14432353589738206,0.4501065187690337,0.9576363645293009,3.0620559809818255,-0.1087854925760211,-0.09366262253161539,6.381025257214474,7.872812583184991,-0.5896716165020192,-0.27476454228155095,3.2136577569329323,7.643390486510988,-0.029055453144509812,-0.2047642019491666,7.582094927375146,2.139132500043365,1.351835671799192,-0.02701171133976248,6.401551273701189,4.314471112877669,1.4024477776432445,-0.5321092284329643
113,4.9913188260902075,2.8357915912464944,0.6336740654245694,-0.5173906643441093,6.953396885304752,8.783332272997901,-0.6564595887672958,-0.14987736359317494,5.181267428215043,3.8942628892404842,1.4457142609983815,-0.3998878287043809,2.7809839918507273,6.354195204295323,-0.4995203142259856,0.31280050571578216,6.493008400787222,5.585212618901976,0.10976885769570664,0.4434622005162318,0.9521970899004999,3.057372849855245,-0.06907171348418609,-0.07522167112465968,6.351541676389373,7.859074356070913,-0.6266649412586415,-0.2850658185779281,3.212204984275707,7.633152276413529,-0.0177139364709449,-0.18384907067828116,7.649686710965105,2.1377819144763768,1.3200924225020498,-0.02665724240086791,6.471673662583352,4.287865651456021,1.4049516264833555,-0.5254625840550153
114,5.0230025293614355,2.8099220580292887,0.6242971983090718,-0.5000566978505028,6.920573905866387,8.775838404818243,-0.6617879016560373,-0.15692879796107007,5.2535531412649625,3.8742684978052653,1.4431249644377644,-0.4091336420003877,2.756007976139428,6.369835229581112,-0.42942022133810714,0.30560301761644554,6.498496843672007,5.607385728927788,0.0786625108500798,0.4365579046843131,0.9487435042262906,3.053611766299012,-0.02991258243407622,-0.05684563960667719,6.320208429326441,7.844821065142017,-0.6594255554153645,-0.29071780554942567,3.21131928745216,7.623959822879615,-0.006982656620938797,-0.1629099649291509,7.715691332090208,2.1364490523563333,1.2856640465426534,-0.027617597746027678,6.541921243907519,4.26159252225327,1.406800214952748,-0.5204931845940941
115,5.054217389276889,2.7849192231367637,0.6207266338453372,-0.48575983983782656,6.887484510783586,8.76799196492019,-0.6647293107819614,-0.16314577102740002,5.325709389486851,3.853811815705246,1.441934179890278,-0.41331080419479743,2.7345369650725226,6.385115380461934,-0.3596236054991026,0.29773922185915186,6.5024299692145116,5.629213624162004,0.052152436115392,0.42938601976013974,0.9472478751045869,3.050769484318678,0.008625593387228105,-0.03855410512324442,6.287237151555673,7.830285174864545,-0.6879575061275685,-0.2948070608078666,3.210970154621113,7.615814324633158,0.003134476340811234,-0.14165736259036002,7.779974534417341,2.135068172469032,1.2496720142531483,-0.029817626605106562,6.612261254655157,4.235567863023565,1.407544386946571,-0.5184773850180955
116,5.085253720969156,2.760631231144872,0.6204801995591005,-0.47357549784091835,6.854248045244487,8.75983467636882,-0.665464710281497,-0.16832542583425236,5.3978060984813645,3.833146275495506,1.4532461666978134,-0.3715852243807758,2.7165557847975674,6.400002341554892,-0.29000418234808634,0.28922650511878206,6.505037591020281,5.650682925150011,0.0264165631314595,0.4219839402077277,0.9476791547739483,3.0488417790625157,0.04646799226914034,-0.020383810957633152,6.252839276249294,7.815544821824152,-0.7127544941975796,-0.29869573079041917,3.2111268784381535,7.60873145650364,0.01281425277094124,-0.11986341149620948,7.8424581351299985,2.1335772911387765,1.203005725877294,-0.02152907771833059,6.682638474002485,4.20964399377266,1.4080494230497391,-0.5171042663228542
117,5.116277730947111,2.7369524562528262,0.6191567138121208,-0.46208072942999723,6.820974809730412,8.751418405077107,-0.6638154933464584,-0.17222076930184554,5.470468406816255,3.8145670142764674,1.4625578555534575,-0.333053327800326,2.702055575680163,6.414463666810831,-0.22063493777258586,0.28020421411412433,6.506358419176855,5.671782122160397,0.0009198031207401994,0.4145648487446387,0.9500025543874053,3.047822588514634,0.08352829476509677,-0.0023882209860907923,6.217201551539415,7.800610035284631,-0.7348887192680562,-0.3026049558072515,3.2117675910767005,7.6027382859288295,0.021852216816942674,-0.09739790828041968,7.902608421423863,2.1325008372528598,1.1544657178092093,-0.013337784240318505,6.753040945154972,4.183788780456518,1.4088462715157046,-0.5149292992599057
118,5.147235566637717,2.713848419781326,0.6149646874801,-0.4503025409331691,6.78778403506309,8.742807366612015,-0.6595410390061197,-0.1745932552598853,5.543596299593927,3.797914347886451,1.470294812544754,-0.2970406776924446,2.691023828791534,6.428473877516537,-0.15181851435644816,0.2707391507508107,6.506404409332892,5.692510364597629,-0.024086458347193456,0.40766018112874824,0.9541789691256601,3.0477031774653294,0.11971231361542331,0.015315718988217222,6.180457115576012,7.7854797874942685,-0.7548739346339429,-0.30658248923711257,3.2128602019175476,7.597868390514808,0.029502674139540178,-0.0747211513023847,7.960331707314324,2.131833948040844,1.1044889159369558,-0.005482432226015297,6.823483258730757,4.158042315493523,1.41012536522918,-0.511416126395396
119,5.177983801011722,2.691333292734668,0.6081341978446325,-0.4382233474901092,6.7548069831127835,8.734077703849021,-0.6527152447265444,-0.17555399077092004,5.6171110402211655,3.783062314001829,1.476772851832853,-0.2629485578767494,2.6834329030737116,6.442010835054077,-0.08405014325125407,0.26077704499977306,6.505200086415532,5.712893373654066,-0.0481872462848346,0.4002613097963412,0.9601645848064313,3.04846896341474,0.154938831531149,0.03266677115324866,6.142713418844315,7.770150663032413,-0.7771018999292577,-0.31056444756679014,3.214335335624525,7.594132332949689,0.04048252472976921,-0.05663507551960882,8.015556153111172,2.1315598264295432,1.053287137286672,0.0014280788802373736,6.8939895269922165,4.132471509173753,1.4118392324972653,-0.5066655519980934
120,5.208390510903953,2.669422125360162,0.5988665353790602,-0.4257923078289402,6.722171220876456,8.725300004310474,-0.6441319165986834,-0.17569447432025043,5.690949682812808,3.769914886107992,1.481711088621166,-0.2335214119884494,2.6792303959111488,6.455049687304066,-0.017400515565707195,0.25040165554302407,6.50279072410129,5.732906439143883,-0.07130825605189012,0.39248776813722447,0.9679115263829887,3.0501023019724025,0.18912324865971195,0.04956838343504798,6.103858323847852,7.754622440654074,-0.7943868699147428,-0.3136660087852903,3.216359461861013,7.5913005791737085,0.04887434164385078,-0.03851188094429907,8.068220509975506,2.131631230373555,1.001115197675237,0.008076240142511163,6.96458148861708,4.107138231573848,1.413898633393473,-0.5008898626325644
121,5.238333837672906,2.648132509968715,0.5873879429236731,-0.4129366215815914,6.689964625046522,8.716515280594463,-0.6324076978725253,-0.1752142654483643,5.7650352372438665,3.7582388155085695,1.4850889938699054,-0.21097554428528315,2.6783603701328635,6.467569770081217,0.04807226609246541,0.2397986858667679,6.499225311298695,5.7525308275507445,-0.09183591838871644,0.3849029489395697,0.9773676888159744,3.052580721144155,0.22216604312573063,0.06590330902699362,6.064138980352115,7.738939140214809,-0.8085197227670874,-0.31598567944012357,3.218803178943206,7.5893749851264936,0.054667074553172566,-0.020426013777779903,8.118276269859267,2.1320350423806804,0.9485712058711141,0.014196093028115067,7.0352764202867535,4.08209373844222,1.4160156528175945,-0.4948733888335096
122,5.2677032348190895,2.6274856788896357,0.5739474844471297,-0.3991927709927929,6.658344240152895,8.707754567322045,-0.6185435666006861,-0.17654062851643829,5.839289686937362,3.7476900382943055,1.4876528037674996,-0.19206544572800466,2.680763983437487,6.479559704374555,0.11224294852273276,0.22901963959949684,6.49463351537926,5.771775974997723,-0.11067976292168305,0.37507587676621273,0.9884759909722609,3.0558758865955045,0.2539871092668592,0.08162478510502708,6.023712994213761,7.723139856242803,-0.8195169063880171,-0.31736608790226056,3.2215365326708647,7.588353684437605,0.05901613081197021,-0.002281015823411312,8.165704830152823,2.132744847032086,0.8967718429732412,0.019939171170519625,7.106077202927633,4.057350069000544,1.4167326787825363,-0.49281692023474477
123,5.296400609041446,2.6075260403399962,0.5583534460798583,-0.3832415964951885,6.627417061822861,8.698927535896223,-0.6047637133163272,-0.17779967931410937,5.913672327125737,3.738086766007905,1.4895690082328894,-0.17659040096247025,2.6863761308636236,6.49101068635453,0.17486652683274556,0.21805439959781836,6.489099527233176,5.790529768836034,-0.12672846551930114,0.36379826670265986,1.001175346435604,3.059957125850756,0.28475406726513497,0.09618695680264365,5.98273714889436,7.70727155184769,-0.8283529626800742,-0.3182615809141822,3.2244873392114632,7.588239633646435,0.06387449460427044,0.015942374159765873,8.210543422301486,2.133741805590612,0.8457842118907064,0.024046038856433666,7.17691383686676,4.0327092229888075,1.416008737934008,-0.4948931744271054
124,5.324318281345439,2.588363960515237,0.5417518463269553,-0.36563756731656916,6.597178876157044,8.690037551930518,-0.5912955267590342,-0.17910664796209602,5.988150777537381,3.7292572459597815,1.4868422788408573,-0.19824237148330956,2.695119457205261,6.50191340633442,0.2356683368589144,0.2069511577071495,6.482763103957211,5.8087196821711675,-0.14046455558334991,0.3519083992180903,1.0154130497988607,3.064766473690888,0.314032619797331,0.10984237496022117,5.941319500760357,7.691358472801981,-0.835111148901197,-0.31882746913462656,3.227681063941677,7.589036752354423,0.06838246727685211,0.034274740805102025,8.252832632896022,2.1349441075334337,0.7958565957713216,0.026314290819393432,7.24771427376346,4.007964564267453,1.414728226964693,-0.4985419178257092
125,5.351405873661787,2.5700820821494084,0.5238392826453528,-0.34767254558709987,6.567614099819092,8.681082219532414,-0.5781333206456957,-0.18048913606754213,6.062492891479424,3.719345127385616,1.4838041489035634,-0.21983004275251405,2.7069028740482066,6.512260964219778,0.29451581787125874,0.195751687097723,6.475739876178044,5.826315102132072,-0.15212786879336043,0.33994085123515916,1.0311146807887273,3.070258592438899,0.34188457091961494,0.12271233502987755,5.899563943315297,7.67541709934525,-0.838233017049643,-0.3195619200355537,3.2311001873055196,7.5907504893946784,0.07223573359052418,0.05223380654044214,8.292625462684587,2.136259822074403,0.748721645014295,0.026976190108509695,7.318450685111695,3.983037468376167,1.4119761576384358,-0.5062838435705794
126,5.377597837794054,2.5526984548700535,0.5043891083732924,-0.33045066115764504,6.538707433786808,8.672057762729036,-0.5645777387780008,-0.1822405414407578,6.136683098924602,3.70835362524799,1.480856193817968,-0.2388826767075421,2.7216286649417696,6.522048548574665,0.3512987728025179,0.1845030299903698,6.468133482738375,5.843312144693829,-0.1620444574574153,0.32630396565175845,1.048208909334708,3.076394209190393,0.36826282104168523,0.1347649053132905,5.857652292462815,7.659439003343472,-0.8401550526394572,-0.3206425838171668,3.234711973985046,7.593362179721701,0.07566514904002426,0.06986612259335581,8.330061544935301,2.1376086315798286,0.7014716870951742,0.027439245694952045,7.389049492993617,3.957723276197638,1.4080899212848021,-0.5169939782784322
127,5.402817293212719,2.536175921812171,0.4822768163219771,-0.3145712759843243,6.510478546847907,8.662945735656999,-0.5500041632217225,-0.18459935632846025,6.210725908615501,3.696409491412613,1.4738360377324768,-0.2545803422201039,2.7391936035818953,6.531273700074183,0.40584432434098533,0.17327772672789765,6.460031259865505,5.859627342976418,-0.17136880245005293,0.3109720372197707,1.0666220503867923,3.0831324544560577,0.39312218090210543,0.14596131671432389,5.815644539830842,7.643406874152614,-0.8397370672448602,-0.32183426870025467,3.238495231437047,7.596855485851369,0.07861862140099285,0.08714454947896066,8.36513512929006,2.1389805938645763,0.6532493121790975,0.025928644297348296,7.459453989057857,3.931873577283717,1.4024704982702552,-0.5320493412096123
128,5.426931134028818,2.5204473580129547,0.4565390449301085,-0.3006956246247662,6.482978338686821,8.653715767840575,-0.5342452509564217,-0.1875338209544745,6.284417710502125,3.6836804743016076,1.4639921846164414,-0.26868745182636994,2.7594858197989445,6.539937586410578,0.4580276782418948,0.16209469284432604,6.451462819743003,5.875175944837406,-0.17958767350708646,0.2943545632598479,1.0862781594318975,3.0904305202917737,0.416422752641779,0.15626820329789054,5.773657686468599,7.627315160717601,-0.8367434407248225,-0.32284393515430165,3.2424261625070967,7.6012127133253165,0.08142959842781303,0.1035972016949183,8.397797594899014,2.1402770260794437,0.6040385551619619,0.022417193112598693,7.529577513971369,3.9052711102232363,1.3956681187428923,-0.5496457971500153
129,5.449758086275323,2.5054125767817164,0.42779243106997816,-0.2852435257783306,6.456266076139,8.644339076792852,-0.5172475813192186,-0.19115918555608657,6.357617319732947,3.670246101710289,1.449381086446161,-0.28127051238898054,2.782387203711039,6.548042321052795,0.5078742260839205,0.15122884731310082,6.442483436067648,5.889893673000398,-0.18656579937731427,0.27672235002494644,1.1070992970639866,3.0982439304566682,0.43813016077194794,0.16565660614732636,5.731820514432358,7.611172963959886,-0.8317161618395772,-0.3233562909531571,3.2464976424284875,7.606392573410062,0.0840661245803046,0.11911039530224862,8.427999522657112,2.1413978857350737,0.5538060553240866,0.018286210877524647,7.599360919908514,3.8777888203657356,1.3876142595004777,-0.5696724206339471
130,5.4711477078288215,2.4911504004928,0.3945678126350722,-0.26322786179689295,6.430403697073039,8.634781117515047,-0.4992113722723779,-0.19540214666477113,6.430086374055255,3.65618257609084,1.4268089833034225,-0.2930944027471902,2.8077809150152353,6.55560376341845,0.55535989653127,0.14062210838812067,6.433155146098782,5.903729790501646,-0.1938822099188487,0.258139722847708,1.129005805102584,3.1065267607640346,0.4588836099735318,0.17417442057494056,5.690234706340379,7.595005149412228,-0.8245132772847142,-0.32278901105738955,3.250700948657503,7.612348093175174,0.08602029079894302,0.13386472343392433,8.455689825423317,2.14231219627895,0.4968737728762716,0.021266483908222947,7.668741632883537,3.8493051993340384,1.3786533258649976,-0.5910287700961607
131,5.490876098460575,2.4779890074029556,0.3563986134067854,-0.23936465946344263,6.405443128459421,8.625011010181808,-0.4810506908458528,-0.20005628221980004,6.501426823220426,3.6415278559534805,1.3962449135554977,-0.3059220509696366,2.835548909841799,6.562634868837856,0.6004745299722414,0.13018322135823443,6.423461035602839,5.916636776644031,-0.2007942431787173,0.23919055094695876,1.1519499856012605,3.1152354817927814,0.47862458487663845,0.18126324642661942,5.649009042476144,7.578865698859358,-0.8154470800085988,-0.32112574772901614,3.2550019631974503,7.61904132934687,0.08707855748335598,0.14766608356423438,8.48053351406713,2.143375520474361,0.4406865842509359,0.03126375192932967,7.7376742991767875,3.8197537608292302,1.3669137157294422,-0.6100322150062102
132,5.508696029130914,2.4660207744297833,0.31830595250285476,-0.21543031004575616,6.3813905939171285,8.615008196070818,-0.46213988347471324,-0.20464675889662176,6.571239068898201,3.6262317534049986,1.3591933133376786,-0.3201358722615601,2.865572636340411,6.569144029905767,0.6344317133332948,0.1283232090579219,6.413421323443903,5.928596304191379,-0.2079411992052714,0.2193867289064009,1.1758812148450923,3.1242986441141123,0.49681646635447124,0.18683100383941068,5.6082366884757135,7.562809411472908,-0.7956120713277783,-0.3182018085382112,3.259355891071618,7.626424633525081,0.08757925847868202,0.16057726620621743,8.502567843279676,2.1449387080708275,0.3824715383219808,0.04256809393100623,7.806019984963259,3.78925215007892,1.3544203825089602,-0.624786082692005
133,5.524611326756057,2.4552492589274957,0.2830407511726698,-0.19426962999013786,6.358283599743393,8.604775858125986,-0.4423131076854524,-0.20912994684031874,6.639198734565085,3.6102249597919207,1.3180566283239075,-0.33445450236085666,2.8972942220070754,6.575560190358663,0.6660006816293459,0.12630375731306745,6.40302426348364,5.939565640636699,-0.2164973446348826,0.19937234302736112,1.2007220381628159,3.133640194306083,0.5116270702115117,0.1909775354361905,5.568456084909324,7.546899321045998,-0.7756232767029729,-0.31450496269382316,3.263734853995552,7.634453496835392,0.08752168821493862,0.17275790526456894,8.521691420195776,2.147067112767378,0.3233278103041738,0.05278366023831252,7.873741004088707,3.7580128459443194,1.3406393609735636,-0.6376887791226881
134,5.538763364314691,2.4455357774279887,0.25264313335574473,-0.17527953652051811,6.33616794435912,8.59431936078397,-0.4213904647392091,-0.2137023532514897,6.7051015659812805,3.593502234673878,1.2758096369279572,-0.34686699752691996,2.9305942560885425,6.581875378224317,0.6951097662355166,0.12396830781864597,6.392199396251896,5.949534257788067,-0.22643506165539423,0.17910803040242979,1.2263033916733914,3.1431890710778925,0.5228213097683011,0.19371535614345206,5.529674921074176,7.531174072911306,-0.7541898085399594,-0.30925472108639557,3.268110938406299,7.64309139209862,0.08677932838300942,0.1839201840657717,8.537857810710983,2.1497062957792936,0.2637796528506368,0.06217548811964873,7.940772972137386,3.726128406988185,1.322628004083362,-0.6509715967248456
135,5.551395520982478,2.4367718006019627,0.22485349888957346,-0.15637519029287222,6.31509842112216,8.583634243121395,-0.3989124594491777,-0.21856336311748892,6.768892047827678,3.576158884797532,1.2327546658290574,-0.3572357015776993,2.9653497444003185,6.58807379361525,0.7208505715038043,0.12186324815767481,6.380877643169126,5.958489659308189,-0.23794719364439645,0.15897213747478314,1.2524444571618065,3.152874838885065,0.5313143875232754,0.1953060362881793,5.491965430647178,7.515711336856986,-0.7316997884436574,-0.3026293541304,3.2724499048254496,7.652287401301909,0.08519695135156391,0.19348431630916657,8.551046793353516,2.152815070185276,0.20361461116553245,0.07058360988430862,8.006904372341554,3.6935798271519427,1.305270130166736,-0.6598963082204835
136,5.562638195926956,2.4289530410873192,0.1993922334448179,-0.13673330215124013,6.295152798149701,8.57270607496552,-0.3745760513705072,-0.22421734796217352,6.830529781119131,3.558297099718647,1.189469427086229,-0.3646765926945568,3.001392272975509,6.594166956023133,0.7425493876244288,0.12068543327542618,6.3689802834869065,5.966438266181928,-0.250529179833285,0.1398429088828642,1.2790101765379702,3.162640140699474,0.5372162502041874,0.19579325261738137,5.455380441224995,7.500579869150466,-0.7081968529745069,-0.29456388084210233,3.2767097523930278,7.661961617117368,0.08275754595498322,0.201518120904637,8.561227523911793,2.1563442506794916,0.1430183894801229,0.07781986260943298,8.072167878849891,3.6605850117409187,1.2904535673353341,-0.6632213276247756
137,5.572607807599197,2.422116375979757,0.1753427531853994,-0.11672819075492742,6.276423995581175,8.561495207567411,-0.3483504368227777,-0.2304805183534947,6.890003252473442,3.540063270083919,1.1453122975600907,-0.3697370236832262,3.0385197423567303,6.600201227686904,0.7619550402070742,0.12006675843651071,6.356453824495242,5.9734304116260715,-0.26458227273022333,0.12209800114608593,1.3058709890481797,3.172429803330343,0.540732618027073,0.19562683173434794,5.41997059857627,7.4858516751083615,-0.6837452738209691,-0.2851075972429641,3.280847629690777,7.6720375231626,0.07957142623464344,0.2080280709166056,8.568378443385798,2.1602352438099635,0.0823676772284597,0.08330737913184051,8.136690557216658,3.6274239453596797,1.2726453698966171,-0.6606632953877822
138,5.581374945258467,2.4162799664420107,0.15084495361007058,-0.09700462040809514,6.259006473740036,8.549971181649736,-0.3202877266568002,-0.23761639089635284,6.947268867351447,3.521576418899758,1.100762292958612,-0.37149006874296675,3.076617494367084,6.60620456560873,0.778343601038621,0.12137384107838049,6.343224710858731,5.979535311683375,-0.27998503085171383,0.10497995843864269,1.3329076199495333,3.1822111449170603,0.5426499048030792,0.19526565340792745,5.385783334885221,7.471596295246213,-0.6581947146578755,-0.27430111421264486,3.284826201002509,7.68243892670843,0.07568326363662957,0.2134501359511143,8.572496827247221,2.1644006127665554,0.022972870605000834,0.0857359180428851,8.200322825711488,3.594390780590291,1.2516698263380195,-0.6525173722203151
139,5.588917192938971,2.411429735421606,0.12610432769215904,-0.07772151646522404,6.242992087407196,8.538090362104919,-0.29347134067237945,-0.24397212953618438,7.002306981999378,3.5030019154626095,1.0561560424340912,-0.37148309822859804,3.115534674419015,6.612273257662649,0.7947230334188204,0.12365024211386814,6.329225459316145,5.984784309605308,-0.27773717243169943,0.09785121982670612,1.3600401151896873,3.1919744275874566,0.5438829937732635,0.194163317377474,5.3528735991523275,7.457881239535581,-0.6318191527052845,-0.26226539341725186,3.2886103641843407,7.693111433505986,0.07127007576028584,0.21824122398085655,8.573645470777471,2.1686874086686996,-0.033361911041727685,0.08551457165431414,8.262906317028389,3.561764911979275,1.216480731198516,-0.6467874015118257
140,5.595222409323579,2.407543659598345,0.0944895740882238,-0.06325975475219608,6.228318520373577,8.525891755628109,-0.26747459901989074,-0.24819989965608985,7.055114784121082,3.4844277605511795,1.011983111716623,-0.37237605804311674,3.1552708260899562,6.618455769768342,0.8092828134800654,0.12647333546111955,6.31533860069456,5.989676870596643,-0.27476260263418356,0.09120523264385051,1.3872342648783504,3.20168259345633,0.5440341898954331,0.192800120874103,5.3212826415170635,7.444767969864719,-0.6046482502146687,-0.24933839170254543,3.292173867972355,7.704023494705028,0.06652134875158547,0.2228291059929854,8.571977375225385,2.1729631372514153,-0.0897371105980784,0.07930520153295431,8.323730353588314,3.5294255419036835,1.1719106100294256,-0.6387680041040555
141,5.599946888027991,2.4043806718607352,0.06363405550874077,-0.04919350562003971,6.2149447904225825,8.513481760645304,-0.24285194112480255,-0.2499492164452997,7.105713939706914,3.4658089576490236,0.9682174833787628,-0.3726075258591641,3.1957349667639594,6.624779436541399,0.8220417211558084,0.1285833076624073,6.301600470562851,5.994237132228836,-0.27155031349455516,0.08477208917713946,1.414435974373122,3.2113225995000354,0.5432752450710951,0.19146763044854612,5.29105022900633,7.432301050279592,-0.5768767146988835,-0.23602289734400586,3.2954999354099344,7.715164950004677,0.061731606296699035,0.2273147470403439,8.56749051969548,2.176928397328063,-0.14364706800698343,0.07218545651685629,8.382325884089784,3.497487141698481,1.1184506974908972,-0.6306440005447046
142,5.603128590803427,2.4019209965797335,0.033610146893628456,-0.03566720155385853,6.202802193366343,8.500984299823038,-0.22024092061937423,-0.2492521798455593,7.1541248138758515,3.4471785813560656,0.92340516171586,-0.3714626986087729,3.23683705282175,6.631208601924519,0.833200415482686,0.13048116406927482,6.288022954888124,5.998475736687693,-0.26841406237279575,0.0784364432630617,1.4415997366266768,3.220895981022463,0.5417341774112403,0.19030102272963137,5.262206393271385,7.420499905412392,-0.548776721827599,-0.2226197483948596,3.2985865157247694,7.726530687356695,0.05704463342527627,0.2313573400575644,8.560308166295131,2.180537670153906,-0.19491044209717814,0.0642973904932681,8.43824841896433,3.465954941671246,1.0609614155981206,-0.6221485304083005
143,5.604809098148109,2.4001376365020404,0.008491509808667516,-0.018722565149344218,6.191790147335374,8.48852169083076,-0.19967609627664656,-0.246197116769242,7.200295071961644,3.428605446425627,0.8774927558673569,-0.36919435425861374,3.2784970735958843,6.637732660127983,0.8421896259094934,0.1316675405999519,6.274602251769484,6.002397558850846,-0.2653131217876593,0.07221980584538765,1.4686864454972388,3.2304110321589445,0.5394302466667116,0.1892958757977745,5.234767557180005,7.409368917992649,-0.5204206048174824,-0.2092298734001048,3.301438747396033,7.738098554359572,0.05260494457880734,0.23476623623557152,8.550562644190272,2.183752539678569,-0.24370368049859112,0.05559917366754445,8.491296489744236,3.434847515150831,0.9752258740160131,-0.6322586859013215
144,5.605233673638542,2.3992015082445732,-0.016187273310057308,-0.002050354754008065,6.181806342521542,8.476211834992299,-0.18461861296117874,-0.24068258332400294,7.244169709755012,3.410145728712696,0.8293359222186752,-0.36716231215013756,3.320606554891359,6.644316037157981,0.8493231172467928,0.13163461623400113,6.261336595680101,6.006008549143115,-0.2622796935210148,0.06596963597215004,1.4956579578305744,3.2398758259488334,0.535800482497257,0.18858970543814807,5.208746526939131,7.398907424322643,-0.49182343172273296,-0.19591685859478786,3.3040689946249735,7.749836866171351,0.04726376155714272,0.23838654636330667,8.538377460165343,2.1865324983619465,-0.29066413269757335,0.047103848072403996,8.540057783445038,3.4032345808557647,0.8916211686823035,-0.6443918871130124
145,5.60442430997304,2.399098990506873,-0.04021294747435251,0.014313724959813347,6.172575411873483,8.4641777058261,-0.16932370646417708,-0.23407426329641315,7.285636505865946,3.391787613105189,0.7799874427093216,-0.3648122189120819,3.3630727107536984,6.65089776796968,0.8563447247053843,0.1306537738411095,6.24822261100405,6.009307030941723,-0.25918589431738054,0.05959028271711655,1.5224479819554373,3.249305311220741,0.5296165404624164,0.18801555564140884,5.184155355352995,7.389111581392903,-0.4631069003268208,-0.18283135769881084,3.3064321827028307,7.761756193489516,0.04244785042802571,0.24112950387336077,8.523844253530465,2.1888876907655668,-0.3353793911766917,0.03762625059735211,8.584638841879153,3.371014986500114,0.8124417207929755,-0.6562680835272446
146,5.602413662599322,2.3998146767548634,-0.06322579567276636,0.030348784054242364,6.164109226550274,8.452473992661279,-0.15376753194749923,-0.22658167707114193,7.324635878001412,3.3735470021595853,0.7305097462905594,-0.3615723685847093,3.4058899469889674,6.657430456661736,0.8656910861636858,0.13313634510770103,6.235263316288181,6.012286545077578,-0.25739487718736326,0.04676320520914383,1.548928808978558,3.2587060890028114,0.5212550086683452,0.18714403151979653,5.161000010336654,7.379970013507963,-0.4344594745560612,-0.1700882899574168,3.308554575224232,7.773812668683184,0.03821631366709946,0.2429986166853434,8.50707528397163,2.1907690032954346,-0.37774811015843457,0.025887808712834443,8.625260927918802,3.338201582323752,0.7374741397592688,-0.6657756345714704
147,5.599252372815684,2.4013321159575756,-0.08513629470907846,0.04560286733003735,6.1564208499529,8.441144908807722,-0.13791750504196257,-0.21827263312725995,7.361161365315939,3.35546838373035,0.6806443812621781,-0.3580030334667732,3.4491745012971515,6.66408727391712,0.871517412250803,0.13355761411286554,6.222393572428813,6.0146247053380355,-0.2548410606751362,0.03442137730992623,1.5749915594119752,3.268063290578801,0.5108640787905872,0.18591951379066315,5.139277036608851,7.371465599010092,-0.40577322529992715,-0.15756787983692958,3.310465390907587,7.785962599517451,0.0343025776962447,0.24403465763590992,8.488187878463709,2.1920633937310763,-0.4141848646235377,0.011365220459813202,8.662134634906765,3.3049128005951784,0.6671337805483007,-0.6734728167201653
148,5.59499555808023,2.4036122593240776,-0.10661142055832544,0.05958844455572247,6.149524974700801,8.430231277151359,-0.12147421671569913,-0.20977962615280124,7.395193584379048,3.337568232057011,0.6296184243930527,-0.3536861693040897,3.4927503719096915,6.670765154622764,0.8728110405410986,0.13128028510756454,6.209651519395056,6.016345774203532,-0.2527358458558241,0.02242534501231499,1.6005347633515046,3.277359266268334,0.4986928952640712,0.1843205826867184,5.1189883753438545,7.363587205018246,-0.37704840587815897,-0.14500608919180705,3.312180519792399,7.798164332399247,0.030052195436756596,0.2451154572043544,8.467478635232531,2.192631654754067,-0.4432302467656047,-0.005511283365374481,8.69549132393418,3.2712391597591703,0.5993301294538641,-0.6757181667159573
149,5.589664987052314,2.4065916815518635,-0.12773783241354625,0.07233762624355436,6.143451263865017,8.419742295843719,-0.10471756143987745,-0.2007574752190587,7.426674505598701,3.3198839235918065,0.5781654002441117,-0.34867514237030045,3.5363909239367466,6.677329168878142,0.8700878019239168,0.1262336395556446,6.197014727102265,6.017467041454148,-0.24986969429945144,0.010952237674363327,1.625469408114708,3.28657529540267,0.484968358070296,0.18233664357548562,5.1001359550499465,7.356336900558656,-0.34845362292966503,-0.13244063882149532,3.313683129564237,7.810420105259464,0.025055457226436123,0.24690185534693063,8.44531712289425,2.192356090585798,-0.4656912274789721,-0.02341529974091617,8.725457830406873,3.2374532514233723,0.532882239649024,-0.6735088656093255
150,5.583278095431636,2.410208562864041,-0.14869424288117092,0.08407293441387297,6.138215385793023,8.409704422082767,-0.08785353435695738,-0.1910100221851346,7.455582775610907,3.3024501664732915,0.5266080202830978,-0.34297479815049664,3.5798953140329424,6.683640850855924,0.8645119367893199,0.1200047273064371,6.184521242387293,6.018014653337866,-0.24631526108776722,0.00010758531964607208,1.6497178260182228,3.2956921275814444,0.4699219954914271,0.17997141932582467,5.0827132739034635,7.349714868617581,-0.31995905327043195,-0.1199244412592776,3.3149359024255585,7.8227651980268105,0.01960309068063973,0.2491317586127645,8.422032561520302,2.1911853255987523,-0.48901209460019174,-0.04017609306920139,8.752101942389324,3.203777808142906,0.46660450918408874,-0.6693463003631012
151,5.575843383287578,2.414412209584735,-0.1695541653498332,0.09488717573376776,6.133822709075175,8.40015392097351,-0.0709250821036157,-0.180568646661329,7.481913176625062,3.2853014265657667,0.4759478451980301,-0.3362475340740253,3.6231209108724083,6.689641087221246,0.856302359586523,0.11267097032315693,6.172205479332904,6.0180200326038475,-0.24211457718109283,-0.010062520525090027,1.6732139257927943,3.3046906985477356,0.45376328507129543,0.1772190152246317,5.066715321239942,7.343718646554617,-0.2917373328133549,-0.1076216983608134,3.3159160569595905,7.835221785957449,0.014701346627871974,0.25131657711155475,8.397581956790292,2.1891765209452925,-0.5144997082781703,-0.05508153685677616,8.775432167848528,3.170310493124751,0.4007418058607245,-0.6632271672035829
152,5.567365675020086,2.4191565683714233,-0.19020804350220366,0.10466932612153174,6.130276454969994,8.391125488640444,-0.05393842442453474,-0.16958505662469836,7.505710568884963,3.2684890498620653,0.4266595902217575,-0.3314391264246275,3.6659360288517346,6.6952746357374044,0.8466607658918361,0.1043213207150217,6.160099750473849,6.017516906577593,-0.23511365402435455,-0.015412736630670358,1.695902090046359,3.313551649308967,0.4366875005668818,0.17407608316725104,5.0521284545992735,7.3383375616365765,-0.26361245202264444,-0.09516714466728045,3.316651124290984,7.847787614813027,0.010636673815052494,0.2531004334885603,8.371856971376383,2.186422444102454,-0.5402438663077266,-0.0678365806614217,8.795469258141564,3.137149134764572,0.33479776007863526,-0.6540351318563596
153,5.557855272844976,2.4243900346775,-0.21052886282049818,0.11356987985464216,6.127579533748768,8.38264623580921,-0.03343455030143827,-0.16306888984827966,7.52704354839605,3.251917093540834,0.3766254665626236,-0.3266275809632112,3.7082690671463263,6.700490701773155,0.834052885955141,0.09199396333343944,6.148344067772632,6.01674626974606,-0.22973046649192963,-0.02069847243153267,1.7177364650747031,3.3222554534673296,0.41887596079770917,0.17054170170312732,5.038947831998141,7.333579204403213,-0.23458947526654855,-0.08281739531077219,3.3171829579817365,7.860442636487455,0.007325038633744701,0.2543357566084689,8.344844778060997,2.1830306150693826,-0.5674993865322978,-0.07789993160713284,8.812209146145495,3.104447378171754,0.2693723819944525,-0.6426228994871751
154,5.547328829703951,2.430068528670232,-0.230476197944514,0.12155690448971869,6.125907806233696,8.374492791316795,-0.012994214729672368,-0.15559746476201983,7.545874821724182,3.2355857144926734,0.32638125441204985,-0.3214231198207904,3.7499717114440836,6.705090399939827,0.8185477374847393,0.07850856295473536,6.136857544448035,6.015711346124483,-0.22676939044093286,-0.026626910215846827,1.7386802631145886,3.330782538552486,0.4004908678836047,0.16661319868152946,5.027218358234814,7.329438334637675,-0.20426804112634317,-0.07233313648022485,3.3175492099134236,7.873159424317878,0.004895722813408359,0.25488768849447135,8.316469808734382,2.179135618489026,-0.5954805962872417,-0.08587198653567402,8.825677765245217,3.072316233197395,0.20598858220311644,-0.6303595321621076
155,5.535805019806725,2.4361463738947178,-0.2502192128165881,0.12893167691918495,6.125258095497212,8.366712918078694,0.0074405299264136,-0.1469399444976327,7.562193884444784,3.219514558501634,0.27691683194767913,-0.31561023085577977,3.7908990983183206,6.709015828087564,0.800828516369627,0.06408438346035442,6.125519074925989,6.014380000613691,-0.22365371894036923,-0.032276466807953645,1.7587048065087687,3.3391131984865625,0.38204716870252486,0.16216524565106244,5.017004956178496,7.325821677813663,-0.17338625477990763,-0.06396571127690148,3.317793996054094,7.885903808742602,0.003956366650264247,0.253752882647512,8.28669577892002,2.174842019162242,-0.6227275334429653,-0.09244354092825023,8.835977194355372,3.0407982565892895,0.14436328632565978,-0.6172507273401395
156,5.523294059165895,2.442592957740677,-0.26957873736464183,0.1357388223955262,6.125630121993532,8.359365920853811,0.027685319049948757,-0.13749831768064472,7.5760397260421675,3.203734046958845,0.22836557052266082,-0.3091410429702569,3.830940524136802,6.7122200472605815,0.7819493575747472,0.04924146196491679,6.114336388978971,6.012766177273294,-0.2199815155187765,-0.037494422814480594,1.777807164943895,3.3472214607691155,0.36366169729892606,0.15713860006516786,5.008335643439501,7.3226233922498185,-0.14202829288682595,-0.05753573728717637,3.317991814386607,7.898591452874977,0.003787159122030719,0.2518742755606747,8.255559402247872,2.1702198421158294,-0.6481222890448483,-0.0972990969692525,8.843195358671656,3.0099357202222823,0.08440519792768005,-0.6031500297035353
157,5.509815122297663,2.449379898860453,-0.2884198952182452,0.14202626454325798,6.127014387946029,8.35249100496978,0.0476490916448775,-0.12758828776268932,7.5874580045683,3.1882769948103324,0.18077168188225706,-0.3020392240510751,3.8700379920155394,6.714682120358828,0.7624480678494435,0.034492748590778916,6.103337313203032,6.01089145613257,-0.2157017351308981,-0.04228024030350857,1.7959902498088411,3.355078390772374,0.34574708768789164,0.15179016874616952,5.00123422879516,7.319746605385459,-0.11071432220182076,-0.05230243494726491,3.3181811723427086,7.911185166653011,0.004091681859891398,0.24970858419239286,8.223153287795629,2.165354887267367,-0.6700828500223072,-0.09987112959224549,8.84741561856804,2.9797782187371054,0.02598651869031432,-0.5882821293915884
158,5.495394127536751,2.456481212087616,-0.3066749129160563,0.14782669241222027,6.129396842528273,8.346111590581645,0.06746218965827853,-0.11717821808843586,7.596496588662413,3.173175033607779,0.13413541040551147,-0.2944638529346753,3.9081603954080117,6.716406757788366,0.7423243104274732,0.019931913527321425,6.092552226446487,6.008777444117395,-0.21058886583840047,-0.04708784627043419,1.8132776041932357,3.3626678992096823,0.3281236288851916,0.1462330336261353,4.995698512685069,7.3171314836380965,-0.08039364802083626,-0.046897574048412556,3.318385756435703,7.923670595862631,0.00487270946006058,0.24725305220037463,8.189649145294513,2.1603613307877545,-0.6883767925333889,-0.0997448711803351,8.848714944502555,2.950364112267526,-0.03156152146128175,-0.5733183967317717
159,5.480060381890948,2.463872546708227,-0.3239827859862963,0.1532665702948201,6.132769952011187,8.340252679677223,0.08712575004875095,-0.10656694548516246,7.603203359182689,3.158451840961045,0.08859976849686584,-0.28649454429014215,3.9452766109293855,6.717403353464732,0.7215695946271878,0.005871302994560804,6.082022783154567,6.006423051803873,-0.20458959426676426,-0.05158783899866753,1.8296837856374952,3.369979550890989,0.3108292383855998,0.14046486714368672,4.991678830284027,7.314786604935676,-0.051128432027908705,-0.04147928124286007,3.318629391908706,7.93603324847265,0.006152593664329036,0.2444661638319469,8.155230305667844,2.1553740872287377,-0.7033216782045276,-0.0984514480604027,8.84713686842949,2.9216981924309375,-0.08848830240038393,-0.558131717368521
160,5.4638612425916335,2.471535875222968,-0.3402634206875483,0.158368608678304,6.137126239513624,8.334924332402965,0.10658514664947422,-0.09611877205162021,7.607633347607532,3.144127113746538,0.04420252761971434,-0.2781823182032872,3.981355090660745,6.71769691861446,0.7002938984687788,-0.007870553818869983,6.071793303441229,6.003843659853939,-0.19585245784317645,-0.0554143547477644,1.8452252475567752,3.3770027942481735,0.29368076303665036,0.1347736882556042,4.989122408682631,7.312712640873532,-0.022690242402168652,-0.03639919934786629,3.3189370215919225,7.948256556664247,0.007870224810640796,0.2412652956873155,8.120064221757618,2.1504515148257175,-0.7158259801697643,-0.09641816654784423,8.842712453309472,2.8937916065625116,-0.14464728014734743,-0.542539906724848
161,5.446848071557256,2.4794543056568834,-0.35595325116955434,0.16305351773890142,6.1424554968460985,8.330118393800383,0.1257603691655341,-0.08589409815459224,7.6098434739885175,3.1302179978363736,0.0011898817790695002,-0.26910325600965507,4.016369785584184,6.717303390923517,0.6784714950974446,-0.02124171593539754,6.06200068054907,6.001072942116551,-0.18510465111529026,-0.05861593256019764,1.8599092857086077,3.3837414786609536,0.2766598073548495,0.12925482304280608,4.987987896562522,7.310892680906139,0.0052548230961834,-0.03199719255782437,3.3193305328324545,7.960319821448612,0.009905077836911663,0.23786305623054269,8.084272922749129,2.1456306064983255,-0.7258637748789699,-0.09382471983862858,8.835480089302106,2.8666646112262693,-0.19997699635294436,-0.5267333703483716
162,5.429050408998778,2.4876069815438284,-0.37090477232777275,0.1673076115051139,6.148743515304375,8.325823688892653,0.14469500945388708,-0.07585212739496204,7.609902968077471,3.1167628350358907,-0.04027568676341097,-0.2592231163309384,4.050293360339055,6.716241305126747,0.6532477511818868,-0.03324238472931424,6.052745447993305,5.998142145488541,-0.17379060920273456,-0.06173431271933728,1.8737422760763502,3.390204219813094,0.25977277287904615,0.12386634485309928,4.988250637717331,7.309292821278248,0.032098320253280264,-0.027523549180401084,3.3198257867243,7.972212974260139,0.012163831240932926,0.2343173554718471,8.04797973400518,2.140939370506394,-0.73313077913045,-0.09106187263114196,8.825481239484459,2.840327942708851,-0.25435781257418155,-0.5114034491027967
163,5.41050517038239,2.495972362119084,-0.38491123353087103,0.17049094992371683,6.155978265777069,8.322031082522905,0.16357447223245536,-0.06595134811787579,7.6078891837393,3.1038016792193437,-0.07931369521487278,-0.2474932634757329,4.08295574789815,6.7145791858902815,0.6278256966526967,-0.04526295476906339,6.044055917533169,5.995055429852574,-0.16221303876434956,-0.06480038663618976,1.8867309147203026,3.396397537055749,0.24298577585880154,0.11852454119807093,4.989855553729996,7.307916643819228,0.057473591096786125,-0.02296398943282437,3.320433978286347,7.983928842033731,0.014629187009732708,0.23066374162137274,8.011323195048657,2.1363862768748367,-0.737829075394264,-0.08830050957931024,8.81276334885575,2.8147577702537108,-0.30769759791162965,-0.49564825318709765
164,5.391259608705846,2.50449690961527,-0.3980400163396517,0.17264251946153525,6.164156989388692,8.31873351511701,0.18204616324483786,-0.056128522775459024,7.603923498978557,3.0914270160455573,-0.11590343990195316,-0.23385898857577334,4.114347032730785,6.712316038151828,0.602325348442362,-0.057348755386996665,6.035945265594951,5.991815410520764,-0.15013532575165425,-0.06766302282237226,1.8988802035132426,3.4023237641156525,0.22633796164457196,0.11323998184388487,4.992729233284835,7.306768444347586,0.08156442356863366,-0.018405791651380773,3.3211654376368336,7.9954620291148,0.017302928812305912,0.2269080943047977,7.974431741278944,2.1319712513958713,-0.7401630565655144,-0.08562275508029205,8.797378468960169,2.789975357594356,-0.35988703744677064,-0.47877672932998094
165,5.371357607888863,2.5131290355883467,-0.4103015634878794,0.17387677919732814,6.173259297550934,8.315927088978237,0.1996076570588294,-0.04629631864218685,7.59812832698346,3.0797340666167687,-0.1502030340658478,-0.21860434203608523,4.1444633001529025,6.709448600382478,0.5766901953871709,-0.06944868230574171,6.028438499307368,5.988432259379645,-0.1373124190786997,-0.07014373703175002,1.9101971015954713,3.4079857632078467,0.20985748449031705,0.10802895338719694,4.996807454463267,7.305848154765017,0.10436848563709604,-0.013909827824605222,3.322030584077449,8.00680743383004,0.020178159646193967,0.22304306836724047,7.9374235884506685,2.1276901136418567,-0.7404533315580996,-0.08336814922822458,8.77938411708783,2.766036521127857,-0.41083581226137633,-0.46138078145638856
166,5.35084252971447,2.521822874548213,-0.42174198661886847,0.17423395865744387,6.183239680403876,8.313612273046127,0.2160375745731536,-0.03640396299152347,7.590618175280167,3.0688038495149645,-0.1825706211553864,-0.20225514858229646,4.1732978099222615,6.705976166267191,0.5505895360167485,-0.08123122268669646,6.0215728783534335,5.984925072528058,-0.12401796366964972,-0.07251303600393945,1.9206899758199871,3.4133872108772065,0.19363649913732403,0.10290457704549638,5.002025878745122,7.305152663373787,0.12595119488993037,-0.009465238731277699,3.323039492059759,8.017959587248402,0.023295268363754736,0.21907447973191504,7.900400921872763,2.1235217061804454,-0.7397163167726906,-0.08218582823483092,8.758842326474761,2.742967482055038,-0.46018189566401,-0.4432753818477765
167,5.329755430383527,2.5305345724810855,-0.4324344951375643,0.1737193579986546,6.1940415591325335,8.311792074896552,0.23131222890197667,-0.02648454683213207,7.5814896442223985,3.0586910920858497,-0.21388846316206975,-0.1855796778128911,4.200827286723099,6.701914605132856,0.5240755541975957,-0.09266096317522567,6.015371980169951,5.9812994207278605,-0.11039561863934194,-0.07497169612222129,1.9303718007768533,3.418532439729481,0.17775760272209043,0.09787498102968542,5.008323438489618,7.304679401437223,0.1464388237670933,-0.0051216899416572995,3.3242042554779467,8.028913311234998,0.026633280463020787,0.21502682031988865,7.863415106034129,2.119412414768704,-0.7392780166250379,-0.08047991741059167,8.735833231691561,2.720803712962649,-0.5084416367318964,-0.42470371596471224
168,5.308133705626648,2.5392205403810184,-0.4424726877077738,0.172254466285542,6.205607170577633,8.310467847554944,0.24548356847345265,-0.01657616200237247,7.570795221064295,3.049412108195205,-0.244340827845221,-0.1689724439309407,4.227031064432978,6.697281556974095,0.4972765578682881,-0.1037788305556063,6.009852199237984,5.9775508359217495,-0.09679005380665456,-0.07762242364012414,1.9392596809129579,3.4234261887809656,0.16223978677455778,0.09294545785969106,5.015645379677973,7.304423316940141,0.1658721790985142,-0.0009107108227140847,3.325535919501098,8.039664652250993,0.03023323560456513,0.2108086126476503,7.826451205202877,2.115388418898174,-0.7385680183899315,-0.07896764205379231,8.710411149854966,2.699568527164413,-0.5553059496190881,-0.40582232944623386
169,5.28601007124126,2.5478332636952956,-0.4524587128027598,0.16978118533416128,6.217881349001305,8.309639039454826,0.2586038620907012,-0.00671253728060695,7.558578179672034,3.040963485998658,-0.2739413259254746,-0.15229642032845506,4.251894892326392,6.692092615446314,0.47028393883065994,-0.11437980869166892,6.005012696547651,5.973669714739743,-0.08339457597529089,-0.08050018003457005,1.9473716702516857,3.42807346167395,0.14707672575179928,0.08811950893586484,5.0239389886328985,7.304377781399005,0.18407257211962091,0.0031465367414825023,3.327047581281326,8.050205082883375,0.03405533055166482,0.20640557842254406,7.789522804283381,2.1114400367954844,-0.7371666032951982,-0.0781732618024741,8.682645852374012,2.6792774106921016,-0.6005923278835152,-0.38657322399274263
170,5.263387135601122,2.5563223229620036,-0.46209238504015604,0.16658773834033347,6.23081154210584,8.309303412590795,0.27065621928750905,0.003078846611690795,7.5448811133757605,3.033348664982235,-0.3026761946903519,-0.13539353101714144,4.275409089267925,6.686373625011731,0.44318758386926466,-0.12441865467779677,6.000842967748887,5.969644705738014,-0.07023702200447714,-0.08360016564153845,1.9547255065392757,3.4324794371207434,0.13205927440587872,0.08325477675979939,5.033142617238879,7.304535108236079,0.20094147188225137,0.007156857568847424,3.328750347808909,8.060525361804503,0.03777464622954606,0.202103048431871,7.752664474118621,2.1075313737053607,-0.7340455111247213,-0.07780999633559776,8.652616235979837,2.6599487494924645,-0.644036711027894,-0.36668803863183413
171,5.240282516349114,2.56465170987902,-0.47120076899372737,0.16291191281898357,6.244344353070216,8.30945735492138,0.2815020384031478,0.012773676939916885,7.529747303641243,3.0265789884313783,-0.3301943955646805,-0.11872004955275545,4.297568468461389,6.680152692277841,0.41547871965722855,-0.13368423098080198,5.997331116648663,5.965464697455937,-0.05736793663298284,-0.08693816283964331,1.9613284702595697,3.4366421759587333,0.11723343262140148,0.07838508063441124,5.043189690832992,7.304892951114522,0.21643422258653985,0.011139483843075521,3.3306390801203865,8.070630514226096,0.041514528862636076,0.19770639190375572,7.715962198562385,2.103640873888581,-0.7292265199255855,-0.07827404853032721,8.620414400428443,2.6416143475608727,-0.6857752748039102,-0.3463657128061429
172,5.2167224778994274,2.5727973055199693,-0.4798180836900393,0.15903020540399887,6.258419454990373,8.310096038768375,0.2910747142273131,0.022351609148693358,7.513237583863009,3.0206429859537405,-0.355000175319796,-0.10391086130602846,4.31834240444425,6.6734684807288005,0.38724600214319044,-0.14223109224193137,5.994462719817014,5.961117789313955,-0.04483672466074621,-0.09048337856554206,1.9671901418906397,3.440561429990454,0.10263234356109494,0.0735346949238142,5.054011401962319,7.305449925306676,0.22992564601459847,0.014828466344701537,3.3327148065635184,8.080515833821284,0.04526544506053208,0.19323143051862485,7.6795008725661065,2.0997271714620647,-0.7230527624618919,-0.08009948492126359,8.586125636688248,2.6242960619205653,-0.7259967573192453,-0.32600884012833986
173,5.1927315737149256,2.5807488157901695,-0.487896837638251,0.15516142325623372,6.272973190701739,8.311213619225809,0.29936417506515417,0.031792402990770616,7.495487575097019,3.0154474428884392,-0.37676520027983706,-0.0912549251244832,4.33770470455141,6.666356926116704,0.3587620450909596,-0.15045349859945814,5.992220883583977,5.956593620385679,-0.03261379238163625,-0.09421544218682464,1.9723217590686943,3.4442381647366447,0.08827332982484692,0.06870872066801395,5.065507684263048,7.306191348623911,0.24098926497259485,0.018015807960259207,3.334978078816545,8.090177405347216,0.049201909027497756,0.18858058812021977,7.643348234443012,2.0957221972160016,-0.7156542517375858,-0.08225645948277606,8.549825798822285,2.6079956199141483,-0.764293531348977,-0.3054893004144803
174,5.168336731833013,2.588506886952981,-0.4963330108388583,0.15109675565882066,6.287941399454997,8.312803239375347,0.3063659013944808,0.04107395110340146,7.476649315083026,3.010884696632215,-0.39583411791194,-0.08090493469698914,4.355642806805958,6.658834251186731,0.3301020069773655,-0.1583960790311579,5.990590193964896,5.9518828482763375,-0.020838185510985006,-0.0981717779698294,1.9767354255599368,3.4476736007700453,0.07415485063259,0.06390396529322472,5.077557147511678,7.307092139021925,0.2496876702980076,0.020748566743063218,3.3374381742679198,8.099606434753227,0.05341591121951817,0.18371257210075623,7.607565521856133,2.091609374241863,-0.7068914912772091,-0.08463562749402417,8.511611122254836,2.5927211548934244,-0.8000506617334222,-0.2846997427190915
175,5.14352008129107,2.596061724735922,-0.5044912043675105,0.14681571053488593,6.303259694524721,8.314856936930516,0.3120428366351071,0.050116851159048355,7.45685760918743,3.0068394498973654,-0.41334029563534774,-0.07146271108849533,4.372147907154826,6.650914447235173,0.30132079560117536,-0.16605051496379417,5.989548284689347,5.946974259377846,-0.009564291797033895,-0.10235915923737701,1.9804431680915662,3.4508687990347067,0.06025077530805463,0.059123720093425175,5.0900415310265785,7.308129567359078,0.2560918928460156,0.023038809467183834,3.3401089698288957,8.108792063358266,0.05762421408991097,0.1784504412293411,7.572220947292272,2.0873775928671616,-0.6966035895180615,-0.0873658989004959,8.471608589168165,2.57848616775747,-0.8298778690603112,-0.263828408941187
176,5.118295521072695,2.6034025102626663,-0.5120856631263415,0.1422769997469936,6.318861836356477,8.317362779488468,0.31639598549782666,0.05889127848358182,7.436190594405662,3.0032663143429406,-0.42984196522105256,-0.061867673836784445,4.387213946934884,6.642611921486983,0.2724217220004063,-0.17336608955018562,5.989070070099495,5.941856301415977,0.0011495343228658562,-0.10680909896516022,1.983455706856969,3.453824985039378,0.04657492914859647,0.05437307977562751,5.102846125668879,7.309281507832437,0.26060405945041526,0.02498677326373983,3.3429901805333913,8.117714585419733,0.061784126929442865,0.1727826132059074,7.537390767816369,2.083009297922137,-0.6849304594230564,-0.09043662905769242,8.43011469571515,2.5652947473104106,-0.8540563546326494,-0.24386780433312805
177,5.092691237916378,2.610516360250016,-0.5192791748508135,0.13753203006608825,6.334681635631368,8.320307343412647,0.31943992578863534,0.0673701010427001,7.414698496144609,3.000172930651101,-0.4453591761814407,-0.052147030972080316,4.400835033034904,6.633943617009474,0.2434318049605351,-0.18031220102064652,5.989127546815638,5.936515846467719,0.011305665113576306,-0.11153119908892331,1.9857844533143987,3.4565436390281596,0.03314051160280103,0.04965698109453525,5.1158763286414,7.310530846495624,0.26467797731616843,0.02694881828509498,3.3460793868798633,8.126353716080029,0.06593499997953652,0.1667492295235372,7.503144244845216,2.078487466469252,-0.6721434883904369,-0.0938084217168559,8.387411877983517,2.5531013570937544,-0.8732864417341089,-0.2234512107814923
178,5.066727279173837,2.6173929617533207,-0.5259985107644717,0.13264429310484271,6.3506536319208,8.323675848464783,0.3212143780428115,0.07548888323516874,7.392430537335537,2.9975655791024973,-0.4597446409689239,-0.04233084484203347,4.413006623282931,6.6249280069584415,0.21435078520135692,-0.1868723217522387,5.989692830071316,5.930939286513273,0.020859932043202772,-0.11644902521990952,1.9874414788945387,3.4590264880828863,0.019960164815825167,0.0449802296746334,5.1291102275072085,7.311878287409878,0.2683255077675854,0.02892691073946882,3.34937613687884,8.134691177556206,0.07019510114888428,0.16039499590098624,7.4695370704256945,2.0737970453834094,-0.6596602089834125,-0.0970385706432332,8.343747555896812,2.54192879655468,-0.8883489735629891,-0.20051801823035628
179,5.0404273536356134,2.624025176408563,-0.5322635192140261,0.1276026979289804,6.3667143508229405,8.32745029262654,0.31583291420220766,0.08329054189534216,7.369443305287091,2.9954490368603954,-0.4729494405614189,-0.03239971338971146,4.4237241625429995,6.615584390870829,0.18518348473863414,-0.1930331342046742,5.990735826673476,5.925116835252277,0.028313296177037612,-0.12134805316352067,1.98843948713533,3.461275499566618,0.0070458812421976946,0.04034722731893863,5.1425265028955875,7.313324632946852,0.2713063215241705,0.030925804097282177,3.3528858919362845,8.142710927351256,0.07420240672628162,0.1574895633935905,7.436554059976524,2.0689451168512476,-0.6476850740742595,-0.10048582054750814,8.299330107218662,2.531902895643162,-0.9000774525311326,-0.175724585577406
180,5.013814177674912,2.630405311305012,-0.5380880392804066,0.1223991949312244,6.382505996533051,8.331614819721308,0.30984717027723224,0.09054804889173536,7.34579583325902,2.99382905119091,-0.4851694820152573,-0.022451286159591757,4.432983336779931,6.605932734160596,0.15601579088525583,-0.19878624865167183,5.992151491482328,5.919049432594101,0.03453846301937903,-0.12615777360521968,1.9887917811974398,3.463292860932565,-0.005590868204194365,0.0357623870063385,5.156091818971796,7.314870923151716,0.27335421157636985,0.03279575360946584,3.3565960122725986,8.150585405520935,0.07789129535059211,0.154458375330267,7.404169806272812,2.0639208258238724,-0.63632562683343,-0.10399515837507142,8.254326234592105,2.5231166663642917,-0.9086179442909097,-0.14923444263593108
181,4.986909775710892,2.6365252710515734,-0.5435181159242312,0.11699972005708557,6.397998355046912,8.336142222165895,0.30329382286846074,0.09724843425364522,7.321537359158257,2.9927064868829305,-0.4963302014099411,-0.012343148283796393,4.440784126324194,6.595993421728012,0.12709032434778023,-0.20413832814745944,5.993878414633297,5.912741543913841,0.039675044529684435,-0.13083089063190634,1.9885122377872302,3.465080980282882,-0.017939396410542784,0.031230098618920704,5.169759529550615,7.31651071083219,0.2742109624073778,0.0343586125411861,3.360490577040128,8.158308324287448,0.08127713011900661,0.1513148740485287,7.37235352493114,2.0587210679051187,-0.6256401516628176,-0.10757762886659994,8.208895337377559,2.515654944232495,-0.9140733953770732,-0.12136263422624022
182,4.95973386991468,2.642375257054428,-0.5477622143640438,0.11155549029035908,6.413163046190335,8.341004643878577,0.2964801760154906,0.10346595009477166,7.29672084908776,2.9920893294687407,-0.5064312545286469,-0.0020789796040821887,4.447138642541582,6.585786505320638,0.09848575729684639,-0.20915528797857802,5.995862166859781,5.906199999382245,0.04376210745478476,-0.13534032585345918,1.987615267966703,3.466642485213828,-0.029983993082600892,0.02675659046953525,5.183470077670984,7.318228641459249,0.27382276294389113,0.03555170577027131,3.3645544335460786,8.165874067989876,0.08413127655486344,0.14796896098106863,7.341071517347999,2.0533421864617885,-0.6152136661243349,-0.1113503685601224,8.163191667608706,2.509586812521183,-0.9164173960891103,-0.09236878626004606
183,4.932345759196478,2.647953031568946,-0.5508503690078178,0.10606291296108109,6.427987054991109,8.346177941383315,0.2892760501939002,0.10906800327510861,7.271399286361327,2.991985380488537,-0.5157077831851296,0.008317814625663677,4.4520629304064245,6.57532874092171,0.07022453088121224,-0.21382422224931757,5.99805027223252,5.899432983089572,0.04683976851458157,-0.13966104755424671,1.986116068312573,3.467980314737305,-0.04170756658847934,0.022348692505415338,5.197161215818179,7.320006226747762,0.2723480833099161,0.03636923721067835,3.3687609973738217,8.17327251603893,0.08654635133544682,0.14419814279228213,7.310310834041782,2.0477746680337825,-0.604153061671248,-0.11617559067981138,8.11737079780425,2.5049683732081807,-0.9162221718784904,-0.06415473394051939
184,4.904803240746087,2.653256177217,-0.5521521661146799,0.10070060344560486,6.442450857500805,8.35163134154707,0.28164551572381885,0.11400276755602387,7.2456138972020705,2.99240127121982,-0.5242135477887444,0.018779035515947264,4.455574156950485,6.564637529809244,0.04246160823659706,-0.21823727340750734,6.000392260658249,5.8924499307118605,0.04992797829265202,-0.14364884788417034,1.984030689983149,3.4690977493625756,-0.053102000265675846,0.01801003502195682,5.2107786199836745,7.321824688608296,0.26989948538699493,0.036812978657039294,3.373088314940594,8.180482423178544,0.08872151742080925,0.14008898330777647,7.2801031809582195,2.0419658884997918,-0.5920004479718118,-0.12225963682012453,8.071559689210327,2.501760636511155,-0.9149298168924188,-0.037374337240613995
185,4.877195632440353,2.65829120738928,-0.5513577729179778,0.09556233363373619,6.456533133286996,8.357331479924872,0.2736034573751632,0.1182635284742835,7.219403219812634,2.9933402229956174,-0.5319938135968498,0.029272654510898513,4.457697237362315,6.5537256661388685,0.01534341413335609,-0.2225489374374632,6.002888659572882,5.885267488317652,0.054911562875457655,-0.14705705749117545,1.9813755899698653,3.4699982511136733,-0.0641598062806905,0.013744066892918008,5.224273594253024,7.323665337541148,0.2664975476787363,0.03697447682505701,3.377524390811635,8.187486872343934,0.09084366591970203,0.13572656964808466,7.250503158559629,2.0358529066587856,-0.5774635799360185,-0.12994746550993813,8.025813198365706,2.4998919196491243,-0.9128605421837902,-0.012081100269712503
186,4.849627743794454,2.663069324070967,-0.5484335984750905,0.09067084493263107,6.470213306155754,8.363244656348586,0.26517766432344353,0.12182912042052774,7.192803529132791,2.9948038557211625,-0.5391973061190896,0.039687581963701174,4.458464408068983,6.542598219266996,-0.011154599601461417,-0.2267874233549122,6.005634237716655,5.877914635443093,0.060454775468059434,-0.15031767184161357,1.9781675996558308,3.4706854544583194,-0.07487411370809681,0.009554076059516328,5.237598471636961,7.325514061382401,0.26240390477338177,0.03694727152477246,3.3820665741076197,8.194273200826338,0.0929139404962468,0.13113537883311274,7.221629979562827,2.029355533383289,-0.5604135178160577,-0.13929402515368355,7.980170171256516,2.4992878646356385,-0.9099632621016837,0.01173769660338015
187,4.8222060638707,2.6676028663175986,-0.5334482174082914,0.08955272894500237,6.483472189371926,8.369336112369613,0.2564664410191718,0.12478062675954131,7.165843663826837,2.9967882348193475,-0.5459512872325234,0.04989693076149933,4.45790667808891,6.53125884809925,-0.03685124080820275,-0.23119263687484304,6.008656976490058,5.870398751851012,0.06609165452475156,-0.15359821053468398,1.974423893970426,3.4711631582612954,-0.08455381712253697,0.007216521031018155,5.25071866687563,7.32736142495864,0.2576410261318956,0.03680570764125552,3.3867122711324322,8.200829969767993,0.09494819822112796,0.12634905768483642,7.193609303672025,2.0223908321256046,-0.5430474154782206,-0.14914302885608566,7.9346720081514315,2.4998747494658073,-0.9053960364517307,0.03405107237442584
188,4.795533653000286,2.6720805027648487,-0.5177083488269963,0.08862503117097954,6.496295511422884,8.37557514370759,0.24806873069583807,0.12738367391438513,7.138546099465211,2.9992830813574223,-0.5523255197035126,0.05987211898700706,4.456064116048499,6.519699216255508,-0.061622765773965846,-0.23591497727983038,6.011961559216296,5.862718841324278,0.07156546048874464,-0.15686339283608608,1.970196203114299,3.4715239843128463,-0.09444765469368108,0.0048560100186428,5.263600718182225,7.329201710340702,0.2521398091093574,0.03632309195243981,3.3914596810434885,8.207147422652234,0.0969616323182988,0.12139961501508717,7.166456932898114,2.0149336806828004,-0.5253429301214129,-0.15947035387234582,7.889402206328845,2.5015773030845287,-0.8983503427561855,0.054938627556405974
189,4.769648235558936,2.6765117543233976,-0.5013627748652616,0.08788863939380685,6.508698947957677,8.381944327403309,0.2400869102913085,0.12967954108179836,7.110929823480036,3.0022766873067726,-0.5583085315005831,0.06967829451696388,4.452982977759801,6.507903467391516,-0.08546460431261255,-0.2409813910847191,6.015539832240733,5.854875671682474,0.07701129697317687,-0.16012420835220031,1.965473820379615,3.4717667848137785,-0.1039140628867925,0.0025449995461663175,5.276207708637693,7.331017864938324,0.24581916419425348,0.035480659367826246,3.3963077626594034,8.213217403402988,0.09912951695124386,0.11629723576754097,7.140189786392043,2.0069601629891833,-0.5071808092427165,-0.17023196950631037,7.844484689191036,2.504324234462349,-0.8847423266824818,0.0750319493566379
190,4.744580096815673,2.680906186293088,-0.484661589161984,0.08727721806763152,6.520703293472242,8.388428304457399,0.2325718553501311,0.13172520881207017,7.083014396905007,3.0057606020326206,-0.5637825270818524,0.07951086968914978,4.44870974754417,6.49585439783728,-0.10848831843776895,-0.24635925554983656,6.019390397089391,5.8468694612648635,0.08201491691226569,-0.16297760581844262,1.9602781172352752,3.4718940347910867,-0.11294376572902806,0.00028337375706042516,5.288498666847405,7.3327918979067155,0.23874368903794627,0.034296730166610744,3.4012642385069656,8.219032265191364,0.10106051111916779,0.11119573978632455,7.114830745929908,1.9984485645138679,-0.48882610575675073,-0.18094253301696672,7.800247572856912,2.508075831930181,-0.8666989561375713,0.0941307795797214
191,4.7203470173575734,2.6852700471964694,-0.4677898402973333,0.0867244268502895,6.532331886239748,8.395014564898002,0.22489925490199955,0.13327515653954175,7.054825270550914,3.009736145517078,-0.568734621413236,0.08930265591279976,4.443285331622281,6.483536435059788,-0.1304415465538044,-0.2513466730838303,6.023491142935004,5.838720580973941,0.08657853014821616,-0.1654202475609701,1.9546309289488237,3.47190820347894,-0.12148116102750905,-0.0018956254657546117,5.300435851299302,7.334506734415046,0.23102777687468867,0.03286284441718128,3.406317264062924,8.22459205218068,0.10261674182812451,0.10615161141305929,7.09038944064207,1.9894014378630196,-0.4710996352267176,-0.1902339144058694,7.756912625050033,2.512782370909167,-0.8465274285730457,0.11246417589529605
192,4.6969575253427065,2.689606268538984,-0.45053364445411354,0.08623958194775919,6.5435768489848485,8.40167832272498,0.21686882541953953,0.13425232151211527,7.026388539480252,3.014201278312718,-0.5730052670167736,0.09881320656077378,4.436763254294591,6.470969101405597,-0.15142325025243952,-0.2559346225237135,6.027820069442415,5.830449568595893,0.09066765353138057,-0.16760764582329205,1.9485568708974483,3.4718134222056523,-0.1294860245877088,-0.003968110443297966,5.311987240143037,7.336149876635905,0.22241720048346858,0.031964032544132735,3.4114481011543303,8.229899632751334,0.10381447295049905,0.1011806775435782,7.066834458880734,1.9798897421427262,-0.4537084125113398,-0.19590533174650565,7.7145862536213805,2.518405579703932,-0.8246199097689724,0.12997573740824314
193,4.674430843120001,2.693918247636372,-0.43288450797044425,0.08580753595715801,6.554420290255825,8.408390938800585,0.20849401818096072,0.13467557758712498,6.997738276129414,3.019141938640757,-0.5693534092681459,0.10770174325243942,4.429192091781969,6.458172370279411,-0.17121338706655695,-0.259032605973411,6.032353452118984,5.822069186304728,0.0909110306581339,-0.1742723958032649,1.9420825696680628,3.4716150166834874,-0.13695569208200584,-0.005935374596361264,5.323108100167211,7.337748078263112,0.21306061682858807,0.03168595985633549,3.416638824801855,8.234958666628513,0.1046619723955798,0.09629944978207117,7.044149038255167,1.9700944755554008,-0.43611809091090264,-0.19815002869890824,7.673355258132932,2.524904366574344,-0.801098616069231,0.14775219239338488
194,4.652786617721478,2.69820862443423,-0.41493614275895746,0.0854116114988778,6.564844991164873,8.41512471767994,0.19980845616638096,0.13456666848077728,6.969270605666006,3.024527025803379,-0.5635785953776887,0.1165546989514064,4.420631422428642,6.445220739980741,-0.19076738219900324,-0.2614143403371457,6.03689900365189,5.813355566514565,0.09106025628800002,-0.18006204901509695,1.9352347850639626,3.4713182479536693,-0.1438893364959539,-0.007796752960626229,5.33376113100864,7.339332376255928,0.20334978041806562,0.031364871055197384,3.421871923421634,8.239773639117617,0.10521172726849792,0.09150960041135317,7.022343133709622,1.9601869741204554,-0.4178501598668009,-0.1970617144748737,7.63330032732947,2.5322919761940135,-0.7765762295779324,0.16408573068722337
195,4.632039810583531,2.7024792050091735,-0.4017113934918562,0.08137020908443669,6.574835413973192,8.42185305110398,0.19082294420778187,0.1339435635266389,6.9410916758971215,3.0303547607509493,-0.5559523695783666,0.12514524296657553,4.411093053318692,6.432150022963883,-0.21114246558590127,-0.264142347139645,6.04145201646629,5.80435246406381,0.09112887241000739,-0.18489582514636926,1.928040318239165,3.470928410305638,-0.15029114505584845,-0.009562128731254681,5.343928620029543,7.340900619808688,0.19333315727868422,0.031001609732706513,3.427132509785059,8.244349119138185,0.10546263190309284,0.08683844363242155,7.0014506257162825,1.9503338883967116,-0.3979702793192774,-0.19288248041720882,7.594471515850573,2.5404962627283747,-0.7542566996273137,0.1813011435423717
196,4.611954240908938,2.7065477154633952,-0.3877549837990919,0.07756202399878244,6.584376561183581,8.428550229280312,0.18154891745626361,0.132831810707369,6.913294057418203,3.036612022899278,-0.5465843820648244,0.13335509807602874,4.400535930039397,6.418942905606901,-0.23228255670709802,-0.26726243851088327,6.0460084600867905,5.795107672806492,0.09110564969534483,-0.18881747996681147,1.9205257609863726,3.4704503038690753,-0.15615436418290743,-0.011237720162812813,5.3535952778934774,7.342450700295323,0.18539887902894361,0.030907924391871733,3.4324056413802135,8.248691041319807,0.10506795266966103,0.08220144255012041,6.981552111750319,1.9406897643758512,-0.375338325662604,-0.18572435895057215,7.5567586808692075,2.5495613199054934,-0.7295270707663633,0.19746221281632037
197,4.5925664917189835,2.710425816663334,-0.37302010168277416,0.07401856623737554,6.593454007056394,8.43519181981568,0.1719680266219321,0.1313111074400629,6.885964838314962,3.0432797778030793,-0.5353587189393094,0.14132019639746657,4.388921802204043,6.405579783681357,-0.2533480809275646,-0.2698455087965016,6.0505637425715575,5.785666798808151,0.090977334492453,-0.19187645534300024,1.9127180427772272,3.469888417860935,-0.16148118472035536,-0.012821754389647588,5.362865221844925,7.343996096514917,0.18073338469126565,0.03219173216501479,3.4376590390136967,8.252801113447314,0.10316852810184239,0.07731305664330487,6.962785195467188,1.9314035464283226,-0.35115377829789224,-0.1765672698065807,7.520282327330889,2.5594344305463093,-0.7020854559001065,0.21188043035610765
198,4.573915486634845,2.714126744975203,-0.35746691931926405,0.07076859802155237,6.6020524083874905,8.441757375187683,0.16208984421073827,0.12938594055748837,6.859196902367996,3.0503457876229527,-0.5222196111159375,0.14917274922863952,4.3762543981576645,6.392087508241532,-0.2719957054798145,-0.27149545942746445,6.05511260929618,5.776072976041001,0.0907190783699831,-0.19427796131246503,1.9046439835412095,3.4692473301414526,-0.166272015705067,-0.01430493578800951,5.371901891079488,7.345605683123168,0.1793300346807514,0.03483410087654595,3.4428174654187886,8.256666766279478,0.09984928140739678,0.07215473955422406,6.9452275065522935,1.9225751829379936,-0.3252336613964945,-0.16552328387351528,7.485178054535884,2.570028452064115,-0.6724116619881726,0.22436323218091578
199,4.556042140668882,2.717665174876281,-0.3410470213457266,0.06785424847303372,6.610156900598027,8.448226672215558,0.15461256073295507,0.13108090051836627,6.8330859218121995,3.0578044250843845,-0.5075610542373707,0.157187719501419,4.362654612883674,6.378512735270158,-0.28092952083988376,-0.2626117246349935,6.0596485632146795,5.766359077975378,0.09032223064506854,-0.1960546694161814,1.8963303827559561,3.468532083352052,-0.17052251419361242,-0.015680440277997598,5.380868392813525,7.347347388166995,0.17948501234510286,0.03814401422867779,3.4478099294891584,8.26027450325719,0.09517873334089993,0.06676677880733972,6.928965823482469,1.9142990187443178,-0.29754838572262826,-0.15290025690646664,7.451557471436475,2.5812466136731604,-0.6411466028746701,0.23486544914587587
200,4.538989789601596,2.7210578872999323,-0.3234361048504034,0.06542221039681177,6.617887528634675,8.454780717241476,0.14716600046932135,0.13268555050171274,6.807707869100331,3.0656638110594554,-0.49244673342276124,0.16498014242188447,4.34860813684168,6.365382149038409,-0.2896918044631023,-0.2540376732250337,6.064164674746933,5.756556344504569,0.08988610662574377,-0.19770352741949973,1.8878042570462754,3.467748061338152,-0.1742308339321197,-0.016951675010118825,5.3898426434307805,7.349254588878429,0.17917489496627195,0.04122397826293711,3.4525688661562035,8.263612842197556,0.0894524171421933,0.061171614433822685,6.914088404196337,1.9066540058989945,-0.2682043932509333,-0.13875098893495097,7.419500141292741,2.592989886130454,-0.6086917396840191,0.24425562150820346
201,4.522817984359075,2.724328997819773,-0.3042079310580412,0.06362974152116518,6.625245828658142,8.461414994766562,0.13977259711801443,0.134195253173032,6.783085532429193,3.0739128181805495,-0.4768620932178548,0.17235914529101365,4.334123546618525,6.352680265377157,-0.2983091325704593,-0.24579720517002385,6.0686589800782205,5.746671168133593,0.08957516688907947,-0.19923349883653937,1.8790927153496695,3.466900477587646,-0.1774034040265859,-0.018118729763869388,5.398801388179094,7.351315787791576,0.17823167567708834,0.04395373483428959,3.457041487013313,8.266671422919247,0.0828793838093686,0.05541285132914549,6.900678184533791,1.8997164564522468,-0.23802566455124918,-0.12338002691121593,7.38906555430854,2.605202667205864,-0.5754823114928341,0.2530109947179183
202,4.507607587806173,2.727510484895831,-0.2833761255904356,0.06250617282612662,6.632234458514042,8.468124757425214,0.13246010409175787,0.13560363986916202,6.7592424277683,3.0825307754451003,-0.460443613834863,0.17937040761844628,4.319208089990002,6.340390405118656,-0.3067625866477031,-0.23789145146809856,6.073137738422674,5.736709493191767,0.08935092583353128,-0.200629816895954,1.8702225451483403,3.4659945410994526,-0.18006823120947488,-0.019194891532156807,5.407712971962948,7.35351347453329,0.17666551483431203,0.04632974920103554,3.4611854562037814,8.269442065485704,0.07587966615657091,0.049603217522797644,6.888776901306229,1.893547455106686,-0.2071321986746699,-0.10723414490075603,7.360291438733898,2.61785321694176,-0.5415998991784191,0.2611956951771602
203,4.493438781526651,2.7306357935371373,-0.2608930106922308,0.06213173134865652,6.63885746371863,8.474904939418671,0.1251999752360526,0.13691695864699144,6.736220247076557,3.0914992958260226,-0.4431748980360082,0.18606059164540284,4.303869960657616,6.328495832545252,-0.3150482834522266,-0.23034977634750645,6.077605284714351,5.726678002346969,0.08940052993650045,-0.20167634714641391,1.8612191335878665,3.4650347965228447,-0.18242602816160328,-0.020275323600713355,5.416546247704664,7.355829961993342,0.1744854149744783,0.04834826310405735,3.46497943951161,8.271922226361843,0.06853527421454668,0.043760325814781245,6.878420291372495,1.8881857478616482,-0.17565683649300637,-0.09043233463616862,7.333211443774977,2.630913001700618,-0.5073687192257976,0.26887281887277215
204,4.480394130992039,2.73374238010457,-0.23672267009460127,0.06253002648855041,6.6451174624804334,8.481750787351022,0.11801469789325629,0.13813924772120376,6.714061502174756,3.1008023254082926,-0.4263804012613347,0.1922954122050237,4.2881175464850045,6.316978343727876,-0.32314146321459003,-0.22316426580153745,6.082075311211176,5.716594184989649,0.0897419991722187,-0.2023605297251117,1.8520978321797863,3.464021030342809,-0.18448910994763976,-0.021360110906157834,5.425270518453388,7.358247375148545,0.1716288374141727,0.04997762833962444,3.468406203222337,8.274110242652583,0.06093330974082231,0.03789976691752439,6.869637449547845,1.8836641311298397,-0.14415702150582374,-0.07314079323859705,7.307843007813688,2.6443566426442566,-0.4744368668850994,0.2765678552542552
205,4.468557997487309,2.7368688814289976,-0.21094509472095166,0.06367526761869381,6.651018197375096,8.488657749737081,0.11093073354541694,0.13926388799599668,6.692742482111689,3.1104170960185438,-0.41042576224375277,0.1981326638235282,4.271960473324275,6.305820130437799,-0.3310370789114971,-0.2163384402295236,6.086562411169787,5.706476158503394,0.09013497464413252,-0.20292439511292396,1.8428733766824044,3.462953024797501,-0.18623360043700343,-0.022450033524278743,5.4338519603240965,7.360746256565526,0.16800761645295959,0.05119881118888263,3.471452868709378,8.276005230998459,0.05313252503375292,0.032032469342646655,6.862429598472554,1.88000709146791,-0.1138513408732325,-0.05564756164403452,7.284121164469433,2.6581850354069694,-0.4420529123601055,0.28401010982736197
206,4.458010742751262,2.7400526448099325,-0.18466084410392436,0.06493468479866575,6.656564734052367,8.495620944136881,0.10383124367772971,0.1403013654185023,6.672221193999501,3.12032372920972,-0.3957965129690221,0.2036756920142602,4.2554086193787,6.295003208426323,-0.33911530833883474,-0.20968547557793896,6.091069159901994,5.6963299387477475,0.09060234341824856,-0.20344129502088545,1.8335616966605541,3.461830523121287,-0.1876632368409217,-0.023540573795531136,5.4422523411467445,7.36330619712497,0.16363688943543772,0.05201620982269053,3.474109494961066,8.277606854465592,0.045183640665810106,0.026167881916461046,6.856737031428892,1.877224713385708,-0.0847770832610041,-0.038064772580580844,7.262018518851427,2.6723855408983375,-0.4099127825554943,0.2906687808786258
207,4.448777700546066,2.7432993790498656,-0.15812674869739207,0.06617393362949084,6.661756296236253,8.502636012407807,0.09670935587465201,0.14124850604138633,6.65243136835105,3.130507513810433,-0.38142283052969483,0.20895596430437077,4.238452853961759,6.2845189346474255,-0.3477686316911716,-0.20278936644398013,6.095599277072906,5.686157873996703,0.09117151524926033,-0.20390976913519918,1.824178534818508,3.4606534944315106,-0.18877524158294803,-0.0246677172791401,5.450434185618517,7.365907007616105,0.15863045429447034,0.05247952757643763,3.4763686769943565,8.278915248561415,0.037119755096237654,0.02031038707047468,6.852498177265842,1.875321474756679,-0.056910618407717356,-0.02049758056254877,7.241522879723652,2.6869189799422686,-0.37770049238768577,0.2965932460133657
208,4.440871363111197,2.74660807573134,-0.13144120980941448,0.06734681417847466,6.666591764029985,8.509698437709876,0.08957963453113471,0.14209961613095662,6.633360226824565,3.1409553120256515,-0.36724744678307086,0.21392480083541382,4.2210644223772,6.274379466325226,-0.3565375671927471,-0.1968472628047351,6.100157852835369,5.675962385539943,0.09180340904796924,-0.2040840449790914,1.8147397727393606,3.4594201085675538,-0.1895791029774726,-0.02583775748053585,5.45836570833324,7.368530983994927,0.15384161857524256,0.05306914161199931,3.478224664749168,8.279930767914939,0.028962355799477094,0.014450852628049907,6.849652646345456,1.8742965957285516,-0.029638918502321848,-0.0029601387128402115,7.222637855104268,2.701748642242937,-0.34547600710955617,0.3026326862727031
209,4.434299302620726,2.7499754164402637,-0.10468680967532787,0.06844296008030366,6.671070745756542,8.516803418516423,0.08245410935460959,0.1428520925009187,6.614997854485411,3.151651552067422,-0.35298398227263006,0.2183124257697295,4.203237544017563,6.264537103184989,-0.36487626742763707,-0.19125332256161015,6.104748023287767,5.665758183290989,0.09273166533614005,-0.20360058318371665,1.805260817590487,3.458128220693527,-0.19008221498067981,-0.027052567848209485,5.466057789262002,7.371184441075527,0.14921662484863144,0.05371300639825169,3.479672782539142,8.280653310546342,0.020709356612961284,0.008534138704834042,6.84817070042034,1.8741485887929095,-0.002717699868670112,0.01448249896912085,7.20536405474879,2.716880276556572,-0.3133268263396358,0.30874626129909605
210,4.42906496213696,2.753397564444279,-0.078015009657971,0.06945189581865858,6.675193451224272,8.523946023141468,0.07533024267732535,0.14351665052972098,6.597348655371779,3.162567173355909,-0.3383637094574026,0.22174639426903237,4.184993730646181,6.254974437056909,-0.3727182016913433,-0.18592105304204265,6.109384606554574,5.655578154131803,0.0940903085103115,-0.20217097481260787,1.795756706841453,3.4567755923011165,-0.19029323218699104,-0.028313986067865237,5.473518620504433,7.373870091395439,0.14463129577794415,0.05428344701657299,3.4807082503697897,8.281080017481584,0.012585248000423899,0.002605687509474812,6.848034815426907,1.8748727137413654,0.025003457801350947,0.03200062891392218,7.189697713431808,2.732317589621527,-0.280554756170187,0.31363688983067123
211,4.425164211654061,2.756870159235212,-0.05134832073890361,0.07042898405025196,6.678959963358139,8.531121855667953,0.06821613179027472,0.14409410382076462,6.580430469898909,3.1736544930693604,-0.3234387555794767,0.2238112964181732,4.166357820561614,6.2456783844048065,-0.38011909436626623,-0.18119474967323582,6.11408912198009,5.645469605391172,0.09586108613813724,-0.19987784144948018,1.7862420452321035,3.4553598929977234,-0.1902054870718301,-0.0296414060007969,5.4807501852933305,7.376584263746268,0.1400902596638475,0.054828572424671096,3.481337512769811,8.281210301857056,0.004737970180313578,-0.003334941287341061,6.849284988316974,1.8764727451870615,0.053989619748601315,0.049728208090348114,7.175669975623299,2.7479994341130602,-0.24859535360899926,0.3189555229251012
212,4.422596795617116,2.7603916084377245,-0.024683968321911418,0.07139088539088559,6.682370769947653,8.53832656085899,0.061116840108031374,0.14458621220118661,6.564258532119935,3.184845057890269,-0.3084683248477033,0.2245487822199743,4.147351865843301,6.236618646921145,-0.38707359891576953,-0.17707429138325492,6.118882176286997,5.635475713318698,0.0980113229533514,-0.1967271447695304,1.776731770878512,3.4538778226976836,-0.18979952318902618,-0.031031884295139655,5.487754698276523,7.379325692367502,0.1356207737103973,0.0553710966488183,3.4815744112788267,8.281043554792689,-0.00280283247729064,-0.009266670738162938,6.851984469304404,1.878959155591579,0.08404693974734247,0.06792627504019247,7.163240207942849,2.7639472102593152,-0.21693962181178095,0.3238112454865798
213,4.42136259720102,2.7639611527072687,0.001874290807612814,0.072316537421741,6.685426611953054,8.54555587146905,0.05403866933166419,0.14499441959350665,6.548835115877551,3.1960724970012677,-0.2934718483762792,0.2239151391646396,4.127998185897512,6.227764932351982,-0.39336214970989414,-0.17378869188331406,6.123782742434664,5.625639356080222,0.10055315669680442,-0.19280028907130253,1.7672417947190606,3.4523262284829266,-0.1890480945103944,-0.03245459231102858,5.4945357369620424,7.382094247199943,0.13115219672777992,0.05583433067666595,3.481434269654962,8.28058022125578,-0.009925155394275197,-0.015127535854282323,6.856186816291771,1.8823554693435887,0.11402573360682428,0.0862522207751702,7.15239322685226,2.780137772533644,-0.18557806873885158,0.3277619996671304
214,4.421456311741401,2.767576979578356,0.028217275841601767,0.07318001733774733,6.688128545419637,8.552805592448726,0.046993217034930326,0.1453156637858163,6.534161523458737,3.2072682539594997,-0.27826770932245765,0.22198116420568334,4.108330078412018,6.219075497757816,-0.39882307846291254,-0.17119836584978143,6.128810400269504,5.615999341626656,0.1034585508337101,-0.1881625831640769,1.7577893899935408,3.4507034988673753,-0.1879496375315965,-0.03392063178608213,5.501093346798432,7.384885963733776,0.12665694517650944,0.05620241964942072,3.4809380118852484,8.279823844463067,-0.01658442472716094,-0.020881406907739583,6.861888102972112,1.8866680803823472,0.1427967704701513,0.10393184801487433,7.143114323415317,2.7965258725170004,-0.1546596195754147,0.3304074227441772
215,4.422867175533481,2.771235980445243,0.05420831630981771,0.07390832812207233,6.690478206271384,8.560071375638017,0.03999037460863028,0.1455585248900141,6.520248137992614,3.218367312169784,-0.2627849051432661,0.2198327064028512,4.088388924488872,6.210515579465327,-0.4022900083307762,-0.16800175906472245,6.1339833278111895,5.6065912124684525,0.10363793026710358,-0.18649038137416135,1.748391908116961,3.4490074672780713,-0.18651848865981704,-0.03542961230987702,5.507426194057257,7.387696084716247,0.12200775643446785,0.056378631596530275,3.4801087906488903,8.27877977411768,-0.022768942691881667,-0.02650789314955706,6.86902794149562,1.891864672783091,0.17038458956957758,0.12045784523634422,7.135381342436546,2.813046243654209,-0.12236441934672358,0.330487138490865
216,4.425577591348972,2.774931396851347,0.07969305108345358,0.07449145614782762,6.692477725001815,8.567349301882517,0.03513134398936663,0.147961430451044,6.507108892735451,3.2293589474899265,-0.24700853616762675,0.2176091556882988,4.068274424072333,6.2021154915120915,-0.4000167315099974,-0.1527243942146782,6.139165224324545,5.597266693399744,0.11139751028323974,-0.18292425335864315,1.7390659836839701,3.4472359866625775,-0.18494458889897472,-0.03703533778453265,5.51352658187898,7.3905150162960735,0.11727714253225666,0.05644702264697519,3.4789703435142965,8.277454379460202,-0.028579633735616217,-0.03196647124439711,6.877547170974099,1.8978875650449083,0.1969228006768316,0.13624810060410011,7.129263121469211,2.8295706005787524,-0.09017088080016139,0.32826540273774596
217,4.429562243903145,2.7786559696587383,0.10451469461477605,0.07493969178440463,6.694234292201283,8.574747373405069,0.030685242428177936,0.1496700801087107,6.494758465927069,3.2402394052743415,-0.2310153538065008,0.21513310926766502,4.048273587496833,6.194479271801358,-0.3973317117635746,-0.1382529497271065,6.144735099838707,5.588120480731812,0.11752380903864708,-0.178748360886376,1.7298187542390213,3.445384219773351,-0.18332090435858375,-0.03876196196788941,5.519390439005593,7.393337367428423,0.1124890362248693,0.056401791784523474,3.4775413618275155,8.275856055897982,-0.034165834315617094,-0.037280176524820276,6.887393311007941,1.9046999700751133,0.22289832009554802,0.1513047434940766,7.1247545774292025,2.8459838707156395,-0.05837807322112086,0.32430227090764974
218,4.434787978633883,2.7824029542479587,0.12853362004316657,0.07518963168522756,6.695768554322692,8.582230877410504,0.026783193438047512,0.15060428354344624,6.483207698236744,3.250996060737725,-0.21500595451164758,0.21217239438356267,4.028407001908655,6.187566624315003,-0.3943710823748846,-0.12468338311963122,6.150611290290639,5.579183062687493,0.12310062672997323,-0.17453465373734722,1.7206527090210921,3.4434461216749566,-0.18165244033868916,-0.04060671324396525,5.525014890816837,7.396157457017649,0.10740361077347141,0.056184592202848244,3.475833070111735,8.273992047071742,-0.03950079163213492,-0.0424307576760673,6.898538227012718,1.9122652072498172,0.24833363665820063,0.1655585818543862,7.121835673768146,2.862198984261022,-0.026959466582212474,0.318496208164582
219,4.441214659636041,2.78616243583222,0.1517481122449717,0.07515123337771225,6.697107713994594,8.589761091587677,0.02337617890417014,0.15056171328332568,6.4724574005111615,3.261604680456903,-0.19898635090160882,0.20878606042624817,4.008688447789911,6.181332455159021,-0.39076313164277265,-0.11090335847191851,6.1567663216271376,5.570456330000626,0.1281315221270403,-0.17029591189245472,1.7115700870041577,3.441415786012758,-0.1799434514933408,-0.042566365511361705,5.530385071355511,7.398966686627792,0.10208333408096176,0.055942484026385894,3.473858030530128,8.271870509187938,-0.044523252226908214,-0.047412493397297806,6.910954908845628,1.9205431363425365,0.2729181177783102,0.17882699003366936,7.1204877004390355,2.878123794669251,0.0036558631602191666,0.31207494241345857
220,4.44880206524829,2.7899199975011055,0.17414887140549035,0.07482740257664997,6.6982765229398025,8.597289177251843,0.02044631296276484,0.14962406153362537,6.462508082966081,3.2720439834782153,-0.18304800630379237,0.20502298041046962,3.9891502912077725,6.175787287235425,-0.38593460072024055,-0.09677299858384172,6.16317289773349,5.561941534406003,0.13277021821642723,-0.16577784293810616,1.7025729144294905,3.43928746773719,-0.17813343128498202,-0.04475161316359435,5.535489238059559,7.401763810829111,0.09650273484745366,0.05567127127440875,3.4716318679187825,8.269499884518073,-0.04921878432532073,-0.05223175877779955,6.924600814734544,1.92948448584422,0.2966212130951971,0.19107966875581253,7.120670493597046,2.8937275417899238,0.03346730207833287,0.3051384913657996
221,4.457509508818564,2.793661367629938,0.19572812060869546,0.07419534202463407,6.699298838587941,8.604770380328524,0.017949488921755893,0.14802123452108645,6.4533556826508915,3.2822951324987386,-0.16724312991667306,0.20085109001757012,3.9698535611717607,6.170948637306234,-0.37986213911516853,-0.082304474723864,6.169811408644311,5.553652642259098,0.13734101418460218,-0.16077085459152946,1.6936662428652414,3.4370498870790103,-0.17622427849407798,-0.047167129204813585,5.540314374801931,7.404547374392831,0.09066181530812127,0.05536848221680378,3.4691709287025163,8.266888296579182,-0.05358391521175624,-0.05687003912478918,6.939431875389303,1.9390384692820106,0.3196868859100432,0.20232834299950112,7.122343858700963,2.9089844663582136,0.06237352823647496,0.2977910573517177
222,4.467295914848999,2.79737113473117,0.21641382317102761,0.0732227846773662,6.700196313034029,8.61217144205458,0.015757178305381876,0.14597385092210316,6.4449935261550575,3.292337686999617,-0.1514118725137762,0.19626502557457792,3.950860454216002,6.166833413570041,-0.3725117442403574,-0.0675377100830559,6.176678459353542,5.545614099529521,0.1418867568304619,-0.15528196194688568,1.6848550289405375,3.4346915306187698,-0.1742470117502988,-0.049724190631155116,5.544847465567337,7.407315798503672,0.08456702319541318,0.055025547940826466,3.4664917329419285,8.264044794622944,-0.057471622579295646,-0.06135719040483469,6.955416219684805,1.9491548864319856,0.3411414392161459,0.21246755575685014,7.125462535112787,2.9238740192257997,0.09030978714856144,0.290132734451184
223,4.478116606007551,2.801032273965038,0.23619252930439325,0.07196912884510535,6.700984171949298,8.619470134600684,0.013551171286696535,0.14363319347184442,6.437422932529369,3.302150938278346,-0.13542164505291499,0.1912799460327755,3.9322348670039844,6.163456528065888,-0.36376248274190615,-0.052386292827654286,6.183772797195065,5.537850001432177,0.14602333892191258,-0.1493503587834049,1.6761426783530227,3.432205321087212,-0.17234726643498546,-0.05187489925438557,5.549075816727108,7.410067075900713,0.07820119050898892,0.054639559367282736,3.463618151812964,8.260976935102702,-0.06083491934140445,-0.06583709077984327,6.9724732916456125,1.9597782642198283,0.36047857923985427,0.22130155345348826,7.129978024470215,2.9383806559483587,0.11711761986645695,0.28223153454411953
224,4.4899262324727705,2.8046307304072933,0.25501409511125894,0.0704492734538712,6.701661730513633,8.626651794274276,0.011196676431888682,0.1409864643080189,6.430651850276723,3.3117149355799844,-0.1193428495602659,0.1856946447378527,3.9140467428668893,6.1608372134245055,-0.35358678523643206,-0.03691008390240709,6.191073964141161,5.530382483493007,0.14961868029142228,-0.1430131206802536,1.6675253150312734,3.429611576124493,-0.1699299225800813,-0.05471753659212981,5.552985876252558,7.412799053869077,0.07154786822953564,0.054202661186067806,3.4605764058458934,8.25768508056371,-0.06368380715747596,-0.0702955319926166,6.9904972206076055,1.9708433418925027,0.3786653809118361,0.22852277984766475,7.135833905463538,2.9524922326755645,0.1426199171486759,0.2741511243318412
225,4.502676937228333,2.8081531940799866,0.27275663654363963,0.06859853749893088,6.702221564335228,8.633701117489677,0.008703140332097155,0.13804535152893802,6.4246847077987095,3.320999667816877,-0.10348930747080362,0.17957102409364092,3.8963674036050677,6.158991709229385,-0.34232124660356233,-0.02207420469574968,6.198554898155732,5.523231827458994,0.15254046384299602,-0.13633111515561827,1.6590288189022693,3.4268756992948863,-0.16690806990798124,-0.05849018762374316,5.556563269664035,7.4155091869283805,0.06462676761308056,0.053709173051251516,3.4573922154880194,8.25417030396408,-0.06613042397101641,-0.07469602482468123,7.009430489653197,1.982269480884886,0.39569146408320377,0.2341624636754226,7.142964901320972,2.9661997888921565,0.16680430358084675,0.2659194822346065
226,4.516314769055516,2.8115831209549333,0.2891387064293704,0.06626893261245866,6.702656721351833,8.640603385066123,0.006080524413580042,0.13482210705559988,6.4195102424251695,3.3299782190215588,-0.08780374319124734,0.17288239649297107,3.8792513412748897,6.157887998994598,-0.33002930257661534,-0.007869973791170517,6.2061819213478815,5.516415271701213,0.15460349347496832,-0.12941226088921318,1.6506834154068701,3.423951189913699,-0.16383525340195307,-0.06245751115048324,5.5597946080446885,7.418194645580943,0.05746150998034817,0.05315750798916672,3.4540856942894687,8.250435502722846,-0.06825456401010276,-0.07898684026748175,7.029215062857357,1.9939776040686572,0.41196897848130176,0.23882149016408435,7.151305116500014,2.9794957630038867,0.1896774101797008,0.2576007309292648
227,4.530771704376984,2.8148965675855564,0.30397436062849376,0.06358229217849154,6.7029607475725115,8.647344490418904,0.003339374973172289,0.13132961275559207,6.415120055265607,3.3386223388462075,-0.07229769767094171,0.16565079963566173,3.862749876146059,6.157494500305039,-0.3175760519896288,0.005829429614018998,6.21391209602163,5.509944658656752,0.15580457437837925,-0.12242767611066589,1.6424916527367726,3.420828314356175,-0.16093999354477534,-0.06621616477632915,5.562667683543706,7.420852520980401,0.05005405483403546,0.052547778969241725,3.4506729660889635,8.246486160709471,-0.0700562973101926,-0.08315816776901716,7.049813511781422,2.0059186785768612,0.42754156662703463,0.24254420516936295,7.160788987008999,2.99237579955035,0.21110769247445102,0.24910725158799624
228,4.545970422408408,2.818075682194481,0.3154593516424975,0.06080778034202237,6.70312771632117,8.653910971056684,0.0004901101577225739,0.1275791361419513,6.4115051703820605,3.3469048788279907,-0.057052252598290804,0.1579373856520783,3.8468710735465774,6.1577859717857395,-0.3052913841996927,0.019051842379045093,6.22170232474055,5.503823274851219,0.15620483633185234,-0.11539655053536187,1.6344446530595338,3.417517506117359,-0.15815182013745913,-0.06979194986188804,5.565170386285408,7.423479909928863,0.042400389291432916,0.0518543047714815,3.4471701512234536,8.242328252321022,-0.07161928048034431,-0.08720470661372179,7.071190590112773,2.018045888835329,0.4424739085006804,0.24537175098357908,7.171344371632721,3.00483116212975,0.2311201263013744,0.24042678949583507
229,4.561743389990533,2.821116071211582,0.32574745456732124,0.05801131723246951,6.703152221829056,8.660289927863781,-0.0024735821646508166,0.12357113654297135,6.408652557752146,3.3548017481105945,-0.04249399990606821,0.14964408403993953,3.8316065043365928,6.158738563904691,-0.2929141727481622,0.031779517220925896,6.229512566557142,5.498053447324451,0.15587640766108837,-0.10841456973473321,1.626537062052661,3.4140279086242646,-0.1554726196670116,-0.07317235166693126,5.56729040574998,7.426072625167437,0.034945111848500784,0.051332335488481866,3.443589187199436,8.237968016990335,-0.07293218416770221,-0.09112505870014662,7.093314285537807,2.030314476384508,0.4569297782945723,0.2473903537347745,7.1829003779477905,3.0168525016045415,0.24973422473105428,0.23159103346217608
230,4.578030762718899,2.8240166370732056,0.3339997727707705,0.05564408579639573,6.703028542720824,8.66646848469093,-0.005536090792423148,0.11932373898607036,6.406527857756842,3.3622839523125916,-0.029993648238664038,0.14065338647724498,3.8169607956991847,6.1603275397657375,-0.27993341211421674,0.044223765271377176,6.237306386940197,5.492632718837714,0.15495490606928672,-0.10112845921437036,1.6187634310693104,3.4103692910409182,-0.1526285777085603,-0.07645604419076835,5.5690376613424055,7.428639241941862,0.02761235324302059,0.050959313532879996,3.439942577991051,8.233411764055328,-0.0739872485925746,-0.09489261763245099,7.116160774452536,2.042683994071247,0.47077882065058657,0.24831150151713005,7.195387089184343,3.0284320532776503,0.26694204097422597,0.22262869802463983
231,4.594730751357437,2.826798841363025,0.33180201354480593,0.049827351959268046,6.7027517381812025,8.672434671640232,-0.008684132830506225,0.11485417852681419,6.405028175344909,3.369316621636454,-0.01977482975292719,0.13139258823157657,3.802964125093474,6.162538728029307,-0.26649179432733244,0.05620401649422607,6.245054132243661,5.487576295876996,0.1534766278048834,-0.09349305504481088,1.6111320021838824,3.40654648883138,-0.14513459300931103,-0.08051926674807464,5.570418279004556,7.431187207618506,0.02025376049437862,0.050701369333623396,3.436243215561422,8.228667133173705,-0.0747889821012807,-0.09849411020130151,7.139699715485065,2.0550995691471035,0.4839590050149054,0.24805659380199574,7.208734191233054,3.0395634881788824,0.28272025322350497,0.21358600956548188
232,4.611320852034678,2.8292902089609884,0.3305497553483328,0.04381625668875356,6.702317531539677,8.678177380566574,-0.01186581945539083,0.11021157982331058,6.404039433857263,3.3758862510480325,-0.011324108548646336,0.12188752195597995,3.7896395353771073,6.165348928854018,-0.2526465264354486,0.06768134235091171,6.252727963633905,5.482901643124755,0.15146997001076545,-0.08546965965549241,1.6038752725334169,3.4025205254939763,-0.1374545688026727,-0.08409799295032416,5.571430967029276,7.433722276085187,0.012872391320851856,0.05057044804569562,3.432503766456358,8.22374242766364,-0.07534304713507414,-0.10191756853908533,7.163897665735811,2.0675023988372034,0.4964637018609137,0.24664680136757158,7.222870203894229,3.0502427886571564,0.2973378855529689,0.20465893027533028
233,4.627848339802094,2.831481021795426,0.33016775067008347,0.03761108906737943,6.701724240566907,8.683687959557739,-0.015041655884390732,0.10543200666588089,6.403473228429831,3.3819806271458317,-0.004424158640389805,0.11206584176780093,3.777007209055335,6.168732995971564,-0.23843901429517456,0.07865105866141281,6.260301462134444,5.478628160141981,0.1489684677501997,-0.07710171887199174,1.5970025440932833,3.39831562584646,-0.1296341369145692,-0.08720901882762108,5.572074586595318,7.436250798487472,0.0054356375113997985,0.05056462600631169,3.4287366140996043,8.218646549236684,-0.07565444303353548,-0.105153326262536,7.188720850828856,2.079834738905582,0.5082186408209891,0.24430546889471078,7.237737098171878,3.060475735170923,0.3107177827301883,0.1959116439257953
234,4.644356727335598,2.833361576248795,0.330640823794969,0.031727568970838976,6.7009721577726875,8.688959559891034,-0.018170408369308375,0.10053645479064724,6.403252020497811,3.387583919234222,0.001027261309141751,0.10179762965799678,3.7650852583405765,6.172665548904635,-0.22391275588615128,0.0891122795516964,6.267749885521954,5.4747730741983816,0.14600995879674758,-0.06846306347767603,1.590520837247555,3.393955174905079,-0.12171820199425823,-0.08987218918764983,5.572346368470888,7.438779029787788,-0.0021172648890938235,0.050690261456551915,3.4249538919479274,8.213388882923557,-0.07577521806259871,-0.1082039595961594,7.214131782869906,2.0920500123503176,0.5191648118066878,0.24131112507002617,7.253272987308387,3.070271317367213,0.3228877324405574,0.18731621381987068
235,4.660888768525346,2.834947954697337,0.3322983488724312,0.02677898945085187,6.700063637354222,8.693986382630566,-0.021172994957571887,0.09555837804954788,6.403303383563268,3.3926738007171218,0.005669652513975736,0.09112222171188701,3.753889620546269,6.177121162882219,-0.20914618943078706,0.0991205572957512,6.2750503834617914,5.471349921024498,0.1426330200215658,-0.05960918316165697,1.5844349271478422,3.3894615654456963,-0.11374557411606914,-0.09210562123471891,5.572240505226433,7.441313542860615,-0.009738915286871382,0.05093142867125101,3.4211651310447975,8.207978684943749,-0.0757554907878232,-0.11107279354781145,7.24009002346024,2.104115568603819,0.5293340004849525,0.23784142731147076,7.269417373930414,3.0796371280582067,0.333932769650545,0.17887035709966156
236,4.677503685968968,2.8362869041698793,0.3359147802279076,0.023644311146656466,6.699004987606344,8.698764301533043,-0.02404631397247877,0.09050890910011074,6.4035868661889666,3.3972299118027163,0.009983930207605001,0.08001688322783816,3.74343231107473,6.182077190747007,-0.19425248030765244,0.10881698726363145,6.28218203446287,5.4683694618664145,0.13878853123689497,-0.05060317614595186,1.5787476484420386,3.3848562843839605,-0.10573807603057034,-0.0939337450500766,5.571753559462089,7.443860114294178,-0.017319352053018995,0.05124693600963331,3.417377356505406,8.202425045266358,-0.07579294746418715,-0.11387263121158117,7.266556723484488,2.1160076399693923,0.5386741496491523,0.23378261400776174,7.286114012412941,3.08858064591319,0.34396997427376735,0.1704585510228965
237,4.694299424980363,2.837469119727212,0.34150663952387184,0.02232303198225279,6.69780267190772,8.703289746988048,-0.026783370808964632,0.08539748894553921,6.4040860626993465,3.401230755964108,0.014258185617441771,0.06906095272661555,3.7337196870593474,6.187518040110189,-0.17924496654613206,0.11816770954675637,6.289121461024714,5.465839303059117,0.1343806861718973,-0.04151845747153055,1.5734607446405102,3.3801595971314566,-0.09773697873886235,-0.09537360057720934,5.570887591859439,7.446422461094659,-0.02469100566944737,0.051622769954050844,3.4135877091321967,8.196731413705779,-0.07594822762211084,-0.11663233874440426,7.293490430966946,2.1276967706697802,0.5471450351047606,0.22894370107369688,7.30331251112663,3.097103573464335,0.3531353506985568,0.16214598071921799
238,4.711374756956556,2.8385852713263247,0.3486250106529078,0.02222865280609992,6.696463503367272,8.707559621435324,-0.029382396699195765,0.08023354629557869,6.4047989719802185,3.404683803600439,0.01870658270251238,0.057660926643623,3.724757438732041,6.193426425587527,-0.1642369684968729,0.12696727364010774,6.295840495333309,5.463763380185541,0.12943290498162116,-0.03252574229161036,1.568573895703567,3.375390917102596,-0.08977873197134144,-0.09644325538093243,5.569653041575966,7.449003599592362,-0.03178115995964665,0.05206079522184557,3.409790297751091,8.190899796768559,-0.07622035225530385,-0.11934466449618572,7.320847682722184,2.139143955723465,0.5542368031907172,0.22365975415723588,7.320969278661558,3.1052108725002956,0.3613365027848147,0.15407933768976662
239,4.728806007489202,2.8396967039666294,0.3548535831556401,0.02154512848619786,6.694994383532312,8.711571298750103,-0.03186663596451845,0.075022495859678,6.405734301115344,3.40756684993262,0.023544948763961432,0.04591867378713001,3.7165455903071973,6.199774789269532,-0.1492367577944536,0.13519961460180246,6.30231214058239,5.46213709307096,0.12398106295669879,-0.023540792851846334,1.5640849591050001,3.3705687543335494,-0.08181485852535374,-0.0973072950218061,5.568063983577984,7.451606639353454,-0.038561416290613604,0.05256576074324078,3.4059792801383257,8.18493256354375,-0.07654480976660966,-0.12213140608817571,7.34855952288172,2.150326943431327,0.5597637612241597,0.21800851373391417,7.339036103800798,3.112914839384784,0.36812111919554696,0.14635184657920333
240,4.7465486866469835,2.840773960390939,0.3596283179060301,0.020189256928008468,6.693401051734086,8.715322423543087,-0.034319997788673305,0.06972984964531205,6.406911548553542,3.4098627836219766,0.028534618235940574,0.03387815034748424,3.7090837524174747,6.206534769999622,-0.13424991641385745,0.14280796943850482,6.308511193730225,5.4609600534283675,0.1181230212380966,-0.014505747198264715,1.5599942161787324,3.365703389582459,-0.07387160754140026,-0.09810157040620242,5.566135912763453,7.454234927390615,-0.04499378713211675,0.053131613061199845,3.4021520396499954,8.178825993239341,-0.07692246889372586,-0.12499060699790948,7.376547710942928,2.1612273691180226,0.564234171422133,0.21208614482002525,7.357442159760575,3.120232431713744,0.3735574729535244,0.13892896202553245
241,4.764530102542285,2.84178342323734,0.3629722532168707,0.018218518941741854,6.691685051844653,8.718808916025353,-0.0367437487703618,0.06436478453260205,6.408338279465339,3.4115566911393507,0.03359260208141291,0.02154163471223224,3.702371256596782,6.213675168471547,-0.11930745963199328,0.14980234800524678,6.31441734479213,5.460234766068455,0.11188708160127009,-0.005447949706714269,1.5563006358016624,3.360798311062149,-0.06601100808318264,-0.09884539711775277,5.563886223406848,7.456891508043675,-0.051121635235759216,0.053702313797916235,3.398305916205309,8.172576462889445,-0.07720991937120675,-0.12775523340404266,7.4047594195140345,2.171831676359024,0.567072854923019,0.20610138399915962,7.3761200334082515,3.1271788798150206,0.377552461976137,0.13184672397721742
242,4.7826787152031285,2.842694349184427,0.3646620706007561,0.015474080070000559,6.6898478644061345,8.722027155251983,-0.039131158800130746,0.05894113177936815,6.41001790956941,3.4126337728749623,0.038727806351894975,0.009001187000287658,3.6964058836151823,6.22116528587181,-0.10444103155477236,0.156195689725351,6.320011698872193,5.459962368583119,0.10535664770806635,0.003561513633329752,1.5530000853975032,3.3558560412062612,-0.05827191865380413,-0.09954525422791037,5.56133014164506,7.459576623733571,-0.05693863692125936,0.05427080860398239,3.3944454202367487,8.166188701219243,-0.07736700182457684,-0.13037849677801364,7.433113062260185,2.182136745558982,0.5682808828409107,0.2001390926392582,7.3949976565070585,3.1337712160138813,0.3801682174000405,0.12503950325001215
243,4.800911818733166,2.843468053187927,0.3646009043142876,0.012108935191374688,6.687891306466128,8.724974211840951,-0.04147146551430788,0.053470832431133014,6.411954299887005,3.413083832224977,0.044312767155284524,-0.003561296548830384,3.6911838320374435,6.228975070358078,-0.08968174431665132,0.1620021689558741,6.325279531257596,5.460140444264785,0.09863339278901423,0.012496167183716182,1.550086489464813,3.3508787784948657,-0.050690674244719805,-0.10020717372672651,5.558483209798997,7.46229016416377,-0.06242250303170343,0.05482866612299806,3.39057707014552,8.159669776380342,-0.07739276406963586,-0.13285920614451402,7.46152710640223,2.192143700190945,0.567454820765117,0.19391994661109715,7.414006067377061,3.140023191176382,0.38142676984700186,0.11851966631759142
244,4.8191418639488806,2.8440734999474957,0.36289336311674925,0.008221806733947663,6.6858177331904125,8.727647753462508,-0.043747890205388926,0.047963206791694385,6.414169938244769,3.412905767397535,0.050341019622797606,-0.016041694816337937,3.686699744821611,6.237075178805871,-0.07507894609315584,0.1672298125798222,6.330211200897047,5.460765252623971,0.0917717165132841,0.02142130485256422,1.547551955752577,3.3458684198085296,-0.043300988733130756,-0.10083644850665723,5.555362084647411,7.4650315974699195,-0.06758916812381406,0.05534296242556996,3.386707431942038,8.153026816073117,-0.07729863231678723,-0.13520813243538374,7.489899847440486,2.2018396975214998,0.5645915205459388,0.1874898400010374,7.433077405869411,3.145949174492262,0.3813588976654671,0.1122942573313806
245,4.837286532104718,2.844484590284193,0.3596602291152558,0.0039017317435559315,6.6836303386801434,8.730045913802092,-0.04595062790930834,0.04243027041238091,6.4166869892259095,3.4121036826567184,0.05673310815524542,-0.02810364389060628,3.682945797516953,6.245436669434863,-0.06071042094571779,0.17192889711506332,6.334799786722711,5.461836317866599,0.08480804178918208,0.030400509894688014,1.5453869063159205,3.3408265973831965,-0.036133711993056594,-0.10143814868779873,5.55198262624122,7.467798745591198,-0.07249691659948487,0.055753418123717376,3.382842500326199,8.146266409451348,-0.07707494316299675,-0.1374293110713386,7.518129423467783,2.211214189521552,0.5596750057171376,0.18089462107436924,7.4521453507526845,3.1515638873588308,0.38016491940053926,0.10655973953355288
246,4.855269543560481,2.8446796768713707,0.355085752560266,-0.000826381371277901,6.681332807284678,8.732167427322711,-0.0480735624444541,0.0368848893282964,6.419523644633672,3.410698500462188,0.06262721701693022,-0.039063556727157944,3.679910276469667,6.254033114290616,-0.04654735896928499,0.17605180888123478,6.33904018881217,5.463356343361333,0.07778000000918711,0.039266449720461255,1.5435802207162677,3.3357546899488066,-0.02922202295001155,-0.10201799929628168,5.548357780411246,7.470586416497384,-0.07715093555292744,0.056074057328882584,3.378988753168049,8.13939494389778,-0.07671072488327739,-0.13952933469861978,7.54611317375364,2.22025892057527,0.552830635650018,0.17409808447973996,7.471153596722711,3.1568918743355083,0.37830774260493744,0.10104322274375892
247,4.873023831188494,2.8446383578028067,0.3492366969869217,-0.006029188484806153,6.678929129162455,8.734011671789126,-0.05011090321958628,0.03133972654622338,6.422655005484518,3.40874532262583,0.06809381081890548,-0.048962468143688556,3.677582908521203,6.262835704734678,-0.03264784936053941,0.17962962201483215,6.342929188812629,5.465319665847356,0.07073234234059657,0.04786226874669302,1.5421191195687671,3.3306537899839928,-0.022610998361665066,-0.10258428537772987,5.5445002336336,7.473390119363828,-0.08155745292446274,0.05632579030505843,3.375153216923885,8.13241847716285,-0.07621362475355384,-0.14154889168292517,7.573754705536141,2.228963824799257,0.5440652227829488,0.16695801726000575,7.490068983852958,3.1619440354726964,0.37645509874257077,0.09560910341490245
248,4.89048566603784,2.8443368983785664,0.3422141149923882,-0.011635346935052011,6.676423584001475,8.735578658116438,-0.05205733946085539,0.025807191008146022,6.4260596960254635,3.406297199218646,0.07334400064479793,-0.057823252912746786,3.675950516053176,6.2718171858354195,-0.01911221716745088,0.1826312007258054,6.346465805929659,5.467712779284691,0.06373826626742686,0.0561681908973049,1.540988569650684,3.3255245757151064,-0.01632119437988406,-0.10314032169545088,5.540422360987376,7.476206408879081,-0.08568141894778866,0.05652485950421072,3.3713425356862077,8.125341032578703,-0.07563734432359454,-0.14352277493179078,7.6009579666752884,2.2373117256622574,0.5334784588645489,0.1595403965415266,7.508891738790087,3.1667244906434417,0.3746356487068795,0.09025354300785994
249,4.907596371787459,2.8437551310318137,0.33418139669156877,-0.017532620430845355,6.673820717028432,8.736869017666846,-0.05390779732287493,0.02030257577579758,6.429726896057703,3.4034060365730086,0.07836058906447375,-0.06570638590692174,3.6749949051948034,6.28094874587171,-0.005995781460835431,0.18502831606812442,6.34965271924303,5.470521188829556,0.057080124952443495,0.06425794190247763,1.5401725099316899,3.3203675596303337,-0.010370389207559878,-0.10368891935350392,5.536138290039987,7.479032651854292,-0.0894165712072577,0.05670131406085096,3.367560668470028,8.118164893832114,-0.0750303235431504,-0.1454680043652677,7.627631889618516,2.2452887454893338,0.521374115986684,0.15193285307305127,7.527623521225431,3.171237167793835,0.3728649060967826,0.08497252565968966
250,4.924305441622038,2.842878500010271,0.3365603164122185,-0.019659270384270285,6.671125327162288,8.737884146455636,-0.05564641973496046,0.01485283034425518,6.433644925510927,3.4001207172776624,0.08296540252100909,-0.07280337386964451,3.674695116121762,6.2902001616751155,0.006681357582972553,0.18686806986726487,6.352506725490652,5.47373408592468,0.043087953962930095,0.0741750409313034,1.5396539904713118,3.3151831136626586,-0.004773560001808458,-0.10423242155948673,5.531667461479624,7.481867717557334,-0.09275228368482251,0.056858161110798784,3.3638091522928706,8.11089149361385,-0.07440835689802883,-0.14744983924627536,7.65370059541785,2.2528853881429862,0.5079534760545285,0.1441956002117899,7.5462667665302705,3.1754857940768195,0.3708300791475438,0.0797817408030126
251,4.941133457442649,2.841895536491058,0.3374592684493145,-0.02213533394123945,6.66834300617554,8.73862678797285,-0.057260051206952,0.009480227106626243,6.437793195636977,3.3964805485841802,0.08734654582273448,-0.07905853414176595,3.6750291840009104,6.299543565168479,0.01880308713571837,0.18819288563601339,6.354661123188799,5.477442837971245,0.02949901882613505,0.0836584550746273,1.5394153124712213,3.309971492584684,0.0005314370400130216,-0.10478379083352182,5.527029847295383,7.484710625612874,-0.09576055953642983,0.056942080847588325,3.3600887344479693,8.103519001651536,-0.07377561075289962,-0.14947053821832174,7.679098269220576,2.2600951681535757,0.4931761837433369,0.13626059776561528,7.564808270487648,3.17947488111697,0.36845143398078906,0.07469311830748057
252,4.9580064208651144,2.840788769793996,0.3369172383383593,-0.024851350151855085,6.665480003615192,8.739100799328181,-0.058749088854795364,0.004190506735260696,6.442160522928114,3.392527621877092,0.09184575996529544,-0.08506423742710244,3.6759693383576963,6.30895320945028,0.030363285800383593,0.1890717178458687,6.356136074130106,5.4816257607249765,0.016474293806203258,0.09266829913933983,1.539441884323222,3.304732303043008,0.0055423104918419785,-0.10534690147751961,5.522241819318562,7.487557729655253,-0.09845498191556591,0.05695456041438268,3.356399953910324,8.09604547474062,-0.07324470584889171,-0.15137543952167265,7.703757078407743,2.2669081980418566,0.4766222423742802,0.12813450804369717,7.583230842186687,3.183209537032344,0.3652377612683438,0.06940187652755714
253,4.974852282782033,2.839546202286403,0.33503701168156474,-0.027726046592849826,6.662542549172453,8.739310324664944,-0.06006701497853365,-0.0009997461499617393,6.4467528109263785,3.388274410005737,0.09666790238749469,-0.09076183871565949,3.6774875026477156,6.3184067953425735,0.04150514479534438,0.1891602714712605,6.356959788820416,5.486259175681943,0.004093924798615825,0.1011885707684349,1.5397189998478142,3.299464957969132,0.01030697690014238,-0.10591023936422561,5.517319070222784,7.490405457675973,-0.10082037324449676,0.056903482150013986,3.3527377186178797,8.088476702764536,-0.07281241682966469,-0.1531990557357692,7.727588190526457,2.2733149234440413,0.4581429130266697,0.11969983911531239,7.601492730250104,3.186679630858722,0.3609184566679858,0.06375010338772273
254,4.991604133366111,2.8381598999567608,0.331977605475553,-0.0306329360612813,6.659539198423526,8.739260337357445,-0.06119570902109709,-0.006080801835839539,6.451586206045754,3.383736318069954,0.10191950894128764,-0.09610931338010918,3.679562759887483,6.327864808916137,0.05234527613775542,0.18892262600631118,6.357164485060347,5.491318604220365,-0.007654599211565603,0.10923819071133842,1.5402343486928214,3.2941694460009208,0.014829638019841858,-0.10647447057554518,5.512278051560559,7.493250631783473,-0.1028412527068581,0.0567794324394385,3.3490970977763963,8.080816749977748,-0.07249135976334331,-0.1549158123701834,7.75049533617779,2.279299915399807,0.43788522694812126,0.11100112459080487,7.619538653083503,3.189867136028108,0.3559017114135884,0.058013204384336235
255,5.008203013639888,2.836628253153697,0.3277837060675702,-0.03350906506266031,6.656479412972471,8.738956297265652,-0.06213675348580446,-0.011049639111940651,6.456682181492818,3.3789308524009485,0.10773668571543181,-0.10162049480913769,3.6821800236943707,6.337310940216452,0.06290420170681288,0.1886265031694308,6.356781755099768,5.496780513755932,-0.018747452757708182,0.11679743132074584,1.5409758305938135,3.2888457224721437,0.019098273829263396,-0.10704177887665128,5.507135988925215,7.496089603405445,-0.10451326841852325,0.05657904090192864,3.3454725297882293,8.073070959359239,-0.07228941140373465,-0.1565092790320539,7.772389597525197,2.284849971629347,0.4164725697468311,0.10228109619038372,7.637333738654182,3.192767796247325,0.3501866038683318,0.052180365744719265
256,5.0245921989432665,2.834952799900564,0.32252897213257165,-0.0362886233636323,6.653372575298181,8.738403815310056,-0.0628921756756362,-0.015902990153615265,6.46206901577859,3.3738498276604916,0.11407278685998404,-0.10767609463273178,3.6853252337797113,6.346742265374924,0.07344924237386992,0.18831436083920897,6.355844382461883,5.502620385321969,-0.029165122769228568,0.12380301407058944,1.5419307442852768,3.283493633528311,0.023104198814076132,-0.10761326695347226,5.501910325504289,7.498918555450541,-0.10581041189274448,0.05633630845994452,3.3418580592180427,8.065245495407636,-0.07223744174142596,-0.15796594530418748,7.793213226012538,2.289964026438866,0.3943541428874523,0.09371229892986088,7.654843068847598,3.1953768145345607,0.34377928783926,0.0462558283393476
257,5.040718647549895,2.8331383687323823,0.3164515078351578,-0.0388054686048213,6.650227966514399,8.737608665802375,-0.06344686730325784,-0.020615338212435035,6.467772655121589,3.368466022928855,0.12058390288781606,-0.113973140578853,3.6889976958984048,6.356157983416884,0.08402732785599043,0.18799992596533746,6.354386126323422,5.508810536025499,-0.03888489540611898,0.13024619495948067,1.5430859542259805,3.2781129701806377,0.02684011252288217,-0.10818980205358958,5.496619804909652,7.501735370873538,-0.10669250065824645,0.056074278269156314,3.3382461871309714,8.057347198142427,-0.07232039687832115,-0.15934771908521886,7.812930933156911,2.294649641385359,0.3718050873707325,0.0852993141712454,7.672032033239561,3.197689605951528,0.3370084132793807,0.04040525955308413
258,5.056541222941653,2.8311980953021414,0.3096689999387345,-0.04099053986455831,6.647055623149236,8.736577898891753,-0.06378668865681257,-0.02516382267195442,6.47380185026598,3.3627673658999124,0.12662881299089873,-0.12017589532970081,3.693199062291204,6.365557979715152,0.09464747484581282,0.18768940786168575,6.352441881553116,5.515322845773473,-0.0478987821558634,0.13611653460641612,1.5444279598521247,3.272703480077958,0.030303944439333624,-0.10873749446610009,5.49128517987674,7.504539084786996,-0.10715070652207988,0.05580131453760663,3.3346301672870555,8.049379812188166,-0.07257126426001308,-0.16032464619800682,7.831521187525447,2.2989146070939213,0.3488981119226009,0.07707521951215535,7.68888245390353,3.1997098689291823,0.3299633797052764,0.034665529329070806
259,5.072024672938589,2.8291485683089133,0.3021915465877137,-0.04289213273759517,6.643866288716396,8.735319707758155,-0.06385889856637086,-0.02949649920183876,6.480133290915525,3.3567585711334273,0.13216715476643526,-0.1262600081527103,3.6979314360334947,6.374942450108236,0.10531474377767851,0.18739414482180625,6.3500469424453225,5.5221286725037935,-0.056175280473581904,0.14130364930709113,1.5459431570740914,3.2672666053546533,0.03352113382582063,-0.10898974902948386,5.485927644550635,7.507329150513876,-0.10720768446466582,0.05552352739331076,3.331001604074055,8.041363579878265,-0.07297111047108885,-0.16063092305865373,7.848966093121577,2.302768368069529,0.3255168146322757,0.06890288776176243,7.705380622888794,3.201443145395636,0.322703711295452,0.029010359097013234
260,5.087134250267975,2.8270039616720335,0.2940495595619759,-0.04492649048652086,6.640673343788078,8.733844882798063,-0.06366003102183904,-0.03360234690326908,6.4867416486538465,3.3504455707257916,0.13737500778567277,-0.1322041770928968,3.7031971732223785,6.384312157349326,0.11610561337129881,0.18706374260865746,6.347238178421644,5.529193854969148,-0.06369305338656103,0.14580310037811509,1.5476192137653824,3.261817117903179,0.03659279213909501,-0.1089343519778645,5.480567260327402,7.510105326883542,-0.10687521534404414,0.05524668898732165,3.3273530485505005,8.033332033725332,-0.07347675529916999,-0.16033919024355944,7.8652419338531905,2.3062135124576173,0.3012686810325176,0.060438288361003685,7.721515808453566,3.2028936633504865,0.315426486337509,0.023456885192284345
261,5.101836728246074,2.8247576371477074,0.28531723174310536,-0.047554913387555214,6.637490342236986,8.7321647654529,-0.06319099424899186,-0.03747242358941296,6.49361039904313,3.3438353618711467,0.1423357272816845,-0.13814609744785916,3.7090024538909434,6.393665344479759,0.12703376438276578,0.18670111141902057,6.344053525752315,5.536484009988054,-0.07032607730423605,0.1496873704202961,1.5494488533723372,3.2563704003042857,0.039554786474150366,-0.10857360108193963,5.4752234995602,7.5128676613329075,-0.1061585212721552,0.05497571912427197,3.323679210785542,8.025315074213154,-0.07400468220611331,-0.15952034601085122,7.880305367904817,2.3092354268756674,0.2765498376320392,0.05192420518415241,7.737287132770442,3.2040665076101007,0.3081147264483832,0.01808926974583602
262,5.116102589833229,2.8223798914783296,0.27574107798791736,-0.051044773907322025,6.634330792524536,8.73029114427343,-0.06245401001096333,-0.04109879364687661,6.500727185407214,3.3369280569987536,0.14764320499431574,-0.14399976716576707,3.7153541421100815,6.4030004000507095,0.13811139788286497,0.1863092911130622,6.340537221887104,5.543968378509068,-0.07607623312567866,0.15298123000641575,1.5514265926960447,3.250941720250189,0.04240242967073316,-0.10791872359250694,5.469915573496592,7.515616447289121,-0.10505802916726724,0.05471409405880372,3.3199789766752366,8.017339056912611,-0.074543010868628,-0.15821006595231826,7.894132859786419,2.311831637134875,0.2516268930266887,0.043590835094621465,7.752692869092861,3.2049709710973926,0.30050916483434664,0.012805534798393012
263,5.129889643732625,2.8198276527829633,0.26540547463155595,-0.054509540871638396,6.6312080920239875,8.728236204591086,-0.06143952219307984,-0.044474902799908914,6.50810934565693,3.329728068640465,0.1532158540857979,-0.14940680996714722,3.7222597120042247,6.412315864606363,0.14935085799352935,0.1858913907947823,6.33673341023082,5.551617440009389,-0.08095794331227935,0.15571148315896502,1.5535467141795813,3.2455457840705635,0.045131289378446286,-0.10698151012321025,5.464662672038228,7.518352151992061,-0.1035869079305853,0.0544673294557328,3.316251826131805,8.009428553614995,-0.0750716165234637,-0.15647841746993596,7.906714204437753,2.314011178889606,0.22654967222914996,0.03552675953524379,7.7677183273345785,3.205611247837312,0.29266215523513783,0.0076168960814569
264,5.143159917464203,2.8171021757393815,0.2544825971410355,-0.05795375019397173,6.628136115914334,8.726012459451091,-0.06009729823589886,-0.04759647329766015,6.51577013836122,3.322257728142108,0.15897704160940135,-0.15425703474520336,3.729727254903901,6.421610434146102,0.16066432621137908,0.18536551070202736,6.332685513065206,5.559403014167337,-0.08499527472948229,0.1581213890992593,1.5558032786485037,3.240196708564403,0.04773726032738084,-0.1057742570657006,5.459483326641699,7.521075518464848,-0.10174891190967217,0.054251555822051566,3.312498245305632,8.001604632741499,-0.07560521332224128,-0.1543337874028855,7.91804168804921,2.315787516866368,0.20137607966170612,0.027757677793672365,7.782351435096335,3.205992092641385,0.284709925556507,0.0026096398865077496
265,5.155884047321255,2.814204488229683,0.24312890770889134,-0.06136750824834738,6.625131251002538,8.723632635786208,-0.058434960083371054,-0.05045881835240582,6.52371899044169,3.314544876404848,0.16488106458615745,-0.15855338932214866,3.73776047121447,6.4308787096812035,0.1719857576097708,0.18467111933779565,6.328435749328732,5.5673090836223,-0.08818779524361288,0.1601775599129986,1.5581901416648727,3.2349079957111178,0.05021646747056836,-0.1043096423279217,5.454395881046215,7.5237880962559505,-0.09942840660354749,0.054229427535105464,3.30871798463952,7.993887943371354,-0.0761396170188975,-0.1517902651716047,7.928110492032295,2.3171754007560517,0.17618401263461414,0.02028473725931911,7.7965869313741605,3.2061225746357103,0.27639429082902894,-0.001986375179400683
266,5.168040492706699,2.8111361128172656,0.23107148858762594,-0.06478499606336985,6.62220950299837,8.721109694868588,-0.05645826926947201,-0.05305613582450608,6.531963043670998,3.3066172069387405,0.1708925912452885,-0.16228819140432962,3.7463597590949584,6.440112265648093,0.18332210954086592,0.1838081831279084,6.324026359566552,5.57531796161795,-0.09044041160439646,0.16187950889100544,1.5607009650384012,3.229692513594722,0.0525653628415286,-0.10260075872202427,5.449424460716038,7.526499567632706,-0.09699611800155297,0.05424118132221742,3.304911003788575,7.986298430112774,-0.0766705591758084,-0.14886198415495688,7.936919692664026,2.3181896376190174,0.15111801241145434,0.01303213349001674,7.810406645915612,3.2060232558767403,0.26810204347404465,-0.006202651661148311
267,5.1795940671360805,2.807896863014097,0.21815073791004033,-0.06827939063395891,6.619386589534896,8.718456888077363,-0.05417739881694878,-0.05538778403270701,6.540507673233262,3.298502797368524,0.17670067495834316,-0.1653467614689339,3.7555258645720015,6.449302674804488,0.19464146520750333,0.18273743942183104,6.319504338986332,5.5834119370625,-0.09178135033642447,0.16327361198594087,1.5633292331804776,3.2245624756586206,0.05477995777193899,-0.10066257679273398,5.444574654815961,7.5292116266988165,-0.09467907647034779,0.05418271841489008,3.3010774758297847,7.978855330905026,-0.07719235574503656,-0.14556782766320045,7.944475593284599,2.3188412442935182,0.12649709944234194,0.0056543897690084395,7.823811748089314,3.205713123293683,0.25982950886520373,-0.010087557982912304
268,5.190501604031582,2.804482893482399,0.20005314650989384,-0.07441331356849107,6.6166777195940485,8.715687498875727,-0.05160614571095074,-0.05745687005538205,6.549342706981179,3.2902354592950775,0.182188033155913,-0.16773275942741522,3.7652579378323767,6.45843954677558,0.20595507647650052,0.18146413268324582,6.31491527146951,5.591575617661797,-0.08914226341938174,0.16043244483401292,1.5660682310690746,3.219529346818984,0.056856892049950314,-0.0985095413531831,5.439840700992443,7.531920762619561,-0.09366465868792191,0.05385540223222455,3.297217858042533,7.971576939521866,-0.07769854260285612,-0.1419292855922156,7.950800448256716,2.3191239637819687,0.10235012684569658,-0.001815566062757689,7.836803223532574,3.2052087453945375,0.25161085089477525,-0.013684246044864895
269,5.200504261357077,2.800762227803974,0.18199304196096272,-0.08040365301157865,6.614097412308501,8.712814655372958,-0.04876583127797211,-0.059279608777348794,6.558452108638974,3.281848821323707,0.18617639712225878,-0.169899548638748,3.775555691656202,6.467512753409742,0.21644746389047909,0.18014444347274153,6.310458158298541,5.599597239903497,-0.08549971293603575,0.1576453083612513,1.568911075671572,3.2146038697513246,0.0587934775060832,-0.09615561777164251,5.435157468058047,7.534613532731172,-0.0942764068617548,0.05320774500731608,3.29333293091239,7.964480475242255,-0.07817602088351962,-0.13798499851562315,7.955917954599001,2.3190331854788306,0.07889592115388216,-0.009475773960182388,7.849383766077313,3.2045245330922945,0.2433010410312079,-0.017169762876143697
270,5.209603913455125,2.7967420451533953,0.16400501730895847,-0.08626095824028882,6.611659120744602,8.70985067493409,-0.045680466504102596,-0.06087633674461106,6.567760928495087,3.2733538438917695,0.18866547181438886,-0.17185285636423714,3.7863780648507257,6.476519975583379,0.22609472300665187,0.17878051383223978,6.306183172651739,5.607479505321559,-0.08037523787414229,0.155196553044815,1.5718507495468763,3.2097960888627424,0.06058724986080522,-0.09361761120517761,5.430443647714959,7.537273919981538,-0.09587451504907264,0.05245632866870841,3.2894241298682143,7.957581225316474,-0.07860517544348952,-0.13373187928535277,7.959862750656695,2.3185593967808216,0.05639309499965014,-0.01744380855543347,7.861548818128874,3.2036660449484873,0.23509578516515717,-0.02040989930581117
271,5.217804164320573,2.7924289972413807,0.14613742980218739,-0.09198418840851219,6.609375097419397,8.70680685809686,-0.042657877342110524,-0.06223563342783312,6.577194202085806,3.264761201073558,0.18966643608343087,-0.1736588549354542,3.7976828010010584,6.485459001274991,0.23469544525997446,0.17735370799702255,6.3021644107580315,5.6152393329738,-0.0739422024408499,0.1530277030028891,1.5748801120399165,3.2051152083024834,0.06223721632425184,-0.09091191218604357,5.425649921962505,7.539896736414973,-0.09708457241198673,0.05163896989550671,3.28549387109604,7.950894631352207,-0.07906277110477206,-0.12908825687207515,7.962682405406678,2.31768720635305,0.034872109336712975,-0.02565718033892842,7.873303607387132,3.2026455499831967,0.22683060278924927,-0.023135244015863185
272,5.2251110358106825,2.787829787820955,0.1285323471114716,-0.09746689893390567,6.607242203552292,8.703695076425468,-0.039991852850919614,-0.06317049866039018,6.5866775238899775,3.2560782583267853,0.18976449056696376,-0.1751082025022674,3.809417573264057,6.494326686674842,0.24216178979532527,0.17584939935979096,6.298467300635989,5.622890718123945,-0.06642738740836775,0.1510709734119963,1.5779919728561291,3.2005696126931813,0.06374298574094171,-0.08805101980824978,5.420795693341906,7.5424786849097485,-0.09792542146882667,0.05076336117934665,3.2815407325408015,7.944440218508603,-0.07954311785896537,-0.12407034336664016,7.964426010873514,2.316404347336104,0.014340417725899834,-0.03406682425720425,7.8846451375265945,3.2014887877824036,0.2182662959936522,-0.025700158726682906
273,5.231537653166256,2.78295644287426,0.11130716058469624,-0.1026346760251704,6.6052426109097455,8.70053655149245,-0.03767045049489106,-0.06368202409203808,6.596165748418326,3.247322848201672,0.18890072650443993,-0.17622012668489104,3.821525662753823,6.503119156642832,0.2478148876483898,0.1738931695165917,6.29514593126557,5.630444266794545,-0.05845235001241361,0.1490431397639703,1.5811791221431761,3.1961670617027687,0.06510295213822717,-0.08504938000251562,5.415899422268464,7.545016852968716,-0.09840917313835278,0.04982198041405758,3.2775635766478532,7.938236701340271,-0.07999543999930141,-0.11876182518042858,7.965143031759809,2.3147010061232436,-0.0052383818794697334,-0.0425728339849207,7.895558452326277,3.2002037798460696,0.20948915591272338,-0.02821255839269424
274,5.23710301119549,2.7778247090730015,0.09453874233222813,-0.10746291339482697,6.603359088385001,8.697352450287848,-0.035678954632287874,-0.06377411202839288,6.605610784743548,3.2385118418674277,0.18706886678170642,-0.17702503479285722,3.833916407136243,6.5118138151186615,0.2514771132524471,0.1713505197482988,6.29222331376495,5.637896423782744,-0.05036155294572507,0.1468342178918909,1.5844342697500875,3.1919145927026427,0.06631589213077421,-0.08192112149109156,5.410978963611546,7.547507951989418,-0.09854714112720146,0.04882076068323335,3.273563804647888,7.93229861008125,-0.08040336785515068,-0.11319084911681945,7.964881112665836,2.3125723644239975,-0.024141376571795325,-0.05081858301145764,7.906032910121914,3.1987931519264348,0.2005765419248007,-0.03065952780496145
275,5.241829948312102,2.7724515634032603,0.07831576916433186,-0.11149097703482541,6.601575140653386,8.69416374468643,-0.034000217751866235,-0.06345315319332007,6.614964228082633,3.229660590127785,0.18409477121364554,-0.1776105433722455,3.846490262798865,6.520381341106076,0.25318814169423387,0.16823266839411702,6.289705236117664,5.645238134677338,-0.04250387709533368,0.14442608910133353,1.5877500643566262,3.1878185366280882,0.06738090755109186,-0.07868020126034529,5.406051606555186,7.54994899002358,-0.09835063169142856,0.04774968225982269,3.2695436362551304,7.926639067625409,-0.08076080312629459,-0.10736967138089473,7.963674043837246,2.310031435273425,-0.04234177853359876,-0.05881269463879796,7.916061737218153,3.197260175536187,0.1916158657315634,-0.03305013636898065
276,5.245745736770318,2.766877014551519,0.06268353763080449,-0.11468447655524644,6.599875129765793,8.690991087026763,-0.032614819170242206,-0.0627280420608324,6.624168966643316,3.2207800629591725,0.1801785579247423,-0.17790318567040003,3.8591496698835765,6.528792974525782,0.25329112399177356,0.16467117724743333,6.287580042262897,5.652459439132405,-0.03510154943858777,0.14181465594549886,1.5911191097341808,3.183884526565071,0.06829742060665484,-0.07534049229134829,5.4011340749706145,7.552336474136571,-0.09749698179206505,0.046191697591061204,3.2655055960988157,7.921270584056364,-0.08104178612728832,-0.10131733640171821,7.9615569549105665,2.3070908005414847,-0.0596563332845181,-0.06680345797521801,7.9256425305047316,3.195607668717738,0.18290945103200895,-0.035342975992968324
277,5.248879913651858,2.7611427907237567,0.04766600581861348,-0.11703348182227048,6.598244388807281,8.687854684923721,-0.031440547690993206,-0.06172108780438724,6.6331778945395525,3.2118849036756525,0.17570503971707305,-0.1777010628507901,3.871814226083165,6.537026533388154,0.2525967656429271,0.16091538687971083,6.285824964790968,5.65955017192968,-0.028331332019917117,0.13895375723471157,1.5945339807645136,3.1801175019505035,0.06906516270403261,-0.07191557103206427,5.396259225881011,7.554646059016124,-0.09600276971599712,0.044107489311213104,3.2614535067924515,7.916204717236278,-0.0812008392592263,-0.09508627018966014,7.95857413824634,2.303750627642724,-0.07605176951183973,-0.07478080579621525,7.934788003056332,3.1938405199180897,0.17449704369338973,-0.037523545425644164
278,5.251263213942789,2.7552911166326433,0.03332259806848378,-0.1185401910365704,6.596672361422731,8.684768630533501,-0.03034902608514394,-0.060648994984428314,6.6419631465254065,3.202999850533113,0.17041966973971803,-0.1770822562297303,3.8844440643653115,6.54507230273214,0.25109553847269817,0.15693731663551774,6.284408398189972,5.6664978597914155,-0.022468008212200748,0.13577558132340423,1.5979872388997152,3.1765217233989,0.06968416699830884,-0.06841885523309023,5.391459087395211,7.556851433481685,-0.09386823090157166,0.04153788017582378,3.25739346482949,7.9114504037267945,-0.08118166705270527,-0.0888513937506848,7.954771549770748,2.300011587352913,-0.09171944643749891,-0.08274211400730343,7.943512855241002,3.1919643426468074,0.1664395104888342,-0.039550731245687254
279,5.252929343846213,2.749364107080815,0.019690504698522997,-0.11921656577933165,6.595154910118474,8.681736180784279,-0.029334535287028212,-0.05951009988630834,6.6504841300123925,3.1941457377216262,0.16414294301700075,-0.17615957027501053,3.8969988412889465,6.552919168563916,0.24883631866233152,0.15273984281149355,6.2832849977793614,5.6732866388575856,-0.017510243988982783,0.13221230315496435,1.6014714472496305,3.1731007806372453,0.07015481868450041,-0.06486341544796735,5.386765675850133,7.558928327490476,-0.09106707299492016,0.038551855669433685,3.2533343814768547,7.90700783403926,-0.08097493020494698,-0.08264310694374377,7.950185577448873,2.295874481652548,-0.10684864904179273,-0.09070891031605931,7.951834830765444,3.189986806084523,0.15895172169240934,-0.04129592097203995
280,5.253913869081139,2.743403278791848,0.006840376584299517,-0.11913695881112064,6.593688183354122,8.678760675789963,-0.028391307057147878,-0.058302330876092344,6.658691277163243,3.1853377592078758,0.15688836931418856,-0.17484815847328491,3.909440657222063,6.560556160704491,0.24585001904325288,0.14832816591289488,6.282409485579913,5.679897254015334,-0.013505577034703837,0.1282058499239873,1.6049791881838555,3.169857609864847,0.07047776410047407,-0.06126204059829027,5.382212322200386,7.560855920273948,-0.08766948642573014,0.03517914137345037,3.2492856349666073,7.902875678692073,-0.08055218463440655,-0.0764577709052735,7.944843144996783,2.291339036136745,-0.12148046429648099,-0.09853943699581356,7.959782416850064,3.187922010035921,0.15198105534347517,-0.04280943945821191
281,5.254255887910355,2.7374464308512922,-0.005546101899377393,-0.11865279759249235,6.592268618001265,8.675845559246158,-0.027513041184550183,-0.057024252599428324,6.666535695628952,3.1765953512842113,0.14882602452468355,-0.17310628965696878,3.921733158174226,6.567972569000135,0.24204079385654728,0.14362177273061721,6.281734206728178,5.686307546511533,-0.01899127673303281,0.1250466782086085,1.6085030763888792,3.1667945078349327,0.07065397144917841,-0.05762718805481702,5.377828847879099,7.562614877342621,-0.08375913003823414,0.03144456392627439,3.245258025734887,7.8990527901468095,-0.07992929486234902,-0.07028922996558482,7.938769121781959,2.2864120642869543,-0.13562423522963224,-0.1061826829014513,7.967381469617238,3.18578153806301,0.13223142435583096,-0.04864760973330404
282,5.253978582815386,2.731513790971668,-0.01816074547313838,-0.11830077840449806,6.590892965942038,8.672994346616186,-0.026692959876066104,-0.0556750477276248,6.6739769968551865,3.167940036801363,0.14053134828042466,-0.17079799194088763,3.933835197867053,6.575153657636666,0.23730916593031684,0.13847221864190548,6.280784642891526,5.692559880421964,-0.02451629016493951,0.1217976718627404,1.612035774961338,3.163913148432192,0.07068469727103109,-0.05397095159997255,5.373640891377188,7.5641871055389345,-0.07947969945511475,0.02752713321250162,3.241261560991769,7.89553832864853,-0.07913857927222966,-0.06412080674506956,7.931987910020478,2.281102930141882,-0.14926319207443892,-0.11345316061360569,7.97399304083503,3.183349157576345,0.11306723465951901,-0.054294193543752686
283,5.253070545541729,2.725598752051443,-0.031045190961591293,-0.11813420229327451,6.589558317948234,8.670210594229804,-0.02724161280811395,-0.05731156719694557,6.681003564269208,3.159400137204319,0.132179122261519,-0.16791247464916295,3.945700656163569,6.582077268568762,0.2317774693276147,0.13294877281215636,6.279558828383279,5.698649764015101,-0.030500425509564028,0.11977156376918066,1.6155700098248897,3.161214600852193,0.07057150805060262,-0.05030503535081655,5.369666906404432,7.5655634621995596,-0.0748899112119402,0.02346535904806337,3.2373046320281578,7.892332288311277,-0.07820149330099342,-0.05792751572169596,7.924524750416756,2.2754302721112016,-0.16224615360989272,-0.12032741123420926,7.979646402568005,3.1806344478991573,0.09436926206382733,-0.05974818655129339
284,5.25151828599365,2.719692041936779,-0.044109719963304095,-0.11814669232289592,6.588196237307828,8.667345015869957,-0.027873412729507344,-0.058824042788098475,6.687612520382284,3.1510045134718605,0.12370935141276794,-0.16453677714070863,3.9572895296299495,6.588724707209369,0.22550983678357403,0.12707706598368138,6.278033807107801,5.70463834220356,-0.03643911901806985,0.11765764201511848,1.6190985852274198,3.158699349084652,0.07031623402301664,-0.04664069042910844,5.365922410843835,7.566736730151963,-0.06998458715519563,0.019285838888103576,3.233394557363108,7.889435912525192,-0.07712628772159336,-0.051703677317874966,7.916412442736261,2.269413901549491,-0.17444719757332502,-0.12681037449819776,7.984364865671197,3.1776470385715925,0.07612449636491757,-0.06501295008536245
285,5.249312799995485,2.7137847073206345,-0.05734321770214229,-0.1183139715128141,6.586802566671353,8.664403813730551,-0.028575871722107786,-0.060220621617833994,6.693797987952922,3.142777674614825,0.11501695274543243,-0.16075765527984687,3.968565021469128,6.595078560508553,0.21858039598719875,0.12088668143179863,6.276211851156897,5.7105212243043155,-0.04233836542760526,0.11544736003955114,1.6226143969285707,3.1563673145631967,0.06992102877859467,-0.042988740293281376,5.362423181486075,7.567701022096368,-0.06481345693013327,0.015024562389666648,3.2295382429770285,7.886850728659298,-0.07584998482515333,-0.04559028855599695,7.907690082857595,2.2630733828245813,-0.18585546846880613,-0.13289241568727228,7.988171090489443,3.1743963910673245,0.05834528764518719,-0.0700768016355839
286,5.2464456391103775,2.7078690087449937,-0.07069624957584529,-0.11849889665781804,6.585373773085248,8.66139278264966,-0.0293464588236865,-0.06150029338742318,6.6995488355901935,3.1347397918508326,0.1060706800146051,-0.15660632476410458,3.979494041268488,6.6011228945801435,0.21118254761950772,0.11443624591258018,6.274094932885517,5.716293592306293,-0.04817625854109918,0.11314403148819911,1.6261104483675004,3.1542178775485326,0.06938825079862469,-0.03935953081955224,5.359182508639568,7.568452250215851,-0.059408305458637636,0.010718440474087806,3.225745743735771,7.8845712142314985,-0.07436265485038278,-0.039615900805967386,7.898397309434155,2.2564287620402177,-0.19646124179854094,-0.13856473156792853,7.991088354871702,3.1708925509855455,0.041005260849323086,-0.0749290928321686
287,5.242910826631586,2.701944063912103,-0.0840448230221191,-0.1186116893793019,6.583906450144064,8.65831776798029,-0.030179504142409226,-0.06266119843194905,6.704852369590924,3.1269094756126274,0.09690275549125152,-0.15209258832237313,3.9900531686494634,6.606844706875773,0.20335399757878583,0.10774748494651763,6.271686119958463,5.721950793880703,-0.05393175717388784,0.11075086458106743,1.6295798609074317,3.152249901007555,0.06872056664590233,-0.035762975750463305,5.356212093366636,7.568988172239556,-0.053868673242541715,0.006453700200731369,3.2220276109932517,7.8825904191912,-0.0726690406506252,-0.0337888158772164,7.888574247344228,2.2495005254618214,-0.2062487178613156,-0.14381305725855564,7.993138617914169,3.167146096343937,0.02414072861703854,-0.07955860012050535
288,5.23870858548048,2.696013479443138,-0.09707210508131175,-0.11836424020757251,6.582397474936943,8.655184708058693,-0.03106760254622068,-0.06369496974940124,6.709697507365487,3.119304846196509,0.08884029596280532,-0.14664388559958527,4.000220868528403,6.612232081123099,0.19513143997447294,0.10084238594201057,6.268989532099768,5.727488337109756,-0.059583621955863586,0.10827046925653921,1.6330158892397268,3.150461752220032,0.06792089769307964,-0.032208483679192365,5.353518659704509,7.569310857249593,-0.048267533503385945,0.0022843623767443613,3.2183941589607206,7.88090097839734,-0.07077339911510465,-0.02811675368882948,7.878261811451162,2.2423098725988937,-0.21521164114966093,-0.1486978303788397,7.994345654345021,3.1631681663379116,0.0077856506946943314,-0.08396025673325921
289,5.233854980226415,2.6900952674327594,-0.10971318480514675,-0.1177020220336067,6.580844094809632,8.651999959571222,-0.03197641654432382,-0.06461339713851634,6.714139522163627,3.11197265191653,0.08132177501153426,-0.14062503129443715,4.009977440527126,6.6172742004202,0.18653371881501477,0.09375404214289634,6.266010351001975,5.732901860572583,-0.06505200426971113,0.10571906803627716,1.6364119341243808,3.1488513280360726,0.06699241416220063,-0.028704890994327367,5.35110528302934,7.5694250753684305,-0.042634648330422804,-0.00179266126353064,3.2148554890049654,7.879495140712898,-0.06864804761161325,-0.02262553497292334,7.867501229393679,2.2348749810799515,-0.22336001034273803,-0.1533528402595017,7.994734936879755,3.1589701535012487,-0.00803213605848331,-0.08814472035344506
290,5.2283693209861575,2.684210166331079,-0.12194999006532817,-0.11659285512459748,6.579245273982416,8.648769289714297,-0.03281362226725187,-0.065457603333841,6.718205610914204,3.104941400351808,0.07436090617608504,-0.13408891037306378,4.019304126467877,6.621961902527344,0.1775786961223344,0.08648283948924987,6.262757750788489,5.738187813974397,-0.07027573931907807,0.10311181093086706,1.6397615548324909,3.1474160834863563,0.06593853363458509,-0.025260631753104033,5.348973550612818,7.569335442305254,-0.03700003089747088,-0.005780587135737328,3.211423086624385,7.8783638639642515,-0.06629421027054308,-0.017323555416243613,7.856333228876542,2.2272073390669767,-0.23067301596893966,-0.1575947363076899,7.994333330076831,3.1545629174835765,-0.023276529109153933,-0.0921426821577158
291,5.222271821482891,2.678380523574849,-0.13373553303026348,-0.11502784930807822,6.577604592869053,8.645496409547604,-0.03358611001194085,-0.066246370504002,6.721923656223008,3.0982369548331548,0.06795610099267439,-0.12708224654397557,4.028183061273994,6.626286044501807,0.16830851983086864,0.07903702949908226,6.259243963822535,5.743343404520941,-0.0752204948285738,0.10045698857386814,1.6430584815142202,3.146153051898701,0.06476289199356432,-0.02188350969363958,5.347123549067945,7.569046412948468,-0.031366909541102814,-0.00968547777730742,3.2081083761108578,7.877497686193439,-0.06371815712799547,-0.012214436000960411,7.844799578078095,2.219327602251592,-0.23629245880438984,-0.1606486437989566,7.993169503621373,3.149955783375691,-0.03791761735645313,-0.09595531337734127
292,5.215585044831378,2.672629131109445,-0.14500649568580776,-0.11299110849094861,6.575925287368456,8.642184091022404,-0.03430150619268979,-0.06699473983454231,6.7253214612726415,3.091882842505956,0.06203836596738772,-0.119679760934921,4.036598487265538,6.630237895976761,0.15902812283294002,0.0713469559493348,6.255482939081107,5.748366253949634,-0.0798769404361168,0.0977571933947991,1.6462966261138985,3.145058876414019,0.06346932628814574,-0.01858082712997705,5.34555520359089,7.568562139059602,-0.02581402795753138,-0.013425373821442514,3.204922468254458,7.876886964393391,-0.060926741414268,-0.00730106010176474,7.832984955137875,2.211295170061644,-0.24157398800744714,-0.1634038902966473,7.991273622753551,3.145158017706824,-0.05194155166116733,-0.09958747924145127
293,5.2083347200470875,2.666979575684898,-0.15578353551172405,-0.1104905366216349,6.574210212058821,8.638834354030678,-0.03499593643963898,-0.06770023554409567,6.728423379571011,3.08589885445921,0.056593639246935404,-0.11196084022721836,4.044549893407185,6.633805243774228,0.1493775020148019,0.06364031826880424,6.251489092059301,5.7532541136193736,-0.08423703547512686,0.09501619128962266,1.6494700924283057,3.14412983505752,0.06206189559463854,-0.015359392402665917,5.344264502193013,7.56789087036853,-0.02042288208744185,-0.016908398433511645,3.2018761311837447,7.876521911388303,-0.057928665593762384,-0.002585353321211875,7.820906255737503,2.2031249755468116,-0.2469630335588664,-0.1661094667537305,7.988676545170493,3.1401786437447514,-0.06532542744842548,-0.103038533412179
294,5.2005455432715015,2.6614550488538162,-0.16604489830278546,-0.10752968520564311,6.572460415236839,8.635449342253473,-0.03564090898752774,-0.06836120062353733,6.731253061533358,3.080300812447849,0.051567535318250216,-0.10402338132462094,4.052018768507924,6.636987259687668,0.1395934576894502,0.055927579307822876,6.247277240285545,5.758004923183854,-0.08829322170411741,0.0922379213803004,1.6525731872080376,3.1433618654373867,0.06054488921229238,-0.012225404767291849,5.343243358088642,7.567045450446855,-0.015243253730150626,-0.02009826691347876,3.198979697904057,7.876392643722243,-0.05473251701941012,0.001930983745676934,7.80855810405956,2.1948195022091253,-0.25244172077073757,-0.16881201380474303,7.985410273798071,3.1350267170741426,-0.07806396374670048,-0.10631977767523194
295,5.192243298356362,2.656078564593534,-0.17574620542072444,-0.10412049025935405,6.570678369787463,8.632031282222297,-0.036223151372080695,-0.06897580670038882,6.73383143829927,3.0750996433816176,0.04641534446906523,-0.09619088620147298,4.058998441392397,6.63978363865306,0.12972981285111707,0.048237507993249586,6.242862579200339,5.7626168192528695,-0.09203969139551317,0.08942558108349549,1.6556004316686521,3.142750595199022,0.05892273278598184,-0.009184619611101452,5.342481195402134,7.566040537101181,-0.010325435049745008,-0.022980673215275197,3.196243072053086,7.876489192909527,-0.05134595619191645,0.006244844951850831,7.795936018021023,2.186378901518888,-0.257559592755577,-0.1715883290542457,7.981507075610736,3.129710728190381,-0.09014545718399067,-0.10943202116366292
296,5.183455988085326,2.650872540080566,-0.1848463594629684,-0.10030894794208281,6.5688672122188585,8.628582491887277,-0.03673021963358487,-0.06954037318783525,6.736152205522723,3.070290099071544,0.04114752656948046,-0.08851270601353238,4.065484932034953,6.642195514052722,0.11979166667716305,0.04078294059064834,6.238260594630563,5.7670880983070445,-0.09546922940706408,0.08658006558646666,1.6585465683079512,3.142291364218467,0.057200879395645804,-0.0062400233130624925,5.3419649236496465,7.564891503440418,-0.005743936322542592,-0.025576944067066103,3.1936757742434905,7.87680143515712,-0.04776877449502467,0.010348074519259393,7.783058038383245,2.1777994850661755,-0.26217527772679033,-0.1732020825294945,7.9769998027515365,3.124239127132198,-0.1015457812902071,-0.11237361357386971
297,5.174213670112177,2.645857092683462,-0.19332543161653667,-0.09612432078165285,6.567030701237179,8.625105473227885,-0.03712456880629624,-0.07004534918660942,6.738209581851197,3.0658644637708674,0.03574991732072309,-0.08088570758900235,4.071474515368811,6.644234661082255,0.10983625750796597,0.033562834018735575,6.233487133160209,5.771417101586368,-0.09857606675421393,0.08369891768773305,1.6614066122777336,3.141979363052814,0.055386970356744475,-0.003390612279968563,5.341677726833519,7.563612656237065,-0.001535206533881589,-0.02785743640262404,3.1912873355187394,7.877318838883083,-0.04401553036322115,0.014245584988219201,7.769949274496905,2.1691393809397006,-0.2661404323895186,-0.1738329360874537,7.971922513687026,3.1186204464535043,-0.11224672386613865,-0.11514522340919639
298,5.164547398531351,2.6410508766443797,-0.20119427588724284,-0.09165057011586897,6.565174472796865,8.621603205768555,-0.03744352108359898,-0.07047879663142088,6.739997077717233,3.061820178391417,0.030158753908986605,-0.07320071384510586,4.076966328244209,6.645912802783191,0.0998348648454408,0.02658657898929565,6.228558329822499,5.775602047470755,-0.10135636638795531,0.08078170935143936,1.6641759607955708,3.1418098324388155,0.05348578745190496,-0.0006409648935964732,5.341600966506825,7.562219784416934,0.002338871486571864,-0.02990588319945851,3.1890865590005784,7.878031118132494,-0.04011048474957465,0.01793716886006063,7.756642252877429,2.160447734135328,-0.26945732768072783,-0.17355774989427808,7.966310177493719,3.1128631852830444,-0.12217402944532414,-0.11775764786477949
299,5.1544876847369885,2.636468348138586,-0.20844436285041956,-0.086956005847876,6.563302296742685,8.618079265936984,-0.03767065613091553,-0.0708344883502898,6.741505015412683,3.058160142699162,0.024401376984829463,-0.06551042646369526,4.081958071486481,6.647242131732656,0.08980603169457715,0.01984608119156806,6.223490511503101,5.779641132938327,-0.1038073607901255,0.07782965502222287,1.6668502501681661,3.1417777841941357,0.051502154187005704,0.0020046340171524855,5.341717910081154,7.560724490256961,0.005872186027554111,-0.031741979508583935,3.1870810347630996,7.878927976575497,-0.03608024181475161,0.02141617909930414,7.743169386493392,2.1517698466406143,-0.27216249081685245,-0.1724206447981465,7.960201476021453,3.1069753028898055,-0.13118366340366383,-0.12019459736373092
300,5.144065466594467,2.6321205478461924,-0.21509629336141733,-0.08207594223958722,6.561418763936139,8.61453754151947,-0.037816447974449045,-0.07111457157726113,6.742725084261925,3.054884621375977,0.018510999746436635,-0.05780568346581051,4.08644837307121,6.648234435792235,0.0797680730725984,0.013332902097968741,6.218300143463595,5.783532615689438,-0.10592289876138365,0.07482181968619335,1.6694253578775164,3.1418780158949935,0.049440999866169635,0.004542433457476793,5.342011519382531,7.559137391281531,0.009048558898356991,-0.03335069415617505,3.185277022672362,7.8799987855304625,-0.03193693631937026,0.024683435642344414,7.729561261952549,2.143148814400707,-0.2743308906574458,-0.17017743162886978,7.95364229285127,3.100965573021619,-0.1392419699784853,-0.12245088369425203
301,5.133310651926396,2.628016750734213,-0.22115823958956388,-0.07705605954570047,6.559527941537416,8.610981812940606,-0.03788236735880936,-0.07131831988072668,6.743650634249247,3.0519943372026863,0.012511476717705288,-0.05004814192852566,4.09043677672484,6.648901080897133,0.06975399058120053,0.007039028609065696,6.213003998525526,5.787273706673748,-0.10769537921940482,0.07175502790590037,1.6718974078708249,3.1421051375678672,0.04730736778740281,0.006969174543423353,5.342463947327449,7.557469856573722,0.01185506557681902,-0.0347179702249519,3.1836801758563933,7.88123295731258,-0.02769048088838576,0.027740390793604314,7.715844717419676,2.1346399428192635,-0.27621781315102284,-0.16600256249384762,7.9466801943523455,3.094843028836906,-0.1463332075831034,-0.1245291341173258
302,5.122252739946918,2.6241639477569283,-0.22664700520180847,-0.07196301475805512,6.557633823169476,8.60741589694657,-0.03787049374104107,-0.07144504407033969,6.7442762080851315,3.04949193010626,0.006543143309468784,-0.041826046260209776,4.093924476253901,6.649253032327586,0.05982474487082761,0.0009584522041365343,6.207619229564556,5.790861458069043,-0.10910722624456085,0.06857089860816706,1.674262776260195,3.1424535962950384,0.0451063861853301,0.009282075973255335,5.34305670060629,7.555733958062475,0.014255841203120786,-0.03586848617989341,3.182295651811974,7.8826199768522605,-0.023344112799067486,0.03058581427596277,7.702033826762126,2.126339814694571,-0.2778040093500823,-0.15999143742101074,7.93936353397319,3.08861657213104,-0.15246074574259302,-0.12643111404802468
303,5.110920389686828,2.6205657970190255,-0.23154200424396182,-0.0668024531815695,6.555740298482424,8.603843644743053,-0.03778224869192207,-0.07149545196871918,6.7446033652506046,3.0474006277932495,0.0009384719951100731,-0.03349073603949139,4.096915713497442,6.649300954937793,0.05001327942864697,-0.005002943223448114,6.202163868252328,5.7942900029994515,-0.1101650198171059,0.06526783643742312,1.6765180955694614,3.142917700093701,0.04284514279727334,0.011484226757688223,5.343769492666446,7.55394053375348,0.01628488724687441,-0.03681967414442221,3.181128446172021,7.884149267566059,-0.018909921363492,0.03322278317920631,7.688143626294622,2.1183402428235207,-0.27907348621084394,-0.15230034090654732,7.931740496686061,3.0822950164286387,-0.15764634574023267,-0.12820172273393537
304,5.099343289474629,2.617225674359947,-0.23584105295085098,-0.06155389689547292,6.553851186047828,8.600268872144618,-0.037619412155156975,-0.07147051065540586,6.74465028885036,3.045726090991275,-0.004099584154968701,-0.025143998863311503,4.099416377468874,6.649050807776621,0.0403451512362222,-0.010910682549805956,6.196655617261473,5.797553394821323,-0.11088118378018536,0.061847457424600016,1.6786603527093251,3.1434919114315854,0.04052939021651143,0.01357452905367106,5.34458373702879,7.552099550046259,0.017949471004394132,-0.03755376928012589,3.180182950103846,7.885810406725019,-0.01439988040973662,0.035654445373637135,7.674189951984079,2.1107252257781934,-0.27937338213815394,-0.14428217507974983,7.9238581793990495,3.075884930291942,-0.162078463306699,-0.1300081763493624
305,5.087551236827087,2.6141479795151734,-0.2394346672757783,-0.05590437681121103,6.55197021544007,8.596695346611847,-0.037384981499319916,-0.0713697499929433,6.744445309642611,3.0444688910481097,-0.008696556993012867,-0.01676976159414837,4.101433635030685,6.64850527364913,0.03082812379853528,-0.01690994555327447,6.191111558072463,5.800645767692553,-0.11127176109646954,0.05831406614263762,1.6806868222201508,3.144170637884269,0.038164246246856395,0.015551169017357527,5.34548121057901,7.550221861582253,0.019258199386385517,-0.03805217815089742,3.179462956083359,7.887593128993701,-0.009830958635110841,0.03787770812324947,7.660221282877171,2.103511117024206,-0.27870115909173193,-0.13603293918149353,7.915754256233715,3.0693845214744737,-0.16622684786287328,-0.13214075696494249
306,5.075579503463298,2.6113527606746127,-0.2423487424566665,-0.049876258454148684,6.550100966365104,8.5931268591122,-0.03708245775223339,-0.07119265291685883,6.7440104817929605,3.0436304029684025,-0.012978818796759092,-0.008392947914214821,4.102975041220612,6.647659776371467,0.021478972842858247,-0.023074756359787302,6.18554797001764,5.803561470999686,-0.11136553782915272,0.054687797413070095,1.6825950345324936,3.144948196335137,0.03575492107931966,0.017412682982189356,5.346444120548329,7.548319252674708,0.020213478185323316,-0.03829654813736448,3.178971408151604,7.889487014399863,-0.005213184521098123,0.03989446089528268,7.6462862249225845,2.0967094700651314,-0.27709962661757176,-0.1276015522338617,7.907442913840571,3.0627774836262267,-0.17008965762523195,-0.13460201752211717
307,5.063462066340465,2.6088589477519055,-0.2446091290279546,-0.043743238902513894,6.548246843477492,8.589567226466357,-0.036715534166699294,-0.07093890874958311,6.7433615408531224,3.0432107555726917,-0.016937191941028083,-2.346113524028838e-05,4.104048989862754,6.646506038553477,0.012300709893868379,-0.029422337358923273,6.179979693126183,5.806295860870339,-0.11122059572433628,0.05101320161004771,1.6843827805864595,3.1458188304842465,0.03330658914212579,0.019158017436070145,5.347454794457595,7.5464044252678395,0.0208060157821451,-0.038278367479429615,3.178710748925549,7.891481737444628,-0.000556829810638414,0.041709259719771796,7.632431243591706,2.0903293924534383,-0.2746133719701976,-0.11903593711631179,7.898938430959309,3.056047382750121,-0.17366639489499114,-0.13739420474346545
