step,agent_0_x,agent_1_x,agent_2_x,agent_3_x,agent_4_x,agent_5_x,agent_6_x,agent_7_x,agent_8_x,agent_9_x,agent_0_y,agent_1_y,agent_2_y,agent_3_y,agent_4_y,agent_5_y,agent_6_y,agent_7_y,agent_8_y,agent_9_y,agent_0_vx,agent_1_vx,agent_2_vx,agent_3_vx,agent_4_vx,agent_5_vx,agent_6_vx,agent_7_vx,agent_8_vx,agent_9_vx,agent_0_vy,agent_1_vy,agent_2_vy,agent_3_vy,agent_4_vy,agent_5_vy,agent_6_vy,agent_7_vy,agent_8_vy,agent_9_vy
0,2.7715461560480072,7.97213761303808,0.012015746601827929,0.02558327238137645,7.124214859366168,5.142659721413465,-0.1609598495271334,-0.0615159582906626,4.536172838635644,2.263090238631093,0.08879246960036626,-0.014583842000019373,6.031802208985241,5.635189768279393,-0.07002124101250373,-0.17025426473934785,3.6154957744278917,2.1602733631633826,-0.0003161416396197103,0.15124783641398798,1.197450147247794,2.6406370898229383,0.058888684608135934,0.18385437566665894,1.015234309370325,5.131065261285211,0.14081172702977837,0.24568732084125666,7.956397909199851,8.381539237141723,-0.10310925265681659,-0.10915348847272682,1.2270643165674122,1.6884741838929989,-0.016563856286592987,0.012122634192283932,7.535311964006623,5.533334504609757,0.09370374616362738,0.19357071735412318
1,2.7721469433780985,7.973416776657149,0.11201574660182793,-0.07441672761862356,7.116166866889811,5.139583923498932,-0.2609598495271334,-0.04465982584294302,4.5406124621156625,2.262361046531092,0.06567787031285634,0.03744639352892655,6.028301146934616,5.626677055042426,-0.17002124101250374,-0.2702542647393479,3.6154799673459106,2.167835754984082,0.0996838583603803,0.16805132901967418,1.2003945814782009,2.6498298086062713,0.055958043806348556,0.28385437566665894,1.022274895721814,5.143349627327273,0.23551192043492974,0.34568732084125664,7.951242446567011,8.376081562718086,-0.05361987968814288,-0.20915348847272683,1.2262361237530826,1.689080315602613,0.08343614371340702,0.0915012808044513,7.539997151314805,5.5430130404774625,0.1429065221188276,0.2935707173541232
2,2.77774773070819,7.9696959402762175,0.21201574660182793,-0.17441672761862356,7.103118874413455,5.137350932206784,-0.36095984952713345,-0.02978381780919058,4.543896355631305,2.2642333662075385,0.047257691124604845,0.08929583028887528,6.019800084883991,5.613164341805458,-0.27002124101250374,-0.37025426473934786,3.62046416026393,2.176238321435066,0.19585977336320318,0.1816957694918002,1.2031924836685184,2.664022527389604,0.051015718676243535,0.3838543756666589,1.0340504917435605,5.160633993369336,0.3259523606128472,0.4456873208412566,7.948561452582603,8.36562388829445,-0.002001834119676686,-0.30915348847272683,1.230407930938753,1.6936553796428355,0.18343614371340702,0.1644774646957477,7.5471424774207465,5.557691576345168,0.18968335624911475,0.3935707173541232
3,2.7883485180382817,7.9609751038952865,0.31201574660182796,-0.27234795768683034,7.085070881937098,5.135861741316325,-0.4609598495271334,-0.0013133969717882346,4.546259240187536,2.2686981577219822,0.03355310658566823,0.1407689471635701,6.006299022833367,5.59465162856849,-0.3700212410125038,-0.47025426473934784,3.63025714893209,2.185323109909656,0.26527375718507207,0.19518267488778485,1.2057432696023305,2.683215246172937,0.044317712284718265,0.4838543756666589,1.050348109774203,5.182918359411398,0.412759140712716,0.5456873208412566,7.948461360876619,8.350166213870814,0.050856464897275834,-0.4091534884727268,1.2395797381244233,1.701879252877623,0.28343614371340703,0.22882688953476749,7.5566266452332025,5.577370112212875,0.2353865319130628,0.49357071735412317
4,2.803949305368373,7.947357706010945,0.41055015779376824,-0.3673743255895861,7.062022889460742,5.135796071467736,-0.5609598495271334,0.0326407703942396,4.547936895516819,2.275736605080161,0.023900117973016402,0.19153810338114519,5.987797960782741,5.571138915331523,-0.47002124101250375,-0.5702542647393478,3.643520836791344,2.195082243654045,0.3144962920800153,0.20238719484508885,1.2079591552165665,2.70740796495627,0.03677698264280389,0.5838543756666589,1.0709860668098388,5.2102027254534615,0.4958721434898156,0.6456873208412566,7.951004184121483,8.329708539447179,0.1072656152592906,-0.5091534884727268,1.2537515453100938,1.7133205973543613,0.38343614371340706,0.2867951603134235,7.568395971828855,5.602048648080581,0.28137195345141575,0.5935707173541231
5,2.8244768132580615,7.928988989731466,0.5060227379882415,-0.4594296820921191,7.033974896984385,5.1374281099874475,-0.6609598495271334,0.0692867312020399,4.549131901415469,2.285313510249218,0.017417086163686417,0.2418046911153676,5.964296898732115,5.542626202094556,-0.5700212410125037,-0.6702542647393478,3.6592456513953446,2.2052016033963,0.3381219415918294,0.20784092559219255,1.2097980043487067,2.736600683739603,0.029281253017578827,0.6838543756666589,1.0957796739843295,5.242487091495525,0.5748681521243829,0.7431621104607024,7.956367464884448,8.304250865023542,0.16897872069943037,-0.6091534884727268,1.2729233524957642,1.7276603553700325,0.48343614371340704,0.3349721224506458,7.582464569501426,5.631727183948287,0.32714840110518617,0.6935707173541231
6,2.8497779501574736,7.90601750562686,0.5981706307017882,-0.5482443996233233,7.000926904508028,5.140892446547549,-0.7609030045774111,0.10745548935595531,4.5500027557236535,2.297403744804986,0.014730104679392479,0.28852242426012775,5.93579583668149,5.509113488857588,-0.6700212410125037,-0.7702542647393478,3.676151748474936,2.215593649675909,0.3445632203474942,0.2170864456772889,1.2112620669995855,2.7707934025229357,0.022683956123982177,0.7838543756666588,1.1245230815905487,5.27964519701856,0.6499939536876459,0.8345378309616485,7.964816400919419,8.273793190599905,0.23555815795528975,-0.7091534884727267,1.2970951596814344,1.7444089614925649,0.583436143713407,0.3769585610826572,7.5988219895566855,5.666405719815994,0.37369689878203555,0.7935707173541231
7,2.879686481692563,7.878605285645694,0.6869647429072936,-0.633362377480913,6.962881754279158,5.146265221015347,-0.8609030045774111,0.1647861096448042,4.550739260957624,2.311829866017993,0.016196324924157762,0.3317815025243642,5.902294774630865,5.470600775620621,-0.7700212410125037,-0.8702542647393477,3.693379909492311,2.226447971959774,0.3382456957355443,0.23665039031506432,1.2123962648057847,2.8099861213062685,0.016249283053074583,0.8838543756666588,1.157022779274931,5.321372088566642,0.7189491009540339,0.9200997382530608,7.976594308817184,8.238335516176269,0.312830590997816,-0.8091534884727267,1.3262669668671048,1.7632568895466978,0.683436143713407,0.4107595117290576,7.617506834495788,5.7060842556837,0.4211773568031995,0.8884863577082796
8,2.914034718837928,7.8469371667716485,0.7721537933433135,-0.7149066396517045,6.919836604050287,5.154504526497587,-0.9609030045774111,0.2371314200944044,4.551549077203831,2.328418941144211,0.019241373116301204,0.37289504007433677,5.8637937125802395,5.427088062383654,-0.8700212410125037,-0.9702542647393477,3.7102921942790883,2.238280491475527,0.33025782247933777,0.2639037826538171,1.2132087289584383,2.8541788400896015,0.009780569769535764,0.9838543756666588,1.1929702343226327,5.367377075479295,0.782610729915597,0.9999688595661559,7.992235838367074,8.197877841752632,0.4033684788094768,-0.8871715577399997,1.360438774052775,1.7837948651331508,0.783436143713407,0.43949552788334684,7.6385657023359474,5.750508573569114,0.4684928291676252,0.9676953516200227
9,2.9526424085050937,7.811191834789064,0.8537920818412383,-0.7928590305608995,6.871791453821417,5.166361097502307,-1.060903004577411,0.31311266751948374,4.552511145859646,2.347063693147928,0.023860069612191823,0.4114609886798742,5.820292650529614,5.378575349146686,-0.9700212410125036,-1.0702542647393478,3.726805085403055,2.251475680608218,0.3247570003375712,0.3013517895221795,1.2136977574469152,2.9033715588729345,0.0032098133341414772,1.0838543756666588,1.2321007708184126,5.417375518457603,0.8397064959831019,1.0728705018886961,8.012404262307548,8.153519263865633,0.5033684788094768,-0.929361608818796,1.3996105812384454,1.8057696415273181,0.883436143713407,0.46416475190716583,7.661990343794328,5.798893341150115,0.5096616142628401,1.0346771738722964
10,2.9953320125971556,7.771548883261019,0.9504023001277526,-0.8352744289201982,6.818746303592547,5.182016730878281,-1.1609030045774111,0.38520877690974253,4.5537041493402555,2.3676367425819214,0.031082890430616048,0.4462230016384008,5.771791588478989,5.325062635909719,-1.0121921768704518,-1.107008128733595,3.7430429354199335,2.266543270084327,0.321429733093113,0.34520381479264156,1.2138582481136222,2.9575642776562674,-0.0036983575447456993,1.1838543756666589,1.2740860956175677,5.471019043552038,0.8995314395255823,1.1395648986229339,8.037572686248023,8.107051183424693,0.6033684788094767,-0.9460832627570895,1.4437823884241157,1.8289778791226765,0.9834361437134069,0.4862071217496951,7.687473424507471,5.850627199843729,0.5458112561342924,1.0886434517100496
11,3.042852127603543,7.729785161815009,1.0497482643210967,-0.858227152423311,6.7607011533636765,5.2012771697237685,-1.2609030045774112,0.4534512195176222,4.555258293861787,2.3899478926638413,0.0420360068475472,0.47623787418936514,5.721181979635467,5.269712229473039,-1.016448060218421,-1.1031016910866418,3.7591144220745893,2.283803460823959,0.31621901867839725,0.38969645886422055,1.213673330236385,3.0167569964396,-0.011548438273276583,1.276458750552218,1.3190626675938468,5.527997288483184,0.9341843075665544,1.1735841169240477,8.067741110188496,8.059747020286839,0.6919595716344127,-0.9316556008613376,1.492954195609786,1.8532882352101612,1.0788835528663916,0.5045699061353762,7.714763987314186,5.905059372429232,0.5779620104668348,1.1223650030091448
12,3.095339540819598,7.686873804193843,1.1429403112018188,-0.8443284042639024,6.697656003134806,5.223949730699649,-1.3609030045774113,0.5182110044545271,4.557360094204164,2.41375978637331,0.05527108261935582,0.5022046376857641,5.670359576624546,5.2145571449187065,-1.022470583261133,-1.0975217111135607,3.774925373008509,2.30328828376717,0.31060498347434434,0.4328084835290994,1.213095908322721,3.080579933967211,-0.01895077189048697,1.3612220390501428,1.3657718829721746,5.586676494329386,0.935213999929916,1.1727637333815737,8.102339088770217,8.013164240243771,0.7610074816094645,-0.89304861147764,1.5468983732531056,1.87851673051693,1.1404652539066595,0.532517814775284,7.743662087837527,5.961177622579689,0.6082530939219206,1.146093939919774
13,3.152486556379689,7.644657383980649,1.2176801786506255,-0.8083230324548967,6.629610852905935,5.249860280922376,-1.394162021642882,0.553454837731709,4.560123648335131,2.438870018257598,0.06878170321338048,0.5259054128918531,5.619236047461489,5.159681059363028,-1.0261098458935098,-1.0941200044603872,3.7904556221822263,2.324928707943625,0.306380010674924,0.4732651600122537,1.2121483697281967,3.148641035919718,-0.025636462472285525,1.4377533181372095,1.4125325829686703,5.645314680998465,0.9343491764532537,1.1734528607750405,8.14038946285069,7.96851180966989,0.8087826071130045,-0.8456828685558108,1.6039216359484385,1.9051426212556941,1.167214835005216,0.554381817718323,7.774074742533623,6.018482319575678,0.6374951088068693,1.1673957026794595
14,3.2133705653122204,7.604241232357904,1.2673312828624328,-0.7587998547119386,6.559902751823791,5.277533022808962,-1.387687132918044,0.5694948824473306,4.5635627334958,2.465165288902191,0.0538649121915566,0.5451549474987867,5.5679305551668135,5.104975059140009,-1.0412509598398942,-1.0797205372838374,3.8057746227159726,2.348591965944238,0.3068813166573945,0.5104463645696725,1.2108665466045825,3.2205287018265785,-0.03316851130240149,1.499633238447982,1.459250041791333,5.703987324037216,0.928733838594686,1.1779021423909457,8.180828593206341,7.926227666242099,0.8365053472863444,-0.8031881453550127,1.6622823776986992,1.9328617121416103,1.1773373323849958,0.5691435219247897,7.805949497973966,6.07685210470965,0.6608036467073172,1.1702508409738583
15,3.2767371294553422,7.566301239622307,1.2967367158019623,-0.7021946348709351,6.490518395177888,5.306007766931328,-1.3818406025682015,0.5835379585716336,4.566255979105378,2.4924230362771302,0.039090042809175156,0.5547892731521012,5.515868007174819,5.050989032275817,-1.05267927483038,-1.068581463596756,3.821118688548842,2.3741142841727214,0.30774736730310354,0.5460710772752847,1.2092081210394625,3.2955103637489778,-0.04212286918719782,1.499408437981939,1.5056867337210673,5.762882431156764,0.9201933516659719,1.1845860861709228,8.222653860570658,7.8860682589743485,0.8513326180921801,-0.7646218838250902,1.721149244317949,1.9613188882378498,1.2282943147591872,0.625052541633423,7.838989680309332,6.135364646758343,0.6745676004526823,1.1516508390426679
16,3.3415739652454404,7.53119150787876,1.3110011339867196,-0.6422339298290498,6.421426365049478,5.33518466485991,-1.376404376252677,0.5962474260174877,4.568210481245837,2.5201624999347354,0.023832167187856336,0.5567349794227364,5.4632340434333,4.997559959095979,-1.062952912614274,-1.0583624641703953,3.8365060569139975,2.4014178380364855,0.29855430005046757,0.5822139748811807,1.2071019775801026,3.3704807856480747,-0.057203317348926266,1.498908863301661,1.551696401304366,5.8221117354653105,0.9160378895569108,1.187802418290231,8.265220491475267,7.847837164783094,0.8655076352702387,-0.7279941232955721,1.7825639600559084,1.992571515319521,1.230715498270802,0.6566980065305789,7.872718060331966,6.192947188710476,0.67638101551809,1.1182775755643888
17,3.4071240219447763,7.499079811387308,1.3113603246146521,-0.5854352094692475,6.352606146236845,5.364997036160784,-1.3714537311073447,0.6075480749963273,4.569402089605229,2.5479992489058723,0.01363765994660725,0.5588189341965797,5.410086397802587,4.9446418358874595,-1.0729192736820892,-1.048257712664924,3.851433771916521,2.4305285367805447,0.2860452237531844,0.6176769235611047,1.2042418117126563,3.4454262288131576,-0.08175817454561238,1.4977702096433114,1.5974982957822115,5.881501856379822,0.917209637953859,1.1868978389248803,8.30849587323878,7.8114374586183155,0.8746752066360719,-0.6899176688945559,1.8440997349694486,2.02540641564605,1.2102661772988361,0.6820293785532077,7.906537111107871,6.248861067488695,0.6699887407211274,1.0801906843900724
18,3.472692038175509,7.469808050913845,1.3052208893680652,-0.545185525016237,6.284033459681478,5.395374439910601,-1.3659834698111768,0.6197492720468641,4.57008397260256,2.575940195615701,0.005463484922574658,0.5606278045940878,5.356440434118483,4.892228950254213,-1.100271008163041,-1.0195115048864754,3.8657360331041803,2.4614123829586,0.22533516911718282,0.6132309181124057,1.2001539029853756,3.520314739295323,-0.12311410623966337,1.4949391013833335,1.6433587776799043,5.9408467483260665,0.9217823718222785,1.1833500154213439,8.352229633570584,7.776941575173588,0.8783424073653228,-0.6504228027618196,1.9046130438343905,2.0595078845737103,1.17097186887484,0.7020129026372989,7.940036548143927,6.302870601708199,0.6546302852419823,1.038655169796948
19,3.537953082643912,7.442548774663034,1.3050619785422166,-0.5310307182831056,6.215734286190919,5.426361903512944,-1.3596345435748853,0.6335565546325863,4.570357146848688,2.6039715858454056,-0.0036070813740027956,0.5599247772618862,5.301426883710331,4.84125337500989,-1.12933292351797,-0.9872219344495721,3.8770027915600394,2.49207392886422,0.1721685591146651,0.6104934501901355,1.1939981976733924,3.5950616943644897,-0.17368007618366363,1.4560215360375695,1.6894478962710182,6.000014249097133,0.9284355579617698,1.1781372648007604,8.39614675393885,7.744420435035496,0.8707865366535193,-0.6119143756187228,1.9631616372781324,2.094608529705575,1.1142592831872027,0.7157221139867862,7.9727680624060255,6.354803360198047,0.635116180518052,0.9973912795305295
20,3.603206181571023,7.415997238748878,1.3084267512643417,-0.5357452813995368,6.147752559012175,5.458039731244573,-1.3542729699248552,0.6449377667115737,4.570176792779988,2.6319678247084997,-0.014358616372419697,0.5572126338630649,5.244960237534432,4.791892278287412,-1.2011718447197959,-0.8984354175189457,3.8856112195157726,2.522598601373727,0.12760654715749653,0.6067657730981794,1.1853141938642093,3.667862771166368,-0.2234830768722165,1.3990953094216636,1.7358696741691066,6.058921112337171,0.9339899100883546,1.173738832898165,8.439686080771526,7.71382471625456,0.8527415418820388,-0.5758670361793307,2.0188746014374925,2.1303946354049144,1.0501393302701036,0.7240782150526603,8.004523871431928,6.404672924174573,0.6203158271697968,0.9903303873956246
21,3.66862751913424,7.389209974678901,1.3203989119017203,-0.5632218156469352,6.080038910515932,5.490286619580152,-1.350118462629732,0.6535901903076037,4.569458861961367,2.659828456401653,-0.026117910941912036,0.5527115052938195,5.184901645298442,4.746970507411464,-1.2596851698153693,-0.8143667926353726,3.8919915468736472,2.552936890028636,0.08548989919874103,0.5981206476196733,1.1741400400205986,3.737817536637451,-0.26930104214130524,1.3564108050319008,1.7825691696735244,6.11760805398208,0.9386809119732413,1.1699906604315626,8.482323157865629,7.685031364445594,0.8274231577115065,-0.5383677216327456,2.071381567950998,2.166598546157547,0.98540759527903,0.7300335300614198,8.035539662790418,6.4541894435443545,0.6069395986584634,0.9872884671434803
22,3.734647464729326,7.361048883896554,1.331188027628668,-0.5991481129539497,6.0125329873844455,5.522966129095532,-1.3486646297165663,0.6565848890672681,4.568152966414272,2.687464031666344,-0.037375365694834094,0.5477501942217083,5.121917386807674,4.706252167779695,-1.2981759563585673,-0.7514913082215385,3.8962660418335844,2.5828429224096197,0.052317381183833195,0.5813557952150789,1.1606749879135334,3.8056380768890463,-0.30442440825878264,1.3222981489154153,1.8295032152721864,6.176107587003658,0.9387148695089085,1.1699634155660052,8.523694315751204,7.658112978363957,0.8012483293013579,-0.49898944814565455,2.1206519477149492,2.203100222660618,0.9190690859578172,0.7285825031337401,8.065886642723342,6.5035538669015285,0.590457343795678,0.9814042023614091
23,3.801206866110759,7.331091478248857,1.3172346354210456,-0.5811484996688849,5.945099755898617,5.555795373548896,-1.3510458459463868,0.6516710229487056,4.56628419812953,2.7148515413774295,-0.04824216862566601,0.5430392684787245,5.057008588989746,4.668677602368618,-1.3405717366043945,-0.672954247343367,3.898881910892776,2.6119107121703737,0.03127451715919406,0.5558221339687791,1.1454537675005942,3.871752984334817,-0.3274759905356038,1.2970371073933893,1.8764389587476318,6.234605757781958,0.9349908193321427,1.1729416727888085,8.563756732216271,7.6331635059566745,0.7717505151228912,-0.45534934420945916,2.16660540201284,2.239529347817305,0.8502348586342852,0.7208876813289782,8.095409509913125,6.552624077019599,0.570304745176217,0.9730840652480763
24,3.8670685978818113,7.302034053265413,1.2974373624408324,-0.5685215417755134,5.877547463601298,5.588378924696331,-1.3543422775049214,0.6447922109972968,4.563872089698247,2.7420035048013656,-0.058671622475458485,0.5379930032789441,4.989980002159526,4.63502989000145,-1.3568786924716618,-0.6394374198593583,3.9004456367507356,2.639701818868813,-0.027127991338044097,0.45582213396877913,1.1290799679738142,3.9366048397044864,-0.33818901795326356,1.3194517022820764,1.923188499714239,6.293252841421399,0.9306155617561388,1.1764160302449582,8.602344257972415,7.6103960387462015,0.7574658104972847,-0.4199243040836123,2.209117144944554,2.2755737318837537,0.780506609322838,0.7094107719597479,8.123924747171936,6.601278280282004,0.5476287943510026,0.9619018106952352
25,3.931940466003853,7.2736079761766375,1.2602924898946364,-0.5541070584667213,5.8098303497260515,5.620618535246195,-1.3578036096923156,0.6374710640542971,4.560938508574474,2.768903154965313,-0.07110474457390438,0.53666838737202,4.922136067535943,4.603058019008482,-1.365098642507267,-0.6216958229108647,3.8990892371838335,2.6624929255672516,-0.0694233101799783,0.35582213396877915,1.1121705170761509,4.002577424818591,-0.3482977019566167,1.334157811746245,1.969719277802046,6.352073642933647,0.9255884239686455,1.1803753934300896,8.64021754849728,7.589399823542021,0.7583191474722631,-0.39775465448262964,2.2481424754106962,2.311044270481741,0.7058635755799333,0.6942748221096655,8.151306186889485,6.6493733708167655,0.5219068777946443,0.9458830743327779
26,3.9949550904985847,7.2459026232533015,1.2053231731736738,-0.5292811815155036,5.741940169241436,5.65249208844891,-1.3614179305482224,0.629715188304836,4.557383271345779,2.795736574333914,-0.08267596562750469,0.5404032416082653,4.85388113541058,4.571973227862938,-1.3638888014518693,-0.6243455271515792,3.8956180716748348,2.6802840322656905,-0.10307901920822232,0.2558221339687792,1.09475563197832,4.069285315405903,-0.3565701814311612,1.3438427655848317,2.015998699000478,6.411092412605151,0.9224174666416776,1.1828550279870944,8.678133505870893,7.569512090817889,0.7705938285039671,-0.3863766843533782,2.283435654189693,2.345758011587224,0.632367907407097,0.6724037142929693,8.177401530779218,6.696667524533404,0.4940246594337434,0.9195728569522542
27,4.055221249157269,7.219438564177526,1.1331067458474713,-0.4958039347541816,5.6738692727140245,5.683977847864152,-1.3648841114788122,0.6221666675680184,4.553249473064404,2.8227567364143273,-0.09391382088310848,0.5469916939176352,4.785686695337986,4.540755951505359,-1.3587319388719588,-0.6354899828394212,3.8904641207144235,2.6930751389641294,-0.1308963579132852,0.15582213396877917,1.076927122906762,4.136477453685145,-0.36085682715653067,1.3533448888810926,2.062119572332562,6.470235164004506,0.9223595418611317,1.1829001967781234,8.716663197296091,7.5501932566002194,0.7918448706911809,-0.3851388861505953,2.315054049560048,2.3793781973018726,0.561105231883339,0.6432509871658941,8.202102763750904,6.742646167381016,0.46661060873546306,0.8842516779199284
28,4.111876586449642,7.194648367439817,1.0331067458474712,-0.4488875721109397,5.605625067140084,5.715086181242553,-1.3682248625415383,0.6147851051572317,4.548553782020249,2.850106321110209,-0.10557663937456738,0.5521532613225014,4.717750098394388,4.508981452363388,-1.352630066164108,-0.648376359924451,3.883919302818759,2.7008662456625685,-0.15303463609960644,0.055822133968779164,1.0588842815489354,4.204144698129199,-0.36020991894780285,1.3636452725979142,2.1082375494256183,6.529380173843412,0.9267608557090561,1.1794550929668404,8.75625544083065,7.53093631229269,0.8215186258600957,-0.39183627786922137,2.343109311154215,2.4115407466601675,0.48966116750460065,0.6062049242195745,8.225433294187678,6.786858751277013,0.43902054254092876,0.8439267783656758
29,4.163531923742016,7.17220398883427,0.9331067458474712,-0.39964063507442543,5.537213824013007,5.745825436500414,-1.371174252619627,0.6081785666669021,4.54327495005152,2.877713984176334,-0.11898065855152737,0.5541851797513396,4.650118595086183,4.476562634367165,-1.3498151977555728,-0.6542162730382696,3.876267571013779,2.7036573523610072,-0.16661073090580075,-0.04417786603122084,1.0408737856015453,4.272326961759095,-0.3532941335755456,1.3718441977056317,2.154575592211071,6.588352928491754,0.933852360262246,1.173848273514355,8.797331372123654,7.511344498399229,0.8691823502825505,-0.4177983236579863,2.367592369529445,2.4418509928711463,0.4221292063019792,0.56944133364531,8.247384321314724,6.829055090195297,0.4132093441871614,0.8023867248788518
30,4.21018726103439,7.152221957080549,0.8331067458474712,-0.3719418976915366,5.468655111382025,5.776234364833759,-1.3737672719973597,0.6022984994078376,4.537325917123944,2.9054232431639013,-0.13358061065323482,0.5537867112923146,4.582627835198404,4.443851820715252,-1.346932009506013,-0.6601319275478905,3.867937034468489,2.701448459059446,-0.17232707152214616,-0.1365776002898726,1.0232090789227681,4.3409191716443765,-0.33926699105082636,1.3797119467409902,2.2012682102241836,6.647045342167472,0.945970021461997,1.1641051148823243,8.840790489637781,7.490454582216329,0.913928403501392,-0.4492695164947478,2.388698829844544,2.4703230595534116,0.35902556026201643,0.5361647697624823,8.268044788524083,6.86917442643924,0.3783020002035112,0.7698692321077031
31,4.251842598326763,7.133624862195973,0.7331067458474713,-0.355705053032685,5.399966747782157,5.806349289804151,-1.3735343043900132,0.6028295900698988,4.530646886591282,2.933112578728517,-0.1473789115751518,0.5515994121227146,4.515281234723104,4.410845224337857,-1.3547154317380792,-0.6440078407990929,3.8593206808923814,2.6946195790449523,-0.1580782041892108,-0.21589404945521684,1.0062457293702267,4.409904768981426,-0.32130724284230355,1.387067217275744,2.2485667112972836,6.705250597911588,0.9606676423897725,1.1520059378602507,8.88648690981285,7.467991106391592,0.9472045799540287,-0.48742084625053084,2.406650107857645,2.497131298041536,0.2590255602620164,0.5280374864575526,8.286959888534259,6.9076678880446245,0.3281834763673753,0.7368700205579441
32,4.288497935619136,7.115839609544338,0.6331067458474713,-0.3355663035524375,5.331290032562657,5.836490769307646,-1.3747331852337412,0.6000905510146712,4.523277941012524,2.9606925493346528,-0.15996513267405163,0.5480644413176656,4.4475454631362,4.378644832297902,-1.3690338607811976,-0.6129814744627514,3.851416770682921,2.6838248765721913,-0.13287357548323242,-0.2669735014930281,0.9901803672281115,4.479258129845213,-0.30141376945553905,1.3958616620751672,2.2966000934167723,6.7628508948046,0.9765609169354421,1.1383171440818312,8.933847138810552,7.443620064079066,0.9570610856460339,-0.5445840728549926,2.4196013858707457,2.5235331723644134,0.1590255602620164,0.5294780537013968,8.303369062352628,6.944511389072522,0.2834194225458116,0.7105011104837101
33,4.32015327291151,7.099061294366716,0.5331067458474713,-0.31337121766929693,5.262553373300969,5.86649529685838,-1.3822765983472607,0.5825044254437262,4.515279684378822,2.988095771400536,-0.1899714877212776,0.5173372366372229,4.379093770097141,4.347995758574765,-1.3834089094759945,-0.5798101320108502,3.8447730919087593,2.67047620149754,-0.10176322320547668,-0.3037374973788771,0.9751096787553346,4.549051212948972,-0.28011553827105645,1.4054769395741276,2.3454281392635443,6.819766752008692,0.99154116455221,1.1206346036651136,8.981700193092854,7.416390860436316,0.9347355773495442,-0.6302994680671661,2.4275526638838465,2.5500070750494834,0.08189771616678629,0.541590975922819,8.317540033479919,6.980036444596708,0.24011479143180556,0.6867306544676465
34,4.346808610203883,7.083392733483251,0.4361760691487866,-0.2981210206163413,5.193439543383606,5.895620518130566,-1.3933137286014694,0.555586945212602,4.505781109992758,3.013962633232397,-0.21514149804957045,0.49553530746136915,4.309923324623341,4.319005251974223,-1.3949761628822073,-0.5513995874050266,3.8396849307484855,2.655289326628596,-0.07326176026907531,-0.3415445715680632,0.9611039018417817,4.619325059927678,-0.2568241128641236,1.4133630758973412,2.395005197491155,6.875798482191948,1.0064808065047246,1.100691190526724,9.02843697196033,7.384875887032957,0.8913887133644826,-0.7302994680671661,2.431647549692186,2.5770866238456245,0.03079783761721048,0.5714461616699656,8.329545773051509,7.0143729773200905,0.19663501504935926,0.6688003539338749
35,4.3686174136613225,7.068486682452434,0.3578665510499554,-0.2986717416898645,5.123773856953533,5.923399865391196,-1.404916421054637,0.525556704696106,4.495024035090279,3.0387393986054656,-0.23588301887161864,0.479812362128842,4.240174516479231,4.291435272603971,-1.401568878148253,-0.5344199470512383,3.8360218427350317,2.6382120980501926,-0.03788818577375976,-0.37863764469771716,0.9482626961985755,4.689993213722545,-0.23152615818558814,1.4193461718859726,2.445329237816391,6.930833041718285,1.0230902517189961,1.078955985770464,9.073006407628554,7.348360913629599,0.8386576345013387,-0.830299468067166,2.4331874415730463,2.605658931929123,-0.005065186379142675,0.6195023916189631,8.339377523803977,7.047812995016784,0.15680740598716444,0.6619264564707916
36,4.3865107412138205,7.053553095367941,0.2962475553834515,-0.3015300267369784,5.0535280359008015,5.949677700626001,-1.4158040831546967,0.4954783528293526,4.483229884146698,3.0627300167119076,-0.24812114437468183,0.4685722128394724,4.170096072571818,4.26471427525141,-1.405468229016448,-0.52407924708518,3.8341274334463438,2.619280215815307,0.016599024738401497,-0.41456526522784565,0.9366863882892961,4.760960522316844,-0.20236633214532018,1.4234650029691511,2.4964837504023407,6.984780841006808,1.0318936118831616,1.0623077379324437,9.114939289353622,7.306845940226241,0.7751669457005269,-0.930299468067166,2.432934182254089,2.636634051510071,-0.02963964944858161,0.6753870747511348,8.347217894103336,7.080909317840324,0.11978610281028457,0.6663309793219011
37,4.401323118982993,7.038476594031092,0.2499732003295498,-0.30425470648271213,4.982737831743067,5.9744516182674685,-1.4245308800865508,0.46979971443141344,4.470823826927964,3.086158627353881,-0.25385093999452724,0.4604665950778605,4.099822661120996,4.238510312897151,-1.4052833104489098,-0.516074518380489,3.8349573846832636,2.5985519525539145,0.09632090469750795,-0.44870622460990284,0.92656807168203,4.832133772465301,-0.17050953003941655,1.423788518843485,2.5480784309964988,7.03789622790343,1.0331534048517925,1.050399056241751,9.153697636638649,7.260330966822883,0.7158668806599385,-1.030299468067166,2.43145219978166,2.6704034052476278,-0.048660568950363074,0.7366367361967525,8.353207199243851,7.114225866806419,0.08328527633228011,0.6820985089287203
38,4.413821778999471,7.023263858706956,0.21584603346229364,-0.30932397385996946,4.9115112877387395,5.997941603989039,-1.431431869510618,0.4483333614057028,4.458131279928237,3.109181957107774,-0.25818054278738634,0.4510158196929575,4.02955849559855,4.212706586978126,-1.4075758350996026,-0.5110364041158816,3.839773429918139,2.576116641323419,0.19632090469750796,-0.47441685800700517,0.9180425951800593,4.903323198407476,-0.13659918400822757,1.4206205032889376,2.5997361012390883,7.0904161807155175,1.0323604838898164,1.0380312034645083,9.189490980671646,7.208815993419525,0.6678111603306539,-1.130299468067166,2.429019171334142,2.7072352420574655,-0.06268254226226416,0.8035644195501765,8.357371463060465,7.148330792252855,0.049378473797223044,0.702220947597925
39,4.424614080672585,7.007797660013958,0.1900934383952694,-0.31594858830732475,4.839939694263209,6.020358272059324,-1.439395107484913,0.4220683884733559,4.445222252788867,3.1317327480924217,-0.26379173708505765,0.44201215215955986,3.9591797038435703,4.187154766772332,-1.4089612247405299,-0.5094628305042049,3.849589475153014,2.5523957984230687,0.29632090469750794,-0.4869898930683646,0.9112126359796479,4.974354223571923,-0.10438851508675692,1.4167731132481824,2.651354125433579,7.142317740888743,1.0280399797459823,1.023204737321377,9.22288153868818,7.152301020016167,0.6204411437557943,-1.2287601661949126,2.4258850442210287,2.7474134630349742,-0.07354502832669821,0.8770272336428127,8.359840386750326,7.183441839632751,0.015917534866711568,0.722008171235029
40,4.434118752592348,6.992000230598592,0.18256428695560264,-0.3344120479182638,4.767969938888963,6.041461691482992,-1.4474652859952521,0.3935025360003192,4.4320326659346145,3.1538333557004,-0.26815247436411516,0.4312607587221743,3.888731642606544,4.161681625247122,-1.4108928015438564,-0.5080150421576461,3.8644055203878898,2.5280463037696506,0.3963209046975079,-0.48803647863938543,0.90599321022531,5.045192879234332,-0.07262708339272617,1.4111206710462105,2.702756124420878,7.193477977754812,1.0196958987017852,1.0066982010164263,9.253903595875968,7.090863011706421,0.5721669545220144,-1.3139014971523253,2.4222077928046937,2.791264824717115,-0.08025223618526067,0.9588955245439967,8.360636263493662,7.219542248194503,-0.014424066505053571,0.7407452563986223
41,4.443246966940128,6.975279628202679,0.1978840694511013,-0.3646543360309042,4.695596674589201,6.061136818283008,-1.4543709047039224,0.36715837393513867,4.418625042216409,3.175396393636509,-0.2737590507919325,0.41900808149014723,3.818187002529351,4.13628087313924,-1.403634891471053,-0.5091020247766636,3.884221565622765,2.503644479837681,0.4963209046975079,-0.48302213023676605,0.9023618560556737,5.115748912786642,-0.03786299619256137,1.399453776342107,2.7537409193559674,7.243812887805634,1.0092343224188072,0.9897698232688905,9.282511943602069,7.025167936848805,0.5264894356774099,-1.3883582425384489,2.4181951809954305,2.839209600944315,-0.09951628303308095,1.038335504335638,8.35991506016841,7.256579511014434,-0.04174381371460252,0.7573405753120821
42,4.4531411704126835,6.957046911401133,0.2208450407469349,-0.399739051516477,4.622878129354005,6.079494736979765,-1.4604940230178514,0.3419900710972935,4.404937089676812,3.196346797711016,-0.28028534663267274,0.40626076691781293,3.748005257955798,4.110825771900407,-1.3886468550173292,-0.5041460859456919,3.9090376108576406,2.479493373325843,0.5963209046975079,-0.47153025116100045,0.9004687062460456,5.185721601603747,-0.0019185641723739946,1.3828493289773,2.8042026354769076,7.293301378969078,0.995913578381179,0.9705656090536119,9.30883641538594,6.955750024721883,0.4729594883867575,-1.4234849217132357,2.4132193668437765,2.891126376161097,-0.1297615811802825,1.1012466214125116,8.35782786948268,7.294446539780038,-0.06931826945267015,0.7692414450690191
43,4.46418342245003,6.9370599588253095,0.2444646940314846,-0.4354638344602026,4.549853428203113,6.096594240534629,-1.4658687482504633,0.31816475748049117,4.390922822345178,3.2166598360569068,-0.28961953831262727,0.3926343955937506,3.678572915204932,4.085618467603123,-1.3660394614545355,-0.47753643867167456,3.938853656092516,2.455916860767793,0.6963209046975078,-0.44746896471156805,0.9003727780374269,5.254864068052612,0.009945540694607513,1.3684123598162665,2.8539983143959664,7.341829659421759,0.978154569675563,0.9435556480445864,9.332484389805279,6.884575778636221,0.41747782222846075,-1.4407332396899095,2.4067312877847624,2.9461887072317223,-0.1583017573334655,1.1657671592657526,8.354361956010047,7.332908612033489,-0.08837223823986345,0.7806118588194292
44,4.476406657151604,6.915286767102299,0.26493224508405494,-0.4705576426343359,4.476559990790589,6.112502478408654,-1.470744029041238,0.2948084141260999,4.376441845429547,3.236291555836594,-0.29995999050684113,0.37888823830519924,3.610270942132205,4.061741645669539,-1.3432421317307004,-0.43367386337908725,3.9736697013273914,2.4335434125322144,0.7963209046975078,-0.4062618419088337,0.9008700550721572,5.323284686043425,0.024096659390343445,1.3494092814747825,2.9029060428797444,7.389007441823988,0.9539028031727058,0.8950404891529085,9.353358280916702,6.812539116651726,0.36389966037325255,-1.4551896911331634,2.3988161999180893,3.00447706519501,-0.18134469097632971,1.231586291593786,8.349943344098055,7.371939204974461,-0.10417415525636965,0.789534510229532
45,4.489653269405807,6.891758884970582,0.2841696635568218,-0.5049837148742117,4.403022789338527,6.127242899114959,-1.4753888700956446,0.27060613813787965,4.361443845904205,3.255235967751854,-0.3103715465719237,0.36561758303080805,3.54310883554567,4.040057952500584,-1.3627995586005697,-0.3794583129564188,4.013485746562266,2.4132303204367727,0.8963209046975078,-0.3404920145429584,0.9020748880416743,5.3907551501171636,0.034385818807495847,1.3444442566607728,2.95060118303838,7.433759466281634,0.9264886183639748,0.8391009220638277,9.371553263935365,6.739779632095067,0.31365361009795123,-1.4668406228600714,2.389748965369273,3.0660563797746994,-0.20272365367192832,1.285353007120367,8.344734636335236,7.411415930485937,-0.11519498105964954,0.797910380665962
46,4.5038617525836475,6.866509699226872,0.2995325059378223,-0.5351386076764502,4.329253345833744,6.140773206021853,-1.4796038885088136,0.24652045170654197,4.345925268575609,3.2735168469033944,-0.3210276068503394,0.35219788336192376,3.4749688576156417,4.021085036852763,-1.3865887662378797,-0.3325673687139414,4.058301791797142,2.396205719709625,0.9963209046975078,-0.2794708773054096,0.9037941789820492,5.457977362950202,0.04539848473490597,1.340142278385593,2.9969256139565785,7.475714512384825,0.8963236225744469,0.7780871161975862,9.387235944440262,6.666437600952063,0.2669045411712121,-1.4760629952350222,2.3796127826856766,3.130324030130718,-0.22648847108859627,1.3200902960722407,8.338974887282253,7.451311449519235,-0.12105067137501532,0.8056427817091386
47,4.518838377880539,6.8397527688430495,0.30294491171181964,-0.5819877750234045,4.2552731514083035,6.15309922860718,-1.4832323824078926,0.22365531466210836,4.3298738882330925,3.2911267410714906,-0.3318943695480361,0.33871138178740745,3.4056394193037476,4.004456668417066,-1.4071508830396184,-0.2857792961278818,4.108117837032017,2.3822321758443543,1.0963209046975078,-0.23558738078250616,0.9060641032187945,5.524984476869482,0.05937689152182461,1.333159444493486,3.0417417950853007,7.514618868194704,0.8671273959776146,0.7253573605575563,9.400581171498823,6.592634451190312,0.22406735745909928,-1.4831701922980032,2.3682883591312467,3.19632854493433,-0.2561180055715522,1.341214593452688,8.332922353713503,7.491593588604692,-0.12240200888238245,0.8107217907205264
48,4.53398562346613,6.810653380091879,0.29973967007637786,-0.633057869131986,4.181111532287909,6.164281994340286,-1.4861542453179455,0.2033360743288013,4.313279169755691,3.308062310160861,-0.3417643861228957,0.3260334291401983,3.3352818751517668,3.990167703610672,-1.4273224821297177,-0.25611858841570834,4.162933882266892,2.370452806805229,1.1963209046975078,-0.201738654033086,0.9090329477948857,5.591642449094156,0.07536757942856671,1.3233744040255084,3.0850981648841813,7.550886736222582,0.8403880847593529,0.6845166751899721,9.411784539371778,6.518475941575412,0.18429600511275837,-1.4886352751763874,2.355482458852669,3.2633892746069644,-0.29738048320788946,1.363701268238302,8.326802253269383,7.532129678140718,-0.12174943972251707,0.8119004335485439
49,4.548972606969949,6.7790004866352795,0.296844171428092,-0.6787890619592107,4.106803820022012,6.1744487980567255,-1.4876979215148254,0.19171566008145613,4.296190950449546,3.324363981617871,-0.35233478558607245,0.3129997947159887,3.263915751045281,3.9773617741898866,-1.4499484634009847,-0.25845724762025096,4.222749927501767,2.3603658741035747,1.296320904697508,-0.1785270615972492,0.9128013267663141,5.657811169295432,0.09181291815461042,1.312395358843042,3.127117569122149,7.585112569982081,0.8165237216254456,0.647169286922455,9.420999339627416,6.4440441778165924,0.14685334324615285,-1.492794056652634,2.3406134346922745,3.3315743380188794,-0.3430035889722785,1.3910465023939569,8.320714781283257,7.572724699818146,-0.12031579490623766,0.8117111311874393
50,4.563814815541353,6.745061033537319,0.3043556113475637,-0.7197232252911963,4.032418923946271,6.184034581060798,-1.4877480385485848,0.19132635415655141,4.278574211170242,3.3400139713536703,-0.3630241797620788,0.3003345825616003,3.191418327875232,3.964438911808874,-1.47430482460299,-0.27645123286458123,4.287565972736643,2.3514395210237122,1.396320904697508,-0.158070383922002,0.9173919726740446,5.723430937237584,0.10791397002161862,1.3007155358914866,3.1679437552034213,7.6174710343282035,0.7964527977606042,0.6165163347282412,9.428342006789723,6.369404474983961,0.11096837061491435,-1.495889708742951,2.3234632552436607,3.401126663138577,-0.38594965940494147,1.4306996188585717,8.314698991537945,7.613310256377518,-0.11789930228016668,0.8109481175544713
51,4.579032596108732,6.709074872272759,0.32029793008507057,-0.7572594112710394,3.958031522018842,6.193600898768626,-1.4870296073657954,0.19683228093361216,4.260423002182138,3.35503070048175,-0.3747263134772315,0.2882395752612234,3.1177030866450823,3.950616350165645,-1.4715984246197307,-0.290513470697533,4.357382017971519,2.343536001827612,1.49337737204772,-0.14079781481204282,0.9227876711751255,5.788466714032158,0.12318767365635755,1.285163384688331,3.2077663950914515,7.648296851064615,0.776486885358928,0.591673375085831,9.433890425320469,6.294609989546814,0.07674690394238143,-1.4980353509631403,2.3041657722734135,3.4726616440815055,-0.40189886421447085,1.4451564977341098,8.308804026423937,7.653857662255241,-0.11440800156317049,0.8083633395957801
52,4.595047492612985,6.671211901709207,0.3359382022851781,-0.7913367903785147,3.8836800416505524,6.203442512815307,-1.4868190312601937,0.19841665323883262,4.2416866865082765,3.3694426792448113,-0.38778867883033896,0.2760737561527372,3.0441231654140957,3.9360906766307684,-1.465564538378361,-0.3195631140288594,4.432050886573905,2.33649611108701,1.4952875967468728,-0.1188065781636758,0.9289470548579434,5.852724883266575,0.13788925912798763,1.2525842100505364,3.246590739359398,7.677880519818907,0.7528004927536233,0.5698163816490176,9.437727770517588,6.219708221998657,0.04482272391869385,-1.499330158244177,2.28407082906269,3.544919468968211,-0.39807810685466216,1.4462136152183769,8.303083626345778,7.69427582923503,-0.1128206631901055,0.8034629072177264
53,4.611844402727244,6.631645062190281,0.3503216271036939,-0.8207409298972524,3.809339090087543,6.213363345477248,-1.4866310619674052,0.19982013310391128,4.22229725256676,3.383246367052448,-0.395645226662828,0.26561642893587356,2.9708449384951776,3.9201125209293255,-1.4586620199378912,-0.3497214771653455,4.506815266411249,2.3305557821788265,1.496688155279056,-0.09962211525247011,0.9358415178143428,5.915354093769102,0.13528309707166078,1.2093332141761315,3.2842307639970794,7.7063713389013575,0.7282052127619966,0.5485238278069499,9.439968906713522,6.1447417140864475,0.015526109822888904,-1.4999196444855862,2.264166923719957,3.6172301497291297,-0.37440026219363237,1.4525234743952813,8.297442593186272,7.734448974595916,-0.11362687077246005,0.7968295442986342
54,4.6293604840824285,6.590608015695419,0.3605822507971601,-0.8470192587928213,3.7350075369891726,6.223354352132444,-1.4863711287300103,0.20174456046663086,4.202514991233619,3.396527188499242,-0.3990153809393182,0.2560993642452837,2.897911837498283,3.902626447071058,-1.4530201145105126,-0.37246818230267154,4.5816496741752015,2.325574676416203,1.4976120960027999,-0.0846050229365898,0.9426056726679258,5.975820754477908,0.12763152365208985,1.1550390690688621,3.3206410246351794,7.733797530291705,0.7024320242902025,0.5273423427500727,9.440745212204666,6.069745731862168,-0.012795977487614475,-1.4999454199937197,2.2454469106102755,3.6898563234488937,-0.34757090505726074,1.4591759544200542,8.29176124964765,7.774290451810848,-0.11670572746417815,0.7887579578089567
55,4.647389596622286,6.548257052755778,0.36676987677157685,-0.8691773748950399,3.6606889805526723,6.233441580155775,-1.486383154766129,0.20165593774419285,4.182564222186652,3.409332156711506,-0.40097879556365157,0.24674908154641398,2.8252608317727574,3.8840030379559245,-1.4487453269611936,-0.3887633954066462,4.6565302789753416,2.321344425269374,1.498217847269287,-0.07309775731022118,0.9489872488505303,6.033572707931351,0.11671329234362962,1.09899940789981,3.3557626258496893,7.7601646474292085,0.6763476906319841,0.5059232691087725,9.440105413330285,5.994748460862483,-0.03921621849047223,-1.4994872751068304,2.2280683653574123,3.7628151211698966,-0.31322750364440854,1.4669316722194978,8.28592596327444,7.813728349701296,-0.12062611754856402,0.7804943735825869
56,4.665728090460865,6.504798184011026,0.37495377182305617,-0.8880462295369542,3.586369822814366,6.243524377042984,-1.4865542905533113,0.20039047192304693,4.16251528240847,3.4216696107888267,-0.39693478097565316,0.23838450768028505,2.752823565424698,3.864564868185592,-1.4413966926585775,-0.41117058441821996,4.731441171338806,2.317689537403863,1.4986882342425518,-0.06271823134418286,0.9548229134677118,6.088522678326342,0.10524323676349046,1.0448693663005364,3.3895800103812883,7.785460810884647,0.6546208811899408,0.4850224086799624,9.43814460240576,5.919774097107141,-0.06317684599365095,-1.498668971497807,2.2124069901751917,3.8361617047808716,-0.2763982769212947,1.4743147535431298,8.279894657397012,7.852753068380425,-0.12485235173127944,0.7727181228923651
57,4.6844757790520175,6.460395872534178,0.3854675021702127,-0.9057488835410512,3.5120421082867,6.253543900639136,-1.4867884670296232,0.19864554942837945,4.1426685433596875,3.433588836172841,-0.38491043945200587,0.23039472186003931,2.680753730791769,3.844006338964681,-1.4189590456735235,-0.43683235988799995,4.806375583050933,2.3145536258366537,1.4991476349295176,-0.05056054474818795,0.9600850753058863,6.1407661466413686,0.09157518391133668,0.989238038671447,3.4223110544407853,7.809711931318645,0.6353937802811845,0.4637517431535723,9.434985760106077,5.844840648532251,-0.08242007887360786,-1.4977339318445277,2.198587076329127,3.9098774424580283,-0.23542866519980987,1.4814092424452587,8.273652039810448,7.891388974525043,-0.12877775456629093,0.7648518378960939
58,4.703749154160528,6.415108428357126,0.39338094412625596,-0.9141132711426652,3.437702684935219,6.2634761781105555,-1.4864720940155571,0.20099928784203286,4.1234230213870875,3.445108572265843,-0.3651133363450303,0.22173173137937793,2.609805778508093,3.822164720970281,-1.390257337952767,-0.4735776577967829,4.881332964797409,2.312025598599244,1.4992250627582553,-0.048210073610248094,0.9646638345014531,6.190228048574941,0.07279292885781648,0.9301049977664482,3.4540807434548446,7.832899518476324,0.6152135385175928,0.4346107760229113,9.430864756162396,5.769953951940024,-0.09665517432603844,-1.496882686544274,2.1868156430691363,3.9839479045802912,-0.1532642167001303,1.471832880818872,8.267213152082133,7.929631566419848,-0.13240330058954056,0.756998262100205
59,4.723418201366841,6.369402764799992,0.39863649911523624,-0.9103943596587813,3.363379080234441,6.273526142502657,-1.486057425507441,0.20404246639902238,4.105167354569836,3.456195158834812,-0.3464154755080476,0.2123662591818453,2.5402929116104547,3.798485838080442,-1.384925933818136,-0.5110809479731745,4.956294217935321,2.309615094918732,1.4993312207281067,-0.044787169479272804,0.9683034809443439,6.236733298463263,0.050754175527108925,0.8724100142840874,3.4848414203807243,7.85463005727747,0.5939234672089799,0.4028889128723147,9.426031997446094,5.69510981761281,-0.10892433935788569,-1.49603993539459,2.17915243223413,4.057539548621235,-0.06701197437339385,1.434303173863916,8.260592987052657,7.967481479524857,-0.1353677349897414,0.7494585040140005
60,4.743350026322603,6.323883046817053,0.39544548212827013,-0.9090594274916983,3.289076208959069,6.283728265822608,-1.4855642566253688,0.20760259978409545,4.087846580794434,3.4668134717939045,-0.32176061471350337,0.20726004847322713,2.471046614919548,3.772931790681783,-1.3658512479465348,-0.540709078766746,5.031260778971727,2.3073757364447682,1.4994350000212548,-0.041166499866509665,0.9708411897206993,6.280353799177467,0.027069618744863286,0.8129961162929069,3.5145375937411734,7.874774502921086,0.570691515316604,0.36749051602268246,9.4205857804782,5.62030782084308,-0.12134022724349142,-1.4950841278177285,2.1758018335154605,4.129254707314431,0.016965224227375203,1.376089314067392,8.25382460030317,8.004954404725558,-0.1375543749692231,0.7419609378206583
61,4.763122300429017,6.278430075442468,0.38942751667738723,-0.9018185494461394,3.2147979961278006,6.294108395811813,-1.4850657898715003,0.21113881631129966,4.0717585500587585,3.4771764742175657,-0.2923626949394479,0.20023565375243435,2.402754052522221,3.7458963367434457,-1.352528758982931,-0.5794789736050792,5.1062325289727895,2.3053174114514428,1.4995612756723533,-0.03627644557980504,0.9721946706579425,6.321003604992113,0.015902505261911167,0.7609622687224876,3.5430721695070035,7.8931490287222195,0.5405390186210856,0.33720354826831844,9.414518769116025,5.545553614452194,-0.13407470176863684,-1.493995975344529,2.1766500947268295,4.1980591730178,0.10445772000259798,1.2949765776038453,8.24694688155471,8.042052451616591,-0.13813315879426297,0.7329918506669851
62,4.782593676262886,6.2333391479701605,0.384754966639884,-0.8901192000129557,3.1405447066342256,6.304665336627378,-1.4849814419898326,0.2117312375295576,4.057140415311786,3.4871882569051875,-0.2607138385380044,0.19169183679853688,2.3351276145730746,3.7169223880631916,-1.3129816136162622,-0.5931522359031863,5.181210592756407,2.3035035891724527,1.499826067069739,-0.022842253350285512,0.9729897959210381,6.359051718428237,0.005780177755368961,0.7099751979236137,3.5700991204380577,7.910009206135635,0.5049789888759836,0.30107086093807245,9.407815034027593,5.4708538156849675,-0.14927521552844425,-1.4925538214848189,2.1818729807269595,4.262808001897992,0.19679994769997042,1.2023518000483797,8.240040223614997,8.07870204414994,-0.13715824026487167,0.7224434475529047
63,4.80183142459488,6.188833187969513,0.37918023920894434,-0.8760334720828867,3.066295634534734,6.315251898503856,-1.4848544294007744,0.2126201389541929,4.044104723384886,3.496772848745114,-0.22705087562449122,0.1803593286219717,2.2694785338922614,3.6872647762680324,-1.2705075732272013,-0.6047812950689025,5.256201896109894,2.3023614765049385,1.4999560455283685,-0.011483095527730238,0.9732788048088065,6.394550478324418,-0.0028043171334135412,0.6579469651107323,3.5953480698818567,7.925062749182539,0.46696810554468476,0.2648819902696612,9.40035127325117,5.396226124610727,-0.16631047677086747,-1.4907517651561735,2.191712978111958,4.322925591900411,0.29016390033668915,1.125424579226999,8.233182311601754,8.114824216527586,-0.13457960214338596,0.710384951822743
64,4.820790436555328,6.145031514365368,0.37153698659778406,-0.8620039572933055,2.992052913064695,6.325882905451566,-1.485139053743551,0.21062286448937753,4.032752179603661,3.505790815176213,-0.19142811497099543,0.16498364889060269,2.2059531552309015,3.657025711514587,-1.2121365777056559,-0.5968123172301479,5.331199698386312,2.301787321728552,1.4999996242992417,-0.0010616506649274524,0.9731385889521358,6.427447826579955,-0.004402736755000341,0.5998995036010276,3.618696475159091,7.938306848696022,0.42788443397486053,0.22907531352424645,9.392035749412626,5.321688536352918,-0.18544476109214092,-1.4884926068286262,2.2062211731287924,4.379196820861761,0.39016390033668913,1.0839702223182008,8.226453331494584,8.150343464118723,-0.1303650303544789,0.6968866097855421
65,4.839367285885217,6.101931316500703,0.36235875345111657,-0.8496712399640418,2.9177959603775174,6.336414048676035,-1.4845827305110726,0.21450901209107437,4.0231807738551115,3.5140399976207433,-0.16738799115069056,0.15269989603196393,2.145346326345619,3.62718509565308,-1.149215649704252,-0.5868673142868706,5.406199679601274,2.3017342391953055,1.499976477799516,0.008400360001704946,0.9729184521143858,6.457442801760006,-0.005718324886547315,0.541837975395156,3.640090696857834,7.949760614372234,0.3891340417762979,0.19297395141506218,9.38276351135802,5.2472639060114865,-0.2080062614163809,-1.4855077903570821,2.2257293681456267,4.433395331977671,0.4901639003366891,1.1049712304711625,8.21993507997686,8.185187794608,-0.11618384409568604,0.6925999849217983
66,4.857485223557773,6.059447754502501,0.3500483409249859,-0.8399258030572272,2.8435668238519636,6.347139499280589,-1.4839620250090273,0.2187617615834786,4.014811374297577,3.5216749924223416,-0.1413544317091241,0.13863889508878002,2.0878855438604065,3.5978417299387364,-1.0828366330664498,-0.5756825824159809,5.48119850349125,2.3021542571953906,1.4999057428659455,0.016815543932822075,0.9726325358700584,6.484534700529764,-0.008046133996831167,0.4833868593101035,3.659547398946649,7.959409311942988,0.3516183001896127,0.15815326066398644,9.3723631982872,5.172988516493632,-0.22664444235766126,-1.4827785730675989,2.2502375631624614,4.488643893501229,0.5901639003366891,1.1371901069522188,8.214125887772076,8.219817793854089,-0.10163091707847412,0.6868805698233695
67,4.874987640604022,6.01745146434964,0.3340963662350254,-0.8330789593973494,2.769368722601512,6.358077587359762,-1.4832390305004872,0.22361122154305071,4.00774365271212,3.5286069371767805,-0.10916967292673732,0.12258794837628613,2.033743712207084,3.5690576008179375,-1.0107196978133066,-0.5670643043595978,5.556193790634547,2.3029950343920316,1.49979980338006,0.024506117218643965,0.9722302291702168,6.508704043495269,-0.010609688417898404,0.4244372159366141,3.6771283139561297,7.967316974976187,0.31585390101873717,0.1248529920139315,9.361030976169317,5.098849587840252,-0.2420714196614292,-1.4803382815367239,2.279745758179296,4.54550339884884,0.6901639003366891,1.1704264138579652,8.209044341918151,8.254161822345258,-0.08664157826326187,0.67954028091608
68,4.891692458915774,5.975797516379773,0.3213274494493084,-0.8273635009297468,2.6952067710764878,6.369258148436915,-1.4823978716621573,0.22912125630658098,4.002285169065783,3.534736334595595,-0.07662751873381282,0.10547355198298702,1.9832077273164186,3.5407043855999576,-0.930343978742872,-0.5626684197116323,5.63118378080355,2.304220340252964,1.4996577001511602,0.03204344515393501,0.971699744749322,6.5299259042921,-0.013826652796851385,0.36420176924510106,3.6929210090070668,7.973559624576883,0.2804750276705011,0.09297643096828484,9.348927405186245,5.024832673763417,-0.2537887659939202,-1.4783745338226317,2.3142539531961304,4.604024719541738,0.790163900336689,1.1952781085610673,8.204712263004987,8.288138836391063,-0.07127168167255218,0.670660103030786
69,4.907758831388239,5.934429341333286,0.3062326998198109,-0.8191610874601938,2.6210868774933798,6.3807142112522435,-1.4818836155688422,0.23242407342746446,3.9984537931290927,3.5400100121947444,-0.04505342443831111,0.087843652898419,1.936690528379275,3.512570964614376,-0.8506083181898935,-0.5570389618057437,5.706166665811108,2.3058225125106606,1.499468355826516,0.039933067436953656,0.9710084121094794,6.548135992754355,-0.019936254428611983,0.30157155693812476,3.706944760390592,7.978208446125298,0.24538712929689727,0.06328743489170098,9.33623796688655,4.950913947072285,-0.2629006523951712,-1.47678138089908,2.3537621482129647,4.663788624969792,0.8891695102186573,1.2080470115428095,8.20114867892136,8.321671841542603,-0.05605750519655044,0.6609451762515158
70,4.92307046637923,5.893471286960276,0.29013107872844507,-0.80789682138649,2.5469926967149377,6.3923354149236165,-1.482176834641733,0.2305468083739459,3.996201121907177,3.5444021948396656,-0.015276025732828626,0.06834406488572368,1.8941601124697804,3.484719016524089,-0.7720005503695352,-0.5512651079225965,5.781140083602434,2.3078191658825085,1.4992102895341226,0.048667317113357755,0.9700115993880488,6.563214570601262,-0.033284461306320415,0.2344981819514762,3.719214116855437,7.981372817869883,0.21046208273374878,0.035674701050758595,9.323092934266791,4.877074878027331,-0.27203430057306666,-1.4751262113160766,2.3982206237238977,4.724190975546932,0.9499188833233017,1.16088505680184,8.198345803661532,8.35471910035518,-0.041641533261755063,0.6504639952558131
71,4.937577020315652,5.853076445890951,0.2735150710427838,-0.7932357521721459,2.472883854982851,6.403862755342313,-1.482843780453958,0.22621742366363806,3.9954373206205354,3.5478193980839516,0.013435144225285998,0.048690321380245774,1.8555600849513036,3.457155761127959,-0.6939499250452859,-0.5452784162837692,5.8561005980791405,2.3102525317381764,1.4988208820015492,0.05946396956222735,0.9683473763227328,6.574939479698836,-0.05457993875621436,0.1639541179065238,3.7297372209921242,7.983156552922421,0.17604998182260834,0.009611184314728016,9.309491219238138,4.8033185674615275,-0.28287278241818664,-1.4730862123334783,2.4457165678900625,4.782235228387024,1.011309696661621,1.1078143786023813,8.196263726998444,8.38724230011797,-0.028199791795232847,0.6389082378822417
72,4.951252773867791,5.813414658282344,0.25749881423354914,-0.775896752066288,2.398741665960153,6.415173626525495,-1.4818455490086722,0.232666647552216,3.9961090778318,3.550253914152964,0.0420289615785346,0.029725537532913772,1.8208625886990393,3.4298918403137706,-0.6020791522066933,-0.5462884761284716,5.931041642179218,2.3132257302162875,1.498255665292175,0.07231847219004484,0.9656183793849221,6.583137185594162,-0.08381979893325446,0.08872626127047645,3.7385397200832546,7.983637112138157,0.14213216732942902,-0.015457769318580394,9.295347580117229,4.7296642568448535,-0.29612138397401094,-1.4670126435721296,2.4962820527231435,4.837625947317143,1.079311521364109,1.0416749204289661,8.194853737408682,8.419187712012082,-0.015876446551302027,0.6261670789795966
73,4.964127714579469,5.77461982067903,0.24136472202182582,-0.7572295697399712,2.3246493885097195,6.426806958903105,-1.4818423290415899,0.23268715448128285,3.9982105259107263,3.5517401910296096,0.07050216297261572,0.011832202309715833,1.7907586310887047,3.402577416507347,-0.5085137716334206,-0.5454005750719138,6.005954425443827,2.3168416538257897,1.4981673698938893,0.07412510900649918,0.9614273894382594,6.587573498657686,-0.12672249506591438,0.014629182231856455,3.745646328449726,7.9828642236722285,0.1088265193601831,-0.03938869444942451,9.280541510918528,4.656313624666247,-0.3104933766216588,-1.4564355169797318,2.550247628791349,4.889709693338592,1.1536863713843284,0.958648922433057,8.194059915081116,8.450496065961062,-0.004427270478227685,0.6121876082497687
74,4.97619595068056,5.736758342192031,0.22506411082387737,-0.7373968111344911,2.25055727205764,6.43844131662717,-1.4826400428302837,0.22754890330699026,4.001735634059357,3.5523318011450953,0.09866923789136267,-0.0050601369794725515,1.7653329425070337,3.375307387753751,-0.4165197840731484,-0.5435122904259391,6.080862793938521,2.3205479092761148,1.498080204969657,0.07586632637784968,0.9550912646849637,6.588304957769279,-0.18692413400291083,-0.04790340958790673,3.751087654417735,7.980894788949757,0.0763815833231195,-0.06188099293327309,9.265016842087446,4.5834918488172605,-0.32510977662509205,-1.4395354365373032,2.6079319473605653,4.9376421394602446,1.2281109535754455,0.8612453109933373,8.193838551557205,8.481105446373551,0.0062708170352191225,0.5970140881019682
75,4.9874491562217536,5.699888501635306,0.20811243958116343,-0.7162985848256684,2.176425269916126,6.449818761792519,-1.4834263444046978,0.22236519675100708,4.006669095953925,3.5520787942961216,0.1263474235927329,-0.021402776902568255,1.7445069533033761,3.348131773232454,-0.33057398710659563,-0.5411181039068527,6.155766804187004,2.324341225595007,1.4979887233472997,0.07765168848342123,0.9457450579848182,6.585909787289884,-0.26424582432387944,-0.10091557203488244,3.754906733583891,7.977800739303094,0.044899578203795774,-0.08282290010070778,9.248761353256192,4.511515076990396,-0.33971544183200125,-1.417955002691783,2.6693374950393376,4.980704405009911,1.2858028855719001,0.7724706722296808,8.194152092408967,8.51095615077865,0.016239023321649483,0.5806984848457426
76,4.997854778200812,5.664073572394023,0.19051335460782817,-0.6934762435027696,2.102253952695891,6.46093702163007,-1.4837089927019926,0.22047136996725647,4.012986467133562,3.551008655450993,0.15288549760930395,-0.03748708284462682,1.7279782539480464,3.3210758680371115,-0.2510679832499367,-0.5375895785990781,6.230666240354369,2.3282238100191783,1.4978739543772304,0.07983493469853083,0.9325327667686243,6.58086400868814,-0.352501444326626,-0.14744010268406763,3.757151712494081,7.973659594298058,0.014254273285506588,-0.10165890811300254,9.231775581164593,4.440617326855806,-0.3537201148957563,-1.3928595965171233,2.7336276393179326,5.019327938621395,1.3304086357221783,0.6928296053113299,8.19496404357505,8.539991075020938,0.02549980443098252,0.5632946870404333
77,5.007380445931203,5.6293997602188846,0.17391640401721767,-0.6632523911067583,2.0280685030607914,6.4719605901284325,-1.4822078820869806,0.23034711693274473,4.020630742014027,3.5491343013087615,0.17838268081300115,-0.05167758679951421,1.7154248547855495,3.2941963891071575,-0.1764586022894722,-0.5328515945825404,6.30555993807323,2.3322155567541047,1.497718990143692,0.08269115166061845,0.914907694552293,6.573492003553937,-0.4446458561289179,-0.1874819993849267,3.7578644261583563,7.968576648892408,-0.015701200256706852,-0.11884210465764976,9.214089575419806,4.37097434702995,-0.3670068351120305,-1.364424825217761,2.8001480711040414,5.053969418886962,1.3656357517433375,0.6205151034103917,8.1962390337966,8.568155809372959,0.0340767414508075,0.544858308799848
78,5.016076266132063,5.596237140663547,0.15663688785672955,-0.6323669778176881,1.9539581089564424,6.4834779459750695,-1.478481060321677,0.2418079725359628,4.029549876054677,3.546550421968786,0.2033463160192237,-0.06465741313065282,1.706601924671076,3.2675538093780303,-0.10578612003735122,-0.5269126425388878,6.380445887580415,2.3363501143371357,1.4975435116382192,0.08581043497309163,0.8926754017458471,6.56411790358469,-0.5365889830458033,-0.22546092866616146,3.757079366145521,7.962634543659526,-0.04579568971192993,-0.13670821098899819,9.195739233664204,4.302753105769062,-0.3801891130894971,-1.333272591736354,2.8684298586912083,5.0849951740574815,1.392838754003674,0.5567766206886682,8.19794287086914,8.59539872481295,0.0414745168028087,0.5250613412934393
79,5.0239081105249,5.564618791772663,0.13883213109613232,-0.6007822828361131,1.8800340559403586,6.4955683446018675,-1.4687526986554744,0.25379943017708756,4.0397171918556385,3.5433175513122532,0.2277582014595733,-0.07704630187715283,1.7013126186692085,3.241208177251086,-0.03834166441372451,-0.5215202881846255,6.455323063162326,2.3406406360857903,1.4973727020423317,0.08874114704265544,0.865845952593557,6.552844857151382,-0.6290280921327936,-0.26130206285672086,3.7547895816599244,7.955799133110076,-0.07712197471654572,-0.1584088554821012,9.17672977800973,4.2360894761822445,-0.39345822609370473,-1.299895546343364,2.938071796391392,5.112834005091915,1.415193751013229,0.4972189126462371,8.20001659670928,8.621651791877623,0.04670334134378141,0.501365580328092
80,5.030849717079707,5.534579677630857,0.1213537291371899,-0.568703051097069,1.8065964210075849,6.508258316110722,-1.455991052146304,0.26465654437291125,4.051105101928617,3.5394652362183954,0.2527971083914504,-0.08918402037585965,1.6993955354485222,3.2151321628418548,0.025942660232271583,-0.5168459574583596,6.530191698264442,2.345077693437923,1.4972060541654844,0.0915097337457628,0.8343945479869174,6.5397797540085465,-0.7141746921408045,-0.3064928114290704,3.750933482924097,7.947878690335971,-0.10267511774099031,-0.1751108562788961,9.157056866705044,4.171094698865076,-0.4066448373288465,-1.2644755159879104,3.0088314839420534,5.137694950724226,1.4424565385112942,0.4114840634897239,8.20235176377647,8.646720070894027,0.05029218878724283,0.47470481611071524
81,5.036917403536566,5.506144525076004,0.10162615633846096,-0.5369378076860049,1.7337968684002696,6.521491143329368,-1.4420401454523686,0.27366635491001107,4.06374495734819,3.5350060351996024,0.276740583280252,-0.10022380120123617,1.7006926684601358,3.189289864968937,0.0859547862012047,-0.5122156119797057,6.605052000972717,2.349653180125211,1.4970587981978623,0.09388799038414153,0.7986858133798771,6.524455113437093,-0.7782185597288478,-0.371020221697854,3.7457997270370473,7.939123147522026,-0.13015747834241548,-0.1952572530350683,9.136724624838601,4.107870923065681,-0.4198212949127508,-1.2270860259795562,3.080954310867618,5.158269153898712,1.4564870729628963,0.35867172496863375,8.204866373215832,8.670455311699563,0.05238784302153295,0.44534629202662407
82,5.0419987113534885,5.4792976346917035,0.07966835207582287,-0.5056371139356234,1.6616948611276512,6.5351744610748685,-1.4307466880038862,0.27927444939362506,4.077581986512202,3.5299948451395404,0.29940161804311133,-0.10997725269759885,1.704990407770196,3.1636790843699516,0.13710799302646104,-0.5063208836022443,6.67990494088261,2.3543475796444184,1.4969428222096368,0.09571931380368176,0.7597748853934347,6.505904102352201,-0.827042530285107,-0.4341382324572076,3.7392918531199264,7.929360284870272,-0.15858083237207093,-0.21744625030374506,9.115733560092965,4.0465166217667035,-0.4328824756235433,-1.1878961448932066,3.153778664515763,5.1762027401471435,1.4621496649969221,0.33484079373545317,8.20748576536691,8.692722626300894,0.053269258254548965,0.4138220808583349
83,5.04598212895728,5.454015778994922,0.06020796603799633,-0.4738950895139315,1.5901575267274568,6.5491381835445495,-1.421104115302909,0.2825262981359909,4.092552067414357,3.5244959825046607,0.3206547821556792,-0.11865516669119588,1.711845807421519,3.1383630401898395,0.1678732075888771,-0.49743140366707506,6.754752081993091,2.3591335453346027,1.4975074210505355,0.08643797717770765,0.7184227588791794,6.48419719072934,-0.8692261381018032,-0.4925791680689325,3.731362811501323,7.918487972355085,-0.1880639003614203,-0.24181672243690472,9.094089436311787,3.9871218145220433,-0.43659295752053984,-1.1396957730317487,3.226886147765609,5.192944779833916,1.4661112373854295,0.3170454850840254,8.210149228279636,8.713413730343811,0.053698299565693795,0.38191224551974234
84,5.04899252725918,5.430321024519225,0.04229662425161175,-0.44129657912937187,1.5191023209623113,6.563264498451349,-1.4095550820783262,0.28530716326879957,4.108584806522141,3.518563224170101,0.34040093074195243,-0.12640528670514814,1.720239467800963,3.1134914700064855,0.1791569375593323,-0.4873948904577321,6.829627453045618,2.3634554441934883,1.4983783651626421,0.0697300137138065,0.6749614519740892,6.459568232325894,-0.8974264187681544,-0.5505072057123651,3.721959616483252,7.90639713623324,-0.21847729254758513,-0.2680442145309446,9.07225978843576,3.9301370258704558,-0.439500042566712,-1.0899065708184614,3.3001917096348805,5.208797054088118,1.469290667767007,0.3019684314837934,8.212834143257922,8.732509342619798,0.05367887999989694,0.3496891847926229
85,5.05110735847176,5.408256195562757,0.02680734998822979,-0.4080696420737841,1.448624566858395,6.577529856614789,-1.395269955749858,0.28755333040701847,4.125604853059238,3.5122429598348437,0.3576779390370116,-0.1311171281244873,1.7291973146789295,3.089121725483599,0.1747143407512564,-0.47613908228312196,6.90454637130375,2.3669419448791786,1.499221469112045,0.04832169857861318,0.6300901310356815,6.432042872040276,-0.9110289541947711,-0.6115548848982324,3.711035751855873,7.8929949255066925,-0.24974414576089538,-0.29643517045593243,9.050284786307424,3.8756416973295327,-0.43878472759729154,-1.037353072073497,3.373656243023231,5.2238954756623075,1.471926478580526,0.2888467442321838,8.215518087257918,8.749993801859429,0.05412086594977086,0.3173246077376455
86,5.052447725971171,5.3878527134590675,0.013679327138670006,-0.3733368413516619,1.3788610690709022,6.59190752313514,-1.3761740848973876,0.2881338825342308,4.143488750011089,3.5056871034286194,0.3636573119705186,-0.12836104529912462,1.7379330317164923,3.065314771369443,0.16121823388823453,-0.463273583621127,6.979507444759353,2.3693580298081094,1.4905911173898045,-0.0031770006096192432,0.5845386833259429,6.401465127795364,-0.912390984775411,-0.6696186125154961,3.6985485445678283,7.8781731669838955,-0.28169157374894777,-0.3269413015089033,9.02834554992756,3.823774043725858,-0.43210067316299205,-0.9803888415360824,3.4472525669522573,5.238337812873917,1.474287932968581,0.2765413001763539,8.218224130555406,8.76586003224631,0.05504492383577531,0.2849264375048727
87,5.053131692328105,5.369185871391484,0.002322274514444389,-0.337154041416321,1.310052364826033,6.606314217261851,-1.350873397345889,0.29022009371640783,4.161671615609615,3.499269051163663,0.3695083620642886,-0.12632597043181648,1.745993943410904,3.0421510921883863,0.14117986161002102,-0.44858667728338897,7.054037000628843,2.3691991797776284,1.4810629543143574,-0.04950955959914409,0.5389191340871724,6.367984197169589,-0.8963246287721266,-0.7001797795172204,3.684463965880381,7.86182610190845,-0.3140237735608832,-0.35885970799541456,9.00674051626941,3.774754601649054,-0.42319087549453505,-0.9229458068871872,3.5209669636006864,5.252164877882735,1.476827795484847,0.2626397960769964,8.220976376747194,8.780106354121553,0.056457178035160954,0.2526360116082281
88,5.053247806053827,5.352328169320668,-0.0068968205964488605,-0.2993147270747759,1.2425086949587385,6.620825221947672,-1.3201772139028196,0.293697040144826,4.18014703371283,3.492952752642072,0.37529999862067553,-0.12413605461831083,1.753052936491405,3.019721758324217,0.11586433846243802,-0.43260401514206587,7.128090148344561,2.366723701797671,1.4712148290354077,-0.09032682332156383,0.49410290264856604,6.332975208193728,-0.8682399840968718,-0.7196558624382485,3.668762777202337,7.84388311650868,-0.34645838309323945,-0.39010767547702774,8.985580972494683,3.7286073113046947,-0.41334027960305936,-0.867138228323497,3.594808353374929,5.265296867686585,1.4787844940249575,0.2513889819211464,8.223799235648952,8.792738154701965,0.058510860168716365,0.2207617781239599
89,5.052902965024004,5.337362432966929,-0.0027204687958879087,-0.2680908160277941,1.1764998342635975,6.635510073954913,-1.2875595585063582,0.2971633169693003,4.198912033643864,3.4867459499111564,0.38078357937388274,-0.12185022673572292,1.7588461534145268,2.9980915575671134,0.09377833652981701,-0.41754009154473004,7.201650889796332,2.3622073606315928,1.4588836100179021,-0.1274356499588319,0.4506909034437224,6.2969924150718155,-0.8356252552884688,-0.7371331512804498,3.651439858047675,7.8243777327348285,-0.37716937233007114,-0.419572868033409,8.96491395851453,3.68525039988852,-0.40297330334192044,-0.8138746296430007,3.668747578076177,5.277866316782642,1.4808460689132084,0.23894543348701391,8.226724778657388,8.803776243608162,0.06114531505980199,0.1893636039572805
90,5.05276694158421,5.323957892165539,0.01829709603727631,-0.24462946075883887,1.1121218563382795,6.650368239803378,-1.255099476929057,0.3000131679591785,4.217951212612558,3.4806534385743704,0.38334295085273834,-0.118762379242134,1.7635350702410175,2.977214552989877,0.07840029198416654,-0.4040570217076367,7.274595070297226,2.355835578133651,1.445564415701038,-0.15717522057650768,0.40890964067929897,6.260135757507793,-0.7969719411748518,-0.7554886251564492,3.6325813894311714,7.803399089333158,-0.40555234421289127,-0.4470666161022185,8.944765293347434,3.64455666840637,-0.39141203775411376,-0.7646644537711517,3.7427898815218374,5.289813588456993,1.4826083639736656,0.2277552174491967,8.229782044410378,8.813244423806026,0.06426334019877618,0.15850225008307395
91,5.053681796386074,5.311726419127597,0.04791453375757508,-0.22219842392889044,1.0493668824918267,6.665368898201337,-1.2214723304465895,0.30284632480564216,4.237118360155195,3.4747153196122635,0.3830719069262609,-0.11482563736851205,1.767455084840226,2.957011701904495,0.12990389663466398,-0.3886543768349713,7.346873291082279,2.3479768171048256,1.4349704798537557,-0.17670880409835063,0.36906104362055636,6.222361326249971,-0.752835461677896,-0.7744792580481041,3.612303772220527,7.781045758528047,-0.4322352873185889,-0.47179742662525165,8.925194691459728,3.606323445717812,-0.3777190105557991,-0.7172436957621947,3.816920299720521,5.301201349329453,1.4845785823173534,0.21453771911856723,8.232995211420317,8.82116953631018,0.06778454382099812,0.12822785294829306
92,5.056077523073952,5.300616497931152,0.08387398018778139,-0.2039495082565882,0.9882932659694973,6.680511214441619,-1.1795139030173902,0.31494028976979355,4.256271955501508,3.468974037743838,0.37952704622052763,-0.10898924331183422,1.773950279671959,2.9375789830627466,0.17585672635325378,-0.3731659489575451,7.4186218150749665,2.3391413768999083,1.4276263024884526,-0.19044609519599162,0.33141927053666154,6.183637363347566,-0.7128905000108351,-0.786124677198695,3.5906920078545976,7.757455887196785,-0.4586699919799582,-0.491788940711975,8.906308740931937,3.5704612609297026,-0.36108015939002763,-0.671072239186801,3.8911492288363885,5.311928235285381,1.396638574869157,0.2072140278696735,8.236384438611367,8.827580928957595,0.07142899122216408,0.09849419213114675
93,5.060271222083341,5.290419022518322,0.11863063170851046,-0.18387314397779486,0.9293175708186278,6.696258228930109,-1.1346668586686735,0.32637157029333214,4.275248307812534,3.4635245755782464,0.3735699669142828,-0.10195499296302785,1.7827431159896217,2.9189206856148693,0.21662931341418212,-0.3571851658526486,7.490003130199389,2.3296190721401087,1.4230013959336345,-0.2002089105820485,0.29577474553611977,6.1443311294876315,-0.665725127043115,-0.7948493182535638,3.5677585082556,7.732866440161186,-0.4837424980500952,-0.5068943580827712,8.888254732962436,3.5369076489703626,-0.34205119028096925,-0.6254525547290221,3.9609811575798464,5.3222889366788655,1.3126038220233929,0.2121064613043983,8.239955888172474,8.832505638564152,0.07495370406784717,0.06926685190974172
94,5.066202753668767,5.2812253653194325,0.14970202341020877,-0.1584480525919535,0.8725842278851941,6.712576807444775,-1.0857108608440045,0.3356137689095984,4.2939268061582485,3.458426825930095,0.3666219145675764,-0.09553678194994916,1.7935745816603308,2.901061427322237,0.2503675063300986,-0.3393538969460553,7.56115319999607,2.3196086266110063,1.4167912516969507,-0.20772798213122567,0.262488489183964,6.104588663574953,-0.6133495660441984,-0.799623941990303,3.543571383353095,7.707521722257048,-0.5091237919429557,-0.5202177858195304,8.871152173448387,3.5056350212339114,-0.3226070152164055,-0.5790575628543272,4.0266113486810164,5.332894259744085,1.2311162557907116,0.2328321094095428,8.243703573375866,8.83596898115964,0.07837027322628204,0.04060996390162404
95,5.073687854839277,5.273302962689835,0.1800227840179282,-0.13061800021616005,0.8182986848429938,6.729357495890255,-1.0368091151670102,0.34398164859833813,4.312257901886627,3.453649986832598,0.35893699085913755,-0.08988832953388681,1.8060929569768358,2.884093732474934,0.27611541349181123,-0.32070379731093107,7.631992762580918,2.309222227504445,1.4067227680462664,-0.209022196689082,0.23182101088175408,6.0646074664754375,-0.5581076057571043,-0.799862170835713,3.518115193755947,7.6815108329660715,-0.5317721130350844,-0.5284032335720061,8.855021822687567,3.476682143091195,-0.3037465529084755,-0.5312732910180463,4.088167161470552,5.344535865214563,1.153215017587663,0.2670645380794723,8.24762208703718,8.837999479354721,0.08172947738446895,0.012587355740651441
96,5.082688994040174,5.266772062679027,0.2094231803649741,-0.10084270853487037,0.7664582290846433,6.746556578320172,-0.9880659804299955,0.35151371843042467,4.3302047514295845,3.4491555703559036,0.3504733324667082,-0.08495090018029203,1.8198987276514265,2.8680585426093876,0.2961613168168921,-0.30086689171229064,7.702328900983231,2.298771117669991,1.3941533122438257,-0.20535267547650418,0.20391563059389886,6.024614357933652,-0.5021017463821043,-0.7971264660933409,3.491526588104193,7.655090671287471,-0.5495916010836379,-0.5321150699845552,8.839834495042142,3.450118478540293,-0.2853300364256455,-0.4823001300359144,4.145827912349935,5.357889092118536,1.0650191214389813,0.31766374357339927,8.251708560906405,8.838628847141754,0.0850739636657447,-0.014740855328455617
97,5.093160153058423,5.261729927252284,0.23730064823568636,-0.06972412485567116,0.7170549300631436,6.7641322642416934,-0.9390744850591306,0.3578061338407049,4.34772841805292,3.444908025346889,0.34034442609749893,-0.08099964383060922,1.8347067934922712,2.853015198023773,0.30965512592085787,-0.2809547859135693,7.772036566595422,2.2885034838961658,1.3777561623829668,-0.19680787579102596,0.17881054327479365,5.984758034628985,-0.44579431730686314,-0.7921890017220173,3.4640470080500108,7.628484917788244,-0.5622734786967055,-0.5321940165868531,8.82556799322086,3.4260034720384973,-0.26622254117732774,-0.4340486442113294,4.199078868421884,5.373772279297206,0.9729465511150371,0.36896867998239585,8.255962259089692,8.837891804375332,0.08841035340108577,-0.04132037841500347
98,5.105025185470208,5.2582437210095,0.2616196636790114,-0.037752062267933116,0.6701012058101871,6.782022570933728,-0.8898592606738691,0.36229114866676426,4.364745639357795,3.4408580431553584,0.3291819930692778,-0.07780157412405003,1.850189549788314,2.8389674587280944,0.31749173897990174,-0.26111959543858226,7.840924374714571,2.2786630901066145,1.3624065999168222,-0.18453502089662632,0.1565208274094505,5.945148584542884,-0.3943057747501004,-0.788645238486806,3.4359333341151754,7.601875216958901,-0.5698520394066589,-0.5306951802148054,8.812256866161993,3.404301039827931,-0.24735772176986467,-0.38483924618009463,4.247726195977636,5.392220713296325,0.8857401218719494,0.4185664261162002,8.260382776759746,8.835825785454581,0.0917443686363906,-0.06710028433026378
99,5.118106168654158,5.256356117896104,0.2754963923925238,-0.00031012911287330025,0.6256082427764936,6.800137128367067,-0.8406688944057111,0.36486903670104837,4.381204739011259,3.4369679644491558,0.31871416127883057,-0.07723978772762109,1.8660641367373092,2.8259114789561655,0.3207473577160496,-0.24164839562807736,7.9090447047104115,2.2694363390617833,1.3482267249602145,-0.17516145215315898,0.13680553867194548,5.905716322618543,-0.3421630473750699,-0.784920907450596,3.4074407321448423,7.575340457948161,-0.575540268237354,-0.531215716285495,8.7998889800735,3.3850590775189264,-0.22941316678529514,-0.33347106924299136,4.292013202071233,5.413149034602135,0.8096522417373668,0.47070997007486415,8.264969995191565,8.832470771238068,0.09508263368286791,-0.092039988271609
100,5.131880988273784,5.25634061144046,0.27483393035174186,0.04342594128164269,0.583574798056208,6.818380580202119,-0.7918744221881513,0.3654814373129109,4.3971404470752,3.433105975062775,0.3072736308594809,-0.07785361167977442,1.8821015046231118,2.8138290591747617,0.32067051354536,-0.22312757697735486,7.976456040958422,2.2606782664541254,1.335038933553106,-0.17217648302151045,0.11969738630319197,5.866470277246013,-0.28921748119770174,-0.7794567287543211,3.3786637187329744,7.548779672133886,-0.5787581058243529,-0.5312253581444187,8.788418321734236,3.368385524056777,-0.21170638664966357,-0.28184186568502323,4.332495814158102,5.436684533105878,0.7545561399765026,0.5289130175888259,8.269724126875708,8.827868771824487,0.09839542817451659,-0.11617893063248699
101,5.1456226847913715,5.258511908504542,0.2705099281603175,0.0876536069444082,0.5439810769468005,6.8366546520677645,-0.7437111333564405,0.36421669930080564,4.412504128618174,3.429213294478786,0.2950717822333441,-0.07927803109402647,1.8981350303003797,2.802672680325894,0.3176516854364533,-0.2054613697234219,8.043207987636077,2.25206944230305,1.3216386754292315,-0.16972294815762123,0.10523651224330688,5.827497440808298,-0.23552704173504,-0.7711104192414675,3.349725813441757,7.522218404226665,-0.5809875926027315,-0.5293757591480776,8.777833002401753,3.354293430772526,-0.1945316331029488,-0.22989937415365116,4.370223621156927,5.46313018398532,0.7204769041843426,0.5882987225830276,8.274643898284435,8.822059825292863,0.10177517283835116,-0.13933965497435635
102,5.159148181199387,5.262894588851762,0.26369604139865216,0.13017473798307397,0.5067955202789786,6.8548654870328045,-0.6941131547645215,0.3622114407257238,4.427257717729841,3.425249392924085,0.28140381282769306,-0.0816902170982479,1.9140176145722023,2.792399611839723,0.31239134717472977,-0.1885379033986157,8.10928992140754,2.243583294895169,1.3024787936586206,-0.1642474013654717,0.09346016015655488,5.788941919846224,-0.18125230986057406,-0.7594432794132624,3.32067643381162,7.495749616269261,-0.5831649305323379,-0.5253398221070333,8.768106420746605,3.3427984620648434,-0.17781881108289493,-0.17766862263921634,4.406247466366144,5.492545120114471,0.703722421497823,0.6539207065880019,8.279732656926353,8.815092842544145,0.1053295799730033,-0.16132372551383084
103,5.17233298326932,5.269403325750916,0.2554050472313243,0.16946299057516076,0.47208986254075247,6.8729760590690905,-0.6405151501849774,0.3596525144190589,4.441327908371226,3.4211648820691725,0.26420096910201174,-0.08671432501639117,1.9296371819309388,2.782972716669792,0.30539339679964966,-0.17236274507675825,8.17441386109047,2.235370924826895,1.2757353339570825,-0.15189188525958142,0.08439754466352618,5.750969755875562,-0.12666483241497165,-0.7442686834016238,3.2915181872850034,7.46948262516391,-0.5837546421239392,-0.5193648718381687,8.759215480192461,3.3339150309328827,-0.1617194028139664,-0.1276995753312482,4.441433587441035,5.525241155443871,0.7170374747819913,0.6955995614111145,8.284999135925002,8.807026656268453,0.1091869694379777,-0.1819376238507182
104,5.185103235630886,5.277876475279673,0.2475755762988406,0.20611266475233056,0.4400641050315036,6.890958684790044,-0.5807174996093396,0.35607656914601715,4.454537956826326,3.4168291658183527,0.24435318118535143,-0.09147073953415145,1.9449068517709214,2.774354579415954,0.29712832022198626,-0.15694331255589186,8.238200627788324,2.227776330563916,1.2428602550405328,-0.1330138097791203,0.0780643030427776,5.71375632170548,-0.07244047838626985,-0.7256000139394198,3.2623304551788066,7.443514381572002,-0.5807756708959357,-0.5121585376644894,8.751129510051763,3.3275300521663205,-0.145098775768335,-0.08001191964391605,4.477285461180135,5.560021133514427,0.7542764898843778,0.7324091012060363,8.2904584843969,8.797929775075918,0.1133585625527114,-0.2011468001526744
105,5.1974820144458285,5.28818210851729,0.24063424586594875,0.23994849305662133,0.4110282300510366,6.9087625132473445,-0.5146788612559918,0.3519689176590243,4.466755615885593,3.412255628841645,0.22256524867020708,-0.09610733977521647,1.9597632677820207,2.7665074137881596,0.2892133881498236,-0.1416966262165135,8.30034364054035,2.2211256400749604,1.2116208557266062,-0.10913016305251202,0.07444227912346411,5.677476321008509,-0.018760815443383497,-0.7038131185450945,3.2332916716340097,7.417906454688778,-0.5739259483317153,-0.5027844384396836,8.743874571263346,3.323529456184125,-0.12846869840627445,-0.03382208397630587,4.514999285674354,5.5966415885747285,0.7992505487508786,0.7726379568159301,8.296126412524536,8.787872435068284,0.11789017107464972,-0.21876519256056853
106,5.209513726739126,5.300179533170121,0.235111703046568,0.26952097397359825,0.38529428698823703,6.926360959130296,-0.4465065852359418,0.34753893766413124,4.477883878319104,3.407450261852884,0.2002493903657065,-0.10060931212271441,1.9742239371895118,2.7594225824773337,0.2819097821761031,-0.12665620771084485,8.36092468332668,2.215669131922335,1.1811299596208398,-0.08275111422820172,0.07350423835129494,5.642285665081254,0.0338665632587802,-0.6796536543050203,3.204595374217424,7.3927672327667935,-0.5648154245713966,-0.4915661893869206,8.737451136343033,3.3218383519853094,-0.11306943013673557,0.012178539726697059,4.554961813111898,5.635273486415525,0.8992505487508786,0.7698820680781919,8.302020921078269,8.776934175440255,0.12283205960073176,-0.23467327886046477
107,5.221269311891454,5.313655581868801,0.23232730596602735,0.293966948800411,0.36296895772643994,6.943737906013502,-0.37809504425083434,0.3425849590809146,4.487896347837389,3.4024197962467486,0.1784325510879622,-0.10485030404294719,1.988319426298317,2.7530897720917915,0.27513890463599155,-0.11189708438549695,8.41998118130772,2.2115315762109247,1.1545750055688684,-0.05559836731238446,0.07519756651423394,5.608302982366003,0.08423976582111237,-0.6548262961783801,3.1763546029888543,7.368188923297447,-0.5535864772299545,-0.4782014124179646,8.731797664836197,3.3224472789716444,-0.09882919802671207,0.05796146342512235,4.5999243405494425,5.673767589819435,0.9705841538019193,0.7764845870837289,8.308162524058305,8.765200511497232,0.12814471434929076,-0.24888688408555099
108,5.232885677189755,5.328353929308822,0.230571735718258,0.3179170591762922,0.3440642055138982,6.9608671539675475,-0.30964665567432675,0.33707396466145906,4.496817975391787,3.397177281044601,0.15705344534121612,-0.10905653937722434,2.0020763715301166,2.7474949178725168,0.26893298040815783,-0.09741271016035732,8.477709931586164,2.2087516578453052,1.131229876376993,-0.029715381124449585,0.07940955480528956,5.575561667557084,0.13232204001964448,-0.6293650217929277,3.1486752791273567,7.344278852676549,-0.5436295287708061,-0.4634569101119801,8.726856204934862,3.3253453521429006,-0.08568934663539661,0.10322721550222502,4.648453548239538,5.712591819173621,1.020272108585359,0.7930844791635591,8.31456975977577,8.752756167292954,0.1336590589223117,-0.2614778139513881
109,5.244414263975668,5.344249782267636,0.22496451854050933,0.33754145633491495,0.32858187273018186,6.977720852200621,-0.24068728243862425,0.33078607026348505,4.504670647658847,3.3917244540757396,0.13617502010069946,-0.1132702550944208,2.0155230205505243,2.742624282364499,0.2632743907321353,-0.08323275920782741,8.534271425405013,2.207265888789083,1.108589753903753,-0.005577706852389189,0.08602565680627179,5.544093416467438,0.17797493618549226,-0.6035400249638948,3.1214938026888164,7.32110600717095,-0.5349137218693512,-0.44728838727720227,8.722571737603092,3.330506712918012,-0.07279101475482715,0.14748948762174713,4.699467153668806,5.752246043131799,1.0569312420196546,0.8077021904691774,8.321252712721886,8.739682276595385,0.13902277398981752,-0.27321492888750143
110,5.255662489902694,5.361126855084382,0.21607393740952788,0.3550486875704191,0.31654750860825065,6.994260155713795,-0.17009606515919004,0.32379073578725254,4.511479398663882,3.3860609413210185,0.11588518327675917,-0.11744591287339916,2.028686740087131,2.7384626444041076,0.2581575923759599,-0.06934738186035808,8.5897009131002,2.2069870034464634,1.0851663399714295,0.017708331784772068,0.09492440361554641,5.513916415219243,0.22145194691242098,-0.5778309621491823,3.094748116595349,7.298741587807091,-0.5267812306085842,-0.4293184004808232,8.71893218686535,3.337881187299099,-0.05983130499130023,0.19050529250856507,4.752313715769788,5.792631152655258,1.0934015270776762,0.8111191194906551,8.328203851421376,8.72602153015101,0.1440803540138215,-0.2846299380880744
111,5.26646618677317,5.378879289462903,0.2028222528034526,0.36872165333541845,0.30804270535029116,7.010449692503158,-0.10086459672008787,0.31648856628547106,4.51727365782772,3.3801886456773484,0.09593413627348998,-0.12158921129072894,2.041594619705929,2.7349952753110895,0.2525594388295074,-0.056992145896298245,8.643959230098773,2.207872420035702,1.0617669675725763,0.0401686255546085,0.10599700096116746,5.485024867111784,0.26302355211795686,-0.5521743693032656,3.0684090550649197,7.27727566778305,-0.5190513575474041,-0.41001139209516496,8.715940621615786,3.3474064519245275,-0.04662542506461871,0.23222946772333253,4.806983792123672,5.833187108629791,1.120221993000032,0.8043894593074638,8.335407869122067,8.711790033246606,0.14882919538893402,-0.29571607940615724
112,5.276607299413342,5.397315372129674,0.18641910671532927,0.37797243502053235,0.30299947551428674,7.0262741208174315,-0.03325303947483335,0.3089255325854817,4.522070364641394,3.374109185112812,0.0761882335563765,-0.12561637937093964,2.0542225916474046,2.732145668016275,0.24555786747225716,-0.04816243824396785,8.6970475784774,2.2098808513134323,1.0385660458582704,0.061857852778004804,0.1191481785670653,5.457416148646621,0.30317612570346714,-0.5268325485864077,3.0424564871875495,7.2567750981782915,-0.5119729237655418,-0.3900615684772298,8.713609350362555,3.359017925310694,-0.033611683690602905,0.2728418017363178,4.862994891773674,5.873406581595164,1.1435470205254568,0.7881470133021193,8.342849328891514,8.697004229276299,0.15326730359472931,-0.3064667583328636
113,5.285928254749109,5.4162139938807,0.16707183539212522,0.3828071052214763,0.3013368235405451,7.0417203974467055,0.03295402968372073,0.30116022828827294,4.525879776319212,3.367828366144265,0.056796504618750604,-0.12947675800884953,2.0665004850210176,2.7297375461040763,0.2376154367972274,-0.04218824942444022,8.748975880770313,2.2129737439523325,1.015123737253553,0.08258156820254246,0.13430698485223866,5.4310745212173,0.341829863010062,-0.5015335478463564,3.0168578409992723,7.23727201975443,-0.5053655879596489,-0.3695379786277577,8.711928766178024,3.3726600153975097,-0.020934252584035522,0.3122309411501514,4.920172242799947,5.91281393226027,1.1987752479023945,0.7722677383973914,8.35051269407125,8.681680891359656,0.1570139308659047,-0.31689693488897397
114,5.294281846518715,5.435354349141774,0.14430521696151075,0.3832393003168217,0.3029845250247311,7.056778408861119,0.09778309905971255,0.29326456341753393,4.52871960155015,3.3613545282438224,0.03792371458016494,-0.1331894624140381,2.078381256860879,2.7276281336328543,0.2290258069682975,-0.03857643333111461,8.799732067632991,2.2171028223624596,0.9912035066860978,0.10191839381174962,0.15139847800274175,5.4059978438249825,0.37893621009410744,-0.4762679316678438,2.9915895616012897,7.218795120823042,-0.49758851398027115,-0.3481867648745343,8.710882053548822,3.3882715624550173,-0.009022915506417876,0.35008452782388794,4.9801110051950666,5.951427319180139,1.284655038685323,0.7644352432742434,8.358363390614546,8.665836044615208,0.16003229368605318,-0.3266414710205944
115,5.3014971073667905,5.454516314157615,0.11893320947230634,0.3808076135354749,0.30787367997771675,7.071441637031995,0.1611758216663715,0.2851494126380482,4.530615787279158,3.3546950551231207,0.019767417075263055,-0.13680515355433218,2.089832547209294,2.7256993119662987,0.21986875582226706,-0.036601167627019246,8.849292242967296,2.222198742053047,0.9638763386982743,0.11767958744482915,0.17034528850744712,5.38218444724159,0.4142952023130787,-0.450740785209218,2.966710135902276,7.201385782579315,-0.4892580578128117,-0.32615826503284423,8.710430907773501,3.4057757888462117,0.00226939902300107,0.3864132578110324,5.044343757129333,5.989649081343851,1.3151678829868767,0.7213414167783636,8.366365005298848,8.649503971064178,0.1626380131778926,-0.3354659006816299
116,5.307443767840406,5.4735566948343894,0.09364029436648665,0.3770565330522767,0.31593247106103534,7.085699107663897,0.22398072922672002,0.2762006596089402,4.531604158132922,3.3478547974454043,0.0027486324926481558,-0.14032499856318228,2.100825985000407,2.723869253584948,0.210512178127851,-0.03571664689887818,8.89748605990221,2.2280827214252885,0.9325949985760513,0.12954800098256986,0.19106004862310105,5.35964740798113,0.44810587745727426,-0.42534757336763473,2.9422472330116354,7.185077869327673,-0.47969274614250834,-0.30318449363954514,8.710544377724652,3.4250964517367635,0.013069173550550815,0.42037450024839507,5.110102151278677,6.025716152182769,1.3393441623787357,0.6753941180540464,8.374496905957741,8.632730676030096,0.1654656873283595,-0.3440719970387371
117,5.31212578255873,5.492409521487003,0.06994068741143522,0.37116266670699033,0.32713150752237136,7.0995091406443445,0.2856962426945087,0.2665580407143632,4.531741589757554,3.340838547517245,-0.013141892788781136,-0.1439234490599751,2.1113515939067997,2.722083421240004,0.20094751763829183,-0.035557811940894836,8.944115809831013,2.234560121474417,0.897812794544107,0.13791227980570714,0.21346534249596477,5.338380029312748,0.4806112168413532,-0.3993696936049852,2.91826259570451,7.169918644645695,-0.46832070742047005,-0.27897486315019576,8.71119783640218,3.446115176749183,0.023317730283682225,0.4518378789162265,5.177069359397614,6.059485858085471,1.3607959486687338,0.6310581479441979,8.382770190324159,8.615527076178159,0.16867480661847295,-0.35231098391832427
118,5.315622816929301,5.510967654822353,0.049120762639649485,0.3667539860593787,0.3414163196570968,7.112837042680063,0.3465085967823383,0.25609094951162725,4.531084495118115,3.333642375064246,-0.027783572612179726,-0.14754611133600468,2.1213989697887143,2.720305530642959,0.19136743444689702,-0.03589843933085483,8.989006449558218,2.2414557354647022,0.8607080329436126,0.1439924479188196,0.23749590333803244,5.318411544632498,0.5118122248035801,-0.37285583397535416,2.8948465603334865,7.155969901488185,-0.45564304236567194,-0.25395989642389266,8.712363722916363,3.4687070706949945,0.032569387412016274,0.4809083754753696,5.245109156831051,6.091038765482681,1.3801847787043955,0.5874435944264764,8.391203930655083,8.597911526982243,0.1716707059381217,-0.3596568398994358
119,5.318078855061284,5.529305354125322,0.029184758358605477,0.36041058036560925,0.3587417494962137,7.125641590155644,0.4061956747814533,0.24480135071883588,4.529695316487507,3.326265069497446,-0.039790230927838295,-0.15076997644270654,2.130967341511059,2.718510608676416,0.18192829537877034,-0.03660087881224733,9.032041851205399,2.248655357860643,0.823032670118219,0.1486821387620441,0.26308651457821147,5.299768752933731,0.5416932491642369,-0.34590047976163957,2.872064408215203,7.143271906666991,-0.4424083570042866,-0.2278584979558751,8.713992192286964,3.492752489468763,0.04059321717018354,0.5074054236149417,5.31411839576627,6.1204109452040045,1.3974669368685335,0.5450561075332319,8.399787465951988,8.579928684987271,0.17414171334483328,-0.3661213711720856
120,5.319538092979214,5.5473258831436025,0.008930931680806251,0.3530344958888999,0.37905153323528634,7.137881657691586,0.4645194217010853,0.2325971141816178,4.527705804941115,3.3187265706753104,-0.049163345930947275,-0.15292760237122768,2.1400637562799973,2.7166805647358037,0.17273843187579105,-0.037608575332784465,9.07319348471131,2.2560894647987455,0.7845964063185517,0.15416688478605667,0.2901711770364233,5.282473728945649,0.5703040449005498,-0.3187825091758165,2.849943990364989,7.131878981769197,-0.4290100911656636,-0.2004136793399617,8.716021853145474,3.5181227606495105,0.04746527806514967,0.5313116962647066,5.383991742609696,6.147663750580666,1.4123450489502085,0.5052538596644598,8.40849455161923,8.561622616428666,0.17596643690147104,-0.3717165303301962
121,5.319984639563255,5.564977607938047,-0.010946892506472499,0.34611358228201783,0.4022775043203406,7.149511513400666,0.5200466676994678,0.21995057318220526,4.525247637644568,3.311080190556749,-0.0559548466781511,-0.15401415434668655,2.1487006778737867,2.7148001359691643,0.16382707107552477,-0.03890680351840835,9.112423305027237,2.2637978090380484,0.7454935927170578,0.160483004218506,0.3186863792814508,5.266534603486859,0.5976001827103031,-0.2917605229297075,2.8284934858067055,7.1218582978021985,-0.41533914897835433,-0.17165692374952285,8.71839511704873,3.544688345462746,0.05292966835791338,0.5525337825154887,5.454608995057207,6.172926443563889,1.426621549451232,0.46341229444347554,8.417292873464303,8.543036789912156,0.1769018692163438,-0.37643629357935504
122,5.319437294937931,5.582283287052149,-0.029627970165602598,0.3397837575065604,0.42827983770531397,7.160509042059776,0.5722125157162067,0.20713568780432134,4.52244989531066,3.3033794828394147,-0.06583621346749208,-0.15004887972961065,2.156892031427563,2.712854795793244,0.1551919211793799,-0.04060952214139085,9.14969798466309,2.2718219592489737,0.7058267761248413,0.16747139326350607,0.34856638841696597,5.251946577340373,0.6236646918636692,-0.26479284247545337,2.807726528357788,7.113275451614722,-0.4016146058241147,-0.14182183370836227,8.721041600466627,3.57231503458852,0.05685391821557749,0.5710125068759547,5.525940072529768,6.196097058286063,1.4450061579448397,0.4024390680606117,8.42613796692512,8.524214975233189,0.17693506974854176,-0.38028870940925197
123,5.317955896429651,5.599272474927477,-0.04768800616919223,0.33392400066430483,0.4568904634911243,7.170865826449992,0.6218212440058108,0.1936815828443566,4.519158084637286,3.295877038852934,-0.07461412542857072,-0.14554677215407488,2.1646516274865317,2.710824319686174,0.14670571733006427,-0.04257049651431423,9.184989323469333,2.280195528912149,0.6657120038050477,0.174921800261902,0.3797496230101494,5.238706935216601,0.6480550421458615,-0.23729655822900866,2.787645798066582,7.106184359929304,-0.38838332537806214,-0.11226765439756362,8.723884296377406,3.600865659932318,0.06011805557305086,0.5867497439121829,5.598190380427011,6.216219011689094,1.4425399393988068,0.34004920552322765,8.434984720412547,8.505200539762727,0.17613520670809452,-0.3832300956246407
124,5.3155714961211915,5.615968674960692,-0.0651653441852254,0.3285210906999818,0.48798152569141484,7.18054990559221,0.6714031144424792,0.17777503434429556,4.515427378365857,3.2885997002452303,-0.08249557459153077,-0.1406930381525576,2.171986913353035,2.7086957948604584,0.1385441591192145,-0.04463700538116079,9.218274923659585,2.2889416189252443,0.6250498105067078,0.18266290656344808,0.4121523751174425,5.22684210730515,0.6702436028105153,-0.20890267571596238,2.768226631797679,7.100570977209426,-0.37541640792286574,-0.0838909410024449,8.726890199156058,3.630203147127927,0.0631575307309078,0.5996301184033976,5.670317377396951,6.233221471965256,1.4194550679278786,0.2520428998286476,8.443791480747953,8.486039034981495,0.17459614623465244,-0.38520478428126886
125,5.31231322891193,5.632394729495691,-0.08252858102976504,0.3238886907237283,0.5215516814135388,7.189438657309425,0.718046764974248,0.16034659746895225,4.51130259963628,3.2815650483376024,-0.08979447924889467,-0.13568040636370776,2.1789141213089955,2.7064639445914005,0.1308936481524367,-0.04665479937183242,9.249527414184922,2.2980747642534167,0.5838410128134552,0.19057322449104702,0.4456645552579683,5.216396973519352,0.6899394331556691,-0.1805521078982744,2.7494558114015355,7.096376430159303,-0.3496171990433949,-0.06903433726079909,8.730048075692602,3.660184653048097,0.06610624589616525,0.6097410934602843,5.741290130793344,6.245823616956688,1.3690840290141517,0.15204289982864758,8.452521288059685,8.466778795767432,0.17231752287723726,-0.3862416826073976
126,5.308186799860442,5.648589164031877,-0.09905351430832568,0.31982500436777983,0.5574540196622512,7.197455987182872,0.761378131751668,0.14145428541908653,4.506812875673835,3.274781028019417,-0.09666884982384584,-0.13061895092020628,2.1854588037166174,2.7041312046228088,0.12377407151946017,-0.04858658162491899,9.278719464825594,2.307603425477969,0.5421599377173248,0.1985824883641473,0.48016152691575176,5.207369368124438,0.7067007644158734,-0.15768531790165038,2.7319749514493656,7.092924713296263,-0.32337084207928357,-0.05558829829938857,8.73335338798741,3.690671707721111,0.06953394398683774,0.6173248621260748,5.809744332244052,6.253425761948121,1.314026664311927,0.05204289982864757,8.461137164203548,8.447466711637063,0.16946162257470793,-0.38660713495937754
127,5.303234124145026,5.664580414250266,-0.11383378089129154,0.3164409592288247,0.5955229262498346,7.204528701453826,0.8009811952158328,0.12204279158125313,4.501979433182642,3.2682500804734067,-0.10311260068215272,-0.12552369517276882,2.1916475072925903,2.7017018755415627,0.11719196188935228,-0.05040534900116306,9.30582746171146,2.3175325498961765,0.49975498805225527,0.2065608479739896,0.5154965651365454,5.199485102229356,0.7206272138339413,-0.13376597097305387,2.7158064093454013,7.090145298381294,-0.2971926430264729,-0.042752595999316856,8.736830085186753,3.7215379508274147,0.0734031243681358,0.6224406092053281,5.875445665459648,6.256027906939553,1.2559833810878211,-0.047957100171352435,8.469610245332284,8.428136354889094,0.1658060432610721,-0.38625250508794207
128,5.297542435100461,5.680402462211707,-0.12697019309460345,0.31318391147131835,0.6355719860106263,7.210630841032889,0.8369493558451052,0.10073042366514595,4.496823803148534,3.2619738957147684,-0.10911455036498449,-0.12040704433808921,2.197507105387058,2.6991816080915045,0.11114279191681334,-0.05211027895646673,9.330815211114071,2.327860592294876,0.4567174125689331,0.21447464234249508,0.5515279258282425,5.192796803680703,0.7315026147347821,-0.10979594966558545,2.7009467771940776,7.088007668581327,-0.2711969176331776,-0.030629565575198813,8.74050024140516,3.752659981287681,0.07767513007516133,0.6251550552060829,5.938244834514039,6.253630051930986,1.1950608597350532,-0.14795710017135244,8.477900547495338,8.408823729634697,0.1606510077802152,-0.38469072956377287
129,5.291193925445731,5.696061657785273,-0.13899671912848177,0.30953968833262835,0.6774194538028815,7.215667362216146,0.86947755957092,0.0781701118112603,4.491368075630285,3.255953543497864,-0.11466932737625979,-0.1152800923306763,2.2030642449828988,2.696576094143681,0.084670604874577,-0.08204093014436345,9.353651081742518,2.338584324412001,0.41316386351764833,0.22227220467345632,0.5881030565649816,5.187307006197424,0.7531142232996357,-0.08733723541883558,2.687386931312419,7.086476190302568,-0.24533832464611705,-0.019022105642633125,8.744383997908917,3.783917734047985,0.08245739922518003,0.6268246943688022,5.997997877500792,6.246232196922418,1.133167378718894,-0.24795710017135245,8.485933097884349,8.389589193156509,0.15406938243784613,-0.3819547186025383
130,5.284244089489308,5.711538642201904,-0.15053929418980302,0.3050396058248988,0.7208933317814274,7.219575867806709,0.8996110841080065,0.05693245980749519,4.485634609261472,3.25018953888133,-0.11986420632697485,-0.11012942363510726,2.2072977752266274,2.692474047636463,0.06347167800852246,-0.10731209551530461,9.3743092749184,2.3496979346456737,0.36924745629013217,0.22989551208035863,0.6257587677299634,5.182940144426482,0.7740683315378559,-0.06648168346075146,2.675120015080113,7.085525085020436,-0.21973630581295664,-0.00803530142553298,8.748506867870177,3.815258968766425,0.08784719244236219,0.6282290078325199,6.054656246436736,6.23383434191385,1.0741657362533026,-0.34795710017135245,8.493636567006241,8.370491457226382,0.1462683816639394,-0.37832820363128206
131,5.276717124779817,5.726790622493149,-0.15986696512161913,0.3000898554461709,0.7658738859868278,7.222422490797084,0.925862909798276,0.037621136045555184,4.479641398945123,3.2446830676995746,-0.12463379794157885,-0.10494579208086131,2.2104713591270535,2.6871084428606977,0.047155101706470914,-0.12861669694619757,9.392771647732905,2.3611927102496915,0.3254560519236389,0.23674870288984692,0.6644621843068562,5.179616060253444,0.7943123905044925,-0.04765486350444882,2.664133199789465,7.085123319949159,-0.19433385823166544,0.002392134061975795,8.752899227492295,3.846670419158051,0.09373909779483545,0.6293189537337052,6.108364533249402,6.216436486905282,1.0262038932395392,-0.4414764301960717,8.500949986089438,8.351575047044818,0.13762514639773077,-0.37419617086434387
132,5.2687237765237365,5.741795115265457,-0.16785987049996082,0.2945880002814046,0.8121670314767416,7.224303547599361,0.9475976377173777,0.0207430869699517,4.4734097090480445,3.2394357780955314,-0.12894328640200042,-0.09972041566858886,2.212829114212377,2.680677608013388,0.0355118216175694,-0.14641580467658621,9.409044450329088,2.3730301453941838,0.2821957607048813,0.24249178922789014,0.7041778038320808,5.177233317078222,0.8135239673835171,-0.03042430212883084,2.6544165068778818,7.085242926652258,-0.1691039899388569,0.012546373895330745,8.757586182382036,3.8781363668447364,0.10005064555103052,0.6300827870236712,6.159674727911379,6.194362665395478,0.995007635767501,-0.5212283926193962,8.507831243409324,8.3328652385016,0.12859395492949194,-0.36959845818364645
133,5.2603307829987385,5.756524515279527,-0.1751291710203809,0.28883231240386875,0.8595469133626106,7.225340701947859,0.9658893793269511,0.005684383249382089,4.466962544727944,3.234449757312102,-0.13278076344527148,-0.09435554054568408,2.2146047052932554,2.6733568177795584,0.0282379225988049,-0.1608935493751107,9.423154238364331,2.385154734855578,0.23960231135070953,0.24708464301245128,0.7448540022012566,5.17571210197178,0.8313665984255207,-0.014244028238335538,2.645961307380939,7.085870245347024,-0.14456410799420052,0.023364551356954893,8.762588714659588,3.90964050619592,0.10693283402020204,0.6305268086118625,6.209425109699754,6.168301245764509,0.9849270821762496,-0.5861242728417168,8.514260941155799,8.314385315592418,0.11918417412914938,-0.3645446682699921
134,5.251574324447719,5.770966130899721,-0.18231725127159779,0.2830367989378682,0.9078413823289582,7.225624921110328,0.981975161974084,-0.008014461362262656,4.460323506555681,3.229731980284818,-0.13602377952433967,-0.08883991410027145,2.2160166014231955,2.6653121403108027,0.024865203832473228,-0.17216780295210463,9.435134353931867,2.3975089670062006,0.19783510754287872,0.25049732930080804,0.7864223321225327,5.174999900559864,0.8443650050145519,0.0038555867395010726,2.638733101981229,7.087038472914872,-0.12123304847872429,0.036055262378378236,8.767935356360598,3.941166846626513,0.11434416644865739,0.630636617259402,6.258671463808566,6.138995032122423,0.9882967067164593,-0.6382118182366142,8.520220149862256,8.296158082178918,0.10940261382736867,-0.3590511551477911
135,5.242458461884139,5.785117970846614,-0.18968834162413303,0.27727602343137175,0.9569401404276624,7.225224198042215,0.995495723132741,-0.020199658685823373,4.453522317579464,3.2252899845798044,-0.13857839175857448,-0.08318909612486958,2.217259861614819,2.6567037501631976,0.024598474164690444,-0.18089802747207265,9.44502610930901,2.4100338334712412,0.15703356752575073,0.2527135750936142,0.8286405823732602,5.175192679896838,0.849244996724738,0.02329335132451923,2.632671449557293,7.088841236033791,-0.09279277567064934,0.046734787515325865,8.773652564683031,3.972698677489483,0.12220961921507584,0.6303967965974474,6.30808629914439,6.107084441210593,1.0137070906562022,-0.6722363399451027,8.525690280553624,8.278205524421528,0.09925791669764225,-0.3531372944244148
136,5.2329740448029325,5.798981772018183,-0.19727310121714298,0.27147366288180264,1.0067149265842994,7.224214215107924,1.0043194323226328,-0.03307063054432481,4.446593397991535,3.221130529773561,-0.14043843479253196,-0.07742335070858597,2.2184897853230536,2.647658848789594,0.02698539096602387,-0.18708704260724168,9.452877787685297,2.422669512225922,0.11726115534485015,0.2537150667706302,0.8711028322094971,5.176357347463064,0.8474470587504042,0.042559348734339794,2.6280318107737606,7.091177975409558,-0.059525226990343856,0.0553502909754947,8.779763045643785,4.004218517319355,0.1305427911191629,0.6295376966915095,6.358771653677199,6.073472624213338,1.065445990602415,-0.6846516007666835,8.530653176388507,8.260548659700307,0.08876022894062702,-0.3468138026424648
137,5.223110389742075,5.812555455162273,-0.20517360747515384,0.2655770584481469,1.056930898200431,7.222560683580708,1.0100951790257806,-0.047334771567483835,4.439571476251908,3.217259362238132,-0.1415835596004858,-0.07154592108915447,2.219839054871355,2.6383044966592317,0.030753854026283688,-0.19213489701586348,9.45874084545254,2.4353552655644535,0.07785383949459228,0.2543433764209769,0.9134751851470173,5.178485314899781,0.8415473839324844,0.06153943905445011,2.6250555494242436,7.093945489958332,-0.025126718918444438,0.06290651186458619,8.786290185199743,4.035695402153931,0.13975950502449735,0.6272360091305339,6.41204395320732,6.039240044175004,1.1285977673930339,-0.6796292608713159,8.535091187835539,8.243207969568184,0.07791753310837451,-0.3400901364513637
138,5.2128517093683175,5.82583430808468,-0.21299411833941165,0.25981098073596864,1.10743565715172,7.220193945002334,1.0135102237954254,-0.06216401975740998,4.4324922982718835,3.213682066183674,-0.1420237030217781,-0.06556710396896004,2.221376747572669,2.6286977518084385,0.03635314229616112,-0.19505115652071817,9.462633537427271,2.4480724343855025,0.038831858732110584,0.2546870602719284,0.9555525543436415,5.181562286852504,0.8334808042329681,0.08027067998262317,2.6237992134783212,7.097090815551562,0.009359902699826436,0.06977719738237413,8.793278160450967,4.0670572026104574,0.14810763918453917,0.6242068388707006,6.468473841576972,6.005258581131438,1.2057937038344553,-0.6517114466165552,8.538987064490957,8.226203462745616,0.06673959095158283,-0.33297718487465394
139,5.2022020034513465,5.8388248571214785,-0.2213860887354535,0.2540197640197983,1.1581111683414913,7.217085744014463,1.0136375642761106,-0.07732431810488313,4.425391113120795,3.210403710985226,-0.1417935415486231,-0.059506037654381984,2.2231944046874768,2.6189451939824027,0.04494706514963097,-0.1944544136765091,9.464575130363876,2.460806787399099,0.00047530422390135163,0.2546848792381499,0.99722659455529,5.185575820851635,0.8230700170678031,0.10372221091600331,2.6242672086133125,7.100579675420681,0.04376828130090066,0.0759154252623752,8.800683542410194,4.098267544553993,0.15467206635171638,0.6198273201680744,6.528763526768695,5.9726730088006095,1.2861584854525736,-0.6204669540857325,8.542324044038537,8.209554603501884,0.05523786891379062,-0.3254870148726703
140,5.191132699014574,5.8515258453224686,-0.23073599965035144,0.24810448098058607,1.2087930465552967,7.213219528109219,1.0099000017538184,-0.09187758635868638,4.418301436043364,3.207428409102507,-0.14094868631459617,-0.05338547919879555,2.2254417579449584,2.609222473298577,0.055672913526381915,-0.19129568154538554,9.46459889557507,2.4735410313610067,-0.037232477567785666,0.2542805797684852,1.0383800954086801,5.190761931397435,0.8115192702096832,0.12735714087100897,2.6264556226783577,7.104375446683799,0.07820662017667124,0.08128899595789464,8.80841714572778,4.129258910562396,0.16622053929263816,0.6052606304383839,6.5930714510413235,5.9416496610963225,1.3580349219245127,-0.5761404400800715,8.545085937484227,8.19328025275825,0.04342418659605686,-0.31763207413041605
141,5.179595899032056,5.863931069371498,-0.24029737145363514,0.24196068192894366,1.2592880466429877,7.208625648791284,1.002587173451435,-0.1058825648962459,4.411254001727634,3.2047591351425675,-0.13957501718200588,-0.04721399751494526,2.2282254036212774,2.5996576892213077,0.06777960780748314,-0.18634527253533287,9.462737271696682,2.486255060349431,-0.07431549241363375,0.2534011520709757,1.0789560589191642,5.197129788440986,0.7991347497385871,0.15105877289386663,2.6303659536871913,7.108439896481694,0.11221782918774911,0.08630040510646851,8.816728172692413,4.159521942084315,0.17741636135274635,0.5922988479233349,6.660973197137549,5.912842639092319,1.4088931007000227,-0.5148011565642368,8.54725714681403,8.177398649051728,0.03593421030916874,-0.31955584738188997
142,5.167581030459374,5.876029103467945,-0.24985759586750692,0.23570174868280794,1.3094174053155594,7.203331520546472,0.9922404851212616,-0.11924859356274217,4.404275250868533,3.2023984352668204,-0.137683515561594,-0.04101707507858872,2.2316143840116514,2.5903404255945413,0.08058497879394479,-0.1803604725989191,9.459021497076,2.49892511795298,-0.11029617001830905,0.2520324015322987,1.1189127964060936,5.204682727085679,0.7860671674889457,0.17472742566677008,2.635976845146579,7.112754916737018,0.14563587661588023,0.09105054623536618,8.82559899076005,4.189136884480482,0.18586736716920602,0.5741786335802639,6.731417852172551,5.887102581264108,1.4302698779872038,-0.4520266320942476,8.549053857329488,8.161420856682634,0.02618802983441059,-0.31996432550968246
143,5.155088150665999,5.887814190902086,-0.2589724126523656,0.2291929579811802,1.3590294295716225,7.197369090868335,0.9797511260404701,-0.13150602873553843,4.397391075090454,3.200347581512891,-0.13525584855474376,-0.03480553311298489,2.2356436329513487,2.5813224019645955,0.0926529449571032,-0.17446222158695143,9.453506688575084,2.511526738029595,-0.14471448769389955,0.2501217649582688,1.158216154780541,5.213419098369017,0.7724458625596893,0.19811280736537848,2.6432586389773727,7.117307444048786,0.17827713247144053,0.09561678431086094,8.83489235911851,4.217845816159495,0.19017212749118076,0.5532730971670712,6.802931346071911,5.864501249659395,1.4480561214509478,-0.3913227173682076,8.550363258821209,8.14542264040715,0.015135071167132301,-0.3191875036225619
144,5.142139530033381,5.899273838801145,-0.26733462393938723,0.2222965433734169,1.408016985873646,7.190793789431559,0.9654713864817733,-0.14269668977846714,4.390628282662717,3.1986073048572417,-0.13230428205229186,-0.02858992909083962,2.240276280199204,2.5725992908852477,0.10415768597015329,-0.16826801563228053,9.44627096419039,2.5240328262775087,-0.17751697411357728,0.24766277999467295,1.1968384479085254,5.223324738737286,0.7584322458189857,0.21986157664867317,2.652172495600945,7.122088283264328,0.20995742436253856,0.10021162106744798,8.844400965493069,4.245509471017849,0.1909583593218969,0.5298944776154125,6.875334152144458,5.844935113790985,1.462410208760369,-0.3337010358291591,8.551120012379565,8.129463265226022,1.037020363513913e-05,-0.31436729090073723
145,5.128772798836412,5.9103886659698155,-0.2749982762402219,0.2149453818338623,1.4562905551977348,7.1836589549426355,0.9493158649101371,-0.15293045487393947,4.384013068560102,3.1971778084027,-0.12883654379643344,-0.02237897572110295,2.2454841644977117,2.5641858901036336,0.11517328444608636,-0.16170790384138506,9.43739511548471,2.5364159652772424,-0.20865648498355716,0.24465045978165312,1.2347600601994748,5.23431781756972,0.7440406149310005,0.23962737092586434,2.662670366819072,7.1270988643177,0.2405919646819813,0.10482709891252072,8.853948883459164,4.27200419489862,0.18859936133617625,0.5044178609943951,6.948454662582477,5.828250061999527,1.4734853695101253,-0.28078615678058216,8.551120530889747,8.113744900680985,-0.01874600302300747,-0.30735008300998823
146,5.115022885024401,5.921135935061509,-0.2819869223302526,0.20716386060292624,1.5037563484432417,7.176012432198939,0.9320923324122542,-0.16270391639461132,4.37757124137028,3.196058859616645,-0.1248072105775013,-0.01620020885954499,2.251242828720016,2.5561004949115644,0.12584526512512156,-0.15470361525739115,9.426962291235533,2.548648488266325,-0.2380923758965668,0.24108235475457354,1.2719620909460247,5.246299186116014,0.729138319758786,0.2570420018753616,2.674699965053171,7.132340219263326,0.26999566610658,0.10924774482004197,8.863378851525972,4.297225087948339,0.18375921272331938,0.4776717846489514,7.022128931057983,5.814210754160498,1.4822089401592407,-0.2303403084829503,8.550183230738597,8.098377396530486,-0.03720244567714032,-0.29932791845658435
147,5.100923538907889,5.931494128091655,-0.28827973038613025,0.19895836259300612,1.5503609650638543,7.1678772363792085,0.9138235579624289,-0.1719899259149036,4.371330880841405,3.1952488491736677,-0.12019129165805721,-0.01008034330795407,2.2575350919762722,2.548365314148695,0.13606840941795298,-0.14740225116337222,9.415057672440705,2.5607026060040536,-0.2652557533007797,0.23688127633965655,1.308419006933964,5.259151286209782,0.7134278943818939,0.27207716772170937,2.6881997483585,7.137802606504328,0.297739789446233,0.11298394351355584,8.872566812162137,4.321108677180787,0.1758170577197717,0.450349697957095,7.096239378065945,5.80269373873635,1.4889698950398549,-0.1815727172925588,8.54832310845474,8.083411000607656,-0.055154773107388574,-0.2904137934909166
148,5.086509552388582,5.941442046221305,-0.29386173107384866,0.1903593264060726,1.5960521429619758,7.159277740083463,0.8945043738379591,-0.18090408738841626,4.365321316258502,3.19474483200827,-0.11501898424126053,-0.004039374934536216,2.26433851244717,2.5409952015905266,0.14566849294790216,-0.14004686737979335,9.401794884775667,2.5725466698210364,-0.2896283831220802,0.2320333329293792,1.3440904016530588,5.272755144595868,0.6969682162684334,0.28512250849815285,2.703086737830812,7.143451803680006,0.3231708860000355,0.11622682585470231,8.881357665048126,4.343626162078642,0.16338169150645002,0.4230780159330929,7.170687872817938,5.793615102871722,1.4938689392585676,-0.13548281189317501,8.545565369799371,8.06889031093311,-0.07451895575843151,-0.28081657172897473
149,5.07181646583489,5.950960012541609,-0.29866464019476596,0.18137130881721875,1.640777361653874,7.150232535714043,0.8738262932195776,-0.1896826006113491,4.359570367046439,3.194542863261543,-0.10936174982584858,0.0018593946378409896,2.271621937094565,2.533992858221537,0.15453219089397377,-0.1327753026279299,9.387313465619563,2.5841483364675053,-0.31138382365524137,0.22651252162492916,1.3789388124664805,5.287011270020775,0.6798526292723549,0.2964817881009189,2.7192452821308137,7.149263144972741,0.34579844977462126,0.11867329049013409,8.88952674962345,4.364780062875297,0.14968872689301235,0.3960672621822918,7.245381319780867,5.786840962277063,1.4970660445094173,-0.09377237534011684,8.54183942201145,8.054849482346661,-0.0927366430672198,-0.26996305094817297
150,5.056883233825151,5.96002857798247,-0.3026840689843816,0.17197971562917133,1.6844686763148529,7.140748405683476,0.8517287890806311,-0.19830370988835905,4.354102279555147,3.194635832993435,-0.10326506377555275,0.007595571679967645,2.279348546639264,2.5273540930901404,0.16257663789876883,-0.12569569612468168,9.371744274436802,2.595473962548752,-0.33092929085313644,0.22056200553513214,1.4129314439300982,5.301835359425821,0.6621220132392777,0.3062129750272838,2.736535204619545,7.155196809497247,0.3658993547757847,0.11958217908717546,8.8970111859681,4.384583425984411,0.13850539647633298,0.36945911396509057,7.320234622006337,5.782152343510058,1.499021189143767,-0.05418001936144677,8.537202589858088,8.041351329799253,-0.11020339976868923,-0.25817167045334
151,5.041749030375932,5.968627563763929,-0.30584570386170573,0.16219683135921856,1.7270551157688845,7.130833220189057,0.8276657636656874,-0.20690303664793586,4.348939026366369,3.1950156115774333,-0.09676766128636742,0.013160647628802065,2.287477378534202,2.521069308283906,0.1688814667213816,-0.11947612243319436,9.355197809894145,2.6065020628255087,-0.3496409218531784,0.21461933602429076,1.4460375445920621,5.317146008177185,0.6437785347980393,0.3143069460413066,2.754830172358334,7.1611759184516055,0.38309219982230497,0.11956996435650712,8.903936455791918,4.403056381682666,0.1305468203931497,0.343379733452853,7.395185681463525,5.7794433425419856,1.499923025702281,-0.01519595235957236,8.531692419869653,8.028442746276585,-0.1256754035862475,-0.2457194599674048
152,5.026456745182847,5.97673740533189,-0.3081007815217895,0.15296339686090846,1.7684384039521688,7.120488068356661,0.8016916479363555,-0.21544774469127273,4.344100643302051,3.1956736439588735,-0.08989802928067589,0.018538380218642955,2.2959214518702713,2.5150955021622465,0.17258272554465717,-0.11511835197533055,9.337715763801485,2.617233029626723,-0.36752713432132567,0.20829681281781837,1.4782264713319642,5.332861355479251,0.6248538186830414,0.32084626922222054,2.7739847823494492,7.1671544166694305,0.3972657328447087,0.11913035528154199,8.910463796811575,4.420225368355309,0.1254340453504966,0.3180884723759258,7.470181832748639,5.778683544924007,1.4998197407758231,0.023253928251847935,8.525408649690341,8.016156773278215,-0.1391375760348826,-0.23276085587003847
153,5.011051706106757,5.984385575174935,-0.30908696532904334,0.14446478779489894,1.8085229863489864,7.109715681122097,0.7742398943200225,-0.22379768412699316,4.339605741838017,3.1966005629698055,-0.08270748586751366,0.023719190983074907,2.3045505881475044,2.50933958456348,0.1726176609445471,-0.1133302284645526,9.319339407085419,2.627647870267614,-0.384551740787619,0.20160247285700483,1.5094691622661163,5.348903668940362,0.6044697543662918,0.3250534843078462,2.7938480689916845,7.173110934433508,0.4086769482096417,0.11806306678221648,8.916735499079099,4.436129791974105,0.12273385845715268,0.29406442392831683,7.54517281978743,5.7798462413366,1.498754385480812,0.061117035285041046,8.518451770888596,8.004518730484714,-0.1510290841372996,-0.2197634044454398
154,4.995597357840305,5.99160881456468,-0.3092347971415443,0.13643451030428308,1.8472349810649875,7.098525796915747,0.7463676597371215,-0.2316537469266853,4.335470367544642,3.1977865225189595,-0.07525795282222175,0.028696323735612636,2.313181471194732,2.5036730731402526,0.16935839067884867,-0.11415787425438448,9.300111820046038,2.637727993910464,-0.40042850335656965,0.19488829796052617,1.5396926499844308,5.365156343155754,0.5820119967740905,0.3264207445441393,2.8142819164021664,7.179014087772619,0.42002033050858806,0.1159460794867677,8.922872192001957,4.450833013170521,0.12317174211734994,0.271012533197459,7.6201105390614705,5.7829020931008515,1.4970317917793368,0.09431762508645064,8.510900316681731,7.993530560262442,-0.161246099582532,-0.20665685714939258
155,4.980135617983228,5.9984305400798945,-0.30885590717851347,0.12888359497363466,1.8845533640518435,7.086943109569413,0.7179964597716445,-0.2390361986695728,4.331707469903531,3.19922133870574,-0.0676093983779087,0.0334624113421619,2.321649390728674,2.4979651794275335,0.16413193467744772,-0.11695850521872325,9.28009039487821,2.64747240880849,-0.41509764900028073,0.18823814292288465,1.5687932498231354,5.381477380382961,0.5577357387226951,0.3251733380726186,2.835282932927596,7.184811391746957,0.4303633784850819,0.11301439429984515,8.929030779107825,4.464383639830394,0.12909290888005956,0.24812356282239795,7.694962128650437,5.787617974355174,1.4949115178676815,0.12344858746273665,8.502838011702604,7.9831977174049715,-0.16977108370385463,-0.19349529029586932
156,4.964692822624302,6.004874719828576,-0.30779384926616377,0.12179712499554056,1.9204531870404258,7.0749912996359345,0.6889450515999908,-0.24533142294873805,4.328326999984635,3.200894459272848,-0.059846061779035564,0.037990049077171094,2.3298559874625466,2.4921172541665975,0.1574083489526171,-0.12123658948192878,9.259335512428196,2.6568843159546343,-0.4286235060316261,0.18129439179635687,1.5966800367592702,5.397736047286592,0.5316240077895057,0.3226932664758173,2.85680110185185,7.19046211146195,0.43960257079207726,0.10947868290708487,8.935485424551828,4.476789817971514,0.13555116452867252,0.22605153668886066,7.769707704543821,5.793790403728311,1.4925881229412652,0.14893184768433954,8.49434945751741,7.973522952890178,-0.17726914536080654,-0.1810822273955645
157,4.949303130160994,6.010964576078353,-0.30528161593436426,0.11510499189669984,1.9549004396204253,7.062724728488497,0.6593999023928756,-0.25078827995946024,4.325334696895683,3.2027939617267065,-0.052069180024637216,0.042290555862683064,2.3377264049101774,2.486055424692501,0.14962177250274603,-0.12650366083333775,9.237904337126615,2.665949035544452,-0.44097728242694695,0.1742452723238532,1.6232612371487454,5.413870710610382,0.5037030583304297,0.3199798032066432,2.878781230391454,7.195936045607304,0.44717502649628943,0.10555543664262718,8.942262982778262,4.488092394805957,0.1410144208430694,0.20468978334432483,7.844337110690884,5.801236996112528,1.4902896622019726,0.17040165120658404,8.48548600024937,7.9644688415204,-0.18375618409238156,-0.16952020706394333
158,4.9340390493642765,6.016719825673189,-0.3012831545686645,0.10884003038580316,1.987870434740069,7.050185314490524,0.6295165445103759,-0.2556204087673626,4.322731237894451,3.2049084895198408,-0.044357990039361944,0.04634915272702576,2.3452074935353147,2.479730241650834,0.14389258112498704,-0.1352090019042282,9.215855473005268,2.6746612991606447,-0.4521200086694892,0.16703345601297062,1.6484463900652668,5.429869700770714,0.4723984932583701,0.3160248834064809,2.9011399817162684,7.201213817439435,0.45252787451946563,0.10111427779660648,8.949313703820415,4.498326883973173,0.14546755277210935,0.1845457886553371,7.918851593800983,5.809757078672857,1.4882383370053105,0.1874744043000755,8.476298191044751,7.955992831167203,-0.18810736376664933,-0.15853041814425606
159,4.918974891635843,6.022161827192479,-0.29582337469517417,0.10298248152310746,2.019346261965588,7.037404294052156,0.5993658985390776,-0.2602035916983089,4.320513338392483,3.207225947156192,-0.03666541756488227,0.05014362501909138,2.352402122591564,2.472969791555623,0.13959913450964873,-0.14279527471015738,9.193249472571793,2.6830129719612934,-0.4620563681942161,0.1595714536759917,1.6720663147281853,5.445670944941038,0.43845341262043824,0.31197742106231124,2.923766375442242,7.206269531329266,0.4555912310233099,0.09651790622041648,8.956587081459022,4.50755417340594,0.1478679737507747,0.16519437480932117,7.993263510651248,5.819130798887861,1.4863620803861946,0.2018112137370568,8.466892822856419,7.94806631025999,-0.19830804753921327,-0.14943198518613
160,4.9041837229010845,6.027310951268634,-0.29566837244390676,0.09404227281982797,2.0493145568925417,7.024394114467241,0.5681104566350096,-0.26414863128354166,4.318680067514239,3.2097331284071466,-0.028979960394872658,0.053673890782493364,2.3593820793170464,2.465830027820115,0.13589177887627069,-0.14933087260077285,9.170146654162082,2.690991544645093,-0.4706856634241279,0.1519738135192458,1.6939889853592072,5.461269815994154,0.40226605889023653,0.3078155040165988,2.9465459369934073,7.211095426640287,0.45728520396852324,0.09210543658004229,8.96398048014656,4.515813892146406,0.14777481616133914,0.1463323091364467,8.067581614670559,5.8292213595747135,1.4843667827083074,0.21599827404909672,8.456977420479458,7.940594711000683,-0.21041672963521776,-0.1415020282731356
161,4.889400304278889,6.032013064909625,-0.2954728945410175,0.08486189614112274,2.0777200797242923,7.011186682903064,0.535824223925125,-0.26740530241419885,4.317231069494495,3.2124168229462713,-0.021296868784202568,0.056949948696392784,2.36617666826086,2.4583634841900763,0.13288634393104498,-0.15491759770164776,9.146612370990875,2.6985902353210554,-0.4772842179757293,0.1445428070876662,1.714102288303719,5.4766605911949835,0.36427356061161864,0.3035267017206756,2.9694101971918334,7.215700698469289,0.4578824808796627,0.08794700715110725,8.971369220954626,4.523130507603229,0.14659941144878136,0.12690514076715348,8.141799953805974,5.840021273277168,1.482733807147528,0.22693712155968998,8.446456583997696,7.933519609587027,-0.22058459211013612,-0.1332017201350035
162,4.874626659551838,6.0362561597166815,-0.28574502312301825,0.07866177368039982,2.1045112909205486,6.997816417782354,0.5051008428826445,-0.2697000736012063,4.316166226055285,3.215264320381091,-0.013608313662780754,0.05996568053026796,2.372820985457412,2.450617604304994,0.13177850182839815,-0.1595608721728115,9.122748160092089,2.7058173756754385,-0.48186380413889246,0.13727641080356281,1.7323159663342997,5.491836926281017,0.3249041682165991,0.29855508239777956,2.9923043212358165,7.220098048826844,0.45742684472107714,0.0840794122533602,8.978699191527065,4.529475764641586,0.14412425369614826,0.10655845601325867,8.21593664416335,5.851368129355152,1.479242909134413,0.23480616625101422,8.43542735439219,7.926859523580276,-0.22840957779310045,-0.12407595174172538
163,4.860339408395688,6.040189248400702,-0.27648180120348165,0.07233660700793164,2.1297663330646808,6.984331414102294,0.47343405740405253,-0.27125349590693926,4.315485810372145,3.218262604407604,-0.005865470630897514,0.06255965287794471,2.3794099105488318,2.442639560696353,0.13231365281828825,-0.16342223354230212,9.098654969885144,2.7126811962156165,-0.4842666636925872,0.12981238041854543,1.7485611747451297,5.506764680400907,0.2856131857317816,0.29341663116427336,3.0151756634718705,7.224302019439512,0.45611506160104104,0.08070295590327208,8.985905404211872,4.534803687442249,0.1398931572645353,0.08560316909318802,8.28989878962007,5.863108437667703,1.470396766246344,0.24100711535365438,8.424006875502535,7.92065572599319,-0.23453570630274115,-0.11458930926182884
164,4.846515318335514,6.043806078751098,-0.26755907528757283,0.06592919337625401,2.1534380359348835,6.970768739306947,0.4406661953225248,-0.2719959850530079,4.3151925368406,3.221390587051501,0.001953168647514351,0.06480960062702298,2.3860255931897463,2.434468449019238,0.1342346058387417,-0.16671905994961547,9.074441636700515,2.719171815236544,-0.48428367076038675,0.12164872635937375,1.762841834031719,5.521435511959121,0.24706403669537416,0.28800512807281886,3.0379814165519226,7.228337167234676,0.45405080411338633,0.07789097826347773,8.9929000620751,4.539083845896909,0.13422984839076268,0.06428790886169311,8.363418627932386,5.875158793435386,1.4525713028321519,0.242669937793921,8.412280090187398,7.914926260530098,-0.23850611660502252,-0.10491251008370536
165,4.833137364571135,6.047102538419911,-0.2586347832596225,0.05951325181002515,2.1754713457010095,6.957168940054297,0.40673992889071636,-0.2719513438458028,4.315290195272976,3.224631067082852,0.009828243093715676,0.06699148732234836,2.3927373234816836,2.4261324960217574,0.1373845291484255,-0.1696766403744607,9.050227453162496,2.7252542515545124,-0.4819844972115691,0.11287547026611013,1.7751950358664876,5.5358357683627615,0.20929717477978577,0.2822757459601966,3.060683956757592,7.23223171614785,0.4512484116455299,0.07584989357159559,8.999611554494637,4.542298241339993,0.12715273559684026,0.043442370483931264,8.436047193073994,5.887292290325082,1.4282724307785286,0.24027775585354422,8.400354784357146,7.9096806350259135,-0.23993189807853993,-0.0951459343896212
166,4.820205625408153,6.050078201010412,-0.2495829447424335,0.05323011237258809,2.195808342145545,6.9435713728620065,0.3729091222777479,-0.271102137752104,4.315781607427661,3.2279806414489696,0.017524205582366954,0.06915069296022058,2.399606549939105,2.4176486640030346,0.14152161713429873,-0.17284961131016302,9.026128228301918,2.730898025067818,-0.47744883445619896,0.1035138127658431,1.785659894605477,5.549949555660771,0.1722189342659842,0.27611665608199515,3.083246377339868,7.23602421082643,0.4459403211226446,0.07667548840285365,9.00596919127448,4.54447035986419,0.11870828927153813,0.02329292495017882,8.507460814612921,5.899306178117759,1.4021878467808022,0.23634029350877855,8.38835818945322,7.904923338306433,-0.24140142489097413,-0.08472270028451102
167,4.807726478171031,6.052739706629041,-0.24031999998449513,0.04700137111420529,2.2144537982594326,6.930016265974401,0.33935451166773967,-0.26952514655910753,4.31665781770678,3.231438176096981,0.025066210018621457,0.0712756914924562,2.4066826307958196,2.4090061834375263,0.14735035348423903,-0.17657779504159976,9.002255786579108,2.73607371570611,-0.4719203531515534,0.09373917181826276,1.7942708413187762,5.563755388464871,0.13592354711712706,0.26954599799426476,3.1055433933960006,7.239857985246572,0.43908833805227104,0.07817963815645401,9.011904605738057,4.545635006111699,0.10897168428296315,0.003885896990355211,8.577570206951961,5.911123192793198,1.3754105018387093,0.23175289317668532,8.37628811820867,7.9006872032922075,-0.24276363875589665,-0.07370079116681236
168,4.795710478171807,6.055089775184752,-0.23110020153879354,0.04066059100503819,2.2314215238428194,6.916540008646446,0.306043150593292,-0.26758971538417364,4.317911128207711,3.2350019606716036,0.03246229408882714,0.07335824257691503,2.4140501484700314,2.4001772936854464,0.15525438088664,-0.1794501825476675,8.97865976892153,2.7407606742970234,-0.4659590169560845,0.08368410368300122,1.8010670186746325,5.577232688364584,0.1006045347136389,0.26263636754663866,3.127497810298614,7.243766967154395,0.43029917273425883,0.08005402597949926,9.017353189952205,4.545829300961216,0.09801685721272695,-0.014701956024113935,8.646340732043896,5.9227108374520325,1.3471932040462746,0.22655590459407424,8.364149936270875,7.897002163733867,-0.24234403136990365,-0.06184657173016685
169,4.784155468094867,6.057122804735004,-0.2217039584433956,0.03432486387963192,2.246723681372484,6.903160522877237,0.2729879166379087,-0.26541353024565006,4.319534242912152,3.2386698728004495,0.03972343175314523,0.07540349232961537,2.4218128675143635,2.391204784558063,0.16399754184969847,-0.18208728667894888,8.955361818073726,2.7449448794811735,-0.45972368118881535,0.07337530230022114,1.8060972454103144,5.590364506741916,0.06636281069935666,0.2553725104204027,3.149012768935327,7.24776966845337,0.41903049591684166,0.08190859600321476,9.02225403281284,4.54509420316001,0.08662569881076085,-0.03241675298446779,8.71370039224621,5.9340386326817365,1.3171700494299188,0.22006159931124306,8.35203273470238,7.893909835147358,-0.23941981445870694,-0.04910234914878028
170,4.773070270172697,6.058839047928985,-0.21215204440712165,0.027995457826804085,2.2603730772043793,6.889889846364955,0.24004992799903085,-0.26283599425129917,4.321520414499809,3.24244004741693,0.04684024720095254,0.07741737290282846,2.4300127446068482,2.382100420224116,0.17239064771422333,-0.18497293174813081,8.932375634014285,2.7486136445961846,-0.4534322589409287,0.06290409018135708,1.8094153859452822,5.603133132262936,0.03328889366806852,0.2477345983854143,3.169964293731169,7.25186509825353,0.4050203556170446,0.08357326711879198,9.026585317753378,4.543473365510787,0.07498385668391454,-0.048614403119031244,8.779558894717706,5.945041712647298,1.2856627719412104,0.2121449007064209,8.340061743979446,7.8914547176899195,-0.23497073490045364,-0.035711375938445505
171,4.762462667952341,6.0602388208203255,-0.213412967628829,0.02051805588478939,2.272375573604331,6.8767480466523905,0.2066670294299238,-0.2589236671852353,4.323862426859857,3.246310916062072,0.053759014295564664,0.07940215746869446,2.4386322769925592,2.372851773636709,0.18056523848065323,-0.18771872494916012,8.909704021067238,2.7517588491052525,-0.4469352990162308,0.05241647858954113,1.8110798306286855,5.615519862182207,0.005670697061432469,0.2401549230686037,3.1902153115120213,7.25604376160947,0.3897919008483869,0.08522957346753304,9.030334510587574,4.541042645354835,0.06313399583691823,-0.06312715660566455,8.843842033314766,5.9556489576826195,1.2537513421783701,0.20465471431315993,8.328313207234423,7.889669148892997,-0.22861406195781525,-0.021585581766158518
172,4.7517920195709,6.061264723614565,-0.21378621228694153,0.013274375675867959,2.282708925075827,6.863801863293129,0.1729150112166517,-0.25387719150655297,4.326550377574635,3.2502810239355067,0.06039681105517007,0.08136640003879668,2.4476605389165917,2.363465837389251,0.18824277270325607,-0.19025636978993704,8.887357256116427,2.7543796730347294,-0.4401959068846638,0.041926623627907444,1.8113633654817571,5.627527608335638,-0.020852100284682644,0.23200402067812365,3.2097049065544407,7.260305240282847,0.3738736042728406,0.08691509950325911,9.03349121037942,4.537886287524552,0.05113600254649388,-0.0759677584075368,8.906529600423685,5.965881693398278,1.2222377734194056,0.19801014423073385,8.316882504136533,7.888589869804689,-0.2187741516890317,-0.006255437003165658
173,4.741102708956553,6.061928442398359,-0.21323043510972692,0.006278950302552147,2.2913546756366596,6.851108003717801,0.13915697889472178,-0.24825934719316986,4.329570218127393,3.2543493439374465,0.06664685128830529,0.08333566057493093,2.4570726775517544,2.353953018899754,0.19489192861803956,-0.19268683802882722,8.865347460772194,2.756476004216125,-0.43318013472079586,0.03142206941581409,1.810320760467523,5.639127809369544,-0.04621550682364596,0.22330906869681758,3.228398586768083,7.26465099525801,0.3572060832729322,0.08854360363797371,9.036048010506745,4.534087899604176,0.03980604023331868,-0.08770455967420704,8.967641489094655,5.975782200609815,1.1881171451816814,0.19112499788106535,8.305943796552082,7.888277097954531,-0.2066824286045819,0.009607898129433221
174,4.730441187201066,6.062242389913487,-0.2116867560213728,-0.0004504781675825891,2.298312524581396,6.838695036358143,0.10562779264594249,-0.2423438365387204,4.332902560691808,3.258516126966193,0.07250345988772965,0.08532996474762561,2.4668172739826564,2.3443186769983124,0.20052575926968044,-0.19489093378732494,8.843688454036155,2.7580471076869157,-0.4258532576036389,0.020852481320864365,1.8080099851263407,5.650293262804385,-0.07034660968361987,0.21410586343916338,3.2462588909317294,7.269078175439908,0.33985497746372045,0.09012406382129615,9.038038312518411,4.529702671620465,0.029235396391098373,-0.09879383470648892,9.027047346353738,5.985338450503868,1.15184379685023,0.18506464719475363,8.295609675121852,7.888757492861003,-0.19298738080880937,0.025385567976444787
175,4.7198568493999975,6.062219866005107,-0.2092027175491972,-0.006923491926241952,2.303593914213693,6.826577844531207,0.07251462297583751,-0.23542813014261751,4.336527733686195,3.2627826252035743,0.07800734906099892,0.08732024933208825,2.4768435619461404,2.3345741303089462,0.205147225891437,-0.19686452050308278,8.822395791155973,2.759089731752959,-0.4181798763346608,0.010258523866898224,1.8044926546421598,5.660998555976343,-0.09332105758963719,0.20459865512164516,3.263251639804915,7.273584378630973,0.3224233845224363,0.09194190993324941,9.039500082337966,4.524762979885141,0.019169298416321152,-0.10935370575422414,9.08463953619625,5.994591682863605,1.1144800381670252,0.18005535103083703,8.285960306081412,7.890026771259825,-0.17855759847781952,0.04104705793997628
176,4.709396713522538,6.061873691408795,-0.2058422892606182,-0.01310473722343548,2.3072196453624847,6.8148064380240765,0.039956473876487535,-0.22743432845943004,4.340428101139245,3.2671486376701786,0.0831626840551958,0.08928831479509475,2.487100923240712,2.324730904283792,0.20934223916121905,-0.19843936406622223,8.80148679733924,2.7596026579463038,-0.41009958458661394,-7.877226137478766e-05,1.7998266017626778,5.671228488732425,-0.11541411373196736,0.19465420575650616,3.279372809031037,7.278181474127636,0.30493953022861303,0.09390104811058467,9.040458547258782,4.51929529459743,0.008760430520717972,-0.11837050195569165,9.1403635381046,6.0035944504151475,1.0753769235620754,0.17580695435107802,8.277032426157522,7.892079124156823,-0.1635130389394551,0.05642353488346917
177,4.699104599059507,6.061218454547624,-0.20083852180003356,-0.018707731039572795,2.309217469056309,6.803434721601105,0.00808736937190227,-0.21845740478508502,4.344586235342004,3.2716130534099332,0.08796111127935505,0.0912344457488239,2.497568035198773,2.314808936080481,0.21359880316742844,-0.1995780030506342,8.78098181810991,2.759598719333235,-0.40159096939086275,-0.010077399268382387,1.7940558960760795,5.680961199020251,-0.13653717878638402,0.18430294351490423,3.2946197855424675,7.282876526533165,0.28745973054075064,0.09587109431044286,9.040896568784817,4.513376769499645,-0.0016698771656109175,-0.12595871340269216,9.194132384282703,6.012384798132701,1.0339561717520016,0.1718275791376934,8.26885677421055,7.894900300900996,-0.14753289360425764,0.07133561862847192
178,4.689062672969506,6.060283067995645,-0.19479327902852725,-0.02418923643355473,2.3096218375249045,6.792511851361851,-0.022974786590088087,-0.2086849557983163,4.348984290905972,3.2761747756973745,0.09239816969834423,0.09315776898522975,2.5082479753571443,2.304830035927949,0.21761421721168941,-0.1999721024891972,8.760902269640367,2.759094849369816,-0.39265692008256275,-0.019714441403382618,1.7872290371367603,5.690176346195996,-0.15662724766312736,0.17356576727541373,3.308992772069505,7.287670081248687,0.2699524233093244,0.09782723586426204,9.040813074926536,4.507078833829511,-0.011785430604274401,-0.13254138257140285,9.245830192870303,6.020976177089586,0.991300641180064,0.16861902199388598,8.261480129530337,7.89846708183242,-0.1308452396454602,0.08589637173554285
179,4.67932300901808,6.059073606173967,-0.1877634640103502,-0.02977981571977242,2.3084730981954,6.782077603571936,-0.053011933396805,-0.19849548142426043,4.353604199390889,3.280832664146636,0.09656380458377457,0.09512242655267121,2.5191286862177287,2.294831430803489,0.2211558398950953,-0.19938107200513178,8.741269423636238,2.758109127299647,-0.38330844861983615,-0.028980560853713352,1.779397674753604,5.698854634559767,-0.17550726476489203,0.16262201623829292,3.3224903932349714,7.2925614430419,0.2523235568752271,0.09972553595320409,9.040223803396323,4.500451764700941,-0.02199172913437618,-0.13981672178739674,9.295395224929306,6.0294071281892805,0.9476024674186962,0.1662534704774723,8.254937867548064,7.902761900419197,-0.11354400355241591,0.1000082184209524
180,4.669934835817562,6.057584615387978,-0.17968619496285151,-0.035353120462347114,2.30582250152556,6.7721528295007225,-0.08193695587967702,-0.18795735489599735,4.358432389620078,3.28558878547427,0.10045294060014344,0.09713221824725272,2.5301864782124834,2.2848623772032326,0.22406829680987783,-0.19766787823835902,8.722104001205246,2.7566600992569614,-0.373558885581487,-0.03787101159953435,1.7706223115153594,5.706985735371682,-0.19304504189072746,0.1514445814660399,3.335106571078733,7.29754771983956,0.23460411373281304,0.10146208337859337,9.039124216939603,4.4934609286115705,-0.031750065976436266,-0.1479009139143861,9.342775348300242,6.037719801713154,0.9028742598305004,0.16467096659989214,8.249260667370443,7.907762311340244,-0.09570013869426543,0.1136248160733877
181,4.66095052606942,6.0558169593648605,-0.1712895798748655,-0.04064631354932889,2.301725653731576,6.762754961755923,-0.11040000958298513,-0.17758331175916225,4.363455036650085,3.2904453963866325,0.10406465462051488,0.09918740334917905,2.5413898930529775,2.2749789832913145,0.22633609000333735,-0.19490139738271528,8.70342605692617,2.754766548676985,-0.3634246937704022,-0.04636302764677365,1.760970059420823,5.714557964444984,-0.2091640675383677,0.14003108622344423,3.3468367767653735,7.30262082400849,0.21808868888521019,0.10230303553284233,9.037536713640781,4.4860658829158515,-0.040970892602260243,-0.15688150997990732,9.387919061291766,6.045953350043148,0.8567166047106045,0.16355042945296622,8.24447566043573,7.913443552143914,-0.0774855776490956,0.1265990991725622
182,4.652386047075677,6.053784643687394,-0.16271209747254084,-0.045950257451582995,2.2962056532524264,6.753875796167965,-0.13913431806420157,-0.1675446930157426,4.36865826938111,3.2954047665540913,0.10739874883197405,0.10128961949606541,2.5527066975531443,2.2652339134221786,0.227936292548861,-0.1909080258811503,8.68525482223765,2.7524483972946463,-0.35292636526345567,-0.054400089636081055,1.7505118560439046,5.721559518756156,-0.22387629243909019,0.12840075226338793,3.357741211209634,7.307735975785132,0.20402989033365074,0.10252672564123844,9.035488169010668,4.4782218074168565,-0.049670053416545526,-0.1667775827252305,9.430754891527297,6.054130871515796,0.8083081202516812,0.16231614280195095,8.240601381553276,7.9197735071025415,-0.05932977486274535,0.13869443280836924
183,4.64425044220205,6.051487130814815,-0.15407813519894312,-0.05132617396240338,2.289248937349216,6.745498561517178,-0.1682453070387728,-0.15776158820860414,4.374028206822709,3.3004692475288944,0.11046806729041196,0.10343761648048762,2.5641035121805875,2.255688512128121,0.22886079597958514,-0.1858807775432854,8.667608503974478,2.7497283928128424,-0.34217948240756346,-0.06204010496997197,1.73931804142195,5.727979556369326,-0.23713548723040717,0.11651856260212351,3.3679427057263167,7.312862312067193,0.19242537710571114,0.10217881642633204,9.03300466633984,4.469882928280595,-0.05769833266144528,-0.17751602630848054,9.471170297539881,6.062246678655894,0.7580724554071683,0.16134123693854668,8.237634892810139,7.92670822874296,-0.041319332903841086,0.14986117301723345
184,4.636546535442102,6.048920822116695,-0.145368554002635,-0.05677888733272656,2.2808366719972777,6.7376104821067475,-0.19759731037472555,-0.1481804239379647,4.37955161018723,3.3056411283529186,0.11328082314334965,0.10563056803305748,2.5755465519795666,2.2463944732509566,0.23022693555542417,-0.17918355420778087,8.6504995298541,2.7466263875643437,-0.3314164764952595,-0.06944514538311322,1.7274612670604297,5.733805484499432,-0.25122402402936117,0.10470317186625887,3.3775639745816024,7.31797125288851,0.18303899857902353,0.10139404351242905,9.030119749706769,4.46100712696517,-0.06508497088557019,-0.18903529222840432,9.50907392031024,6.070313740502821,0.7059535639295834,0.16083154109009662,8.235568926164946,7.9342012873938215,-0.02341145861766631,0.16007031170865876
185,4.62927810774197,6.0460818777500585,-0.1365471828049345,-0.062251430050779426,2.2709568064785413,6.730201460909849,-0.22705091578816244,-0.1387664387749913,4.385215651344398,3.3109226567545713,0.11581301807068443,0.10785369406451586,2.5870578987573376,2.2374352955405676,0.2312950623381991,-0.17072087556670001,8.633928706029337,2.743154130295188,-0.3206786520552571,-0.07667858551406224,1.7149000658589617,5.7390406430927445,-0.2638921523409952,0.09291196869524408,3.3867159245105536,7.3230409550641316,0.17301295194530314,0.10023916244858032,9.02686550116249,4.4515553623537505,-0.07190004526978269,-0.20063625599974755,9.544371598506718,6.078355317557326,0.6525125103006619,0.16080330481572197,8.234398353234063,7.942204802979254,-0.005630980319002218,0.16933650193950517
186,4.6224507486017234,6.042969306247519,-0.1276722940868063,-0.06774831120793923,2.2596042606891333,6.7232631389711,-0.2565216932997591,-0.12970032047503022,4.3910063022479315,3.316315341457797,0.11795155412160015,0.10992071590383652,2.5986226518742477,2.2288992517622326,0.23183614697047658,-0.16038004115770152,8.617894773426574,2.739320201019485,-0.30995288861512493,-0.08387538815998395,1.701705458241912,5.743686241527507,-0.27513701412259234,0.08122322367342401,3.3953665721078186,7.328052913186561,0.16227808836602992,0.09875206260361796,9.023270498899,4.4415235495537635,-0.0780480069608046,-0.21184592049354675,9.576997224021751,6.086395482798112,0.5987167494306821,0.16126008468499528,8.234116804218113,7.950671628076229,0.011978890114805157,0.1776452381744085
187,4.616067133897383,6.039581890687122,-0.11882714212595655,-0.07327249650781258,2.2467781760241454,6.716778122947348,-0.2860028479800112,-0.12134256836049584,4.396903879954012,3.3218113772529887,0.1192404088249073,0.11088578411375287,2.6102144592227714,2.2208802497043476,0.2321581681419272,-0.14888138205359272,8.602397128995818,2.735126431611486,-0.29921711457490274,-0.09107076178454716,1.6879486075357824,5.747747402711178,-0.2849698537903894,0.06966384829791475,3.40348047652612,7.332990516316742,0.15087677333259408,0.09691387193628674,9.01936809855096,4.430931253529086,-0.08316949322229161,-0.22228186603421332,9.606933061493285,6.0944584870323615,0.5446597771654386,0.1621267512143229,8.234715748723852,7.959553889984949,0.029366970175287183,0.18497459111949785
188,4.610125776791086,6.035918265861731,-0.11011379987656308,-0.07877647024517162,2.232478033625145,6.7107109945293235,-0.31555940253590414,-0.11380075018875627,4.402865900395257,3.3273556664586765,0.11974813422762012,0.110939493236338,2.6218223676298678,2.213436180601668,0.23202604215332456,-0.13650473610112956,8.587436273267073,2.7305728935222584,-0.28847874624251674,-0.09824181000851949,1.673700114846263,5.751230595126073,-0.2934042269307245,0.05833920942457605,3.4110243151927495,7.337836209913556,0.13879427108669107,0.09471276069411164,9.015209623889845,4.4198171602273755,-0.08729737750595346,-0.23191076766485336,9.634166050351556,6.1025648245930775,0.4907232122431058,0.1625655341130321,8.236184097232616,7.9688026195409245,0.04650887560226625,0.19133893145462855
189,4.604620086797258,6.031979442349473,-0.1016780498689337,-0.08421176602070435,2.2167000634983496,6.705020957019886,-0.3451528255448229,-0.10713261690013437,4.4088533071066385,3.3329026411204934,0.11954143463276481,0.11015369735771904,2.633423669737534,2.2066109437966115,0.23160691234954783,-0.12387611672828487,8.573012335954948,2.7256608030218326,-0.27774818164824794,-0.10535971249603589,1.6590299034997267,5.754147555597302,-0.3004598880129922,0.047283645289263015,3.4179640287470843,7.342571847948261,0.1260782206406576,0.09219209349134093,9.010844755014547,4.408221621844133,-0.09053413695996537,-0.24075434978837135,9.658702210963712,6.110693101298729,0.43697011041739164,0.16193238372733937,8.23850954101273,7.978369566113656,0.06336847853042787,0.19673649749001845
190,4.599536184303811,6.027768854048438,-0.09418356598078444,-0.08949282956247433,2.1994424222211086,6.699664326174879,-0.37462437791680164,-0.10124856818490056,4.414830378838277,3.3384103259883795,0.11845852142773723,0.10883989689985404,2.645004015355011,2.2004171379601973,0.2308876917857785,-0.11119875267694286,8.559124926872535,2.720392817397031,-0.2670374519896443,-0.11239379148148854,1.644006909099077,5.756511737861765,-0.30615495126126896,0.03650548117073465,3.424267939779117,7.347181452622828,0.11291511747741526,0.08940612880864268,9.006318048166548,4.396183904354714,-0.09288256927734151,-0.24880256529683234,9.680550716484582,6.118789720485096,0.3828160123834866,0.1606460757256125,8.241677964939251,7.988206390988157,0.07985058438160128,0.20105337767145023
191,4.594827006004771,6.023294212570314,-0.08743461251913741,-0.09457398247842892,2.1807112033252687,6.694601897765635,-0.4029961918101198,-0.09509169932477503,4.420753304909663,3.3438523208333724,0.11646031184695815,0.10714943820724378,2.6565483999443003,2.19485720032635,0.22989077765234897,-0.09903360486576847,8.545773054273052,2.7147731278229563,-0.2564405657124455,-0.11922974090241749,1.6286991615360136,5.758337011920302,-0.31055992189227233,0.026096844988188032,3.429913695652988,7.351651759063261,0.09936559144162958,0.08636013923564081,9.00167391970268,4.383743776089873,-0.0944550768971993,-0.25600183184975744,9.699691517103757,6.126822024271377,0.3280756371031064,0.158892419345734,8.24567049415833,7.99825905987173,0.09594616305210299,0.20432942217430458
192,4.590455275378814,6.018565513446393,-0.0818474105811043,-0.09946373854701622,2.1605613937347625,6.689847312799396,-0.43002469284390277,-0.08851391252152949,4.426576320502011,3.3492097927437348,0.11361359736524676,0.10510195328036437,2.668042938826918,2.1899055200830615,0.22842634182163665,-0.08761072561691097,8.53295102598743,2.7088116407778355,-0.24602074695348097,-0.1257557737376626,1.6131711654414,5.759641854169711,-0.3136405242550243,0.016054810153564695,3.4348819752250694,7.3559697660250425,0.08545852694415873,0.08305263577380305,8.996951165857821,4.3709436844973855,-0.09534800104206338,-0.26231740440959095,9.716095298958912,6.134766645238663,0.27310056853392306,0.15680292730039108,8.250467802310936,8.008475530980444,0.1116455213365764,0.20657688738992797
193,4.586362904849759,6.013592326519042,-0.07746280164181425,-0.10412681703393563,2.1390601590925673,6.685421617173319,-0.4557067607149965,-0.08156748216621905,4.4322570003702735,3.354464890407753,0.10998206629060363,0.10271371865758785,2.6794642559179995,2.185524983802216,0.226292449717607,-0.07697104693005374,8.520649988639756,2.7025238520909522,-0.2357136331272061,-0.1319038408544,1.5974891392286488,5.76044459467739,-0.3153217131215204,0.006338280009350064,3.4391549015722775,7.360122397813733,0.07124830726289576,0.07948014458992606,8.992183765805718,4.357827814276906,-0.09646768174474969,-0.2679188231729901,9.729750327385608,6.142606791603683,0.21850493717291536,0.15452781409775962,8.256050078377765,8.01880437534994,0.12682807456829256,0.2078062053418754
194,4.582489764767669,6.008385985667346,-0.07420246594309046,-0.10850210119907959,2.1162748210568174,6.681343243065008,-0.4801900286779291,-0.07455201920144587,4.437756103684803,3.3596005763406325,0.10563033527337169,0.10000192245582232,2.6907788784038797,2.1816764314557133,0.22350755717345666,-0.0671325761134415,8.508864306983396,2.6959286600482324,-0.22557224852561308,-0.13771017628871757,1.5817230535725728,5.760761508677857,-0.3156761472987999,-0.003053916675725696,3.4427173169354224,7.364096405043229,0.056788287495611364,0.07564221902170305,8.987360381718482,4.344431873118256,-0.09796182080512776,-0.27285212080711485,9.740675574244253,6.150333182308571,0.16452973651983918,0.15213251632457722,8.26239148210618,8.029194685617034,0.14134041678287693,0.20803850599313514
195,4.578779641470514,6.002960880607391,-0.05948657535671427,-0.11116635003064974,2.092265319622921,6.677615642104936,-0.503525689671982,-0.06759547244780093,4.443037620448472,3.3646006724634234,0.10062324969671821,0.09698443452010044,2.7019542562625527,2.178319802650041,0.22008493590840292,-0.05811680660198025,8.497585694557115,2.6890431512337964,-0.2156061313819821,-0.1431626355942424,1.565939246207633,5.760608812844071,-0.32454433049439085,-0.009702048135677098,3.445556731310203,7.367878515994314,0.04212647918367213,0.07154503932573919,8.982462290678225,4.3307892670779005,-0.09995588562792077,-0.27706669930154443,9.748902061070245,6.1579398081248,0.11132893133261385,0.14963076316570986,8.269458502945323,8.039596610916691,0.15514118831731982,0.20728266745554644
196,4.575805312702678,5.997402563105859,-0.044903343847982426,-0.11373587180798157,2.067089035139322,6.674235868482546,-0.5257238824472314,-0.060788021497655206,4.448068782933308,3.3694498941894286,0.09497809937797641,0.09369954394290336,2.712958503057973,2.175413962319942,0.2160445132453103,-0.04954071820328526,8.486805387988015,2.6818850194540844,-0.20582226289033245,-0.1482451106157239,1.5497120296829134,5.760123710437287,-0.33247016574619903,-0.01587734675196719,3.4476630552693863,7.371455767960601,0.027396515940664466,0.06721949113884096,8.977464496396829,4.316935932112823,-0.10220294944351449,-0.2806002232038414,9.754468507636876,6.165421346283085,0.05886609721281709,0.14694305096572388,8.277215562361189,8.049960744289468,0.1679865733919353,0.20657103172252314
197,4.573560145510279,5.9917157695154595,-0.030537414482824342,-0.11623602681731089,2.0408028410169603,6.671196467407663,-0.5468588803515322,-0.05432709481589823,4.452817687902207,3.3741348713865738,0.0886299349983797,0.09013186061868557,2.7237607287202383,2.1729369264097778,0.21139768186696958,-0.04096296981523327,8.476514274843499,2.674472763923298,-0.19622625184773754,-0.15294604736530143,1.5330885213956036,5.759329843099689,-0.339478761510836,-0.021556368155160665,3.4490328810664197,7.374816742517543,0.012673557733534034,0.06267688816764479,8.972354348924654,4.3029059209526315,-0.10461742258971467,-0.28347630023742076,9.757411812497516,6.172768498831371,0.0074726955900448686,0.14418941863631954,8.285614891030786,8.060289295875593,0.1780993149814815,0.2061796726075037
198,4.572033274786138,5.985903968174594,-0.016457466713182465,-0.11868467857067688,2.0134598969993838,6.668480112666868,-0.5669692714319117,-0.048269482590484906,4.457249184652126,3.378641464417508,0.08165253034435367,0.08630416730532535,2.734330612813587,2.170888777919016,0.2061559767622609,-0.032518460905054135,8.466702962251112,2.666825461555033,-0.18682312888621638,-0.1572555905874904,1.5161145833200618,5.758252024691931,-0.3453347349482645,-0.027014267502108336,3.4496665589530964,7.377950586925925,-0.0019388949522989446,0.057928751989985754,8.967123477795168,4.288732105940761,-0.10718985549515023,-0.28569269206160663,9.757785447277017,6.179977969763187,-0.04292224478623687,0.14124626365309706,8.29451985677986,8.070598279505969,0.1864384100971431,0.20582200201442824
199,4.571210401450479,5.97996973424606,-0.002735425463907256,-0.12111403574173554,1.9851114334277882,6.666066638537344,-0.5860153217420465,-0.042589996271062185,4.461331811169344,3.3829566727827745,0.07413490495287037,0.08223393635938056,2.7446384116517,2.169262854873763,0.20051837090143157,-0.024481681292751356,8.457361805806801,2.6589626820256584,-0.17761633170365643,-0.16116267654263336,1.4988478465726485,5.756901311316826,-0.34968862663386957,-0.0329132088103683,3.4495696142054815,7.3808470245254245,-0.016389827991487332,0.05298529846944933,8.96176398502041,4.27444747133768,-0.10992433145051732,-0.28727196536744,9.755639335037705,6.187040282945842,-0.09221232366463958,0.13810720478003968,8.303841777284719,8.08088937960669,0.19332893055059616,0.20531309657944724
200,4.571073630177284,5.973914032458973,0.01057046807647513,-0.12354517807190522,1.9558106673406859,6.6639371387237905,-0.6043214906558878,-0.037409227229881575,4.465038556416987,3.3870683696007435,0.06615385493837452,0.07795746961722262,2.7546643301967717,2.1680387708091255,0.19449242215343907,-0.016819522088268323,8.448480989221618,2.6509045481985267,-0.16860828024863553,-0.16465540628098804,1.481363415240955,5.7552556508763075,-0.3526311365830769,-0.03921857332972598,3.448750122805907,7.383496289448897,-0.03060733732080633,0.047861251443411156,8.956267768447884,4.260083873069308,-0.11282279170459046,-0.28824099747249843,9.751028718854473,6.193945643184844,-0.14030750822923005,0.13479029868548859,8.31350822381225,8.091155034435662,0.19881514508404438,0.20467185244178757
201,4.571602153581107,5.9677367735553775,0.023151712187536228,-0.12594740395372017,1.9255945928078915,6.662066677362296,-0.6220732439861185,-0.03320080366008311,4.468346249163906,3.3909662430816048,0.058101766618119235,0.07353314759323486,2.7643889513044435,2.167197794704712,0.1880253122348447,-0.009648343479135556,8.440050575209186,2.6426717778844773,-0.15980173421620678,-0.1677280840199526,1.463731858411801,5.753294722209821,-0.3545642984974255,-0.04524610532609535,3.4472197559398667,7.385889352021067,-0.044543429280282806,0.042575961187268536,8.950626628862654,4.245671823195683,-0.11537319212561382,-0.28880090734707176,9.744013343443012,6.200685158119119,-0.18709735703370392,0.13135485646134365,8.323448981066452,8.101388627057752,0.2027938262758464,0.20398247904358788
202,4.572759739190484,5.961439403357692,0.03476924008966254,-0.12839532517765864,1.8944909306085855,6.6604066371792925,-0.6386073429689295,-0.02982400272064238,4.471251337494812,3.3946429004612666,0.05002835324607944,0.06897389369199165,2.773790216916186,2.1667153775307555,0.18113526712843372,-0.0031337234432487916,8.432060488498376,2.6342853736834795,-0.15119712574004482,-0.17037676486336548,1.44600364348693,5.7510324169435165,-0.3555174937414994,-0.05099731577722145,3.4449925844758527,7.3880181500804305,-0.057956323588849855,0.03716352900841359,8.944857969256374,4.231231777828329,-0.11720044142907395,-0.2890121419939211,9.734658475591326,6.207252900942186,-0.23239930701157868,0.12781550396984565,8.333588672380245,8.111587751009932,0.20523911502339548,0.2032425936891733
203,4.5744982011949675,5.955019637098808,0.04541751600147056,-0.13089941707377536,1.862560563460139,6.658915437043261,-0.6533354644284136,-0.027290997356403165,4.473752755157117,3.3980915951458663,0.041965521188603395,0.06430559532830604,2.7828469802726077,2.1665586913585932,0.17383557121941043,0.0026638039146871144,8.424500632211373,2.6257665354403112,-0.1425353221368725,-0.17259312204235155,1.428227768799855,5.748482551154655,-0.35549385342179435,-0.056452639458456765,3.44209476829641,7.389876326530851,-0.07068921979761297,0.03166336512544278,8.93899794718492,4.216781170728633,-0.1182216563761784,-0.2888113565535283,9.723038510240746,6.213643676140679,-0.2761448724260074,0.12413315695529925,8.343850628131415,8.12174988069439,0.20669320162512964,0.2024547429404257
204,4.576769076995041,5.94847466624512,0.05527787215352821,-0.13337766271953685,1.8298937902387182,6.65755088717544,-0.6659974013075717,-0.025693882145214373,4.475851031216547,3.4013068749122817,0.03398367098175144,0.059545217474197235,2.7915387588335783,2.1666918815543275,0.16618043344208194,0.007749534467360455,8.41737386610453,2.6171368793381937,-0.13351919723271677,-0.174648346259826,1.4104530761287652,5.745659919181732,-0.354474000068294,-0.06157685002473904,3.4385603073065294,7.3914594947871235,-0.08276269342994863,0.026089392810846605,8.93308686436611,4.202340602900957,-0.11847938350742593,-0.2882363202308303,9.709231266619446,6.219850333988444,-0.3182094348659259,0.12035825063293921,8.35418528821267,8.131872617841411,0.20821921203412716,0.20127557577779873
205,4.579532970602718,5.941805783109142,0.06492216146827506,-0.135709338494886,1.7965939201733396,6.65626619306818,-0.6764366213784107,-0.024691940266865785,4.4775502147656345,3.4042841357859914,0.026145545454846375,0.054710092787836874,2.7998477805056825,2.1670793582776953,0.1586454094547887,0.012380874598524053,8.410697906242895,2.6084044620252023,-0.12418419492959329,-0.17655144079738216,1.3927293761253505,5.742581076680495,-0.352499987551855,-0.06638241304246498,3.434422172635032,7.392763964427666,-0.0944523459324854,0.02048194168486718,8.927162895190738,4.187928786889415,-0.11802297323351636,-0.2873200846162623,9.693320794876149,6.225868246520091,-0.358383287309621,0.11657840830093372,8.364596248814378,8.141936396630301,0.20978879194833938,0.19983988139992936
206,4.582779078676132,5.935020316184398,0.07431494898439216,-0.1378732528996955,1.7627720891044192,6.655031596054837,-0.6847873244986423,-0.02401796358660191,4.478857492038377,3.4070196404253834,0.018537642868386262,0.049818994869684066,2.807780050978422,2.1676984020076215,0.15147775124498797,0.01598423614551731,8.404488696496415,2.5995768899853333,-0.11451785040616341,-0.17788280916550117,1.3751043767477578,5.739261956028372,-0.34961321968017717,-0.07087319089261604,3.429699555338408,7.393788061511909,-0.1058337649354952,0.014903099298263825,8.921261746529062,4.173562782658602,-0.11686668782835737,-0.2858620777984148,9.675401630510668,6.231697166935137,-0.3967137469043476,0.11290662583714473,8.375085688411795,8.151928390700299,0.21138339165725414,0.1983514458521305
207,4.586494826125351,5.9281266535394135,0.08343861258865165,-0.13986494601641997,1.7285327228794871,6.653830697875507,-0.6914168406829723,-0.02350600611441165,4.479784374181796,3.4095105901688676,0.011211223216877932,0.0448925782192696,2.8153539385406714,2.1684976138148975,0.14473776530214738,0.018477285163602312,8.398762803976107,2.5906827495270583,-0.10460406018018074,-0.17847407331840057,1.357623715763749,5.735718296483741,-0.3466050757038464,-0.07544730832962109,3.424407867091633,7.394533216476822,-0.11697233077383215,0.009407269045497215,8.915418412137644,4.159269678768681,-0.11501283436423078,-0.2832533696924335,9.65556594316545,6.237342498226995,-0.4330483151664478,0.10940535475319373,8.385654857994659,8.161845962992905,0.2130549119053096,0.19691518523013576
208,4.590666756754784,5.921133406238592,0.09228599078298377,-0.1416834108990918,1.6939618808453385,6.652655397569786,-0.6958836787000783,-0.022753649698797163,4.48034493534264,3.411755219079831,0.004213849516736024,0.0399509810108889,2.822590826805779,2.1694214780730774,0.13840501915403794,0.01999696565245696,8.393532600967097,2.5817590458611384,-0.09452959073304482,-0.1784276467658199,1.3402934619785567,5.73194593106726,-0.34371154345004457,-0.08032768448976589,3.4185592505529416,7.395003579929097,-0.12776718940830403,0.0040258022246611475,8.909667770419432,4.145107010284059,-0.1127667208701922,-0.27975781618403256,9.63391352740713,6.242812765964654,-0.46742453110120125,0.10598701831704127,8.396307603589925,8.171691722254412,0.21478343431033795,0.19556025514593706
209,4.595281056293933,5.914049235693637,0.10002365864158438,-0.1430183112149428,1.6591676969103346,6.651517715084847,-0.698706769625891,-0.022499120799120066,4.480555627818477,3.4137527681303754,-0.0024197674671545093,0.035007446651553,2.8295110777634807,2.1704213263557004,0.13226486269124935,0.020557372760152896,8.388806121430445,2.572837663522847,-0.08433213753222771,-0.17777031952548694,1.3231078848060545,5.727929546842772,-0.3407950190770497,-0.08547730153588368,3.4121708910825266,7.39520487004033,-0.13810693081712896,-0.0012500108929621818,8.904029434375923,4.1311191194748575,-0.1101093338370873,-0.27554486862169564,9.61054230085207,6.248112116880506,-0.5000608934154255,0.10227835510676848,8.407046775305442,8.181469735011708,0.21650801088788216,0.19434457641309485
210,4.600282239226012,5.90689832013289,0.10945822007299232,-0.14517001970608936,1.6242323584290401,6.65039275904489,-0.6880160626575834,-0.014957849499996302,4.480434639445119,3.415503140462953,-0.00866436467863465,0.030072738995050273,2.836124320898043,2.1714491949937083,0.12629469793030212,0.02044474879431956,8.384589514553834,2.5639491475465728,-0.07404911590337104,-0.17652761660549712,1.306068133852202,5.723655681765977,-0.3379111170711984,-0.09087577281681611,3.40526554454167,7.395142369495682,-0.14792553540563758,-0.006365699485157693,8.898523967684069,4.117341876043772,-0.1070882083416535,-0.27063430084632695,9.585539256181297,6.253226034635844,-0.5308399749984486,0.09777716954058158,8.417872175849837,8.191186963832363,0.2182252337423772,0.19328094540378438
211,4.605755150229662,5.899639819147586,0.11753888285995291,-0.147421432239313,1.589831555296161,6.64964486656989,-0.6747951072261221,-0.007257156637724039,4.480001421211187,3.4170067774127055,-0.01448016756571675,0.025163910930250964,2.842439055794558,2.1724714324334244,0.12051312748083065,0.019827212404119304,8.380887058758665,2.555122766716298,-0.06371720207452125,-0.1747260082888968,1.289172577998642,5.719111893125136,-0.33534033819465536,-0.09652090860692575,3.397869267771388,7.394824084521424,-0.1571991911182421,-0.011247158214663232,8.893169557266987,4.103810161001456,-0.10374972871845499,-0.26504717415915785,9.558997257431376,6.258114893112873,-0.5572560144653065,0.09234350171690928,8.428783437536955,8.200851011102552,0.21993167113640014,0.19238259211397157
212,4.611632094372659,5.892268747535621,0.12443460530877874,-0.1497290191700052,1.556091799934855,6.649282008738004,-0.6595085334584601,0.0005055287804049281,4.479277412832902,3.4182649729592183,-0.01985968903995896,0.02028963046262153,2.8484647121685995,2.1734627930536305,0.11517914321013878,0.01886733818020158,8.37770119865494,2.546386466301853,-0.05337280554293937,-0.1723954959217079,1.2724055610889093,5.71428584769479,-0.33301155827371975,-0.10239122105924203,3.3900093082154763,7.394261726610691,-0.1659103220353144,-0.015886129975532258,8.887982070831065,4.090557802293498,-0.1001553410232617,-0.2588268010203725,9.53113445670811,6.262732068198718,-0.5794244794239742,0.08603026938444125,8.439780021093775,8.210470140708251,0.2219491285470933,0.19100972717842446
213,4.6178538246380985,5.884782296577121,0.13107464469314384,-0.1519646461581181,1.523116373261932,6.649307285177024,-0.6420273867056258,0.008341659786884191,4.478284428380904,3.4192794544823495,-0.024803866384400373,0.01546012351403125,2.8542236693291065,2.1744061599626407,0.11026559967287967,0.01761728172342711,8.375032558377793,2.5377666915057677,-0.043051574356549445,-0.16956683699075056,1.2557549831752233,5.709166286641828,-0.3307217549475898,-0.10838706908909394,3.3817137921137106,7.393467420111914,-0.1740212416300791,-0.020263923868750297,8.882974303779902,4.077616462242479,-0.09657474658792749,-0.25199669732497987,9.50216323273691,6.26703358166794,-0.5980749962916119,0.07890963476901995,8.450877477521129,8.220020627067173,0.22381486531474296,0.18962349310731874
214,4.624407556872756,5.877184064269215,0.13744835264325905,-0.15412468514343008,1.4910150039266508,6.649724368166368,-0.6222554427192099,0.016037871869985464,4.477044235061683,3.420052460658051,-0.02942661525107766,0.010648553093170006,2.8597369493127505,2.1752870240488122,0.10577179949470947,0.016191694803195527,8.372879979659965,2.5292883496562304,-0.03278836531161612,-0.1662706930566199,1.2392188954278438,5.703746933187373,-0.32776376418201825,-0.11423927327779844,3.373012730032207,7.3924542239184765,-0.18149217274284535,-0.02435695508143779,8.878145566450506,4.06501662737623,-0.09253311618572012,-0.2445421083156949,9.472259482922329,6.270979063406391,-0.6141506342282039,0.07109154385334002,8.462068220786866,8.22950180172254,0.22476437140383426,0.18859264875045406
215,4.631279974504919,5.869477830012043,0.14355550713182258,-0.15619624773909555,1.4599022317906902,6.650526261759867,-0.6000141438648589,0.022454240354482534,4.4755729042991295,3.4205848883127095,-0.033713360814227114,0.005866261218880493,2.865025539287486,2.176096608788972,0.10172733116635273,0.014718041952359012,8.371240561394384,2.5209748150033993,-0.022617141134732423,-0.16253868196193053,1.222830707218743,5.6980349695234835,-0.3238866545203199,-0.11983615687278822,3.3639381213950648,7.391236376164405,-0.18829710241651706,-0.02814157845101234,8.87351891064122,4.052789521960445,-0.08804771057670847,-0.23647607325362024,9.441551951210919,6.274533640599058,-0.6274601606716854,0.06284520176058755,8.473306439357058,8.238931434160062,0.2246106856701583,0.18771002754783617
216,4.63845774986151,5.861668017625088,0.14939012198985385,-0.1581738085945438,1.4299015245974473,6.651648973777592,-0.5762714963958151,0.02895405534166515,4.473887236258418,3.4208782013736534,-0.03765238107539559,0.0011240236658800421,2.870111905845804,2.17683251088659,0.0981145688492913,0.013229743495243123,8.370109704337647,2.5128478809053028,-0.012570438511365113,-0.15840278681401088,1.206636374492727,5.692043161679844,-0.3191505365016927,-0.1252285615184696,3.354523266274239,7.389829297241854,-0.194414609114291,-0.031592608034824096,8.869116525112384,4.040965718297764,-0.08307215138679282,-0.22787087841676532,9.410178943177334,6.277675900687088,-0.6376640928973896,0.05462169420724855,8.484536973640566,8.248316935537453,0.22244311172642411,0.18626511205202329
217,4.645927255961002,5.853759327195361,0.15494455366671847,-0.1600543017958592,1.4010879497776565,6.653096676544675,-0.5517165836498625,0.03575268778461635,4.4720046172046475,3.4209344025569473,-0.04123368778623486,-0.0035685289453517618,2.8750176342882683,2.1774939980613524,0.09490835789331387,0.011742412868546775,8.369481182412079,2.504927741564602,-0.0026795290183955992,-0.15389584157649353,1.1906788476676424,5.68578173360392,-0.3136177055480947,-0.1304459043422134,3.3448025358185243,7.388249666840113,-0.19989883881306822,-0.03475396649560805,8.864962917543044,4.029572174376926,-0.07763094134038226,-0.21878131984518825,9.378295738532465,6.28040698539745,-0.6448603702773792,0.04749693271523462,8.495659129226887,8.257630191140054,0.21838560488202274,0.1843114070243238
218,4.6536744836443384,5.845756612105568,0.1602121864193754,-0.16183503358562693,1.3735021205951634,6.654884310933906,-0.5265683767006285,0.042827790411893725,4.469942932815336,3.4207559761096795,-0.04444875897265816,-0.00820681897809617,2.879763052182934,2.1780811187047795,0.0920850717622895,0.010268792055206826,8.369347205961159,2.4972329494857775,0.007025777571207826,-0.1490506995845206,1.1749979623902378,5.67925943838681,-0.30733642503051656,-0.13549749819723678,3.334807593877871,7.386511968515332,-0.20547123123204883,-0.037105035759721954,8.861081370476025,4.018633108384667,-0.0717718528152062,-0.20924878998445332,9.346052720018596,6.282781832033212,-0.6501829491992933,0.04142740961915002,8.506578409470988,8.26684576149127,0.21271284271158875,0.18204327874100196
219,4.661685092965307,5.837664860426286,0.1651707061314659,-0.16350330444921954,1.347173701760132,6.657025700454501,-0.5009085741445906,0.050094632240716815,4.467720494866703,3.420345635160775,-0.04739772298730755,-0.012776162828112763,2.8843673057710486,2.1785945583075397,0.08962249356993625,0.008819089840757181,8.369698494839719,2.4897804145065514,0.016516827814585515,-0.14390068504992798,1.159631141138712,5.672484563476948,-0.30050588175086873,-0.1403957993367107,3.3245340323162687,7.3846567167273465,-0.21081746351218397,-0.03924759866318579,8.857492777835265,4.008170668885445,-0.06551800831561819,-0.19929004221009075,9.31354357255863,6.28485320251417,-0.6541521465470536,0.03603280258184419,8.517214051606567,8.27594792542832,0.2058724587050885,0.17963425848847614
220,4.66994362827188,5.829489695203825,0.16987629018069075,-0.16505899527047976,1.3221282730529025,6.6595304320665365,-0.47580602733348676,0.057033918234292866,4.465350608717338,3.419706827019369,-0.050279762161745074,-0.01725271230449788,2.888848430449545,2.1790355127995777,0.08750112365671585,0.007402109086173107,8.370524336230448,2.482585380254055,0.025767698161608524,-0.13847621049765424,1.1446058470511684,5.665464773510112,-0.29352821185617345,-0.14513131721107078,3.3139931591406593,7.382694336794187,-0.21592040080821687,-0.04129836147299881,8.854216877419484,3.9982061667749402,-0.05895788087850347,-0.18903059794353305,9.280835965231278,6.286654842643262,-0.6577042544325334,0.02810851407056794,8.527507674541821,8.284929638352743,0.1986489792553395,0.17711117282724367
221,4.678437442780915,5.8212367454403005,0.1744851440870838,-0.1664804903318475,1.2983379716862282,6.662382127978251,-0.4513151493475325,0.06367970574158847,4.4628366206092505,3.418844191404144,-0.05308748030461216,-0.021624269689227267,2.893223486632381,2.1794056182538863,0.08548679176458308,0.00633841325681143,8.371812721138529,2.4756615697291724,0.03496624308109934,-0.13275649849358873,1.1299294364583596,5.658208207649558,-0.28637083470253843,-0.14960253542450977,3.3031971391002486,7.380629418720537,-0.22078457530832463,-0.04324882531187411,8.851268983375558,3.9887546368777635,-0.052164046609456685,-0.17856014578388987,9.24795075250965,6.288060268346791,-0.6608747927536709,0.017700044781026696,8.537440123504588,8.293785196994106,0.19328810732938945,0.17452494070148455
222,4.6871616999852685,5.812912720923708,0.1789683748716192,-0.16780362729852302,1.2757722142188517,6.6655661132653306,-0.42690550504182645,0.07038968298095882,4.4601822465940195,3.4177629779196828,-0.055813929004444124,-0.02588228246083371,2.89749782622061,2.1797225389167267,0.08355351920911262,0.005611805582078626,8.373561033292583,2.469023744804493,0.044213155679709265,-0.1267476518082984,1.1156108947232326,5.6507280808783324,-0.2791767403426637,-0.15324910847632003,3.2921579103348324,7.378466977454943,-0.2252798082331436,-0.04508987364939328,8.848660781045085,3.979826629588569,-0.04516651048665776,-0.16790697335051355,9.214907012871967,6.288945270585842,-0.6621326746483785,0.006532432854232644,8.547104528871058,8.30251144402918,0.18970672462262808,0.17187436815565812
223,4.69611011872885,5.804522539558782,0.18326954885662364,-0.16854034541112586,1.2544269389667604,6.669085597414378,-0.40255546836112804,0.0771340163375777,4.4573915501437975,3.416468863796641,-0.058452654568327905,-0.03001852555086724,2.9016755021810656,2.1800031291958306,0.0817313273597617,0.005272555804471006,8.375771691076569,2.4626863622140784,0.053493789606100864,-0.1205479815978177,1.1016520577060995,5.643065625454517,-0.27189778535990616,-0.15545555042264772,3.2808939199231753,7.376212483772473,-0.229367333839299,-0.046845210507725436,8.846402455520753,3.9714312809210432,-0.037997074568326614,-0.157104904789198,9.181800379139547,6.2892718922285535,-0.6613752683689339,-0.005058395892324593,8.55658986510219,8.311105162436963,0.18517589505889118,0.16898422386711823
224,4.705273596171681,5.796095522288225,0.1874105264180975,-0.16869848646394192,1.234299165548704,6.672942298231257,-0.37810079870675867,0.08386717084306895,4.454468917415381,3.4149679375190978,-0.06099750430680657,-0.03402551075329892,2.9057620685490537,2.1802667569860543,0.08000214259811829,0.005266524310640046,8.378446380556873,2.4566589631341875,0.06279869901419337,-0.11425196010652856,1.0880571684381042,5.635292847933385,-0.2646275967302789,-0.15635066643519116,3.26942555323121,7.373870223247087,-0.23293055687344244,-0.04857369547358628,8.844502601792337,3.9635760356815832,-0.030681780123765608,-0.1461764676754361,9.1487316157211,6.289018972433937,-0.6596528144618018,-0.01658445450657859,8.565848659855135,8.31955437363032,0.17982796330132186,0.16577682789629686
225,4.714644122492586,5.787660597965028,0.1913818732583599,-0.16833872612270742,1.215394125613366,6.677135656773411,-0.35324717430328195,0.09065682906169116,4.451419042200041,3.413266661981433,-0.06344212809003735,-0.03789548126866929,2.9097621756789596,2.180530083201586,0.07834868851789425,0.00554289589118863,8.381586315507583,2.450946365128861,0.07206819879294092,-0.10788951370898561,1.0748257886015902,5.627475314611625,-0.2573301181140413,-0.15627793188252276,3.257779025387538,7.371441538473407,-0.23589440938329867,-0.05031444111487742,8.842968512786149,3.9562672122978113,-0.023243956410939834,-0.1351523077373391,9.115748974998011,6.288189749708608,-0.6574132731249077,-0.02721515673393264,8.5748400580202,8.327843215025135,0.17385662656404674,0.16227237615948903
226,4.724213216155504,5.779243661658893,0.19518057971537875,-0.16747848832684784,1.197731766898202,6.681668498226495,-0.32808638183330363,0.09739590901393115,4.448246935795539,3.4113718879179995,-0.06577875645257378,-0.041619389111901446,2.9136796101048543,2.1808072279961457,0.07675451162942837,0.0060542729631503905,8.38518972544723,2.445551889443412,0.08128042446852381,-0.1014884122091897,1.0619592826958881,5.619661418017499,-0.25014341622023484,-0.15533605285965627,3.245984304918373,7.368925816417663,-0.23826937619841268,-0.05206412894300099,8.841806314965602,3.949509596910944,-0.015532844656760834,-0.12419431715058145,9.082878311341766,6.286828991871912,-0.6547044703801616,-0.03719836029404655,8.583532889348403,8.335956833833109,0.16730655592062174,0.15848284956282366
227,4.733972245141273,5.770869737242551,0.19880103959978387,-0.1661338417202535,1.1813274478065368,6.6865382936771915,-0.3026679333851225,0.10404306891817271,4.44495799797291,3.4092909184624043,-0.06800141104854489,-0.0451897192548763,2.9175173356863255,2.181109941644303,0.07518624562510441,0.006719558168618926,8.389253746670656,2.4404774688329525,0.09043199645758325,-0.0950752549249299,1.0494521118848763,5.611894615374516,-0.24306491612820527,-0.15352381181948607,3.2340708361084527,7.3663226099705135,-0.24001220818853547,-0.05376022623500701,8.841029672732764,3.9432998810534152,-0.007471899086291931,-0.11335126145528611,9.050143087822757,6.2849690738572095,-0.6514892360260232,-0.04610276150697723,8.591898217144434,8.34388097631125,0.16021983187772929,0.15441880781418074
228,4.743912297121263,5.762563045156538,0.20223569392503069,-0.1643192179844084,1.1661940511372806,6.691740447123101,-0.27703818349098036,0.11055780369300067,4.441557927420483,3.4070314324996605,-0.07007552341915513,-0.04859954340269677,2.9212766479675807,2.181445919552734,0.0736296617586274,0.0075004532881518685,8.393775346493536,2.435723706086706,0.09951992260695154,-0.08867597285691575,1.037298866078466,5.604218424783542,-0.23564665465979479,-0.15078775988005821,3.222070225699026,7.363634598658763,-0.2411083700159805,-0.05539313291779634,8.84065607777845,3.937632317980651,0.0008623263298915412,-0.10256154819177445,9.017568626021456,6.28266393578186,-0.6475193055411322,-0.05318964648241058,8.599909208738321,8.351601916701958,0.15264643293001354,0.15009472515648592
229,4.754024081817514,5.754347084257318,0.20547624758721159,-0.16204964093568947,1.1523421419627315,6.697268337307751,-0.2512187626764662,0.11688228118676364,4.438054151249525,3.4046014553295256,-0.0719755038002863,-0.05183353608360402,2.924958131055512,2.1818209422171417,0.07207289870568703,0.008365862532003769,8.398751342623884,2.43128990744386,0.10854102449894602,-0.0823156983036168,1.0255165333454763,5.596679036789539,-0.22742176651387117,-0.14707914807879155,3.210014807198227,7.360864942012873,-0.24155225213861636,-0.05697123387477275,8.840699194094944,3.9325042405710624,0.009408122903053621,-0.09193089513825234,8.9851926607444,6.28000445345774,-0.6428971527209028,-0.05874582047754779,8.607541530384822,8.359106652959781,0.14472801547624767,0.14555484835273017
230,4.764297894196875,5.746244602210533,0.2085140735590534,-0.15934093411716843,1.1397812038289081,6.703112451367089,-0.22522072760318587,0.12291785571235835,4.4344553760595105,3.4020097785253456,-0.07360247702695276,-0.054871665294076125,2.9285617759907963,2.182239235343742,0.07050500150510262,0.00928789395321811,8.40417839384883,2.427174122528679,0.1174926422762936,-0.07601817626539545,1.0141454450197827,5.5893250793856,-0.21844311654000184,-0.14247085482858843,3.1979371945912964,7.3580163803191345,-0.24134526048100166,-0.058497760515873395,8.841169600240097,3.9279076958141497,0.018077825611774782,-0.08148523478554542,8.953047803108355,6.2770671624338625,-0.6382144996961101,-0.06468256267899528,8.614777931158635,8.366384395377418,0.13627218615390957,0.1407084516829847
231,4.774723597874828,5.738277555504674,0.211339409717329,-0.1562088366940918,1.1285201674487488,6.709258344152707,-0.19905431834911178,0.12876486498374162,4.4307752522081625,3.3992661952606418,-0.0749395019689932,-0.0577110616292607,2.932087026066051,2.1827036300414027,0.06891400079914521,0.010240706703110584,8.410053025962645,2.4233732137154096,0.1263603367137974,-0.06982225593212919,1.0032232891927826,5.58220153664417,-0.20876462608008287,-0.13703691356860823,3.1858699315672463,7.355091492293341,-0.2404921153584736,-0.059973969660912715,8.842073491520685,3.9238334340748726,0.026393901413624146,-0.07095574273513611,8.921137078123548,6.273833034299913,-0.6329543022503599,-0.07103944200271621,8.62159154046633,8.373419817961567,0.12718105923511686,0.13550728779500712
232,4.785290568360694,5.730467113669969,0.21394770822764203,-0.15265420976731206,1.1185674515312933,6.715696587401895,-0.1726607826158888,0.1346593005533856,4.427028277109713,3.396380642179179,-0.0760089340934887,-0.060352278853560606,2.9355327261060085,2.183215665376558,0.06728899676093053,0.011201375345184453,8.416371042798335,2.419882100918803,0.13510318922281916,-0.06384665448252039,0.9927850578887785,5.57534969096574,-0.19845210760264298,-0.13083364174746698,3.1738453257993227,7.352092793810296,-0.23900988530612163,-0.06139797109759327,8.843393186591365,3.9202856469381158,0.034339197581951475,-0.06037398188160713,8.88948936301103,6.270281062199777,-0.6268106566806777,-0.07869629341358199,8.627950593428086,8.380195182351317,0.11769201319791975,0.1297426819450258
233,4.795987953772077,5.722834403181603,0.21632821678460404,-0.14868570644113446,1.1099344124004988,6.722429552429563,-0.14593774048541852,0.14064377713460147,4.423227830405039,3.393363028236501,-0.07695372023977186,-0.06282034253587834,2.938897175944055,2.183775734143817,0.06562070261427354,0.01214948081825579,8.423126202259477,2.416689768194677,0.14375652002573663,-0.05808920305255728,0.9828624525086463,5.568808008878366,-0.18780274092583557,-0.1241197723247928,3.1618948315340165,7.349022895255416,-0.23695942629373246,-0.0628055901976573,8.845110146470462,3.9172669478440354,0.04190323711032138,-0.049777028549182964,8.858148830176997,6.266346247529097,-0.6197063567181571,-0.08641943040484443,8.63383519408798,8.386682316448567,0.10843860816337766,0.12367729317611445
234,4.806804364611307,5.715400117859547,0.21845237917543217,-0.1443334736272993,1.102637525376228,6.729461741286293,-0.11899008421157667,0.14667363222200094,4.41938014439305,3.390222011109707,-0.07771643207765962,-0.0650879764731776,2.942178211074769,2.18438320818473,0.06390344436952065,0.013067963527931818,8.430314028260764,2.413785308042049,0.15230944680452996,-0.05258193317834215,0.9734723154623546,5.562602020262126,-0.17689095436959168,-0.11704889417671388,3.15004686021933,7.345882615745533,-0.2344204319665449,-0.06425121172911401,8.847205308325979,3.914778096416576,0.049067472523395876,-0.03918589710043724,8.82716351234109,6.262025276008855,-0.6116415368457778,-0.0939314224123384,8.63925712449615,8.392866181107372,0.09939701866485777,0.11731331866449107
235,4.817726983570078,5.708183444178182,0.2203067299658136,-0.1396147970453205,1.0966880211656491,6.736795422897393,-0.09209221867774793,0.1525819955344838,4.415494322789167,3.386967612286048,-0.07818780237234975,-0.06711042204758041,2.945373383293245,2.1850366063611264,0.062131678049649704,0.01394218531851376,8.43792950060099,2.411156211383132,0.16018367486477547,-0.047226173840797706,0.964627767743875,5.55674957555329,-0.16549961864380738,-0.1093486230173034,3.138325838621003,7.342670055159077,-0.23137554060912305,-0.06578395215443249,8.849658681952148,3.912818801561554,0.055804238325302465,-0.028615870911348415,8.7965814354988,6.257328704888239,-0.6026187764545424,-0.10127518180006995,8.644226975429392,8.398731847040597,0.09041704546787444,0.11072298433846225
236,4.828742320068369,5.701202704325916,0.22187513790369792,-0.13454262766692066,1.0920834102317618,6.744424522674118,-0.06537359027122328,0.1583426272447747,4.411584932670549,3.383612091183669,-0.07836478830672647,-0.06888289207478875,2.948479967195728,2.185733715627052,0.06029875289389085,0.014759180689646849,8.44593868434423,2.408794902691092,0.16739427822113687,-0.04203305322710352,0.9563527868116847,5.551282144402425,-0.15365216582446,-0.10104753629349893,3.126757061590547,7.3393808575513555,-0.22777329068875485,-0.0674260439129817,8.852448893868413,3.9113880080159866,0.061858903846089705,-0.01792142971204574,8.766450496676072,6.2522649457982356,-0.5928291292925818,-0.10843369740242018,8.648747827702786,8.40426799625752,0.08111682098486128,0.1040677263981699
237,4.839836076963554,5.6944755729425705,0.22279276519358918,-0.12935961376580618,1.0888147307182006,6.752341654036356,-0.03883806435321638,0.16390942539531408,4.407666693255213,3.3801679465799293,-0.07813887291945364,-0.07039121247714275,2.9514949048404224,2.1864716746615347,0.05839584555217217,0.015531687200485715,8.454308398255286,2.4066932500297367,0.17404459493637733,-0.037015010081566144,0.9486701785204616,5.54622976758775,-0.14135255962042712,-0.09246672422670549,3.115368397056109,7.336009555355706,-0.22248848397529297,-0.06884318634516472,8.855541839060717,3.9104919365303843,0.06712667666966186,-0.007137895960081171,8.736809040211442,6.246843260928115,-0.5832439260622008,-0.11490234884614003,8.65280366875203,8.40947138257743,0.07153276365377607,0.097351875866115
238,4.850975715223234,5.68800759225428,0.22299922338963316,-0.12410458106252573,1.0868728275005397,6.760537125306122,-0.012369098942030157,0.16899722571927725,4.40375974960924,3.3766483859560723,-0.07742540569402125,-0.07162184545656555,2.954414697118031,2.187248259021559,0.056412651871528136,0.016270169889970668,8.463010628002104,2.4048424995256585,0.18023261914432698,-0.03211730796877222,0.9416025505394403,5.541606431376414,-0.1285900160613527,-0.08429983438038056,3.1042439728573443,7.332567396038447,-0.21457693744695358,-0.06943508603258902,8.8588981728942,3.91013504173238,0.07158623174423442,0.0036953376348132384,8.707646843908332,6.241098143485808,-0.5735315026780111,-0.12061018872255339,8.65638030693472,8.414338976370734,0.06170207571365538,0.09058203619188061
239,4.862125676392715,5.681802363201154,0.22250864549816415,-0.11875994655939959,1.0862543725534382,6.768986986592086,0.013986021597635068,0.17353155854601085,4.399888479324539,3.373067293683244,-0.07623666220702079,-0.07257344208544009,2.9572353297116076,2.1880617675160576,0.0543410533268113,0.016960220080285318,8.47202225895932,2.4032366341272198,0.1859578781056469,-0.027346649431026743,0.9351730497363727,5.537391439657395,-0.11555654853014848,-0.07620128721975511,3.0935151259849967,7.329095641736818,-0.20503155011928254,-0.06944650578630768,8.862477484481412,3.910319808614121,0.07530163214201198,0.014450536828767707,8.678970268774432,6.23506763404968,-0.5636411162157995,-0.12649417559796824,8.659465410720403,8.418868078180328,0.051660452896139054,0.08376371931499234
240,4.873251108667623,5.675864365873184,0.22133401117564008,-0.11331975687000177,1.0869536736333199,6.777663564519386,0.04019361170078448,0.17746102269250572,4.396076646214188,3.369438621578972,-0.07454418645597842,-0.07322884381635003,2.9599523823779483,2.1889097785200717,0.05217418905087899,0.017588905053629526,8.481320152864603,2.4018693016556685,0.1912651431042021,-0.022755639292634293,0.9293952223098653,5.533581375296407,-0.10237832366852662,-0.06821623624347871,3.0832635484790325,7.325623316447503,-0.19448760766780548,-0.06918220191115193,8.866242566088513,3.9110423354555595,0.07827883460218177,0.025177470755111626,8.650788212963642,6.228742925269782,-0.5535358117958051,-0.13271719369286553,8.662048433365209,8.423056264146078,0.04144834589340392,0.076903937721908
241,4.884317809226405,5.670198378029684,0.21949791505277919,-0.1077946864411535,1.088963354218359,6.786536615654011,0.0661953959062212,0.18075923043746173,4.392349436891389,3.3657771793881546,-0.07265237638152984,-0.0733237134269707,2.962561091830492,2.1897892237727534,0.04990587394424867,0.018144872360347758,8.490883410019814,2.400731519691037,0.19616368638754542,-0.01835706647518949,0.924276306126439,5.5301705634842335,-0.08907241075663468,-0.06037910462402528,3.073539168095642,7.322164206351945,-0.1835993202427643,-0.06868925161512249,8.870156507818622,3.912301208993315,0.08086015195245014,0.03577933103991693,8.623111422373851,6.2221070655851385,-0.5421629669209462,-0.13881841938191905,8.664120850659879,8.426901461032173,0.03110887121536437,0.06998909261292209
242,4.8952927049790445,5.664808643707627,0.21702050871492193,-0.10220116231295488,1.09227312401367,6.795574577175884,0.09148946734214955,0.18372334353137432,4.388716818072313,3.362110993716806,-0.07069156126476672,-0.07276124064580426,2.9650563855277046,2.190696467390771,0.04753578651436757,0.018622452108605754,8.500691594339191,2.3998136663672773,0.20065237285972293,-0.014154513217843338,0.9198226855886072,5.527151608253032,-0.07568103074459931,-0.05271739468955224,3.0643592020835038,7.318729743771189,-0.17256543804204635,-0.06800999433586054,8.874199515416246,3.9140901755453106,0.08334997356528506,0.04611902551008409,8.596003274027805,6.215166144616043,-0.5291180538078291,-0.14448594528430952,8.665676294220647,8.430400915662819,0.02067553561308089,0.06302146833604565
243,4.90614373041479,5.659698585591979,0.21393976851642893,-0.09654780592474363,1.0968475973807774,6.8047607443524525,0.11622815461898976,0.18599668908375916,4.385182240009074,3.358472931684516,-0.0684228032211199,-0.07199505259984061,2.967433174853423,2.191627589996201,0.0450876617033143,0.019042920176356087,8.510724212982177,2.3991059407063853,0.20472816976190264,-0.010151588581836981,0.9160386340513773,5.524515738518554,-0.06225313543705842,-0.0452585148909015,3.0557309301814013,7.3153292440543956,-0.16148125101125413,-0.06719443096631818,8.87836701409451,3.916396126820815,0.08577006556684241,0.05615904719783014,8.569547371337412,6.207941847351827,-0.5144988330145819,-0.1496836550831224,8.666710071001301,8.433551989079621,0.010401569419881731,0.055962321127116584
244,4.916840718840612,5.654871195295742,0.21026947356105613,-0.09085619900080583,1.1026590051117269,6.81406057880664,0.14034243108774358,0.187530676177476,4.381761099848018,3.354873179054524,-0.06583221809364703,-0.07097217421748564,2.9696875579385886,2.192579736005019,0.04257524881252241,0.019414859609163355,8.520960621470273,2.3985983612772936,0.2083884589600628,-0.006351003088391585,0.9129259772795244,5.522252812774009,-0.04883455186514756,-0.03802607835315888,3.0476568676308387,7.31196952250608,-0.15048741419112854,-0.06620407176056557,8.882655517372852,3.9192040791807066,0.08811818235213027,0.06587645651055521,8.543822429686683,6.20045766459767,-0.49884260614118403,-0.15425959642225756,8.667230149472296,8.436350105135977,0.00039539050438108965,0.04881677549546947
245,4.927354192518664,5.650328385345702,0.20602517768085765,-0.08514061908873936,1.1096761266661141,6.823437112615514,0.16373372407699757,0.1883349690537494,4.3784694889433355,3.3513245703436496,-0.06296346330441382,-0.06970131890618131,2.9718163203792147,2.193550478985477,0.03999526586123895,0.019728006510480296,8.531380044418276,2.398280811122874,0.21163119825006182,-0.0027548317242033905,0.9104842496862671,5.520351508856351,-0.03551001101164719,-0.031164586851827554,3.040132496921282,7.3086593189180515,-0.1396315710643547,-0.06493826906049305,8.887061426490458,3.9224979020062345,0.09038466722363696,0.07525857181502527,8.518880299379624,6.1927446847765575,-0.4822458835383398,-0.15835772606724752,8.667249918997515,8.438790943910751,-0.00934451658151445,0.04160642694896449
246,4.937655451402708,5.646071354391265,0.20122907839060591,-0.07941177528056523,1.117862812869964,6.832853861068202,0.1864096391394251,0.18802411567397084,4.375321315778115,3.3478395043983404,-0.05987025455929187,-0.06819216422506497,2.9738160836722765,2.194536879311001,0.03734580550083112,0.01997306553595419,8.541961604330778,2.3981430695366637,0.21445524620295223,0.0006356894594065723,0.9087087491356847,5.518793279513759,-0.02232830523877045,-0.024646488884918147,3.0331509183680643,7.3054124054650265,-0.12888223696744613,-0.06336101560705953,8.89158065985164,3.926260830596986,0.09256078065032229,0.08429048151923364,8.494768005202708,6.184826798473195,-0.46480367799005334,-0.16198254044348254,8.66678269316844,8.440871265258199,-0.01881070572755632,0.03433733206456889
247,4.947716905322238,5.642100765627236,0.19590015082896517,-0.07368337813469789,1.1271832948269351,6.842255066851901,0.20805004866863425,0.1868040414711055,4.37232780305015,3.344429896187087,-0.05675313913620856,-0.06644153203585074,2.975683373947318,2.1955355325877988,0.03462661590167474,0.02014246988757233,8.552684366640925,2.398174854009634,0.21686007233739552,0.0038200925659768164,0.9075923338737462,5.517560955069514,-0.009307152027176822,-0.018423616821400576,3.026706806519692,7.302244354684674,-0.11818302292621308,-0.0615523437675243,8.896208698884156,3.930475354672948,0.09465113454157577,0.0929507018740291,8.471527821303205,6.1767276714510215,-0.4466170432110769,-0.16511569398635878,8.665842157882063,8.442588131861427,-0.02797038394830522,0.027010945940673246
248,4.957511912863686,5.638416596720502,0.19006080261708067,-0.0679694105282726,1.137585797260367,6.851595268925456,0.22834566118265326,0.18493839392415848,4.36949014609334,3.3411078195852943,-0.05332567350365069,-0.06444443613060638,2.9774147047424018,2.1965426560821775,0.0318414551366229,0.02023167171347606,8.563527370257795,2.398365858637933,0.2188458580750292,0.006798497736119467,0.9071269762723874,5.516639774228444,0.003459785884333646,-0.012515962431661538,3.0207976553733813,7.299166737496297,-0.10751244593656235,-0.05956221042984777,8.900941255611235,3.9351228897666495,0.09667054921979175,0.10095116810156053,8.449196969142651,6.168471886751703,-0.42778168339929407,-0.16774046405399098,8.664443638684647,8.44393867915846,-0.03683717537544069,0.01967584040230502
249,4.96701495299454,5.635018126194088,0.18363925895930097,-0.06237224194857499,1.1490030803194995,6.860842188621664,0.247225004751932,0.18241949548922148,4.3668238624181575,3.337885597778764,-0.049621394587530156,-0.06221670452275201,2.979006777499233,2.197554239667851,0.028989726414169782,0.020235352796511247,8.574469663161546,2.398705783524739,0.22041035855591948,0.009573791883551317,0.9072999655666041,5.51601397610686,0.015971367066813506,-0.006805299902789048,3.015422033076553,7.296188626974805,-0.09691729862487489,-0.05744563403391891,8.905774783072225,3.9401704481717275,0.09868352883154617,0.1085284689183349,8.427807884972687,6.160084863549004,-0.4082106651802999,-0.1699250258802797,8.662601779915875,8.444922471178575,-0.04542223054788408,0.012387581134498012
250,4.976196915942505,5.631899514096659,0.17635687819958493,-0.05701527189168355,1.1613643305570962,6.869963163396125,0.26468637617374596,0.17925380712352362,4.364342792688781,3.3347747625526263,-0.045684993577970526,-0.05977359749146625,2.9804562638199417,2.1985660073076767,0.02607195798047971,0.020149439156297116,8.585490181089341,2.3991844731189165,0.22155431697548086,0.012147133573555189,0.9080985339199448,5.515673711111721,0.028198812907649078,-0.001274390826456002,3.010576168145309,7.29331634527311,-0.08628488201892548,-0.055365605716050204,8.910708959513801,3.9455968716176444,0.1005956469535278,0.11570615486456101,8.407397351713671,6.15158861225499,-0.3879829140444738,-0.17164703703665987,8.66033066838848,8.4455418502353,-0.053722286111333936,0.005154656583726298
251,4.985014759852484,5.629048750502075,0.1681998663330154,-0.05190976451787374,1.1745986493657834,6.8789258537523015,0.2807580220892542,0.17547441890440552,4.362058543009883,3.331786082678053,-0.041560831604374904,-0.05712968688228055,2.981759861718966,2.1995734792654917,0.02309016968795251,0.01997109957948279,8.596567896938115,2.399791829797594,0.22227992752969916,0.014520503915511804,0.9095084745653272,5.515609991570399,0.04004569054217438,0.0039127946547346795,3.006261924044363,7.290548064987307,-0.07559484858310395,-0.053355252247691685,8.915738741861478,3.9513821793608725,0.1023119630723642,0.12249505759431069,8.387998206011448,6.1430062604031574,-0.3673569874902708,-0.17271512498328342,8.657644554082914,8.445799583064487,-0.06174393880985078,-0.002018880879223455
252,4.993424753169134,5.626453262276181,0.1599971183323936,-0.04649900573942087,1.188636550470246,6.887699574697522,0.2958722579672449,0.1710959760656175,4.359980501429664,3.328929598333939,-0.03730155782200243,-0.05430118366845771,2.9829143702033636,2.2005720342444657,0.02004768971094083,0.0196987217429648,8.6076818933146,2.4005178549933697,0.22259088496149237,0.01669686675038262,0.911510759092436,5.515805631303135,0.05138977170558075,0.008772922744520257,3.002482181615208,7.287880302374923,-0.06495046485459977,-0.05129960297459417,8.920854340015097,3.9575069322405882,0.10381917268628346,0.12888944612098877,8.369630356636934,6.134370504153993,-0.34642741401395627,-0.17332557885156824,8.654557357142421,8.445698639020526,-0.06948536921165284,-0.00912844840222608
253,5.001424609085754,5.62412831198921,0.15187248072863385,-0.04073428775820158,1.2034301633686084,6.896254373500803,0.3102857384278887,0.16606350859604446,4.358115423538564,3.326214539150516,-0.032903557954205534,-0.051295732145690165,2.9839167546889107,2.201556970331614,0.016949002553905957,0.019331796038671845,8.618811437562675,2.401352698330889,0.2224916562664574,0.018679847530686095,0.914080247677715,5.516244277440362,0.0622028991636763,0.013285385882027696,2.999234658372478,7.285315322226193,-0.05442802924907379,-0.049121403571606215,8.926045298649411,3.9639514045466377,0.1051050903707193,0.13488383718980496,8.352308985936236,6.125704225211415,-0.32513894905052015,-0.17349843480106322,8.651083088681839,8.445242216600414,-0.07693679321430023,-0.016158933972656837
254,5.009018233122186,5.6220915976013,0.1436582662844734,-0.03477593589279077,1.2189444502900029,6.904557548930605,0.32381352813984093,0.16058894900582402,4.356470245640853,3.3236497525432314,-0.028366776866687794,-0.04812279250242635,2.984764204816606,2.2025235601335473,0.013798933957900517,0.018870467031150574,8.629936020375998,2.402286690707423,0.22198751161277946,0.02047367446091099,0.9171903926358989,5.516908546734463,0.0724577888903151,0.017437132885225366,2.996513256910024,7.282859252047612,-0.044042018244625857,-0.0468110517304545,8.931300553167947,3.970695596406128,0.10649543464774357,0.1398329974825496,8.336052038483711,6.117029303471361,-0.30348136742315124,-0.17321875069238124,8.647236249021123,8.444434269901782,-0.08407756823919113,-0.023097878729641547
255,5.016201146436409,5.6203528008066606,0.13532973758221434,-0.028697468747228602,1.235135126696995,6.912586996380896,0.3363644796803111,0.15472592620156375,4.355051906797519,3.32124361291811,-0.023733700005187056,-0.04480171072997972,2.985454151514501,2.203467083485105,0.010602553297962659,0.01831557214237701,8.641035395956637,2.4033103744304687,0.22107569465816673,0.02208603281494303,0.9208132820804146,5.517780403378724,0.08222177625269989,0.02127478203690822,2.9943111559977926,7.28051869946109,-0.033769655416371155,-0.04433049398326927,8.936625324900334,3.9776872462802557,0.10798000343734489,0.14373165012551492,8.320877970112553,6.108368365936743,-0.2815100776096327,-0.17249185887113092,8.643032370609165,8.4432793759653,-0.09090107072017486,-0.029935511236727348
256,5.02296763331552,5.618917927369299,0.12694773904324338,-0.022452110831469516,1.2519533506810105,6.920323292690974,0.34804827751661477,0.14853583035967913,4.3538652217972595,3.319003527381611,-0.019045594272984526,-0.041351655682110036,2.9859842791793993,2.2043828620922237,0.007365994637097828,0.01766883692681741,8.652089180689545,2.404414676071216,0.2197540037560528,0.023524967264049488,0.9249243708930496,5.51884414248057,0.09148183465571502,0.024785879691608496,2.992622673226974,7.278302174761926,-0.02352091986930542,-0.04175308502131754,8.9420243250722,3.9848738287865313,0.10935031757349238,0.14687044003261274,8.306802466232071,6.099743772993186,-0.2591487022181494,-0.17142299811303494,8.638487317073157,8.441782600403464,-0.09740724254272277,-0.03666530702048551
257,5.029315020267682,5.6177953218277255,0.1186137192630844,-0.016028862480849247,1.2693557645568412,6.9277500842089585,0.35951144876028235,0.1422813167979535,4.35291294208361,3.3169359445975055,-0.014342540068401358,-0.0377921098820202,2.986352578911254,2.2052663039385645,0.004096336026873104,0.016932900380119197,8.663076880877348,2.4055909244344185,0.21802321190417465,0.024793079644107062,0.9294984626258354,5.520083436465151,0.10009470880599121,0.02788446123666341,2.991446627233509,7.27621452051086,-0.013278708050610351,-0.039124527078509864,8.947491840950875,3.9922173507881618,0.11029442273670897,0.14955983047587817,8.293845031121164,6.091172623087535,-0.23632604499063323,-0.17022312485560653,8.63361695494602,8.43994933505244,-0.10360064383468921,-0.043279124831497776
258,5.035245706230836,5.616993878703683,0.11032355658055112,-0.009542186592549306,1.2873313369948554,6.934864150048856,0.37077933283592396,0.136123549770337,4.35219581508019,3.3150463391034046,-0.009717636866344474,-0.03417659681060239,2.9865573957125977,2.2061129489575704,0.0008012679565806312,0.016110845505967253,8.673978041472557,2.4068305784166237,0.21588799359679875,0.02588766464930101,0.9345031980661349,5.521477659526984,0.10809299946398834,0.030625884299643587,2.9907826918309786,7.274258294156934,-0.003063565681340025,-0.03655058338159376,8.95300656208771,3.9996953423119557,0.1106057135819839,0.15168228836013026,8.282028728871632,6.082661466844755,-0.21315758694610426,-0.16890370032697793,8.628436922754286,8.437785378810865,-0.10950690645597275,-0.04978299069935094
259,5.040761884059863,5.616516769374056,0.10206221870423124,-0.003235060755938511,1.3058703036366515,6.941670327537373,0.38184811951662234,0.13009160181484783,4.351709933236873,3.3133375092628743,-0.00519428619541075,-0.030512970124863825,2.9865974591104267,2.2069184912328685,-0.0022870472472052653,0.015355236446260922,8.684772441152397,2.4081249616490887,0.2133322987932032,0.026827679536902148,0.9399078480393344,5.523008953741966,0.11616906077237228,0.033164658648439004,2.9906295135469114,7.272430764987854,0.0072681261202079805,-0.034040105592847404,8.958536847766808,4.007279456729962,0.11030155592257247,0.15315257596997567,8.271370849524327,6.074216281828406,-0.18967442233762571,-0.16746997048094747,8.622961577431488,8.435296229275897,-0.11511071722827251,-0.05616306889587651
260,5.045864994995075,5.616355016336259,0.0938996785068588,0.002933123300939579,1.3249627096124825,6.948174907628115,0.3927223178937548,0.12417222319148147,4.351450218927103,3.311811860756631,-0.0007955218980446079,-0.02680371086814328,2.9864831067480666,2.2076862530551815,-0.005133603776607999,0.014676016699298732,8.695439056092058,2.4094663456259338,0.21036081092835124,0.027635757308118777,0.945716301077953,5.524667186674388,0.12432690114350418,0.03549580170727546,2.9909929198529217,7.270728759708212,0.017695754577754214,-0.031631264526784955,8.964051925562938,4.0149370855284605,0.10942011088723406,0.15389382729521045,8.261887128407446,6.065842783304358,-0.16590852905711959,-0.16590036057814833,8.617206041570075,8.432488075831102,-0.12035698804877099,-0.06241999197536717
261,5.050559978920417,5.616501672501306,0.08586042753697203,0.008955159749060651,1.3445988255071704,6.954383518787689,0.4030559736683481,0.11840962564550006,4.351410442832201,3.3104716752132237,0.003474293710814455,-0.023050078933619697,2.986226426559236,2.2084200538901464,-0.007750745008502492,0.014051628755181544,8.705957096638475,2.41084813349134,0.2069898862618273,0.02832641434822305,0.9519326461351282,5.5264419767597515,0.13253725469679933,0.037490534288354464,2.9918777075818093,7.269147196481873,0.02796137016022034,-0.029337274533153115,8.9695229311073,4.022631776893221,0.10798857309514746,0.15392482295031684,8.25359170195459,6.057547765275451,-0.14191433806619475,-0.16421666067972657,8.611188192167637,8.429367076232333,-0.12512147154531772,-0.06849331151479493
262,5.054853000297266,5.616949430488758,0.0779648669743614,0.014818910102516195,1.3647516241905877,6.960304000069964,0.4127641263797396,0.11281696652970874,4.351584157517741,3.3093191712665426,0.007570304410682657,-0.019277456959270675,2.9858388893088113,2.2091226353279056,-0.010280508066330442,0.013305982611849421,8.716306590951566,2.412264454208751,0.20323658960343058,0.02891393896158858,0.9585595088699681,5.528316503474169,0.1407906591948996,0.039094132249720644,2.99327577608982,7.267680332755215,0.03792220186197587,-0.027142955053985653,8.974922359762056,4.030328018040737,0.10592008516782984,0.1532604946787937,8.246495985051281,6.049336932241464,-0.11774010230502913,-0.1624462881772208,8.604932118590371,8.425942410656594,-0.12925070512912568,-0.07419154051476727
263,5.058751243645984,5.6176903759938845,0.07022670439720916,0.020539741183787368,1.3853898305095746,6.9659448483964495,0.4213925364806765,0.10713559968374335,4.351962672738275,3.308355298418579,0.01144326856933687,-0.015516182964228829,2.9853248639054946,2.209787934458498,-0.012779428700719365,0.01241881413362872,8.726468420431738,2.4137101511568306,0.19911888951838666,0.02941274243373497,0.9655990418297131,5.530271210086656,0.14914067388148408,0.040231577837385485,2.995171886182919,7.266323185002515,0.047631943037150584,-0.025047213461638032,8.980218364020448,4.037991042774676,0.10304212667638525,0.1522293541613503,8.24060897993603,6.041214617832603,-0.09348165412149259,-0.16062880267336843,8.598469583333914,8.422232833630856,-0.1327646451803237,-0.07952629368537674
264,5.062262578865845,5.618717363053074,0.06265780560017394,0.02611747715917208,1.4064594573336084,6.971301628380637,0.42848526271129783,0.10122326334915721,4.352534836166742,3.3075794892703674,0.015071963207946758,-0.011782100608133514,2.9846858924704587,2.2104088751651796,-0.015251191223774442,0.01138493925310623,8.736424364907657,2.4151807882785175,0.19465626927495652,0.029834208134227234,0.9730560755237874,5.532282788978525,0.15759755820603472,0.04089169606521005,2.9975534833347766,7.265070824329434,0.05709613095724412,-0.02305051429981047,8.985370470354267,4.045602510482744,0.09948365077966913,0.1513466776381715,8.235934897229955,6.033183177698935,-0.06923774947128125,-0.1587952760694909,8.591831351074898,8.418256518946587,-0.13567191127560432,-0.08449028100603828
265,5.065395469145853,5.620023236911033,0.055266199328907,0.03157341104295828,1.4278837204691732,6.976362791548095,0.433815530632388,0.09501726349793041,4.35328843432714,3.3069903842399606,0.018437765600310307,-0.008090425466679771,2.98392333290927,2.210978122127835,-0.017689319590840826,0.010228471029325836,8.746157178371405,2.416672498685229,0.1898691106814211,0.03018386250794007,0.9809359534340891,5.534327373781785,0.16616992652983767,0.041086442821670566,3.000408289882639,7.263918298614443,0.06632434110843964,-0.02115650090241486,8.990344652893251,4.053169844364652,0.09529207148248418,0.15057954923580427,8.23247300975639,6.025243413895461,-0.045035225345705227,-0.15692817863955974,8.585047755511118,8.414032004896285,-0.13812777649483973,-0.08910099047952899
266,5.068158779112299,5.621601907463181,0.04806291393280791,0.0368988547131119,1.4495744970007927,6.981113654722991,0.43750563742662607,0.08858818730316723,4.354210322607155,3.3065858629666267,0.02152446626328085,-0.004455625822328765,2.9830388669297276,2.211489545679301,-0.020085486287985337,0.00897064510710489,8.755650633905477,2.418181691810626,0.18478529977083855,0.030471281064339713,0.989244449760581,5.536381695922869,0.17486829758257968,0.040826613252993915,3.003724506938061,7.262860473569322,0.0753289608260376,-0.01936619474405104,8.995109256467375,4.060698821826443,0.09052277565592988,0.15009663515123564,8.230221248489105,6.017397004963483,-0.020918537869070247,-0.15502221376582861,8.578141366686376,8.409576955372309,-0.1401460788013726,-0.09335341233545551
267,5.070561924808939,5.623446850198837,0.041028603234298695,0.042073814536601084,1.471449778872124,6.98554306408815,0.4396090328141564,0.08197431212268436,4.355286545920319,3.30636308167551,0.024323397191391927,-0.0008881272725097724,2.9820345926153284,2.2119380779346565,-0.022430039833102714,0.007629986610039585,8.764889898894019,2.419705255863843,0.17942930275977306,0.030701793576256173,0.99798786463971,5.5384230265855185,0.18370215893359287,0.040122172545653076,3.007490954979363,7.26189216383212,0.08374388646089859,-0.017624217894316258,8.999635395250172,4.068203653584004,0.08523438074285253,0.1499239669563717,8.229175321595651,6.009645894275192,0.0031321285227792726,-0.15244850625231743,8.571134062746307,8.404909284755536,-0.1417377198847323,-0.0972431652598978
268,5.072613354970654,5.625550540925667,0.03414456031561659,0.047069725732475295,1.4934302305128317,6.989641779694284,0.44013886334444224,0.07521252876124943,4.356502715779889,3.3063186753118847,0.026827350692974074,0.002602610925651353,2.980913090623673,2.2123195772651583,-0.02471370648852397,0.00622446484841358,8.773861364032008,2.421240345542656,0.17382488923550302,0.03088007119683622,1.0071729725863896,5.5404291352128014,0.19268168211550815,0.03898671346903989,3.0116781493024076,7.261010952937404,0.09146961103880233,-0.0158945095431214,9.003897114287314,4.075699851931823,0.07927657575005753,0.15004691842808413,8.22933192802179,6.002023468962576,0.027148817286874582,-0.14941241794213533,8.56404717675207,8.400047126492542,-0.14286922503135496,-0.10078612644010791
269,5.074320582986435,5.627904027212291,0.027248495140083297,0.05172166522887327,1.5154371736800538,6.993402406132346,0.4392970695539826,0.06852864569030369,4.3578440833145375,3.3064488058581674,0.029027938904391273,0.006005346591091912,2.9796774052992467,2.2126308005075788,-0.026927869657788765,0.004771183375045174,8.782552608493784,2.4227843491024976,0.16799714083254988,0.031011633304544525,1.016807056692165,5.542378470886254,0.2018051743564139,0.03756144357101271,3.016251629854348,7.260216227460249,0.09861614089214629,-0.014186848950028958,9.007860943074817,4.083202197853227,0.07270366013640625,0.15042482354077535,8.230689368886132,5.994552848065469,0.05152414123811894,-0.1468314379169035,8.556903715500502,8.395007820170536,-0.14367056812963777,-0.10400727357500801
270,5.075683007743439,5.630490110473735,0.020363808491237624,0.05602962259498216,1.5374020271577529,6.996828838416861,0.4371957238211745,0.06215844696364964,4.359295480259757,3.306749073187722,0.03091810016535376,0.009309838155723374,2.9783310118163575,2.212869359676331,-0.029064438755426896,0.0032864440602804355,8.790952465535412,2.4243349307677247,0.16197107213020975,0.03110236547970286,1.0268973154099856,5.5442565430648045,0.21106455773682695,0.03595882983134339,3.0211824368989553,7.2595068850127475,0.10520094986760443,-0.012511751119435373,9.011496126081637,4.090723439030266,0.06564053059214814,0.1509863042771353,8.233265575948039,5.9872112761696235,0.07553683351078205,-0.14378518999501944,8.54972018709402,8.389807456491786,-0.1445544413091927,-0.10693312849634895
271,5.076701198168001,5.633291591603484,0.013513321497447951,0.05999322381165601,1.5592618133488116,6.999936760765044,0.43362808147515,0.05605425147317017,4.360841385268024,3.3072145650955083,0.03249364948474024,0.01250673365078048,2.976877789878586,2.213033681879345,-0.03111603472641517,0.00178568897746455,8.799051019141922,2.4258900490417097,0.1557704549509352,0.03115571622936128,1.037450543296827,5.546054484556372,0.22033500522942642,0.03416523163394282,3.0264424843923354,7.258881297456775,0.11119208652281588,-0.010891132679224553,9.014778152611244,4.098272754244123,0.05842393100852235,0.1515475346739872,8.237042417623577,5.9800220166698725,0.0991325287083643,-0.14028792955860375,8.542492465028559,8.384460800066968,-0.14581868823490435,-0.10957615136885653
272,5.077376864242874,5.636291252794067,0.006719652631290419,0.06361489329782105,1.580943217422569,7.0027394733387025,0.42832070620800194,0.05026015026472176,4.362466067742261,3.3078399017780473,0.03375282107494925,0.015587474035538,2.9753219881422655,2.213122966328218,-0.033075849975262174,0.0002835302052642038,8.806839541889468,2.4274478348531776,0.14941530043662246,0.031170158931010668,1.0484672935582984,5.547762746138069,0.22935343683333495,0.03221194626019547,3.0320020887184764,7.2583367408228145,0.1163488073250038,-0.009470411919445337,9.01769934916167,4.105850130977823,0.05108984917992814,0.151942158912821,8.241999044058996,5.973007620191942,0.12199010531702213,-0.13657125026866673,8.535201530616813,8.378981992498526,-0.14713386136911208,-0.11198063943320523
273,5.077712846874438,5.639471997458958,6.3159251289194446e-06,0.06689790185835934,1.602359252732969,7.005252480851938,0.4214883882000559,0.04465841112635697,4.3641537087960085,3.308619275479824,0.03469609028302287,0.018544382790542407,2.9736681956435023,2.213137142838481,-0.03493804175666381,-0.0012065541560207676,8.814310306911299,2.429006342799728,0.142934484429962,0.03115364074498954,1.059934965399965,5.549373343451079,0.23757765964241126,0.030167354021232818,3.0378195290847265,7.2578632202268425,0.12064501177275008,-0.008279049832761825,9.020253841620667,4.113447238923464,0.043659027522747355,0.15198619531914617,8.248098549324848,5.9661790576785085,0.14415615479746036,-0.13278741070017097,8.527844837548358,8.373382960526865,-0.14804546933493906,-0.11416724607133875
274,5.077713162670695,5.642816892551877,-0.006610562584392565,0.06989938520190096,1.6234336721429719,7.007485401408256,0.4135040912225359,0.03901317140064801,4.36588851331016,3.3095464946193514,0.03532608194850539,0.021370442213929457,2.971921293555669,2.2130768151306803,-0.036697321648512374,-0.002671923451349623,8.821457031132796,2.4305640248369773,0.13649383301318344,0.031189738557688692,1.0718138483820856,5.550881711152141,0.24499183223219015,0.028118753369909023,3.043851779673364,7.257449267735204,0.12421894725167579,-0.007262821093589605,9.022436792996805,4.121046548689422,0.03615401447409852,0.15164373881164964,8.25530635706472,5.9595396871435,0.1656242443183916,-0.12912953884288547,8.52044256408161,8.367674598223298,-0.14855927143118675,-0.11613085832232246
275,5.077382634541475,5.646311861811972,-0.01311045654772951,0.0726334336802063,1.6441088767040986,7.009436059978288,0.4044478330209368,0.03335326669715012,4.367654817407585,3.310615016730048,0.03564739605985735,0.02405953016362266,2.9700864274732437,2.2129432189581126,-0.03834901962688972,-0.004100986067429669,8.828281722783455,2.432123511764862,0.1301349219161337,0.03129753145064766,1.084063439993695,5.552287648820637,0.251578459894372,0.026141194749634958,3.050062727035948,7.257086126680525,0.12707833293580836,-0.006416899588347019,9.02424449372051,4.128628735630004,0.02844167113894685,0.15084798374194677,8.26358756928064,5.953083210201355,0.18637317399778536,-0.12566397839173554,8.51301460051005,8.361868055307182,-0.1485965984674483,-0.11785552095407258
276,5.076727111714089,5.649943533495982,-0.01947296180485918,0.0751066216855941,1.6643312683551454,7.011103723313146,0.3944262016012781,0.027701121028285872,4.369437187210578,3.311817993238229,0.035653906004653915,0.026612010973013203,2.9681689764918993,2.2127381696547412,-0.03988952067009021,-0.005483227744922526,8.834788468879262,2.4336883883373943,0.12386351490796263,0.031478590000435513,1.0966423629884137,5.553594708558118,0.2573151677903662,0.02424000458047936,3.0564166436827382,7.2567652817011075,0.12939766701066321,-0.005679123213902654,9.025666577277457,4.1361711348171015,0.021364799743835764,0.1498028257021683,8.27290622798053,5.946800011281769,0.20639071594276598,-0.12238716051861523,8.505584770586678,8.355975279259479,-0.14810778710863884,-0.11941237443843494
277,5.075753463623846,5.653698864580262,-0.025679108059994717,0.0773258201434908,1.6840525784352094,7.01248877936456,0.3834639671638124,0.022037903796654594,4.371219882510811,3.3131485937868796,0.03536581626735781,0.029042931834674636,2.966174500458395,2.212464008267495,-0.041315723846469414,-0.006809146013334878,8.84098164462466,2.435262317837416,0.11759722197831328,0.03167355766661073,1.1095081213779319,5.554806708787142,0.2621840298232565,0.022419465456169345,3.0628865270332715,7.256481325540412,0.13139084335172005,-0.004957900911957564,9.026734817264648,4.14366127610221,0.01509044379586442,0.14850391131807145,8.283225763777669,5.940680653255838,0.2256649507144945,-0.11921721898898362,8.498179381231246,8.350004660537557,-0.1467770839842349,-0.12091532893264303
278,5.074469508220846,5.657565155587436,-0.03171181671976282,0.07929787576493598,1.7032257767934,7.013590674554393,0.37159058930422,0.01634234173200692,4.372988173324179,3.3146007403786135,0.03483182756804083,0.03136414364210443,2.964108714266071,2.2121235509668282,-0.0426256554972272,-0.008070305325314886,8.846861505723576,2.4368459957207467,0.1113070663291281,0.03185766722915302,1.1226173228690948,5.55592768205995,0.26616412513525584,0.020682400401693085,3.0694560692008577,7.256233430494815,0.1330610079666359,-0.004253652895257415,9.02748933945444,4.151086471668114,0.009648854514901476,0.14690871053356702,8.294509011313393,5.934719792306389,0.24447553138532807,-0.11611968425050258,8.490840527032034,8.343958894090925,-0.14464383263013658,-0.12236757440277944
279,5.072883917384858,5.661530049375683,-0.03755492300450041,0.08103080909994222,1.721805306258611,7.014407791640993,0.35886539997602634,0.01062761044107045,4.374729764702582,3.3161689475607186,0.0341289692243204,0.033609729076243204,2.96197743149121,2.2117200357005626,-0.04381792981437255,-0.009259796012416966,8.852426859040031,2.4384388790822045,0.10499737227738554,0.03202959248471613,1.1359255291258576,5.556961802080035,0.26921468861968617,0.01902065326647113,3.0761091195991894,7.256020747850052,0.134412070547579,-0.0035669509958630224,9.027971782180186,4.158431907194792,0.005050632959549265,0.14499433581698712,8.306732787882659,5.9289138080938635,0.2627543194154756,-0.11269725297525406,8.483608335400527,8.337840515370786,-0.14174941059074697,-0.12377306338185082
280,5.071006171234633,5.66558158983068,-0.043272797695390726,0.08240087447983004,1.7397485762574123,7.0149391721630465,0.34537746789003543,0.004919961672049416,4.376436213163798,3.317849434014531,0.03326802893184279,0.035774287211216255,2.9597865350004913,2.211257045899942,-0.04489237617960978,-0.010372718572840578,8.857676727653901,2.4400403587064403,0.09862224871695692,0.03214041329362969,1.149386263556842,5.557912834743358,0.27132212669224837,0.017435226898651818,3.0828297231265682,7.255842400300258,0.13544857185089418,-0.002897960989192667,9.028224313828163,4.165681623985642,0.0013368091046260166,0.14273144454676684,8.319870503853434,5.923278945445101,0.2804045094112413,-0.10853082162275791,8.47652086487099,8.331651862201694,-0.1381340003373414,-0.12513397479215274
281,5.068842531349864,5.669701633554672,-0.04890305281340315,0.08333819151219703,1.757017449651914,7.015185170246649,0.331208044607889,-0.0007592508385363692,4.37809961461039,3.3196381483750916,0.03226227617465113,0.03785247523567752,2.9575419161915106,2.2107384099712997,-0.04584910709670592,-0.011404930483773834,8.86260784008975,2.4416473793711218,0.09214587027609998,0.03211118776841628,1.1629523698914543,5.558784596088291,0.27248327024848557,0.01592803600431631,3.089602151719113,7.255697502250799,0.13617614451551266,-0.0022473884452288767,9.028291154283394,4.1728181962129804,-0.0014905077905012802,0.14015738164056118,8.333890729323995,5.917852404363963,0.2973933307389276,-0.10367448215320588,8.469614164854123,8.325395163462087,-0.1338100622209102,-0.12645220741415034
282,5.066397378709193,5.673868543130282,-0.054434382847539924,0.08385317503769672,1.7735778518823084,7.015147207704722,0.31642853202367954,-0.006393023375648605,4.379712728419123,3.3215307721368754,0.031125347005353916,0.03983932808271722,2.9552494608366753,2.210168163447111,-0.04668895330539752,-0.012353329323456175,8.867215133603555,2.4432529387595427,0.08559222335398847,0.03194572838280889,1.1765765334038787,5.5595809978885065,0.2726329945084581,0.014594594884675245,3.0964109589448885,7.2555851328285375,0.13660122360789603,-0.0016163427554225346,9.028216628893869,4.179826065295009,-0.0036729121149136263,0.13753857501763878,8.34876039586094,5.912668680256302,0.3134335024217622,-0.09859322753682614,8.462923661743078,8.31907255309138,-0.12883144754789172,-0.1277367429227532
283,5.063675659566816,5.678061201882167,-0.0598552505737467,0.08395799216876527,1.7893992784834925,7.0148275565359395,0.30110233606840303,-0.011970872972387421,4.381268995769391,3.323522738541011,0.02987018978797053,0.041730229372597495,2.9529150131714053,2.209550496980938,-0.047413218657289036,-0.013215450439826137,8.871494744771255,2.444850225178683,0.07898725087226087,0.0316554844265485,1.1902081831293017,5.56031072763274,0.2715037941989431,0.013337456651043396,3.1032410201252834,7.255504315690766,0.13673288132750816,-0.001010163005829396,9.028032983288123,4.18670299404589,-0.005265313157494231,0.13484181557763394,8.364432070982028,5.907739018879461,0.32856927643814254,-0.09400244389608384,8.456482089365684,8.312685715945241,-0.12324696618936358,-0.12898389253550777
284,5.060682897038129,5.6822591014906045,-0.06515320085643961,0.08367133380441716,1.8044543952869125,7.01422901288732,0.2852933886840456,-0.017483350802439797,4.382762505258789,3.325609250009641,0.028509605365024556,0.04352077059677915,2.950544352238541,2.2088897244589467,-0.0480235273789506,-0.013989665089399106,8.875444107314868,2.4464329994000105,0.07236268932402784,0.03125509856060686,1.2037833728392489,5.560977600465292,0.268959039082838,0.012126798864465455,3.1100776641916585,7.255453807540475,0.1365793401350958,-0.0004291528076087852,9.027769717630248,4.193445084824772,-0.006265163192207976,0.13198775649983463,8.380860534803935,5.903038896684657,0.3425297958711641,-0.08983201828732967,8.450319741056216,8.306236521318466,-0.11711601529143152,-0.13019433574536451
285,5.057425236995307,5.686442668180826,-0.0703319001263304,0.08329922584879002,1.8187190647211149,7.013354845347198,0.269255601187002,-0.022865272853750337,4.38418798552704,3.32778528853948,0.02706684848867511,0.04520946908972339,2.9481431758695935,2.208190241204477,-0.04848253716043044,-0.01460861261956442,8.87906224178107,2.4479957543280406,0.06573441291630919,0.030753865733524587,1.2172313247933908,5.561583940408515,0.26519200355382055,0.010767361551534634,3.1169066311984133,7.255432349900095,0.13614854905509777,0.00013652037045305777,9.027456459470637,4.200044472649764,-0.007484210053141279,0.12892931123245535,8.397987024597493,5.898547295770291,0.3540390325645464,-0.08582179208233834,8.444463940291644,8.299726804531197,-0.11049699548504648,-0.13136674150609978
286,5.053908641988991,5.6906076294732655,-0.07547606893538668,0.08279080768178007,1.832181844780465,7.012211581704511,0.253094515521776,-0.028095355052727807,4.385541327951474,3.330045761993966,0.02564605964921569,0.046816525610602656,2.945719049011572,2.2074598105734986,-0.04878951337448169,-0.015069114612639434,8.882348962426885,2.449533447614717,0.0591232609230345,0.030167634075289395,1.2304909249710818,5.562122308486092,0.26027369462521166,0.009226270515483121,3.123714058651168,7.255439175918617,0.13544944058859176,0.0007155300877833944,9.027082248967979,4.206490938211386,-0.009019894668514892,0.12566292193699655,8.41568897622572,5.894256206166173,0.3630726648429888,-0.08219499287143231,8.438939090517392,8.293158467455893,-0.1034445694448739,-0.1324917638094128
287,5.050134838542221,5.694747169857354,-0.08055751503168776,0.08216294329675636,1.8448365705565537,7.010806813951874,0.23684042276884248,-0.033173391763347736,4.386823630933935,3.332386588274496,0.024250185551272386,0.04833772229260878,2.943279573342848,2.2067063548428667,-0.0489542460840087,-0.015386875425689405,8.885305125473037,2.4510418293184815,0.052553364284641094,0.0295171020438576,1.2435046097023423,5.562583622011866,0.25439389870138257,0.007527587499480943,3.1304865306805976,7.255474952423007,0.13449300322437113,0.00131418475097364,9.026631254234553,4.212774084308236,-0.010731057593281433,0.12227950562704382,8.43384260946787,5.890146456522602,0.3696827066997545,-0.07893514071538926,8.433766862045148,8.286533879265422,-0.09596646193287668,-0.13351098190778501
288,5.0461069627906365,5.6988553170221925,-0.08557318963765337,0.08141396748895546,1.8566785916949957,7.009148144363707,0.22051046820427112,-0.03810630159475242,4.388036140211499,3.334803474389126,0.022881203578935617,0.049768952468848986,2.9408318610386472,2.2059370110715824,-0.048976528162870896,-0.01556555325886283,8.88793279368727,2.452517684420674,0.04606860841096098,0.028838117362713245,1.2562243046374115,5.56296000138684,0.2477646984216699,0.005701621372264127,3.137211180841816,7.255540661660556,0.1332904605170471,0.0019353081300700287,9.02609470135489,4.218888059589589,-0.012869683423693344,0.11915610545296249,8.452326744802859,5.886199699486832,0.37385290357568435,-0.0759076801775384,8.428968538948505,8.279858330170033,-0.08810780111573038,-0.13439229571977265
289,5.041828303308754,5.70292601539664,-0.0905215847557707,0.08054262553403875,1.8677041151052092,7.00724282928397,0.20410059871221714,-0.042892814595479126,4.389180200390446,3.3372919220125685,0.021549140723572724,0.05110714873529152,2.9383830346305038,2.205158733408639,-0.048837888131652366,-0.015588696501150745,8.890236224107818,2.45395959028881,0.039680435903674906,0.02812769272156599,1.268612539558495,5.563245082455453,0.24041986540527432,0.0037536475174243253,3.143875703867668,7.255637427067059,0.1318517358949167,0.002577609039455114,9.025451217183704,4.224845864862237,-0.015198788189943,0.11588779875058708,8.471019389981643,5.882404315477955,0.37637895382293635,-0.07282147628202916,8.424563148892718,8.273138715384045,-0.0800327128531724,-0.1351532308270187
290,5.037302224070966,5.706953146673342,-0.09539785378336145,0.07954681082690855,1.87790914504082,7.0050981885541965,0.18763360114837818,-0.04753278361656105,4.390257657426624,3.3398472794493332,0.020254830705152504,0.052348376440323155,2.935941140223921,2.2043792985835817,-0.048551363016281615,-0.01547648653148489,8.892220245903003,2.4553659749248884,0.03339533770859891,0.027388706279700428,1.2806335328287588,5.563432764831324,0.23239473626585094,0.0016898914538438121,3.1504682906624137,7.255766307519032,0.130173435245989,0.0031922563738966568,9.024691277774208,4.230640254799766,-0.017689984062369032,0.11244718992132721,8.48983833767279,5.878763241663854,0.37792723234095743,-0.06959389706089975,8.420561513250059,8.266381053842693,-0.07177619401238261,-0.13578817810648686
291,5.032532331381797,5.7109304872146875,-0.10019658908902837,0.07842336432139178,1.887290825098239,7.002721549373368,0.1711356389715784,-0.05202791931130325,4.391270398961882,3.3424646982713493,0.01899851343237018,0.05348897138840632,2.933513572073107,2.2036054742570075,-0.048129445950303565,-0.015247493938010203,8.893890012788432,2.456735410238873,0.027230667345530334,0.026634274039199383,1.2922532696420514,5.5635172594040165,0.223725935077382,-0.00048228210582186787,3.156976962424713,7.255925920337726,0.12811723518872087,0.003754653904199062,9.023806778571089,4.236262614295833,-0.020339702957923575,0.10884236060995636,8.508734699289837,5.875283546810809,0.37853912654617,-0.06616147790983201,8.41697270354944,8.259591644937368,-0.0634425460161954,-0.13632476542861766
292,5.027522501927346,5.714851655430757,-0.10489327751754952,0.0771676212089767,1.895847607046818,7.000120153407803,0.15462983729387456,-0.05638108791806137,4.3922203246335005,3.3451391468407694,0.017780732797609323,0.05452573877058105,2.931107099775592,2.202843099560107,-0.04758426945916225,-0.014918872925851511,8.89525154615571,2.4580671239408334,0.02120311746776754,0.025876918190872105,1.3034395663959206,5.563493145298725,0.2143776781913766,-0.0027249757833664617,3.1633828241841493,7.256113653032936,0.1256381897231323,0.004257468396409808,9.022789793423193,4.241704732326331,-0.02314478508537547,0.10508585722167073,8.527661655617147,5.871975472915317,0.3782675279239671,-0.062429091305880556,8.413800576248631,8.252775406665936,-0.0551298885407239,-0.13678898563393957
293,5.022277838051469,5.718710036491206,-0.10947449908315374,0.07578209661940832,1.9035790989115118,6.997301099011899,0.13812202246929342,-0.060602929238456844,4.393109361273381,3.3478654337792983,0.01663364029131984,0.05544618843353466,2.928727886302634,2.2020971559138145,-0.04692762185147811,-0.014506724921453761,8.896311702029097,2.459360969850377,0.015328794740444962,0.02512880888559464,1.3141584503054895,5.563356896509557,0.20432026312322704,-0.005010132554907103,3.169664733670306,7.2563265264527566,0.12275233734154525,0.004697596311181246,9.021632554168924,4.246959025187414,-0.026096965515668556,0.10118772686440526,8.546575032013346,5.868854018350023,0.37715394775667355,-0.0584366287751484,8.411044081821595,8.245935957384239,-0.046857908255079364,-0.13717193939974165
294,5.016804113097312,5.722499141322177,-0.11394551315068437,0.07429914674783845,1.9104852000349763,6.994270952549977,0.12164383711363012,-0.06467913368739521,4.393941043287947,3.3506377432009753,0.015558998720870966,0.056241837891257564,2.9263815052100597,2.2013718196677416,-0.04617120426407863,-0.014026945761803555,8.89707814176612,2.460617410294657,0.009623019047385994,0.024401394312983188,1.3243744634616508,5.563106389881812,0.19401954934568494,-0.007187962595361968,3.175802350537383,7.2565614062683155,0.11948716770613017,0.005096759443714677,9.020327705893141,4.252018411530635,-0.029187680178935693,0.09715657644886552,8.565432729401179,5.865932186911265,0.37517032305994197,-0.054290118785052306,8.408701186408841,8.239077360414251,-0.03870476174972353,-0.1374607874897272
295,5.011106837439777,5.726214098659569,-0.11830334693848325,0.0727170198696365,1.9165673918906578,6.991036995865607,0.1052360403730982,-0.06860233264066612,4.394718993223991,3.353449835095538,0.014488614412175173,0.05687744817926661,2.9240729449968557,2.2006704723796515,-0.04532640639952232,-0.013494403825540112,8.897559292718489,2.4618374800103062,0.004105409257418457,0.023693762521972687,1.334075440928935,5.562746991752044,0.1835081167575845,-0.009254296373564501,3.1817767089226896,7.256816244240501,0.11526561025285545,0.005097998226430195,9.018868321884195,4.256876240353078,-0.032401280620749165,0.09300165400821744,8.584191245554177,5.863217680972013,0.37224322538175747,-0.049884080485849386,8.406765948321356,8.232204321039765,-0.031073197609403705,-0.13761757439951977
296,5.005191670092853,5.729849949653051,-0.12253809191941453,0.07103595039869448,1.9218291939093128,6.9876068792335735,0.08892429353738958,-0.07237297648586666,4.3954434239446,3.356293707504501,0.013429028974996562,0.05736151514805035,2.9218066246768797,2.1999957521883746,-0.0444037842403989,-0.012921879093561338,8.89776456318136,2.463022168136405,-0.001205135486715492,0.023012535961126717,1.3432508467668143,5.562284276933365,0.1728180162665376,-0.011203403834242124,3.1875399894353325,7.257071144151823,0.11004438306891742,0.0046866462234369695,9.017248257853158,4.261526323053489,-0.0357236017972781,0.0887343797924,8.602803406823265,5.860723476947721,0.3682261237809913,-0.04498554353549958,8.405212288440886,8.22532344231979,-0.023948553091505145,-0.13763168828318229
297,4.9990647654968825,5.7334017471729855,-0.12663901106178,0.06925665731604,1.9262754085861824,6.98398823040928,0.07274380507017308,-0.07599800208606158,4.39611487539335,3.3591617832619036,0.012363547893391605,0.057745942498996124,2.9195864354648595,2.1993496582336967,-0.0434133908551078,-0.012320728485871122,8.897704306407023,2.4641727949344614,-0.006292186654799637,0.022356746427496705,1.351891747580141,5.561724106741653,0.16195455566616146,-0.013058107595879335,3.1930422085887784,7.257305476462995,0.10388025659823241,0.0038940956484488426,9.015462077763294,4.265963042043109,-0.03914183243518608,0.08436348960716307,8.621214713012314,5.858474199770946,0.3631761608580606,-0.03962872398033619,8.40401486078631,8.21844185790563,-0.017265730983236405,-0.13713641787635494
298,4.9927328149437935,5.736864580038787,-0.13048010610698893,0.06743403594071766,1.929912598839691,6.980188330304977,0.05672683896566563,-0.07947971912123596,4.3967330527880195,3.3620490803868535,0.011295870380626674,0.05803126297189967,2.917415765922104,2.198733621809403,-0.04236353513113071,-0.01169893231934683,8.897389697074283,2.465290632255836,-0.011144342623346504,0.021736897004550133,1.3599894753634492,5.561071201361859,0.15104063079328625,-0.015001214731473226,3.19823622141869,7.257500181245417,0.09685117769741836,0.0029008107859603343,9.013504986141534,4.270181216523467,-0.04272015183573502,0.07976849713344157,8.639373521055218,5.856492763571929,0.35717281046607663,-0.03384540376201153,8.403151574237148,8.211585037011812,-0.010980945712545487,-0.13618739672692826
299,4.986208809638444,5.7402362818358235,-0.13394189805447296,0.0656232757034411,1.9327489407879743,6.976214344348915,0.04090102495695286,-0.08281818607844744,4.397297846307051,3.3649506435354484,0.010229282142745013,0.05821769078259469,2.9152975891655477,2.1981486751934356,-0.04126211989930679,-0.011063482218820617,8.896832479943116,2.4663774771060636,-0.015748784668439087,0.021165927488138708,1.3675415069031134,5.560321140625285,0.14011747465105145,-0.017036397632200023,3.203078780303561,7.257645221784715,0.08901923019194427,0.0017300605442336974,9.011368978549747,4.274169641380139,-0.04645451656883496,0.07494340912420333,8.657232161578522,5.854800493383828,0.35067012998559643,-0.028198750288634306,8.40260252695152,8.204775667175465,-0.005018715447404953,-0.13480616776960302
300,4.97951171473572,5.743517445620996,-0.13680825971721844,0.06390910330290696,1.934793992035822,6.972073435044993,0.025292545874368477,-0.08601319024362002,4.397809310414188,3.3678615280745783,0.009166777568088527,0.058305363376830906,2.9132344831705823,2.1975955010824944,-0.040116602445755496,-0.010420756626341508,8.896045040709694,2.4674357734804704,-0.02009309639751261,0.020656760910307798,1.374547380635666,5.559469320743675,0.12921584025592892,-0.019146579939860603,3.207529741813158,7.257731724811927,0.0804497884561998,0.00039515389538921685,9.009046252721305,4.277916811836349,-0.05032527461057442,0.06990598776359142,8.674765668077802,5.853390555869396,0.34372264388301543,-0.022826381371765143,8.40235159117915,8.198035358786985,0.0006684986142128984,-0.1330226502077501
301,4.972671301749859,5.746712900786141,-0.13905949846564963,0.06230108696098229,1.9360586193295404,6.967772775532812,0.009924446363698767,-0.08906400350876484,4.398267649292593,3.37077679624342,0.00819720557533359,0.0581295128527295,2.9112286530482945,2.197074463251177,-0.0389341830115657,-0.009776382220376299,8.89504038588982,2.468468611525986,-0.02416574319421595,0.02022157859780434,1.3810081726484624,5.558511991746682,0.11836123094530193,-0.021319313969451685,3.211552231235968,7.257751482506696,0.07121066022419753,-0.0010902976948805872,9.006529988990776,4.281412111224528,-0.05428195312028664,0.06466910728234829,8.691951800271953,5.852249236800808,0.3360663616965073,-0.017887224228529935,8.40238501610986,8.191384226276597,0.006082999074241547,-0.13087878941314626
302,4.965718326826576,5.74982795513419,-0.14069986038564875,0.0607998675207307,1.9365548416477254,6.9633195753573744,-0.0051817652389890695,-0.09196984523929987,4.3986775095713595,3.3736832718860565,0.007500540154205318,0.05733443355068678,2.909281943897716,2.1965856441401583,-0.03772553306332637,-0.009143260426286624,8.893832098730108,2.4694796904558762,-0.02795612176477259,0.01987208538946304,1.3869262341957276,5.5574460260482095,0.10757868961067288,-0.02354220046474387,3.215112764247178,7.257696967621952,0.061613810246227405,-0.002645938224721772,9.003815891334762,4.284645566588646,-0.05827284991150635,0.059250331679173124,8.708755118356779,5.851354875589381,0.3276577019999283,-0.013329742820410733,8.402689166063572,8.18484028680594,0.011529179030439287,-0.12895249078737903
303,4.9586833338072935,5.752867948510227,-0.14173744276820852,0.05940508465344807,1.9362957533857759,6.958721083095409,-0.01996690748189755,-0.09473503788955841,4.399052536579069,3.3765499935635908,0.007044783296214099,0.05594720631718749,2.9073956672445496,2.196128481118844,-0.036508630852017894,-0.008550088645357655,8.89243429264187,2.4704732947253496,-0.031454713247411906,0.019618910679375563,1.3923051686762613,5.5562689160249725,0.09689209983320324,-0.025802866246539848,3.2181934547594895,7.257564670710716,0.0517667563607675,-0.004247581526268346,9.000902248839187,4.2876080831726044,-0.06226927950387734,0.05367128738183559,8.725138003456776,5.8506883884483605,0.3188672477314728,-0.009088246495871548,8.403265625015095,8.178392662266571,0.017049445697447686,-0.12730113907473492
304,4.951596461668883,5.7558382027429,-0.14218411960362626,0.058115285682182515,1.935297408011681,6.953984331200932,-0.0342601534531004,-0.09740376153983507,4.39940477574388,3.3793473538794503,0.0067976851632461505,0.05400328837216014,2.9055702357019486,2.1957009766865765,-0.03529898997655918,-0.00802074896863477,8.890861556979498,2.4714542402593183,-0.03465297294377631,0.01947193506664205,1.3971497736679215,5.554978772712645,0.08611406013937084,-0.027998141262668867,3.2207817925775277,7.257352291634402,0.041749741320846696,-0.0058974926691540315,8.997788784863994,4.290291647541697,-0.06624979167586106,0.04795325958151401,8.74108136584335,5.850233976123567,0.30971414390304264,-0.005166819663195614,8.404118097299968,8.172027605312834,0.022128496059557825,-0.1253993495063703
305,4.944487255688702,5.758743967027009,-0.14205520705043506,0.05692805363858839,1.933584400339026,6.94911414312394,-0.04803818283532925,-0.09997511765010986,4.3997446600020425,3.3820475182980583,0.006671417566166874,0.05162159573167676,2.9038052862031205,2.195299939238145,-0.0341099454861026,-0.007575045784402655,8.88912890833231,2.4724278370126505,-0.03754339104115313,0.019440088799703676,1.4014554766748901,5.553578865649512,0.07556631640167324,-0.030042515572149056,3.22286927964357,7.2570574170009445,0.031660482471225875,-0.007565672635663373,8.9944762952802,4.292689310520772,-0.07018932714467782,0.04211552591044486,8.756567073038502,5.8499756351404075,0.3001658270070809,-0.0015563644184160273,8.405224522102946,8.165757637837515,0.026497263201853662,-0.12323005652742791
306,4.93738449533618,5.761590369708938,-0.14136936434268188,0.05584001806626817,1.9311824911972595,6.9441153872414345,-0.06128074495052166,-0.10244942994810971,4.400078230880351,3.384628598084642,0.006466412233339306,0.04908840820074195,2.9020997889288154,2.1949211869489247,-0.032950067038450735,-0.007223700501423345,8.887251738780252,2.4733998414526357,-0.040093979589336574,0.019589591532960342,1.4052337924949738,5.5520767398709046,0.06529447362394421,-0.03192100121452262,3.2244523037671313,7.256679133369161,0.02146916705870451,-0.009233921892572267,8.990966828922968,4.294795086816294,-0.0739757706910922,0.03623594717104018,8.771575364388855,5.849897816919487,0.290231327147271,0.0017394613759231527,8.40654938526304,8.159596135011144,0.030230977499267488,-0.12081401596533466
307,4.930316027119046,5.7643823706122514,-0.14014833972512913,0.054846950388204065,1.9281184539497334,6.938992915744029,-0.0739700180098898,-0.10482651552208098,4.400401551492018,3.387083018494679,0.006191560687647816,0.04641450174033755,2.900452285576893,2.1945600019238536,-0.03182009224108268,-0.006961207117352651,8.885247039800785,2.474379321029284,-0.042329024128311334,0.019917264458738076,1.408498516176171,5.550480689810178,0.05521455184192745,-0.03371150630338838,3.2255257621200664,7.2562174372745325,0.01129577178263487,-0.010849643811214789,8.987268040388413,4.296606884174846,-0.07755203298633832,0.03035714589972079,8.786086930746219,5.849984789988283,0.2799260253021973,0.004717904171497818,8.408060934138003,8.153555434212878,0.03336646009363833,-0.11816409795301366
308,4.923308610132789,5.767124718131662,-0.1384167081928177,0.05394419119755527,1.924419953049239,6.933751589967925,-0.08609009502385923,-0.1071065507645193,4.4007111295264005,3.389403743581696,0.005901357965694424,0.04361006185293311,2.8988612809648386,2.194211941567986,-0.030720197672758593,-0.006781485946781949,8.88313058859437,2.4753751842522207,-0.04441252907335108,0.020272539922982263,1.4112592437682674,5.548795114495009,0.04533009604187099,-0.03542513630165508,3.226090550709198,7.255674955083972,0.0011913211991769219,-0.01240652709789954,8.983390438739097,4.298124741469832,-0.08091054610317487,0.024492622548528315,8.800083232011328,5.850220685196858,0.2692203978011864,0.007363420567066665,8.409729257142684,8.147647229315227,0.035925819092771434,-0.11528923052119422
309,4.916387774723148,5.769821927691539,-0.1362248595124407,0.05312106232221028,1.920115448298046,6.9283962624296995,-0.09762717453693219,-0.10928980613150033,4.401006197424685,3.3915842466743427,0.005597586246357914,0.04068609639883155,2.8973252710812005,2.1938728672706467,-0.02965084973982383,-0.0066797880012802935,8.880909962140702,2.47638881124837,-0.04634535943686312,0.02065561834631096,1.413525748570361,5.5470238576799265,0.035655335342598835,-0.03706101241334131,3.2261501167691566,7.255054628729077,-0.008785274441005573,-0.013844834394384248,8.979344911433937,4.299349372597258,-0.08403980150228281,0.018654821822233797,8.813544251901387,5.850588856225211,0.25807804110744176,0.009660024596900936,8.411525548097323,8.141882767789168,0.037933349349877264,-0.11219623616652893
310,4.909576531747526,5.77247798080765,-0.1336052767252846,0.052370817308004705,1.9152340895711994,6.922931772123125,-0.10857137260888883,-0.11137645130999717,4.401286076737003,3.393618551494284,0.005281728940235134,0.03765373654544467,2.8958427285942094,2.1935388778705827,-0.02861228984108974,-0.0066512398619000025,8.878592694168859,2.4774215921656855,-0.048125660024278816,0.021061214682660805,1.415308515337491,5.545170807059259,0.026112214481545368,-0.03864501348509243,3.225710853047106,7.254362387009358,-0.018576085383655416,-0.015061263400692564,8.975142921358824,4.30028211368837,-0.08692883714442988,0.012856824332662225,8.82644815395676,5.8510718574550555,0.24654724690416036,0.011626811726541515,8.413422215564816,8.136272955980841,0.039410852008840466,-0.10887200875895428
311,4.902896267911262,5.77509652167305,-0.13058345795332627,0.05168608524898788,1.909805520940755,6.917362949557625,-0.1189726215407736,-0.11337728666164311,4.401550163184015,3.395501238321556,0.004954241277800556,0.034524284451008976,2.894412114102155,2.1932063158774877,-0.027604155133281245,-0.006690515102751569,8.876186411167645,2.4784746528998185,-0.0497528645914728,0.021468516084380256,1.4166141260615681,5.543238556385004,0.016901650285435596,-0.036130614083248885,3.2247820487779233,7.253609323839323,-0.02813476305699526,-0.016053713798154217,8.970796479501603,4.300924954905003,-0.08956786371176978,0.0071100913079458474,8.838775516301967,5.851653198041382,0.2349392944882172,0.013528958177716727,8.41539275816526,8.130829355542893,0.04038671527185145,-0.10532562887983726
312,4.896367095013596,5.7776808259355,-0.12726489894746976,0.05104264356258115,1.9038568898637163,6.911694085224543,-0.1288408618972189,-0.11529634071536692,4.4017978752479054,3.3972274525441066,0.004648527937160488,0.03134374335289115,2.893031906345491,2.19287179012235,-0.026626216883574024,-0.0067924191732220505,8.873698767938071,2.4795480787040374,-0.051228642813556845,0.021857837349191115,1.41745920857584,5.541432025680842,0.007839579140854754,-0.033406327355641634,3.2233753106250735,7.252806638149416,-0.03729748707509219,-0.016762819314006788,8.966318086316015,4.301280459470401,-0.09183940231209536,0.0014653991999107599,8.850522481026378,5.852329645950268,0.22329972180822072,0.015412078826279636,8.417412093928851,8.1255630740989,0.040894747638484864,-0.10156862928288388
313,4.890003850066222,5.780232958113629,-0.12372861535011964,0.050423224783193075,1.8974148467688554,6.905929268188775,-0.13817589400266478,-0.11714054791279467,4.402030301644763,3.398794639711751,0.004365924807415958,0.028122719152570905,2.891700595501312,2.1925321691636888,-0.025632019231830134,-0.0068770274717156,8.871137335797394,2.480640970571497,-0.05255616901039427,0.022228928533397422,1.4178511875328828,5.539761709313059,-0.0011289291027060371,-0.030528973665077,3.221510436271319,7.251968497183715,-0.0460219947645682,-0.017243513870615585,8.96172611620041,4.301353729430396,-0.09340689643626948,-0.004050579285435081,8.861687467116788,5.853100249891582,0.21168606224754033,0.017341941437275406,8.419456831310775,8.120484642634757,0.040969856568953425,-0.09761309480982232
314,4.883817419298716,5.782754119352789,-0.11999462351857858,0.04982343567597469,1.8905060520687222,6.900072240793135,-0.1469869729683287,-0.11890776099659832,4.4022485978851345,3.4002007756693797,0.0041063625981674155,0.024870802982450667,2.8904189945397203,2.192188317790103,-0.0246031495582204,-0.006913449140198544,8.868509527346875,2.481752416998167,-0.053742292128198796,0.02258034571447949,1.4177947410777474,5.538235260629805,-0.010031210625456892,-0.027546121615905077,3.2192093365330905,7.251106321490185,-0.05429461729026018,-0.01751427642126016,8.957055771378597,4.301151200466124,-0.09428469925528307,-0.009402818596176506,8.872271770229165,5.8539673469634455,0.2001347267935532,0.019397620698959825,8.421505324139224,8.115603987894266,0.0406484456000537,-0.09347186504619527
315,4.8778176881227875,5.7852452911365875,-0.11607721366643148,0.049239639612536634,1.8831567034203058,6.894126852743305,-0.15527044949983426,-0.12053366674132975,4.402453916015043,3.401444315818502,0.003868253590689655,0.02159698694825286,2.889188837061809,2.191842645333093,-0.023544423918042675,-0.0069096719446736544,8.865822412740465,2.482881434283891,-0.05479652432321852,0.02290824700055252,1.4172931805464746,5.53685795454901,-0.01886322423248204,-0.024492905165988715,3.2164946056685775,7.250230607669121,-0.062127880568267686,-0.01757113279714629,8.952341536415833,4.3006810595363145,-0.0944854316801383,-0.014548828443698288,8.882278506568843,5.854937227998393,0.1886677423427361,0.021618583826870916,8.423537746419226,8.110930394641956,0.03996800381817523,-0.08915816551762033
316,4.872013827439466,5.787707273117214,-0.11189364970385271,0.04868521299275359,1.8753931809453142,6.888100169406239,-0.16285957960342237,-0.12182310175173314,4.402647328694577,3.402524165165915,0.0035906706621513327,0.018295797853470984,2.888011615865907,2.1914971617358594,-0.02246023964396526,-0.006873070472726148,8.863082586524305,2.4840268466339186,-0.055727754510634595,0.023209029663368866,1.4163500193348504,5.53563330929071,-0.027626202249812208,-0.02142026840521744,3.213388211640164,7.249352051029264,-0.06949367355799851,-0.017417929733036158,8.947617264831827,4.29995361811413,-0.09404564514165659,-0.019488063072971705,8.89171189368598,5.8560181571897365,0.17728429380157168,0.023980482323617932,8.425536146610135,8.106472486366075,0.03894057434179488,-0.08470347269194532
317,4.866419144954274,5.790141533766852,-0.10747101821660238,0.048154706834506004,1.8672502019651431,6.882009014318652,-0.16977081714128325,-0.12279250210173757,4.402826862227685,3.403438955058588,0.0032660656293497046,0.014974903090597335,2.8868886038837087,2.191153508212223,-0.021354880074773326,-0.006809678948126284,8.860296198798773,2.485187298117087,-0.056543374783986265,0.02348038998340796,1.4149687092223597,5.534562295870449,-0.036305653298186386,-0.018345261242229252,3.2099135279622644,7.248481154542612,-0.0763657776663321,-0.017061687183430492,8.942914982574743,4.2989792149604815,-0.09300394445067187,-0.024220499387196903,8.900576108376058,5.857217181305917,0.16583670768239672,0.02633296421781301,8.427483175327225,8.102237312731477,0.03759731922425929,-0.08012612170296121
318,4.861045594043444,5.792549269108577,-0.10283678353487688,0.04764264384346804,1.858761661108079,6.875869389213565,-0.17602331010555097,-0.12335626672044726,4.402990165509152,3.404187700213118,0.0028942261507377584,0.01164326757073516,2.88582085987997,2.1908130242648167,-0.020232051874313844,-0.0067245652557960875,8.857469030059574,2.4863613176162573,-0.05724297573386972,0.023722054151832865,1.4131534265574504,5.533645032808338,-0.044887969637202346,-0.015283246029156951,3.2060952390789477,7.247628070183441,-0.08279142063355621,-0.01652279958767265,8.93826478535221,4.297768189991122,-0.09140071510678072,-0.028746272986940748,8.908867943760177,5.858533829516808,0.1541753778169411,0.028508240012974737,8.429363041288438,8.098231006646328,0.036039408409377964,-0.07545067935007024
319,4.8559037548666995,5.794931401300751,-0.09801695265530783,0.04714920693139335,1.8499604956028015,6.869701575877543,-0.1816136926964409,-0.12319651999766337,4.403134876816689,3.4047698635916546,0.0024833329638109165,0.008310370667577924,2.8848092572862543,2.190476796002027,-0.019095657656703485,-0.006622441137084288,8.85460688127288,2.487547420323849,-0.057802531100505046,0.02394134050143491,1.4109090280755903,5.53288087050688,-0.05337513163118275,-0.012266848858434466,3.20195566804727,7.246801930204057,-0.08876098115241703,-0.01580964142163664,8.93369474959687,4.296330876341775,-0.08927849694495935,-0.03306604436617316,8.916576712651024,5.859959241517457,0.14231114479997334,0.030496712616236207,8.431165011708908,8.094458472678825,0.03424825195350352,-0.07078650376515794
320,4.8510029072339345,5.797288861647321,-0.0930411841040774,0.046670670062925426,1.8408798109679794,6.86354174987766,-0.18657268254016707,-0.12241157590667116,4.40325904346488,3.4051853821250333,0.0020344306399688677,0.004985603092909994,2.883854474403419,2.190145673945173,-0.017949262524757877,-0.006507456571204139,8.851716754717856,2.4887444873489204,-0.05823246424614733,0.024133748148117022,1.4082402714940312,5.532267528063959,-0.061739038670348245,-0.009332140970963744,3.197517618989649,7.246011448132975,-0.09425257053470787,-0.014927498173764051,8.929230824749624,4.294677574123467,-0.08668276085859078,-0.03718591890316428,8.923692269891022,5.861484077148268,0.13026328030326542,0.032303541554660795,8.432877424306582,8.090919147490567,0.03225384738423529,-0.06614160581248212
321,4.846350848028731,5.799622395150467,-0.0879359490489884,0.04620164535070559,1.831551176840971,6.8574211710823265,-0.19115234618936847,-0.12122952034021127,4.4033607649968785,3.4054346622796787,0.0015486583729848818,0.00167828179776782,2.882957011277181,2.1898203011166126,-0.016796377937112347,-0.006383331633047683,8.848805131505548,2.4899511747563263,-0.05854347494959181,0.024295010505258844,1.4051533195605137,5.53180092101541,-0.06996154412059696,-0.00650228733940771,3.192804990462913,7.245265073224287,-0.09911531228816685,-0.013840726219913066,8.924896686706694,4.292818278178308,-0.0837358453810765,-0.04111180453579844,8.930205433906186,5.863099254226001,0.1180235931585091,0.03396282254770517,8.434490116675795,8.087612067199943,0.030012783893725303,-0.0615377799304049
322,4.841954050576281,5.801932477418003,-0.08272891857384877,0.04573655491756996,1.8219935595315024,6.851359695065316,-0.19543349413131544,-0.11972032505343068,4.403438197915528,3.405518576369567,0.0010109972824916794,-0.0015937490773189648,2.8821171923803255,2.1895011345349604,-0.01564040880909969,-0.006253443670799506,8.845877957758068,2.491165925281589,-0.05874512230574435,0.024420942209210053,1.401655242354484,5.53147580664844,-0.07803666814594182,-0.0037842520214503086,3.187849224848505,7.244573036913291,-0.10333185773587403,-0.012554924671402276,8.920709894437639,4.290762687951519,-0.08075193069284695,-0.04486106372456969,8.936106613564112,5.864797395353387,0.10556703451373753,0.03542749055713534,8.435990755870481,8.084535178203422,0.027465245240709212,-0.056999292659930464
323,4.837817604647589,5.8042193051638815,-0.07745701701103883,0.04526753318558237,1.8122218848249367,6.845373678812645,-0.19939984237705538,-0.1178893592141043,4.403488747779653,3.4054388889157012,0.0004169114550218536,-0.004817345963119326,2.8813351719398703,2.1891884623514204,-0.014484461287770766,-0.006120147067928237,8.842940701642782,2.4923869723920498,-0.058842618740790546,0.024499129469288318,1.3977534089471868,5.5312865940473674,-0.08595568015603933,-0.0011892310045545375,3.182682631961711,7.243945290679721,-0.10689786169922527,-0.011079163865050376,8.916672297902997,4.28851963476529,-0.0777281185180499,-0.048433324312977206,8.9413849652898,5.866568769881243,0.09293710383870778,0.036706869518907066,8.437364018132516,8.081685213570426,0.024650732168337727,-0.05253097644763398
324,4.833944753797037,5.8064826818231605,-0.07215743356107907,0.04478659238728484,1.802251892706084,6.839479210851939,-0.2030344676778204,-0.11575021128425707,4.403509593352404,3.4051980216175455,-0.00022980527378464212,-0.007983327509163677,2.8806109488754816,2.188882454998024,-0.01333146941176464,-0.005985589826819969,8.839998570705742,2.4936119288655143,-0.0588376242440874,0.02448612087925737,1.3934556249393848,5.53122713249714,-0.09370973184137257,0.0012722201012189114,3.17733773887675,7.2433913324864685,-0.10979744028544601,-0.009421673619052471,8.912785891977094,4.286097968549641,-0.07466444648211736,-0.051838345071486845,8.946031820481736,5.8684041133571885,0.08017429801919636,0.0377963986532402,8.438596554740933,8.079058664748043,0.02160868208982649,-0.04813725246804165
325,4.830336882118983,5.808722011442525,-0.06685847148954109,0.04428798290963074,1.792100169322193,6.833691700287726,-0.20644151648436854,-0.11339172012428154,4.403498103088715,3.4047988552420874,-0.0009242213646307039,-0.011082812437115966,2.8799443754048935,2.1885831755066834,-0.012184207032237548,-0.005851302296729309,8.837056689493538,2.494836234909477,-0.05873657574474162,0.02438278368960907,1.388770138347316,5.5312907435022005,-0.10128984376220616,0.0035911773629600727,3.171847866862478,7.2429202488055155,-0.11203074101603207,-0.007593293876251282,8.909052669652988,4.283506051296067,-0.07155799134975213,-0.05507440938632907,8.950040535382696,5.87029393328985,0.06733377370336231,0.03868194737523913,8.439676988845424,8.07665180212464,0.01822648618497553,-0.0438982740672152
326,4.826993958544506,5.810936410588006,-0.061587126485101736,0.04376633325653872,1.7817780934979746,6.828022114281512,-0.20951974658225844,-0.11071587148378005,4.403451892020484,3.4042447146202317,-0.0016328933963909197,-0.0141057119157899,2.8793351650532815,2.1882906103918467,-0.011062375719461937,-0.005694542325442207,8.834119860706302,2.4960553740939573,-0.05854427141665763,0.02419099544228827,1.3837056461592059,5.531470302370349,-0.10765390470056448,0.0019933427982146467,3.1662463298116763,7.242540584111703,-0.11360308211541352,-0.0056048391543832435,8.905474770085501,4.2807523308267506,-0.06840636297469872,-0.0581402705891055,8.953407224067863,5.872228030658612,0.05446269455650028,0.03937935110233843,8.440588313154672,8.07445688842128,0.014742067569276717,-0.03975275425928044
327,4.823914602220251,5.813124727250833,-0.05636897303818897,0.04321679310004017,1.7713021061688616,6.822486320707323,-0.21220401903544733,-0.1076801568202149,4.403370247350664,3.403539429024442,-0.002298534599913602,-0.017056753524838743,2.8787820462673084,2.1880058832755744,-0.009971102217946549,-0.005516791833439392,8.831192647135468,2.4972649238660716,-0.05825332959710902,0.023917711242640662,1.3783229509241777,5.53156996951026,-0.11379257477252397,0.000635770738136264,3.1605661757059056,7.242260342153984,-0.11449146066105542,-0.0034344673313704147,8.902054451936767,4.277845317297295,-0.06520734220152634,-0.06103510334175052,8.956130358795688,5.874196998213729,0.04159446451165852,0.03994171119347333,8.441325416533136,8.072469250708314,0.011269810536286262,-0.03567027083354401
328,4.821096153568341,5.815285566905835,-0.051228168166272195,0.042635273934032526,1.7606919052170893,6.817102312866313,-0.21448498299275706,-0.10430034733632913,4.403255320620668,3.4026865913482003,-0.0029271613190307664,-0.019930785932837782,2.8782834911564112,2.1877300436839024,-0.008905185277376671,-0.005334424961698723,8.828279980655614,2.4984608094282037,-0.057817685581439196,0.023591577839644898,1.3726333221855516,5.531601758047167,-0.11969039514093313,-0.0004897380880897321,3.1548416026728527,7.242088618787416,-0.11472363528108773,-0.00110626613428265,8.89879408482669,4.274793562130208,-0.06195854111915367,-0.06375833059679689,8.958210082021271,5.876194083773402,0.02875801864364323,0.04038458446093022,8.44188890705995,8.070685737166638,0.007823492699643997,-0.03166231109517025
329,4.8185347451600276,5.817417330602537,-0.04618745104133323,0.04202092713738581,1.7499676560674515,6.8118872954994965,-0.2163537961051352,-0.10059340930799356,4.403108962554716,3.4016900520515585,-0.0035182572285070465,-0.022720906921922027,2.8778382318925426,2.1874633224358173,-0.00785998393109848,-0.00516061657188974,8.825389096376542,2.499640388320186,-0.05722937060117072,0.023221293041089823,1.3666488024285048,5.531577271142762,-0.12540444544880305,-0.0014317279383425988,3.1491054209087985,7.242033305480701,-0.11431955416000066,0.0013598944834861148,8.895696157770733,4.271605645600368,-0.058657235050256426,-0.06630953214149894,8.959647982953452,5.878213312996449,0.016006564528729287,0.04073040327575176,8.442280081694932,8.06910262161188,0.004416423776528266,-0.02773964411335396
330,4.816225372607961,5.819518376959406,-0.041267390481226005,0.04137026062297424,1.7391499662621948,6.806857625034096,-0.21780227428232501,-0.09657682030717245,4.402933049693291,3.4005540067054625,-0.004071278435958867,-0.025420464799999057,2.8774452326959876,2.187205291607223,-0.006831331069384118,-0.0050061573398909685,8.822527627846483,2.5008014529722407,-0.056498383707993684,0.02280661733409231,1.3603785801560646,5.531505684745845,-0.13092026411919508,-0.002190568314853815,3.1433894432007983,7.242101300204876,-0.1133006008366364,0.003944719008305966,8.89276329601822,4.268290168993293,-0.05530240252023476,-0.06868787090312661,8.960448311179888,5.880249833160237,0.0033865341851967243,0.04099688421055793,8.442500902883758,8.067715639406211,0.001190311574718383,-0.02389982460754322
331,4.814162003083899,5.821586889990555,-0.036484465680114785,0.04067462612936994,1.7282598525480786,6.802028784018738,-0.2188228991434462,-0.09226879551330915,4.402729485771493,3.3992829834654623,-0.004585605798138623,-0.028022870646117984,2.8771036661425184,2.1869549837402285,-0.005837263802800675,-0.004896376259499711,8.819702708661083,2.5019417838389453,-0.05563490984558409,0.0223472262225843,1.3538325669501048,5.531396156330103,-0.13621713555781756,-0.0027666027359550273,3.1377244131589666,7.242298536155292,-0.11169043015933214,0.00662871895650953,8.889998175892208,4.264855775448137,-0.05187753080731171,-0.07072586267273845,8.960617637889149,5.8822996773707645,-0.00904837605259243,0.041210865001716904,8.442560418462493,8.066520648175834,-0.001809280625203225,-0.02015213749127792
332,4.812337779799893,5.823620621297024,-0.03185092986284927,0.03993901293786963,1.7173187075909062,6.797415344243072,-0.219408921952594,-0.0876880939982306,4.402500205481586,3.3978818399331563,-0.0050597275922432,-0.0305218274158228,2.8768118029523784,2.1867101649272533,-0.0049000467013459404,-0.004855008651144353,8.816920963168803,2.5030591451500745,-0.05464880166172331,0.02184306419974034,1.347021710172214,5.531257826193305,-0.1412787631097308,-0.0031697084363435783,3.132139891651,7.242629972103117,-0.10951261129474817,0.009399675375917852,8.887404299351843,4.2613194823145,-0.04836054160600441,-0.07225333367492975,8.96016521908652,5.8843602206208505,-0.02131955084106747,0.04136841175431504,8.442469954431234,8.06551304130127,-0.004568840450265977,-0.01643853976147579
333,4.810745233306751,5.825617571943917,-0.027389559826843296,0.03916279706234833,1.7063482614932766,6.7930309395431605,-0.21954843705450364,-0.0828474193743836,4.402247219101974,3.396355748562365,-0.005476113347186094,-0.03291182074814921,2.876566800617311,2.1864674144946963,-0.004012194166694184,-0.004876418143327364,8.814188523085717,2.504151298360062,-0.053577939398282225,0.02127666673211222,1.3399577720167275,5.531099340771488,-0.14609081632821475,-0.0034120634132882035,3.1266642610862627,7.243099955871913,-0.1067300738791245,0.012280153094926775,8.884986272271544,4.257706815630753,-0.044753741988594706,-0.07328666764330091,8.959099241544466,5.886428641208567,-0.033400156169150506,0.04147971536085128,8.442241512408721,8.064691114313195,-0.007072907945731255,-0.012759858432583083
334,4.809375755315409,5.827575711797035,-0.023114248297206912,0.038343283581237994,1.6953708396405514,6.788888568574441,-0.21921894257818528,-0.07774692735890261,4.4019734134346145,3.394710157524958,-0.005833196950925832,-0.035187465177177246,2.876366190908976,2.18622359358753,-0.0031684431087117392,-0.004959011059769446,8.811509626115802,2.5052151316966675,-0.052436622954600505,0.02064586607327526,1.3326532312003168,5.530928737600823,-0.1505972072425357,-0.003508802747109664,3.1213277573923066,7.24371396352666,-0.1033807991096991,0.015243142268756331,8.882748585172115,4.254042482248588,-0.04106063372796315,-0.07384389903414967,8.95742923373601,5.888502626976609,-0.04526606258652035,0.04155447367747433,8.441887867011435,8.064053121391566,-0.009311673677185151,-0.009119055855445136
335,4.808220042900548,5.829492875976097,-0.019037145680777582,0.0374782314064612,1.6844098925116422,6.785001222206496,-0.2184126660779602,-0.07240321151236406,4.401681753587068,3.392950784266099,-0.006129787800683026,-0.03734376061826831,2.876207768753541,2.185975643034541,-0.002365825961146851,-0.0051033536373200055,8.808887794968072,2.5062474250003315,-0.05123201159357374,0.019953142521510175,1.32512337083819,5.530753297463468,-0.15480162538020525,-0.003481003391079364,3.1161587174368215,7.244476120640098,-0.09971788618958173,0.018115799113312663,8.880695553485717,4.250350287296881,-0.03728102459913033,-0.07394375009713668,8.955165930606684,5.890580350660483,-0.05689369645616833,0.041601876628642225,8.441422283327576,8.063597168598795,-0.011281961462119195,-0.005519572708181609
336,4.807268185616509,5.83136678754642,-0.01516866118370727,0.03656485551099082,1.6734892592077442,6.781381061630878,-0.21712822211836644,-0.06684117912570349,4.401375264197034,3.3910835962351857,-0.006401631546987538,-0.03932405378788596,2.8760894774554835,2.1857204753526753,-0.001606519783649941,-0.0052857299387017425,8.806326194388394,2.507245082126407,-0.04997155477821176,0.01920151803230708,1.3173832895691797,5.530579247293914,-0.15868916138439093,-0.0033420242303868215,3.1111728231273426,7.245381910595763,-0.09580607731139837,0.020864079690674248,8.87883150225576,4.246653099792024,-0.03328382573431271,-0.0735665170268153,8.952321245783876,5.892660444491915,-0.06826041844389263,0.04163052833109281,8.44085818525447,8.063321189963386,-0.012981749212959384,-0.0019646127404491795
337,4.806509752557324,5.83319503032197,-0.011517496711604151,0.03559991414720913,1.6626328481018258,6.778039002674593,-0.21536599850212404,-0.061087046184338245,4.401055182619684,3.3891173935457912,-0.006752040175570493,-0.040973432586788,2.876009151466301,2.1854561888557402,-0.0008910207848887639,-0.005488566291102224,8.803827616649484,2.5082051580280225,-0.04868398455499952,0.018380774087811164,1.3094488314999602,5.530412146082394,-0.16224797777264033,-0.0031130554787700453,3.1063825192617727,7.246425114580297,-0.09166716281569182,0.02347764855543703,8.877167310969044,4.242974773940683,-0.029061036700065313,-0.07275198556268561,8.948908224861682,5.894741970908469,-0.07934731003544156,0.04164458583772534,8.440209097793822,8.063222959326364,-0.014413892737248515,0.001556509670444261
338,4.805933877721744,5.83497502602933,-0.008086807957880053,0.03458104026566049,1.6518645481767196,6.774984650365376,-0.2131275792226679,-0.05516743733803144,4.400717580610905,3.3870687219164517,-0.007174581600202566,-0.04228225270405298,2.8759646004270567,2.185181760541185,-0.0002166661273579792,-0.005703859269202703,8.801393417421734,2.509124196732413,-0.04740322677015607,0.017478127028400355,1.3013364326113281,5.530256493308456,-0.1654673773738614,-0.002834254263888804,3.101799161120988,7.247598997008069,-0.08732311446464239,0.02594701515803665,8.87571425913404,4.239337174662549,-0.024671683231051143,-0.0715895782948469,8.94494085935991,5.8968242002003555,-0.0901636114408714,0.0415822398740554,8.43948840315696,8.063300784809886,-0.015579499191263294,0.005045411300488245
339,4.805529537323849,5.8367040780426125,-0.00487832680999473,0.03350612572456499,1.6412081692155862,6.772226278498474,-0.21042360594426462,-0.04911677873948923,4.400358851530895,3.384954609281249,-0.00765558624066258,-0.043213301376699265,2.8759537671206887,2.184896567577725,0.00041964735576103173,-0.005923552560203725,8.799023256083226,2.509998103083833,-0.046139771468632865,0.01649536946376627,1.293063063742635,5.5301147805952615,-0.16819451227216636,-0.002454344945017008,3.0974330053977557,7.248896347765971,-0.08279599789774594,0.028263637407818735,8.874480674972489,4.2357576957478065,-0.02013084381228226,-0.0701083405666982,8.940432678787866,5.898903312194058,-0.10063215252659147,0.04143158721353279,8.438709428197397,8.06355305537491,-0.016497032603839015,0.008498395171590577
340,4.80528562098335,5.8383793843288405,-0.0018923512911720596,0.032373316446941094,1.630686988918373,6.7697704395614995,-0.2072734065905697,-0.04297678842464796,4.3999760722188626,3.382793944212414,-0.008162617249263768,-0.04376934961534923,2.875974749488477,2.184600389949715,0.0010213037181753919,-0.006139185284779423,8.796716267509794,2.5108228715570213,-0.044903416908972905,0.01543442066347068,1.2846533381290266,5.52999206334801,-0.17041504978566085,-0.001982959609467296,3.0932932055028686,7.250309529636362,-0.07810867484903512,0.03041889796326488,8.873474132781874,4.232252278719471,-0.015555332744176562,-0.06835115112150061,8.935401071161536,5.900974891554735,-0.11065067854425734,0.04124108810291977,8.437884576567205,8.06397797513349,-0.01718691054604349,0.011911955785580408
341,4.805191003418791,5.839998050151188,0.0008719627493695894,0.031181129394720987,1.6203233185888446,6.767621600140267,-0.20369671253417798,-0.036794636019266753,4.399567941356399,3.3806054767316467,-0.008686592368258481,-0.04395531225370129,2.8760258146743856,2.184293430685476,0.0015923769373554992,-0.006342262290933186,8.794471096664346,2.511594592590195,-0.043701592810147454,0.014298741422200853,1.2761325856397436,5.529892915367537,-0.17212241887478744,-0.0014320281501745266,3.089387771760417,7.2518304745345255,-0.07328393887973009,0.032405038534799514,8.872696366144666,4.2288347211633965,-0.010935812214071925,-0.06633807707363713,8.929868537234324,5.90303694595988,-0.12018774506351775,0.04102559321408512,8.437025231039902,8.064573572922768,-0.017649794629433727,0.015265335824914706
342,4.8052346015562595,5.8415571066209235,0.003416588225372283,0.029928712594013408,1.6101384829621357,6.765781868339304,-0.19971849774872133,-0.03061655870894304,4.3991336117379864,3.3784077111189617,-0.009214929802192693,-0.043783447720370045,2.8761054335212535,2.1839763175709295,0.002136661593999367,-0.0065247905841591,8.792286017023839,2.5123095296613047,-0.042541589192741563,0.013092002268487864,1.2675264646960043,5.529821313960028,-0.1733122318926326,-0.0008132546841984075,3.0857235748164302,7.253450726461265,-0.06834459509945093,0.03421550112138122,8.872149575533962,4.225517817309715,-0.006275122755820925,-0.06408785812342513,8.923859149981148,5.9050882256205846,-0.1291577031900627,0.04082097077125104,8.43614274130843,8.065336839714014,-0.017878685778596973,0.018553124677963984
343,4.805405430967528,5.843053542250624,0.005744616755254714,0.028615583619724706,1.6001525580746996,6.764251040403857,-0.19534421121631929,-0.024463708319462447,4.398672865247876,3.3762185387329433,-0.009600508151425366,-0.0435213294730324,2.8762122666009535,2.1836500780417216,0.002657900859798889,-0.006679335241721028,8.790158937564202,2.512964129774729,-0.04143037421225851,0.011817901670540028,1.2588608531013727,5.529780651225818,-0.17398243843941605,-0.0001380162481104415,3.0823063450614576,7.2551615015173345,-0.06331246141588864,0.035844053312340675,8.871835819396171,4.222313424403544,-0.0015754667610480139,-0.0616189121061002,8.917401264821645,5.907129274159147,-0.13753321823379822,0.04063347703858631,8.4352488070195,8.066264495947912,-0.01788182582578955,0.021776651528306736
344,4.80569266180529,5.844484321431611,0.007857887887366263,0.02724370160202284,1.5903853475138836,6.763027854987884,-0.19057350052450964,-0.01834988444367757,4.398192839840305,3.374042472259292,-0.009849514378084187,-0.043170454321688756,2.8763451616439433,2.1833161112796358,0.003161289279546242,-0.006800402205486798,8.78808741885359,2.513555024858256,-0.04035055672346895,0.010490500736588889,1.250161731179402,5.529773750413412,-0.17415205351440824,0.0005906763784701545,3.079140721990663,7.256953704182951,-0.05820604954159436,0.03728325486476153,8.87175704605812,4.219232478798239,0.003197527161185568,-0.05897798806214678,8.910524603909955,5.909160948011077,-0.14531632718345946,0.0404571945670748,8.43435471572821,8.067353328524328,-0.017668617403724766,0.024937605422564284
345,4.806085556199658,5.845846506511712,0.009759346463687864,0.025815170584868385,1.580856672487658,6.762110360765701,-0.1854435038373358,-0.0123396169326674,4.3977003641214,3.3718839495432076,-0.00996862569250012,-0.04273262118574117,2.8765032261079204,2.1829760911693614,0.0036513270039219667,-0.006883924209329316,8.786069891017416,2.5140795498950856,-0.03925249686061685,0.009135517008209876,1.2414541285036815,5.529803284232336,-0.17398332543103612,0.0014245756268615444,3.0762304195135832,7.258817866926189,-0.0530472712615746,0.038529224864343105,8.87191692241618,4.216283579395132,0.008016752308552092,-0.05618270996743786,8.903258787550783,5.91118380773943,-0.15251081791422194,0.040286054765688056,8.433471284858024,8.068600208795457,-0.017246262988665675,0.028037322436102168
346,4.806573523522843,5.8471372650409545,0.011452728205330817,0.024332319992284968,1.5715844972957913,6.7614933799190675,-0.1799887817904837,-0.006466228880680705,4.397201932836775,3.3697473184839204,-0.00996501849390412,-0.042209866704678876,2.8766857924581166,2.1826318949588948,0.004131871198501091,-0.006927426909611577,8.784107266174384,2.514536325745496,-0.03814351630925482,0.007740691300088815,1.2327549622321297,5.529874513013679,-0.1735709298345319,0.002259975422185155,3.0735780559505046,7.260744328169406,-0.04785729442036328,0.0395795955165717,8.872317760031606,4.21347444389676,0.012856289228741949,-0.05324792720163214,8.895633246655072,5.9131981104777145,-0.15907493439218826,0.04008873342617768,8.432608971708591,8.070002074917262,-0.0166223554672986,0.03107725003046586
347,4.80714615993311,5.848353881040569,0.012942623415000885,0.022797449445973828,1.562585058206267,6.7611700684750335,-0.17409865265642474,-0.0007770404152046681,4.396703681912079,3.3676368251486863,-0.009846188811434751,-0.04160471290003393,2.8768923860180418,2.182285523613414,0.004606280585016709,-0.0069291750646573655,8.782200090358922,2.5149233603105006,-0.03702997712015455,0.006309633791053943,1.2240764157404032,5.529987511784788,-0.1729230446684233,0.0030810440257305824,3.0711851912294863,7.262723307945235,-0.04265622515475926,0.04043395629445642,8.872960574493044,4.210812047536678,0.017440793520157163,-0.0501370670997535,8.887679499935462,5.915202547149024,-0.16495432500443286,0.03982672186184096,8.431777853935227,8.071555937418786,-0.01580518435559568,0.034059221793540255
348,4.8077932911038594,5.849493753512868,0.014233369075663535,0.02121218997115989,1.5538801255734458,6.761131216454273,-0.16753300135885546,0.004751328758202887,4.396211372471508,3.3655565895036847,-0.009615846289171224,-0.04088980794537697,2.8771227000472925,2.1819390648601815,0.005077051107968788,-0.006888807324218114,8.780348591502914,2.5152388420000533,-0.03591689725934809,0.004848041195029669,1.215430263506982,5.530141563986074,-0.1719658775198332,0.0037261418830717525,3.0690523799717484,7.264745005759957,-0.03746360484755215,0.041091451917910866,8.873832614169052,4.2083051941816905,0.021711284896676366,-0.04684876713687527,8.879431783685241,5.917193883242116,-0.17015882414481467,0.039502917882868825,8.430987594717447,8.073258898508463,-0.014803734308698746,0.036985481095143095
349,4.808504959557642,5.850554363011426,0.015403626927144974,0.019595484203349545,1.545503475505503,6.761368782892183,-0.16031640624557802,0.010159384093486167,4.395730580157049,3.363512099106416,-0.00928071656621838,-0.04005886657748256,2.877376552602691,2.181594624493971,0.005546699573482972,-0.006806217143536096,8.778552746639948,2.5154812440598047,-0.03480873515426462,0.0033622409175879282,1.2068319696309904,5.530327871080228,-0.17033187616048967,0.004185804475110265,3.0671791997293707,7.266799578355853,-0.03229771498835263,0.041553599278578456,8.874918178413886,4.205962755824847,0.02565272175366146,-0.04340273093217956,8.870923842478001,5.91916902913626,-0.17470152024826832,0.03912767611991036,8.430247408002012,8.07510817256322,-0.013597096017220589,0.039849426720865506
350,4.809275140904,5.851534137221593,0.016469106518633814,0.01795109617586036,1.5374876551932242,6.761876752096858,-0.15246438985620805,0.015522433824144699,4.395266544328738,3.361509155777542,-0.008849677009357458,-0.0391169279499713,2.8776538875813653,2.181254313636794,0.006017528210963708,-0.0066818508065683,8.776812309882235,2.515649356105684,-0.03370507431744879,0.0018545955378360074,1.1983153758229659,5.530537161303983,-0.16802112999735985,0.004475708545197042,3.065564313979953,7.268877258319781,-0.02717663962638554,0.04182089381678581,8.87620081450157,4.2037926192782376,0.02925599687391979,-0.03982569116884815,8.862188766465588,5.9211254129422555,-0.1785979492654545,0.038708569552631855,8.429567553201151,8.077100643899264,-0.012094192093828292,0.04262344532889916
351,4.810098596229932,5.852431692030386,0.017433077164895984,0.016280432930838064,1.5298644357004139,6.762652873788065,-0.1440724433020241,0.020735884837113715,4.39482406047827,3.3595533093800434,-0.008331593809498793,-0.03806937734249864,2.8779547639919136,2.1809202210964655,0.006490808089460832,-0.006517073265500849,8.775127056166363,2.5157420858825756,-0.03260917773067301,0.00033156694432561807,1.1899143193230979,5.5307609467312435,-0.1650645790564886,0.0046373017081173685,3.0642054819986337,7.270968303010621,-0.02211800497269806,0.04189438609350093,8.877663614345265,4.2018013347197956,0.032543405374829595,-0.03623446848029243,8.853258869002316,5.923060841419887,-0.18179550935230085,0.03807958646293151,8.42896284359646,8.07923181616571,-0.010304916909554573,0.045308661211856144
352,4.810970250088177,5.853245713676928,0.01829625263155267,0.014586239262174562,1.5226608135353126,6.7636896680299206,-0.1354790300682671,0.025555532432400083,4.3944074807877955,3.3576498405129183,-0.007735539538635259,-0.03692187570620213,2.878279304396387,2.1805943674331907,0.006967679892863733,-0.00631315411090899,8.77349659727983,2.515758664229792,-0.0315248649340803,-0.0011999091174655636,1.1816610903702736,5.53099281181665,-0.16154759246288453,0.0047905718274528705,3.0630995817499986,7.273063022315296,-0.017139004732133714,0.04177589256027334,8.879290784614007,4.199989611295781,0.035582357129399604,-0.03265039089852916,8.8441690935347,5.924964820743034,-0.18431392741105387,0.037247824227319835,8.428447597750983,8.081497249226302,-0.00824062738440332,0.04790729017240598
353,4.811885062719755,5.853975025640036,0.019054150649316762,0.01287383264924188,1.5158868620318993,6.764967444651541,-0.1267700657800324,0.029941994331084586,4.394020703810864,3.355803746727608,-0.007070754406823164,-0.03568019947621856,2.87862768839103,2.180278709727645,0.0074488186437744915,-0.0060719917390872884,8.771920354033126,2.515698668773919,-0.030455757282369787,-0.002733306683992692,1.1735837107471294,5.531232340408023,-0.15749643016039047,0.004928676289983334,3.062242631513392,7.27515181694331,-0.012256061101915208,0.04146958701489113,8.881069902470477,4.198357091750855,0.038395012399499245,-0.029076003541890254,8.834953397164147,5.926827211954399,-0.18625150416693517,0.03619170172687042,8.428035566381762,8.083892613734923,-0.0058600554975062336,0.05040339169336154
354,4.812837770252221,5.854618717272498,0.019720733606226896,0.011145899771403268,1.5095483587428977,6.7664645443680955,-0.11797278081928562,0.033902218199573855,4.393667166090523,3.354019736753797,-0.006346464468015676,-0.03435043987471495,2.8790001293232184,2.1799751101406906,0.007929844890918237,-0.005806603804454689,8.770397566169008,2.5155620034397193,-0.02940568698167151,-0.00426256172770793,1.1657088892391099,5.5314787742225215,-0.15292128119050177,0.005070470280025395,3.0616298284582966,7.277225296294054,-0.007483276913525429,0.04097586586316668,8.882989653090451,4.19690329157376,0.04095693328077061,-0.025551509743276704,8.825640821955801,5.928636797040743,-0.1877396954288227,0.034952621465431336,8.427742563606888,8.086412783319592,-0.0031731306376248324,0.052797642287441035
355,4.8138238069325325,5.855176012261068,0.020304644920833562,0.009404767444979147,1.5036497197019334,6.768159655278074,-0.1091140330389626,0.03744451553305278,4.3933498428671225,3.3523022147600616,-0.005571892050875669,-0.03293864044014249,2.879396621567764,2.1796847799504677,0.008410953094448548,-0.0055197179645677255,8.768927281819924,2.5153488753533337,-0.02836680074750727,-0.005777399152910061,1.1580628251795848,5.531732297736522,-0.14783835280119093,0.005219459295749905,3.06125566461262,7.279274089587212,-0.0028356822232025536,0.04030023878616833,8.885037499754489,4.195625716086596,0.043248204743807146,-0.02212184842461692,8.81625383718436,5.930384428114015,-0.18867252488336392,0.033700741944717054,8.427583907075006,8.089052665433965,-0.00019179161510762778,0.05509252076280906
356,4.814839039178574,5.855646250633317,0.020809028738148664,0.007651932491611437,1.4981940180499853,6.770031881054727,-0.10022016769205402,0.04057864137669692,4.393071248264579,3.3506552827380545,-0.004756071729434972,-0.03145105332720909,2.8798171692224868,2.1794087940522395,0.008892288540687066,-0.005213486692160849,8.767508941782548,2.5150600053956884,-0.027340298123353177,-0.007270772200470515,1.1506709075395252,5.53199327070131,-0.14227222036002787,0.005369611347105594,3.06111388050146,7.281289101526521,0.0016701897581798165,0.039440855758167734,8.88719990999168,4.194519623665365,0.04527076654726727,-0.018799181913677323,8.806820210940192,5.93206946521125,-0.189082459925626,0.032429758390294196,8.42757431749425,8.091807291472104,0.00306223567702475,0.057292326104470034
357,4.815879490615481,5.856028847257898,0.021237167038925146,0.005889061792444185,1.4931830096653826,6.772060813123562,-0.09131682073627781,0.04331583176483998,4.392833444678107,3.349082730071694,-0.003909424630774503,-0.02989459826264415,2.8802617836495212,2.1791481197176314,0.009373876561607819,-0.004890192845128958,8.766141926876381,2.514696466785665,-0.026329182438247854,-0.008736599706506082,1.1435572965215237,5.532261751268665,-0.13624865281759413,0.005519225466542186,3.0611973899893687,7.283261144314429,0.006031041403649482,0.03850815156651281,8.889463448319043,4.193579664569682,0.04702350706452591,-0.015593202670756447,8.79736608794391,5.933690953130765,-0.18895061184367962,0.031150083919869544,8.4277274292781,8.094671907777329,0.006562328079125313,0.059403426323660156
358,4.816941348967427,5.85632330034752,0.02159815921724603,0.004122468969475225,1.4886171686285687,6.774226604711804,-0.08243242507730793,0.04566604570230136,4.392637973446568,3.3475880001585616,-0.0030427384505405473,-0.028276493275797704,2.8807304774776017,2.178903610075375,0.009855408703174095,-0.004552204217985753,8.764825467754468,2.5142596368003396,-0.025336296833747083,-0.010168914501016686,1.136744863880644,5.532537712541992,-0.1296983720677963,0.005694415193993838,3.061498942059551,7.285186551892755,0.010242804696200522,0.03757902439860247,8.89181462367227,4.192800004436144,0.048545718422477076,-0.012595517260674108,8.787918557351727,5.935248457326758,-0.18831246402761764,0.029865009920554044,8.428055545682057,8.097642079093513,0.010285815709611802,0.061430216517873545
359,4.818021256928289,5.856529423795994,0.02189543403030202,0.0023536391096820384,1.4844955473747032,6.776509906996919,-0.07359732394968342,0.04763831776311288,4.392485836524041,3.3461741754947716,-0.0021644174436464356,-0.026603122117257454,2.8812232479127604,2.178675999864476,0.01033662941047142,-0.00420171649683315,8.763558652912781,2.5137511910752885,-0.024364848039739782,-0.011562197566425155,1.1302599452772544,5.532822433301692,-0.12260435763178976,0.005905670935299487,3.062011082294361,7.287065503112685,0.014278413911698493,0.036657355261869654,8.894241909593394,4.192170228573111,0.04986255359495146,-0.00986282106274711,8.778502934150346,5.936741707822786,-0.18724009860954113,0.0285732726807462,8.428569836467537,8.100713589919406,0.014211386927744775,0.06337799032462432
360,4.8191160286298045,5.856647105751478,0.02213228537977502,0.0005839829805006534,1.480815681177219,6.7788918228850745,-0.06485401397501302,0.04922613986512313,4.392377615651858,3.344844019388909,-0.0012825201580658006,-0.02488090942267213,2.881740079383284,2.1784659140396343,0.010816656534757118,-0.003840965600908283,8.762340410510795,2.5131730811969675,-0.023418193287842923,-0.012911217850094388,1.124129727395665,5.533117716848457,-0.11500560286818655,0.006147184229467304,3.062725002989946,7.288898370875779,0.018083196317194135,0.0357471101003661,8.89673503727314,4.191677087519973,0.05097079337233765,-0.00740364946210729,8.76914092921987,5.938170371456823,-0.18576186504862138,0.02726672182406652,8.429280405813923,8.103882489435637,0.018315342926761537,0.0652542519686897
361,4.820222642898793,5.856676304900503,0.022311626442678423,-0.0011850871605167837,1.4775729804784685,6.7813531298783305,-0.05623078202759099,0.05044176737522373,4.392313489643954,3.343599973917775,-0.0004049874225988434,-0.02311630292449031,2.882280912210022,2.178273865759589,0.011293823381151657,-0.0034703382153441348,8.761169500846403,2.5125275203044626,-0.02249942158877199,-0.014211096339320491,1.1183794472522557,5.53342507605993,-0.10694332364379079,0.006413166720431538,3.063629162805806,7.290685726380797,0.021650589813826712,0.03485756041658662,8.899283576941757,4.191306905046868,0.051865551477615665,-0.0052474262916480195,8.759852835967438,5.939533707548026,-0.18391140979430506,0.025942127151297213,8.430196172960262,8.107145202034072,0.022577379384419352,0.0670620971663077
362,4.821338224220927,5.856617050542478,0.022415044599183052,-0.0029546648723373864,1.4747614413770889,6.783875218247092,-0.047753816898215534,0.051299831091665124,4.392293240272824,3.3424441587715505,0.0004607152809963181,-0.02131569969121251,2.8828456033790797,2.1781003488488215,0.011767217998589973,-0.0030923191087697784,8.760044529766965,2.5118169654874967,-0.021611552290313894,-0.015457024429386209,1.1130322810700661,5.533745734395952,-0.09846018496333273,0.006697970123041661,3.0647116922964974,7.292428604401627,0.024979818051098023,0.03399199787703894,8.901876854515638,4.191044533732285,0.052801962053720786,-0.0031888645865951666,8.750657265477722,5.940830813905591,-0.18172216732702087,0.0245963061469363,8.431325041929483,8.110498306892387,0.02697673302271071,0.06880486154241158
363,4.8224589764508865,5.856469317298861,0.022414616563327758,-0.004726946213592098,1.4723737505321781,6.7864402098016745,-0.03944806015049291,0.05181575190020392,4.392316276036874,3.34137837378699,0.0013074629624948457,-0.019485394718385077,2.883433964279009,2.177945732893383,0.01223598655053566,-0.0027090972617645898,8.758963952152449,2.5110441142660274,-0.020756588108533078,-0.016646723732745002,1.1081092718218994,5.5340806329021035,-0.08959993365584523,0.006995819492276998,3.0659606831990525,7.294128204295479,0.028072934409020575,0.033152894584365114,8.904516952618325,4.190885090502955,0.053806257477347685,-0.001208119725528825,8.741571157111371,5.942060629212937,-0.17922029141983817,0.023230471765504957,8.43267387858062,8.113938549969507,0.031492314973256025,0.07048604761493994
364,4.823579707279053,5.856232969988181,0.022318375551112143,-0.0064997582224498255,1.4704013475246536,6.789030997396685,-0.031337098087418795,0.05200580143812711,4.392381649184999,3.340404104051071,0.0021284696330890612,-0.017631572732961513,2.884045763606536,2.177810278030295,0.012693052475537758,-0.0023297743035857717,8.757926122747023,2.51021177807939,-0.019933542214029484,-0.017786765661483357,1.1036292751391072,5.534430423876717,-0.08041254821597249,0.007299216563824804,3.0673643299195037,7.295785849024697,0.0309431971957666,0.03233945854184769,8.907207265492191,4.190824684516679,0.05487147275948985,0.0007048740259374493,8.732610142540379,5.943222152801213,-0.1764310961653931,0.02184644008602369,8.434248494329282,8.117462852350254,0.036102920138618384,0.0721092264471729
365,4.8246956260566085,5.855907982077058,0.022134435989864316,-0.008270882861066864,1.4688344926202825,6.791631287468591,-0.023442975486863374,0.05188684373372833,4.392488072666654,3.3395225254144227,0.0029176928719148593,-0.015760196434593535,2.8846804162303132,2.1776937893151156,0.013111661483730774,-0.001985729844533388,8.756929445636322,2.509322439796316,-0.019135284028642827,-0.018901596315597843,1.0996086477283087,5.534795384704909,-0.07103554997025639,0.007571206457924338,3.068911489779292,7.297402821951789,0.033591309373615416,0.03155445316983007,8.909950839130167,4.190859928217976,0.05599046167576774,0.002554955819901359,8.723788587732109,5.944314474805514,-0.17338870596787762,0.02043766391079295,8.436053640336212,8.121068313672613,0.04078733597078029,0.07367808086109949
366,4.825802347856102,5.855494437934005,0.02187122523129746,-0.010038051241386936,1.4676623438459393,6.794225629655277,-0.015773814226735353,0.05158338058484385,4.39263395731025,3.338734515592693,0.0036702890565261798,-0.013876762116587497,2.8853359993044996,2.177594502822889,0.013494059180106622,-0.0016729323754464428,8.75597268143489,2.508377359980536,-0.018363960809701138,-0.019988840822523186,1.096056870229796,5.535173945027805,-0.06150826010285527,0.00780892889668444,3.070591055247973,7.298980544610281,0.036019466628668936,0.030800134550683127,8.912750362213956,4.190987676008971,0.05714958239937289,0.004332916738745105,8.715119152433715,5.945336358001054,-0.17003178988299203,0.0189404515790509,8.438093007134752,8.124752217715667,0.04552457939960662,0.07519632040766669
367,4.826895909117667,5.854992535371935,0.02153708420038983,-0.011799048864592121,1.4668736531346025,6.796804798684519,-0.008331250454533815,0.05125675954134802,4.392817471763076,3.338040677486864,0.004381751330719943,-0.011986700507140496,2.886010702263505,2.1775108562041168,0.013842506070818406,-0.001387590295859162,8.755054483394405,2.50737791793941,-0.01762165722965544,-0.021046141073500464,1.0929814572246532,5.535564391472639,-0.051868782373057906,0.008008888812747092,3.0723920285794066,7.300520551337815,0.038233364557264476,0.03008012287495278,8.915607841333925,4.191204321845908,0.05834047612393363,0.0060312946534718396,8.706617562939565,5.946283380580007,-0.16623797063431572,0.017429798399912003,8.440369236104733,8.128512033736051,0.050266243257901105,0.07667744861228061
368,4.827972763327686,5.854402582928706,0.02114052369535729,-0.01355156400178771,1.466457090611876,6.799367636661587,-0.0011324696794636248,0.05090449136426339,4.3930365593296115,3.337441342461507,0.005047993051038738,-0.010095418492591718,2.8867028275670457,2.177441476689324,0.014159168039645653,-0.0011259671396021882,8.754173400532922,2.506325610885735,-0.016910373396866973,-0.02207122873926694,1.0903880181060004,5.535964835913276,-0.04220003280221135,0.008173839207284391,3.0743036968072697,7.3020245574815625,0.040268765201209214,0.02939504622658335,8.918524865140121,4.1915058865785815,0.059498958332781626,0.0076070129147733576,8.69830566440785,5.947154870500002,-0.16203024518391917,0.01596801059867609,8.442882548267628,8.132345906166664,0.05498267647006217,0.07812902930436326
369,4.829029789512454,5.8537250047286165,0.020690041103370634,-0.015293357567239808,1.4664004671279027,6.8019128612298,0.0058068192943446645,0.05052412481257359,4.393288958982163,3.336936571536877,0.005665045293198581,-0.008208302842712739,2.887410785969028,2.1773851783323437,0.014445939769234162,-0.0008845968965818325,8.753327881863079,2.5052220494487716,-0.016232279292934592,-0.02306121746489937,1.0882780164658898,5.53637352787364,-0.03254743907033116,0.008300648589629919,3.07631713506733,7.3034943097928915,0.04217892531060996,0.028733673600383033,8.92149981305676,4.19188623722432,0.060578291906361416,0.009028843438532485,8.690204152148652,5.947953271029936,-0.1573377376487,0.014346039505557899,8.44563168209113,8.136252357631882,0.05965336609759036,0.07955633525980306
370,4.830064291567623,5.852960336850255,0.020193770223267522,-0.017022167005885647,1.46669080809262,6.804439067470429,0.012473174129378081,0.05011351525993685,4.393572211246823,3.3365261563947413,0.006229439811931606,-0.006330702329314091,2.8881330829574896,2.177340948487515,0.01470507655033062,-0.0006598712506150047,8.752516267898432,2.5040689885755265,-0.015589535213702377,-0.024012849484031748,1.0866506445123734,5.536788560303122,-0.02291064951001317,0.008380678005760775,3.0784260813328608,7.304930993472911,0.04396179746591868,0.028098123941473593,8.924528727652078,4.192337679396247,0.061568976981882885,0.010289690757449997,8.682337265266217,5.948670573005214,-0.1520826669474585,0.012340953225152378,8.44861435039601,8.140230174394873,0.06425950985529127,0.08095526940432977
371,4.831073980078786,5.852109228499961,0.019659853794582335,-0.018735880636919545,1.467314466799089,6.806944743233426,0.018850768302332642,0.04966840169602672,4.39388368323742,3.3362096212782757,0.006737968387232777,-0.004467839809394219,2.888868336785006,2.177307954924984,0.014938496907438736,-0.000448672133721892,8.751736791137747,2.502868346101325,-0.014984143130176718,-0.024922824934517692,1.0855051120368726,5.53720759420341,-0.013289480836974685,0.008405228163592756,3.0806241712061566,7.3063358996699845,0.04561588335537734,0.027490323969997395,8.927607176501171,4.19285216393412,0.062460244490151244,0.011382164640631808,8.674733131918844,5.949287620666471,-0.14630702567002607,0.010032107518868332,8.451827325888775,8.14427793786509,0.06866307232656184,0.08224113428277564
372,4.832056972768515,5.851172434468115,0.019102307104475944,-0.020427056447912262,1.4682570052142057,6.809428163318227,0.024999671001683953,0.04918996392028074,4.394220581656782,3.335986229287806,0.007187807994113918,-0.002624833086765148,2.889615261630378,2.177285521318298,0.015148147677268487,-0.00024787998780656257,8.750987583981237,2.501622204854599,-0.014417993999713118,-0.02578798663282926,1.084840637995024,5.537627855611589,-0.0036839285808673537,0.008365718229452387,3.0829049653739253,7.307710415868485,0.04712014253938022,0.026913358226321567,8.93073018872568,4.193421272166152,0.06324256029570563,0.012300121339317693,8.667417780635342,5.949789226042414,-0.14005603176257445,0.007623380819218045,8.455260479505103,8.148389994579228,0.07274281542875471,0.0833489124035616
373,4.833012088123739,5.850151081645719,0.018533051826961487,-0.022089872182656334,1.4695069887642898,6.811887661514241,0.031022013296138528,0.048699187983066244,4.394579972056488,3.3358549876334678,0.007576515587197299,-0.000806709813213684,2.890372669014241,2.1772731273189074,0.01533548470326851,-5.479918116751709e-05,8.750266684281252,2.5003328055229574,-0.013892839453809912,-0.02660508947858746,1.0846564415659805,5.538046141523062,0.005905445484531816,0.00825837747032033,3.0852609725008944,7.309056083779801,0.04841013271117034,0.02637058990252756,8.933892316740465,4.194036278233118,0.06390851554120047,0.013038968362193835,8.660414979047212,5.950170395083375,-0.13337632474205327,0.00516497141297329,8.458897620276542,8.152557440199406,0.0764440295485467,0.08428522509766412
374,4.8339387407150864,5.849046588036586,0.017962372743494957,-0.023721986868728208,1.4710580894290968,6.814322620913394,0.0368990893855207,0.04819313165010552,4.394958797835848,3.335814652142807,0.007901906656251904,0.0009815694146987422,2.8911394432494046,2.177270387359849,0.015502254401530724,0.00013328973647158942,8.74957204230856,2.499002551049028,-0.013410167373412307,-0.02737103994416232,1.0849517138402072,5.538459060396578,0.015381470887077746,0.00809434226319404,3.087681479136453,7.310374613274927,0.04949050079786601,0.025863248344413864,8.937087742517525,4.194688226651228,0.06445559491062625,0.01360269731124891,8.65374616281011,5.950428643654024,-0.12631526198885273,0.0026527807357477,8.46271982175397,8.15677170145429,0.07975184183695022,0.08504900623356593
375,4.8348368593522615,5.84786048869315,0.017394200780399292,-0.025318295927096415,1.4729030438983728,6.816732277495899,0.04263047719443966,0.04764516542875807,4.395353893168661,3.335863730613542,0.008162248941288945,0.0027352548518415915,2.891914555969481,2.177277051846673,0.01564993124195526,0.0003187806366565486,8.74890153393989,2.49763399905182,-0.012971285335415061,-0.02808293309474523,1.0857207873845611,5.538863777509738,0.024710473982704578,0.007873136504331843,3.0901560041763463,7.311667775692148,0.05036739650869193,0.025392222406245696,8.940310522263056,4.19536836151679,0.06485037733459934,0.014071145627927316,8.647430399710668,5.950561282690812,-0.11890456583998035,9.846969123352084e-05,8.466707413845818,8.161024151765968,0.08265379119791691,0.08563960532901478
376,4.835706569391282,5.846594573896795,0.01683568700493142,-0.026877095875639724,1.4750345677580947,6.819114535767337,0.048197232131611596,0.04706311838911514,4.395762005615725,3.336000493356134,0.008356132047401425,0.004449744274580144,2.8926970525315787,2.1772929908785055,0.01577988017090748,0.0005038505790377816,8.74825296967312,2.4962298523970827,-0.01257644740461653,-0.028738378411551666,1.0869563110836964,5.539257434334954,0.033864319888962206,0.007594216312991694,3.092674374001781,7.31293738681246,0.05104790907108607,0.02495814762254797,8.943553041129785,4.196071918798187,0.06508496817791923,0.01444464223207934,8.641485171418669,5.950566206175373,-0.11118184533617329,-0.0024979606029821586,8.470840103405713,8.165306132032418,0.08513963978864852,0.08605671392997397
377,4.836548353741528,5.845250719103013,0.016293476589925734,-0.0283968890545259,1.4774444293646753,6.8214676916867925,0.053594026286851656,0.046447971772641344,4.3961798122180955,3.336222980569863,0.00848260081015682,0.006120582235717438,2.893486046540124,2.1773181834074573,0.015893124153103334,0.0006903942462610862,8.747624147302888,2.4947929334765053,-0.012225552998178657,-0.029335107565318895,1.0886495270781444,5.5396371451506035,0.04280886706532329,0.007263027318531887,3.0952267694553353,7.314185294193588,0.051541149800060415,0.024561079872675168,8.94680728953868,4.196794150909791,0.06516839419150813,0.014721845297422542,8.63592607915186,5.950441308145224,-0.10321534630558322,-0.005093626095099564,8.475097085395145,8.169608967728918,0.08717491079249087,0.08631137973406953
378,4.837363027571024,5.843830874650286,0.015774005346901862,-0.0298762445797513,1.4801241306790178,6.823790090275424,0.05881593817914654,0.045800887497380774,4.396603942258603,3.336529009681649,0.008540180759654997,0.007742539917790554,2.8942807027477793,2.1773527031197704,0.01599088433870266,0.0008803197320173344,8.747012869652979,2.4933261780982394,-0.01191845496713465,-0.029871066803505375,1.0907899704314106,5.5400002965165305,0.05151354726971477,0.006883326848747448,3.0978038269453383,7.315413348187222,0.05193840022885623,0.02415726115172349,8.950065709248257,4.197530243174662,0.0651079215540932,0.01490651663374184,8.63076531183658,5.950186626840469,-0.09507211056253742,-0.007646120688064213,8.47945583093477,8.17392453671562,0.08850433763243858,0.08651101554987622
379,4.83815172783837,5.842337062421299,0.015282633968599288,-0.0313140325707684,1.4830649275879753,6.826080134650294,0.0638851906552427,0.045123363130033414,4.397030951296586,3.3369161366775386,0.008527085246668814,0.009309731362127923,2.8950802469647146,2.1773967191063712,0.016074047346796495,0.0010750143344136736,8.746416946904622,2.491832624758064,-0.011654742039435562,-0.030344390873258666,1.0933656477948963,5.540344462858968,0.05995493140639156,0.00645483031474264,3.100400746956781,7.316621211244808,0.05221835095190825,0.02371736820963763,8.953321105325962,4.198275569006349,0.06485543255353435,0.014966473440686523,8.626011706308454,5.949804320806066,-0.08706094381115269,-0.01017781922046673,8.483881047816391,8.178250087493115,0.0891409245518655,0.08665549919951378
380,4.8389158595368,5.84077136079276,0.014824562215216604,-0.032709264335532,1.4862591871207373,6.828336302806796,0.06872043008054425,0.04436110330955724,4.39745730555892,3.337381623245645,0.008443629430757521,0.010818482594304943,2.8958839493320543,2.177450469823092,0.016143364940967065,0.001275881731193032,8.74583420980265,2.490315405214401,-0.01143388149856871,-0.030752819268425657,1.0963633943652158,5.540667204374706,0.06811091658295483,0.005977803678961709,3.1030116645043764,7.31780707965529,0.052378561904070996,0.023240614265106548,8.95656387695364,4.199023892678384,0.06438099373722538,0.014887350259628429,8.621658659117896,5.9492954298450424,-0.0793318411400063,-0.01261456308339369,8.488338094043984,8.18258286245309,0.08911327358462516,0.08673969498031443
381,4.839657087647561,5.839135897575984,0.014404443719394651,-0.03406112142776351,1.4896952086247646,6.830554357972273,0.07330874385381868,0.04350973338098864,4.397879487030457,3.3379225473753604,0.008290296854601859,0.012265352284276151,2.8966911175791026,2.1775142639096514,0.01619947116562317,0.0014841728864791654,8.745262515727722,2.4887777642509796,-0.011255247123234925,-0.03109395478798236,1.0997689401943636,5.540966094558653,0.07595726159037441,0.00545359251626046,3.1056305925995797,7.318969110368545,0.052415880744693895,0.02272572377873205,8.9597829266405,4.199768260191365,0.06369752143168911,0.014682136426959468,8.617692067060895,5.9486647016908725,-0.0719149662246449,-0.014965598447365877,8.492793757723215,8.186919847202105,0.08845365170516674,0.08675871457362451
382,4.8403773098335305,5.8374328415045955,0.014026485078938451,-0.03536893627544146,1.4933606458174555,6.832729844641323,0.07764823691989114,0.04257133024023513,4.398294001873188,3.3385358149895743,0.008068055348621367,0.013647195541971588,2.8975010911373835,2.1775884725539756,0.016239300851907237,0.0017014263451653384,8.74469975337156,2.4872230665115804,-0.011117998487942872,-0.03136562668198879,1.1035668032738823,5.541238774184467,0.08347293940008968,0.004882073892059043,3.108251386636814,7.320105396557481,0.052327687104581015,0.02217160449539863,8.962967802712084,4.200502367012713,0.06281812865877613,0.014363071017246975,8.614096318749663,5.947916421768504,-0.06480852347514462,-0.01724330668721926,8.497216440308472,8.191257782930787,0.08719681065656845,0.0867077247849004
383,4.841078634087477,5.8356643946908235,0.01369449801088139,-0.03663214077179532,1.4972430576634501,6.834858411153334,0.08174202920938661,0.0415513044989262,4.398697404640619,3.339218174766673,0.007778360756264685,0.014961035115384722,2.898313056179979,2.177673543871234,0.01626238163300942,0.0019284266533884072,8.744143853447163,2.485654785177481,-0.011020909972184358,-0.0315661067882755,1.1077404502438868,5.541482877879069,0.0906388377827534,0.0042644458597174435,3.1108677709920434,7.321213976782251,0.05211189780139746,0.02157713361261033,8.966108709145024,4.2012205205635755,0.061755891559963076,0.013942019848432673,8.610855892575906,5.947054256434143,-0.058016438602422,-0.01945530602161419,8.5015762808413,8.195593169170031,0.0853632015375108,0.08659397280116468
384,4.841763358988021,5.833832787652233,0.013411932879097905,-0.03785035046686631,1.5013301591239194,6.836935976378281,0.08558806436206033,0.040453444404766364,4.399086322678432,3.339966226522442,0.007422895418630599,0.016204252870493794,2.899126175261629,2.177769965203903,0.0162688930679221,0.0021655753974425458,8.743592807948554,2.4840764798380675,-0.010962398700111566,-0.031693930683584615,1.1122723921330244,5.5416961001720555,0.0974373428207764,0.003602314764412358,3.1134733658821134,7.322292833462881,0.0517679920395595,0.02093901350339495,8.969196503723023,4.201917621555997,0.060526400475149005,0.01344770265026046,8.607955070645785,5.946081491133062,-0.05154439192912411,-0.021606598770363448,8.505844440918176,8.19992286781009,0.08292369332291787,0.08646408956537857
385,4.842433955631976,5.83194027012889,0.013181696155078854,-0.039023309060681875,1.5056095623420225,6.838958648598519,0.08914786795223882,0.03927579790563922,4.399457467449364,3.3407764391659667,0.0070037507136926636,0.017374473189675475,2.8999396199150254,2.177878243973775,0.016259017695869907,0.002413087154048946,8.743044688013548,2.4824917833038884,-0.010940554715388474,-0.03174814806382331,1.1171442592740632,5.541876215910276,0.10385236424030155,0.002897430002467945,3.1160617654840914,7.32333978413805,0.05130477864050688,0.020240674076504934,8.97222282374678,4.20259000668851,0.059145461066012234,0.012909102181252373,8.605377851049328,5.9450011611945435,-0.04539658297500443,-0.023701919777436374,8.509990625584322,8.204246072288358,0.07992576111235325,0.0863099338281238
386,4.84309304043973,5.829989104675856,0.013003567301638569,-0.04015588364501697,1.5100669557396345,6.8409224384938,0.09242775918985537,0.03802238160954456,4.399807654985048,3.3416451628254507,0.006523270594106673,0.018469620341175462,2.9007525707998187,2.1779988983314778,0.016232818101729853,0.0026710200377362634,8.742497660277778,2.4809043759006975,-0.010953088082068619,-0.03172829400548638,1.1223368774860782,5.542021087410399,0.10986898262621253,0.0021519351059219385,3.118627004416117,7.324351817841875,0.05070289727055849,0.01949558598165952,8.97518009680008,4.203235461797573,0.05762574006462559,0.01233335982291056,8.603108021900578,5.943816065205672,-0.039426384686444514,-0.02568599542055857,8.51398691363994,8.208561568979764,0.07641782697417443,0.08612336657515629
387,4.843743218804812,5.827981310493605,0.012877731838233913,-0.041251571522403774,1.5146883436991272,6.8428235575742775,0.09543409751797846,0.03669713463844399,4.400133818514754,3.3425686438425095,0.005984075429068564,0.019487904323005345,2.901564211704905,2.1781324493333645,0.016190334518637165,0.0029392764458986784,8.741950005873674,2.4793179612004232,-0.010997468955510315,-0.03163425600771719,1.1278303266173888,5.542128684165695,0.11547378618837684,0.0013680394978842284,3.1211621492796446,7.3253265971409585,0.049969139133928434,0.01870081513365351,8.978061383803311,4.203852129788719,0.05597971495831475,0.011729937812593115,8.601136702666256,5.942531765434644,-0.03360279072723221,-0.027554665295524715,8.517807804988648,8.212867737308523,0.07244780633725827,0.08589532043824806
388,4.8443871053967245,5.825918731917485,0.012806009196646656,-0.04231040249516469,1.519460048575026,6.8446584143062,0.098175743539583,0.03530463872687559,4.400433022286207,3.34354303905866,0.005389099257217406,0.02042775976818171,2.902373728430837,2.1782794131556593,0.016131287549819455,0.0032175605904864934,8.741400132425898,2.4777362484000376,-0.011071111984246429,-0.03146619946612903,1.1336040159268077,5.542197086140589,0.12065792736233562,0.0005679340341708208,3.1236606062363412,7.326261637897641,0.04910406376921953,0.017857865851275554,8.980860369551227,4.204438626679348,0.05421966467643246,0.011108428027760518,8.599456563129895,5.941154032169868,-0.02792691086134743,-0.029312714165194154,8.521430195305511,8.217162503330435,0.06806364368774598,0.08561670944600268
389,4.845027405856557,5.823803211792727,0.01278964734912678,-0.04333250098799568,1.524368835752005,6.846423646242544,0.10066363470698526,0.03384985186369757,4.400702477249068,3.344564427047069,0.00474158382617092,0.0212879603111383,2.9031802928083277,2.1784402911851837,0.016055571397032245,0.0035053211285355356,8.740846576826685,2.476162938426731,-0.011171172536605056,-0.03122469623024502,1.1396369122949246,5.542225482842297,0.12540715095223276,-0.0002521166338005519,3.1261158094248023,7.327154531190205,0.048105769788263454,0.01696801367392384,8.983571352785049,4.204994048080736,0.05235781934702858,0.010477907510754001,8.598060217586827,5.939688396461608,-0.022377998574589008,-0.030950039042277454,8.524833377489898,8.221443338802736,0.06331368509807293,0.08527841781305982
390,4.845666888224014,5.8216365867433275,0.012829358571179355,-0.04431808716555339,1.5294020174873544,6.848116138835729,0.10290372328902414,0.03233649486886005,4.400939556440377,3.345628825062626,0.004044870721326826,0.022067542638370064,2.903983071378179,2.1786155572416104,0.015962931250419123,0.0038019210354047683,8.740288018199855,2.474601703615219,-0.011294725887172874,-0.030910568087463466,1.1459072698425363,5.542212877010607,0.12971080225528567,-0.001095001096127317,3.1285210979142155,7.328002931873901,0.04696818496787371,0.016028948921613325,8.986189243752401,4.2055179434562735,0.05040618856096729,0.009847304292302858,8.596941317658098,5.938140894509494,-0.016957470594857447,-0.03247286199976337,8.527999061744802,8.225707259693388,0.05824598979332154,0.0848712209988655
391,4.846308356152573,5.81942068238505,0.01292571432233616,-0.0452674791676293,1.5345472036518055,6.8497329635791715,0.10490244137192896,0.030768425746128363,4.401141799976443,3.3467322021945445,0.0033025153597459776,0.02276579480033484,2.9047812179407,2.178805653293381,0.01585307281204651,0.004106508709731963,8.739723281905496,2.4730561752108455,-0.011438683770292456,-0.030524956839260844,1.1523928099553007,5.542158126955801,0.13356177751542417,-0.0019581407068648793,3.1308695071626094,7.3288043793199815,0.0456811519315225,0.015049846984349122,8.988709553180449,4.206010308670889,0.04837667685592636,0.009225107563939225,8.596093444128355,5.936517251409506,-0.011673572852228396,-0.03389033076737654,8.530911361234468,8.229950820743332,0.05290826607622807,0.08438611495348526
392,4.84695464186869,5.817157308426668,0.013078803264506304,-0.046181111735601243,1.539792325720402,6.851271384866478,0.10665752137149503,0.029145700281724734,4.40130692574443,3.3478704919345614,0.002518369691596983,0.023382298446932105,2.905573871581302,2.1790109787288676,0.01572562578805874,0.004418178905974594,8.739151347716982,2.4715299273688824,-0.011599938921325858,-0.030069339912486462,1.1590708988310718,5.542060219920458,0.1369546486121544,-0.002838098140654848,3.1331535647591853,7.329556871669199,0.044242869128821506,0.014036729421369663,8.991128387023245,4.206471564049086,0.04627393376672729,0.008613439996075164,8.595509765485744,5.934822734871137,-0.006534099026535265,-0.03521093751688135,8.53355677453828,8.234170126491007,0.0473680467543811,0.0837731643956424
393,4.847608582031915,5.814848252839888,0.013288451054103815,-0.0470594751176725,1.5451252017889767,6.852728669880564,0.10814465912128618,0.027458807064459127,4.40143284422901,3.349039606856908,0.0016964115818605405,0.02391689488079515,2.9063601528707053,2.1792318876741663,0.015580219139542086,0.004735904934126404,8.738571350770915,2.470026460373258,-0.011775283492797073,-0.029545409357276946,1.1659186312616796,5.541918315013425,0.1398855978679785,-0.0037328997386970974,3.1353657082156263,7.330258708140268,0.042659975027082575,0.012991540834210745,8.993442083711582,4.20690223604889,0.04404792640948756,0.007970968747791182,8.595183060534417,5.933062187995293,-0.001541229157660715,-0.03644594305579198,8.535925176875999,8.238358784710789,0.04168047282972042,0.08302861870306445
394,4.8482730045846205,5.812495279084004,0.013554002785094225,-0.04790310203035575,1.550532434745041,6.854101610233787,0.1093747287436836,0.025713239034876628,4.401517664808103,3.350235451600948,0.0008407746126518231,0.024369669783600837,2.9071391638276824,2.1794686829208727,0.015416457240666849,0.005058534934427109,8.737982586596274,2.468549189905394,-0.011956771067970452,-0.028960812449556977,1.1729129111550785,5.54173167002649,0.14235339221180765,-0.004649352723954008,3.1374987069669804,7.3309082851819785,0.04093939941131891,0.011916210923246972,8.995644480032055,4.2073007844862795,0.0417086240335749,0.007303813725989591,8.595105999076534,5.9312398908425035,0.003326311142231711,-0.037622338602436904,8.538009200517484,8.242510215645941,0.03588675867893402,0.08215061443897796
395,4.848950704723875,5.810100123982486,0.013874433257587396,-0.04871271517996889,1.5560011711822253,6.8553872721855305,0.11034176753903559,0.023895678838953778,4.4015597035387355,3.351453935090128,-4.4351009501459064e-05,0.024740973309354156,2.907909986689716,2.179721609667594,0.015233935524906619,0.005384884264561799,8.737384748042876,2.4671011492829162,-0.012137318379872497,-0.028322212988612445,1.1800305807656688,5.541499202390292,0.14435697030843583,-0.005582530027476833,3.1395456769375465,7.331504095728141,0.03908859584235967,0.010812750600181453,8.997729911233733,4.207665975172579,0.03935549263501628,0.006641268378403316,8.595272314633645,5.929358773912382,0.008059343875433691,-0.03874566962395442,8.53980353845143,8.24661774636789,0.030021649339577596,0.08113906894850445
396,4.849644426386755,5.807664488223487,0.0142483104699926,-0.04948902903062504,1.561518259559177,6.856582056127478,0.11105568701471022,0.02201024497138004,4.401557485988261,3.3526909837555956,-0.0009547087679042835,0.025031423506998687,2.908671683465961,2.179990853880822,0.015032310520495876,0.0057136788752484,8.736777882123883,2.4656850386334854,-0.012314564712041077,-0.027631224770200642,1.1872484292810905,5.541220075888918,0.14589592759133665,-0.006528151290712641,3.1415001067296644,7.33204473325815,0.03711549099290193,0.009683143954627148,8.999697685865485,4.207998038591499,0.036991312397961454,0.005986246627103816,8.595675281827416,5.927421490431184,0.0126488270173328,-0.03980913672049177,8.541304620918408,8.250674699815315,0.024124567323705593,0.07998978420200659
397,4.850356841910254,5.805190036771956,0.014673923023946725,-0.05023282817502719,1.5670710439099125,6.857682568376047,0.11152702266420057,0.02006182706193666,4.401509750549866,3.3539425549309456,-0.0018842435757055302,0.02525279527410981,2.909423298991986,2.1802765378245845,0.014811116566147312,0.0060435210375669275,8.736162153888282,2.4643034773949752,-0.012486191816323456,-0.026889651952413114,1.1945432256606574,5.540893668324383,0.14690644872011036,-0.00738965028360276,3.1433558812793096,7.332528890455881,0.035028287207124836,0.008529500245951048,9.001547251485382,4.208297350922854,0.03461901363575919,0.005341453032847773,8.596307723178283,5.92543103359516,0.01708550582924057,-0.04078946576838029,8.542510849284593,8.254674189025415,0.018233281114479936,0.0786990200080247
398,4.8510905380614515,5.802678395363205,0.015149271183617554,-0.050944989173982554,1.5726473950431226,6.858685659729144,0.11176713289762667,0.01805558296130638,4.40141553837108,3.3552051946946513,-0.002826068116201403,0.025424589026925383,2.9101638548202935,2.180578713876463,0.014569807534303173,0.006372980985100833,8.735537844297466,2.4629589947973547,-0.012649956322901902,-0.026099338973042757,1.201888548096663,5.540524185810203,0.14735539500237793,-0.008113735936803507,3.145107295639666,7.332955365468179,0.03283542226755441,0.007354123193673722,9.00327820216717,4.208564423574496,0.03225024570370181,0.004705393009167443,8.597161998469746,5.923391560306741,0.021362669945742378,-0.04169332131196392,8.543422513340317,8.258609140025817,0.012384341770193017,0.07726356553885055
399,4.851848001620632,5.800131145904506,0.015671891042001687,-0.05162645042811733,1.578235751688004,6.859588438877209,0.1117875106080883,0.01599679215090017,4.40127423496527,3.3564764241459977,-0.0037756353000535986,0.025547800523900654,2.910892345197009,2.180897362925718,0.014308021326746448,0.006700492605808643,8.734905346481321,2.4616540278487027,-0.012803655840151962,-0.02526237418326476,1.209256317846782,5.540118499013363,0.14725242723347037,-0.008707064273057268,3.1467490667530438,7.333323071627863,0.030540130471227774,0.006162614889345996,9.004890714452355,4.208799693224955,0.029890859170203045,0.004080816565361153,8.598230131967034,5.921306894241143,0.025466084287549744,-0.0425079799947573,8.544041730428827,8.262472318302759,0.0066124540952653054,0.07568068913224055
400,4.852631596172732,5.7975498233830995,0.016240816258795702,-0.05227789515567225,1.5838251272184083,6.860388278484754,0.11159924225951366,0.013890682144329354,4.401085453200268,3.3577538141721925,-0.004728548539651873,0.02562346837015007,2.9116077462633463,2.1812323875560082,0.014025249813880428,0.007024538216422764,8.734265163689313,2.4603909091395395,-0.01294527871131247,-0.024380990522084027,1.2166189392084554,5.53968314579971,0.1466091243606934,-0.009177118655515598,3.1482760732766053,7.33363120237233,0.028150537421343932,0.00495836609219753,9.006385257410864,4.209003734053223,0.02754348967814906,0.0034753881136889565,8.599503436181411,5.919181495241405,0.02938784900405575,-0.043233163118479974,8.544372353133591,8.26625635275937,0.0009487108526438836,0.07394923920783116
401,4.853443636985672,5.794935928625316,0.016855878450878107,-0.05289988848318559,1.589405089331384,6.86108281259197,0.1112129475369566,0.011742371117934986,4.400849025773285,3.3590349875907,-0.0056804462651147865,0.025652704198119457,2.91230900875404,2.1815836144668292,0.013721216579164967,0.007343685815352467,8.733617899753748,2.459171859613435,-0.013072755165093599,-0.02345760831060746,1.2239493954264902,5.539224289866935,0.1454386035037169,-0.009531444682961094,3.1496836001476725,7.33387912067694,0.025676305775879035,0.003742826685212485,9.007762431894772,4.209177503458907,0.02521068197334273,0.0028903444505299436,8.600972828631614,5.917019837085482,0.033122606755282176,-0.043873074347270856,8.544419788676223,8.269953814719763,-0.004576646796086395,0.07206803410353972
402,4.854286430908216,5.792290934201157,0.017521218650944675,-0.05348739009288352,1.594965736708232,6.861669931147867,0.11047994898701839,0.009527021629974647,4.400565003460029,3.360317622800606,-0.006627061528934481,0.025636696004340185,2.9129950695829985,2.181950798757597,0.01339561465867947,0.0076564922251361285,8.732964261995493,2.457998979197905,-0.013184135384553132,-0.022494646752354887,1.231221325601676,5.538747717632787,0.14375577625454755,-0.009778125467000293,3.150967415436466,7.3340662620112,0.023127890934584745,0.002518190864376656,9.00902296599344,4.209322020681434,0.022894780753497913,0.002326900765579473,8.602628958969378,5.914826183368118,0.03666563722589184,-0.04443204917397929,8.544190956336418,8.27355721642494,-0.0099339484038144,0.0700359001666577
403,4.855162491840763,5.789616564696512,0.01824094063878819,-0.05403519202892881,1.6004897341575828,6.862146282229366,0.10938360760058098,0.007245610824093624,4.400233650383583,3.361599457600823,-0.007564282355679515,0.025576650034900516,2.9136648503159326,2.1823336233688537,0.013048178811754688,0.00796152320900884,8.732305055226265,2.4568742468602873,-0.013277545921199976,-0.02149471206041911,1.2384091144144034,5.538258811359436,0.1415737824571261,-0.009924982615502315,3.1521238099831956,7.334192171554419,0.02052632961177648,0.0012908765598162331,9.010167705031115,4.209438365719713,0.020600866569523646,0.001785979440715443,8.604462240830673,5.912604580909418,0.04002156610884835,-0.04494142772082818,8.543694258916227,8.277059011433273,-0.015095873436549272,0.06785217727574422
404,4.8560745388727025,5.786914805095066,0.01901123791278168,-0.054544276277844125,1.6059589145376119,6.862508562770571,0.10794236170197659,0.00490527114109735,4.399855436265798,3.362878290102568,-0.008454472137464527,0.02540972325744456,2.9143172592565203,2.1827316995293042,0.01267871979364346,0.008257367627005545,8.731641177930205,2.4557995112572666,-0.013351292885535417,-0.02046043838757017,1.2454878035372596,5.537762562228662,0.1389069018942246,-0.009980015834316375,3.1531501264637845,7.33425671538241,0.017894483168957837,6.840960299216874e-05,9.011197748359592,4.209527664691748,0.018351067645792796,0.0012684626246805297,8.606463319136115,5.910357509523377,0.04318645241954495,-0.04540359119337631,8.5429394652444,8.280451620297061,-0.02003779474518594,0.06551690845790221
405,4.857025100768341,5.7841875912811735,0.01982803798557087,-0.05501554361482364,1.6113560326227108,6.8627538263276255,0.10615442091668778,0.002510638332233233,4.399432712658925,3.36414877626544,-0.00923973315752888,0.025030189308136462,2.9149511952462026,2.1831445679106545,0.012287306149687276,0.008542390821743276,8.73097361328593,2.4547764893378883,-0.013403717033260522,-0.01939473369541505,1.2524331486319709,5.537263561436946,0.13577118833185525,-0.009951661410031603,3.1540448506222325,7.33426013586256,0.01524225268268407,-0.0011475149990097368,9.012115301741883,4.209591087822982,0.016156001059655978,0.0007691349110568867,8.608622641757092,5.908087329963708,0.04615673440792729,-0.045820075156284695,8.541937575507141,8.283727465719956,-0.024737622103312578,0.06303065828087642
406,4.85801650266762,5.781436814100433,0.020687191628821336,-0.05544960685012144,1.616663753668545,6.862879358244237,0.10401387842441731,6.596556143502637e-05,4.398970726001048,3.3654002857308467,-0.009926273239625935,0.024447549947336077,2.915565560553687,2.1835716874517415,0.011874068265046582,0.008814277897830573,8.730303427434267,2.4538067526531173,-0.013433518610590157,-0.01830056406008938,1.2592217080485637,5.536765978366445,0.13218405079664083,-0.009846141316683725,3.154806963256367,7.33420276011261,0.012579256107447749,-0.0023553102725223387,9.012923101794865,4.209629544568535,0.014016682325248553,0.0002876625138337717,8.610930478477488,5.905796326205894,0.04892931598522831,-0.046192015846377436,8.540700694401975,8.286878998634,-0.029175467676141827,0.06039481497409656
407,4.8590508622490605,5.778664333757926,0.021584187515981637,-0.055847200983513416,1.621864447589766,6.862882656522309,0.10153672577882938,-0.0024217007846977293,4.398474412339067,3.3666226632282137,-0.010520718930138591,0.02367260029798722,2.9161592639669394,2.184012401346633,0.0114392959673066,0.009070389859620002,8.729631751503737,2.452891724450113,-0.013439435861700233,-0.017180930575457602,1.2658309105883958,5.53627367130061,0.1283638300430903,-0.009623209770524636,3.155435926061739,7.334084994598983,0.009914934073923236,-0.0035534764156714763,9.013623935911127,4.209643927694226,0.011930705650095774,-0.0001714968846176758,8.61337694427675,5.903486725413575,0.051499094621326215,-0.046520448126016384,8.539241921018169,8.289898739382705,-0.03333149429283437,0.05761094502213313
408,4.86013007162486,5.7758719737087505,0.022514246099598848,-0.05620925102786374,1.6269412838787074,6.862761571483074,0.09874064395273857,-0.004947270469501216,4.39794837639256,3.367806293243113,-0.0110293965170517,0.02272010736426687,2.916731228765305,2.1844659208396138,0.010983285789575086,0.009308283661733833,8.728959779710651,2.45203267792134,-0.013420297555320915,-0.01603886003988722,1.2722491020905504,5.535792510812084,0.12431655880631298,-0.009293126954452828,3.155931672765435,7.3339073207781995,0.007258482833741312,-0.004741171512849697,9.014220471193632,4.209635352849995,0.009896300403718783,-0.0005975242962126628,8.615951899007817,5.901160703007275,0.053885090158368835,-0.04682395374321026,8.537575346303527,8.292779286633811,-0.03737672779581842,0.054945092825618526
409,4.86125578392984,5.7730615111573576,0.023472211577899898,-0.056536792963121356,1.6318783160763444,6.862514207959599,0.09562684813584023,-0.007519184441998202,4.397396906566708,3.3689422986113264,-0.011459171710385326,0.02160371618604636,2.9172803930547837,2.1849313350227004,0.010506389399256216,0.009525362031775978,8.728288764832886,2.4512307349193456,-0.013375021867149528,-0.014877522675422222,1.2784649300308661,5.535327854464361,0.12006018031956048,-0.008833760895522073,3.1562945969071223,7.333670262202557,0.004618993585346346,-0.005917524591185221,9.014715286213818,4.2096054766351845,0.007911540611033274,-0.0009906052404080525,8.618646153515735,5.898819505320114,0.05608899462320972,-0.047104871435208445,8.535706509913735,8.295526541275093,-0.04118121068797406,0.05219204275908782
410,4.862429394508735,5.770234671509201,0.024446915530569994,-0.05682802635648501,1.6366596584831363,6.862138248737499,0.0922514713748806,-0.010098582895233828,4.396823947981188,3.3700224844206286,-0.011817199302686694,0.02033597354105091,2.9178057125247463,2.1854076031242893,0.010009080653275954,0.009719026963933822,8.727620013739529,2.4504868587855744,-0.013302567951076682,-0.013700008237836153,1.284467939046844,5.534886166419585,0.11560984384836048,-0.008232019456790522,3.1565255465863897,7.333374385972998,0.002005584349272852,-0.0070850859844163745,9.01511086324437,4.209555946373164,0.005974601252322032,-0.0013510928980072037,8.621450603246895,5.896464261748354,0.05810905042388607,-0.04736289572820646,8.533647449379338,8.298136143413048,-0.04465716246388253,0.04935697521123006
411,4.863651740285263,5.767393270191377,0.0254249409520702,-0.057080188160140335,1.6412722320518804,6.8616333195927375,0.08863756278599434,-0.012674497270717818,4.396233088016054,3.371039283097681,-0.012110658673419001,0.018930474503695723,2.91830616655741,2.185893554472486,0.00949184532948922,0.009886776541601387,8.726954885341975,2.4498018583736827,-0.01320208308815306,-0.012509460872140915,1.2902484312392621,5.534474565446746,0.11097207908154816,-0.00750326871568127,3.1566258258038533,7.333020131673777,-0.0005693515787142472,-0.008249863095678458,9.015409593306986,4.2094883917282635,0.004083783222679926,-0.0016792740930800334,8.62435605576809,5.8940961169619435,0.05995894092419315,-0.047514286555001714,8.531414591256143,8.30060399217361,-0.04780181672296818,0.04644389803561284
412,4.864922987332867,5.76453926078337,0.026401148431904758,-0.05729466827989769,1.6457041101911802,6.8609995947292015,0.08480089338565998,-0.015242267416551311,4.395627555082383,3.371985806822866,-0.012346601797117236,0.01740145266315317,2.9187807588238845,2.1863878932995657,0.008955286179866302,0.010026491819656905,8.726294781187567,2.449176385330076,-0.013072729833119566,-0.011308953942832739,1.2957970351933394,5.534099402010962,0.10617397409499973,-0.006701152899058298,3.1565973582249174,7.3326076385189936,-0.0030509540835636814,-0.00940209640944756,9.01561378246812,4.20940442802361,0.0022371080204294453,-0.001976075677852799,8.627354002814299,5.891720402634193,0.06164757888117004,-0.04756003188004365,8.529024500419995,8.302926187075391,-0.050612280404785236,0.04345738998654201
413,4.866243044754462,5.761674527369375,0.027370375462778058,-0.05747299966107335,1.6499441548604632,6.860237481358374,0.08075758250499897,-0.017797095158829886,4.395010224992527,3.3728558794560235,-0.012531940577401163,0.015763840193658826,2.919228523132878,2.1868892178905486,0.008400169124092567,0.010136024795714285,8.725641144695912,2.4486109376329344,-0.01291393449127024,-0.01010152654173711,1.3011057338980894,5.533764344366009,0.1012345643770823,-0.005887024511338905,3.156444810520739,7.332137533698521,-0.005431102032424804,-0.010540955931045183,9.015725637869142,4.209305624239717,0.0004326209857509859,-0.00224239470222937,8.630436381758358,5.8893424010401905,0.06316366958716083,-0.047495367051219775,8.526493886399756,8.305099056574718,-0.05308719228825863,0.04040215107652261
414,4.867611563527601,5.758800877386322,0.028327183865912403,-0.05761687434216243,1.6539820339857132,6.8593476266004325,0.0765320516570919,-0.020333820970490177,4.394383627963657,3.3736440714657063,-0.012673124236835483,0.014034167791515348,2.9196485315890826,2.1873960191303343,0.007818723206605422,0.010203278701295596,8.724995447971349,2.4481058613058475,-0.012725165091150459,-0.008890165234086304,1.3061674621169435,5.533469993140442,0.09614361506522984,-0.005086649895401433,3.1561732554191178,7.331610485901969,-0.00771019477641761,-0.011667101781912216,9.01574726891843,4.209193504504606,-0.0013314388260795347,-0.0024790969236751096,8.633594565237717,5.88696763268763,0.06450892555811572,-0.04732399649138211,8.523839526785343,8.307119164128544,-0.05522698823235329,0.03728314674499347
415,4.869027922720896,5.755920033669214,0.029266280003793683,-0.05772796162574765,1.6578086365685678,6.858330935551908,0.07216190802003078,-0.022843804413213927,4.393749971751815,3.374345779855282,-0.012775867370738032,0.012232853400319574,2.920039467749413,2.187906183065399,0.007207884003605353,0.010222563535274924,8.724359189716791,2.4476613530441433,-0.01250599396943396,-0.007677701985565215,1.310974642870205,5.533215660645672,0.0909093419146666,-0.0043069140862093715,3.1557877456802967,7.331027130812873,-0.00988868903613269,-0.012781000368394026,9.015680696977126,4.209069549658422,-0.0030568431631280654,-0.002687262676376571,8.636820011515622,5.884601432863061,0.06568568590381312,-0.04704844670987336,8.521078177373726,8.308983321465794,-0.05703368883452709,0.03410543798508957
416,4.870491236721086,5.753033635587927,0.030182555013306585,-0.057807960995083944,1.6614167319695694,6.857188745331248,0.06761395851219826,-0.02532787324650546,4.393111178383278,3.374957422525298,-0.012849519712699892,0.01037304710856056,2.9203998619495932,2.188417311242163,0.006570279334868896,0.010195084053624407,8.72373389001832,2.4472774679448652,-0.012256166316264328,-0.006467057051238805,1.3155201099659382,5.533000314941361,0.08552736472905964,-0.0035456348552720097,3.15529331122849,7.330388080794453,-0.01196666974818885,-0.013882901284940609,9.01552785481897,4.208935186524603,-0.0047451510593845125,-0.002867996124736686,8.640104295810813,5.882249010527567,0.06670252586999105,-0.04664881866111068,8.518226492932,8.310688593365049,-0.05851065803191956,0.03087426870169952
417,4.872000364471751,5.750143237538173,0.031070987948186843,-0.05785858756800395,1.6647974298951793,6.855922351668923,0.06291676344419651,-0.027715589308872423,4.392468702397643,3.375476074880726,-0.012899216202868463,0.00847186215481138,2.9207283759163367,2.1889270654448443,0.005908366401876914,0.01012245926896295,8.723121081702507,2.446954115092303,-0.011975414655798133,-0.005260975224998981,1.3197964782023912,5.532823033198598,0.08000005875350327,-0.002804887189285591,3.1546949777410807,7.329693935730206,-0.01394898053503215,-0.014986029312111505,9.015290597266,4.208791786718367,-0.0063980515614701985,-0.003022325460519363,8.643439422104313,5.879916569594512,0.06756017933883833,-0.0461271240251383,8.515300960030403,8.312232306800134,-0.05965240847192105,0.027604057258394505
418,4.873553913869161,5.747250308159773,0.031926707618840186,-0.05788159073937665,1.6679432680673891,6.85453657220348,0.05809642368997269,-0.029957724937930308,4.391823741587499,3.3758996679884667,-0.012929700625909807,0.006546131263285634,2.9210237942364308,2.1894331884082923,0.005224746202315795,0.010006276160778463,8.722522310969717,2.446691066331053,-0.011663716636293587,-0.004062028447267801,1.3237964811400664,5.532682788839134,0.07433736529768796,-0.0020903961143807913,3.153997528714329,7.328944634264601,-0.015855854193331596,-0.016090695139117605,9.014970694687927,4.208640670445341,-0.008017063097710777,-0.00315136752575608,8.646817431071256,5.877610213393255,0.06825769896903204,-0.045478642859148065,8.512318339606807,8.313612509663054,-0.06046617466829117,0.024300606912401462
419,4.875150249250103,5.744356228622804,0.03274526900888249,-0.05787859958010473,1.6708480892518878,6.853038685956583,0.05317415626789265,-0.03204573822928926,4.391177256556204,3.376226974551631,-0.012945333806647303,0.004612541499346253,2.9212850315465464,2.189933502216331,0.004521850605692374,0.009848070287911207,8.721939125137903,2.4464879649086897,-0.011321147881143745,-0.0028728445378217995,1.327513349404951,5.532578269033415,0.06855044980169625,-0.0014075208331809784,3.1532047360046627,7.328140099507645,-0.01768713724112689,-0.017196427889265186,9.01456984153304,4.208483102069053,-0.009603674294109512,-0.0032563442156647335,8.650230316019707,5.875336281250298,0.06879814508655237,-0.04471193140989749,8.509295030873393,8.314827540008674,-0.060960259548047145,0.02096932902040794
420,4.876787512700547,5.741462298643799,0.03352230384290978,-0.057851271100768153,1.6735067970652824,6.851436399045118,0.04816726515139275,-0.0339748490767028,4.390529989865871,3.376457601626598,-0.012949879778398515,0.002687224301308152,2.9215111240768312,2.1904259057307267,0.0038021904576678147,0.009649632758295149,8.721373067743846,2.4463443226817985,-0.01094777619063204,-0.001695851640877515,1.3309408718950357,5.532507892991756,0.0625893576127419,-0.000799487379135325,3.152320379142606,7.327280278113182,-0.01944258157408416,-0.018302647162325745,9.014089657818335,4.20832028485827,-0.011145295904631782,-0.0033384446487293583,8.653670223274034,5.873100684679803,0.0691849535266416,-0.043835706903251094,8.50624701789599,8.315876006459694,-0.06114366937301453,0.0176157113075526
421,4.8784636278926925,5.738569735088761,0.03425327099204823,-0.057800993715605965,1.675915160322852,6.849737656591283,0.043075888176214036,-0.03578578328503629,4.389882495876951,3.3765919628416636,-0.012946771023644449,0.0007857690777478186,2.921701233599715,2.1909083873686415,0.00306813280769776,0.009412807602269561,8.720825678934315,2.4462595300997547,-0.010543891392343695,-0.0005335121733222306,1.3340703397756728,5.532467918622799,0.056444334430707406,-0.0002826758536861682,3.151348250063902,7.326365145755066,-0.0211215069541949,-0.019408476024963026,9.013532393023103,4.208153362625834,-0.012633994923587013,-0.0033989175364372323,8.657129470950366,5.87090889933464,0.06942093427577185,-0.042856741870405356,8.50318983442734,8.316756792025073,-0.061026691159823496,0.014245203128484036
422,4.880176291442295,5.73567968540298,0.034937336736329046,-0.05770183790820398,1.6780689547316627,6.847948367427031,0.03797667617047959,-0.03741548137529155,4.389235157325769,3.376631251295551,-0.012939720166696549,-0.001072198410719875,2.9218546402400998,2.191379027748755,0.002322402333106505,0.009139820308258743,8.720298484364697,2.4462328544910887,-0.010109969950907882,0.0006118116582657994,1.336892556497208,5.532453784830114,0.05013721827985139,0.00017754106154875516,3.1502921747161925,7.325394721953818,-0.022723901460530157,-0.020513188045568828,9.012900693276924,4.207983416749012,-0.014071058066244294,-0.0034489953740962785,8.660600517664154,5.86876606224112,0.06950587648251223,-0.04177580595633594,8.50013849986935,8.317469052181497,-0.06062080029270943,0.010863347715166356
423,4.881923158279111,5.7327945935075695,0.03558988354445263,-0.057387573792326535,1.6799677885401867,6.846077593358266,0.03289343224908047,-0.03885306568606158,4.3885881713174335,3.376577641375015,-0.01294243031538868,-0.002814592306703571,2.9219707603567553,2.191836018764168,0.0015673273403305878,0.008832801742313415,8.719792985867151,2.446263445074002,-0.009646594129198249,0.0017378962281074228,1.3393994174112007,5.532462661883192,0.043685502750886396,0.0005829157431258416,3.149155979643166,7.324369062551539,-0.024247856254341,-0.02161540635684884,9.012197140373612,4.207810966980307,-0.015456691341157128,-0.0034912255152125845,8.66407581148828,5.866677271943303,0.06944391074874567,-0.04060142039007155,8.497107459854714,8.318012219567256,-0.05991790022573765,0.007492484888461376
424,4.883702652456334,5.729925214817953,0.036203816228516546,-0.056877911471489156,1.6816124601526408,6.844134940073963,0.027845284287583164,-0.04009706528647204,4.387941049801664,3.3764369117596797,-0.012954879117979051,-0.00443126193919802,2.922049126723772,2.1922776588512836,0.0008057450104613174,0.008494716490453094,8.719310656160692,2.4463503398854076,-0.009130282304876502,0.0028532433937217896,1.341583692548745,5.532491807670348,0.03710919265271516,0.0009342312237827635,3.147943586830449,7.323288292233697,-0.02568994108832061,-0.022713643822915915,9.011424305806553,4.207636405704546,-0.016790800125951934,-0.003525531963864062,8.667548007025717,5.864647200923799,0.06923921461501288,-0.039342320232304016,8.494111564843427,8.318386843811679,-0.0589192821445256,0.004153849920657421
425,4.88551284326776,5.727081319244379,0.03676947287560269,-0.056198889630574074,1.6830047243670199,6.8421300868096395,0.022851194013606836,-0.04114671053154727,4.387293305845764,3.3762153486627198,-0.012978656528367044,-0.005911390834689382,2.922089413974295,2.1927023946758064,4.009540864418639e-05,0.008128359265459687,8.718854142045448,2.4464930020550937,-0.008562362916463073,0.003955493183704824,1.3434391521813807,5.532538519231537,0.030460775835526897,0.0012296211563630557,3.146659089776033,7.322152610042551,-0.02704709898925006,-0.023806422248579623,9.010584765800255,4.207460129106353,-0.018073076711650062,-0.0035517806095999665,8.671009967756467,5.862680084912184,0.06889613400497603,-0.03800730536377637,8.4911656007362,8.318594536307712,-0.057650298139670444,0.0008477907538683663
426,4.88735131691154,5.72427137476285,0.03728253661931321,-0.055362755580532635,1.6841472840677003,6.840072751283063,0.017929690276037982,-0.04200201557739039,4.386644373019346,3.375919779120985,-0.013014033002628328,-0.007245993313580993,2.9220914187447273,2.193108812639079,-0.0007268587898354661,0.007737042618749649,8.718426023899625,2.446690776714279,-0.007945013023608382,0.005041984623196334,1.344962190973157,5.532600000289355,0.0239363486004004,0.001457434322929249,3.1453067348265704,7.320962288930121,-0.02831655536091506,-0.024892066743321777,9.009681111964673,4.207282540075873,-0.019303484217877556,-0.0035698373405143617,8.674454774456715,5.860779719643995,0.06841919291117358,-0.03660488881787865,8.488283085829217,8.318636925845405,-0.05612976688764389,-0.0024230785757033578
427,4.889215443742506,5.721503236983823,0.03773837394357488,-0.05438166377945551,1.6850437685815023,6.837972650504193,0.01309837358142071,-0.042663631837576224,4.3859936713692145,3.3755574794553063,-0.013058482048882486,-0.008429207631588224,2.9220550758052357,2.193495664770017,-0.0014924823146205079,0.007324137914760024,8.718028773248443,2.446942875945439,-0.007280578441613371,0.0061102016511287395,1.3461590084031771,5.532672872005501,0.01754599009276719,0.001622588118316845,3.1438909070585246,7.3197176855929555,-0.029495417887927883,-0.02596867368379986,9.008715937753779,4.207104048208848,-0.020481974215860534,-0.0035795874191212468,8.677875734102273,5.858949475203101,0.06781334149935413,-0.03514358064776866,8.485476597484835,8.318515771916621,-0.054495236537077975,-0.005660440781685566
428,4.8911023624396845,5.71878415379485,0.03813241540730759,-0.05326774153738031,1.6856986872605733,6.835839468912314,0.00837425211514168,-0.04313302004499693,4.3853407472667705,3.375136019073727,-0.013109198523534777,-0.009456331541031841,2.9219804516895045,2.1938618716657547,-0.0022607850681882037,0.006894433641640455,8.717664744326363,2.4472483860279954,-0.0065714735311204735,0.007157743690433711,1.3470363079078156,5.532754001411417,0.011299478082073641,0.0017296355806870915,3.1424161361641283,7.318419251908765,-0.030581044594408864,-0.027034293998129726,9.007691839042986,4.206925068837892,-0.021608522863741087,-0.0035808222291639075,8.68126640117724,5.857192296170712,0.06708406414189506,-0.03363073085120527,8.48275183565798,8.318232749877536,-0.05279396314046676,-0.008862145626517987
429,4.89300898321005,5.716120766717981,0.03846038288713261,-0.05203286582483658,1.6861173998663304,6.833682817910065,0.0037735405757539763,-0.04341254140505899,4.384685287340594,3.3746632024966754,-0.013163128433598521,-0.010323920638501885,2.9218674124360953,2.194206593347837,-0.0030308223169188634,0.0064517541824113435,8.717336170649807,2.447606273212517,-0.00582021658837145,0.008182325648042173,1.3476012818119192,5.532840483190451,0.00520918984533639,0.0018040494942220457,3.1408870839344076,7.3170675372088585,-0.031533689613105646,-0.028077150553561806,9.0066114128998,4.2067460277264335,-0.022683283270950483,-0.0035734292668753304,8.684620604384335,5.855510759628152,0.06622156965830493,-0.0320831986019632,8.480112137500956,8.31778964259621,-0.0510355482610255,-0.012024572500559544
430,4.894932002354407,5.713519123426739,0.03872327103555962,-0.05068653054414996,1.6863060768951181,6.8315121908398115,-0.0006886363581306443,-0.04350554073368531,4.3840271309189145,3.3741470064647503,-0.013216974897159579,-0.011029815699175242,2.921715871320249,2.1945291810569576,-0.0037997978579144614,0.005999871020970852,8.717045159820389,2.4480153894949193,-0.005029356084459478,0.009181725388291092,1.347861741304186,5.532930685665162,-0.0007133068460097791,0.001857595076563076,3.1393103994537523,7.3156636796811805,-0.03226727340614974,-0.029073246520109532,9.005477248736252,4.20656735626309,-0.023706226380224394,-0.003557304969185218,8.68793168286725,5.853906599698054,0.06513723972537684,-0.03056668237468807,8.477560360087905,8.317188413971182,-0.04922949362418945,-0.015144283147129274
431,4.896868165906185,5.710984796899531,0.03892962492347523,-0.04923472186430105,1.6862716450772115,6.829336913803127,-0.005018902997720908,-0.04342765112430189,4.383366282174056,3.3735955156797917,-0.013267448482884409,-0.011572990638405327,2.9215258814273533,2.194829174608006,-0.004565659056220545,0.005543268661780269,8.716793692016166,2.4484744757643337,-0.004201566405289823,0.010153868669542284,1.3478260759618854,5.533023565418991,-0.006473193870770026,0.0018841032469759293,3.137697035783445,7.314210017355175,-0.0327893769392985,-0.030022748790778278,9.004291937417241,4.20638949101463,-0.02467671889221208,-0.003532181116647273,8.691188544853519,5.85237826557932,0.06383994202413726,-0.029084823268117586,8.475098885406695,8.316431199813826,-0.04738779988012607,-0.018218520851406312
432,4.898814647152359,5.708523060806316,0.03907144113720223,-0.04769065338997849,1.6860206999273255,6.827165531246912,-0.009208928103793333,-0.04318632595729415,4.382702909749912,3.3730168661478714,-0.013310928208602907,-0.011958975300394241,2.9212975984745424,2.195106338041095,-0.005326192344341769,0.005086419688371928,8.716583613695901,2.448982169197811,-0.0033396050107414067,0.011096876082840176,1.3475024162683469,5.53311777058134,-0.012125197233544875,0.001845944848155842,3.13605756693648,7.312708879915636,-0.0331081913808602,-0.03092574975276744,9.00305810147263,4.206212881958798,-0.025594208718891308,-0.003497819289227202,8.694380541954725,5.850924024415915,0.062342510552193406,-0.0276340233968815,8.472729495412688,8.315520273771256,-0.045521646625021055,-0.02124451232102797
433,4.900768219209219,5.706138528136817,0.039141403206594434,-0.046066909803736296,1.685560253522136,6.825006214949047,-0.013245270828951071,-0.042787748812924666,4.382037363339482,3.3724189173828516,-0.013344148484839441,-0.012189666765943411,2.9210312888573253,2.1953606590255137,-0.006078816841159358,0.004632246218455942,8.716416633445364,2.4495370130019527,-0.0024462785345250905,0.012008798556300613,1.3468961564066697,5.533210067823748,-0.017661572055803824,0.0017454541528245963,3.134402157367437,7.311162592427998,-0.03323081191873728,-0.03178197298953688,9.001778391036686,4.206037990994337,-0.026458174319620296,-0.0034541621174544093,8.697497667482335,5.84954232324607,0.06064789313175845,-0.026176565686824003,8.470453413081437,8.314458048155204,-0.043641456476071434,-0.024219518163773275
434,4.902725289369549,5.70383518264663,0.03913276314080521,-0.044375554061222164,1.6848979899806884,6.822866827508401,-0.017112743164647292,-0.042234968864585797,4.381370155915239,3.3718094340445544,-0.013363934619201661,-0.012267041295735408,2.9207273480152676,2.1955922713364364,-0.006820950175438418,0.004183707622645409,8.716294319518639,2.4501374529297677,-0.001524481527202779,0.012887868439676972,1.3460130778038795,5.533297340531389,-0.023074852855788756,0.0015854117118401982,3.1327406167715,7.309573493778521,-0.033119424621226176,-0.032577022489257215,9.000455482320705,4.205865282888464,-0.027268181325550242,-0.0034011172141294923,8.700530062138922,5.848233494961729,0.05876457113125491,-0.024717632016750254,8.468271340257633,8.313247072247016,-0.04174942064903076,-0.0271386465146868
435,4.904681927526589,5.701616404943569,0.03903852037430569,-0.04262841097890147,1.684042352822456,6.820755079065171,-0.0207966805056221,-0.0415311172187734,4.380701959184279,3.3711960819797677,-0.01336943426526928,-0.012193346735757086,2.920386300506496,2.1958014567175685,-0.007549988369260325,0.0037436656689476084,8.716218095442278,2.4507818463517514,-0.0005771524977618992,0.013732499131831142,1.34485933516109,5.533376611116981,-0.028357912408100653,0.001368855860328541,3.131084645540439,7.307944642654058,-0.032768092120649205,-0.03329222481521225,8.999092073254428,4.205695227027758,-0.028023844541664285,-0.003338750889419764,8.703468290695485,5.846997613360892,0.056694263027097465,-0.02326457536465136,8.466183869225182,8.311890139921282,-0.03983172353229816,-0.03000795152929709
436,4.906633853545304,5.699484984394624,0.03885202451885506,-0.04083673838405618,1.6830025187971749,6.818678523204233,-0.024293599332917405,-0.040679254806827346,4.380033487471016,3.37058641464298,-0.013314727259649278,-0.012058992895499113,2.920008801088033,2.195988640001016,-0.008263663465891375,0.0033145790489595246,8.716189237817389,2.4514684713083432,0.0003926959115331829,0.014541176302256795,1.343441439540685,5.533445053909997,-0.033503963233815715,0.0010988167610599259,3.1294462409344064,7.306280031413297,-0.03220418934023558,-0.033931818649269696,8.997690881027344,4.205528289483287,-0.0287248141632034,-0.003267075809312239,8.70630300384684,5.845834384592659,0.05444992612400222,-0.021824553503306785,8.464192283048567,8.310389742344817,-0.03789745036385353,-0.03282506131527112
437,4.9085764547712465,5.697443147475421,0.03856813392878338,-0.039010683222401234,1.681787838830529,6.8166445604638914,-0.027625146190870475,-0.039682388450245895,4.379367751108033,3.369983464998205,-0.013188398567809106,-0.011890706130970511,2.919595617914738,2.196154368953464,-0.008959497402225031,0.0028997371940146996,8.716208872612965,2.452195530123456,0.0013820506858890714,0.015312455702471348,1.3417662413789944,5.53349999474805,-0.0385067140626779,0.0007781911997704366,3.1278360314673948,7.304583440480833,-0.0314353039512652,-0.0345622378383801,8.996254640319183,4.205364935692821,-0.029370567531938712,-0.0031848246300473807,8.70902550015304,5.8447431569174935,0.05205273497202564,-0.0204009311149141,8.462297410530374,8.308748489279054,-0.03594430263958271,-0.03558386956301615
438,4.910504861467686,5.695492613314301,0.0381824855440931,-0.0371594391378642,1.6804065815209854,6.814660441041379,-0.030780704747188758,-0.0385450246327031,4.378708331179642,3.3693889296916564,-0.012993911219610216,-0.011689389464181158,2.919147643044627,2.196299355813165,-0.009634793068085207,0.002501165171919377,8.716277975147259,2.4529611529085793,0.00238785149932558,0.016045061001452417,1.3398409056758604,5.533538904308038,-0.04335984084187655,0.0004105539650304774,3.1262642662698314,7.302855328588914,-0.030427236298682082,-0.03519742763424671,8.994786111942586,4.205205694461319,-0.029960589812750977,-0.003086542030691355,8.711628136901641,5.843723110361748,0.0495197942415731,-0.018993150896044652,8.460500195398394,8.306969295800904,-0.03396870259068306,-0.03827314210084364
439,4.912413985744891,5.693634641357408,0.03769063062310978,-0.03529208317278632,1.678867546283626,6.8127331898097445,-0.03374984940444298,-0.03727201945636753,4.378058635618662,3.3688044602184473,-0.012734946546925547,-0.011455978676412496,2.9186659033912226,2.196424414071761,-0.010286971072469248,0.0021201556351240587,8.716397367722225,2.453763405958652,0.0034070406335657303,0.01673781575252375,1.3376729136337666,5.53355943200629,-0.048057143198238894,-7.13101343943767e-07,3.1247429044548976,7.301095457207202,-0.02920602690673052,-0.035828167198322776,8.993288082451949,4.2050513673597845,-0.030494673134441538,-0.0029722287621229884,8.71410412661372,5.842773452816946,0.04687163512506652,-0.01759678682929484,8.45880176026886,8.305055638695862,-0.03197767238936718,-0.0408895053058593
440,4.9142985172760465,5.691870037198769,0.03708918511212631,-0.03341698977975854,1.6771800538134038,6.810869588836926,-0.03653177214716739,-0.03587624901462678,4.377421888291316,3.368231661284627,-0.012415252191795352,-0.01119152578964481,2.918151554837599,2.196530421853517,-0.010913894588861956,0.0017572718708049368,8.716567719753904,2.4546002967462783,0.004436557390100307,0.017389591937782976,1.3352700564738547,5.533559396351222,-0.05259280073820262,-0.00045173944601578924,3.123282603109561,7.299304048847286,-0.027797866056324828,-0.03644515299061692,8.991763348795226,4.204902755921679,-0.030972683759088678,-0.0028420122292704877,8.716447708369973,5.841893613475481,0.044121477187659026,-0.01621566255262701,8.457202876649392,8.303011163430568,-0.02997771192214783,-0.04342971910682604
441,4.916152976531653,5.690199187709781,0.03637592799306675,-0.03154171310244807,1.6753534652060456,6.809075776386194,-0.039120074044216344,-0.034365113969187774,4.376801125681726,3.3676720849951445,-0.012038929698838238,-0.010897199799973759,2.917605860108156,2.1966182854470575,-0.011513572822127833,0.0014128640562500667,8.716789547623408,2.4554697763431674,0.005473316483504123,0.017999387826668833,1.3326404164369445,5.533536809378922,-0.05696143563269286,-0.0009385576348171971,3.121892709806745,7.297481791197755,-0.026232460702421058,-0.03703661160366989,8.990214714607271,4.204760655310215,-0.031394582943673296,-0.0026961152044937013,8.718653782229357,5.841082830347849,0.04128213654556442,-0.01485341990983693,8.455703991053284,8.300839677475228,-0.027974676600316127,-0.045890572676035614
442,4.917971772931306,5.688622102054659,0.03555703430712982,-0.029670019036817635,1.6733974615038347,6.807357520687735,-0.04150676062260933,-0.03274509939853434,4.376199179196784,3.3671272250051456,-0.011610097749008182,-0.010574123137366267,2.9170301814670494,2.19668892864987,-0.012084416563425555,0.0010868979187887023,8.717063213447583,2.456369745734501,0.006514267646080798,0.0185662620383229,1.32979234465531,5.533489881497181,-0.06115805599270968,-0.0014571965082900069,3.1205810867716237,7.295629960617571,-0.02451579589641272,-0.037396120254978606,8.988644985460088,4.20462584954999,-0.03176048505460755,-0.0025347768514297903,8.720717889056635,5.840340159352357,0.038366734416271926,-0.013513449287625235,8.454305257223268,8.298545148841425,-0.02597428697965439,-0.048268994325372426
443,4.919749624646663,5.687138601102817,0.034647435762889825,-0.0278016863006235,1.6713221234727043,6.805720265717809,-0.0436859325126297,-0.03102236292813305,4.375618674309334,3.3665985188482774,-0.01113301360405827,-0.01022361976999441,2.916425960638878,2.1967432735458092,-0.01262504894546081,0.000778997949158759,8.717388926829887,2.457298058836417,0.007556344591385669,0.01908948814113698,1.3267344418556744,5.533417021671767,-0.06517911534188894,-0.00200205770017369,3.1193552969768032,7.293760154604822,-0.022667242402793754,-0.0375083530653306,8.987056961207358,4.2044991107074186,-0.03207046348011033,-0.002358288487780094,8.722636225777448,5.839664486887976,0.03538800942995715,-0.012198724585237186,8.453006542874286,8.296131699125157,-0.023981824031689723,-0.050561988176378456
444,4.9214819964348075,5.685748516787786,0.033649816804535826,-0.025941887459445083,1.6691378268470727,6.804169147571402,-0.04565302772377796,-0.029203569474856892,4.375062023629131,3.3660873378597778,-0.010612061185611728,-0.009847123189565035,2.915794708191605,2.1967822234432672,-0.013134179527674213,0.0004887186026405405,8.717766744059457,2.4582525332434737,0.008598844357139415,0.019565364686670517,1.32347548608858,5.533316918786758,-0.06902777868686823,-0.002541450910957291,3.1182219348566638,7.291884736951555,-0.020708423296572555,-0.0373877798189447,8.985453438033353,4.2043811962830295,-0.032324797244424976,-0.0021669496268846094,8.724405626248945,5.839054550658714,0.03235885183611083,-0.010912172018202226,8.451807451672702,8.293603599716338,-0.021984760350206453,-0.0527667608201234
445,4.923164487275034,5.6844514224148135,0.032567396082885704,-0.02409525193153628,1.6668551754608838,6.802708969097659,-0.04740439696167774,-0.027295944798033277,4.374531420569851,3.3655949817002995,-0.010051605788840297,-0.009446132429611178,2.9151379992152213,2.1968066593733995,-0.013610854635749355,0.00021526937263271323,8.718196686277313,2.459230801477807,0.009644721098548716,0.019985574591803168,1.3200240971542365,5.53318984624121,-0.07269941474674849,-0.0030767999465928816,3.117186513691835,7.290015347960608,-0.018661216462613928,-0.037049326275572246,8.983837198171132,4.204272848801685,-0.032518733622188725,-0.0019557847826622426,8.72602356884075,5.838508942057804,0.029291756258394,-0.009656245807768981,8.450708213655192,8.290965261675332,-0.01993493761740025,-0.05488075745252058
446,4.924792857079178,5.683246659818237,0.031403986805088956,-0.022266163265991294,1.6644849556127999,6.801344171857758,-0.04893729245220489,-0.025307072657387297,4.374028840280409,3.365122675078819,-0.009456152034772876,-0.009022126826193423,2.914457456483434,2.196817422842031,-0.014054309840116993,-4.2235614897697055e-05,8.71867892233224,2.4602300802073973,0.01069073567569906,0.020349779576892768,1.3163891264168992,5.53303600624388,-0.0761902676838508,-0.00360774568909569,3.1162534528687043,7.28816288164683,-0.0165907138983029,-0.03650847694194324,8.982211261490022,4.204175059562552,-0.03264862480914132,-0.001720665576762706,8.72748815665367,5.838026129767416,0.02619925643601584,-0.008433138659807125,8.449711466774321,8.288221223802706,-0.017838105446317754,-0.056901473933431354
447,4.926363056419433,5.6821333516549375,0.030164078691013296,-0.020458546056139552,1.6620380909901895,6.800078818224888,-0.05025016969000168,-0.023245348367135564,4.37355603267867,3.3646715687375095,-0.008830121842993739,-0.008576694843095036,2.9137547409914277,2.196815311061286,-0.01446410108617355,-0.0002848953205887366,8.719213459116025,2.461247569186242,0.011733619518882578,0.02065769691568873,1.3125796130327068,5.532855618959426,-0.07949723284124044,-0.004132862097339466,3.115423917173789,7.286337457799733,-0.01452002655959307,-0.035780475729242034,8.980578830249565,4.2040890262837145,-0.03271594527518288,-0.0014626552070371806,8.72879811947547,5.837604472834426,0.023093731881167166,-0.0072449080521485,8.448819561502006,8.285376150106035,-0.01570188131056126,-0.05882530865219518
448,4.927871260353983,5.681110424352131,0.028853743963845213,-0.01868008892862805,1.6595255825056894,6.798916550806531,-0.05134247025405235,-0.02111952393804077,4.37311452658652,3.3642427339953547,-0.008177988542093279,-0.008111487901505322,2.913031535937119,2.1968010662952566,-0.014861243481550709,-0.0005387048201430727,8.71980014009197,2.4622804540320264,0.012770080589062517,0.020909313197145975,1.3086047513906447,5.532648975854559,-0.0826174082177749,-0.004650818497629597,3.1146979158458095,7.284548434013271,-0.012464201639057981,-0.034883207802757686,8.978943032985805,4.204015893523363,-0.032722219409103546,-0.0011831216000832616,8.729952806069528,5.837242227431818,0.01998729612031149,-0.006092992691906372,8.448034467436479,8.282434884673426,-0.01356260616205033,-0.06062832065817996
449,4.929313947552176,5.680176419905699,0.027489795603759727,-0.016941984890687548,1.6569584589929867,6.797860574609629,-0.05221458939765758,-0.018938458669226207,4.372705627159416,3.3638371596002794,-0.007503685293568613,-0.007627874300550909,2.9122884737630415,2.1967741310542497,-0.015244375805173412,-0.0008020257308874418,8.720438644121423,2.4633259196918837,0.013796946056491679,0.021104706652360774,1.304473880979756,5.532416434929678,-0.08554827439962533,-0.0051604302476511744,3.1140747057638567,7.282804273623133,-0.010427231157781469,-0.03384647767348594,8.97730692201535,4.203956737443359,-0.03266921411609188,-0.0008832888862930236,8.730952170875543,5.836937577797222,0.016891513199593297,-0.00497923399007527,8.447356337128376,8.279403468640517,-0.011424662432292067,-0.062308857598873814
450,4.930688437332364,5.679329320661164,0.02607757493198677,-0.015229185259628379,1.6543477295231037,6.796913651676168,-0.05286953939055271,-0.016703112940530816,4.372330442894738,3.3634557658852517,-0.006811242116464617,-0.007127364645447821,2.9115262549727827,2.1967340297677054,-0.01561196994296123,-0.0010730080736596275,8.721128491424247,2.4643811550245016,0.014811026327616519,0.02124413508306331,1.3001964672597748,5.532158413417295,-0.08828735257862713,-0.005660756339074805,3.1135533442059677,7.281111949739459,-0.008425384203554974,-0.03268431031434244,8.975673461309546,4.203912572999044,-0.03255868922328487,-0.0005646814544565974,8.731796746535522,5.836688616097718,0.013817750842358343,-0.0039049007805308494,8.44678510400676,8.276288025760573,-0.009291992968538366,-0.0638657861478357
451,4.931992316078963,5.678567861398183,0.024618963965185127,-0.013532650618541323,1.6517042525535761,6.796078496029142,-0.05330310245906181,-0.01440855595771555,4.371989880788914,3.3630993976529795,-0.0061046145240201966,-0.006611488540392608,2.9107456564756347,2.1966803793640226,-0.01596253801396896,-0.0013499717425350239,8.721869042740629,2.4654433617786546,0.015809272624856777,0.021328066740781804,1.2957820996308433,5.531875375600341,-0.0908324656951299,-0.006151006265299156,3.11313207499579,7.279477734223741,-0.006519448573352681,-0.0314390384341628,8.974045526848382,4.203884338926321,-0.03239245857452885,-0.00022866797622963765,8.732487634077641,5.836493371058692,0.01077791582145857,-0.0028711557263752614,8.446320504358335,8.273094736453181,-0.007168357333758436,-0.06529815682170077
452,4.933223264277222,5.6778912288672565,0.023119277202494584,-0.011856248563814245,1.649039097430623,6.795358068231256,-0.05349983354960746,-0.012021568189601936,4.371684650062713,3.36276882322596,-0.005387645525707247,-0.006081852703090996,2.909947529574936,2.196612880776896,-0.01629483577123691,-0.0016313036868143966,8.72265950637187,2.4665097651156938,0.01678863728821928,0.021357193417745446,1.2912404763460867,5.531567825287077,-0.09318154770313408,-0.006630537786276772,3.1128061025671223,7.277905782302033,-0.004788400421501981,-0.03016408865629143,8.972425903919655,4.2038729055275095,-0.03217252637600437,0.00012337989649996184,8.733026529868713,5.836349813272373,0.007740815536166899,-0.001819330348285118,8.445962086491647,8.269829828612096,-0.005057622379282079,-0.06660522679758354
453,4.934379228137347,5.677298416439066,0.021584323116548502,-0.01020352743445643,1.6463641057531426,6.794756989821776,-0.053463731761325066,-0.009553693938295879,4.3714152677864275,3.3624647305908053,-0.0046643174568548225,-0.005540153258215875,2.9091327877863744,2.196531315592555,-0.01660745132974197,-0.0019155480630491067,8.723498938236283,2.467577624786581,0.017746252216703243,0.021332329834942508,1.28658139896093,5.531236298397763,-0.09524846057771351,-0.007075289997027947,3.1125666825460474,7.2763975778692185,-0.0032443763712662324,-0.028870676339700883,8.970817277600855,4.203879074522335,-0.03190335068261162,0.0004882680998302999,8.73341357064552,5.8362588467549585,0.004708568186547033,-0.0007413459817191752,8.445709205372683,8.266499567272216,-0.0029631974907904485,-0.06778624785092756
454,4.935458444293174,5.676788240067343,0.020019805126793827,-0.008577804601478658,1.6436909191650764,6.794279305124861,-0.05322084134374923,-0.007057518284063377,4.371182051913585,3.3621877229278945,-0.003938263220561984,-0.004988066958930582,2.9083024152198873,2.1964355381894025,-0.016899094248924745,-0.002201025510372608,8.724386250847118,2.4686442412783283,0.018679872177845783,0.02125476606040335,1.2818189759320444,5.530882533897912,-0.09693621489583161,-0.007469577935280039,3.112404463727484,7.274954044052233,-0.0018343327591436966,-0.02755148501424498,8.969222110066724,4.2039034879273265,-0.031614421637411266,0.0008471220779351893,8.733648999054848,5.836221779455872,0.0016931580314891257,0.0003520815757790416,8.445561045498144,8.26311025487967,-0.0008883490028172352,-0.06884061648470446
455,4.936459434549514,5.676359349837269,0.018431215056188548,-0.006982413454639993,1.6410298770978888,6.793926429210658,-0.052765065859306515,-0.004579841676394977,4.370985138752556,3.361938319579948,-0.003213195441140177,-0.0044272265999729336,2.907457460507441,2.1963254869138837,-0.01716857914141227,-0.002486367357129245,8.725320244456011,2.4697069795813484,0.019587095476991483,0.0211262578292664,1.2769721651872528,5.530509055001148,-0.09824567306219247,-0.007812511279934778,3.112312747089527,7.273576469801521,-0.00048440117633520205,-0.026189964705243773,8.967641388984854,4.203945844031224,-0.031305153624768406,0.0012001355459101502,8.733733656956423,5.836239383534662,-0.0012924993475420558,0.0014544319486001342,8.445516628048003,8.259668224055435,0.0011635993806332731,-0.06976800170687124
456,4.937380995302323,5.676010229164537,0.01682348965943619,-0.005420408452588401,1.6383916238049234,6.793697437126839,-0.0520760823593027,-0.002142960350256003,4.3708244789804995,3.3617169582499495,-0.002492557031883242,-0.003859341344531864,2.9065990315503702,2.196201168546027,-0.017414786184940828,-0.002770235479043811,8.726299599229861,2.4707632924728116,0.020465705193883726,0.020948580981596174,1.272059881534143,5.5301184294371515,-0.0992728901970258,-0.007991021475044772,3.11228852703071,7.272266971566259,0.0008027104636412995,-0.024793707554325528,8.966076131303614,4.204005850808519,-0.030975099609847217,0.0015473643831096593,8.733669031989045,5.836312105132092,-0.004235965578768977,0.0025590920014062733,8.445574808017033,8.256179823970092,0.0032550395665377763,-0.07069284032058999
457,4.938222169785295,5.675739208741907,0.01520169682145878,-0.003894793576288304,1.6357878196869582,6.793590289109326,-0.05116195237194365,0.00024939220841642493,4.370699851128905,3.361523991182723,-0.0017793192843332311,-0.0032861918813700377,2.905728292241123,2.196062656772075,-0.01763664100578834,-0.003051229912022143,8.727322884489556,2.471810721521891,0.021313470624691792,0.020723600013545514,1.2670962370242917,5.529718878363399,-0.10003299470423367,-0.007995078565017548,3.1123286625538924,7.271027286188542,0.0020262440642100712,-0.023370335505440896,8.964527376323122,4.204083219027675,-0.030623877750392107,0.0018888138049401345,8.733457233710107,5.836440059732162,-0.007125115587328204,0.003660737176773867,8.44573755999536,8.252645181954062,0.005435111114165225,-0.07172132023570225
458,4.938982254626368,5.675544469063093,0.013570829176314317,-0.00240838551773437,1.633229722068361,6.7936027587197465,-0.05003135582362479,0.002592628118355237,4.370610885164688,3.3613596815886546,-0.0010756436119213125,-0.0027095916818047463,2.904846460190834,2.195910095276474,-0.01783321153632213,-0.0033282107172329122,8.728388558020791,2.4728469015225683,0.022128307469493694,0.0204533187704075,1.26209458728908,5.529319124435148,-0.10050748455701973,-0.007846332438220497,3.1124299747571027,7.26985876941327,0.0031837874999028582,-0.021927398231908743,8.962996182435603,4.204177659717922,-0.03024998191153541,0.0022181254859201614,8.733100977930741,5.836623096591,-0.00994807240269018,0.00475507072487267,8.446009315551068,8.249059115942277,0.007697439306756893,-0.07285990185064362
459,4.9396607960851835,5.675424049787206,0.01193568117261692,-0.0009635151910663458,1.6307281542771797,6.7937323901256645,-0.04869364021276301,0.004881773371953927,4.370557102984092,3.361224202004564,-0.00038464808262729847,-0.0021312502815539537,2.903954799614018,2.195743684740612,-0.018003566453967584,-0.0035999738808516557,8.729494973394266,2.4738695674610884,0.022908069588548487,0.020139829375213743,1.257069213061229,5.528926807813237,-0.10062932390152123,-0.007670820845687058,3.112589164132098,7.268762399501675,0.004273022150037898,-0.020472318747177785,8.961483683340026,4.204288565992218,-0.029853185595626976,0.0025351243374057116,8.732603574310607,5.836860850127244,-0.012693875475738772,0.005837865558801017,8.446394187516406,8.245416120849745,0.010035802164456287,-0.07411534917500899
460,4.940257580143815,5.675375874027653,0.010301195525534592,0.0004376742442070633,1.6282934722665414,6.793976478794262,-0.047157575245249925,0.007109943260211907,4.370537870579961,3.3611176394904865,0.0002906550338134746,-0.0015528552371228631,2.9030546212913193,2.1955636860465693,-0.01814691525212337,-0.0038655068689752515,8.730640376873692,2.474876558929849,0.0236507777351206,0.01978527945782131,1.252037746866153,5.528543266770953,-0.10041173155783321,-0.0074743410958212275,3.1128028152395997,7.267738783564316,0.00529174711310686,-0.019012010444983903,8.959991024060244,4.204415322209088,-0.029433525683040765,0.002840129244246334,8.73196888053682,5.837152743405184,-0.015347131906960734,0.0069075719577947475,8.446895977624628,8.241710353390994,0.012313151472589413,-0.07530858079862879
461,4.940772639920091,5.675397757739863,0.008672083982236824,0.0017930210021256596,1.625935593504279,6.794331975957272,-0.045432597081411535,0.009270161990780793,4.370552403331652,3.36103999672863,0.0009475030621156674,-0.0009759503088111575,2.902147275528713,2.1953704107031204,-0.018262475619826808,-0.004123563199469834,8.731822915760448,2.4758658229027404,0.024354514502293416,0.019391821514247717,1.2470171602882614,5.528169549716162,-0.09986892472385074,-0.007262644280144241,3.113067402595255,7.266788183042067,0.006238465194938792,-0.017552638680771056,8.958519347776091,4.2045573286713,-0.028991265179271843,0.003133435249433667,8.731201523941472,5.8374981220030735,-0.01789664198360277,0.00795971510314735,8.447511635198257,8.237944924351062,0.01444532100238506,-0.0763260450303285
462,4.941206244119203,5.675487408789969,0.007052877240784607,0.003100670260649839,1.6236639636502084,6.794795484056811,-0.0435286492661125,0.011355652888078653,4.370599778484757,3.36099119921319,0.001583153443561552,-0.000402193623330682,2.9012341517477216,2.195164232543147,-0.018349634374294772,-0.004373193668367355,8.733040641485562,2.4768354139784527,0.02501743773401434,0.018961759613259497,1.242023714052069,5.527806417502155,-0.0990077732074132,-0.007037713743210997,3.1133793258550018,7.265910551108028,0.007111944069502963,-0.016100109529778424,8.957069784517127,4.204714000433772,-0.028526668952460435,0.003415300143056363,8.730306691842292,5.8378961077582305,-0.02033400666615797,0.008988152363685688,8.448233901248376,8.234128622099545,0.016432360672733227,-0.07716795197648095
463,4.941558887981243,5.675642442303002,0.0054482877934054945,0.0043590305757640994,1.6214875311869028,6.795363266701215,-0.041456236372936425,0.013359828893799745,4.370678936156935,3.3609710895320233,0.0021951154490575772,0.00016692321308305915,2.900316670029007,2.1949455728597287,-0.018407804409776227,-0.0046135168719832,8.734291513372263,2.4777835019591157,0.02563789377391989,0.01849732147845513,1.2370733253916983,5.527454531814994,-0.0978361064511409,-0.006801485145860578,3.1137349230584768,7.265105545631539,0.007911417072055948,-0.014659941637054148,8.955643451069504,4.204884765440925,-0.02804026152348056,0.003685890073061735,8.729289991508985,5.838345515376415,-0.022651605873320827,0.009986947489319166,8.449055519282012,8.230270224500721,0.01827502820768062,-0.07783488050063239
464,4.941831302370913,5.67586039383179,0.0038626794451551054,0.00556650156275622,1.619414719368256,6.796031258145905,-0.039226289521206076,0.015276592452783549,4.370788691929388,3.3609794356926774,0.0027811032404766066,0.0007298508521949357,2.8993962798085184,2.1947148970161297,-0.01843661245218326,-0.004843655131923049,8.735573408060958,2.4787083680330384,0.026214300118691275,0.018000880492283766,1.2321815200691413,5.527114457557701,-0.09636263455628062,-0.006555821878300275,3.1141304939120795,7.264372548549686,0.008642730300663126,-0.01322755587576336,8.95424143799333,4.205069059944578,-0.027532570765967514,0.003945389068790526,8.728157411215319,5.83884486275088,-0.024840231432531605,0.010950624303309044,8.449969270692396,8.22637848047569,0.019974348062059322,-0.0783278659075229
465,4.9420244363431705,5.676138718909928,0.0023003146731929392,0.006721727588486591,1.6174534048921956,6.796795087768544,-0.03685305384849375,0.017098881532211268,4.370927747091412,3.3610159282352874,0.003339060457573889,0.00128513009779504,2.898474449185909,2.1944727142595335,-0.01843562785795738,-0.005062785159030944,8.736884123066892,2.4796084120576527,0.026745162926918815,0.017474737021504705,1.2273633883413273,5.526786666463786,-0.09459693114637042,-0.006302498668828275,3.1145626304271126,7.263711170755898,0.009306086783645761,-0.011807533607915106,8.952864809455031,4.205266329398017,-0.027004207627530242,0.0041938388534940784,8.726915399643692,5.839392393966046,-0.026889654814217817,0.011873967399237474,8.450967988095499,8.222462087180313,0.02153193328656856,-0.07864826646127836
466,4.94213945207683,5.676474805289352,0.0007652175360993952,0.007823598888975302,1.615610752199771,6.797650031845154,-0.034438495765674766,0.018780537736375297,4.37109470011429,3.3610801847401772,0.0038670559098587017,0.0018313308109377928,2.8975526677930112,2.194219575001582,-0.01840467777362873,-0.005270210324021071,8.738221381213238,2.480482148908728,0.027229200326210807,0.016921227195664114,1.2226335417840088,5.526471541530345,-0.09254952724455501,-0.006043302166671719,3.115027934766295,7.263120794075502,0.009901847874162805,-0.01040461712805933,8.951514599073654,4.205476021340692,-0.026455902637596274,0.00443129456146881,8.725570916902981,5.839986092336008,-0.028795052512501012,0.012752203562645038,8.452044584759827,8.21852967385725,0.022949683034202494,-0.07879790118622691
467,4.942177712953635,5.6768659852338015,-0.0007386214351578146,0.008871050403726021,1.613888827411487,6.798589058731973,-0.031997909824598485,0.02031890092860576,4.371288052909783,3.361171751280724,0.00436333349548435,0.0023671234355156726,2.8966324339043297,2.1939560644853806,-0.018343529741082686,-0.0054650797589477305,8.739582841229549,2.481328210268511,0.027665141992575477,0.016342769473223752,1.218006065421781,5.526169376422011,-0.09023299011765624,-0.005780422097468044,3.115523027160003,7.262600563219099,0.010430873369215143,-0.009023372151985827,8.950191803941774,4.205697586068765,-0.025874756605978155,0.004661539597541839,8.724131164277356,5.84062370251414,-0.03055199478468729,0.013579906908212026,8.453192068911537,8.214589778797938,0.02423004780091945,-0.07877890319960057
468,4.942140781881877,5.677309537753988,-0.0022075037723703773,0.009863109459441822,1.6122889319202571,6.799605003778403,-0.029542774389732532,0.02171316281404015,4.371506219584557,3.3612901074524997,0.00482635317944145,0.002891277135614068,2.8957152574172755,2.193682810497433,-0.01825215768328716,-0.005646835426965743,8.740966098329178,2.482145348742172,0.02805167140842135,0.01574142617489285,1.2134944159158982,5.525880355317137,-0.08766072671292927,-0.005515985601977672,3.116044570828464,7.2621493946115,0.01089416574442209,-0.007667964299306336,8.948898066111475,4.205930663048642,-0.025238832043166303,0.004890696103789657,8.722603564538122,5.84130269785955,-0.032156164019320733,0.014351830038590153,8.454403571301583,8.210650833637958,0.025375751518985665,-0.07859379302408412
469,4.9420304066932585,5.67780269322696,-0.003637791357032815,0.0107992954936742,1.6108117932007704,6.800690661919105,-0.027081593181241207,0.0229639317325842,4.371747537243529,3.36143467130928,0.005254726918564794,0.003402512646544487,2.894802649533111,2.1934004687260846,-0.018130457292113798,-0.005814814971460044,8.742368681899599,2.4829324200509166,0.02838724369586165,0.015118965695976086,1.2091113795802517,5.525604556037038,-0.08484666328309681,-0.005252036001929309,3.116589279115685,7.261765996396535,0.011299654280183924,-0.006340212256744566,8.947636124509318,4.206175197853832,-0.024553056018109466,0.005117334313795715,8.720995756337157,5.842020289361479,-0.0336044417758925,0.015064182051805576,8.455672358877532,8.206721143986753,0.026389729717156328,-0.07824538028962776
470,4.941848517125407,5.678342658001644,-0.005026125467412034,0.011678885800105255,1.6094577135417083,6.801838858505734,-0.024622329379666498,0.024072652351815663,4.372010273589457,3.3616047969416076,0.005647404926048276,0.0038996367578243325,2.8938961266685053,2.193109727977512,-0.017978717650089758,-0.005968508772717804,8.743788044084392,2.4836883683357156,0.02867044957757647,0.014477182881339258,1.204869046416097,5.525341954236942,-0.08178746606587078,-0.004974146365584102,3.117154261829694,7.261448985783697,0.011656134759424341,-0.005041270864293041,8.946408471708413,4.2064310645695215,-0.023822448732013845,0.005339844902151078,8.719315534248363,5.842773498464069,-0.034894381656263594,0.01571369959355684,8.45699184536339,8.202808874972272,0.02727544244506065,-0.07773687392636999
471,4.941597210852036,5.678926602291649,-0.006369371644250908,0.012501568944466036,1.608226597072725,6.803042491123325,-0.022170268799412897,0.025059789926518163,4.37229264383576,3.3617997787794986,0.006003551991806981,0.004381615328866751,2.8929971907860006,2.192811302538876,-0.017797075102839965,-0.006107487677296639,8.74522156656327,2.4844122274797824,0.028900021709806274,0.01381796570810563,1.2007796731128033,5.525093246918662,-0.07847924958346988,-0.004667047845595743,3.1177370685676653,7.261196922240482,0.011964274009106768,-0.0037752394313961884,8.945217349271813,4.206698056814629,-0.023052014367337368,0.00555668783384636,8.71757081516555,5.843559183443747,-0.03602427077195478,0.016297468741772493,8.458355617485644,8.198922031275954,0.02803644139446918,-0.07707170569501683
472,4.941278742269824,5.679551680738872,-0.007664537734381714,0.013267052165505212,1.6071180836327543,6.8042954806196505,-0.01973256325279539,0.025931683038134538,4.37259282143535,3.362018859545942,0.006322469996438977,0.004847338223162801,2.8921073370308585,2.192505928155011,-0.01758574571720173,-0.006231234614903123,8.746666567648761,2.4851031257651877,0.029074996359950853,0.013143165645553534,1.1968557106336297,5.524859894526383,-0.07493918891428615,-0.004334594999836053,3.1183352822681205,7.261008160268912,0.012225640003917826,-0.002546078686699333,8.944064748553446,4.206975891206321,-0.022246871845479153,0.005766425146826356,8.715769601626953,5.844374056880836,-0.03700226862630678,0.016800576786858756,8.459757439555368,8.195068445991202,0.028676717841407694,-0.07625367171294853
473,4.9408955153831045,5.680215033347148,-0.008908868513099709,0.013974272218805473,1.6061314554701145,6.805592064771557,-0.017316946815002614,0.026689480985287988,4.372908944935172,3.3622612264571,0.006603585990296361,0.005296101360846074,2.8912280497449983,2.1921943664242662,-0.017345174292836683,-0.006339406858829797,8.748120317466759,2.4857602840474655,0.02919447945833857,0.012454736608444516,1.1931087511879155,5.524643164776391,-0.07118499595104362,-0.003980902783968713,3.1189465642683163,7.260880856334578,0.012442486917017114,-0.0013573783199340723,8.942952404961172,4.207264212463662,-0.02141173850154414,0.005967683699087053,8.713919488195637,5.845214085720179,-0.037832768826697595,0.01721414449938925,8.461191275447439,8.191255762405556,0.029200463482520023,-0.07528682802967593
474,4.940450071957449,5.680913746958088,-0.01009999916612343,0.014622434872475188,1.6052656081293644,6.8069265388208215,-0.014930652137149029,0.027334773675311768,4.373239124234686,3.3625260315251424,0.006846645163522717,0.005727016632709415,2.8903607910303566,2.191877396081325,-0.017075969542179603,-0.006431826346021161,8.749580041439676,2.486383020877888,0.02925786713541205,0.011754619473024074,1.1895495013903632,5.5244441196371925,-0.06723454165636207,-0.0036099065946650164,3.119568688614167,7.260812987418581,0.012615649213431489,-0.00021251940457529036,8.941881818036094,4.207562596648616,-0.02055112342690959,0.006159156670433282,8.712027849754303,5.846074792945148,-0.03851541635296179,0.017537461443220992,8.462651298621564,8.187491421004072,0.0296120510635585,-0.07417552727438376
475,4.939945071999143,5.681644868701712,-0.01123546876668171,0.015212025904369276,1.604519075522507,6.808293277504587,-0.012580087091077023,0.027871784097288216,4.373581456492863,3.3628123823567777,0.007051594616995808,0.0061392704353516415,2.8895069925532475,2.191555804764024,-0.016778630654130478,-0.006508034859949738,8.751042934796446,2.486970751851539,0.02926467435837443,0.011044752507834498,1.186187774307545,5.524263624307459,-0.06310594211696292,-0.003225688232504989,3.1201994710748386,7.260802361448352,0.012746115212677133,0.0008854872797577956,8.940854261864748,4.207870554482137,-0.019669612081403873,0.006339601292379944,8.710102078936655,5.8469516660173095,-0.03905030880770517,0.017770250852567872,8.464131901174742,8.183782644640353,0.02991618190087978,-0.07292433665297791
476,4.939383298560809,5.68240546999693,-0.012313232875458756,0.015743701338109296,1.6038900711679531,6.809686866709452,-0.010270658935654813,0.028307746392447913,4.373934036223712,3.363119345878545,0.007218463407979962,0.006532063321474703,2.888668061020541,2.1912304030210263,-0.016453796143446466,-0.006567939268358068,8.752506168514365,2.487522989476931,0.029214671276814295,0.010327197288526956,1.183032477201697,5.524102339895834,-0.05881792921005394,-0.0028320012767102973,3.1208367768354726,7.26084663581234,0.012857445140717638,0.0019420262676625828,8.939870781260678,4.208187534546756,-0.01877165134405627,0.006507774808083473,8.70814956349627,5.847840178559938,-0.039438122331116925,0.017912700866231493,8.465627710269786,8.180136427807703,0.030117564761421124,-0.07153811841435596
477,4.938767636917036,5.683192655063836,-0.013331570408336678,0.016218175311845464,1.6033765382211704,6.811102254029074,-0.008008439894068891,0.028644605884101653,4.374294959394112,3.363445949044619,0.007347303690539357,0.006904650954793902,2.887845371213369,2.1909020060576085,-0.016102173070226215,-0.006611416636666299,8.753966902078206,2.4880393493413573,0.029107780777222467,0.009603922258495155,1.1800915807411942,5.523960739831999,-0.05438925641952659,-0.002432741659158136,3.1214796490925085,7.260943737125722,0.012950375859974038,0.0029544444073885063,8.938932198693475,4.20851292328716,-0.01786171677863135,0.0066625916679508975,8.706177657379715,5.848735813603249,-0.039680133952711354,0.017965157173689253,8.467133588507856,8.176559521886986,0.030221160986802022,-0.07002186221234366
478,4.938101058396619,5.684003563829428,-0.014288790083519975,0.016636347483184856,1.602976116226467,6.81253448432328,-0.005799045841444188,0.028884876793954933,4.3746623245786385,3.3637911815923585,0.007436538176761624,0.007256008903760226,2.8870402625598577,2.1905714352257752,-0.015724659229431653,-0.006638385753545926,8.755422291117068,2.488519545454282,0.028944101952320885,0.008876917467816535,1.177372117920218,5.523839102749041,-0.04983982685385849,-0.002030638154992129,3.122127167885507,7.261091459346092,0.013024665971634996,0.003919935810282765,8.938039112854543,4.208846052870558,-0.01694491054272189,0.006805822874990105,8.704193650682079,5.849634071461933,-0.039778447716449034,0.017932103167636118,8.468644646557197,8.173058428776368,0.030231834316036144,-0.06838081167243287
479,4.937386618892443,5.6848353812035874,-0.015183605185739557,0.016999273203585963,1.6026861639343948,6.813978728162978,-0.003647644873011761,0.029031154170871192,4.375034151487476,3.3641539820375463,0.007486643703804967,0.007585575394596668,2.886254029598386,2.190239515938098,-0.015322060028825307,-0.006648722192845789,8.756869496214684,2.4889633913276725,0.02872400174320395,0.0081482549229551,1.174880126577525,5.523737570841291,-0.04519547987161781,-0.0016235829949614064,3.122778401184089,7.261287456136606,0.013080111329792154,0.0048361557786315065,8.937191867327407,4.209186344014308,-0.016026098237986706,0.0069391589659385374,8.702204728296257,5.850530676620315,-0.03973537367484404,0.017815233860978656,8.470156238272999,8.169639388192747,0.030154741295954624,-0.06662034173659846
480,4.936627438633156,5.685685344863766,-0.016014756566874545,0.0173079017002999,1.6025037816907441,6.815430285871521,-0.0015589852437860301,0.0290857029738896,4.3754084836726665,3.364533260807276,0.007498537438140866,0.007892909725460919,2.885487926596945,2.1899070798284557,-0.01489541407934239,-0.006642509402523765,8.758305696301845,2.4893708040738205,0.028447995730048966,0.007419800994350378,1.1726203525839443,5.523656391691543,-0.040474620269524114,-0.0012153756026413694,3.1234324067505783,7.261529263925538,0.01311642806732477,0.005701006228938637,8.936390562415507,4.209533301962605,-0.015109411211366795,0.007061293854017555,8.700217959612514,5.8514214383133645,-0.03955345769128634,0.017615691410260075,8.471663975337796,8.166308371105918,0.02999496471264068,-0.06474621617399022
481,4.935826700804812,5.686550739948781,-0.01678127043604092,0.017563508885253886,1.6024258324285547,6.816884571020216,0.0004683847918623158,0.02904095565411862,4.375783410544574,3.364927906293549,0.007473116429673192,0.008177593173723432,2.884743155892978,2.1895749543583296,-0.014445736895118261,-0.006619781655250599,8.759728096088347,2.489741794123538,0.028116839401728464,0.0066935800047505534,1.170596621570468,5.523595622911411,-0.035695493774401205,-0.0008097103484210029,3.1240882281539446,7.261814314236985,0.01313341054820837,0.006512606634661493,8.93563509185494,4.209886366655305,-0.014198783741946362,0.007170904316113144,8.69824028672795,5.8523022228838775,-0.03923586141965224,0.01733489702537077,8.473163723573428,8.163071060297218,0.029757930078884998,-0.06276426282875106
482,4.93498763728301,5.687428915393044,-0.01748239279448227,0.0177671017044156,1.602449251668148,6.818336618802922,0.002439965252529926,0.028883191973209793,4.376157066366058,3.365336785952235,0.0074115235974655126,0.008439342617321523,2.884020869048222,2.189243965275567,-0.013974234725151564,-0.006580747568738198,8.761133938058434,2.4900764731237754,0.027731397025591683,0.005971515321536724,1.1688118468817479,5.5235551373939895,-0.030876117380248563,-0.0004099876772847429,3.124744898681355,7.262139944568718,0.01313084196054758,0.00726948927798861,8.934925152667843,4.2102449118711105,-0.013298075975532673,0.0072666864948000755,8.696278493656967,5.853168967735146,-0.03878598157963588,0.016974714469047063,8.474651620077372,8.159932847155781,0.029448651635429302,-0.060680314015372244
483,4.9341135176432855,5.688317270478264,-0.018117605826847117,0.017920155756913792,1.6025712499307745,6.819780778401583,0.0043523892208450505,0.028616574925609345,4.3765276425459305,3.3657587530831012,0.007314947309123037,0.00867792261790833,2.883322157311964,2.18891492789713,-0.013481882105384375,-0.006525420552576443,8.762520507909713,2.4903750488898524,0.02729280444265063,0.005255533292322222,1.1672680410127354,5.523534638010125,-0.026034340443002242,-1.9896022440160773e-05,3.1254014407793824,7.262503419032617,0.013108617996214045,0.007970472450271186,8.934260248869066,4.21060824619585,-0.012410934971327923,0.007347449793119729,8.694339194577985,5.854017703458599,-0.038207857130978844,0.01653726829762923,8.476124052659143,8.156898831455013,0.029026163854977527,-0.058493924189134086
484,4.933207637351943,5.68921327826611,-0.018686417049757997,0.018023958491434077,1.6027888693918166,6.8212116071478635,0.0062026958360784715,0.02824572872580629,4.376893389911387,3.3661926492139966,0.007184716748224256,0.008893180066052588,2.8826480632066946,2.188588656869501,-0.012969996298466232,-0.006454153019227569,8.763885148131845,2.4906378255544683,0.02680224666774924,0.004547578146113816,1.1659663239905853,5.523533643209003,-0.021187727706419485,0.0003561307988825784,3.126056871679193,7.262901942655131,0.013066673090098513,0.008614517540574011,8.9336397021205,4.210975618685506,-0.011540881128664159,0.007412023724860326,8.692428801721436,5.8548445668734805,-0.037505686103318475,0.01602485103148388,8.477575360851892,8.153974135245557,0.028504873925229945,-0.05615299963556095
485,4.932273316499455,5.690114476190682,-0.019188659570209543,0.018079958295023735,1.6030990041836206,6.822623893584153,0.007988161911022014,0.02777534241998237,4.377252625748798,3.366637308217299,0.007022311600075719,0.009085024448841574,2.8819995633917714,2.1882659492185397,-0.012439838687692191,-0.006367114841929187,8.765225260465233,2.490865204461774,0.02626116054535563,0.003849468942164246,1.1649069376052643,5.523551449748947,-0.01635325084804203,0.0007152753496307478,3.1267102053336977,7.2633326685321595,0.013004972224472177,0.009200991249546346,8.933062658064067,4.211346219871749,-0.010691335009093427,0.007459427793615312,8.69055351741627,5.855645809425055,-0.036684356077526355,0.015439664317177408,8.479000604548153,8.15116648526378,0.02789731744804088,-0.053671107861919844
486,4.931313883520945,5.691018474105433,-0.019624354249827426,0.018089540237891687,1.6034984122791718,6.8240126607051526,0.00970633434201414,0.027210534161195572,4.377603741328802,3.367091559439741,0.006829254018293378,0.009253419246788831,2.881377571457387,2.1879475934764434,-0.011892786885414626,-0.006264698660457989,8.7665383184925,2.4910576779088824,0.025671116657859636,0.0031631111664611735,1.1640892750628622,5.523587213516429,-0.011547765316354291,0.001054980963072513,3.127360453944921,7.263792718094637,0.012886911069391382,0.009733194184392628,8.932528091313612,4.21171919126143,-0.009865498127098226,0.007488742597739026,8.688719299612393,5.856417792640914,-0.0357489148219569,0.014784069616230005,8.480395470420556,8.148482929870683,0.027215593421241677,-0.05106175751589104
487,4.930332665808454,5.691922951117327,-0.019993556222908063,0.018054206354175893,1.6039837289962724,6.825373187413212,0.011347844023954218,0.02655600116798323,4.377945204029716,3.3675542304020807,0.006607237519846913,0.009398452004216375,2.880782932113116,2.1876343585434204,-0.011330162624631431,-0.0061472449721680185,8.767821874325394,2.4912158334672054,0.025033756740695787,0.0024902817824769656,1.1635118867970444,5.523639962564582,-0.006787504063831822,0.001373042267351185,3.128004799498391,7.264279377803856,0.012717553784487856,0.010202875572159825,8.932034816407258,4.212093628391317,-0.009066384615059042,0.00749909791087294,8.686931853871295,5.857156996121725,-0.03470463921031788,0.014060904109732979,8.481756250091617,8.145929841994889,0.026471497604033386,-0.04833865617565676
488,4.9293329879973085,5.692825661435036,-0.020296738601319357,0.017975431487760707,1.6045511211974701,6.826700987471611,0.01290566654945547,0.025819834025815544,4.378275565905708,3.3680241530022914,0.006357989894376752,0.009520225911665472,2.8802164239818846,2.187326996294812,-0.010753441865358856,-0.006015274572643002,8.76907356216243,2.491340347556329,0.02435097882927115,0.0018326798951167505,1.163172511593853,5.5237086146779495,-0.0020891817229857605,0.0016693773060801969,3.128640677187615,7.264789521582464,0.012431158309219491,0.010565364688537953,8.931581497176506,4.212468583286861,-0.008296855495925093,0.007489719616237842,8.685196621910778,5.857860041327212,-0.03355656397244766,0.013271759195135705,8.483079824971819,8.143512909186105,0.025676259511491693,-0.04551539444528385
489,4.928318151067242,5.693724433009423,-0.020533978871099517,0.017853664169418824,1.605196404524943,6.827991979172902,0.01437850030208761,0.02500676119910222,4.378593465400427,3.3685001642978745,0.00608333504401302,0.009619045325353506,2.8796787518886164,2.18702623256618,-0.010164051393781213,-0.005869153285390248,8.770291111103893,2.491431981551085,0.023624766268140626,0.0011920698018658797,1.1630680525077037,5.5237920835432535,0.0025318788421282608,0.0019454001994568453,3.1292622351030763,7.265317789816891,0.012030133416293276,0.010822331231921849,8.931166654401709,4.212843069267673,-0.007559552745576049,0.0074599848438406365,8.683518793712157,5.858523629286969,-0.03231414426765278,0.012425454916314952,8.484363637947393,8.141237139463842,0.02484053943433467,-0.04260564935557409
490,4.927291452123687,5.694617116217894,-0.020705733007781075,0.017689751896872385,1.6059153295400472,6.829242317232857,0.015764494557630366,0.024121417368069706,4.378897632152627,3.368981116564142,0.005785105811582562,0.00969532486426993,2.8791705493189275,2.1867327749019103,-0.009563482071075944,-0.005709417552212735,8.7714723494173,2.491491585041178,0.022862491406804873,0.0005723760960537831,1.1631946464498102,5.523889353553226,0.0070611437839398225,0.002199982557049726,3.129863741773891,7.265858906378487,0.011517471258876932,0.010976061797138241,8.930788676764431,4.2132160685098645,-0.006856854589338446,0.007409341507114284,8.681903086498775,5.859144902032785,-0.030984074815128593,0.011526578595744245,8.48560566491911,8.139106856996063,0.02397464748599235,-0.03962292657397552
491,4.926256165473299,5.695501603812738,-0.020812693170301485,0.017484979511103792,1.6067035542679287,6.83044838810126,0.01704443687642748,0.023164582608506498,4.379186887443207,3.3694658828073556,0.005465246053563115,0.009749419926929983,2.8786923752153735,2.1864473040242998,-0.008953180799994973,-0.005536661929442098,8.77261547398764,2.491520203845981,0.02207512522519286,-2.102786359303797e-05,1.1635477036390072,5.523999352681079,0.01148403939427231,0.0024315489535916193,3.130439615336835,7.266407709468344,0.010896846463320863,0.01102929594521032,8.930445834034964,4.21358653558522,-0.006190896736140395,0.007337364922964759,8.680353882758018,5.859721230962572,-0.029572436033700255,0.010578766861812942,8.48680439729341,8.137125710667364,0.023088260480544007,-0.036580698240323506
492,4.925215530814784,5.696375852788293,-0.020855883068434763,0.01724097125032471,1.60755577611175,6.831606617231685,0.01822832109476263,0.02213775411458355,4.379460149745885,3.369953353803702,0.005125714527593609,0.009781684788441049,2.8782447161753737,2.1861704709278276,-0.008334739769611863,-0.0053515480286353435,8.7737192302489,2.4915191524528013,0.0212640796083277,-0.0005871749917131027,1.1641219056087209,5.524120930128759,0.015784999920142633,0.002634891433245276,3.1309844576600008,7.266959174265605,0.010172428374527108,0.010985227745860752,8.930136289198158,4.213953403831368,-0.005563703136201048,0.007243848710309528,8.678875260956334,5.860250169305663,-0.028085578425739555,0.009585860488818758,8.487958810317437,8.135296675755349,0.02218963217117492,-0.03349061110220715
493,4.924172736661362,5.697237901350809,-0.020836578241579105,0.016959112177468105,1.6084671921664881,6.832713504937415,0.0193167123391741,0.02104664759920579,4.379716435472265,3.370442438043124,0.004768492343054768,0.009792551956461972,2.8778279791868933,2.185902893526396,-0.0077095254164080895,-0.00515451991603758,8.774782434229317,2.4914897937032157,0.020430954940921616,-0.0011250959677707513,1.164911155604728,5.5242526747004215,0.01995070595861767,0.0028083991921271727,3.131493079078727,7.267508435652897,0.00934942122304262,0.010847676372524288,8.929858104041347,4.214315596266884,-0.0049769676790191175,0.007128481440700405,8.677470982035047,5.860729462330103,-0.02652972508869007,0.008551782207445973,8.489068291925996,8.133622145200238,0.021287746467968858,-0.030360413204653706
494,4.923130907749282,5.698085856959683,-0.02075290561377244,0.01666953132288085,1.6094330277834468,6.833765837317375,0.020310475994598218,0.019897194469586432,4.379954860089417,3.370932065640947,0.00439566417239761,0.00978252955913427,2.877442502916073,2.185645167530594,-0.007079317684088257,-0.004946435886892041,8.775803981976363,2.491433538904827,0.01957730094373877,-0.0016340297149580081,1.1659086909026588,5.524393094660028,0.023968768684280856,0.002951785743771826,3.1319605501398793,7.268050819471523,0.008433486705062998,0.01062085287589201,8.929609255657397,4.214672020338919,-0.00443229596471324,0.0069911938179170715,8.676144495780612,5.861157051440475,-0.02491146904132202,0.0074804845507012545,8.490132679249394,8.132104124540005,0.020394475126048958,-0.027197873826845135
495,4.922093262468594,5.698919333525827,-0.02060528092741208,0.01638712202464716,1.6104485515831766,6.8347606970408545,0.021210702080976314,0.018695200218126595,4.380174643298037,3.3714211921189037,0.004009138854371067,0.009752020298884015,2.877088537031869,2.1853978457362495,-0.006445571671042946,-0.004727888262356182,8.77678284702355,2.4913518374190793,0.018704712041026902,-0.0021131827464413006,1.1671071293368729,5.524540683947217,0.02782765534342621,0.0030648588631998347,3.1323822244751325,7.268581862115318,0.007434216698048723,0.010340210110317853,8.929387640859161,4.215021580029815,-0.003931086094732428,0.006832005958527141,8.674898922328547,5.861531075668011,-0.023246925144408494,0.0063899547102616965,8.491152403005696,8.130744230848663,0.019521467128178514,-0.024022127549870455
496,4.921062998422223,5.6997386896270585,-0.020395596629969644,0.016111617179452642,1.6115090866872255,6.835695457051761,0.02201826529647047,0.01744675308676106,4.380375100240756,3.371908793133848,0.003610988395439144,0.009701512935253556,2.876766258448317,2.1851614513231317,-0.005809821451817063,-0.0044997554658823815,8.777718082625602,2.491246178281757,0.017814871318942858,-0.002562007444546755,1.168498512104044,5.524693926890377,0.031516421033156855,0.003147403967869242,3.132753935310035,7.269098872620834,0.006411852126358164,0.010036410940248456,8.929191086554425,4.215363180327742,-0.0034743461326314454,0.006651145850296878,8.673736576071326,5.861850573403524,-0.02156439256570175,0.005317480606840724,8.492128476362105,8.12954312447117,0.018680911624214088,-0.020853885497673
497,4.920043218590725,5.700544270486031,-0.020126265219442416,0.01584253324461655,1.612609999952049,6.8365677947061,0.022734177802454774,0.016158262809977356,4.380555649660528,3.3723938687806103,0.003203133555279728,0.009631473874588261,2.876475767375726,2.1849364635498376,-0.005173589180026558,-0.004262628328511974,8.77860882619155,2.4911180779095297,0.01690946894169505,-0.002979860451639827,1.170074333155702,5.52485129708877,0.03502521310569141,0.0031992482101309643,3.133074527916353,7.269600693167846,0.0054044438501578695,0.0097192893870137,8.929017369247793,4.215695737620257,-0.0030622977331830506,0.006449181215826236,8.67265835644304,5.862116447433866,-0.019867051585529594,0.004268240393953198,8.493062521943315,8.128500430196286,0.017870991417548096,-0.017711640011294327
498,4.919036905329753,5.701336397148261,-0.019800024784199764,0.015579204883291585,1.6137467088421715,6.837375707846599,0.023360072021138018,0.014836395794764581,4.3807158063382925,3.37287544247434,0.00279816581510162,0.009522318154022793,2.876217087916725,2.184723332133412,-0.004538426066551712,-0.004017345040562114,8.779454299638633,2.4909690848869475,0.0159902576583689,-0.0033662776198323924,1.1718255938109865,5.525011259499277,0.03834513631285522,0.0032203498681888515,3.133344750108861,7.270086657637197,0.004412369613884104,0.009388341046307173,8.928864254361134,4.2160181966810475,-0.0026672750279857164,0.0062355892052760355,8.671665003863763,5.862329859453564,-0.018155951245640067,0.00324608378659355,8.493956071514193,8.127614848195721,0.01709639888384048,-0.014605918574853383
499,4.918046904090542,5.702115357392426,-0.019419740817539263,0.015321066968939466,1.6149147124432284,6.838117527636337,0.023897600863825624,0.013487670181557956,4.380855714629048,3.373351558382041,0.0024228074272737467,0.009326311748855511,2.8759901666133976,2.184522464881384,-0.003905731330428627,-0.0037648205333301035,8.780253812521552,2.4908007710059556,0.015059075527197673,-0.00372127568964773,1.1737428506266292,5.525172276992687,0.04146809001089428,0.0032107089405877115,3.1335653685895553,7.270556074689512,0.0034361189206820854,0.009043179978053954,8.928730890609735,4.216329976141311,-0.002286973552460814,0.0060117936245983475,8.67075720630148,5.8624921636428935,-0.016434376507018355,0.00225379655684697,8.494810891458386,8.12688455226698,0.01636295292653743,-0.01154509582720562
500,4.917075917049665,5.702881410740873,-0.01898838684617715,0.01506769556352423,1.6161095924864197,6.838791911145415,0.024348585624944512,0.012118508743361059,4.380976855000411,3.3738178739694837,0.002074773298727032,0.00904761768263648,2.8757948800468762,2.184334223854717,-0.0032767387878041535,-0.0035061574927442874,8.781006766297912,2.4906147072214733,0.014117644749886348,-0.004044817780711885,1.1758162551271738,5.525332812439716,0.044382481096399765,0.0031588340228886876,3.1337371745355895,7.271008233688415,0.002475908582447184,0.008683566273558822,8.928616541932112,4.216630565822541,-0.0019218362436248307,0.005778318249609136,8.66993548747613,5.862604853470736,-0.014706960513208654,0.0012932219783531366,8.495629039104712,8.12630729747562,0.015675623827955162,-0.008536998603268108
501,4.916126497707356,5.703634795519049,-0.01850898706077771,0.014818589615500732,1.617327021767667,6.839397836582583,0.024716310147892776,0.010736615566775623,4.381080593665348,3.3742702548536156,0.0017516054829225505,0.008690875804432431,2.875631043107486,2.18415891598008,-0.00265288044026902,-0.0032427856852212155,8.781712648535406,2.4904124663324376,0.013167754583365275,-0.004337194838197167,1.1780353791819937,5.52549075414086,0.04708230849922989,0.0030655927366574826,3.133860969964712,7.271442412002093,0.0015322646101695427,0.008309389664228943,8.92852045011993,4.2169194817350215,-0.0015720761880828385,0.005535716658446752,8.669200139450469,5.862669514569654,-0.012980029179666784,0.0003761654960678754,8.49641282029611,8.125880447545457,0.01503858540334407,-0.005589093874915085
502,4.915201048354318,5.704375724999824,-0.01798488528191285,0.014573181018098458,1.6185628372750616,6.839934667360922,0.02500546531821424,0.009348966630414547,4.381168173939494,3.374704798643837,0.0014508855213985407,0.008261206549041668,2.8754983990854726,2.183996776695819,-0.0020354213964085843,-0.002976012687655648,8.782371036264573,2.490195606590528,0.012211181618577791,-0.0045984832305546956,1.1803894946069553,5.525644033777693,0.04956259001613949,0.0029323913848025326,3.1339375831952205,7.271857881485305,0.0006056437244397529,0.007920627798322526,8.928441846310525,4.217196267567944,-0.001237945960517073,0.00528451262692716,8.668551137991486,5.862688322844457,-0.011259836896274831,-0.00048391341616047055,8.497164749566277,8.12560099285171,0.014455295467159186,-0.0027086139207319828
503,4.914301804090222,5.705104384050729,-0.017419616065017747,0.014330817845515176,1.6198131105409723,6.840402115692442,0.025223804210078065,0.007958555763826192,4.3812407182155635,3.375117858971289,0.0011701822897062265,0.007764027955391208,2.875396628015652,2.183847976061436,-0.0014256498616080546,-0.002707271246696373,8.782981595345502,2.489965682429,0.011249726288325143,-0.004829183636800583,1.1828676241077622,5.525790653346934,0.05181930494130944,0.0027607632909899178,3.1339678653814427,7.272253912875221,-0.00030322019255338837,0.007517379791844574,8.928379949012498,4.21746049319929,-0.0009197342709256653,0.0050254817604905,8.667988146146673,5.862664127173649,-0.009550688235972668,-0.001287887221319801,8.497887514339634,8.125465562155673,0.013928314038893615,9.78273788853081e-05
504,4.913430823286971,5.705820924943005,-0.016816700554482505,0.01409083848619388,1.6210743007514763,6.840800043480634,0.02537323826993639,0.006571084151283325,4.381299227330048,3.3755060603690588,0.0009070728590354882,0.007205232873939672,2.875325345522572,2.1837126124991015,-0.0008248160432915949,-0.00243792034824427,8.783544081659919,2.48972422324716,0.010285148047215295,-0.005029712171861167,1.1854585893548277,5.525928691511483,0.05384933520675991,0.002552609831746441,3.133952704371815,7.272629781864813,-0.0011937787780779475,0.007099857963059035,8.928333962298952,4.217711767287315,-0.0006174649611665254,0.00475923202651348,8.667510611734874,5.862599732812583,-0.007856751053546215,-0.0020366424919350213,8.49858393004158,8.125470453524617,0.013459555917760765,0.0028238478565974627
505,4.9125899882592465,5.706525466867315,-0.016179799220554396,0.01385246658963637,1.622342962664973,6.841128597688198,0.025455664788138217,0.005192260800168337,4.381344580973,3.375866322012756,0.0006592944880590402,0.006591018511363068,2.8752841047204076,2.1835907164816892,-0.00023464549592545263,-0.002168653641352912,8.78405833906228,2.4894727376385672,0.009319227211481882,-0.005200533740324165,1.1881510561151658,5.52605632200307,0.05565052647711132,0.0023098700323139847,3.133893015432911,7.272984774762966,-0.0020686531463879223,0.006670127612907376,8.928303089050894,4.217949728888641,-0.0003314785227729325,0.004485843146208488,8.667117774182197,5.862497900687987,-0.006182151853059078,-0.0027312916462553806,8.499256907837468,8.125611645917447,0.01305673692502681,0.005521218616740266
506,4.911780998298219,5.707218090196797,-0.015512704408757254,0.013614953745021686,1.6236157459043798,6.841388210728207,0.025480714385163136,0.003829258198157371,4.3813775456974025,3.376195872938324,0.00042446969650840387,0.0059278968613676215,2.8752723724456115,2.1834822837996217,0.0003437091756720281,-0.0019007861534976567,8.784524300422854,2.489212710951551,0.008353647984868836,-0.0053422473805111005,1.1909335824390215,5.526171815504686,0.057221577508462414,0.002034651289414388,3.1337895827755915,7.273318281143611,-0.002937152797939169,0.006234120893660869,8.928286515124755,4.218174021045951,-6.215568041338963e-05,0.004204756326030754,8.666808666589544,5.862361336105674,-0.004530918418381953,-0.0033729798385186264,8.49990974468372,8.125887706848284,0.012713313960811531,0.008201666128115216
507,4.911005363077781,5.707898837884048,-0.014819251677982375,0.013377502740225956,1.624889781623638,6.8415796736381145,0.025452377591978857,0.0024865114896152627,4.381398769182228,3.3764922677813924,0.00020049369536494834,0.00522252408639411,2.875289557904395,2.183387244491947,0.0009090081948895193,-0.0016358459987589325,8.784941982822097,2.4889455985825255,0.007390166096693826,-0.005455506880869355,1.1937946613144446,5.526273548069156,0.058562126575125203,0.0017293400240128457,3.1336427251356946,7.273629987188294,-0.003798259238364088,0.0057913475571162365,8.928283407340734,4.218384258862253,0.00019048084164128263,0.003916668940324151,8.666582120668625,5.8621926871137475,-0.0029070472409470317,-0.0039630898964835475,8.50054541038176,8.12629779015469,0.012384969481608308,0.010837373648063699
508,4.910264400493881,5.708567713021059,-0.014103305644385384,0.013139310030131803,1.626162400503237,6.841703999212595,0.025372011159312077,0.0011685923507962833,4.3814087938669966,3.376753393985712,-1.467050410652537e-05,0.004481735162817636,2.87533500831414,2.183305452192009,0.0014601920891661384,-0.0013751504397862757,8.785311491126931,2.488672823238482,0.006430468358403992,-0.005541153790298115,1.1967227676432008,5.526360015070357,0.05964242909671162,0.0014394384219308912,3.1334528121737764,7.273919554566151,-0.004650784100057471,0.00534143879953393,8.928292931382815,4.218580092309269,0.00042672534132466274,0.0036231247493883605,8.666436768306578,5.861994532618923,-0.0013141246577246424,-0.0045032251850946016,8.50116465885584,8.126839658837092,0.012044929826042092,0.013443795915917912
509,4.909559235211662,5.709224678522565,-0.013368607244483993,0.01289958808837013,1.6274310010612025,6.841762428830135,0.025240871627580472,-0.00012031776620405831,4.3814080603417915,3.376977480743853,-0.00022279614008808513,0.0037124632284126664,2.875408017918598,2.1832366946700197,0.0019961507219929437,-0.0011199467037716114,8.785633014544851,2.488395765548967,0.005476191662556481,-0.005599908946649369,1.1997048890980364,5.5264319869914535,0.060430328367365345,0.0012144108877515016,3.1332202729687735,7.274186626506127,-0.005492982457043516,0.004884712760705438,8.928314267649881,4.2187612485467385,0.0006467763766096588,0.0033273178171252843,8.666371062073692,5.861769371359669,0.0002443434605853324,-0.004995454730583555,8.501766905347143,8.127511848632889,0.011690999308010971,0.016018112886921922
510,4.908890804849438,5.709869657926983,-0.012619056112162635,0.012657481960817443,1.6286930446425816,6.841756412941825,0.025060136933576414,-0.001376348098501145,4.381396920534787,3.3771631039052736,-0.0004257272312774696,0.0029218296878121284,2.8755078254546977,2.183180697334831,0.002515920733298753,-0.0008713158699595535,8.785906824127979,2.4881157701016345,0.004529002704030823,-0.005632749493568402,1.2027264055164046,5.526492707535841,0.060932098893536076,0.0010497118338940261,3.1329456238459215,7.274430862144163,-0.006323693508865225,0.00442124245632061,8.928346606468711,4.218927614437595,0.0008496888413475509,0.00303354042301681,8.666383279246721,5.86151959862314,0.0017650915245072609,-0.00544178273913098,8.502351455312544,8.128312754277236,0.011322460436603463,0.01855346630163626
511,4.90825985204383,5.710502532025024,-0.011858934096090361,0.012411606212011742,1.6299460514892603,6.8416875955369,0.024830820356261083,-0.0025960363612915864,4.381375634173223,3.3773091953896643,-0.0006248533109560051,0.0021168787390075114,2.8756336214913625,2.183137131541333,0.003018274267401193,-0.0006297630877145732,8.78613327426318,2.487834132626956,0.0035905942547386402,-0.005640664494174264,1.2057730104610815,5.526545193127536,0.06115493942619656,0.0009405777200122891,3.1326294391704783,7.274651924266979,-0.007141511330963957,0.003951320694196906,8.928389090910779,4.219079291458746,0.0010354854598091598,0.0027420905902868146,8.666471533822946,5.861247509486184,0.003245186240460134,-0.005844287177665359,8.502917578334374,8.129240427592318,0.01093232680239383,0.021040552620069545
512,4.907666905339026,5.711123112335625,-0.011092307723156973,0.012160917015611398,1.6311875925070733,6.841557793718835,0.024553802926790068,-0.003776242134853779,4.381344391507675,3.377415039326615,-0.0008215527365341225,0.0013045558132312681,2.8757845352047324,2.183105643386947,0.0035021704781908734,-0.0003958389549427832,8.786312803975918,2.4875520994022473,0.002662608422643494,-0.005624707834547583,1.2088307574323913,5.526592222013536,0.06110687163294648,0.0008819644972214071,3.13227236360393,7.274849490301689,-0.007944977844716894,0.0034751538554168605,8.928440865183768,4.21921639598826,0.0012043912395285124,0.0024530897633990283,8.66663379313497,5.8609552951273,0.004681686491753317,-0.006205271788990325,8.503464194674494,8.130292455223321,0.010522966199895775,0.02347414451487498
513,4.907112289952868,5.711731158186406,-0.010322893342964216,0.011904519184357691,1.6324152826534128,6.841368981612093,0.024229950775157758,-0.00491421280218619,4.3813033138708475,3.3774802671172766,-0.0010168477276697196,0.0004918264582834627,2.875959643728642,2.1830858514392,0.003966786821569894,-0.00017043307096745617,8.78644593439705,2.48727086401052,0.0017466359067028277,-0.005585925205130327,1.2118861010140387,5.5266363202383975,0.06079671327592229,0.0008687744855529224,3.1318751147116943,7.27502324799446,-0.00873248521483122,0.002993197915513005,8.928501084745745,4.21933905047643,0.0013565671130465026,0.0021670065838729972,8.666867877459557,5.86064503153785,0.006072020337964751,-0.006526881571976668,8.503990342984489,8.131466162449065,0.01009662870444957,0.025849252332226798
514,4.90659614528572,5.712326384145624,-0.009554441577784581,0.01164159278185593,1.6336267801921707,6.841123270971984,0.02385995233501131,-0.006007496190949856,4.381252471484464,3.3775048584401905,-0.0012117262313499487,-0.00031462056710501653,2.8761579830697204,2.1830773297856516,0.004411437844123338,4.559253203634375e-05,8.786533266192384,2.4869915677502634,0.0008442338782613985,-0.00552544350478259,1.2149259366778349,5.5266797589626755,0.060233902750624166,0.0008960575163478559,3.131438490450953,7.275172907890235,-0.009502324278118002,0.002505949083153095,8.928568913101397,4.219447400805623,0.0014921889140652176,0.0018841390749325985,8.667171478476456,5.860318687459252,0.007413546920801856,-0.006811320408364958,8.504495174419711,8.132758625065676,0.009655348324558175,0.028160999667124317
515,4.906118423206831,5.712908463784717,-0.008790539137117429,0.011371235170266796,1.6348197778089213,6.840822896162437,0.023444521744500943,-0.007053891027107417,4.381191885172896,3.3774891274118355,-0.0014068170765771902,-0.0011081106603064153,2.8763785549619265,2.1830796094122533,0.0048354753453392725,0.0002516365922144448,8.786575477886297,2.4867152955750242,-4.313436865155775e-05,-0.005444406025096971,1.217937631815366,5.526724561838493,0.059428600041283114,0.0009586793959720587,3.130963374237047,7.275298205344393,-0.010252679328085768,0.002013925918746676,8.9286435225471,4.2195416077593695,0.0016115732922600266,0.0016047971807306642,8.667542155822497,5.859978121438833,0.008704059005762793,-0.007060898723198301,8.50497794183594,8.134166675049032,0.00920120302715007,0.0304047217110558
516,4.905678896249975,5.71347702554323,-0.008034578270308537,0.011092681174962987,1.6359920038961464,6.840470201611081,0.02298431651736433,-0.008051581417902886,4.381121544319067,3.37743372187882,-0.001602539731039051,-0.0018823279175825929,2.8766203287291936,2.183092191241864,0.0052383897055048685,0.0004472334482795393,8.786573321167864,2.4864430752737694,-0.0009140092652971038,-0.005344000382799852,1.2209090618174303,5.5267724958082916,0.05839155149282311,0.0010514820874782805,3.1304507402706427,7.27539890164033,-0.010981747324230063,0.0015176991367674727,8.928724101211714,4.219621847618406,0.0017150342896030898,0.001329141088750028,8.667977358772786,5.859625076502673,0.009941427589441993,-0.007277842749959058,8.505438001987297,8.135686911134584,0.008736263328573144,0.032575924273805186
517,4.905277167336459,5.714031659601978,-0.007290022007219356,0.010805165621317198,1.6371412197220145,6.840067622540186,0.02248063230956728,-0.009000022167101085,4.381041417332516,3.377339605482941,-0.0017991564551725426,-0.0026312124557711695,2.8768822482144687,2.1831145529142777,0.005619754751409981,0.0006320605017333126,8.7865276207046,2.4861758752546295,-0.0017670407664710768,-0.005225403775446314,1.2238286393920714,5.5268250699126655,0.05713410322190617,0.0011694863736743633,3.1299016529044312,7.275474786597169,-0.01168760825193106,0.0010179802676624913,8.928809852926193,4.219688304672843,0.0018028967514084335,0.0010575261916851634,8.668474430152258,5.859261184365175,0.011131089733030059,-0.007463325943449712,8.505874815153726,8.137315707348275,0.008262702563187516,0.03467014147736268
518,4.904912666236099,5.714571917883044,-0.006560051745764774,0.010507966175540557,1.638265251337493,6.839617621431831,0.02193480240250761,-0.009898608473822056,4.380951459509757,3.3772080448601525,-0.001996771557106022,-0.0033489323329099034,2.877163235952039,2.1831461559393643,0.005979174112166855,0.0008058055616072214,8.786439268666276,2.485914605065857,-0.0026008423191243896,-0.005089884664382983,1.2266853445531667,5.5268835442313495,0.05566801634253358,0.0013075148402827386,3.129317272491835,7.2755256856105515,-0.012368340606452812,0.0005154599802530664,8.928899997763763,4.219741180982427,0.0018755045219706055,0.000790253492992186,8.66903098463891,5.8588880180680025,0.012273258895661094,-0.007619307818008787,8.506287950281886,8.139049214422144,0.007782287263652718,0.03668329189367728
519,4.90458466364881,5.71509731619182,-0.005847613445512813,0.010200407815030982,1.6393619914576183,6.83912269100814,0.021348128412615606,-0.010746754536166369,4.380851620931901,3.3770405982435068,-0.002195267317666058,-0.004030103759459457,2.8774621946576473,2.183186446217445,0.00631635870524833,0.0009683777308179831,8.78630922655032,2.485660110832638,-0.0034141212475234757,-0.004938633279860217,1.2294687453702933,5.526948919973363,0.05400547702432965,0.001460850524727494,3.1286988554615123,7.275551458609564,-0.013021946887137283,1.0893763411726405e-05,8.92899377298986,4.219780693657077,0.0019331269397781846,0.0005276634842043752,8.669644647583693,5.858507052677102,0.013370890350128868,-0.0077406526884308225,8.506677064645068,8.140883379016827,0.007296580561777986,0.03861159807838635
520,4.9042922829765345,5.715607336582572,-0.005155658281437915,0.009881890395521392,1.6404293978782492,6.838585353281331,0.020721474979769536,-0.011543686425074516,4.380741857566018,3.376839093055534,-0.0023941259215011636,-0.004669720690316758,2.8777780125929096,2.183234865103986,0.006630913649882767,0.0011197233651853002,8.786138520487945,2.485413179168645,-0.0042057003599340215,-0.004772865184102405,1.2321690192215098,5.5270219624995995,0.05215897951842641,0.001624701213568688,3.1280477581171553,7.275552003297735,-0.013637182677747597,-0.0004923522105478388,8.92909042933685,4.2198070768312865,0.0019760549500034805,0.0002699945839008326,8.670313192101199,5.858120020042681,0.014429906935478905,-0.007818777491688928,8.507041893673156,8.142813958920748,0.0068071187672824034,0.040451362308339636
521,4.904034500062463,5.716101431102348,-0.004486873677961391,0.009551864809221794,1.6414654716272377,6.838008168960077,0.020055852775227378,-0.012288626625895081,4.380622151269943,3.376605607021018,-0.0025928377488985102,-0.0052632742203690625,2.8781095582754035,2.183290851272245,0.006922831495489571,0.00126004139521111,8.78592823546995,2.48517453590944,-0.0049743987393314135,-0.00459387826824953,1.2347769681974312,5.527103197560278,0.050137769622815596,0.0017940273340905613,3.127365898983268,7.275527385687208,-0.014204412887455812,-0.0009912537509613377,8.92918923208435,4.2198205765604815,0.0020046521409796234,1.7389098170959405e-05,8.671034687447973,5.857729081168096,0.01544719877937005,-0.00785825762350691,8.50738224961152,8.144836527036164,0.00631540764250461,0.04219902842141823
522,4.903810156378564,5.716579024342809,-0.0038437719708605224,0.009209780085697044,1.6424682642659991,6.8373937376287826,0.019352281410943816,-0.012980993667378602,4.380492509382498,3.3763424433099996,-0.0027907985577716866,-0.005806471697605452,2.878455699850178,2.183353853342006,0.007191869353141282,0.001389472636868695,8.785679515532983,2.4849448419960276,-0.005718835048072983,-0.004402784903984714,1.237283856678572,5.527192898926982,0.04795462880851124,0.0019640344376789932,3.1266556783388952,7.27547782299966,-0.014723294044496408,-0.0014852997479998212,8.929289464691399,4.21982144601539,0.002019050015454149,-0.00022977597360704003,8.671807047386942,5.8573361682869205,0.016419441060210923,-0.00786441205191772,8.507698019993645,8.146946478457235,0.005823094510814584,0.04385127271361784
523,4.903617967780021,5.7170395133470935,-0.003228668800584834,0.008855243951878715,1.6434358783365464,6.836744687945414,0.018611870650898765,-0.0136202885468896,4.380352969454609,3.376052119725119,-0.0029870464781656305,-0.006295731441668472,2.8788152933178353,2.183423326973849,0.0074381263155598384,0.0015082972319884992,8.78539357378058,2.4847247027508286,-0.006437753118270089,-0.004200679965768206,1.2396815881189975,5.527291100648866,0.045622957317245943,0.0021304086381683652,3.12591951363667,7.27540355801226,-0.015193588475348345,-0.0019739671709053854,8.929390417192172,4.21980995721671,0.0020196579828308577,-0.00047127487884107884,8.672628019439951,5.856942947684325,0.0173440584848182,-0.00784101598756501,8.507989174719187,8.149139042092916,0.005331886300227083,0.04540502098225192
524,4.903456534339992,5.717482275544687,-0.0026437211102171357,0.008487933052568902,1.6443664718690914,6.836063673518069,0.0178358870937937,-0.014206222554429946,4.380203617130701,3.375737333153036,-0.0031806241104736367,-0.006727778922385774,2.879187199633613,2.183498741835449,0.007661606853093599,0.001616954764825741,8.785071686124667,2.4845146687525403,-0.00713021045147722,-0.003988776023950625,1.2419627359848597,5.527397621080775,0.04315632563651894,0.0022889954918178324,3.1251598342129028,7.275304859653715,-0.015615078623058191,-0.002456690520610724,8.929491400091313,4.219786393472768,0.0020067811443851944,-0.0007068639835456377,8.673495222364192,5.856550896884946,0.018218708218123176,-0.0077918431509763145,8.508255769034198,8.151409293142029,0.004842940085908807,0.04685749127365784
525,4.903324348284481,5.717906672197316,-0.0020907520568294938,0.008107573951459696,1.6452582662237811,6.8353533623903475,0.017025544066678833,-0.014738678902148781,4.3800445859251775,3.3754009442069166,-0.003370525626315121,-0.0070999855982058265,2.8795702799762677,2.1835795895736902,0.00786234151312301,0.0017158207446425057,8.784715175602093,2.484315229951343,-0.007795296586745431,-0.0037683501080462817,1.2441205522666856,5.527512070855366,0.04056852665366028,0.0024359043054396814,3.12437908028175,7.275182025127684,-0.015987635592581623,-0.002932940805893455,8.929591739148533,4.219751050273591,0.0019807074650572297,-0.0009362586755419141,8.674406157775097,5.856161304727397,0.019041206867481925,-0.0077204072345059506,8.508497916038493,8.153752167705711,0.004357114174744524,0.04820622340612249
526,4.903219810681639,5.718312050894888,-0.001571277088515323,0.007713934213719536,1.6461095434271151,6.83461642844524,0.016182207633506605,-0.015217588672175583,4.379876059643862,3.3750459449270065,-0.0035554434487953227,-0.007410134525588951,2.879963397051924,2.1836653806109223,0.008040391390408966,0.0018053809434729463,8.784325410772755,2.4841268124459406,-0.008432213566892792,-0.0035405708416218046,1.2461489785993687,5.527633866070638,0.03787327800513599,0.00256772420323664,3.123579698502121,7.275035378087389,-0.016311559642316693,-0.003402131666060601,8.929690774521786,4.219704237339814,0.0019418415113733765,-0.0011591616766640908,8.675358218118472,5.855775284365672,0.019809393391992308,-0.007630280791550144,8.50871577174723,8.156162478876018,0.003875362241050638,0.049448994126395744
527,4.9031412468272135,5.7186977476055745,-0.0010867289519234115,0.007306916213459541,1.6469186538087905,6.833855549011631,0.015307401810538123,-0.01564303121319371,4.379698287471422,3.374675438200727,-0.003734023807419781,-0.007656616751655243,2.8803654166214443,2.183755649658096,0.008196013529982064,0.0018860563249415553,8.78390380009441,2.4839497839038596,-0.009040251351588417,-0.0033066660803595664,1.2480426424996254,5.5277622522808,0.03508795593501423,0.0027124589374403064,3.122764120520005,7.274865271504086,-0.016586823205115193,-0.0038636491732709746,8.929787866597355,4.21964627925598,0.0018906746491240021,-0.0013753181770557528,8.676348687788071,5.855393770326095,0.020520339340950704,-0.007521619533422603,8.508909539859284,8.158634928582337,0.0033984412638157976,0.050583845421896735
528,4.903086910379617,5.719063093416247,-0.0006381298667116576,0.006886463326267173,1.6476840238993173,6.8330733974509705,0.014402839113723585,-0.016015288925490853,4.379511586281051,3.3742926073631443,-0.0039049121866359753,-0.007838333304125122,2.8807752172979435,2.183849952474343,0.008329570775117371,0.001958610573559517,8.78345178752683,2.4837844505998414,-0.009618749074333358,-0.0030677787433231354,1.249797040296376,5.527897875227672,0.032220530701888545,0.0028692852188947206,3.1219347793597496,7.274672089045422,-0.016814103538753383,-0.004317100681927119,8.929882400329811,4.219577513347128,0.0018275488599585053,-0.0015844607008734708,8.677374704755119,5.855017689349424,0.021171442226554607,-0.007395403217292591,8.509079461922475,8.161164120853432,0.002927140259525217,0.05160904205240444
529,4.903055003886282,5.719407416582561,-0.00022644617318348225,0.006452641117251684,1.6484041658550035,6.832272633004696,0.01347022125567133,-0.016334745118155657,4.3793163406717195,3.373900690697938,-0.004066681055201535,-0.007954752223185502,2.881191695836699,2.183947883003021,0.008441251625503991,0.0020234378250404096,8.782970850073115,2.4836310616626753,-0.010167111433737922,-0.00282505063198899,1.2514080668314704,5.528041339488617,0.029305132297886356,0.003025426791992277,3.121094074182812,7.274456234011326,-0.01699425522482573,-0.004762080135386501,8.929973777772808,4.219498290312084,0.0017525263562248703,-0.0017860237490499383,8.678433276866446,5.854647919188559,0.021761288673664784,-0.007254873590777829,8.509225818935452,8.163744572956052,0.0024621886400193345,0.052523122959063806
530,4.903043681577622,5.719730048638423,0.00014775439441962906,0.006005624302528073,1.649077676917787,6.831455895748789,0.01251146154547865,-0.01660184179688203,4.379113006618959,3.3735029530867786,-0.004217873079551702,-0.008005848555212148,2.8816137584179744,2.1840490548942726,0.008531445746507141,0.0020813583883079537,8.782462494501427,2.483489809131076,-0.010684780381315399,-0.002579593000453162,1.2528733234463647,5.528192610828216,0.026374693406833155,0.0031382305729317074,3.120244361421571,7.274218130004557,-0.017127982343198647,-0.005198118892129574,8.930061404090619,4.219408989124632,0.0016655322595880981,-0.001979537923366017,8.679521341300129,5.85428517550902,0.02228854502835438,-0.007103172563716039,8.509348928367453,8.166370729104004,0.0020042830345839632,0.05332481707282499
531,4.9030510692973435,5.720030329853549,0.0004841440105514116,0.005545637144572307,1.649703249995061,6.830625803658945,0.01152845801855261,-0.01681701593822199,4.378902112964981,3.373102660659018,-0.004353742984904294,-0.007998473474317003,2.8820403307053,2.184153122813688,0.008600578566278909,0.0021328461202881135,8.781928255482361,2.4833608294810534,-0.011171299196475196,-0.0023325152401665328,1.2541920581167063,5.528349522356863,0.023444209439767345,0.003198860167304293,3.119387962304411,7.2739582240599505,-0.017215593347908845,-0.005624588868212019,8.930144680703599,4.219310012228464,0.0015671849682377334,-0.002164814735774136,8.680635768551547,5.853930016880834,0.022752142132307744,-0.006943261741894498,8.509449142519182,8.169036969957645,0.0015539807466477527,0.05401319907814399
532,4.903075276497871,5.720307611710778,0.0007828046315984315,0.005073045466891695,1.6502796728959885,6.829784952862034,0.010523309875976392,-0.016980728162679405,4.378684425815736,3.372702736985302,-0.0044532220194473315,-0.007971202364451025,2.882470359633614,2.184259765119702,0.00864901516326854,0.002178441933132226,8.781369690522537,2.483244203719045,-0.011626284919374633,-0.0020847620847487926,1.2553642685886948,5.528509465365229,0.02052223776103352,0.003207732814899419,3.1185271826370156,7.27367699461654,-0.017257565076114527,-0.00604079715963832,8.930223039952011,4.219201771491675,0.0014581542893694396,-0.002341569574095494,8.681773375658162,5.853582853793739,0.023151250735904433,-0.006778076654068395,8.509526841556514,8.171737629911553,0.0011117668090075625,0.05458757304422692
533,4.903114416729451,5.720561263984123,0.0010439135813788958,0.004588413650966455,1.6508058383897874,6.8289359164539,0.009498332013141462,-0.017093479160911917,4.378461764714764,3.3723041768670794,-0.004517248956336027,-0.00792411010249402,2.8829028103917773,2.184368687216359,0.008677420874323343,0.0022185302767990926,8.780788376276568,2.4831399656148077,-0.012049392215603041,-0.0018373769880125402,1.2563903804767464,5.528669852005974,0.017616362316621288,0.0031663647059581765,3.1176643043832097,7.273374954758558,-0.017254321465851655,-0.006446150700192962,8.93029594766648,4.21908469301297,0.0013390124275730604,-0.002509570725273526,8.682930938194957,5.853243949961036,0.023485078469897964,-0.00661040232726486,8.509582429896964,8.174467008563765,0.00067808378615085,0.05504748895600573
534,4.90316661240852,5.720790684666671,0.0012678582900838443,0.004092316509089638,1.6512807549904445,6.828081242495855,0.008455942515980551,-0.017155976371367974,4.3782359022669475,3.3719079713619546,-0.00454688550330544,-0.007857251450213376,2.8833366814354933,2.184479613730199,0.008686458056058381,0.0022534099195706497,8.780185906665789,2.483048096765407,-0.012440368883007216,-0.0015913806794995546,1.2572711985925775,5.528828170241272,0.014733910007489666,0.0030764970426212586,3.116801588309917,7.273052647223548,-0.01720654946065127,-0.006839990858551179,8.930362898287859,4.2189592144767065,0.0012107633485840315,-0.002668012781545705,8.684105192118452,5.852913429844673,0.02375325429537461,-0.006442684787093862,8.509616334086271,8.177219383011565,0.00025336530186835645,0.05539278362248228
535,4.903230005323024,5.720995300492126,0.0014553249561862537,0.0035853992615409386,1.6517035521162435,6.827223443677286,0.007398717795264074,-0.017168830175587024,4.378008557991782,3.371515108789444,-0.004543346104992871,-0.007770845454678643,2.8837710043382963,2.1845922842261776,0.008676654954637979,0.00228309874284033,8.779563888221638,2.482968527731432,-0.01279898916899507,-0.0013475815472046018,1.258007894092952,5.528981995093402,0.011882108641875729,0.002939673591009114,3.1159412608368844,7.272710647680621,-0.017057267765166154,-0.007205984495211456,8.930423436455287,4.218825813837629,0.0010743182584093565,-0.002816187192697263,8.68529285483322,5.852591295605318,0.02395556736090348,-0.006277260535630598,8.509629002351364,8.17998902219269,-0.00016199152789410235,0.055623574786113066
536,4.903302771570834,5.721174570455203,0.0016068172389344761,0.0030682456613101254,1.6520734880060068,6.826365002168506,0.006329683904301473,-0.017132182696304333,4.377781390686533,3.3711265665167103,-0.004508008373750692,-0.0076651167450740515,2.884204837086028,2.1847064391633197,0.008648755883063767,0.0023078403805936528,8.778923938763189,2.4829011486540717,-0.013125142059915709,-0.0011069418336117744,1.2586019995250457,5.5291289787729525,0.00906877350629662,0.0027654482248004116,3.115088397448626,7.272350348455861,-0.01680737417435824,-0.0075433664122634275,8.930477152368208,4.218685004477995,0.0009304099216507429,-0.0029539151447938745,8.686490633201265,5.8522774325785365,0.02409185263612435,-0.006116311847931905,8.50962090277497,8.182770200931994,-0.0005678607883244384,0.055740208910537374
537,4.90338311243278,5.721327982738268,0.001722987809188802,0.0025415128496058476,1.6523899722012219,6.825508393033691,0.005251870621692487,-0.017046387089585002,4.377555990267845,3.3707433106794564,-0.004442364660872464,-0.007540463188224244,2.8846372748801814,2.1848218311823495,0.008603344966854547,0.0023277145554981967,8.778267681660193,2.4828458015623913,-0.013418778754466223,-0.0008702706717738986,1.2590554382003605,5.5292672511841925,0.00630162787259911,0.002566068196738843,3.114248028739908,7.271973180135248,-0.01646107454097449,-0.007852272210273955,8.930523672864291,4.218537308720755,0.0007797334774778837,-0.003081230910506285,8.687695225833071,5.85197161698614,0.024162542999769904,-0.005961841440062238,8.509592509735553,8.185557211377521,-0.0009638826163798201,0.05574324998869929
538,4.90346926182324,5.721455058380749,0.0018047568136529515,0.0020058911227204095,1.6526525657323066,6.824656073679212,0.004168546144615957,-0.01691184176940569,4.377333872034801,3.3703662875200453,-0.004347949040903096,-0.007397242039468843,2.8850674421285243,2.1849382169101244,0.008541044329490158,0.0023426340943057864,8.77759674272247,2.4828022880288025,-0.013679857529395269,-0.0006384017816597699,1.2593705195939904,5.529395554594029,0.00358711276770924,0.0023449794119920174,3.1134249750128595,7.271580566524734,-0.01602234449482142,-0.008126527593102369,8.930562659538165,4.21838324717523,0.0006230339839504713,-0.00319799888926763,8.68890335298306,5.851673524914137,0.02416786234178708,-0.005815678429558141,8.509544315604733,8.188344373876957,-0.001349872237661444,0.055633534729530996
539,4.903559499663922,5.7215553529368846,0.0018532835626678059,0.0014620368768044005,1.6528609930395373,6.823810481590741,0.0030829052820318427,-0.01672903866617107,4.377116474582756,3.369996425418072,-0.00422652357615376,-0.007235950625062692,2.8854944943449987,2.18505534861484,0.008462704082216714,0.0023526824435191073,8.776912749846,2.4827703679397195,-0.013908478222482847,-0.00041201651886497726,1.259549875232376,5.529512803564629,0.0009314568770060383,0.00210580210767198,3.1126238577881185,7.271174240145079,-0.015491868744255892,-0.00832984823324165,8.930593811237362,4.218223347230767,0.00046101626599297463,-0.003304185553465224,8.690111746100149,5.851382740992659,0.02410844694175885,-0.005679416495609296,8.50947682199285,8.191126050613434,-0.001725681385615431,0.05541214866661835
540,4.903652163842056,5.721628454780725,0.0018697921866254398,0.0009107275799431096,1.6530151383036389,6.822974029657433,0.001997732688438245,-0.016498609973286327,4.3769051484039485,3.3696346278868186,-0.004079849583877569,-0.007057100054834741,2.8859176295491094,2.185172982737016,0.008369046931352113,0.0023579341089441284,8.776217325934876,2.482749767113776,-0.014104681439393208,-0.0001919091152811526,1.2595964480762263,5.529618093670012,-0.0016595421302189983,0.0018531608591552417,3.1118492643509055,7.270757747733417,-0.01487459596491038,-0.008464574346415761,8.93061686205066,4.2180581379530935,0.0002945010050581449,-0.0033998259266486384,8.691317168447236,5.851098770167879,0.02398512269654439,-0.005554404938361806,8.509390537923569,8.193896658046764,-0.0020911133649140225,0.055080431425994225
541,4.903745653451387,5.721673991159722,0.0018557623708324025,0.0003527224462993631,1.6531150249380608,6.822149099158769,0.0009155030741804326,-0.016220537797716494,4.376701155924755,3.3692817728840767,-0.003909632501973157,-0.006861282289054948,2.886336081895677,2.185290879442463,0.008260730018105004,0.0023583585432004027,8.775512091862907,2.482740171658012,-0.014268790162795232,2.1375791650068895e-05,1.2595134709697153,5.52971075171297,-0.004180444585072057,0.0015913732778977197,3.11110553455266,7.270334519016096,-0.01417571921146094,-0.008533140799826073,8.930631587100914,4.217888146656761,0.0001246326103256696,-0.003486962952196784,8.692516424582063,5.850821049920961,0.023798900649930697,-0.0054418723585561045,8.509285982255323,8.196650679618063,-0.0024460370453387127,0.054639894008686726
542,4.9038384415699285,5.721691627282037,0.0018129621380643438,-0.0002110855720422974,1.65316080009177,6.821338072268883,-0.00016834182595079302,-0.015901314575393732,4.376505674299656,3.368938708769624,-0.0037179115543499045,-0.0066491648881032645,2.8867491183965823,2.185408797369623,0.008138584827270005,0.0023539929991909145,8.774798652354768,2.4827412404475946,-0.014400950051539586,0.00022717696290071025,1.2593044487404617,5.529790320376865,-0.006625969143497007,0.0013237205995942991,3.110396748592087,7.269907861976105,-0.013400702739717357,-0.008538348259443013,8.93063781873143,4.217713798509151,-4.782858645453519e-05,-0.003565709878934733,8.69370636961456,5.850548956303034,0.023550910682465297,-0.005342926657526953,8.509163680403056,8.199382674318498,-0.0027903525891095028,0.05409232602087218
543,4.903929089676832,5.721681073003435,0.0017432735049800465,-0.0007798266197971812,1.6531523830004724,6.820543006540113,-0.0012519307986385143,-0.015543726264667745,4.376319778721938,3.3686062505252186,-0.003506610480917936,-0.006421456029665428,2.8871560476379456,2.1855264970195827,0.00800325359889457,0.002344787558025665,8.77407860485219,2.4827525992957398,-0.01450157796561067,0.0004249750930031659,1.2589731502832868,5.529856506406844,-0.008990112872706906,0.0010514977351527256,3.1097267134551014,7.269480944563132,-0.012557506749989383,-0.008484147026009454,8.930635427302107,4.217535513015204,-0.00022217179989352293,-0.0036358573455477126,8.694883915148683,5.8502818099701575,0.0232425296614425,-0.005258402306121973,8.509024162773601,8.202087290619541,-0.0031239512177496775,0.05343970931698937
544,4.904016253352081,5.721642081672445,0.0016486433082894872,-0.001352592843719553,1.6530897864605405,6.81976582022688,-0.002331601883519343,-0.015148096197453375,4.376144448197892,3.3682851777237355,-0.003277699215187078,-0.0061788456375047145,2.8875562103178902,2.185643736397484,0.007855488096560928,0.0023307370042982356,8.77335352595391,2.48277384805039,-0.014571054257147954,0.0006143086301309886,1.2585236446396515,5.529909081293602,-0.01126422192333843,0.0007720664339836282,3.109098838117602,7.269056737211832,-0.011653141493560663,-0.008374220659296557,8.930624318712113,4.217353720147927,-0.0003976620302154071,-0.003697138621250353,8.696046041631755,5.8500188898548515,0.022875264466788035,-0.005188995927806211,8.508867965212714,8.20475927608539,-0.0034467926981240136,0.05268416992021162
545,4.9040986855174955,5.721574452030259,0.001531323113449056,-0.0019283903363577835,1.6529732063663645,6.819008415417007,-0.003403757567752055,-0.014714982445520396,4.375980563237133,3.3679762354418603,-0.0030332065502538734,-0.0059221409820288,2.887948984722718,2.185760273247699,0.007696275522198173,0.0023120760312974296,8.772624973241053,2.4828045634818965,-0.014609802864187406,0.000794729782748771,1.2579604335434846,5.529947684615301,-0.013443793909536855,0.00048792785599339426,3.108516181042924,7.268638026178867,-0.01069393027818381,-0.00821190180982609,8.930604435610602,4.217168863216864,-0.0005736194119407184,-0.0037494136351274316,8.697189804855094,5.849759440058461,0.02245081345834897,-0.0051351418914284686,8.508695625577808,8.2073934845814,-0.003758841267445646,0.05182814002600867
546,4.904175251673168,5.721478032513441,0.0013935398989991733,-0.0025062449342988244,1.652803018487977,6.818272666294731,-0.004464737008560351,-0.014245026131329174,4.37582890290962,3.3676801283927587,-0.0027751158306732232,-0.005652177273322599,2.888333798498828,2.1858758770492637,0.007526156787957642,0.002288595277708474,8.771894483097844,2.482844299971034,-0.014618347935074017,0.0009657918885497274,1.2572882438480077,5.529972081008101,-0.015524795086967007,0.000201547398301546,3.107981484529015,7.268227431088376,-0.009686247820617548,-0.008000731750197306,8.930575754640005,4.216981392535108,-0.0007494207040025242,-0.003792476006096414,8.698312345528011,5.84950268296389,0.02197104039886163,-0.005097244018457098,8.508507683514436,8.209984891582701,-0.0040599471690445765,0.05087414729041416
547,4.904244928668118,5.721352720266726,0.0012376726353244374,-0.0030851556520394793,1.652579781637549,6.817560414988164,-0.005510874892819575,-0.013738854780030485,4.375690147118086,3.3673975195290926,-0.0025054469088449534,-0.005369796054464536,2.888710106338226,2.185990306813149,0.0073461421925682755,0.0022605905301258744,8.771163565701091,2.4828925895654614,-0.014597216970914052,0.0011271928264906528,1.2565120040936595,5.529982158378016,-0.01750344018815662,-8.47242809135872e-05,3.107497172137984,7.267827394500866,-0.008636515031220308,-0.00774424800443609,8.930538283604804,4.2167917687348035,-0.0009242839679671773,-0.0038262348370740177,8.699410897547954,5.849247820762967,0.02143792453506158,-0.005075451319048846,8.508304686155984,8.212528598947221,-0.0043500746401339396,0.04982499573943574
548,4.904306812299884,5.721198462484124,0.0010661666029767583,-0.0036640902116380444,1.652304237892908,6.816873472249163,-0.006538679133403949,-0.013197423183527823,4.375564874772644,3.367129029726369,-0.002226271046175009,-0.005075933490906613,2.8890774134478545,2.1861033363396554,0.007156959657754394,0.0022280409283791515,8.770433704852545,2.482948949206786,-0.014547005273097203,0.0012786066336704315,1.2556368320842517,5.529977922163971,-0.0193763917255273,-0.0003685946380023319,3.1070653463864226,7.2674401821006445,-0.007551287675859324,-0.007446040262274041,8.930492069406405,4.21660045699295,-0.0010975647286130437,-0.0038504666091871433,8.700482793774707,5.848994048197015,0.02085360530116723,-0.005069755599020249,8.508087182423978,8.215019848734194,-0.0046291163923531395,0.048683612706189934
549,4.904360120630034,5.7210152579735425,0.0008816555821971486,-0.004242026393436621,1.6519773039362378,6.816213601089986,-0.0075445663735753815,-0.012621740522963042,4.375453561220335,3.366875233051824,-0.0019395380596056043,-0.0047714609280496405,2.889435261430742,2.186214738386074,0.006959472705807182,0.0021911655195378543,8.769706354588891,2.4830128795384696,-0.014468323044174359,0.0014197755200004102,1.2546680124979754,5.529959492432071,-0.02114072311102058,-0.0006477592083860594,3.1066877820026297,7.267067880087531,-0.006437033603550783,-0.007109773464306786,8.930437191169975,4.216407933662491,-0.001268637137169982,-0.003865140776510535,8.701525474039766,5.848740560417063,0.02022058981754945,-0.0050800786272750375,8.50785572660436,8.217454029369504,-0.004897029212334715,0.047453066339766564
550,4.904404203409143,5.72080315665387,0.0006865885788278173,-0.004817893176474403,1.651600075617559,6.815582514063838,-0.008525195772994213,-0.012012942266819114,4.375356584317355,3.3666366600054216,-0.0016472894082202969,-0.0044573402358486815,2.8897832350660324,2.186324296662051,0.006754432355250808,0.002150006771911386,8.768982938436682,2.48308386831447,-0.014361922420256778,0.0015505232792494715,1.2536109763424244,5.529927104471652,-0.02279389444171096,-0.0009199619562600214,3.1063659303224522,7.266712391414315,-0.005300110394718042,-0.006739219839490548,8.930373759313117,4.2162146766236654,-0.0014367546454621802,-0.003870139619870762,8.702536503530643,5.8484865564857,0.019541138217832307,-0.0051060895994899,8.507610875143744,8.219826682686493,-0.005153762436130606,0.04613662669998962
551,4.904438532838085,5.720562261995046,0.0004836656832770894,-0.005390707456641625,1.6511738158289093,6.814981866950497,-0.009477201531875782,-0.011372376597655052,4.375274219846944,3.366413792993629,-0.001351421264781004,-0.00413453142161365,2.890120956683795,2.1864317970006466,0.006542795260633919,0.0021048954912782493,8.76826484231567,2.483161394478432,-0.01422851232408826,0.0016705943565031409,1.2524712816203387,5.529881106373838,-0.024333658622490418,-0.0011830958574314077,3.1061009248027163,7.2663754304223405,-0.004151698390604845,-0.006338989038757578,8.930301921580844,4.216021169642672,-0.001601301090474273,-0.0038654378072937937,8.703513560441534,5.848231252005725,0.018816711188341835,-0.005138813544822591,8.507353187021938,8.222133514021493,-0.005399293711999022,0.044737724406694955
552,4.904462716122248,5.7202927266222146,0.0002755355769471715,-0.005959413486667704,1.6506999557523154,6.814413248120614,-0.0103973847434408,-0.010701482967642182,4.375206648783705,3.3662070664225485,-0.0010538558790817317,-0.003804026530151026,2.8904480964468267,2.1865370417752104,0.006325262521590683,0.0020559121439088913,8.767553416699466,2.4832449241962573,-0.014068871713870211,0.0017799723604841053,1.2512545986892143,5.529821951580967,-0.025758271472441207,-0.0014351939586226305,3.105893339883186,7.266058480970402,-0.003018560821773401,-0.005916919096178904,8.93022185652632,4.215827897752307,-0.0017615913913203727,-0.0038510211826764964,8.704454396000951,5.847974311328484,0.018049083084847192,-0.005171103121306481,8.507083222336338,8.224370400241828,-0.005633287763813101,0.04325973345530588
553,4.904476492901096,5.719994755947881,6.491399646564225e-05,-0.0065229994777075756,1.6501800865151435,6.813878173972232,-0.011282862405527287,-0.01000211172847175,4.375153955989751,3.366016865096041,-0.0007564842084779795,-0.0034668161161511704,2.890764359572906,2.1866398373824056,0.00610275726505706,0.002003403926859129,8.766849973113771,2.4833339228142814,-0.013883765764229937,0.0018785060444062472,1.2499666851155922,5.529750191883036,-0.027046073036180982,-0.0017127320672620495,3.1057424118420975,7.2657626350155935,-0.0018952602545040758,-0.005471353002629771,8.930133776956753,4.2156353466931735,-0.001917050735707427,-0.0038268718646254376,8.705356850155194,5.847715756172418,0.017241154418374757,-0.005202892018774258,8.506801557948148,8.226533386914593,-0.005855233481743895,0.04170617070612866
554,4.904479738600919,5.719668605973996,-0.00014555484711365006,-0.007080443955161404,1.6496159433948672,6.813378068385808,-0.01213058685814207,-0.009275909458455675,4.375116131779327,3.3658435242902334,-0.00046102361179733834,-0.0031239168113365336,2.891069497436159,2.1867400075787486,0.005875985061015579,0.0019475690255728398,8.76615578482556,2.4834278481165017,-0.013674069545858546,0.0019661510714942486,1.2486143814637831,5.529664555279672,-0.028195126907812604,-0.0020153763973389228,3.1056476488293723,7.265489067365462,-0.0007756141970175416,-0.004997412117935314,8.930037924419967,4.215444003099942,-0.0020670413539363394,-0.0037929615423895405,8.706218907876114,5.847455611571479,0.016395745606209496,-0.0052342495276254735,8.50650879627406,8.2286186954499,-0.006064360475757682,0.04008050840911824
555,4.904472460858564,5.719314583776238,-0.00035324834942058824,-0.007630741835706662,1.64900941405196,6.812914272912885,-0.01293787440215414,-0.00852449889404797,4.375093080598737,3.3656873284496664,-0.00016920560397053322,-0.0027763150725781485,2.8913632966892098,2.186837386030027,0.005645822097744438,0.0018886361728743498,8.765472081348268,2.4835261556700763,-0.013440690912001773,0.0020429029772205177,1.2472046251183926,5.529563786459805,-0.02921781930504943,-0.002322438921709772,3.1056088681195213,7.265239196759565,0.00033000167214692526,-0.0044975521534602785,8.92993457235227,4.2152543550228225,-0.0022108953014565954,-0.00374944369647391,8.707038695156424,5.847193899095098,0.015515826077248314,-0.005265136159782963,8.506205578250272,8.230622720870356,-0.0062602924915343165,0.038386543100750035
556,4.904454798441093,5.718933046684453,-0.0005530703133268764,-0.008171269397386145,1.6483625203318524,6.812488047968183,-0.013702077846277408,-0.007749887966719502,4.375084620318539,3.3655485126960376,0.00011731951140021721,-0.002425047648166077,2.891645587794097,2.186931817838671,0.005413050686206314,0.0018270695399348472,8.764800046802668,2.4836283008189373,-0.013184511266344233,0.002108798269429979,1.24574373415314,5.52944766451372,-0.03013083096026088,-0.002608521356177743,3.1056253682031287,7.265014319151892,0.001424157058237204,-0.00397219406700839,8.929824027587197,4.2150668828379985,-0.00234806794082656,-0.003696307151007651,8.707814486460286,5.846930642287108,0.014611170993234375,-0.005286903279834627,8.505892563625695,8.232542048025394,-0.006442712134340369,0.03662812039819915
557,4.904427144925426,5.718524483214583,-0.0007418311452789714,-0.008700558503293227,1.6476774164395385,6.812100553569847,-0.014420961271274737,-0.006953807492909067,4.375090486294109,3.3654272603136293,0.00039693868361567893,-0.002071135640171127,2.891916240328407,2.187023171315668,0.005178348084177467,0.0017630464505725388,8.76414082123935,2.4837337407324087,-0.012906487263434572,0.0021639293353220347,1.244237192605127,5.529317238445911,-0.030932649405585776,-0.0028742987233449178,3.1056965760560407,7.264815709448542,0.0025100452800971363,-0.0034216105498294973,8.929706624190155,4.214882067480448,-0.0024780328885270603,-0.003633647273422404,8.708545045009949,5.846666297123116,0.013690677092458465,-0.005291783658963363,8.505570428018977,8.234373454045304,-0.006611506900408828,0.03480910678026635
558,4.904390053368163,5.718089455289419,-0.0009173150426073482,-0.00921781231383307,1.6469563683759747,6.811752863195202,-0.015092585663545778,-0.006137610824015968,4.37511033322829,3.3653237035316206,0.0006682072450981085,-0.001715543526251571,2.892175157732616,2.1871113236381965,0.004942476486052963,0.001696914846901301,8.763495496876178,2.4838419371991747,-0.012607573695176287,0.002208411286366907,1.2426905601348477,5.529173523509743,-0.03162217493532802,-0.0031206203893993454,3.1058220783200454,7.264644628921051,0.0035831177582722994,-0.002850078980244293,8.929582722545728,4.214700385116777,-0.0026003758922769076,-0.0035616726799748825,8.709229578864571,5.846401707940168,0.012757679254795767,-0.00527992183843275,8.505239852673958,8.236113909384317,-0.00676631692669686,0.0329334296342488
559,4.904344187616032,5.717628564673727,-0.0010775245046539714,-0.0097222585763268,1.6462017390927974,6.811445982654001,-0.015714858155000858,-0.00530356219148361,4.375143743590544,3.365237926355308,0.0009296008070573752,-0.0013593732472776934,2.8924222815569185,2.1871961693805417,0.004706228633608314,0.0016291083527118747,8.762865118191419,2.483952357763493,-0.01228875403820817,0.002242314530551237,1.2411094513880814,5.529017492490273,-0.03219870868502761,-0.0033480399324793773,3.106001234207959,7.264502124972038,0.004638981630442748,-0.0022617344304840708,8.929452703751114,4.214522301482779,-0.002714695365781928,-0.0034804936392579216,8.709867462827312,5.846137711848247,0.011815242649103858,-0.005251398285968429,8.504901536827623,8.237760580866029,-0.006906991711476409,0.031005152134275026
560,4.904290311390799,5.717142451744911,-0.0012205179101152828,-0.010213170859166218,1.6454159961850474,6.811180804544427,-0.016285865064013652,-0.004454055094328754,4.375190223630897,3.3651699576929444,0.001179898964391703,-0.0010035255784436627,2.892657592988599,2.187277624798177,0.004470254217471573,0.0015598214281578396,8.762250680489508,2.4840644734900206,-0.011951085902445955,0.0022658324118967066,1.23949951595383,5.528850090493649,-0.032661913143383514,-0.0035571504188005284,3.106233183289481,7.264389038250514,0.005673433279035697,-0.0016606933463286302,8.929316968982825,4.214348276800816,-0.0028206549153281697,-0.0033904409570500245,8.710458224959767,5.8458751419339485,0.010866565809632994,-0.005206418636139682,8.504556187242049,8.239310838472743,-0.007033482825973594,0.02902832180825431
561,4.904229285495293,5.716631793201953,-0.0013444944536610058,-0.010689935234510136,1.6446017029318467,6.81095810178971,-0.016804000417936497,-0.0035916461992832353,4.375249218579117,3.3651197814140223,0.00141777402363872,-0.0006490775011747641,2.8928811056994723,2.187355615869585,0.004235329588140937,0.001489641924048293,8.761653126194386,2.4841777651106156,-0.011595588154786271,0.0022791649770371515,1.237866420296661,5.528672232972709,-0.03301169219790603,-0.0037487952424448386,3.1065168549534325,7.264306003583198,0.006682240774272093,-0.0010511332683186673,8.929175936237058,4.214178754752964,-0.002917915539498473,-0.003291667364432662,8.711001553250249,5.845614821002141,0.009914696023847319,-0.00514519970084188,8.504204513100749,8.240762254563156,-0.007180761060336196,0.027057105494713376
562,4.90416206077261,5.7160972964402275,-0.0014477770095987729,-0.011151877797343565,1.6437615029109498,6.810778519479746,-0.017267504762161427,-0.0027190713595422436,4.375320107280299,3.3650873275389634,0.0016421501209602303,-0.00029691004662658394,2.8930928721788796,2.187430097965787,0.0040020068336386405,0.0014188864900586042,8.761073346786647,2.4842917233594677,-0.011223282642357987,0.0022825875249256277,1.2362158356867656,5.528484793210587,-0.033248409436928285,-0.00392394224547338,3.106850966992146,7.264253446919782,0.007661359941003928,-0.00043705664835084904,8.929030040460084,4.214014171384742,-0.003006193371172095,-0.0031844321474313727,8.711497288051442,5.845357561017099,0.008962089003111578,-0.005068759974442622,8.503845475047733,8.242115109837892,-0.007362341767767035,0.025117768166637012
563,4.90408967192213,5.715539702550361,-0.0015288024461193493,-0.011598431185954048,1.6428981276728418,6.8106425659117695,-0.017674532215345554,-0.0018399925354691672,4.375402214786347,3.365072482036632,0.0018519558628663964,5.200224925880017e-05,2.8932929725205616,2.18750104229029,0.0037708872158188547,0.0013478836967930976,8.76051218265453,2.484405852735714,-0.010835298128121538,0.002276276634322283,1.2345534152149191,5.528288596098313,-0.033372584910975944,-0.00408339758070674,3.107234034989196,7.264231594087365,0.008606874754069457,0.0001775877058584549,8.928879730791525,4.21385494977737,-0.0030852589324666508,-0.003069097404263168,8.711945392501597,5.845104123018377,0.008010921062018133,-0.004978899517214125,8.503477357959344,8.243370998246224,-0.0075713242205172416,0.023208788229202814
564,4.904013231799825,5.714959780991063,-0.0015863399273081233,-0.012029120053299501,1.6420144010620745,6.810550566284996,-0.01802381841396158,-0.0009569690014990496,4.375494812579491,3.365075082149095,0.0020463724305496162,0.0003967682970419962,2.8934815168813524,2.1875684364751296,0.003542641286935302,0.0012770366206620667,8.759970417748123,2.48451966656743,-0.010432638205283326,0.0022605672088249484,1.2328847859693703,5.528084426219277,-0.03338520507692004,-0.0042281506852481915,3.1076643787268994,7.2642404734726576,0.009515244697569022,0.000789022349946604,8.928725467844902,4.2137014949071565,-0.0031548853532029635,-0.0029459641383841628,8.712345938554698,5.844855178042516,0.007063707144047475,-0.004876370086917853,8.503098791748318,8.244531437657685,-0.007801098263481223,0.021328590257143565
565,4.903933914803459,5.714358324988399,-0.001619066975109141,-0.012443460484170154,1.6411132101413763,6.810502717834921,-0.018314430917847804,-7.268296664678325e-05,4.375597131201018,3.3650949205639473,0.002224458070622439,0.0007364936545223434,2.8936586489456992,2.1876322883061627,0.0033177198071140967,0.0012065978363477471,8.75944878583786,2.484632694927871,-0.010016462929242295,0.0022357766417118617,1.2312155257155244,5.527873018685015,-0.03328754547415877,-0.0043590293186020505,3.108140140961778,7.264279924590155,0.010382906903861174,0.0013936091654081204,8.928567723577242,4.213554196700238,-0.003214878545756484,-0.0028154249953918154,8.7126991239119,5.8446113595381695,0.006123056815053677,-0.0047617126015259085,8.502708736835144,8.245597867170542,-0.008045303336003387,0.019475665880417416
566,4.903852961454704,5.7137361519641905,-0.0016260679131670404,-0.012841071753897502,1.640197488595484,6.810499083686588,-0.01853854922508066,0.0007969069842425658,4.375708354104549,3.3651317452466736,0.0023855332901344247,0.0010703457193181355,2.893824534936055,2.18769261819798,0.0030966785896677693,0.0011371201769304307,8.758947962691398,2.4847444837599566,-0.00958784592866246,0.0022021761355719427,1.2295511484418165,5.527655067219085,-0.03308120685993338,-0.004476936491136665,3.108659286306971,7.264349605048425,0.011206569706438192,0.0019877502668727495,8.928406979649955,4.213413425450468,-0.0032651152030183325,-0.0026778919923931355,8.713005276752654,5.844373273908094,0.005191200406338429,-0.004635517147021567,8.502306471668344,8.246571650464563,-0.008297826236703956,0.0176484603491183
567,4.903771658059045,5.713094098376495,-0.001606358519784968,-0.013221563475341334,1.63927056113423,6.8105389290358005,-0.018677940647352387,0.0016163923394111469,4.375827630769056,3.3651852625326395,0.0025289632996187156,0.0013974799681187114,2.8939793688655384,2.1877494742068264,0.002879937102283927,0.0010688077883184734,8.758468570394964,2.484854592566735,-0.009147893242233437,0.0021601467876027234,1.2278970880988198,5.5274312203945275,-0.0327682165372243,-0.00458278191874292,3.1092196147922926,7.264448992561769,0.011983185072777876,0.0025678321227509834,8.928243723889803,4.213279530850848,-0.003305392296667243,-0.00253371158138588,8.71326483677297,5.8441414980507425,0.004270677075769161,-0.004498449060252136,8.501891580356508,8.24745407348202,-0.008552839121440017,0.01584532354590852
568,4.903691340133056,5.712433020202728,-0.0015592660075350213,-0.013584684168123438,1.6383366641018624,6.810619748652771,-0.018733644168127228,0.002387615674006708,4.375954078934036,3.3652551365310455,0.002654273497091288,0.001717200516696318,2.8941233657206524,2.1878029145962423,0.002667982612933608,0.0010021457033087347,8.758011175732852,2.4849625999061153,-0.008697715378993194,0.002110057401543752,1.2262586772719586,5.52720208129859,-0.03235107529340888,-0.004677521516732166,3.1098187740459315,7.264577384167906,0.01271012518310369,0.0031301741462279415,8.92807845427497,4.213152845271779,-0.003335775019283439,-0.0023833673050507897,8.713478370626758,5.84391657559773,0.0033637305656926387,-0.0043509591013437265,8.501463938400436,8.248246339659316,-0.008804900831201636,0.01406468526092727
569,4.90361337683268,5.711753785994322,-0.0014842576599045205,-0.013930195413664713,1.6373999818934561,6.810739129436471,-0.01870695395325487,0.003112324102613099,4.37608679260889,3.3653409965568803,0.00276100790701961,0.0020287149958044728,2.894256764851299,2.187853021881408,0.002461199571575614,0.0009373529689707641,8.757576289963902,2.4850681027761925,-0.008238433278792541,0.0020522808789539045,1.224641123507288,5.526968205222754,-0.031832554371940144,-0.004762100757961387,3.1104542803050865,7.264733892875218,0.013384944011805662,0.0036713066019196366,8.927911665524007,4.213033676906527,-0.0033559128210498344,-0.0022284826448999337,8.713646557155043,5.843699027642662,0.0024725826392428627,-0.004193622455118423,8.501023693358876,8.248949573922362,-0.009060505292037092,0.012307207478260586
570,4.903539163949684,5.711057276223639,-0.00137594521700577,-0.014213122154720858,1.6364646341957934,6.810894745641602,-0.018599498699653796,0.0037922260433611945,4.376224843004241,3.3654424323066707,0.002848929600940699,0.0023313513630733333,2.894379824829878,2.1878998895298563,0.0022599687028784475,0.0008748736399081384,8.757164368299962,2.4851707168201402,-0.0077711768221790005,0.0019872500985658624,1.223049495788691,5.526730100184856,-0.031218199985014447,-0.004843799604731838,3.111123527505677,7.264917458205314,0.01400527823471845,0.004187832770131931,8.927743869882955,4.212922252774281,-0.0033654868171168815,-0.0020710036925852293,8.713770186287006,5.843489346519906,0.0015993209491030921,-0.004027055284591591,8.500570668094275,8.249564934296275,-0.009314040726640783,0.010571235423957893
571,4.903470366688834,5.710346620115903,-0.0012311524963303016,-0.014407943905931695,1.6355346592608107,6.81108435694377,-0.018413267712343386,0.004428674149158366,4.376367289484288,3.3655589998748243,0.0029176958521470973,0.0026243310328305206,2.894492823265022,2.1879436332118516,0.0020646006960530006,0.0008148544925586169,8.756775809458853,2.4852700793250686,-0.0072970602434808424,0.0019153830379511126,1.2214885857894404,5.526487910204619,-0.030510901467787274,-0.004922504063160384,3.1118237914174127,7.265126849843821,0.014568780918954024,0.004676486316331134,8.927575595542098,4.212818702589652,-0.0033649101421786795,-0.0019113327794589097,8.71385015233446,5.843287993755676,0.000745843903209423,-0.0038516167077480012,8.500104966057943,8.250093496067473,-0.009560162088492476,0.008855012064849921
572,4.903408809064018,5.7096262229206065,-0.0010502944952173637,-0.014516394056514635,1.6346139958751935,6.811305790651228,-0.018150502498496226,0.005022991084325083,4.376513174276895,3.365690216426466,0.0029671874513492536,0.0029068024037138067,2.8945960532998245,2.1879843759364794,0.0018753294993300164,0.0007577164847259258,8.756410956446679,2.4853658484769663,-0.0068172558915549925,0.0018371196538939038,1.219963040716051,5.526241785001461,-0.02971387076555396,-0.0049982118980728485,3.1125522304633604,7.265360674159637,0.015073002313612112,0.005133942046396837,8.92740735003499,4.212723135950679,-0.003354680495019103,-0.001749649464513361,8.713887444529622,5.843095412920289,-8.58990540249597e-05,-0.0036679504547512285,8.499626957953518,8.250536246670716,-0.009797213858583533,0.007155312603389807
573,4.9033562943392575,5.708900403217781,-0.0008343129670544074,-0.01454089777627474,1.6337064707502686,6.8115569402054446,-0.01781381038879221,0.005576317346486218,4.376661533649463,3.3658355565466516,0.0029973902424440335,0.003178061768385812,2.894689819774791,2.188022261760716,0.0016924568612236702,0.0007037747759693151,8.7560700936521,2.485457704459661,-0.006332822866433304,0.0017529352934363195,1.2184773471777735,5.525991874406557,-0.028830562712537297,-0.005070789744076545,3.113305880579041,7.265617371261957,0.015515743007300504,0.005557210042335495,8.927239616010239,4.212635653477453,-0.00333494800483718,-0.0015863806660167867,8.71388314957692,5.842912015397552,-0.0008941026469214212,-0.0034765713607205206,8.49913709726059,8.250894012300886,-0.01002278651914891,0.005469277879273482
574,4.903314578690905,5.708173358328967,-0.0005840006536169456,-0.014486803086143717,1.632815780230829,6.811835756072769,-0.017410214300501995,0.006103051927703388,4.376811403161585,3.365994459635071,0.003008375005947108,0.0034373819501802762,2.894774442617852,2.1880574504995143,0.001516014819230529,0.0006531254787784849,8.75575345250878,2.485545351224333,-0.005844905949824493,0.001663234150575743,1.2170358190421466,5.525738334919353,-0.02785886544166709,-0.005135155560146312,3.1140816677294056,7.265895231764074,0.015895008479593405,0.005943599131152436,8.927072868609997,4.212556334444153,-0.0033058076665355212,-0.0014220069464176888,8.713838444444574,5.842738186829516,-0.0016771694709999813,-0.0032778564366756136,8.498635957934633,8.25116747619485,-0.010232112443664634,0.0037950838041063027
575,4.903285378658224,5.7074490181746595,-0.0003005824303551124,-0.014359686739877597,1.6319452695158039,6.8121409086691544,-0.016946402247298414,0.006614434587600596,4.376961821911882,3.36616632873258,0.0030002430697545954,0.003684143805849596,2.8948502433588135,2.188090106773453,0.001346242536987754,0.0006060032864422386,8.755461207211289,2.4856285129318616,-0.0053546122980052645,0.0015685284527282128,1.2156428757700632,5.5254815771413455,-0.026787553908216008,-0.005177443070733215,3.1148764181533855,7.266192411720632,0.016209083606837402,0.006290871181719408,8.92690757822667,4.212485234096832,-0.0032675005063964374,-0.001256944793171435,8.713754585971024,5.842574294007682,-0.0024334767898066293,-0.003072450891254669,8.49812435231245,8.251357230385056,-0.010420901587822998,0.002130709594165869
576,4.903270349536706,5.706731033837666,1.443966568275229e-05,-0.014165094582964464,1.631097949403439,6.812471630398535,-0.016425420026529487,0.007110003017651804,4.37711183406537,3.3663505359228725,0.002973354296909327,0.003917739368017061,2.8949175554856628,2.188120406937775,0.0011832927513975822,0.0005626704593975876,8.755193476596387,2.485706939354498,-0.004863041989200753,0.0014693598629238914,1.2143034980746525,5.525222704987809,-0.025621285097586162,-0.005198733353626675,3.115686872333727,7.266506955279718,0.01645608637237371,0.006596943756759569,8.92674420320135,4.212422386857173,-0.0032201811239673146,-0.0010916755137845868,8.713632912131533,5.8424206714631195,-0.003161608247969891,-0.002860724273255294,8.497603307233058,8.251463765864765,-0.01058503899596032,0.0004741659444328023
577,4.90327107151999,5.706022779108517,0.0003587857568339898,-0.013904914231640085,1.6302766784021125,6.812827130549417,-0.015850481073606665,0.007589315398427613,4.377260501780215,3.366546422891273,0.002928011926041598,0.00413778902960126,2.894976720123233,2.188148540460745,0.0010271706778664314,0.0005232178947278146,8.754950324496928,2.485780407347644,-0.0043712164980107965,0.001366148588087679,1.2130224338197733,5.524962768320128,-0.02436513285516406,-0.0051999703988435154,3.116509676652346,7.266836802467556,0.016634578069089065,0.006859948995717272,8.926583194145152,4.2123678030814835,-0.003164093153233672,-0.0009266684948347503,8.713474831719134,5.842277635249457,-0.003860235034440304,-0.0026431042460037524,8.49707405528326,8.251487474161987,-0.01072069804988202,-0.0011767018530015278
578,4.903289010807832,5.705327533396935,0.0007302102381066873,-0.013583800797019882,1.6294841543484322,6.813206596319338,-0.015224852095592673,0.00805199398549176,4.377406902376517,3.366753312342753,0.0028647300472125956,0.004343777210424884,2.895028078657126,2.1881747013554813,0.0008780201125998222,0.0004879130682763491,8.754731763672028,2.4858487147770485,-0.003880172572725457,0.0012593655049133014,1.2118041771770152,5.524702769800186,-0.023024501832114703,-0.005182051256287604,3.1173414055558,7.267179799917342,0.016743468677042135,0.0070785226972852194,8.92642498948749,4.212321469656742,-0.003099456386323119,-0.0007623618304610246,8.713281819967412,5.842145480037156,-0.004528124450658108,-0.002420125761186903,8.496538020380767,8.251428639069337,-0.010824438071468438,-0.0028241498339418697
579,4.903325521319737,5.704648343357084,0.0011262693190650537,-0.013206626213756187,1.6287229117436526,6.8136091960186125,-0.01455194694851702,0.008497461172583468,4.377550138878878,3.3669705012032742,0.00278411439262485,0.004535397330737902,2.895071979662756,2.188199097008895,0.0007356063623089516,0.00045667476871468464,8.754537755043392,2.485911683052294,-0.003390978999131364,0.0011495448200295579,1.2106529520854095,5.524443667237372,-0.021604993002401835,-0.005145918798388674,3.118178578989652,7.267533726052206,0.01678197215997995,0.0072514370174225715,8.926270016668173,4.212283351565219,-0.003026511849517966,-0.0005992107511378819,8.713055413744879,5.842024473749097,-0.005164065404747273,-0.0021921375059766822,8.495996798477194,8.251287431577639,-0.010892979315140808,-0.004470477620089465
580,4.903381834785691,5.703988012046396,0.0015442375773267343,-0.012778466911655647,1.6279953143962267,6.814034069077242,-0.013835324029672797,0.008925268062221773,4.377689344598509,3.367197271069811,0.002686850415693278,0.004712361786487742,2.8951087599808716,2.1882219307473307,0.000600141023482772,0.00042976376636371354,8.754368206093435,2.4859691602932954,-0.002904615156047982,0.0010370840219112944,1.2095727024352894,5.524186371297453,-0.020112512813793667,-0.005092663043632864,3.1190176775976513,7.267896297903078,0.016749695127246986,0.007377959552415117,8.926118691075697,4.212253391027662,-0.0029455560759259706,-0.0004376734675720328,8.712797210474642,5.841914866873799,-0.0057672211965067634,-0.001959588750383084,8.495452149511436,8.251063907696635,-0.01092346820853051,-0.006118140922809058
581,4.903459046664557,5.703349088700813,0.001981385865219076,-0.012304315548059327,1.627303548194743,6.814480332480353,-0.013078534285772497,0.009335034488531716,4.377823687119293,3.3674328891591356,0.002573581846581454,0.004874493998914256,2.8951387670320456,2.1882434189356488,0.00047142069527098766,0.0004071040667565387,8.754222975335633,2.486021014494391,-0.0024220518541270913,0.0009225094940776836,1.2085670767945997,5.523931738145271,-0.01855437065838481,-0.005022004595247789,3.1198551623540136,7.268265195880699,0.016646588405011306,0.007457652202302992,8.9259714132719,4.212231507354284,-0.00285693551754489,-0.000278104627399891,8.712508849414817,5.84181688743628,-0.006336591212962414,-0.0017228587289584926,8.494905976101009,8.250758000650494,-0.010913283637383545,-0.0077697230446581176
582,4.903558115957818,5.70273387292341,0.002434681051381071,-0.011789243733179551,1.6266496214804544,6.81494708420478,-0.012285400609720403,0.009727196310478218,4.377952366211622,3.3676766138590812,0.002445134954677577,0.005021629310186251,2.8951623380668092,2.1882637741389868,0.00034934255966136086,0.00038879401610184797,8.754101872742927,2.486067139969095,-0.0019442818832332313,0.000806285035170884,1.2076393582616805,5.523680637915509,-0.016939123900519857,-0.004933074343006818,3.120687491774264,7.268638078490814,0.016473056559799325,0.007490459838610544,8.925828566496024,4.212217602122914,-0.0027609485701276305,-0.00012096095121204788,8.71219201985417,5.841730744499832,-0.0068715544482214706,-0.0014823803204355886,8.49436031191914,8.250369514498262,-0.010860077178695762,-0.00942786614778083
583,4.903679850010387,5.702144410736751,0.0029010303998069364,-0.011238492577937227,1.6260353514499684,6.815433444020304,-0.011459751854885274,0.010101616786624261,4.378074622959356,3.3679276953245907,0.002302428396569247,0.005153674960575297,2.8951798051947923,2.188283213839792,0.0002337680358547889,0.0003748544760253128,8.754004658648766,2.4861074542208534,-0.0014721922349864663,0.0006888930702845465,1.2067924020666545,5.523433984198358,-0.01527317072628642,-0.004827179112925886,3.121511144602254,7.2690126014827445,0.01622968148195566,0.007476404069476697,8.925690519067517,4.2122115540753535,-0.0026580173090650083,3.332095696851676e-05,8.711848442131759,5.84165662548381,-0.007371530129526402,-0.0012386765555722763,8.493817308060205,8.249898121190872,-0.010761843881228531,-0.011095566483164244
584,4.903824901530378,5.701582486107854,0.0033771891826467116,-0.010657150828880054,1.625462363857224,6.815938524859635,-0.010605369190920049,0.010457912607881197,4.378189744379184,3.3681853790726195,0.002146365927682872,0.005270652929294154,2.895191493596585,2.1883019565635933,0.000124347691621276,0.000365300347688127,8.753931049037016,2.4861418988743678,-0.0010067388188773811,0.0005707422637644123,1.2060287435303403,5.523192625242712,-0.013563089625822554,-0.004705477476108579,3.122322628676352,7.269386421686218,0.01589555907749952,0.007411826656917977,8.925557618202063,4.212213220123202,-0.002548496009464407,0.00018448330705314942,8.711479865625282,5.841594691656032,-0.007835896133397366,-0.0009920551433472086,8.493279215866144,8.249343342866714,-0.010616734510877694,-0.012775679485822134
585,4.90399376098951,5.70104962856641,0.0038599469447211823,-0.01005032846671043,1.624932095397678,6.816461420490029,-0.00972629269515341,0.010795484375040004,4.378297062675568,3.368448911719084,0.001977928044425006,0.00537266342665185,2.895197710981166,2.1883202215809776,2.0974238600226497e-05,0.0003601212002774548,8.753880712096072,2.486170435987556,-0.0005487140041524589,0.00045231466817510237,1.2053505890490492,5.522957351368906,-0.011815463559614669,-0.004569088137231527,3.123117406630227,7.269757013019064,0.015473059376118791,0.007327377800849202,8.92543019340159,4.212222444288554,-0.0024328071192456723,0.0003320745938576765,8.711088070818612,5.841545088898864,-0.008264322771642948,-0.0007428729665709783,8.4927483791406,8.248704558892424,-0.010423207542517746,-0.014471252815747671
586,4.904186758336746,5.700547112143075,0.004346281730540236,-0.009423194331717472,1.6244457807629205,6.817001194708781,-0.008826802353609258,0.011113521464931735,4.378395959077789,3.3687175448904165,0.0017981585731372787,0.005459769776762694,2.895198759693096,2.1883382276409913,-7.659595719387904e-05,0.00035913821985897017,8.753853276395864,2.4861930517209645,-9.900925278012154e-05,0.000334023790739746,1.2047598158710684,5.522728896962045,-0.010037078888999473,-0.004419249382789938,3.123891059599033,7.270123381909107,0.01496448535227598,0.007222806422525022,8.925308553045628,4.212239048018247,-0.0023112915024711134,0.0004757856182873256,8.710674854680029,5.841507945250536,-0.00865654443106487,-0.0004916530560014894,8.492227218763475,8.247980996251636,-0.01017978180072602,-0.016185526171648913
587,4.904404072423273,5.700075952426489,0.004832792350061377,-0.008780413977470975,1.62400444064524,6.8175568707820275,-0.007911209817279035,0.011410725986416409,4.378485867006446,3.3689905333792547,0.001608164670096393,0.005532209658968493,2.8951949298952364,2.188356184551984,-0.00016855735591462032,0.00036225603900103237,8.753848325933225,2.4862097529105016,0.00034188704968150265,0.00021644258110624663,1.2042579619266185,5.522507934492905,-0.008234671311365615,-0.004257032606273649,3.124639283866647,7.270484522230233,0.014390525033114566,0.007102830223758641,8.925192988470505,4.212262837299161,-0.0021844353095246795,0.0006152639678798623,8.710242027458476,5.841483362597735,-0.00901195463440254,-0.00023858763661814233,8.491718229673438,8.247171719943054,-0.009885447731831634,-0.017921837599897794
588,4.904645712040776,5.699636931727615,0.005316161804802855,-0.008126717777591925,1.6236088801543762,6.818127407081349,-0.00698600640450781,0.011684262621047863,4.37856627523995,3.3692671438622033,0.0014179412891731217,0.005573449862395644,2.8951865020274408,2.188374297353934,-0.00025528248659184355,0.0003692861580145393,8.75386542028571,2.4862205750395567,0.0007731881219213784,9.996331234303228e-05,1.2038462283610503,5.522295082862592,-0.006415087537752638,-0.004083753207687048,3.1253588101183025,7.2708396637414205,0.013760245775221005,0.006969054059610638,8.92508376670503,4.212293600497555,-0.0020527015939904693,0.0007502548327788718,8.709791429726755,5.841471433215904,-0.009329936101053503,1.5943311968619645e-05,8.491223957286847,8.24627562806306,-0.009528046733358466,-0.019683343911493234
589,4.904911520131016,5.699230595838736,0.0057932444596366485,-0.007466716523882728,1.623259579834151,6.818711620212401,-0.006056229080308134,0.01193275301141567,4.378637172304408,3.369545816355323,0.0012317017336950257,0.00557675133834942,2.8951737379031113,2.188392761661835,-0.0003370254140239038,0.0003798716940888983,8.753904079691806,2.4862255732051737,0.001194130651957351,-1.5027330416916704e-05,1.2035254739841625,5.522090895202208,-0.004585134418593893,-0.0039006308470738507,3.1260468224070634,7.271188116444401,0.013082781990407124,0.006823069374096516,8.92498113162533,4.212331113239194,-0.0019164900795175079,0.0008802940418131657,8.709324932921701,5.841472230381503,-0.009610711230848577,0.00027157545636760693,8.490747554950179,8.245291460867485,-0.009106688460925185,-0.02147380504193347
590,4.905201182353998,5.698857260012542,0.006260975890763243,-0.006804670830857735,1.6229567683801356,6.819308257862971,-0.00512559866463011,0.012156103280204306,4.378698757391093,3.3698246539222403,0.0010488514473304704,0.005544199128899488,2.89515688663241,2.1884117552465394,-0.0004139411102872171,0.0003936363929039646,8.753963786224404,2.4862248218386527,0.0016040042269295039,-0.0001281173300665904,1.2032962172632329,5.5218958636598545,-0.0027515968251099684,-0.003708926535200087,3.1267009615065837,7.271529269913106,0.012372308408258573,0.00666786757532594,8.924885307121354,4.212375127941285,-0.001776304797883177,0.0010051960755258806,8.708844397360158,5.841485809154321,-0.009854830621693875,0.0005279079553427051,8.490292220527133,8.244217770615387,-0.008662202096202934,-0.02323877512844842
591,4.905514231148536,5.698517026470999,0.006716098704345664,-0.0061447664346962975,1.622700488446904,6.819916063026982,-0.004197853113759214,0.012354126045311758,4.378751199963459,3.370101863878685,0.0008688428124055817,0.00547818822463392,2.895136189576896,2.1884314370661846,-0.00048630599192192933,0.00041028744664227927,8.75404398643575,2.486218415972149,0.002002131961590606,-0.00023897290059524665,1.2031586374219774,5.521710417333095,-0.0009211530852189162,-0.003509913215402273,3.127319576926997,7.271862663291873,0.011631961723206656,0.006503424076382939,8.924796491881459,4.2124253877450615,-0.0016326151356650831,0.0011247970211438842,8.708351655829073,5.841512204552088,-0.010062932788346555,0.0007841674386279534,8.489859110422323,8.243055831858966,-0.008224897346118056,-0.024936050357246806
592,4.905850036083753,5.6982097881492635,0.007155578278906782,-0.005490941339772921,1.6224905957912161,6.820533769329248,-0.0032766040966398066,0.012526831376663366,4.378794642104079,3.3703757732899167,0.0006910857429370835,0.005381248842723432,2.8951118742773,2.1884519514385166,-0.0005544098865132609,0.00042937036988742987,8.75414409303383,2.4862064673271194,0.0023878991830414116,-0.00034725131529542695,1.2031125797677165,5.521534921672325,0.0009001491648087405,-0.003304211136873571,3.1279011750131573,7.272187834495692,0.010864745264289991,0.006329753033370648,8.924714861124675,4.2124816275961185,-0.0014858439133121014,0.0012388033257916577,8.707848509189656,5.841551412924019,-0.010235809727524067,0.0010395075202675413,8.489447865555016,8.241809029341104,-0.007795578873375022,-0.026563170174086503
593,4.906207814997698,5.697935241082275,0.007576648958929022,-0.004847020301637034,1.6223267655863842,6.821160110898081,-0.002371235992062742,0.012676243212836752,4.3788291963912265,3.370644835732053,0.0005151503404245332,0.005256081079397115,2.895084153782974,2.188473419957011,-0.0006187087695937434,0.0004503382900236022,8.754263487992981,2.4861891047613547,0.002760697551376182,-0.0004526366695498217,1.203157587225957,5.521369711115481,0.0027058156263956926,-0.003093058586109189,3.1284444122763717,7.27250432214736,0.010073897053836003,0.006146800057050709,8.924640568929009,4.212543567762408,-0.0013365696684075833,0.0013469929621674128,8.70733671870328,5.841603388300033,-0.010374347685788418,0.001292946958796854,8.489058086611347,8.2404808708324,-0.007374959698536955,-0.02811786373513382
594,4.9065866474456445,5.697692890067193,0.007976445251114805,-0.0042166760839938925,1.622208203786781,6.821793923058722,-0.0014886130199319664,0.012803696325345854,4.378854953908248,3.3709076397860227,0.00034064470432853254,0.005105484484493497,2.8950532183444944,2.1884959368715124,-0.0006793486725430765,0.00047278142511796543,8.75440152287055,2.486166472927877,0.0031199291575020136,-0.000554801882870226,1.2032928780072767,5.521215058186176,0.004489389253867616,-0.002877835038106648,3.1289481071290637,7.272811662150213,0.009262315367696897,0.00595464412357745,8.924573740445588,4.212610917410516,-0.0011851489112330914,0.0014491081401824958,8.70681800131899,5.841668035647973,-0.01047955658933952,0.0015441773001791787,8.48868933862642,8.239074977645643,-0.006963723784902655,-0.029598069371605328
595,4.9069854697082,5.697482056262993,0.008352508463867148,-0.0036030900847583815,1.6221337731357846,6.822434107874989,-0.000618572215784246,0.012889354655117686,4.378871986143464,3.3711629140102475,0.0001671501120195344,0.004932309277619931,2.895019250910867,2.1885195759427685,-0.0007366894584040918,0.0004963153252117183,8.754557519328426,2.4861387328337337,0.003465127967602569,-0.0006534791068841804,1.20351734746997,5.52107116643427,0.006244620872748841,-0.002659835776302723,3.1294112228974487,7.273109394356392,0.008432975222705023,0.005753334395141278,8.924514483000026,4.2126833728175255,-0.0010321098879529475,0.001545066152571515,8.706294023489523,5.841745244512982,-0.010552523105357432,0.0017923581189231825,8.488341152437176,8.237595074177063,-0.006562310716727339,-0.031001843599552326
596,4.907403095131394,5.697301901758755,0.00870526849568649,-0.0030067115739404963,1.6221028445249954,6.823078575607745,0.0002436078533046899,0.012921282005327711,4.378880343649065,3.3714095294741284,-5.548758281712237e-06,0.0047395401613635445,2.894982416437947,2.188544391709029,-0.0007910388361554422,0.0005203811967600916,8.754730775726806,2.4861060588783896,0.0037957798916166607,-0.0007483882055820067,1.2038295785136075,5.520938174645455,0.007965351460588922,-0.002440286421205608,3.129832871658584,7.273397061076149,0.007589006607769148,0.005542816494145368,8.92446287750563,4.212760626125154,-0.0008779163972093104,0.0016347001121498651,8.705766397334255,5.841834862418928,-0.01059440505406692,0.002036445588687236,8.48801303690134,8.236044981997086,-0.006171298659065329,-0.032327455649102145
597,4.9078383585561784,5.697151566180058,0.009033185311563451,-0.0024298751909702823,1.6221150249176606,6.823724639708011,0.0010956521525495705,0.01290036164376089,4.378880066211151,3.3716465064821968,-0.00017774694956684562,0.004530145435392621,2.894942864496139,2.188570410768867,-0.0008428371351104059,0.0005445863941656273,8.754920564721386,2.4860686394681104,0.00411146918714698,-0.000839303420550852,1.204227846086637,5.520816160324395,0.009645682392729272,-0.0022202468179052153,3.1302123219889726,7.273674201900856,0.006733751853345053,0.005322997288332258,8.924418981685768,4.212842361130761,-0.0007229785934640407,0.001717764149757848,8.705236677081551,5.8419366846983625,-0.010606482445214534,0.002275656653450603,8.487704471968387,8.23442860921463,-0.005788866690018736,-0.03357430425840061
598,4.908290017821757,5.697030072420509,0.009333992444880444,-0.0018751729928374095,1.622169807525288,6.824369657790199,0.0019354521676414665,0.01282778938569264,4.3788711788636725,3.3718730137539663,-0.0003494683036937759,0.004307049091703954,2.8949007226393837,2.188597640088575,-0.0008923011671643533,0.0005686209732754936,8.755126138180744,2.486026674297083,0.00441177713156398,-0.0009259181603991528,1.2047101302062733,5.5207051479835,0.011279860703361977,-0.0020006985803951898,3.1305490095816397,7.2739403517652725,0.0058705808570367266,0.005093808977418516,8.924382832756095,4.2129282493382485,-0.0005678750143004894,0.0017942679511502393,8.70470635295929,5.842050467531035,-0.010589839710806155,0.0025090391290129967,8.487415028633887,8.23274989400171,-0.00541457895062264,-0.03474134262087386
599,4.9087567174440006,5.696936313770868,0.009605663337715108,-0.0013453434404402777,1.62226658013367,6.825011047259483,0.0027608178004139123,0.012704987926763906,4.3788537054484875,3.3720883662085517,-0.0005207537988557861,0.004073217951491239,2.8948561075810253,2.188626071137239,-0.0009398734968047418,0.0005920460948925314,8.755346727037322,2.485980378389063,0.0046963811147278135,-0.0010080893739794483,1.2052741232414415,5.52060511305448,0.012862393451941956,-0.0017825607377921619,3.1308425386244916,7.274195042214143,0.005002666076062338,0.004855181525946531,8.92435443900538,4.213017962735806,-0.0004129185841037273,0.001864107953256742,8.70417686097375,5.842175919487485,-0.010545853718136097,0.002735604323329205,8.487144299686356,8.231012826870666,-0.00504885341844853,-0.03582729407953661
