step,agent_0_x,agent_1_x,agent_2_x,agent_3_x,agent_4_x,agent_5_x,agent_6_x,agent_7_x,agent_8_x,agent_9_x,agent_10_x,agent_11_x,agent_12_x,agent_13_x,agent_14_x,agent_15_x,agent_16_x,agent_17_x,agent_18_x,agent_19_x,agent_0_y,agent_1_y,agent_2_y,agent_3_y,agent_4_y,agent_5_y,agent_6_y,agent_7_y,agent_8_y,agent_9_y,agent_10_y,agent_11_y,agent_12_y,agent_13_y,agent_14_y,agent_15_y,agent_16_y,agent_17_y,agent_18_y,agent_19_y,agent_0_vx,agent_1_vx,agent_2_vx,agent_3_vx,agent_4_vx,agent_5_vx,agent_6_vx,agent_7_vx,agent_8_vx,agent_9_vx,agent_10_vx,agent_11_vx,agent_12_vx,agent_13_vx,agent_14_vx,agent_15_vx,agent_16_vx,agent_17_vx,agent_18_vx,agent_19_vx,agent_0_vy,agent_1_vy,agent_2_vy,agent_3_vy,agent_4_vy,agent_5_vy,agent_6_vy,agent_7_vy,agent_8_vy,agent_9_vy,agent_10_vy,agent_11_vy,agent_12_vy,agent_13_vy,agent_14_vy,agent_15_vy,agent_16_vy,agent_17_vy,agent_18_vy,agent_19_vy
0,1.7944589766124992,4.334121841129243,0.0028954959796842067,-0.08362640604523924,6.590562804743048,7.804487148310437,-0.15051160945509073,-0.009937666919393379,3.141046370462852,5.155642792381384,0.09533857038442729,-0.007513076308108324,4.902198284088291,3.2327507770553763,0.14574476025492647,0.05099729803634711,6.260691184653076,6.001122150390788,0.001960110243551298,-0.18917547387965183,1.298408325568219,1.4639732556142453,0.03904346679572248,-0.13020726995296458,3.791346885776731,1.6686227717621096,0.06711227317732107,-0.015875657117369962,7.4475797181619425,5.82582727291979,-0.03688861582726349,0.025289678297499046,8.189666711847357,5.479092019503297,-0.190140179794182,-0.23786647996315982,6.063826927826295,2.8103272037158455,-0.07619880507868476,0.1503338436626668,6.068651979080921,8.72900151376561,0.004828325462745406,-0.15273908293628818,5.176343231868371,6.401034611137675,0.027695326609851342,0.0553850656011421,5.659227611956998,1.1960724411671946,0.2108401990075509,-0.05037586095792758,5.14207291651794,4.979741761007779,-0.07437446374718437,0.1343240017460513,5.529582503984031,7.365896998504846,-0.10030110509230022,-0.015321144590552407,7.336847520006284,1.0616192507186646,-0.056263244130783235,0.18904939274695975,3.980593211214196,7.36894358994764,0.015360198128267694,-0.11462793183807035,8.80078239672399,2.38815554186983,0.017461291390491893,-0.01853489561891361,1.5917380534495598,7.097546922353904,0.003744292376719943,-0.14140045871135715,1.8034300635639522,1.5990945855214247,0.10618627308352496,-0.03476967939670106
1,1.7946037514114834,4.329940520826981,0.10289549597968421,-0.12661608919648437,6.583037224270293,7.803990264964467,-0.25051160945509077,0.05406056139214532,3.1458132989820737,5.1552671385659785,0.1953385703844273,0.09248692369189168,4.909485522101037,3.2353006419571937,0.24574476025492648,0.10922732261253425,6.260789190165254,5.991663376696806,0.04591985600828366,-0.2891754738796518,1.300360498908005,1.457462892116597,0.09666970228079938,-0.14652731375522593,3.794702499435597,1.6678289889062412,0.029536262354071252,0.08412434288263004,7.44573528737058,5.827091756834665,-0.02565040145367493,0.010705765805700644,8.180159702857647,5.4671986955051395,-0.2847100655249254,-0.3378664799631598,6.06001698757236,2.817843895898979,-0.17619880507868477,0.2503338436626668,6.068893395354059,8.721364559618795,-0.0951716745372546,-0.2152911177911771,5.177727998198863,6.403803864417732,0.09868643145108365,0.12933939151552504,5.669769621907376,1.193553648119298,0.2789047992368142,-0.008999267248935572,5.138354193330581,4.986457961095081,-0.17437446374718438,0.2343240017460513,5.524567448729416,7.365130941275319,-0.11199200035168057,-0.11532114459055241,7.334034357799744,1.0710717203560125,-0.03722011593835846,0.28904939274695973,3.9813612211206095,7.363212193355737,-0.07724173892732009,-0.17026997042182584,8.801655461293516,2.3872287970888846,-0.06050240055935248,0.0814651043810864,1.5919252680683957,7.090476899418336,0.10374429237671995,-0.24140045871135715,1.8087393772181284,1.5973561015515896,0.20618627308352497,-0.01946753540570756
2,1.7997485262104675,4.323609716367157,0.2028954959796842,-0.16734694406537323,6.570511643797539,7.806693293034074,-0.35051160945509074,0.09775618705494898,3.155580227501295,5.159891484750573,0.29533857038442735,0.1924869236918917,4.921772760113783,3.2407620080878203,0.34318943164736726,0.16806365159584113,6.263085182965669,5.977204603002823,0.08931698459028439,-0.38773733301051116,1.305193984022045,1.4501365264288357,0.15868082498435163,-0.13907400252051333,3.7961793125533005,1.6720352060503727,0.0024867179004503387,0.18412434288263005,7.444452767297896,5.8276270451249506,-0.01274439547509064,-0.0012292410214153685,8.1659241995814,5.450305371506982,-0.3784557322672502,-0.43786647996315986,6.051207047318425,2.830360588082112,-0.2640827126352186,0.35033384366266684,6.064134811627196,8.710600003729237,-0.1951716745372546,-0.2664621404447568,5.182662319771417,6.410270833993509,0.16262168745541716,0.19301728658464734,5.683714861869216,1.1931036847568512,0.34491725923017663,0.02943220433729185,5.1296354701432225,4.9981741611823844,-0.2743744637471844,0.3343240017460513,5.518967848711831,7.3593648840457915,-0.12893868119551066,-0.2153211445905524,7.332173352002827,1.0855241899933605,-0.01658552733915344,0.3890493927469597,3.9774991341742436,7.354698694834645,-0.16897443164582596,-0.22349741888526578,8.798630341265548,2.391302052307939,-0.13690918938534125,0.1814651043810864,1.5971124826872318,7.078406876482768,0.20374429237671995,-0.34140045871135716,1.8190486908723047,1.5963827247813043,0.306186273083525,-0.008813836961341102
3,1.8098933010094518,4.315242369163888,0.30289549597968424,-0.20544541940240174,6.552986063324784,7.811581102386822,-0.4505116094550907,0.13049567434533138,3.1703471560205165,5.169515830935167,0.3953385703844273,0.29248692369189166,4.9389322316961515,3.2491651906676124,0.4201505317488382,0.238514708553086,6.267551032195183,5.957817736352298,0.13079683440565304,-0.48610926790125825,1.3131280252712625,1.4431828263028101,0.2303696677577891,-0.11565504999585131,3.796303648448323,1.6812414231945043,-0.019908655980412852,0.28412434288263005,7.443815547524141,5.82756558307388,0.0019897013500321924,-0.011444311120053903,8.147001412968038,5.428412047508824,-0.47207121054445667,-0.5378664799631598,6.0380029116866645,2.8478772802652452,-0.29538316796702097,0.4163506130718465,6.054376227900333,8.697276896706999,-0.29517167453725457,-0.3071185401716245,5.190793404144188,6.419921698322741,0.21376944045567656,0.2351105397203285,5.700960724830725,1.1945752949737158,0.4083857393403451,0.06489053663747801,5.115916746955864,5.014890361269687,-0.3743744637471844,0.43432400174605135,5.512520914652056,7.348598826816263,-0.14327667833401087,-0.30981493903177554,7.33134407563587,1.1049766596307085,0.0037564635489653053,0.4890493927469597,3.9690504125919523,7.343523823890382,-0.25916458595986713,-0.27438887787345545,8.791784881796282,2.400375307526993,-0.21125529662983283,0.2814651043810864,1.6072996973060678,7.061336853547201,0.30374429237671996,-0.44140045871135714,1.834358004526481,1.5959420329332372,0.40618627308352495,0.0019045347577808305
4,1.825038075808436,4.304970098193769,0.4028954959796842,-0.2416463123276642,6.53046048285203,7.818105886104089,-0.5505116094550907,0.16488202903016108,3.1901140845397378,5.184140177119762,0.4953385703844273,0.39248692369189164,4.959939758283594,3.261090926095267,0.49074544451624846,0.3152837267263038,6.2740908739154655,5.933512272957235,0.16475313859819607,-0.5829729549396798,1.324646508659152,1.4374000738030175,0.3084582612407603,-0.08222077222294788,3.7953082156493023,1.6954476403386358,-0.03983858356792201,0.3841243428826301,7.443915032591643,5.826993367517877,0.01728060688525329,-0.016975666486164706,8.123397852440815,5.401518723510666,-0.5662239293268816,-0.6378664799631598,6.023233753288314,2.8686948109188375,-0.30808760444801997,0.45238456530802207,6.03961764417347,8.681920969698417,-0.39517167453725455,-0.32630501008415347,5.201481876166971,6.431677225308758,0.24927272061848785,0.250500029847892,5.721380011797742,1.1978198218055898,0.4701176083226602,0.0977294176532556,5.097198023768504,5.03660656135699,-0.4743744637471844,0.5318162912892033,5.505357080735355,7.333108079864675,-0.1730498153073919,-0.3782719047166663,7.331531898813318,1.1294291292680565,0.023722212037868354,0.5890493927469597,3.956092183293959,7.329804379996709,-0.34740610350365986,-0.3229775710153927,8.781222116964791,2.4144485627460472,-0.28315353648083075,0.3814651043810864,1.622486911924904,7.039266830611633,0.40374429237671994,-0.5414004587113571,1.8546673181806572,1.5960372596711263,0.5061862730835249,0.014060137630152505
5,1.8451828506074202,4.2928877825773855,0.49046559700240455,-0.26822522744683536,6.502934902379276,7.826349987555597,-0.6505116094550907,0.20199015531285303,3.2148810130589593,5.203764523304356,0.555587654618665,0.4684330222579469,4.984477030509406,3.276855112431582,0.5907454445162484,0.3866828134400947,6.282328530845375,5.904363625210251,0.18186656939624982,-0.6829729549396798,1.34006942172119,1.4332890351918701,0.37962909196738387,-0.04416924448437671,3.793316286470906,1.7146538574827672,-0.05957447270471324,0.48412434288263007,7.444779062935906,5.826144584193569,0.033003826399146424,-0.021661586590549127,8.095086655974471,5.369625399512508,-0.6551321903875963,-0.7378664799631598,6.0078293730659125,2.8913140391842385,-0.32201877604407025,0.4835027347349401,6.019859060446607,8.66560571919421,-0.4911420846458208,-0.33704854390406735,5.2139455121978955,6.444202226801153,0.2659158409669414,0.2530644964062888,5.744885892213875,1.2027062926882526,0.5283622539182107,0.12903343138235107,5.073479300581145,5.06319737592145,-0.5743744637471844,0.6050984377430607,5.496704589969986,7.314194484628842,-0.2056071716649664,-0.4181192011930304,7.332718009415212,1.1588815989054044,0.04281900527221665,0.6890493927469596,3.938721878118776,7.31365550144594,-0.432750340592817,-0.36832241547588007,8.76706444014075,2.4335218179651017,-0.35288278715031013,0.48146510438108636,1.64267412654374,7.012196807676065,0.5037442923767199,-0.6414004587113571,1.8799766318348334,1.596740266552634,0.6061862730835249,0.02494831404154281
6,1.8697061304575404,4.279476521205043,0.5709030188011106,-0.28834233150033267,6.470409321906521,7.836449495321239,-0.7505116094550907,0.2511440405581762,3.2426603957898927,5.227186174417254,0.5877124183458531,0.5244432625743379,5.014014302735218,3.296189253103587,0.6907454445162484,0.47386336830688547,6.291421859315188,5.870214977463267,0.19322662013410763,-0.7829729549396798,1.359050876319559,1.4310805729676512,0.44760588263396406,-0.005940795258950984,3.79033756283567,1.7388600746268987,-0.08025414476711025,0.58412434288263,7.446429254255863,5.825061504864042,0.05151921506672989,-0.037440366574069635,8.062330046455092,5.3327320755143495,-0.7373450497797625,-0.8378664799631598,5.991728434263709,2.9154891759209853,-0.3492187059966917,0.5133432487987752,5.995301956214316,8.648753291999006,-0.582488837289406,-0.3406053613015426,5.227241304246243,6.456855451621467,0.26620628359758997,0.24957653429445809,5.771304004909786,1.2091579642573702,0.5833063161511819,0.1615933596803476,5.044760577393785,5.093452297808603,-0.6743744637471843,0.6209558377431561,5.486424231386738,7.29328852456919,-0.23849080384804133,-0.43872423482912354,7.334858959678822,1.1933340685427525,0.0596575632904242,0.7890493927469596,3.917084361089135,7.295239380672146,-0.5126614354967629,-0.41165079606059685,8.749420300783235,2.457595073184156,-0.42015129582302435,0.5814651043810863,1.6678613411625758,6.980126784740497,0.6037442923767199,-0.7414004587113571,1.9102859454890098,1.5979876822547112,0.7061862730835249,0.03243824786012153
7,1.898251281397596,4.265059404630027,0.6501450813697751,-0.31388620302228243,6.432883741433766,7.849006697349148,-0.8505116094550906,0.29845639559968007,3.2720460167071854,5.25340833754597,0.5896639887822115,0.5656220940324297,5.048551574961031,3.319882421518931,0.7887425019541452,0.5669453373296364,6.301083190321893,5.831066329716283,0.21154074477791027,-0.8829729549396798,1.3814311704512572,1.4307835332047036,0.5132898018253246,0.03300210206084272,3.786324855597315,1.7680662917710301,-0.10283580998498669,0.68412434288263,7.449005215009199,5.823189486535338,0.06706561740189683,-0.06427316767766156,8.025462793966103,5.290838751516191,-0.8108555475882189,-0.9378664799631597,5.974267498963874,2.941156338360924,-0.4004447914211149,0.48267810149424034,5.9661775143498454,8.631723023933928,-0.6708437347884906,-0.33725229865694173,5.240551618426122,6.4693342783361905,0.2414727357312455,0.22436448182997293,5.800469320717345,1.2172376322413876,0.6350241041322152,0.19568942186372773,5.011041854206426,5.12450008969576,-0.7357724453908611,0.602275222020023,5.474499691194335,7.271352312827734,-0.27769711197449093,-0.45864908708113006,7.337841837843343,1.2327865381801004,0.07357566507799135,0.8890493927469596,3.891451289314297,7.274656840869116,-0.5881829165339028,-0.4526439322281231,8.728412735992084,2.4866683284032103,-0.4817812706650959,0.6814651043810863,1.6980485557814118,6.943056761804929,0.7037442923767199,-0.841400458711357,1.945595259143186,1.5996095946477173,0.8061862730835249,0.025234030396389766
8,1.9307585354660848,4.249365094478913,0.7239954269813473,-0.3385895015314034,6.390358160961012,7.863929517129132,-0.9241445709667025,0.2852971250150968,3.301529216146296,5.2816894422475915,0.585308755992099,0.5936480102511873,5.087988700058738,3.348229688385413,0.8887425019541452,0.6560483446462257,6.311660227560788,5.786917681969299,0.24470948087810712,-0.9779912106502816,1.4070956605425233,1.4324336383077458,0.5774525329959789,0.07302487461142561,3.7811830650980656,1.8022725089151617,-0.12636647353488675,0.78412434288263,7.452358495879294,5.819975828151455,0.08285241421013963,-0.09862040979458966,7.984920016586692,5.2439454275180335,-0.880705092351784,-1.0373829968870643,5.954245259392819,2.965290243435636,-0.47193148504179666,0.47121398924224334,5.932635327610421,8.61486040900108,-0.7581203008170856,-0.33047866514706736,5.252625255212684,6.480552502427689,0.19655400785648963,0.18878776874479836,5.8322205259239555,1.227022103334574,0.6838443583388726,0.23130983111398712,4.974253231936883,5.154613850796761,-0.7820660199624706,0.5725015992687871,5.460614835595611,7.248419858473677,-0.3378022867543829,-0.47218715561407376,7.341520621097243,1.2772390078174485,0.08456829788429246,0.9890493927469596,3.862042143487602,7.25202464425771,-0.6637759410261665,-0.49149662685874596,8.704323672458829,2.5207415836222644,-0.5399180020512806,0.7814651043810863,1.7332357704002477,6.900986738869361,0.7908518732769121,-0.8936796211182785,1.9859045727973623,1.6008712961675369,0.9061862730835248,0.010357217699932857
9,1.9669583068151522,4.2324356194023425,0.7913160420345242,-0.35334057226924215,6.344150932412677,7.878194373379887,-1.0026489366493045,0.26097809169037833,3.330794653945901,5.311371842760151,0.5607626289707862,0.6111961839171877,5.132425825156446,3.381032105617724,0.9804601981440255,0.7384073307855232,6.323895701604693,5.7380181214367845,0.27162111508487896,-1.0633442394245431,1.4359682871923223,1.4360848820383172,0.6338908240688244,0.11135773031287215,3.7748647414213212,1.841478726059293,-0.1523756099732565,0.88412434288263,7.456501116589801,5.815044807661726,0.09717205758839738,-0.13234745962216535,7.9408847619691025,5.192076277673681,-0.9440530459097521,-1.1373829968870643,5.930648685140729,2.988850942897748,-0.5613338984100218,0.4918166804157968,5.894729312569567,8.598336475743727,-0.8417317831989063,-0.3198412410058988,5.262452955605508,6.489991890864929,0.10088258656704566,0.20576484348711555,5.8664127438408995,1.2385875948902734,0.729911965741674,0.2692015766813089,4.93514993093876,5.183238930760201,-0.823397597263496,0.5374653393791844,5.443724721257892,7.224810500692974,-0.39929272712303526,-0.4898961724140005,7.3457490359914575,1.3266914774547964,0.08575103843850598,1.0890493927469596,3.8288533464362935,7.227449812914773,-0.7349919282316719,-0.5351455910253872,8.677327772356264,2.559814838841319,-0.5933782185734974,0.8814651043810863,1.7727783640640933,6.856302757813447,0.8474847019893754,-0.9031094268440913,2.0312138864515386,1.6013891570525336,0.9968146407459546,-0.01728631982142945
10,2.0065241089168784,4.21476859078888,0.8601381398128445,-0.35354256000051265,6.294018485580212,7.8912432779644055,-1.0935394753417789,0.246653323802786,3.35883278539444,5.34193165195601,0.5279372841698371,0.6235550170215597,5.181448835063647,3.4179524721570003,1.0478781833449076,0.790968095336686,6.337476757358937,5.684850909465557,0.2931595351064129,-1.1522606126774118,1.4676628283957636,1.4416527685539609,0.6819857702148358,0.1474719372230055,3.7672459609226583,1.8856849432034246,-0.12188543806392423,0.98412434288263,7.461359719469221,5.808427434680618,0.10770382430106294,-0.1612252186019627,7.893682109673615,5.135207127829327,-0.9518823382882137,-1.1592756419656902,5.902581990220227,3.0134417769185378,-0.6376883960811491,0.5313937115513558,5.852642723409621,8.582344413693432,-0.9224843228336109,-0.30713137901210913,5.2674970849338605,6.500280133039285,0.004706188766600089,0.21812916319903913,5.902908342127983,1.252047673724339,0.7728838628669182,0.30852044221895236,4.893980051075585,5.21011219772916,-0.8643062736493755,0.5052311474846531,5.42376008490174,7.200315692072274,-0.4598027545316351,-0.5057348669864492,7.350036587913383,1.3811439470921445,0.061010117477602814,1.1890493927469596,3.79210375002471,7.200692533363504,-0.7998510502695595,-0.5768098158884395,8.647658861427589,2.6038880940603732,-0.6385354484738575,0.9764890106120128,1.815152599163562,6.811147286471242,0.8823344947082628,-0.8944185384094429,2.081054618488836,1.600524841061462,1.0672678911541271,-0.05158672460849305
11,2.0495310159075206,4.197091462788855,0.9298907733844692,-0.33553010787496335,6.239341511813123,7.903575944154545,-1.193539475341779,0.2436247244436909,3.385229649602932,5.373109402807088,0.5099164292794905,0.6210588346618047,5.233842744230892,3.4575008769238345,1.1478781833449077,0.8608363023145302,6.352134734114258,5.627237878831687,0.3066239218676014,-1.2479041866768166,1.5017621169065054,1.4490263654151112,0.7248863801849286,0.1815542307334425,3.7611516890194623,1.934891160347556,-0.10390788892823925,1.08412434288263,7.466744910684274,5.800366173750519,0.12234452064782274,-0.18874052269055525,7.846087992759204,5.077243345731042,-0.9481084231376232,-1.1623641503313364,5.87069757041617,3.0400114624961057,-0.7055882550327177,0.5837134170376534,5.806518507267941,8.566987844742826,-1.001808633851601,-0.2941485307254804,5.2677323943721905,6.5111865911992375,-0.0922821017817245,0.23356345813808027,5.941552535271329,1.2674736958352866,0.8137840157885948,0.3452693462087442,4.850764737393116,5.235373755103392,-0.9085551526052166,0.498390752302282,5.400769947175159,7.175028948722952,-0.521907522092594,-0.5218999029495077,7.353087093787264,1.4405964167294925,0.03785519862813458,1.2890493927469597,3.752111197511232,7.171852042569082,-0.859338041436628,-0.6107481761026728,8.615732089003895,2.652712544590974,-0.6779726828755603,1.062236681739332,1.859269323898975,6.7664263595507705,0.8882314217520584,-0.8765851743995857,2.1344180130465427,1.5979455048310374,1.1442850613449382,-0.06914937326247712
12,2.096025554576744,4.180314957395106,0.9807598985122616,-0.2730415638876892,6.179664538046034,7.91575718037673,-1.293539475341779,0.24922797083451045,3.4107254710669066,5.404162344540178,0.47385046338860615,0.6092953580814233,5.291236653398138,3.500542692039561,1.2078446837958592,0.8894443320557399,6.367465930207638,5.564842669497846,0.29186247843145563,-1.285568498801069,1.538006435915752,1.4581040769517832,0.7654602274787823,0.21576571433119796,3.7559562945730502,1.9890973774916876,-0.10486177670377961,1.1421074313759771,7.472862136716665,5.790929147615992,0.13815953727513444,-0.21549933356835524,7.798682571602323,5.019125138214475,-0.943407511223525,-1.166182776312116,5.8354181576645345,3.069197133347988,-0.784036795005023,0.6373023438297982,5.756428075575361,8.552280418206552,-1.080194761800362,-0.2817894264199747,5.2631182892831045,6.522864764106141,-0.1738888653830276,0.24456135626968922,5.982241736060759,1.2847371631457238,0.8561983621259133,0.3774684816314508,4.805336979762855,5.260293292718506,-1.0085551526052166,0.5430082442628076,5.374674571070529,7.148933953575477,-0.5900513905389441,-0.5374100984432059,7.35497985371867,1.5050488863668405,0.003566404825873226,1.367359000252758,3.7091442954394007,7.141314633763948,-0.9114885829805885,-0.63998490405563,8.581833454860117,2.7058243786779403,-0.7110532905282245,1.1314822168746013,1.903680894986578,6.722597100830791,0.8769643870426048,-0.85628665764925,2.1916322661137895,1.5944880361679135,1.2290803217743205,-0.0632293710255148
13,2.1450635495023573,4.166662879200722,1.031810543625253,-0.22157015170583494,6.1149875642789455,7.928218578918456,-1.3935394753417791,0.27743462323738827,3.434417994236337,5.434627112444249,0.4155811951142989,0.5873816180425515,5.351628887587931,3.545014908642348,1.2216107855251004,0.8704407439273205,6.382059054129211,5.5005642445577925,0.25910281198858454,-1.209649025629835,1.576279447289691,1.4688923626683432,0.8045140430820386,0.24913774697356245,3.750713205737861,2.0462027490604866,-0.11484636383671036,1.165448407614228,7.479770113580422,5.780154180937574,0.1500584154918779,-0.23052309406592528,7.751512196041147,4.96081599939887,-0.9210699538480939,-1.0828491469423802,5.796216317914284,3.1010622505394783,-0.8654408730117674,0.675099365695643,5.7024183374853425,8.538190946885553,-1.1687374496932759,-0.3190742894151224,5.254423846013953,6.535092831919625,-0.2635230275706039,0.25053512189623894,6.025051654167055,1.3036105872272963,0.89093538881735,0.41231280562418,4.754909222132595,5.287443704931647,-1.1085551526052166,0.5950775744782617,5.345172001543582,7.122063448653316,-0.6584185677869452,-0.5507087589599448,7.355158173959964,1.5734168363794785,-0.03615148102598682,1.429426413582836,3.6635698662903713,7.109315388561167,-0.9545107655643974,-0.6671628994989741,8.546280790333705,2.7623984895216704,-0.7367148633422123,1.1798282714285868,1.9475291143387083,6.679782767948328,0.8489269701076377,-0.8330908485233498,2.2530862822025055,1.5913265676166377,1.3223857247684763,-0.04430879147286435
14,2.19665407668362,4.15558437161543,1.0849263823913509,-0.1816976722670532,6.045310590511857,7.942090310080325,-1.4700228605446557,0.29838362802960194,3.4551970539920522,5.463996193346377,0.3419280872327529,0.5652051049667229,5.412709426864186,3.588536945838714,1.2431257422164248,0.8394274173738092,6.39501419472864,5.440081793276301,0.23313656705259517,-1.152326106261091,1.616505149443793,1.4813492500170213,0.8440427080285946,0.2824687000947477,3.7449708875460255,2.104475169441198,-0.12528083490747682,1.1392696780800788,7.487273034355016,5.7686280262342775,0.15803513671904693,-0.24103633789016882,7.7054586983487425,4.906673542051751,-0.8750131587278546,-0.9828491469423802,5.752944274263696,3.1348172188242605,-0.9654408730117674,0.710145940169024,5.643981465000679,8.522237232414797,-1.2552310371871724,-0.34667657456183565,5.241247694635423,6.547619588014437,-0.338994047315477,0.24306757036683144,6.069598423607923,1.3242262275085053,0.9237299418588082,0.44843397137659086,4.699481464502334,5.31719758365556,-1.2085551526052167,0.6536095144616296,5.3122510731542345,7.094528010705319,-0.725230755220188,-0.5681990267135458,7.353350599908665,1.6448881570586202,-0.07605814968901173,1.4805914578905448,3.6158443280121513,7.075957243586219,-0.9824483924030815,-0.6917829660821307,8.509445047166595,2.8213899030931,-0.7564212422193752,1.220136639634611,1.9899754628440902,6.638128225522161,0.7997774628234733,-0.8120559342682075,2.319205568440929,1.5891111280429946,1.4204600596283243,-0.03419259653921147
15,2.2509003958031877,4.146499488002077,1.142343977777856,-0.15716013874540097,5.971809447484624,7.957009491481806,-1.4694478169887972,0.3012027774554178,3.4722934583536897,5.492256448594713,0.25205847477738486,0.5461649853187432,5.474865713975007,3.6305083167074046,1.2599835760776512,0.8139050239521648,6.40667102308127,5.3824654879632465,0.201749416764967,-1.093830572794752,1.6587072848452227,1.4954726850217588,0.8799904093635479,0.3138221558766844,3.738706845800652,2.161438653345202,-0.13996670263427965,1.0597922129273383,7.495174791190968,5.756576209339769,0.1637977312847961,-0.25414957580759207,7.66170804041235,4.857531084704632,-0.8205222288858594,-0.8828491469423803,5.704672230613107,3.1703245158327116,-1.0654408730117675,0.7478964972340341,5.581219913141321,8.504903403686706,-1.3368661249156728,-0.362320026669742,5.2242979922696495,6.559772966532779,-0.4074985179022537,0.2297713968538958,6.115784920700864,1.3466479260773347,0.9520014619965951,0.4827662586881448,4.639053706872073,5.349878059378641,-1.3085551526052168,0.693565142379873,5.275989535393225,7.066118059369641,-0.7882569629056586,-0.5930536480047064,7.349547692424214,1.7189177299531475,-0.10783920146546534,1.4961185469832565,3.566721908391997,7.041368095282112,-1.0242843859314474,-0.7079642800736774,8.471623985055627,2.8823967350748303,-0.7739626880110966,1.252733883420469,2.0299643359852637,6.59752542880875,0.7345387188030112,-0.798343450623722,2.3902285714223455,1.587401498216034,1.4996267436558823,-0.033460868369704924
16,2.3080175946920805,4.138641481064807,1.2002060151981286,-0.13449476923475034,5.898337056635184,7.972069630354577,-1.4692682548479952,0.3020774657201796,3.484896382092559,5.51956469786065,0.15205847477738485,0.5337291862266889,5.53786489277889,3.671203567905013,1.2763603546704836,0.787974774358569,6.416758493919518,5.327773959323509,0.17270426410078243,-1.0284226648319528,1.7027068053134,1.511163792815593,0.910139231432716,0.342240419669676,3.731708510668938,2.214428263991569,-0.13547964597660772,0.9597922129273383,7.503364677755208,5.74386873054939,0.1866139467403282,-0.2557724502836076,7.6206819289680565,4.813388627357512,-0.7549398462068737,-0.7828491469423803,5.651400186962518,3.207719340694413,-1.1654408730117676,0.794781120403933,5.514376606895537,8.486787402353219,-1.4145257735725179,-0.3727076835074438,5.203923066374537,6.571261536375474,-0.4596613976076828,0.1904008838915545,6.163384993800693,1.370786239011742,0.9784574067731301,0.5183860242082406,4.573625949241813,5.384556316497635,-1.3177752430428586,0.7165671000146006,5.236576687247942,7.036465376969406,-0.8532738703591956,-0.6178191156484442,7.3441557323509405,1.7937236573023103,-0.13142842003779084,1.4942310967204404,3.5155076890954247,7.005969881278428,-1.0747212700962576,-0.7110432900610912,8.432925850655073,2.9450334292458535,-0.7896763185565514,1.2753083203331546,2.0666912719254142,6.557608256277565,0.6398250607086051,-0.8693971820652199,2.4652099086051398,1.5857284547975488,1.4996190403815812,-0.03380434476550705
17,2.368027895451987,4.13191674260307,1.2520349479602746,-0.1152681228114105,5.824873643892785,7.9871735036405855,-1.4697195013518445,0.29987428590341947,3.492499305831428,5.546251157171985,0.052058474777384844,0.5199094738262524,5.601682910512414,3.7106023066229414,1.2749980050585705,0.7901772504297158,6.425393707124558,5.2763528260819115,0.1526361729466839,-0.9623692028034494,1.7482137668850357,1.5282758137990768,0.9371002927911679,0.36901635496192,3.724934528370108,2.262417874637936,-0.12052160258013479,0.8597922129273383,7.512695375092224,5.73108010803521,0.22136608916968,-0.2471104492400495,7.582934936657713,4.774246170010393,-0.6830348710310161,-0.6828491469423803,5.5931281433119295,3.2474583967146096,-1.2457434207476425,0.8355377487965235,5.443650318216911,8.468152018177847,-1.4531086347352984,-0.37212268898538936,5.1809399964941525,6.580781580570052,-0.5129500123575913,0.1143507036947924,6.212307864139349,1.396705540222154,1.0052347576756875,0.5548776209070017,4.50773718708967,5.420384671498365,-1.3172913254966074,0.7174563148871094,5.193912993729982,7.005574421186983,-0.9169748443467749,-0.6474741162158804,7.337584311349051,1.8684352121383323,-0.147366895676392,1.4927434468316059,3.461771625590612,6.970417716775374,-1.1255034260868582,-0.7011462465051163,8.393442034727245,3.008798845262511,-0.7643108251079966,1.290669966576558,2.0986825249608443,6.514138397174303,0.5398250607086051,-0.9145732917368126,2.540190860624219,1.5840382375592734,1.49927567520415,-0.04660954560108622
18,2.4306296428500005,4.126153336462499,1.3068065322326592,-0.09840364422330625,5.751387668825193,8.002167217935757,-1.4709009240936322,0.294024610365355,3.4951022295702976,5.572246630863297,-0.04794152522261516,0.502972313334309,5.665432810765343,3.7501111691444273,1.2783801821276037,0.7846936408200299,6.433025515771892,5.228234365941739,0.13702148902057842,-0.8979414097774789,1.795068781524594,1.5467266315471728,0.9607695907843511,0.39481099514536877,3.718908448241101,2.3054074852843027,-0.07521551007944814,0.7597922129273383,7.523763679550708,5.718724585573207,0.2610615606948723,-0.23590294243439114,7.548783193106162,4.740103712663274,-0.7339953641187846,-0.5828491469423803,5.5308409722745475,3.2892352841544357,-1.2430976241909553,0.839469056446277,5.370994886480147,8.449545883728577,-1.4539062244295997,-0.36899416061079704,5.155292495876273,6.586499115754791,-0.609694949062227,0.026145038344832075,6.262569602023134,1.424449421267504,1.0318764126439492,0.5845444082929422,4.44187262081484,5.45625748724272,-1.3283091104902742,0.6968464012883591,5.148064251512643,6.973200715376189,-0.9716062444551123,-0.6756537140704946,7.330215966565231,1.9430723844799127,-0.14112084825449758,1.4933468807306396,3.405496454286269,6.935360404450118,-1.1775458209633383,-0.6877612188580978,8.355226493471845,3.073332343591339,-0.7505221374516208,1.2987365095334198,2.1256737779962744,6.468409732587463,0.43982506070860516,-0.9500740446626854,2.6151546443844262,1.581707760279219,1.4993635119094706,-0.04369278149190598
19,2.4959699694616333,4.121233154251334,1.3616294003414087,-0.10071228652874,5.677842622620512,8.016868448454025,-1.472367617295625,0.2865896012405265,3.4927051533091666,5.597395246530013,-0.14794152522261517,0.4722757215994229,5.729351819871723,3.7893458511854288,1.2881817782342315,0.7684970437323057,6.43987659022292,5.183337295452865,0.14372003334402278,-0.8407475583065317,1.8431072610638115,1.5664671813044413,0.9841257885587613,0.42190750507884045,3.7151476727371286,2.3433970959306696,-0.017585251280848896,0.6674224061608283,7.536816757585451,5.706929438451487,0.3022199507400383,-0.22457549916251576,7.512083424900223,4.710961255316155,-0.7806739250909984,-0.48284914694238035,5.468686091065,3.3312087369767496,-1.2291484548429894,0.8597639652585418,5.298299575258667,8.431096175698038,-1.450572612554136,-0.3818888525577412,5.124807748423161,6.587806367672033,-0.6683116110876787,-0.07385496165516793,6.314163422655331,1.4536766416821512,1.0580672896047036,0.6073719232990076,4.375457165290326,5.491099807307138,-1.3449412630954711,0.6641784389929855,5.099483939289888,6.939418029672664,-1.02121519030167,-0.6968760908939199,7.323159924152506,2.0177397285164447,-0.12761508741805241,1.4945616044390015,3.346619163238102,6.900972343507213,-1.2024098910808119,-0.5877612188580978,8.317700386599263,3.13826916906801,-0.7103576509023433,1.3211328501723452,2.1476650310317047,6.420906030354328,0.3398250607086052,-0.9901761509954643,2.6901228199798997,1.579523121204624,1.4998028649378998,-0.024318024674470525
20,2.5640514394787037,4.1161975399248965,1.4142453885959558,-0.10880179539004332,5.60422424175573,8.03119792851605,-1.4732796229251837,0.2818637129419618,3.485308077048036,5.621009032609984,-0.24794152522261517,0.43837486462768216,5.793760908783434,3.8277707033720443,1.3034811964181838,0.742251150611584,6.447062591890122,5.1412999175375385,0.1420278958493395,-0.7882841698635386,1.8923135504917497,1.5875625565583833,1.0088387549412647,0.44998112289481185,3.7142684101730863,2.376768216238711,-0.005741228708808338,0.5926888866066901,7.5519277551224535,5.695700663493361,0.344859730784594,-0.21177606032832538,7.473049728645673,4.686818797969036,-0.8128319482099712,-0.38284914694238037,5.40722866832285,3.374196935239677,-1.2160955243166023,0.8781296463148982,5.22577094463096,8.41200173307015,-1.4422669710876637,-0.4121480123810095,5.0913921678687775,6.584113619589274,-0.6012091251925218,-0.12906505729916512,6.367066787135566,1.4840452378471016,1.0862656182189385,0.6224890082790185,4.308210102135552,5.524308729256787,-1.3541922842256704,0.6451071673324216,5.0484231797748045,6.904574225127968,-1.0560700136525762,-0.72417563212889,7.316779169781603,2.0924678087383946,-0.10926368142072541,1.4960151897365181,3.2864986686840614,6.871584282564308,-1.2453735329627547,-0.5200713887933243,8.282182504054147,3.204325811576627,-0.6744068471456294,1.3377648348830384,2.164656284067135,6.371397222804555,0.23982506070860518,-1.0587947227537347,2.7651129632267946,1.5783072199709003,1.4999792563862355,0.007888625418659232
21,2.6347637089085016,4.110757450155394,1.4463591761278085,-0.12774249747076993,5.530560260609471,8.045291114163149,-1.4720646003331064,0.2881420004895707,3.472911000786905,5.642927775841368,-0.3479415252226152,0.3929019923704495,5.858934968604343,3.8648832609026234,1.3152990643832103,0.7211021919483058,6.454163986682588,5.101885709044361,0.1560332424455805,-0.6882841698635386,1.942755488238813,1.610061612703124,1.0337062553060452,0.4771830913262846,3.713981348737646,2.4064026605690456,-0.007714326107685482,0.5427071494698492,7.569170741661683,5.685111860476945,0.3828555341407646,-0.20211555631502545,7.432408131235174,4.6676763406219175,-0.827445384372443,-0.28323848448205324,5.34642389210702,3.4181034175554217,-1.1999434545233612,0.9000753890350199,5.1536575960765765,8.3913943324511,-1.4331673994348164,-0.44275411369884,5.061331711609151,6.5776603667243165,-0.5469787868574846,-0.19686229493382396,6.4213800680465125,1.5151696882610526,1.1180978840728204,0.6316975034488965,4.240500487924269,5.556564087623408,-1.3719014902703444,0.5839936905791867,4.995619679092176,6.868365443521523,-1.0837285298211705,-0.7550274850227193,7.311315985710567,2.1672685682252206,-0.08499596440277214,1.4975899592462694,3.224229992035924,6.845580713124642,-1.298106662225679,-0.4980548516038406,8.248462161696866,3.271214053320779,-0.6401786176229243,1.3498412768266839,2.1766475371025655,6.318457486666868,0.13982506070860518,-1.1342502512514305,2.8401119260461063,1.5787016512418333,1.4995903285386605,0.035054907692257206
22,2.707081667714892,4.104370325281856,1.4676374144243174,-0.11722808241525655,5.456957030592816,8.059698214187627,-1.4709644597948337,0.293706584911699,3.4555139245257744,5.662572875459891,-0.4479415252226152,0.3494464005726208,5.924699921823503,3.9009383705000387,1.3219781496601564,0.7087833038532365,6.461965648804868,5.067471500551184,0.14675500313579276,-0.5882841698635386,1.9944408010041152,1.6339207672694382,1.0536774471891324,0.49898721693329834,3.7135956324322614,2.433538018042538,-0.02056259455699197,0.5307957103192774,7.588313518368722,5.675006082661193,0.4219500477954735,-0.19149961070760166,7.391035862016552,4.653514416397815,-0.8422245989334285,-0.18323848448205324,5.286426719380852,3.463107187007173,-1.1857733368261965,0.9186629380094027,5.081999226104836,8.369256626766157,-1.4240687803245127,-0.47119858754569144,5.033982772266277,6.567817251977625,-0.4747640284613359,-0.2734822418904585,6.477284962250153,1.5467545634334974,1.150680030002157,0.6401898637129594,4.171905413410752,5.585763772152367,-1.3771725395857068,0.5944710221794288,4.941433252601118,6.830614069270387,-1.1064471605522763,-0.7897045375205831,7.307066187490428,2.242148066187534,-0.05762172239544111,1.498892837099498,3.15932465892464,6.82067797054445,-1.3446117856025253,-0.49419555777046564,8.21645323081572,3.338706117162113,-0.6261105341578249,1.3433359953485173,2.1836387901379957,6.261744974104297,0.03982506070860517,-1.22018467565176,2.9150914424730394,1.5804543966264462,1.4986915052795156,0.06264001918119344
23,2.780463538436108,4.098508921161093,1.483889087228673,-0.11492176357338195,5.383408807603074,8.074383543433212,-1.4699231701084243,0.29887434479794284,3.4331168482646435,5.680045195488522,-0.5033942475336352,0.29754304545100824,5.990798829306511,3.9363775356927007,1.324861488467029,0.7033790133185158,6.4693033989616575,5.038057292058007,0.12233032653867439,-0.4882841698635386,2.0471246733635717,1.6588701281161031,1.0689630449307361,0.5134522420006278,3.712567502704412,2.460077803558502,-0.05707482042330972,0.5436998774945704,7.609411020758495,5.6654311021258135,0.4622278984233727,-0.18056435705765164,7.34892463206988,4.644352492173713,-0.8334253365885913,-0.08507865868020387,5.227138052539543,3.509040333907643,-1.1719178626225648,0.9362737437662978,5.01079578708861,8.345696697388872,-1.4121711360366698,-0.5057397379531312,5.01024457084321,6.554143139883102,-0.3756245943621385,-0.3652198341107649,6.534818963750261,1.5787640566191454,1.1831394797702233,0.645977701590829,4.103046786431467,5.6154873232613385,-1.3755810562309791,0.5981444288284089,4.886110894573504,6.791128842394358,-1.1272184240920675,-0.8314683766462163,7.304185101370656,2.3170927080425088,-0.013845956668000238,1.4999360951333718,3.0920940696445136,6.795968192655927,-1.3773943104266677,-0.4856385294470537,8.185147704107829,3.405872916929539,-0.6278328688556675,1.3445465402587993,2.185630043173426,6.200735740321709,-0.060174939291394836,-1.2972710587560843,2.9900260177370153,1.5835863975855058,1.4975460321666607,0.0857664359868753
24,2.8546579927975415,4.092762832982424,1.4883345756070785,-0.0910934657199121,5.309912649097654,8.089327260673109,-1.4689170638927715,0.30378061064630063,3.407947135887962,5.694922347761072,-0.5433951571005144,0.23820591824229853,6.057041903729862,3.9715464863586263,1.3169415496047052,0.7168507240004311,6.475419915288591,5.013643083564831,0.07897011111318306,-0.38828416986353864,2.1005728256101084,1.6845427402161346,1.077992554057876,0.5205992196338656,3.7097137616832465,2.4872627974332304,-0.09080029072779885,0.5667335321843592,7.632522415679664,5.656402884272931,0.5036081250354638,-0.17117168055518545,7.3072533652404505,4.640098559239703,-0.7773716802489459,0.003590712924715578,5.168542159408414,3.555854021095958,-1.1628989387601392,0.9474524042032626,4.940187230286777,8.320409710491216,-1.396723517010974,-0.5469583320770379,4.991463341125103,6.535882148177564,-0.2756245943621385,-0.46521983411076495,6.593975937738772,1.6110629416986868,1.2148366516967217,0.6456217669830326,4.0342677336199175,5.645394544702759,-1.3712064037894414,0.6081060747984908,4.829749973368901,6.749555423562048,-1.1463897559149396,-0.9045096607305364,7.303492803537257,2.3920895127991773,0.023309322875587665,1.4998188808876498,3.02322435412318,6.771686266183575,-1.4044746496200118,-0.48399047238114956,8.153756060665046,3.4731002439424787,-0.6419896887356762,1.3420356599524361,2.1826212962088563,6.135872187383905,-0.16017493929139484,-1.3220904402911375,3.064903319345348,1.5878747193848495,1.4902644536535083,0.1706219744839749
25,2.9290747215778956,4.088208159696428,1.4457423839109116,-0.05961493555137878,5.236466795903015,8.104516291205424,-1.4679722329927298,0.30831400091844485,3.380777378032936,5.706832643673187,-0.5788168325441637,0.17121686594661373,6.122888981210098,4.007389022558648,1.2976105220373186,0.7448368809408914,6.47936842084425,4.994228875071654,0.022035897474877386,-0.28828416986353866,2.1544724533130024,1.7105727011978278,1.0800850589317479,0.5227110053064706,3.7051737471468567,2.5155994740424483,-0.07644065412301293,0.5356982877194849,7.657702821931437,5.647844300245172,0.5425418849632134,-0.1642224651728479,7.268384781228003,4.640278094885939,-0.689668768156737,0.10359071292471558,5.110397212470407,3.603226641306121,-1.1420212998378347,0.9725159899542541,4.870351054436228,8.293061793887365,-1.3788112041302067,-0.5906603621075394,4.977682111406996,6.512621156472026,-0.17562459436213848,-0.5320609417176527,6.654717770323608,1.6433440300478384,1.237623249604265,0.6605045699462895,3.9657074134304455,5.675799848442684,-1.3596227590844576,0.6335818439472258,4.772430485573154,6.704329940525521,-1.1516407392276657,-0.9520849020578221,7.304658269681036,2.4670804568435596,0.05606678551216633,1.498951805616956,2.9530006216421794,6.747486742564517,-1.423707847806348,-0.47228800968753853,8.121656576228261,3.5402020269401007,-0.6564828635866169,1.3378936642691237,2.1746125492442867,6.069767665369348,-0.26017493929139485,-1.3254854668408345,3.1394165420280236,1.5964058181090481,1.4787411884259214,0.2516435925126921
26,3.0013618407734413,4.08522741291886,1.3802832219140702,-0.042153844271395256,5.163068184253378,8.119931991251347,-1.466672811058853,0.3144373789814467,3.351836536405728,5.715393486970518,-0.6580827310102739,0.1260670985477795,6.187769507311963,4.044630866605693,1.2782871631203485,0.7848451621827912,6.480470215717994,4.979814666578477,-0.03776450087488458,-0.18828416986353866,2.2084767062595896,1.7367082514631513,1.0768705714983144,0.5259336440476062,3.701351714440706,2.5423843884284225,-0.060873701596443563,0.5247888026475874,7.684829916179598,5.639633176986529,0.5825040127679696,-0.1575936530683843,7.233901342820166,4.645457630532174,-0.603081660975188,0.2035907129247156,5.053296147478515,3.6518524408038338,-1.1492398181506975,0.9639750206187666,4.801410494229718,8.263528775781987,-1.3675049561115695,-0.616384778373294,4.9689008816888895,6.486018109386143,-0.07562459436213848,-0.5763330188012403,6.716598932803821,1.6763692585451528,1.2528030103583734,0.6821886026248936,3.8977262754762227,5.707478940640045,-1.347531609131901,0.6589070969343018,4.714848448611771,6.6567256954226295,-1.1122302718311428,-1.0064511028472383,7.307461608956644,2.542028047124407,0.09050544492468987,1.4972670985629066,2.881815229251862,6.72387234208014,-1.4283038347746413,-0.4582009990910697,8.08883243304893,3.6070967101535567,-0.6674211190754894,1.3145765328690153,2.161603802279717,6.003493392027306,-0.3601749392913949,-1.327630884806783,3.21335360144932,1.6089879977346828,1.4667015313959708,0.3143033849654097
27,3.070376001869145,4.08311972070529,1.2974500689046555,-0.031152274493668128,5.089734543700435,8.135653860200419,-1.4652417483713391,0.32103990223911616,3.318932399855214,5.721696841897907,-0.7152342453020373,0.07683497326549191,6.251683865467981,4.083873124714832,1.2772147182454554,0.7865891961482703,6.4785819906742494,4.9704004580853,-0.06853771140039727,-0.08828416986353865,2.2623202348345055,1.7630049336655316,1.0697363708657424,0.5308649438085439,3.698308029360884,2.568623828560802,-0.06747492047566643,0.521475237765905,7.7139551168179965,5.63175349433311,0.6120898630067696,-0.14410816626294531,7.203747259771407,4.65563716617841,-0.5249836380374133,0.3035907129247156,4.9958341565709805,3.7000511918347723,-1.1582937960106303,0.9530768500615696,4.73303524642414,8.232709536863322,-1.3540363322013507,-0.6454344359256899,4.965119651970783,6.4572014584460815,0.02437540563786153,-0.5893606093144697,6.77923908332174,1.7104786886763974,1.2664799457927147,0.6994222008571629,3.8303496950196276,5.74042429548676,-1.3468219593553357,0.6603564263322157,4.659236935020214,6.606403140280268,-1.0683722933969593,-1.0528915626510273,7.311986881202879,2.6168914020525524,0.12302307749902686,1.4949465951674223,2.81040003751313,6.7009622921255865,-1.4290892976235012,-0.4557453010377268,8.055461377095156,3.6728255367970073,-0.6769847066814426,1.293120499877606,2.143595055315147,5.9371118477869675,-0.46017493929139486,-1.3660346700355124,3.2866886780191185,1.6247031669829533,1.457536330444729,0.35438375447206094
28,3.1352485053143777,4.0815621069806065,1.2310518714921648,0.016510612483527615,5.016472456281868,8.151705855312375,-1.4647447562809583,0.32329985918251875,3.283170687590112,5.7255385905611815,-0.8152342453020373,0.017751118113361775,6.315544601380253,4.123202584522246,1.2782606519537536,0.7848883396170212,6.475155105104229,4.965986249592123,-0.08226603944958016,0.011715830136461353,2.315807053377793,1.7895481808559588,1.0582814191025893,0.5374068195583703,3.6949342833371004,2.594697590449097,-0.08683900775927773,0.5408177079349724,7.744559609968335,5.624548086019963,0.6302241306349625,-0.13304668934687056,7.1774980778695365,4.670816701824646,-0.478280555714339,0.39828850426268253,4.937919466770449,3.7477050343378506,-1.1288761537481122,0.9877442125868765,4.665333429814073,8.200437815067037,-1.3390107662325694,-0.676054855698314,4.966338422252676,6.427733427980358,0.12437540563786154,-0.5561457213378233,6.8425630806113755,1.7454497987192557,1.2790398037572304,0.6914566666767601,3.763008597051861,5.773442116803371,-1.3545893112508716,0.6442730770759318,4.605818320350366,6.553758562147716,-1.005404134509983,-1.1131767722649588,7.31813803507783,2.6916387318109236,0.1527295089896616,1.4922043080904763,2.738945572631955,6.6781750270737,-1.4299246818060918,-0.45311742888764195,8.021612141761084,3.7374815617908874,-0.6750110676253561,1.2744723329230887,2.1205863083505774,5.868810114285192,-0.5516794359038284,-1.3948655132308756,3.359565494541355,1.6424223547065564,1.4488111476805585,0.3885180283545962
29,3.196801098888986,4.082387637604783,1.2208735260503465,0.04424670409729715,4.943235218467819,8.167870848271502,-1.464733701840822,0.3233499384439129,3.2424089753250103,5.726426146466849,-0.8784764959829607,-0.030865696499980513,6.379457633977941,4.1624470015030965,1.2022942639666168,0.8333571797392441,6.47104180313175,4.966572041098946,-0.10028504957617089,0.09505248742215167,2.3687211243329225,1.8164185218338773,1.0424412031215826,0.543194445094693,3.6905923329491364,2.621738475845846,-0.13423871936816445,0.5633795441776482,7.776070816500083,5.617895751552619,0.6569607417628159,-0.0892850008760301,7.153584050083819,4.69073112703778,-0.44026492189285155,0.47420421042036687,4.881475659083043,3.7970922449671947,-1.0936911933266265,1.0265668870754503,4.598382891502444,8.166635072282121,-1.322564749918348,-0.7076881250052296,4.972557192534569,6.3999261419134665,0.22437540563786154,-0.5051290329909605,6.906515070799237,1.7800226320530936,1.2887920147319236,0.6821837820992473,3.6952791314893174,5.805655770657167,-1.3792630132966122,0.5896045625264013,4.555548113624867,6.498099723534468,-0.9198754614944248,-1.184832956724457,7.325774510527313,2.7662489472154475,0.18586675340856193,1.4884399719093009,2.6674493385416502,6.655519155629318,-1.4294804985863974,-0.45451678094563774,7.9878615883798165,3.801205178437042,-0.6593848263586287,1.260892199902211,2.093002336555386,5.799066838623648,-0.6164292703679174,-1.3674849010624128,3.432006051925383,1.6618482561242862,1.4423925261863193,0.4117083924355293
30,3.2578447751915034,4.084599972809648,1.196651037349003,0.07490632605126138,4.869998533375778,8.184038345193697,-1.4650399317498968,0.32195962227934266,3.1984851505258622,5.72488286164185,-0.9244049146192828,-0.06906214399162633,6.439572347176272,4.2041148604900584,1.1383895672636597,0.8631541734716964,6.466027550652941,4.971324665470053,-0.10644759354353711,0.16411516146771443,2.4208431844890015,1.843578244088612,1.0165367682022253,0.5496211400838974,3.683880396980728,2.649907453054728,-0.20041140856761208,0.5920857133060662,7.808918853588224,5.613431501508818,0.6631687990918745,-0.03864218862398542,7.1315708039891765,4.714441337558799,-0.4142149532925784,0.5418431202371088,4.826791099416712,3.848420589320967,-1.0576184384187086,1.0636932070464549,4.532254654006527,8.13125066603186,-1.304620550093179,-0.7402467293237918,4.983775962816462,6.374669690263919,0.32437540563786155,-0.4106258329367918,6.970954671535834,1.814131821158056,1.293853729083101,0.6772512924805884,3.626315980824487,5.835135998783487,-1.3903214943211113,0.5630329852048741,4.509554340550146,6.438858075698245,-0.8325686461086063,-1.2194395326903384,7.335067848197741,2.8406709458109125,0.21763292027048847,1.484127997180344,2.5959753136123305,6.6327933165820365,-1.4313103809245724,-0.44872106420086355,7.954892347061885,3.8642497884321525,-0.6470908513034109,1.2506571220144374,2.0621808730369904,5.730692593570527,-0.6821758012516687,-1.335902757009897,3.504125678234699,1.6824336757460627,1.4365476228930543,0.4316606620486925
31,3.3176773270589535,4.088345289112211,1.142935808314579,0.10082121562531228,4.796746536788283,8.200136326307664,-1.4655971974290987,0.31941329791975076,3.1522649047948983,5.721429754442269,-0.9300289872455159,-0.0994697873098026,6.496491825539454,4.247272569163643,1.0738655604200928,0.8829744702360702,6.460705170975765,4.979530423543439,-0.09700573352337644,0.23689448909871114,2.471670022899113,1.8710593010928067,0.9803688277048269,0.5534526343109492,3.6738598265523477,2.6795117387200316,-0.2306519085409092,0.6390647293716637,7.842077293542818,5.611499392077619,0.6596835378155103,-0.0014515873943177562,7.110860056324547,4.741533493570654,-0.398917765427798,0.6056129256684748,4.773910177495777,3.90160524967329,-1.0406024579879847,1.0803455578792207,4.467023626501868,8.094238329565671,-1.2841222146935953,-0.7752613351189495,4.9999947330983545,6.35413839861708,0.4243754056378616,-0.3126163002467436,7.035647357989989,1.8479943857820853,1.2956449458886783,0.674814768409789,3.556799906108431,5.863287648043731,-1.4002023069709464,0.5379902411319738,4.467925908244716,6.377886099063728,-0.7370400315875796,-1.2408259116938631,7.345949494211266,2.9148773456699297,0.2474026615469807,1.4794566310167627,2.5244097945661017,6.610357263371993,-1.4316917958893676,-0.4366913202612254,7.922537804496715,3.9267826445328744,-0.6358017509544615,1.2414140054866416,2.0280720829744068,5.663897455720033,-0.7387661473528824,-1.305459528107011,3.5759530593793514,1.7040167088484974,1.431908809499839,0.44680774531867035
32,3.3748241174746823,4.093386349893477,1.0603704887764627,0.12132054042389627,4.723466676916828,8.216106991203652,-1.4663338681301241,0.31601421989294776,3.1057634554326223,5.716456265076779,-0.9183581340479412,-0.13701147181812628,6.550185103560459,4.291421292675446,1.0050013996439546,0.9018512254736496,6.455854884299597,4.991375147998374,-0.12725535896778867,0.3368944890987111,2.5206884642843543,1.8987319328083543,0.936713214640061,0.5505070940243486,3.6623272311253023,2.7114649751886146,-0.21035391184109917,0.7022188188224999,7.875061470433594,5.611426812707903,0.6537740781500926,0.021586138292709223,7.090914168053158,4.771814139854078,-0.3822318072211444,0.6678369800050227,4.721880054596378,3.955622527567251,-1.0370531923255677,1.0837530513393487,4.402817515767189,8.055475262809724,-1.2607785058470804,-0.8126730949120953,5.021213503380247,6.338507583604742,0.5243754056378616,-0.2134247418856901,7.100429605284423,1.8817351242025748,1.2924569892276923,0.6630615877867345,3.4867897907598837,5.89018716010033,-1.4077908716638052,0.5178077458478804,4.431073906665337,6.315844803479035,-0.6524377411956576,-1.2333783523073714,7.358319627288615,2.988850177220768,0.2751538174148798,1.4745475159390486,2.4528252047716332,6.588522697358932,-1.4291219345518251,-0.4200276735632274,7.890747716948992,3.9888533448072065,-0.6227302958930258,1.2327795291229826,1.9911337756067626,5.598624479314682,-0.7325694342202647,-1.3089469141436567,3.6475484998543433,1.726357096114431,1.4299196086250727,0.45313343826020935
33,3.4278426419135055,4.099452376914671,0.9603704887764627,0.13343625214269395,4.650149983510321,8.2319077021983,-1.4677632229702708,0.30930748664706303,3.0598455487302254,5.709605691485873,-0.8919660318064251,-0.1871694181663166,6.600435173542657,4.336513853949128,0.9383792139368623,0.9169292574904038,6.449492116351207,5.00821987245331,-0.15406776336193845,0.41781722383610737,2.5675241250163574,1.9262572875095718,0.8952604163927236,0.5361567453133348,3.651809535533247,2.7465759161297396,-0.16196705194730032,0.7412404896408288,7.907750174341099,5.612506119622538,0.6410309880569568,0.03586477665559375,7.0718025776921,4.805205988854329,-0.3599969456684291,0.7235519210298029,4.6700273949800994,4.0098101801342185,-1.0344237375352823,1.0862631040514712,4.339778590474834,8.014841608064119,-1.2353298110793896,-0.8508585416263738,5.047432273662141,6.327836346510458,0.6243754056378615,-0.11421812739136637,7.165052454745807,1.9148882035919115,1.2877214363356033,0.6452285903454427,3.4164002471766937,5.9160775473927245,-1.4157445045199757,0.4956485629167991,4.398452019605554,6.254175885863666,-0.5783626443500307,-1.2172072545519392,7.372077318159358,3.0625775530177206,0.3007876283471381,1.4695328518387412,2.381369108044042,6.56752131368077,-1.4303409557082554,-0.4048452857344005,7.8596112021543405,4.050492321263356,-0.6124892269933943,1.2254613706752402,1.9545053038957494,5.5331771336074995,-0.7178569315228215,-1.3170730525922392,3.719044480285597,1.7490137680274416,1.4289639088356008,0.45613829837592057
34,3.4758611663523284,4.106124189521806,0.8603704887764627,0.13497226132398482,4.576761822361807,8.247373076530652,-1.4696901718472837,0.3000179974193242,3.015247247139904,5.700247220577557,-0.8601156461405315,-0.24147376162830697,6.6473541342394995,4.3823603168236485,0.8682435549574464,0.9316865509531571,6.44178872818311,5.0291107336451155,-0.1814940538740234,0.4714917428981496,2.6122871458359938,1.9530651247752386,0.9099616740388075,0.5040602967726472,3.643711182935882,2.783637940611781,-0.11809755357522238,0.7725113095432489,7.939801723743947,5.614299358455318,0.616938005347549,0.045031801893869274,7.053802730408679,4.841383584905819,-0.33211958806630965,0.7745980481107203,4.618306208103335,4.0641233353367925,-1.0675995200543364,1.0536751229765988,4.278012099920865,7.9722986809828,-1.207854524375545,-0.8894309686229316,5.078651043944034,6.32212544014089,0.7243754056378615,-0.017490672729043366,7.229438526562587,1.9471496331091835,1.2776899969716469,0.6280410158396367,3.3456130219506948,5.940859975538564,-1.4194714172524834,0.4848720404428638,4.3695338873880525,6.193315523136069,-0.5143456882591035,-1.1940298036566297,7.3871166995767155,3.1360541956096575,0.3241547889564313,1.4645557936782783,2.3098520602586294,6.54727904939405,-1.4351356475838324,-0.392776232531533,7.8289867408046705,4.111765389797117,-0.6034097691739324,1.219838868258868,1.9186124573196084,5.467323480977887,-0.6845121190161825,-1.3347071435037634,3.7904926757273767,1.7718206829462375,1.4273906479496434,0.46103789231027104
35,3.5188796907911515,4.112872802588005,0.7603704887764627,0.13823255231922504,4.503277313769443,8.262373976401618,-1.4714985113962133,0.291019124730194,2.9722414648328774,5.688173532496142,-0.7907160806822338,-0.3237737808925282,6.690766311987372,4.428944644371306,0.8005572058039278,0.9441991156122758,6.432714025489409,5.052685320790023,-0.21643066075802608,0.5038976200114919,2.657785229537934,1.978268139613871,0.9185907248896756,0.4691293225275758,3.6378063052571212,2.8222635060889436,-0.08952328952569234,0.7889404596477716,7.970648624011324,5.616550948550011,0.5782516881421199,0.054343198522487514,7.0371967510053635,4.880113487311355,-0.30185543995019787,0.8242257276971309,4.5649262321006185,4.116807091485622,-1.1115640619628273,1.0071868427221933,4.217619373702088,7.927827132551654,-1.1774212500546832,-0.929343424100944,5.114869814225927,6.321250906504438,0.8243754056378615,0.08118355307814658,7.293323026411169,1.9785516839011654,1.2662093049426475,0.6115614133835439,3.2746394510880705,5.965103577560708,-1.4183922168944894,0.4880199986200723,4.343816602975098,6.133614032953237,-0.45872457686612866,-1.1716430560579816,7.403324439024537,3.2092819852935714,0.3441214284519361,1.4599933022038831,2.2380952778794376,6.527640237767474,-1.4427958204635283,-0.38871856251941656,7.798816252345974,4.172757333210061,-0.5987658569330696,1.2152003819033248,1.8843868513687994,5.400588123802699,-0.6568318962644719,-1.3485443485661188,3.861862208124859,1.7948725775617511,1.428658480926976,0.45709402192046367
36,3.5568982152299746,4.119784430203967,0.6761419016258889,0.136563864223119,4.429702388199632,8.276924932638128,-1.473029694945934,0.28316694335230597,2.932705660798766,5.671984843451516,-0.7400404322313823,-0.39105981929127087,6.730794172277569,4.4761546001519195,0.7410161055403321,0.952477021344669,6.421892492451508,5.077880201790598,-0.24900518921376033,0.5224755533229543,2.7037147657824177,2.00172460574025,0.9029766697925725,0.4364382193075898,3.6333301407808367,2.861710529071332,-0.06599126102942693,0.8030658187061517,7.99956120841843,5.619268108476136,0.534160940308868,0.06822508452788913,7.022103979007854,4.921324773696212,-0.30206274974760405,0.8828103105027644,4.509348029002477,4.167166433621732,-1.0662291955001502,1.0550617530093216,4.1587483111993535,7.8813599613466065,-1.1470765224723234,-0.966548214830901,5.15608858450782,6.325310084158345,0.9243754056378615,0.1811835530781466,7.356633491658302,2.009129754570343,1.2533527872105041,0.5950803357124929,3.203719840243346,5.9895045774917115,-1.4158273933916568,0.4954117399918842,4.320880374131791,6.0750318801503385,-0.41626055601785444,-1.1528935448160686,7.420530510447134,3.2822816504037657,0.3596958022090829,1.4562345037366626,2.1659554868562614,6.508204309641504,-1.4473036512463486,-0.3940966139019557,7.768877959499321,4.233517352305228,-0.5478630909437661,1.2096272332504137,1.8515452565555757,5.333160906374393,-0.6356052999349779,-1.3586779981638648,3.933295132171208,1.8177272786577743,1.4306786007267307,0.4507313406261022
37,3.590705310311269,4.126612623415123,0.6468266713755304,0.12115182565843699,4.356050903452336,8.291083279805743,-1.4734073999262436,0.2811950103443989,2.8957036391871966,5.652431852486952,-0.6410926151442088,-0.40898838831011164,6.767844977554585,4.523778451219153,0.6976915128307908,0.9588702282092645,6.40944223299082,5.1040039794567456,-0.27853679922581476,0.5346201315712167,2.7488635992720463,2.0235465167056295,0.8765397210163274,0.4106734261500123,3.6300305777293653,2.9018638200066396,-0.07072901258784997,0.8201917471080987,8.026269255433874,5.62267936270253,0.48616449083834795,0.0874731409396323,7.007000841520473,4.965465289221351,-0.31072535354313247,0.9286848614413706,4.45603656922747,4.219919521272199,-1.0052204500682502,1.1011772587046647,4.101394485075737,7.833032550605061,-1.1188822699807934,-0.9990507824543389,5.202307354789713,6.3343692618122525,1.0243754056378616,0.2811835530781466,7.419301131018827,2.0388837713559673,1.2328999763865867,0.5789552393317823,3.1329284705737632,6.0142751644913055,-1.4113021174136025,0.5081597518338921,4.3000673463308985,6.017387202909535,-0.3961799553389337,-1.1163517610064069,7.4385153005575875,3.3550933755905987,0.37484846598745336,1.4524078723095841,2.093590304293944,6.488499478946406,-1.4446312317091088,-0.4037828678517983,7.741484804952132,4.293998713967748,-0.4986455151552681,1.2053073139771564,1.8197649915588268,5.2652270064661995,-0.6152224986954967,-1.3680282442621094,4.004829062207545,1.8402638456890794,1.433371845160103,0.4420917930727981
38,3.6230466438800453,4.132670214698044,0.6388728815453226,0.11807798786407349,4.282380533456023,8.305143030322963,-1.4736381319963816,0.2799833136567521,2.863649008429986,5.631982433071447,-0.560044633166746,-0.41618429986659394,6.802729553196125,4.571721962629616,0.6724559135513871,0.9639265263608767,6.395515393029529,5.130734986035306,-0.2889777016377525,0.5352613826937956,2.7926905853228625,2.04408018801313,0.8448749352735677,0.38834591662757423,3.626494127099973,2.9428734073620446,-0.049349516430680626,0.7899640025287835,8.050577479975791,5.627053019749511,0.4371409639313808,0.11159657119170749,6.9914645738433165,5.01189953229342,-0.3236617116969525,0.9678595493037668,4.405775546724057,4.274978384207432,-0.9268439601905494,1.1393179162488007,4.045450371576697,7.783080011482344,-1.0887924944931437,-1.0317610692090478,5.253526125071606,6.34842843946616,1.1139118579312575,0.38118355307814655,7.4809461298381565,2.0678315333225563,1.2090446016331116,0.5628526526451711,3.0623633647030832,6.0396831520830006,-1.4057421487319324,0.5233440658673122,4.280258348563952,5.961569614859214,-0.38278943065355087,-1.0706840530863324,7.45725772385696,3.4277137692060777,0.3885970899790358,1.4487899439393637,2.0213587427084887,6.4683103355538165,-1.4442873209725173,-0.40501127697636796,7.716552529194369,4.354264079666606,-0.4499863961452965,1.2026052333324893,1.789003866624052,5.196825594253094,-0.5681841025230587,-1.3882243426910748,4.07649765446555,1.8623684353427192,1.4365885619206744,0.4315243953227773
39,3.6549902879573115,4.138574114091248,0.6355208984898503,0.1121747650796735,4.208698626856204,8.319142196005801,-1.474347235750209,0.2762249598347649,2.835646776771649,5.611173218078117,-0.49972172261948955,-0.41852292628858195,6.836352348873694,4.61991828894766,0.6676518607663482,0.971746930681832,6.381066507947642,5.157498055169996,-0.2978241261577682,0.5352287317641528,2.834934332086541,2.063497483844509,0.8118092705053487,0.3634239301668885,3.624026651278439,2.9823716074884836,-0.05127967464346158,0.7549883188396661,8.07243452817236,5.632632848309097,0.3909927054837337,0.14226626037017429,6.975281488258469,5.060292509758608,-0.33960882562813155,0.9982456336219279,4.35943334871453,4.331944280019872,-0.8477528106219916,1.13905354182596,3.99101074685204,7.731491958021891,-1.0644065950235728,-1.0569004685732355,5.309221717968169,6.367487617120067,1.201171520082594,0.48118355307814653,7.541398359919812,2.095974165954815,1.1847367024560371,0.5471221613646154,2.9920762572664867,6.065850355376366,-1.397805510300279,0.5441872429359006,4.261118877031274,5.908035412204898,-0.36269116911838317,-1.0251200095644513,7.476687578355913,3.500153266403046,0.40055632721199985,1.4455291863986812,1.9491443766598628,6.448059771704998,-1.441690197496162,-0.4141610489211625,7.694053209387104,4.414394341333231,-0.40331306846089404,1.2010567110873505,1.7605946614978991,5.127414377118541,-0.5268045432363674,-1.4044489927460955,4.1483270825615834,1.8839446551088581,1.4403655020609007,0.4187448154578749
40,3.686766332881804,4.1441828523452315,0.6569388336824352,0.09354197165315983,4.134981265068694,8.332953443997539,-1.4749220534930445,0.27313904173490283,2.8106606906406744,5.590247071763688,-0.4423017788099803,-0.4065880610224973,6.869734941912012,4.668505635481751,0.6590147826599448,0.9769200479767396,6.366175301639753,5.184259491758204,-0.3036459550744371,0.5336338550799044,2.8755247956118084,2.0816686803528532,0.7781046975893178,0.33638324594371344,3.621462667546266,3.020121023430467,-0.08266752528566587,0.7561983174361258,8.091984163446547,5.639746161327605,0.3492786034539333,0.18433039067641818,6.958301046977063,5.110204791439704,-0.35323631453928345,0.9910869257945982,4.31704570818343,4.38889695711117,-0.7804050575740484,1.1233276982175806,3.937790417100861,7.678646934593229,-1.0468920219442894,-1.0742518766050155,5.369280293972299,6.391546794773974,1.285929342834593,0.5811835530781465,7.600635195042614,2.1233302740230457,1.1563863521953026,0.5309377941251402,2.922185981751473,6.093059717523161,-1.3856377019997044,0.574463365931178,4.242984318575354,5.856779411726675,-0.31345996174762514,-0.9960463539591351,7.496715394716513,3.57242972572298,0.41118618715059063,1.4425414792984494,1.8770598667850547,6.42735171925894,-1.4378425786044808,-0.42732741446345013,7.673887555964059,4.474447176887598,-0.36080364377446217,1.200430255420853,1.7342544343360808,5.057191927481236,-0.49454617021392605,-1.4161299677383918,4.220345357664629,1.904881895881752,1.4444992986616616,0.4042545932527769
41,3.719613274565926,4.148859950927889,0.7128967530416424,0.06706686696356175,4.061235162394041,8.346610396084284,-1.4753651478705203,0.2707354436511725,2.7885456017001755,5.569917668712563,-0.3580629098581828,-0.3727464361665021,6.902685681045009,4.717351637880588,0.6422263193654387,0.9821009436777903,6.350993003886032,5.210941184512199,-0.30569967371583745,0.5282841359280498,2.9144300304912742,2.098487842650039,0.7440781880659261,0.3114134982811692,3.6173292912819828,3.057930939302273,-0.1330778615416931,0.776245111850646,8.109448093619244,5.648962680861426,0.31274259533435017,0.2319026458110007,6.940639231250098,5.159759137729434,-0.36860233682808274,0.9769461619157759,4.278025455304728,4.445063342022049,-0.7218315135486273,1.090805240379522,3.8854458160036467,7.624934340762978,-1.031833284861391,-1.0887240569823704,5.433576761114028,6.4206059724278814,1.3461868676965238,0.6616501471634549,7.658454512652379,2.1498771637293026,1.1233554846187035,0.514796002483428,2.852904096651488,6.12178288581972,-1.3680076352789432,0.6152683234317472,4.227311320487973,5.806977094028719,-0.26354992303798463,-0.9713087336054363,7.517274704074042,3.6445567996879027,0.42145010401692207,1.439576260510059,1.8051677378548305,6.405985348535768,-1.4319865926630726,-0.44655839308337153,7.6558473737753365,4.534468689658641,-0.3587891889477496,1.2010245539158328,1.7095271258253846,4.986385429094317,-0.4760986444146516,-1.4219902453762312,4.292570322597712,1.9250946255443908,1.4486744628090655,0.38902737796312636
42,3.7552581122180078,4.152213294276067,0.7768592781709606,0.045116580336745954,3.9874669050005154,8.360147168266842,-1.4753431905161154,0.27085507231309064,2.7706424562072662,5.551280346904238,-0.2608100223707713,-0.32734784619782076,6.93479699701328,4.766456685064478,0.609540684871611,0.9929245578280761,6.33570802020024,5.2373553913086015,-0.31118799080313014,0.5225637235694082,2.9516339398945703,2.1140585175640974,0.7121966530126729,0.2912133724080804,3.610675398204898,3.096743194894805,-0.18676642345804442,0.8017071253336935,8.125085223385963,5.660557813151976,0.27911206330805927,0.28402780173675146,6.922209114408694,5.2086064458252235,-0.385321354750961,0.955539335538861,4.241933879627297,4.499603604041026,-0.6946784835107473,1.063035740362356,3.833854151760577,7.57049813791386,-1.0103418906059287,-1.108697102046739,5.500886104498854,6.453688479786054,1.3267663139537462,0.6997793567672521,7.714622286883314,2.175616963853474,1.0845084911723535,0.49706902531391434,2.7845037148875407,6.152546301991308,-1.33719270657453,0.6796437783750273,4.214133824336074,5.758411657348447,-0.18681906971881654,-0.9663838994583407,7.538347209274888,3.7165356127134057,0.43268279513234925,1.4362400909306414,1.733568408221677,6.383657428881599,-1.42356415684297,-0.4717952440603155,7.637907914327949,4.594519917354432,-0.36189259902782484,1.2041897732674822,1.685722193604652,4.915285916825505,-0.4479787584931733,-1.3912818072181958,4.365004045738165,1.9445459944425472,1.4522048697915761,0.3756341520064846
43,3.7941010761265557,4.1544691232929045,0.8262378997491772,0.05518580233996746,3.91369974547471,8.373689921882496,-1.4749824097886741,0.27281292274010027,2.757601955088728,5.534912954594347,-0.1658933687376536,-0.28303517537090883,6.965274031256861,4.816102912955881,0.570735992841658,1.0076998101703003,6.320148620660084,5.263483577487072,-0.32312316973865796,0.5164853972398192,2.987243772545204,2.128619186184501,0.6772835124773182,0.27089932566754843,3.601337077031996,3.1368285511614897,-0.2388964788855957,0.8276842302359609,8.139040826551366,5.674759203238813,0.2503770395711055,0.33766236184493625,6.902943046671146,5.256383412602166,-0.40330755550083514,0.9258222150106398,4.20719995545176,4.552755391059144,-0.6860476311094907,1.040716068850706,3.7833370572302805,7.515063282811522,-0.9867099231003651,-1.1297803006139167,5.567224420196542,6.488677447624417,1.3077610823462285,0.7346842529281683,7.768847711441931,2.20047041511917,1.0443970000882548,0.47965311435467056,2.717644079558814,6.186528490910059,-1.3025671107449455,0.7438540999453886,4.204792870850134,5.71009246237553,-0.1121439984793451,-0.9559395437022963,7.5599813490315055,3.7883476172599377,0.44292413629597027,1.4331148626284178,1.6623902003795283,6.360067666678583,-1.4031850590832464,-0.48293168573812423,7.619813284376558,4.654729406017807,-0.3679060166443114,1.2046816372688607,1.6633232556799933,4.845721826464596,-0.40196245876859443,-1.3305789826256056,4.437614289227744,1.9633277020428714,1.455100741717268,0.36425517354439335
44,3.8354129711140144,4.157228413409903,0.8820341951536114,0.051116271748598785,3.839950624985276,8.387330568019502,-1.4743519355490289,0.27619987353877007,2.7493072866518453,5.520761195825801,-0.07461475016351113,-0.23722936050865756,6.993810830898944,4.866487903464397,0.5293321389483779,1.024121396445401,6.303992462173151,5.289307847349063,-0.34171839882791805,0.511732404028669,3.02110794816907,2.1421641524678785,0.6359619815391697,0.24630285209291006,3.5893922530877163,3.178212762673288,-0.28016664552110904,0.8514349049605398,8.151559678529921,5.69164232133106,0.22392154778987078,0.3917089330996665,6.882777668896104,5.302674523352699,-0.42040301251825685,0.8908304440278975,4.172897573896285,4.604791194501679,-0.6727415781266836,1.1131319810020426,3.7340015610752624,7.458574267780826,-0.9677140762924084,-1.1400954796936877,5.632612474313853,6.525411660270825,1.288197676895888,0.768470393209808,7.821067561446344,2.2244530708369035,1.0053273654122752,0.4633822726965552,2.652515724021567,6.223721195907329,-1.263136075577293,0.8090038656120224,4.199185670926166,5.662295485190415,-0.03528164539287354,-0.9352966670772352,7.582127555846304,3.860003360391359,0.4511556209945081,1.4305448632059954,1.592230947425366,6.335921082391677,-1.3489561214573613,-0.4893083389027494,7.601417983544342,4.714963487881249,-0.37318437040991825,1.2039233132175848,1.6432251327415635,4.779192877333315,-0.3402936634213807,-1.2561909196716565,4.510369326313607,1.981540460720091,1.4567811334117573,0.357475494734333
45,3.879514680871695,4.159784226997332,0.9411600238965924,0.03844028903489945,3.7662330282078247,8.40114056169644,-1.473448003456874,0.2809821722261965,2.74557654914367,5.508899727800368,0.025385249836488877,-0.22453303174946415,7.020277437846363,4.917693973286667,0.4928178448008865,1.0460511731139497,6.286906542231756,5.314894467550497,-0.371555440921195,0.5123808196295501,3.0529060472460285,2.154479295072524,0.5659970123809971,0.18325083559625172,3.5753839208116607,3.220784507921315,-0.3089684264602112,0.8706912583388356,8.162755755919415,5.711227767986044,0.1977716132596126,0.44546857951537694,6.861757518270191,5.347216045554093,-0.4366282536428868,0.8549725281496016,4.1392604949899505,4.660447793551781,-0.670380085686579,1.1819260288345317,3.685615857260642,7.401569493796142,-0.9437723999737628,-1.1466144344773659,5.697022358158647,6.563835179931315,1.2699740327646944,0.7982267573211126,7.871333929716958,2.247622184471731,0.9652759468694132,0.4472224104166632,2.5893589202427023,6.26417138918793,-1.220784006994975,0.8715999129562217,4.197421588656522,5.615530651836553,0.04362643446972107,-0.9035994653484144,7.604685336896029,3.9315306035516584,0.4572589473382777,1.4286057031522343,1.524783141352498,6.31145566544654,-1.2947538688309423,-0.49404874957338746,7.582758765023845,4.775159653542128,-0.37622037061698477,1.2022018064655111,1.6262104495704943,4.716383331349733,-0.2891562875897767,-1.1715937672001142,4.5832083829841945,1.9994142354568076,1.4577746802468208,0.3534020113571503
46,3.9265726820665248,4.161706241449077,0.9623748443411763,0.02766594557410118,3.692560628034981,8.41518967030775,-1.4723992848858345,0.28642685954303115,2.7468458116354943,5.4976730762128945,0.0930805575681173,-0.21705378206346143,7.044918330086407,4.969996531942365,0.467166622333464,1.0737323450080232,6.268328770185696,5.340513508531974,-0.4036561720556097,0.5120729740491585,3.0812058978650785,2.1636418368523365,0.5030303080124058,0.125784167705703,3.5599354994886503,3.2643190708382566,-0.3292546512426781,0.8851518637217549,8.172644336582396,5.733501196961813,0.1729998111322513,0.4982768761958274,6.839926105588047,5.3899646719615735,-0.4622087551992833,0.8282358931798902,4.105741490705622,4.719544094993508,-0.6861889973081496,1.2466991771327953,3.6384272372619537,7.3442387720722735,-0.8945912187813647,-1.1476979451258251,5.760521059796882,6.603746517797371,1.2543639015380066,0.8225394838658815,7.919597727060428,2.269983304992564,0.9234102881093424,0.43056132969862276,2.5283197198929535,6.307751384835741,-1.2072580055075566,0.8902404777013437,4.199602910380008,5.570350678569133,0.11737497534801697,-0.8777271632930556,7.627548284262943,4.0029608887092705,0.4620997591486637,1.4270472355863864,1.4600454479109508,6.28675322796787,-1.2470599308140509,-0.5000987540109533,7.563947746492996,4.835269743865404,-0.3783672095949177,1.2032795214935885,1.6117526351910054,4.657803642989728,-0.2422644850404145,-1.0766853270870467,4.656097116996536,2.017084336024665,1.4583288372415506,0.351108248934295
47,3.974691424283584,4.163089538727783,0.9780837453292782,0.013654866501148909,3.6189406637906893,8.429511013284902,-1.4712189780293623,0.292428997683606,2.7514998395139,5.486820387109721,0.1493854594064199,-0.21434680675987114,7.068276661203081,5.023683149192766,0.45930210088962015,1.1049034642211275,6.248145961582916,5.366117157234433,-0.4324024551099615,0.5100114049172477,3.1063574132656986,2.1699310452376217,0.45244050813142433,0.07650949066751025,3.5434727669265165,3.3085766640243444,-0.3395575689019608,0.8960402442790536,8.181294327139009,5.758415040771604,0.14721711273938326,0.5501201379145774,6.816815667828083,5.431376466620568,-0.5001517786425054,0.8108912753362623,4.0714320408402145,4.781879053850148,-0.7111346989668754,1.3033653546440105,3.5936976763228854,7.286853874815982,-0.8233530407666094,-1.1446259628985593,5.823239254873783,6.644873491990666,1.2381512163623647,0.8467476397489377,7.965768241465895,2.2915113714774953,0.8795265054841441,0.4131215753913527,2.4679568196175756,6.352263408720808,-1.2007840580280966,0.8989536395084992,4.205471659147409,5.52646432040448,0.18413413252880312,-0.8699934360465327,7.650653272220376,4.07431325048859,0.46512943024380726,1.4260626259463751,1.3976924513702482,6.261748290267323,-1.2005860819943182,-0.505610674537577,7.54502938601325,4.895433719940083,-0.38091455900318666,1.2099124105557548,1.5996394109389847,4.6039693766353755,-0.2066158470303895,-0.9830085096699019,4.729013558858614,2.03463974847138,1.4587086585862834,0.3495268936225152
48,4.023595611550047,4.1637722820528404,0.9903045884655888,-0.006263780907336505,3.545379714889221,8.444132463169082,-1.4700920084618174,0.2980427597790286,2.758969112484221,5.476103046771727,0.2165507209134542,-0.1922835261178385,7.0912417662475615,5.078928322403822,0.43265133237117226,1.108004813656874,6.226525838827418,5.391617727480295,-0.44876449485481545,0.5046030228740053,3.12897943867227,2.1737565197709974,0.40862625432435645,0.03563265210263751,3.5264948884814182,3.353378676238297,-0.34937645214218377,0.8985038836203484,8.188655182775978,5.785921047667333,0.12156940694600252,0.6008772122706565,6.791808078895958,5.4719210303873815,-0.548167021457523,0.7999464089472261,4.035875305891871,4.847047321582349,-0.755397138512824,1.295907081208617,3.5525300242845548,7.229622576671054,-0.7517987673996813,-1.1347557935867976,5.8851468156919005,6.687210873978112,1.2211030913588317,0.8711528225712781,8.009744566740101,2.312167450247063,0.8337947434325618,0.39470647451883606,2.407917616716171,6.397211090696233,-1.1950130350806172,0.9066111878790223,4.214678365773849,5.482964648602153,0.25347781267215946,-0.8721614352321544,7.673909743732566,4.145616381785909,0.4599658079688124,1.4254858710541303,1.3376631472705323,6.236467756540444,-1.156602971208834,-0.495806168682732,7.525983658063091,4.955929340467871,-0.3824938187117104,1.2212419578715907,1.5893086185874652,4.554818951151881,-0.17909375993322152,-0.9003616748195906,4.801948991787928,2.0521160931525055,1.458986242205673,0.34836639484107745
49,4.073110840973326,4.163459093007473,0.9986745781587536,-0.026540246919337544,3.47187511446613,8.459034601158033,-1.4703771842434794,0.2966326618162901,2.7697966485298937,5.466488870465835,0.2838856172395193,-0.14935965841535437,7.11287433286612,5.134328563086666,0.420925252489981,1.1125686522728877,6.204087614084677,5.416847878623995,-0.45582652916372585,0.49609724411428735,3.1494107513884875,2.1755381523761295,0.38648738009158745,0.009855085669684627,3.509026065874309,3.3983038704193147,-0.36532590555567024,0.8960079873628882,8.194733653123278,5.815964908280866,0.09520682688504366,0.6453410017336997,6.764399727823082,5.511918350834743,-0.5990242673796117,0.7981955707494583,3.9981054489662298,4.91184267564278,-0.7758619138368794,1.2837594364433604,3.5149400859145707,7.172884786991714,-0.6845670765160449,-1.1151151333008478,5.946201970259842,6.730768515106677,1.2045285491508502,0.893930072366149,8.05143430391173,2.3319027739730047,0.7862997150559825,0.3754328208923941,2.34816696496214,6.442541650090185,-1.193475460469446,0.9086343187758452,4.227352256407457,5.439356576840545,0.3534778126721595,-0.7890216461276927,7.696908034131007,4.2168906753386155,0.4553469714020066,1.4202018228097733,1.2798329987100905,6.2116774481063075,-1.1035559042818777,-0.48437436885372576,7.5068589671275054,5.01699143836145,-0.3843769965434794,1.2403309056445704,1.580353930590804,4.509800867410902,-0.15528658447574395,-0.8414219854217787,4.874898303898211,2.0695344128945594,1.459104492315259,0.3478707813332858
50,4.123044569881264,4.1621320806615065,1.0084799311446124,-0.04644897909516457,3.3983562552539563,8.473866234248847,-1.4718410053551776,0.28928196444828713,2.78399092939187,5.459020887545067,0.3551889788938009,-0.08065578048948156,7.133920595490619,5.18995699570031,0.38649069552892146,1.117166602627106,6.18129628762649,5.441652740829709,-0.465386945802577,0.4899801628446655,3.168735120393067,2.1760309066596135,0.3908979520690836,-0.01545286172754743,3.4907597705965254,3.443104269787459,-0.383552323454802,0.9095709765978125,8.19949399446753,5.848231958367551,0.07000143523961214,0.6848335254038962,6.734448514454101,5.5518281293722165,-0.6423717452925145,0.8063952394251195,3.959312353274386,4.976030647464948,-0.7972401024851319,1.2705936482563953,3.4807117320887686,7.117129030326672,-0.621112120699776,-1.0891774389897058,6.006428397717384,6.775465018724984,1.1847128220268806,0.9200301784860669,8.09074928966453,2.3506744150176244,0.7372456586499614,0.35541819808489133,2.2884931919386675,6.487973366028977,-1.191541683805345,0.9111687087221132,4.245026147041065,5.399905494534161,0.4534778126721595,-0.6890216461276927,7.719675382701108,4.287900766479104,0.45169061573787256,1.4101960216387088,1.2246552034959965,6.187458729663621,-1.043176774633669,-0.46650045431391174,7.487640117300331,5.079007983643678,-0.39183655807025475,1.2680830785915003,1.5725896013670169,4.4677297681398125,-0.12930156407665033,-0.7958100078445692,4.947853528513974,2.086927951961224,1.4597419495911532,0.34518609561194524
51,4.173468566438495,4.159809631706748,1.0158334828304225,-0.08717494638318185,3.3247642049861974,8.48833033247126,-1.472998146399504,0.28333100907529535,2.80175037833656,5.454988098520594,0.4216559183431112,0.006474658791982071,7.153245130267066,5.245815325831665,0.3279723752068847,1.1227479580945448,6.158026940336361,5.466151748971942,-0.4723237745946722,0.4859785457855539,3.188280017996521,2.175258263573236,0.42286037360552925,-0.039746105612587714,3.4715821544237855,3.4885828186173495,-0.4073837669433999,0.9356539751119879,8.20299406622951,5.882473634637746,0.04412981863766817,0.7163897502268942,6.702329927189475,5.592147891343473,-0.6701556517523228,0.8057658387303767,3.9194503481501295,5.039560329877768,-0.8178883212723226,1.2574015643088496,3.44965612605378,7.062670158377187,-0.5648383205651172,-1.064087584987707,6.065664038818728,6.821466527649287,1.165797988994589,0.9438829635374143,8.127611572597027,2.368445324921869,0.6862912750382824,0.3348755392194395,2.2289161077484003,6.533531801465083,-1.187792442979955,0.9160508241357084,4.267700037674673,5.365454412227776,0.5436795541291449,-0.605514072523109,7.7422599134880015,4.358410567561039,0.4489489186797909,1.4019230317993934,1.1724963647643132,6.164133706947926,-0.9715113386042349,-0.4585159256233352,7.468048289396818,5.142412137573253,-0.4016613630319361,1.3070387670680628,1.5661245231631844,4.427939267747584,-0.10430673030923623,-0.766920268331172,5.020840625993531,2.104187256741821,1.4600659271464465,0.3438131591227828
52,4.2242602405800165,4.155450884387589,1.023513635187047,-0.12265929015034799,3.251114297666222,8.502496882925026,-1.4739459630643477,0.2783582187870742,2.8228331742537156,5.455311831460193,0.47629389284376733,0.10378773504968776,7.16964374902741,5.301952723736393,0.3016603458451599,1.0890228096551373,6.1344107516066275,5.4904506762612195,-0.4694710474944191,0.4808032179033832,3.2094230366767973,2.1732709582926066,0.4800666764867701,-0.06672104293234327,3.4512129660766155,3.535365517372949,-0.43250503259319545,0.9600059414930608,8.205200557161392,5.918293122149091,0.016944050748645342,0.7393532264079244,6.668822144601859,5.632436183279991,-0.6899042009156644,0.790170998680633,3.8785559320865133,5.10243040809321,-0.8604089216033031,1.2286970691042771,3.421414210025524,7.009465779127801,-0.4835215693234332,-1.036939362064428,6.123953938268457,6.868660675826158,1.145777040932631,0.9680883081990319,8.161926136348942,2.385189101882841,0.6313547885556621,0.31393919912582685,2.1695264855994028,6.579334342671868,-1.1831498005575343,0.9220393426750655,4.29488401538113,5.335178708601621,0.6175664254670356,-0.5430641046619334,7.764707359421991,4.428506719151009,0.440260509053307,1.3892160040064627,1.1239207978341015,6.1412079106667585,-0.9035744830496542,-0.4535242508275884,7.447965221245221,5.207764075926656,-0.41463678010947747,1.3564360329791652,1.5609091866477225,4.389593254331026,-0.07973320005248803,-0.7411649225097914,5.093843922350854,2.1213779146979603,1.460263268604092,0.342974031620024
53,4.275435922339369,4.149317919880072,1.0249647084014588,-0.15858271451348427,3.177416999513005,8.51641479386438,-1.4748325463610394,0.27362192930065465,2.846647868895904,5.460501218212678,0.5181112092566931,0.20028509194131983,7.184726766319668,5.35640386421915,0.27248828297131955,1.064973891169496,6.110937199231906,5.514490837156389,-0.4591239121294098,0.4731219084715919,3.2334263705011357,2.1699349061459894,0.5215102270734705,-0.0584396972668884,3.429587714446956,3.583365814447602,-0.4798704834522653,0.99375243137553,8.206047759698825,5.9552607834694875,-0.010238450805843794,0.7559166180934103,6.634326934556076,5.671944733214023,-0.6993131859939992,0.7561260236382898,3.835535486006348,5.163865261548424,-0.9249703937370419,1.1808597591204222,3.3972381315593525,6.95761881102458,-0.41522552425850706,-0.9963941607628534,6.181242790315088,6.917065091236109,1.1275872028176712,0.9892153961811452,8.193493875776726,2.4008860618391323,0.5770062422891062,0.2932538512111311,2.110368995571526,6.625436309805622,-1.1754177587668737,0.9318761142852943,4.325762336654481,5.308025503368524,0.6864792236333106,-0.4750916710948863,7.7867203848746565,4.497967519351332,0.43254070321662946,1.3769717511459165,1.0787420736816187,6.118531698125379,-0.8375353440172902,-0.4466291490121263,7.427233382239748,5.275585877575614,-0.4237662790084605,1.409711272446786,1.5569225266450981,4.352535008205536,-0.05183056710075158,-0.7013525424343366,5.166857085781059,2.1385266162789613,1.4604122313509702,0.342339180522009
54,4.326684157759442,4.1413887841543975,1.026842908500331,-0.1833653900181687,3.103675372194953,8.530095890329413,-1.4757134529277383,0.2688304388422039,2.8725534293587387,5.470515472809744,0.5437161129546606,0.3002850919413198,7.198351180468234,5.4096525587776245,0.2366699982213348,1.0447609011239485,6.087981003625436,5.538146932579968,-0.4515425395703392,0.46609117181659504,3.2595018818548094,2.167012921282645,0.5598643705737986,-0.04599450597293355,3.4055941902743427,3.6330534360163784,-0.5346494348587442,1.0401919777221944,8.205535837158532,5.993056614374158,-0.0375442266866574,0.7670152301932962,6.599361275256376,5.7097510343959375,-0.7035681995343863,0.7125276995778498,3.789286966319496,5.222908249504445,-0.9971369021732449,1.1192560937685545,3.3764768553464273,6.907799102986437,-0.3796799128769763,-0.9206660602245995,6.237622150455972,6.966525861045167,1.12127195693041,0.9963680036018061,8.222344187891181,2.4155487543996887,0.5238449251790446,0.2728694382072096,2.051598107633182,6.6720301155198865,-1.1626842397017572,0.9477158639324061,4.360086297836147,5.28427091981378,0.7458326765542242,-0.4043501726245799,7.808347420035488,4.566816106908628,0.4254397649560742,1.364644729785519,1.0368653064807543,6.096200240674772,-0.7715176447756521,-0.4343449349625486,7.406045068289324,5.346071441197954,-0.42240911027223516,1.4392951551224713,1.5543309982900606,4.317467381083819,-0.021159828880536736,-0.65029653886378,5.239877697348607,2.155643575305062,1.4605915263661102,0.3415734080801903
55,4.378026303184459,4.132220514653489,1.0378997176276619,-0.19662292929047706,3.029889699548566,8.543537412271522,-1.4765663105363107,0.2641059079028483,2.899739235006472,5.48552972740681,0.5394506686014378,0.395623144452535,7.2101846803793,5.4618906038338215,0.198039339833197,1.0312554542130903,6.065403876646919,5.561451491170798,-0.4480924487596826,0.4608831925100164,3.287495100383499,2.1647131959839983,0.5956843302143014,-0.03240201243884541,3.3788617185314056,3.685063034902488,-0.5881421657146859,1.105766933662441,8.203658625824199,6.0314073758838225,-0.06346539859026763,0.7740676405872495,6.5641828652796566,5.74537741937483,-0.7026871344786584,0.6586295319676814,3.739430121210834,5.278871054192873,-1.0519275599319577,1.043122341899353,3.3574928597025786,6.861765799975207,-0.34842660481919124,-0.83223740793807,6.293685748302493,7.016344261225257,1.1028042883895957,1.016770722193316,8.248536434150134,2.4291922263100494,0.46317521096662695,0.23527321544891644,1.9934638956480943,6.719415908716507,-1.14600264658605,0.9678212304024794,4.397377931663858,5.264053411182551,0.7881657221560691,-0.34779561673163556,7.829619408283292,4.635048343397904,0.4183595706020169,1.3523241121991447,0.9982894242419716,6.074482993926645,-0.7061651393301718,-0.41876874818638743,7.384924612775713,5.418036198954078,-0.42327268561031517,1.439041428735195,1.5532730068460339,4.28495255414063,0.023607825061571424,-0.6023038146835584,5.312907273666912,2.172722245709071,1.4607401271074607,0.3409373565012777
56,4.429921289065843,4.122389368188965,1.050682218311923,-0.18978562013858916,2.9560613840217504,8.556742707666665,-1.4773755255059413,0.2595410500018132,2.926711768436544,5.505310884629437,0.5093190961164676,0.47949850851770526,7.220086647370961,5.513453376544476,0.15326449161046446,1.0298723646595256,6.042999254208935,5.584495650796299,-0.44353679907680316,0.4545808246141748,3.317279316894214,2.163093095362056,0.6299993888032831,-0.021907614858221784,3.3494546102456715,3.74035138158561,-0.6376884670795846,1.2027820761032368,8.200485355894685,6.070110757913185,-0.08746359799355362,0.7796623594160469,6.529048508555723,5.778308895973215,-0.6999741385471522,0.5989442838311609,3.686833743214236,5.3310271712878405,-1.1003248685199858,0.9496778991503295,3.340071529461619,6.820153929578304,-0.30777520592202023,-0.7450141523037621,6.348825962721973,7.067182797334922,1.1015687331813453,1.0181091916279146,8.271695194698465,2.4409558870824952,0.4030754363675516,0.19904748228794383,1.9361637633187918,6.767806970236631,-1.1279853359244743,0.9887613877672159,4.436786217771661,5.246663630345969,0.8239194371943687,-0.32122269783972884,7.850537386813393,4.702664549007862,0.4112813238297276,1.3398227919562629,0.962981167275463,6.053544556517325,-0.6520557149775259,-0.4034100975020307,7.363760978495197,5.489988270390838,-0.4150140373935908,1.4350693100147827,1.5544533980991124,4.254837363406452,0.10285268308807595,-0.5707028148514051,5.385944280022286,2.189769113534135,1.4610239621440753,0.3397189750968109
57,4.482455399981439,4.112900087182036,1.0630096881972724,-0.17571272508854033,2.8821926077464535,8.569719760166755,-1.4781491504356674,0.25509819494915,2.952177723242367,5.529285810055322,0.44765961697523227,0.5458243399309743,7.227749871951484,5.564946994777452,0.10063751821988523,1.0368420557274596,6.020822414255095,5.607224692027008,-0.41831440222621724,0.4056031903034525,3.3487792863343784,2.1619977146191447,0.6635522500169672,-0.014840807707381025,3.3175701868916923,3.800490485390772,-0.6866061957420755,1.302782076103237,8.196112175995006,6.109093875883987,-0.11132297221869324,0.7818845284204275,6.494049801628366,5.8082561101647725,-0.6888613546979129,0.5404753578782495,3.631817499788237,5.378511066245357,-1.133575477560246,0.8562156644148406,3.324682769165518,6.782903221963116,-0.2786491041897662,-0.6514304254208275,6.40390439938104,7.118088256916318,1.087459244518936,1.0331661974291964,8.291848966516842,2.450908261196892,0.3436705565591257,0.16431954828506756,1.8797644965225682,6.817245039624992,-1.1103307761667134,1.0085462644306524,4.477982189631379,5.230602495453983,0.840326091015837,-0.29967815791129254,7.871101453004879,4.769655688605675,0.4035519574080281,1.3266210307105353,0.9303783815265867,6.033374051642223,-0.6031121149189703,-0.3897018279059309,7.343010276625518,5.5617417358915775,-0.4084276004662722,1.4315961775385722,1.5595960322535163,4.226302222663882,0.1823214996068595,-0.5415608761650342,5.45899547812949,2.2067550622889756,1.4616160443213162,0.3371624815760317
58,4.535605884391303,4.104114450927608,1.0766308679567749,-0.16165338413471342,2.80828515022467,8.582474669914212,-1.4788851563806473,0.2507961208571392,2.974560704091129,5.556577027051871,0.3550257377905094,0.5963211327242482,7.232781747862478,5.616789097563825,0.04051880126470029,1.051681716848828,5.999906694143784,5.62750485154218,-0.395407942358263,0.3608784904486017,3.381956898835227,2.1612556742337756,0.6963230565679468,-0.009586268232536091,3.2832398771045885,3.8656295891959336,-0.7223688633176424,1.3146038282726766,8.190546027384071,6.148188102305008,-0.1339333430334935,0.779402704819599,6.45960673389347,5.835279878058685,-0.6756935725700557,0.4820371163964685,3.5751387259102247,5.421321849466099,-1.1645535611707807,0.7937026825232085,3.3107503139560297,6.750331700692074,-0.21822726185311153,-0.5644338462506004,6.458277361606987,7.1697465667877776,1.0867550300122635,1.033906912997028,8.309032494344798,2.4591242386111456,0.28507733704046423,0.13105517355209637,1.8242479577142325,6.867672352846524,-1.0911970337657517,1.0292176803285225,4.519998494182171,5.215618587558418,0.8269913592581961,-0.21832562600134992,7.891279050875281,4.835986740141202,0.3945586059485249,1.312094410203295,0.9002227757806381,6.013888960246927,-0.5545675053723089,-0.3764210189803022,7.322588896602204,5.633321544768506,-0.4021672456493586,1.4234756116771086,1.5687121072338592,4.19922417885563,0.2559485364167808,-0.49397362450182625,5.532076280345556,2.223613186367777,1.4625428987001912,0.33311900195221855
59,4.589437427789141,4.096031781720873,1.0941688864814216,-0.15493031324500203,2.734340892405638,8.59501447595707,-1.4795591818535323,0.24678862897813075,2.9923119909806544,5.586393083688083,0.2550257377905094,0.641774621551,7.234807687925713,5.669373183406266,-0.02471256370073855,1.0770429448380248,5.980136297025871,5.64554877606461,-0.3791778434550838,0.3299088468557672,3.416773051663624,2.160776360822149,0.7283448383701242,-0.0053871809852836265,3.2471214339387062,3.9313597806095673,-0.742393093115127,1.3034003587904042,8.183849360232397,6.187158237545988,-0.15287290219515656,0.7732317111487778,6.425822055264968,5.859381733878509,-0.6690419609439074,0.426942945826095,3.5169110478516856,5.4610069835922594,-1.191935771067822,0.7645399090332564,3.299838950863374,6.722110008379544,-0.15069459731568172,-0.4700136873875328,6.5126151131076,7.221441912437629,1.0890415268575924,1.0314982078412371,8.323286361196821,2.4656769972887504,0.2273255086083811,0.09902712730175303,1.7696881060259448,6.91913323686295,-1.0728493138199038,1.0483293136396412,4.561348062145081,5.20470230625835,0.7885038473849508,-0.1758461705303111,7.911006981172707,4.901591460651367,0.38494642714603466,1.2965803553088477,0.8724944005120226,5.995067909297912,-0.4985170796044104,-0.3618932957871336,7.302480534319736,5.704495325352362,-0.3947999670138567,1.4129185152255876,1.5815095340546983,4.174525497630539,0.31964888455559,-0.43702265003740975,5.605203425280565,2.240269136465388,1.4632426288138114,0.33003183061948266
60,4.644145872113213,4.088285266058623,1.06977921569218,-0.14612376199716687,2.6603629333129613,8.607353907405976,-1.480162816425797,0.24314200967840266,3.00506327787018,5.618481814765634,0.1550257377905094,0.6678898721384633,7.233572059740676,5.723225330648168,-0.09261241669184267,1.1097621993317381,5.961177404853117,5.662044218407398,-0.36959098917604255,0.3067680110937433,3.4531902935821304,2.1605070017728845,0.7594375744951166,-0.0012896812868831292,3.21000177928295,3.9965297985490875,-0.7534034657188247,1.2970671601127153,8.17620571512264,6.225819823103428,-0.17020544860810136,0.7626336126621158,6.392369957217772,5.880728881169814,-0.6743323667686879,0.38394793998007143,3.4573142592982946,5.499233979043923,-1.2135389977295041,0.7436861183924254,3.29230422099759,6.698609324010167,-0.08778000528801753,-0.3700136873875328,6.56706718945048,7.273016822829691,1.091669689961477,1.028716330199639,8.33465263662724,2.4706283536538383,0.17053699852422888,0.06821859804397867,1.7160456403349496,6.971549702544932,-1.054063354287859,1.0672162129331748,4.600773254514328,5.195909997731835,0.7361282267813894,-0.15808968459128522,7.930254302530009,4.966420478416809,0.3741819758210949,1.2813820575102142,0.8475685465318021,5.976973244508556,-0.43954593683555054,-0.34548523380593243,7.282740535969043,5.775141251113641,-0.3866025446882456,1.3908355665408954,1.5974919782824777,4.152674365128668,0.3512298512666343,-0.3995838461262006,5.678365556721255,2.2567707279963622,1.4636353802286142,0.32828565875322735
61,4.697634832897822,4.080979077958765,1.041191898225444,-0.13689848811978458,2.5863547924916714,8.619511007889896,-1.4806232683701102,0.24032215287195796,3.0128145647597053,5.6518763083725565,0.0550257377905094,0.6867554395842183,7.228941438906084,5.778713440614754,-0.14481967205530702,1.1362227753891723,5.942697855394315,5.677382618962085,-0.3662188612407522,0.2907674779898004,3.491162172306886,2.1604425177085402,0.7889663145435252,0.004311027063656079,3.172331605997009,4.061383156554723,-0.7588276870668659,1.2939012873247908,8.167695442692235,6.263951503736534,-0.1828938156768689,0.7524172938461693,6.358653338879337,5.8999262781688175,-0.7017632706802784,0.3548149360299524,3.3966373094118194,5.536418284963544,-1.2337789082128645,0.7257872548384245,3.2879152207331894,6.680108639640791,-0.029584378552330273,-0.27001368738753284,6.621650673948554,7.324452639339673,1.0945536549010573,1.0256472573661652,8.343179486553451,2.474039283556037,0.11475099684194738,0.03837774125343607,1.6633424726205566,7.024910513191591,-1.0333296270246566,1.087303951024314,4.637579665853398,5.188005513502271,0.6829605677371237,-0.1545816170877137,7.9489634013210635,5.030489581292319,0.36301167795999567,1.2660804574116042,0.8255912496900246,5.959698982818259,-0.3823219909794562,-0.3264427851064581,7.2634104087346305,5.844683029440685,-0.38348360536303217,1.3553451490604267,1.6150534708458093,4.132695172822358,0.3974137294499992,-0.35837281325876896,5.751547325732686,2.2731850109340237,1.4620166649802124,0.33542103589390115
62,4.749694427809094,4.074134153552776,1.010416750548976,-0.1309097051029837,2.512323629073166,8.631527115533494,-1.480735911248245,0.23962712939028874,3.0155658516492307,5.686214080351768,-0.044974262209490606,0.712894895617925,7.221700455303319,5.835524579384213,-0.17686281318193972,1.1511075453057067,5.924386912332277,5.691920992861575,-0.3737221964186506,0.2821119187182264,3.5306104880340623,2.160658069061723,0.8166055515897669,0.011013479961681592,3.1343902216436654,4.126078220920963,-0.7577208180014808,1.2945497912275012,8.158550751908392,6.301572368428842,-0.18788653206378317,0.7477283637072237,6.3235651753453235,5.917667024970315,-0.7373832567375599,0.3194282485127863,3.334948364001176,5.572707647705465,-1.2576092966992498,0.7076940413994368,3.2864360018055727,6.666607955271414,0.02157800142775701,-0.17001368738753284,6.676378356693607,7.375735002207981,1.099171909389171,1.0206963865958205,8.348917036395548,2.475958170618709,0.06025519730047399,0.009377610957682591,1.6116759912693237,7.079275710742807,-1.011377639917768,1.1077523502454714,4.671727694240254,5.180276432647886,0.6205818214659903,-0.16926040527283334,7.967113985219063,5.0937936041629,0.35136839787109414,1.2486917798145583,0.8064751501410519,5.943376843562937,-0.32746376539542604,-0.3059086213930029,7.2442362284664785,5.912450286893707,-0.3915663751741856,1.3113517475330219,1.6349241573183093,4.11477653215942,0.4407480555980323,-0.32139144519388857,5.824648158981696,2.2899560627287188,1.4603321609560305,0.3426805796620083
63,4.800215265336543,4.067588668297627,0.9809187277542526,-0.1305890733483991,2.4382868335107535,8.643508472003008,-1.481158399562934,0.23700167806192446,3.0133171385387563,5.721858825132664,-0.13337409565027125,0.7384975790428746,7.212857314644221,5.8930799566494985,-0.17824276091879904,1.1263744787468688,5.905700802511345,5.706026588797486,-0.3830803148931341,0.27599658982516095,3.5714407656135507,2.1612087430598073,0.841729731906692,0.018593550904321896,3.0965041807435916,4.190805710482338,-0.7708690181627931,1.286763753311668,8.149156425305202,6.338958786614204,-0.18630468923896645,0.7473949238923656,6.286696012508446,5.933638437395954,-0.774929539744228,0.27313335667852723,3.2720678991662138,5.608092349775436,-1.285424853225434,0.6978989366871889,3.2875149018769605,6.658107270902037,0.07084609215270207,-0.0742779824886986,6.7313369521630655,7.426769821537772,1.1034018343111616,1.0161222328237702,8.351929796260572,2.476427051166593,0.0073495960374277206,-0.019203170859753628,1.5611071092734352,7.134663328255081,-0.9892690315003799,1.1275401470964572,4.702756785313554,5.171813412384244,0.5589060940985892,-0.18977657434403086,7.9846824051126175,5.156228193153628,0.340487425426083,1.2307342921121887,0.7901019618712806,5.928081412493286,-0.29603755320384434,-0.29394720076755465,7.224657909707769,5.978017874270358,-0.40716179785933193,1.2543908250533924,1.6569615600982108,4.098706959899725,0.46776674570728527,-0.2854070363384503,5.8976647670294975,2.307090091711819,1.4577026591417475,0.3536989645603711
64,4.849261201724255,4.061059214630207,0.9417485817657882,-0.13975061346923917,2.3642289135326067,8.655358555906105,-1.4826257066546231,0.2276422938886365,3.0066484337562427,5.7587837040848076,-0.1575424603539265,0.7693063496994603,7.203945176598282,5.9493986805868415,-0.1620502993685633,1.0736836866631285,5.886546786766688,5.719826418288744,-0.39384453674019143,0.2718123262530641,3.6135272522088853,2.1621384206050234,0.8642311737430491,0.027323715819645156,3.057960729835452,4.255143898147922,-0.7887309437009856,1.275893215927004,8.139841190843255,6.376328532808822,-0.17678053606599664,0.7491194835198389,6.247949535521235,5.94729510522988,-0.8095293148201405,0.22551811467413269,3.207796656504942,5.642987296609796,-1.3146294483143928,0.6891914200467643,3.2910572064845955,6.654393371777602,0.12631235067855046,0.003154411539011359,6.786507043878624,7.477575933178961,1.0999941184429884,1.0198102467571273,8.352297276062444,2.475466892623605,-0.0438092434267599,-0.04684987338775351,1.5116436576984162,7.1910403356099035,-0.9636837362314534,1.1494840827619086,4.730702090018483,5.162324583667043,0.5078287997489187,-0.2595741676992097,8.001706776383921,5.217764907759237,0.32782615462883036,1.209738950870829,0.7753000842110883,5.913384052454909,-0.26184768821074894,-0.28357791184619846,7.2042998198148025,6.040737415523028,-0.4104998118212431,1.1797117006980762,1.680349897383575,4.084436608082802,0.4839163992016433,-0.19570686200678528,5.970549899986585,2.3247750399398375,1.4551797692548305,0.36393933443839027
65,4.896348630812545,4.054071683956745,0.8839142187820846,-0.14997681026494114,2.2900976281998755,8.666740670600536,-1.4844900444975797,0.2151495010163248,2.9987713107385465,5.7972490215697805,-0.10625671664054759,0.7768087826120484,7.195842661629854,6.003082864919998,-0.1343671962839991,1.000857718397595,5.866854559929679,5.7334170346013975,-0.3987463441228943,0.2642358852332906,3.6567388108960377,2.1635046063960055,0.882368923772613,0.03482359988861107,3.018524182650403,4.3189385589442715,-0.8057444261204143,1.2652177361133872,8.131002164039955,6.413784506984814,-0.1628499038919816,0.749974447049694,6.207473069780228,5.958571010963587,-0.836998973671764,0.16571291219000184,3.1420651840892226,5.677446867612134,-1.3299196968382299,0.6937676844316911,3.297372824018523,6.654551092354553,0.19649566953192876,0.02727584503548658,6.841506749800773,7.528566445516817,1.1047069052235097,1.0147032342273752,8.350106813891106,2.4731243989542175,-0.09337604878946132,-0.0735241887211199,1.4634594708868436,7.248514539747999,-0.9371299818762614,1.1712332803795313,4.756093530005929,5.149345875282082,0.4607889571433279,-0.33220243927895216,8.018098084115362,5.278251855302779,0.3125079352651409,1.1861803103907875,0.7622076998005509,5.899205156862599,-0.22533886278941562,-0.2771821680589098,7.18377482922374,6.0997230005579315,-0.42281371270920926,1.1004976582729205,1.7045457173436573,4.074651264982463,0.48168842042077764,-0.11476675847590148,6.043308888449326,2.342972006661757,1.454299129368365,0.3674425700955397
66,4.940544341751649,4.0465728434434975,0.8174541517483169,-0.16579600219761936,2.2158731259749964,8.677498145651352,-1.4864612419347947,0.20107952711717808,2.993458474906519,5.836089460700383,-0.052260022552565406,0.7642356581437219,7.189124301815654,6.053125750839878,-0.10314086230820717,0.913824243952252,5.846917242723534,5.746628828863062,-0.3901360285019951,0.2510739220088796,3.7008572570846683,2.165245786390436,0.8951856166613498,0.040406688361096614,2.978236961344382,4.382199445749941,-0.8133159916435717,1.2603638751316355,8.122859668845356,6.451283229337299,-0.13978576142639015,0.7488570988443958,6.1656231210966395,5.966856656573087,-0.8438078610938489,0.07597992550138793,3.0755691992473113,5.712135251833718,-1.3164990487932124,0.7189090725026125,3.3071976074951195,6.655914884606327,0.26896141712676214,0.04349167011635816,6.896742095061949,7.579301607228186,1.116140739938812,1.0021126925894317,8.345438011451632,2.4694481895181615,-0.14729137061639613,-0.10120877894157126,1.4166029717930304,7.307076203766976,-0.9111712445572093,1.1915397446548168,4.779132977863095,5.132735753318134,0.4197682061438772,-0.40262015935837414,8.033723480878619,5.337560870822318,0.2988437924776844,1.1584442157967858,0.7509407566610802,5.885346048459653,-0.18894240106418064,-0.27394858665005145,7.16263414358828,6.154747883471577,-0.44435901408698253,1.0179861796104297,1.7286301383646963,4.068912927058668,0.4739314972816823,-0.04560103395998656,6.116023844917745,2.361344135166534,1.4539272342402323,0.368911368128645
67,4.981417049339065,4.0382830433336165,0.7506461366402084,-0.17717143763935178,2.1415500638782565,8.687552122007212,-1.4878864390331878,0.19024706184627266,2.9908454737788905,5.874301243607569,0.006596607772751978,0.7431180588352311,7.183967258700243,6.098816963037491,-0.07684234829968513,0.8209697620167509,5.827410441298435,5.759182524963506,-0.37879371908665466,0.23086499103964134,3.7456165379177357,2.167266120808491,0.9023279354465403,0.044336329831409685,2.937571161762204,4.445217639506523,-0.8110737600064962,1.2618079710593544,8.115870380774037,6.488726084279518,-0.11996250827163552,0.747720945373671,6.123432728041947,5.970655652848157,-0.8441866892170607,-0.02402007449861207,3.0097442468076507,5.7480807054588485,-1.3001881659675538,0.7480045007070004,3.3206456783514575,6.658089468112145,0.34589586799155403,0.049932274594478965,6.9525491320588895,7.629407241857658,1.1219612888005028,0.9955917167358892,8.338073442920813,2.464387750571083,-0.20471353171869106,-0.1296706822752352,1.37104440956517,7.366653190999717,-0.8871501558077377,1.209530735884916,4.800121388170289,5.1126047453502155,0.38230194833328457,-0.4690435158914247,8.048665670502503,5.3954830816121575,0.291422711709576,1.1271384228690438,0.7414936366078712,5.871648619127151,-0.15399327720477513,-0.2715017599164027,7.14041619288393,6.205647192452099,-0.467217322342655,0.9237347376548632,1.7523267132287803,4.066632875360669,0.4634568765221952,0.011286670174000868,6.188720206629757,2.3797897035729663,1.4545441056824306,0.36647161503245784
68,5.018949356171075,4.029424471451649,0.6844466372715408,-0.1937859850112161,2.067155741926597,8.697064475099525,-1.4886996058816875,0.18377563344390319,2.991175304167528,5.91145714654933,0.07092894396011465,0.7194246939766038,7.180125141285259,6.139865451138329,-0.05625588598078788,0.7265827790989652,5.808470755344102,5.770725774515488,-0.36101315734148787,0.20034605392874044,3.790732934690063,2.1694829373000615,0.9051891733450093,0.046737923717725505,2.897017473761879,4.50830803805949,-0.7968473938006062,1.2708399706466516,8.109872255360456,6.526112131548202,-0.11062243361324166,0.7503599505205917,6.0812233935810935,5.969454649123226,-0.8400579041582047,-0.12402007449861208,2.944734838509273,5.785480930494199,-1.2781194232911819,0.7851182966953558,3.3379404717510353,6.660586081841869,0.41904689018737007,0.04023256115572965,7.008647196498915,7.679186827694452,1.1299879290437436,0.986472138590559,8.327837766334879,2.457904216457321,-0.2653570675711233,-0.15910654338592245,1.326686901774783,7.427129727793963,-0.865359952796868,1.225215145227728,4.819236485586953,5.089152569555644,0.34698005702545376,-0.5269982146924653,8.063236806087982,5.45184000275561,0.28334957102878605,1.0945159931405357,0.7337939727476324,5.858073531131331,-0.12217237795665195,-0.2701564610114771,7.117055326766797,6.2518339293348415,-0.48626092439200574,0.8237347376548633,1.7754995570548902,4.067197208869369,0.45432764584411367,0.06206425448834718,6.2614474119138785,2.398113284324589,1.4553920593340173,0.36308945678370724
69,5.053171688034652,4.019735172201088,0.6179070099579269,-0.21482787300979705,1.9927207616325127,8.70625325677172,-1.489044572657142,0.18095927895609298,2.994721751365534,5.9474283812481605,0.14146297654335133,0.6982511348473657,7.17731234698622,6.176194590093277,-0.04358729275292457,0.6364597932591214,5.7904200974770275,5.780743077211925,-0.3373426717257576,0.16136912533701223,3.8359923933573135,2.1718198334859475,0.90456475210611,0.04738016278729164,2.8571751040718487,4.571850036591822,-0.7714641877064699,1.2864070145511477,8.104341133679794,6.563630129074232,-0.10511529673189018,0.7415183144887256,6.039220498373183,5.963253645398296,-0.8278778902035653,-0.22402007449861208,2.880828867344714,5.8247368453289665,-1.257041324178154,0.81844187900451,3.3588928162604037,6.662597709899655,0.48569138591300176,0.0222151558841995,7.065146592951102,7.72851043462398,1.1376231417516318,0.9776571931669849,8.314569912956323,2.449948889288025,-0.31035025058790033,-0.1889167872309084,1.2834189041349398,7.4883904850553495,-0.8492312481554916,1.2364490637128027,4.836585488438225,5.06280265882102,0.312643466258547,-0.5636227386897722,8.077404284639421,5.506565802412637,0.2834219195191435,1.0509363908990197,0.7276853538497997,5.844565708080757,-0.09313797797038487,-0.26939404333182454,7.092742280547197,6.2930206662175845,-0.5068815699746817,0.7237347376548633,1.7982159393470958,4.070300421593786,0.4573711376099704,0.11012686511456789,6.334217014880579,2.4162677571637743,1.455648762463052,0.3620589459463545
70,5.084067038532549,4.0089937785505985,0.5515072985874587,-0.23842936624919983,1.9182685329996556,8.715301220719525,-1.4904897232920549,0.1686427726313036,3.0017949001927016,5.982340937990529,0.21152228793327443,0.682878317629062,7.175132982348574,6.208017579756233,-0.02030389907187522,0.5364597932591214,5.773552963890739,5.788811533478776,-0.30869338629008103,0.11709142753542226,3.881220630962619,2.174188841625312,0.89886240964059,0.0448336033268305,2.818601894686525,4.63617038731938,-0.7368027624021517,1.3065686699582835,8.0990853688432,6.6007060447986685,-0.10674192276150082,0.729508734800415,5.997826603863005,5.952052641673365,-0.810919225845903,-0.3104055868506018,2.8179768011358064,5.865658939279192,-1.2372966971939414,0.8479958037118845,3.3831773855560536,6.663708467693866,0.5422234172106855,0.0024885099376968124,7.122027750038684,7.777393294282329,1.1460480977164536,0.967767408895597,8.299052400426927,2.4405030499264795,-0.35347067354722805,-0.21847845884555533,1.240957341727165,7.55021293824099,-0.8381988021712246,1.2439544879290092,4.852217661751153,5.034621521886532,0.278018484378359,-0.5906074839538256,8.091575380615378,5.5591126219575875,0.2842802215610317,0.9985551913007074,0.7230284549512804,5.831096005914166,-0.06923496271445682,-0.2678106349537599,7.067398202048463,6.329207403100328,-0.521180537991783,0.6237347376548633,1.8210844962275943,4.075806764849514,0.47701104836751207,0.15389645716130557,6.406999453003732,2.434370704461092,1.4560295262473573,0.360524643673489
71,5.1116424034619214,3.9970723102381385,0.4852052196251327,-0.2639126615706644,1.8437440468350528,8.72373335935109,-1.4896280443085164,0.17609170795237633,3.012371014589365,6.016484853871981,0.2622986563128673,0.6653222478377451,7.17411778739498,6.234840569419189,0.004595120229062433,0.43645979325912143,5.758118294576235,5.794666104855547,-0.275602195832737,0.058562932700522354,3.9261637514446486,2.1764305217916537,0.8920069665205873,0.03948553671375238,2.7817617565664174,4.701498820817294,-0.6981677683905575,1.3276150673973797,8.093748272705126,6.637181481538689,-0.11907798018604611,0.7174321825881766,5.957280642570709,5.936532362330835,-0.7778631395440995,-0.38711491097207706,2.7561119662761095,5.908058729464786,-1.197108773550068,0.9038421235422986,3.410288556416588,6.66383289319075,0.5876157784939877,-0.014712997153825406,7.179330154924506,7.825781664727109,1.1574886871547294,0.9540544738686678,8.281378866749565,2.4295791269842018,-0.3911232942204077,-0.2443277445673342,1.199047401618604,7.612410662637441,-0.8308469087834145,1.248876861089613,4.866118585970071,5.005091147688841,0.2366895177607748,-0.5958914293801705,8.10578939169343,5.609040381522623,0.2895718693975977,0.9414624114259057,0.7195667068155576,5.817705474166478,-0.05124521548821857,-0.26442226102747796,7.041339175148874,6.360394139983071,-0.5339750013282507,0.5237347376548633,1.84493504864597,4.0835015877075795,0.5050132091550945,0.1947612943309528,6.4798009293161,2.4523969366447664,1.4565441128404655,0.35844001918003177
72,5.1359026644431784,3.9838766771596053,0.42426446521152794,-0.28999812175666906,1.769262644619627,8.732537944748708,-1.4898323934936983,0.1743543498076197,3.0254859474050084,6.049750966263868,0.3474605866355144,0.7265560782897104,7.174347543406434,6.2566635590821456,0.02840281126671731,0.33645979325912145,5.744338184784598,5.7975942514905725,-0.23672528681517413,0.0011227054303960052,3.970764099770678,2.178404798627341,0.885912920210997,0.03693609387860023,2.7468533681468896,4.767879574187163,-0.6596241781949709,1.3471807390029777,8.087794373695823,6.673053090668097,-0.1335627984657893,0.6921889181514549,5.918387485593504,5.917176616782231,-0.7508237398010194,-0.4539762305140082,2.696256527598606,5.953250835641901,-1.158782456631719,0.9524826603159547,3.4396693453412874,6.663097243333059,0.619094570922958,-0.026228923723525647,7.237204589282243,7.873484388420542,1.1723785382350278,0.9356968328929509,8.261822702038545,2.417362739755835,-0.41849159835382294,-0.26361559005969715,1.1575050561794331,7.674854505691921,-0.8246876512671496,1.2459521034525296,4.8779530618581095,4.975296576219832,0.18800550487091272,-0.6465953006303231,8.12026798516331,5.656113502093918,0.30098014923377553,0.8792049665673547,0.7170044460411467,5.804484361115104,-0.036615513218187595,-0.26023076070644735,7.014640425082462,6.386580876865814,-0.5451757705738752,0.42373473765486336,1.8701857091037246,4.093239652424127,0.545626669695866,0.2342872919696552,6.552628134958123,2.470318937603768,1.4567357567994543,0.35766036244168975
73,5.157115887703755,3.969376771071772,0.36368380033840475,-0.31501522530948733,1.694771024944942,8.74125566223909,-1.4894238411362242,0.17781063369499517,3.042858976736784,6.086078770178354,0.4320928820056163,0.8019158638465036,7.175767683969769,6.273486548745102,0.05140672472887933,0.24437791865012792,5.732501920443839,5.7976503867620925,-0.1956983369326668,-0.05996105244695385,4.015059745781228,2.1802516033212713,0.8789595257980026,0.03374654316589557,2.713872159237141,4.835238611137312,-0.6324385570582007,1.360154943947983,8.081116233772534,6.70766253657567,-0.14489963617473936,0.6568669851203728,5.880846298603453,5.894477805256531,-0.7199240780216156,-0.5218892859339301,2.63831740476702,6.0008749686576985,-1.1187643447379967,0.9991828365934641,3.470624073887435,6.661785797146883,0.6377355584980122,-0.02808507140768254,7.295823516193994,7.92026923006519,1.188512013973447,0.9151170376737506,8.240898122120853,2.40418196025285,-0.43404864011808225,-0.27796639921659183,1.1162706736160757,7.737152110864548,-0.8191664823348309,1.2319554397629162,4.887353337101655,4.942966811188316,0.13572333838989464,-0.6811349375998894,8.135316992624999,5.700073750422286,0.31460457446618595,0.81500733091672,0.7151736703802373,5.791472823079781,-0.023767539811872747,-0.2570736975053775,6.987381636553768,6.4077676137485575,-0.5434481198867768,0.3237347376548634,1.8974670425885178,4.104954017022609,0.6061791952161908,0.27384305020749394,6.625464922798096,2.488201955725853,1.4569470011665906,0.3567988730246751
74,5.175300077720675,3.9536260098062974,0.3053002341972762,-0.33900835384761907,1.6202998328881306,8.75014619392384,-1.4883521952387917,0.18656833313258092,3.064463620837065,6.126174563370679,0.5272238799018107,0.8880959547507394,7.178338020206213,6.285705444677609,0.07466126380139292,0.1581569568409696,5.722717003597206,5.7946523341397445,-0.15430055377245716,-0.1265505032831355,4.059007722071128,2.181938930479566,0.8727333024633326,0.030533091735694042,2.682250231384231,4.903246358334711,-0.6090840722592628,1.3707722615081155,8.073871251963796,6.740505885831689,-0.15027241561859941,0.6123997445483971,5.844850094702372,5.868383340959834,-0.6839920020442902,-0.5963655756830757,2.5823791875301203,6.050834110487372,-1.077835996295843,1.0432015936955559,3.502510851812336,6.660381543576499,0.6467702085257642,-0.019379442744381074,7.355249116892666,7.966025081948878,1.2045198726814172,0.8939417633803348,8.21919569011495,2.3902836402920205,-0.438635997236808,-0.2877715383707876,1.0753123494993342,7.798749882852694,-0.8117564299161221,1.201632560210075,4.89413950402115,4.908910064308321,0.0849720039611074,-0.7278488620078484,8.151047221348309,5.740824116968122,0.32819467785401857,0.7510362286790185,0.7139852933896437,5.778619138204512,-0.009205056679987217,-0.25580292005264044,6.960209230559429,6.423954350631301,-0.5323438982447594,0.22373473765486337,1.9277760023493273,4.118646169532984,0.6821400280504346,0.3105846883910877,6.698312272856425,2.5060418993770863,1.4573939857759908,0.3549686890754887
75,5.190565089430539,3.9366755921139163,0.2506937786327773,-0.3672235922995768,1.545882223126191,8.759474610580469,-1.486786411672615,0.19866093240914062,3.0908248148321555,6.170579361108215,0.6113528617305003,0.9880959547507394,7.182071083396282,6.293613292519657,0.09899869409972131,0.07357544462821629,5.715001975908583,5.788324808975588,-0.10906014261008076,-0.19532545974790294,4.102644387194294,2.183465585066351,0.8504826993239321,0.034759335604164235,2.651796027771268,4.971784971410116,-0.6015546935748404,1.374093137541295,8.066357631182866,6.771125873059108,-0.150150701816381,0.5586668486972618,5.810650494600158,5.838565062175681,-0.6488401866298615,-0.6647049950480048,2.528487387715328,6.10299419017215,-1.0372626760237504,1.0835525556834094,3.534849362238624,6.65941257143928,0.6454533880681864,0.0019127311180762024,7.415475110526737,8.010722170117894,1.2200350539716858,0.8726479628580508,8.197263890253108,2.375895063373481,-0.43274769498511145,-0.2938982420652504,1.034724528003528,7.858831510863197,-0.802137538140514,1.1601382056044003,4.8983881042192055,4.872517621207929,0.036771962905428085,-0.7837417646205346,8.16745695524101,5.778375928402073,0.3413761064652971,0.6885058601125055,0.7135250405556444,5.76582899220188,0.00989859406874249,-0.2545432797277796,6.933592035647191,6.435141087514044,-0.5169786180337875,0.12562731625670054,1.961883003751849,4.134175403952539,0.7821400280504346,0.29433511516034433,6.771181972145224,2.5237903338308607,1.4582052975581774,0.35162097516113433
76,5.203099778362177,3.9183144124989373,0.19776304805149375,-0.3949719773713313,1.4715429025425604,8.769407657200926,-1.4878185517486715,0.1907772446401455,3.1213924579186805,6.219984158845753,0.7040092535895549,1.071060500239097,7.187021018101269,6.297292064751068,0.12543042150908412,-0.012989531348727684,5.709548968778079,5.778558535988193,-0.06085014459849171,-0.2690349297815486,4.145168522160491,2.185203551846559,0.8297974646580614,0.044530820485803715,2.621718293092526,5.040489628287181,-0.5947369370142881,1.377057724189826,8.058850096092048,6.799059215493971,-0.1484488509997735,0.5005894298930931,5.778208485268665,5.80532981242328,-0.6152494645458161,-0.7319724248766486,2.4766242539141405,6.15717181795632,-0.9979846948554156,1.1198332683191472,3.5671220316420333,6.6595082079951835,0.6396717177809349,0.024223846382968782,7.476476863225321,8.054354568260797,1.2355516082148037,0.8505364327515974,8.175626505503853,2.3612001512702183,-0.41436266316576786,-0.29319474953742275,0.9946176510965022,7.916838421143417,-0.7887290933186795,1.1025701978968045,4.900226702364477,4.833330532976902,0.0006867357735845167,-0.8619562609946648,8.184525760564274,5.812801221407699,0.3531259209160379,0.6279046673997216,0.7140199702590815,5.753101828215491,0.03730619256422589,-0.2529390380362499,6.907743104745502,6.4414224533268785,-0.502576599546334,0.029470367451845184,2.000990005154371,4.148892159710556,0.8821400280504346,0.270041620935796,6.844092237023133,2.5413713825889173,1.4588362854948618,0.3489938282026694
77,5.212987930764752,3.8985658136303707,0.1429753049599105,-0.42520776261722665,1.3971519749551269,8.778946519432933,-1.4850662376132393,0.19132875500955066,3.1565929205981584,6.273537183857708,0.7971212335509502,1.1539852119433511,7.193292539176722,6.296642588183632,0.1539430007117361,-0.10031543810226773,5.706506461548154,5.765106789499115,-0.01147553441286854,-0.34598004987775527,4.186658395393394,2.187430092870849,0.8077792183053888,0.05331073739812099,2.5919814462418116,5.109342514496673,-0.5791876231504406,1.3836696488646931,8.05142765354206,6.824088686988626,-0.144976992572845,0.44024779156644817,5.747446012041374,5.768731191179448,-0.5601817167144715,-0.7915989862799231,2.4267250191713696,6.213163481372278,-0.9586739554559829,1.153665569881662,3.5991056175310803,6.660719400314332,0.6316967384995095,0.042473006434314606,7.5382544436360615,8.096881389898376,1.250840141466995,0.8278882415488382,8.154908372345565,2.346540413793347,-0.3862650753419001,-0.2864206630322481,0.9551811964305683,7.971966931038257,-0.7712464817816997,1.030991802530136,4.900261039153156,4.790232719927169,-0.025735788678624957,-0.9508940144336144,8.202182056610075,5.844196454777685,0.3611830011252931,0.5681884963734918,0.7158852798872928,5.740454876313678,0.07207039301321576,-0.2519979875179458,6.882614274768185,6.442895971699471,-0.5000487624635904,-0.06464967606431388,2.0450970065568925,4.1623942407573455,0.9821400280504345,0.2021243395465595,6.917034051297876,2.558821073999051,1.4540067800363876,0.34467566577631686
78,5.220136696012748,3.877305425499509,0.088713459609645,-0.45485389103328805,1.322898663074465,8.78851295718341,-1.461871812805214,0.20645321904458483,3.196448982275706,6.331236444454875,0.8705811585705977,1.2215107229745779,7.200989689212309,6.2916268162785185,0.18377399889403287,-0.18740592439033843,5.705932684827511,5.747807787005227,0.03728500488042065,-0.4189690666490718,4.227047356308663,2.1900956297407554,0.7847856611502565,0.06048940309569561,2.5630220650842896,5.178525996939907,-0.5567252474282599,1.392859288972128,8.044178803913418,6.846101076566948,-0.13868313398510315,0.37972931817968364,5.719436926205651,5.729151241865452,-0.5106226271730362,-0.8757358299612585,2.3787913213985705,6.270846759866361,-0.9187163476169087,1.1857319564815008,3.630690454456056,6.662843050636048,0.6309409735829703,0.0530062863598994,7.600796450709411,8.13827580197582,1.2607179166903073,0.812767085047156,8.13559511857847,2.332219380641735,-0.35097520662947485,-0.2770444821152235,0.9166188723414833,8.023516521164764,-0.7501383506710315,0.9591914931105039,4.898974249719225,4.742688019205488,-0.0560349038595942,-1.030622623757116,8.22024120666634,5.872605879596359,0.36607795620902095,0.5074299533589655,0.7194887995379535,5.727854976937781,0.10240250532553266,-0.24664471369408847,6.857611836645006,6.439663487896255,-0.49991455552782704,-0.16464967606431388,2.0942040079594144,4.172500457734674,1.0821400280504345,0.13325279375493354,6.989734390299696,2.5760548572878665,1.4454859697303153,0.3383649904831097
79,5.22457236899323,3.854562730947845,0.0354911729084426,-0.4837044136706553,1.2498050724342042,8.798835618135639,-1.4298507581797029,0.2256725966814943,3.2399780402042357,6.392311980603604,0.8758087768142084,1.2177680347484903,7.210178389157011,6.2822565200590015,0.2144054993765921,-0.272310726235889,5.707796935071532,5.726859333672773,0.06562144043683239,-0.48767394593297686,4.266286639366176,2.1931200998955402,0.7599803761136926,0.06600064189419472,2.535185802712877,5.248168961388513,-0.5254724116188746,1.4049479508606162,8.037244647214163,6.865087542475933,-0.1277153116121898,0.3252027030368614,5.693905794846999,5.6853644503673895,-0.4739865458351074,-0.9696702824949804,2.3328555040177252,6.3301333576904355,-0.8789335903528287,1.2155146003851562,3.6622375031352044,6.665493364954043,0.621733273390042,0.06302962470757281,7.663832346543926,8.178914156228178,1.2683677788405059,0.8007766090484918,8.118046358246996,2.318367156535974,-0.31636213077708075,-0.2681472424003626,0.8791119548079317,8.07147609582029,-0.7357817032391811,0.8942664781378171,4.896172504526245,4.691156888017632,-0.09854862008044991,-1.1000005288875025,8.238545104476792,5.897977377264308,0.36770020502253087,0.44720822765667967,0.7246089248042301,5.715522741253077,0.1393755376808412,-0.23843146559023143,6.832616108868614,6.43143100409304,-0.49770761197116065,-0.2646496760643139,2.148311009361936,4.17916309742242,1.1821400280504346,0.06326118132054633,7.062008688786212,2.592973106812022,1.4331793987235404,0.3285158958836243
80,5.2263469276386525,3.830377510264312,-0.0063218013061112355,-0.5140482531968318,1.178312534525219,8.810119247969714,-1.3943645666685487,0.24542123078145464,3.283768479044946,6.453200382341029,0.8745873099341859,1.2186455749323035,7.220898664125841,6.268640983747207,0.24471254793578093,-0.35266601879455906,5.7110780070933735,5.702475636376124,0.09942555907010266,-0.5484148817354366,4.30428565817186,2.19642013199025,0.7327121541393198,0.06920396053478443,2.508912182131933,5.318416358931544,-0.4927488201632767,1.4167563658680693,8.030858881633552,6.881347677627776,-0.11450034942776063,0.27335796908338544,5.670206467555244,5.63688093624264,-0.4909169009667335,-1.0372443663000648,2.288908824500084,6.3909090877096935,-0.8414893047210231,1.2417309491351696,3.6933241668047065,6.668644846189421,0.6016107617051475,0.0785664992402724,7.727250735485952,8.218952986680602,1.2752737537318197,0.7897321400593711,8.102228251708143,2.304959794415956,-0.2847134591500361,-0.26050495016904124,0.8423228696459726,8.11618941972718,-0.7202387952263142,0.8326682904528043,4.891245073522223,4.636156861573257,-0.1922450176234034,-1.0893467879748266,8.256930114727918,5.920337788647142,0.3700382430349162,0.39152116968472533,0.7315777016882722,5.703601167973565,0.18200899963305067,-0.2266462407650876,6.807730728270056,6.418198520289824,-0.48987728869225666,-0.36464967606431387,2.207418010764458,4.182326156488448,1.2799881930856825,-0.007506292853953184,7.133667658722389,2.609398901606203,1.4206870877227165,0.3203096483452961
81,5.226030837573347,3.8046750976044703,-0.04327678835521402,-0.5351348312679491,1.1085943061917916,8.822390309508787,-1.3555198113766098,0.26523452996053176,3.3274978445416554,6.514132661087644,0.869877638333534,1.2220118224989778,7.23313429152263,6.2510076828074785,0.2741715892928213,-0.4291136546836124,5.7160492850468785,5.675054892289352,0.14489042344330977,-0.6056106167131587,4.340921265878826,2.199880330016989,0.704130141485969,0.07063865970135057,2.484274741123769,5.389254177224948,-0.46815822147797104,1.4250711840685655,8.025133864162164,6.895015576081946,-0.10048626777082781,0.2216073568244743,5.645660622506907,5.585018717927637,-0.5235030225258765,-1.0907207118391578,2.246834359264033,6.452995635166452,-0.8056322577241707,1.2652891627269458,3.723404704889964,6.672573171151435,0.5782958401472442,0.09659415651070391,7.791014423172543,8.25843959368357,1.2814933108670405,0.7795991881749433,8.08799257875064,2.2919345469075036,-0.2577727587382395,-0.2529099110099817,0.8063109298846569,8.157822834249819,-0.7000212051923062,0.777690575437393,4.881632822641053,4.581689522174516,-0.2840813270563868,-1.0791556983148973,8.275432026879665,5.939913847131378,0.3723664045576623,0.341401453755694,0.7406781516699247,5.6922688559353105,0.2249633312694795,-0.21456188406967402,6.783236863835444,6.3999660364866084,-0.47752745514418765,-0.46464967606431384,2.271417420418742,4.18195084184575,1.3689515109567763,-0.07052711824000055,7.204702013108524,2.625414384023468,1.406421355255542,0.3125213560267136
82,5.223866998155587,3.7779183560410727,-0.07756668186317148,-0.5535960601750575,1.0408183156229611,8.835652036006813,-1.313177205189743,0.2842629909399934,3.3709917264583322,6.575233252212593,0.8752785951279277,1.218149162012141,7.246842870987271,6.229552000073298,0.3024095102923483,-0.49909458596565587,5.723293806219044,5.6447743614536945,0.20561170759438704,-0.6633568125063106,4.376127772953125,2.2034122630020567,0.6751997724664606,0.07112452300511622,2.4608668300498704,5.460507736428376,-0.4488169194142417,1.4312803264376655,8.020109550773624,6.9060959439231695,-0.08631874289661745,0.17159429744680402,5.619485471380613,5.53048268233568,-0.5527476778965889,-1.151406483542878,2.2065527463778243,6.516260093302799,-0.7725613700903986,1.2857483927441038,3.7523194968973264,6.67740287897697,0.554668953839051,0.11301362682091509,7.855089088715895,8.297419553092318,1.2868256117204895,0.7707657523659107,8.075103940813728,2.2792890513570048,-0.23711005313797784,-0.2448406960401083,0.7713098696250416,8.19670736302169,-0.7107145571167256,0.7201934674547574,4.867428756288233,4.5277317372587715,-0.36435628447482854,-1.1011036544001025,8.294050347107548,5.956983919819163,0.3765459101889899,0.29508992924531036,0.7519263182333986,5.681540761731827,0.2676478744022615,-0.1988327845575738,6.759360491078234,6.376733552683393,-0.46134013151433156,-0.5646496760643138,2.3398649959665807,4.17842448593375,1.4291561956911207,-0.1156877038818615,7.275023080871302,2.6410404518248036,1.3927362882575371,0.30503532035190317
83,5.219988664062428,3.75023855303232,-0.10897924459109964,-0.5696801828328334,0.9751594553634739,8.849865185553814,-1.267802594169655,0.3016844749335237,3.4147556562147288,6.6361407103131995,0.8909452181542634,1.2067380072940654,7.261963346501888,6.2045972707750146,0.33186834899359646,-0.5643074854121433,5.733574391598764,5.611606520828379,0.2723763901257439,-0.7244233446413204,4.409887761576448,2.2069684891523127,0.6451158419740595,0.06906301645808244,2.4384259840791582,5.532071752750259,-0.433212547751344,1.4360803906713544,8.015793613628793,6.91467565879551,-0.06960199889093736,0.12620769695241923,5.591848087485784,5.472912358158536,-0.5788395753842293,-1.219996421229798,2.1679246778733043,6.580547512940004,-0.7432010394852512,1.3029398354905117,3.7800529445892788,6.683053560318016,0.5318399531872147,0.11645912136840139,7.919430369301919,8.335957840710615,1.2911697852248727,0.763466165407712,8.06324843815683,2.2670470165549994,-0.22361470921440912,-0.23929188098342666,0.7357741417692053,8.232717036394426,-0.7177189984376218,0.6678147772119901,4.8492109420644915,4.472676554538767,-0.4423560670370844,-1.1241457699692172,8.312877642616998,5.971738416281429,0.38379828150017764,0.2558557201846414,0.7653087119535117,5.671599122503948,0.30843214695379806,-0.18282895233654262,6.736293484502518,6.348501068880178,-0.4432858890822141,-0.6646496760643138,2.4113228057511367,4.172640100739657,1.4691765810756803,-0.14424211958468133,7.344659895284178,2.656292217842399,1.376822500773368,0.3004526705099985
84,5.214539701832873,3.721754543890678,-0.13699122822414103,-0.5835313754264079,0.9117693256549911,8.86494940930049,-1.220311362608948,0.31800001262464,3.459302917122442,6.696477610677903,0.9191559837441095,1.1853911917790678,7.278556763951568,6.176381896504408,0.3612587377207846,-0.6225019081340061,5.747193211105051,5.575385353596313,0.33927576127289966,-0.78872611096441,4.442143553675151,2.210421639975217,0.6123097733152307,0.06267748220138573,2.416765356691591,5.603875772283827,-0.42112418099399207,1.4396716376251009,8.012313513684246,6.920986043643131,-0.049465186561645065,0.08746450499494549,5.5629061087165725,5.411912537097046,-0.610916655395597,-1.2806092785715644,2.1307646258990416,6.64569450471453,-0.7179421466730251,1.317026603387543,3.8066449422486395,6.688876516386436,0.5154009578854912,0.10929042976307188,7.983988858563163,8.374131148981,1.2946334784763374,0.7575778220145166,8.052067702696108,2.255082422505828,-0.22087530842526748,-0.23764995649041185,0.6998881918473242,8.266107775255026,-0.7179451671446349,0.6181779691742323,4.8270931387126375,4.4164692660403055,-0.5156427613253382,-1.1480027138149662,8.332067556692007,5.984531202290661,0.391371051618891,0.21462911858399444,0.7807303193012016,5.662457674887121,0.34806421105787827,-0.16498994674705744,6.714129190048407,6.315268585076962,-0.426392679565212,-0.7646496760643138,2.4847816348049205,4.165427994760423,1.4930002703876564,-0.14474181366275848,7.413501020322847,2.6713148513678986,1.3595018425068237,0.29818127458829136
85,5.207690140421666,3.6925779751193577,-0.15815508371720974,-0.5919664511564933,0.8507537575245437,8.880849409931722,-1.1726994048204804,0.3341436266783662,3.5052607163096474,6.755747170266856,0.94817071446678,1.1623133382300814,7.296619700837607,6.145256801097707,0.3970315679686636,-0.6703106864199863,5.764156999168696,5.535949048048092,0.40123399081467825,-0.8551115708643123,4.472759042340912,2.2135555140852863,0.5665477231634057,0.06394238934167051,2.3957091476418917,5.675859354165081,-0.4056847806720849,1.4440982856893927,8.009840254356163,6.925359268892878,-0.02660663243681291,0.051290952720241506,5.532360275946792,5.347882073168468,-0.6521024218541084,-1.3257406877398077,2.0948675185653904,6.711545834883908,-0.6957036340221486,1.328907992905595,3.832414990142914,6.69434103787459,0.49656101298640903,0.10161280389832769,8.04872053248698,8.412010040081727,1.2988547751009096,0.7503174482827688,8.041023937274845,2.2431999246813072,-0.23068096390469864,-0.23820610158660957,0.6639909334900924,8.297016673713738,-0.710622322281697,0.568394322113838,4.80131100064637,4.359069130349557,-0.5763332239146021,-1.160986611143343,8.35163610927295,5.995262658219861,0.3938907824699452,0.1740052689536386,0.7981335298540956,5.654208177549768,0.3856021732561357,-0.14434233751320125,6.692809556070147,6.277036101273746,-0.3985362580945699,-0.8646496760643138,2.559431648324303,4.158190904077284,1.4933617214513941,-0.14096371484793066,7.481476112448187,2.686223915097313,1.3238635578235962,0.2727286100937769
86,5.199782386235805,3.6629796525615332,-0.176933108331067,-0.6012910546842776,0.7921187872835197,8.89755659126564,-1.1250564108934784,0.34997023640908675,3.5526692520329863,6.81386283717836,0.9740826738644017,1.1406852959853468,7.3164712792360405,6.111741266776708,0.4357801958697409,-0.7130930169329868,5.78421869870943,5.4931934695048765,0.43815146270035943,-0.9216543989473507,4.501086428499082,2.2167526335523697,0.5192883804929651,0.06472507106386446,2.3754249086082875,5.748064268449551,-0.3871387556893645,1.449180314468593,8.008509922734323,6.92792381652889,-0.0012099277630458205,0.01316816166837688,5.499755154854086,5.281595038781478,-0.6995590734062863,-1.326882475132948,2.060082336864283,6.777991234529187,-0.6762473917437897,1.338913539090453,3.8572430407922345,6.699421678069506,0.47560644728254015,0.09447584580587659,8.113663271242025,8.449525912495865,1.302040634522068,0.7447752587548612,8.02948988907961,2.2312896196019767,-0.2469894548366864,-0.2434746205858285,0.6284598173760075,8.32543638981943,-0.6956947994435813,0.5256235459612272,4.77249433945064,4.30101979979239,-0.6204256645197657,-1.1867011665260714,8.371330648396448,6.003962921667543,0.39335986117466,0.1455301155074411,0.8174136385169024,5.646991060674108,0.420682314085222,-0.118194211983912,6.6728827431654185,6.23380361747053,-0.3499076775243489,-0.959480349997343,2.634099734396873,4.151142718334888,1.4935153589595864,-0.1393264962303184,7.547669290339368,2.699860345602002,1.297703550108371,0.25992405271071645
87,5.190935730819252,3.6329150998273194,-0.19336625343690578,-0.6150765540186129,0.7358659667388457,8.915055103086095,-1.0764108906832124,0.36428038178719957,3.6013733857262062,6.8708971019776275,0.9964099525349384,1.1212346794892323,7.338260289029527,6.076086615930058,0.47415513245039886,-0.7563804968104587,5.806126271844448,5.447110749557509,0.43336851592003545,-0.9919114427858516,4.52705084752373,2.219988887105563,0.4710232928884424,0.06423790418789112,2.3560679708238195,5.820523284172981,-0.3660380530365191,1.4546532726836434,8.008449426346171,6.928582224612309,0.021931979392467944,-0.0019133780817223028,5.464777201183772,5.21525091502483,-0.7492859253942687,-1.299450115243388,2.0262699672770936,6.8449369114837095,-0.6596815358001543,1.3471526533115503,3.8810233631563613,6.7041454703598005,0.45218913984607395,0.08597105648326192,8.178765302968129,8.486764675433609,1.3061803063692923,0.7349256150475858,8.017140416337776,2.219115888572685,-0.27080136290295914,-0.2551138915173108,0.5936750774038285,8.351717567117491,-0.6711055723036314,0.49006429107650734,4.741473056224652,4.241684741466086,-0.6475975802893427,-1.2047789572632235,8.39099864145518,6.011239427442915,0.39423965516133813,0.13717246993620927,0.8384477542211635,5.641081350074913,0.4560997784607179,-0.08701229240917445,6.655387359289201,6.1858295999706625,-0.2815291753938405,-0.9982519316471232,2.7087755023448525,4.144176393523372,1.4937086631684462,-0.1372385863215345,7.612554467844786,2.7128565482375375,1.2731435948094703,0.24856618201274128
88,5.1812674181474065,3.6021612721263887,-0.20746361768375102,-0.6269224235895835,0.6820454222046851,8.933269122175455,-1.0269934933033371,0.3762385375682302,3.651193883352953,6.926958835952089,1.0160358418739455,1.1034813854467609,7.3619680456520475,6.038267591089535,0.5092327102797598,-0.8003046794638858,5.82779469764045,5.397515177418216,0.41117000724016867,-1.0357367919975444,4.550602012168152,2.2232007823149575,0.4228640392911829,0.06342518787145936,2.3377660681719936,5.893255947807163,-0.34629858587320206,1.4594784306121897,8.009546025315794,6.928486555708223,0.04461126062720916,-0.015839693389339493,5.427312904914058,5.150278409262661,-0.7558505571471344,-1.295642672676524,1.9932858904870858,6.912294544149287,-0.6443115044237977,1.354571033673444,3.903632820148665,6.708444023183963,0.4260773880512589,0.07525137644218717,8.244074318286593,8.523510956185987,1.3062338630052681,0.7161569915763257,8.003600348192629,2.2063601939968196,-0.290609203786691,-0.26382529289045875,0.5601197987886469,8.376220781671316,-0.6365506616438414,0.46014094741806005,4.7090931772101845,4.181445793602925,-0.6715588188524034,-1.2264377712166232,8.410710624213246,6.0180980509397255,0.36516772809072046,0.11830615743239457,0.8612527431441994,5.636730735454454,0.4815903515093095,-0.05642187740825892,6.6413109005195095,6.135917003388307,-0.22368268286492507,-1.0121899816191806,2.7834609355032747,4.137314464207296,1.4115871776967208,-0.15893150009221016,7.6762116475852595,2.7252848573381745,1.2501553990921355,0.2386518687560007
89,5.170894237263219,3.5708151509469097,-0.2203067824853486,-0.6382808940592967,0.6306957475395183,8.952081049053866,-0.9764284770336533,0.3848369493965097,3.7019956754466503,6.982132905224427,1.0397539350511718,1.0811622239727043,7.387429681166036,5.998252357116341,0.5409683331626028,-0.8431250079379307,5.848353198002458,5.345728337818339,0.38629972631870946,-1.0669855790430232,4.5717452141327115,2.2263720417085304,0.3744578913343347,0.060710544057789674,2.3204511388783335,5.966229869337773,-0.325968669815641,1.4641531430484387,8.011776588347155,6.927694571038756,0.06544939610808989,-0.02698916240732198,5.3895203770567015,5.085496275628835,-0.758374323977698,-1.2537509666866864,1.961070315265896,6.9800230958329585,-0.6300464690203339,1.3612646498293448,3.924936689551228,6.712206592006073,0.3975895060331696,0.06504143532323156,8.309386011436857,8.559318805764804,1.3033292064758415,0.6913430221430181,7.989069888003295,2.1931689293522965,-0.30954892388089494,-0.272310592984348,0.5282922657064548,8.39922782904222,-0.5956405189837004,0.4349677840040586,4.6755152362675645,4.120123905042093,-0.6912721416706827,-1.2401092766678257,8.428969010617783,6.024013358811345,0.342209504569011,0.1039107803924852,0.8853322607196649,5.633909641584041,0.507486188458658,-0.028753174805872445,6.6301267663762635,6.085307504307347,-0.18416361128594558,-1.0175406276232615,2.8540402943881107,4.129367889202685,1.3115871776967207,-0.1912640396506208,7.738719417539866,2.7372174507759746,1.22905636365026,0.2304108858658716
90,5.159878898138952,3.538901106243945,-0.2289184049380845,-0.6446578288558684,0.5818743236878356,8.971322896523692,-0.9246672193851853,0.3899924356374927,3.753983372199209,7.0361910164230625,1.062425618310431,1.0588917817972234,7.414478097824166,5.9560961067194444,0.5692344292777152,-0.8847625537619815,5.8676681843183935,5.292379058866188,0.3581644832605048,-1.0892093243294878,4.590468108699429,2.22940756891142,0.3267751291883386,0.04394804454654776,2.3041527053875517,6.039437526490195,-0.2987124157932138,1.4699560852797549,8.01504905815256,6.92634511291839,0.08281985107511183,-0.04066529913942342,5.351601660857817,5.0228087272945015,-0.74175079269575,-1.1560604201740827,1.9295679918148791,7.048086328324426,-0.6175755104494861,1.3669676254004908,3.9448161648528863,6.715458663772234,0.3695287777216309,0.05821541082071577,8.37455247176065,8.593885956871954,1.3009323137196178,0.6666414238563894,7.97359244180925,2.179553399703079,-0.3279932906339963,-0.28075946271935054,0.4985102397572698,8.420976218242423,-0.5552527573908355,0.41507007123693446,4.6409516291840305,4.058118441208702,-0.7101950592155245,-1.2588630675232333,8.446079485846234,6.029208897830969,0.32365874799533395,0.08986461802561814,0.9107065701425978,5.6324719828437475,0.535314962314821,-0.0044506668689179435,6.620918585811967,6.034430472926184,-0.16932050948645752,-1.015545763911964,2.919619653272947,4.119804687220154,1.2115871776967206,-0.2516217056662458,7.800172235722379,2.748737995069268,1.2067650296768524,0.22286273097533435
91,5.148432977892047,3.5066682148011514,-0.2320946757359332,-0.6481779599670134,0.5356409627185764,8.990822518305567,-0.8711751024570846,0.39260172786899283,3.8071046531147306,7.089135605512924,1.0846211987231245,1.0361451902510634,7.442939819288052,5.911857979031345,0.5940072059410185,-0.9244631214843021,5.885576408481419,5.237918592649714,0.32843385333954533,-1.1043056192094012,4.606806865158846,2.231604971138747,0.28184577976588376,0.03072017348617636,2.289217084597891,6.1129353307541825,-0.29798717183431994,1.4701032771278975,8.019190050706316,6.924311847961419,0.09668236110061308,-0.05671716376344686,5.31451412122303,4.9650057062857975,-0.7292441750900638,-1.1183204041905013,1.898689216292405,7.116434709594451,-0.6083105353538457,1.3711157108637906,3.9632926037389677,6.71836943431327,0.34256069195579225,0.05471540857064043,8.43959908744663,8.627218028064775,1.2889752211364383,0.6392015554062246,7.95719277727755,2.1655154265671115,-0.3486294870684941,-0.29052030370154924,0.4707476018877281,8.44172972180427,-0.53471464635978,0.4168511211664937,4.605441876223254,3.99517528783254,-0.7635057336444643,-1.1588630675232332,8.462262423246,6.0337021287322505,0.3092159658913186,0.07605659558613831,0.9374723182583389,5.632249449500302,0.5658917010299929,0.016407310998208524,6.612452560337644,5.983653184730586,-0.11066583757903259,-0.9965451532027737,2.980199012157783,4.107223601936842,1.1115871776967206,-0.2979220364243406,7.860510487206222,2.7598811316180347,1.1831285887441017,0.21606916269201487
92,5.13682824410525,3.474259316802801,-0.22793132668863,-0.6490899575050734,0.4920822075957222,9.010452604699017,-0.8161246340122604,0.395488724100966,3.8613357130508867,7.140942865025477,1.109697021959702,1.0092435382274036,7.4726401795851025,5.86563482295713,0.6193924486415953,-0.9613338692889438,5.901998101148396,5.182703311689243,0.3008583366388007,-1.1120953047865554,4.62089915414714,2.233140979813056,0.23934227382067808,0.023338264145556318,2.274317726006175,6.1864404946105775,-0.29804314303554047,1.4700919307613032,8.024024168761347,6.9214759897732465,0.10902642193883559,-0.07364456399480826,5.278051912468527,4.909089686076272,-0.729062519876827,-1.087023209232768,1.8682736895247127,7.18499049513764,-0.6010050220989436,1.37433364341118,3.9804206383367573,6.721105204741802,0.31452127826522525,0.05113278832244192,8.504047848503452,8.659178105835085,1.2679679738672847,0.6068616457334874,7.939761302924126,2.150989411382034,-0.36911653182013826,-0.29946180731573646,0.4440118695697391,8.462572277862595,-0.5122466382587936,0.4188256835357807,4.56726658954103,3.9372321344563783,-0.7940993851775912,-1.0588630675232331,8.477723221540566,6.037504958511557,0.2937807500605157,0.06342024698098236,0.9657669033098385,5.633069815050212,0.5986236155502566,0.03374441269613028,6.606919268458692,5.933825927070447,-0.07095647221114318,-0.9740782641789929,3.035778371042619,4.092327500115625,1.0115871776967205,-0.3696250233799833,7.919666916643426,2.7706845897526353,1.1578645401677468,0.2095972523643419
93,5.125431677770819,3.4418048189275474,-0.21913088119159402,-0.6444855340864323,0.45127597589510915,9.030227040904066,-0.7594868402328873,0.3985832428444214,3.916820564148872,7.191405041936847,1.1368200631347536,0.9785908971854863,7.503609802017182,5.817568129492683,0.6451304375904173,-0.9965578122840152,5.9170410179803365,5.127098546449916,0.27304446096359924,-1.1120629955940897,4.632866267838174,2.234307893020334,0.19914705907229552,0.02099680352270924,2.259415568854398,6.2599450911486425,-0.29319698660294413,1.4710661191961947,8.029475489858289,6.917793761573506,0.12190858158916137,-0.09006658538381583,5.241598786474686,4.854738525614634,-0.737752514986862,-0.9870232092327681,1.8382234384197655,7.2537071773082,-0.595051411336243,1.3769218633846823,3.9961467022500186,6.723661844157924,0.2851865125925415,0.04809079430954967,8.567446247196816,8.689521188121759,1.240179132142889,0.5725471027246831,7.921305476333119,2.136016321016247,-0.38965089520915347,-0.307296131556421,0.41839953765679944,8.483513562039384,-0.48837841870436927,0.4208981018306277,4.5275616202821505,3.884288981080217,-0.8067142120356349,-0.9826413988029877,8.492412259043592,6.040675970860606,0.2799166143183282,0.049962081454592286,0.9956980840873513,5.634757035685019,0.6292879641525515,0.05028820041394949,6.603371444848135,5.885122013861497,-0.04436216717269103,-0.9277427100560681,3.086357729927455,4.0738462489466265,0.9115871776967205,-0.44214424230164473,7.9775601436518135,2.7811644523708523,1.1290469312152245,0.2021022297992155
94,5.114475133711239,3.409580542223226,-0.20846810794006052,-0.6420534561496042,0.4133016338834648,9.050156203046287,-0.7013731579628372,0.4016965698335357,3.9736615673056095,7.240334586796122,1.164111376191059,0.9459623162803892,7.535866323896704,5.767740238878482,0.6692388847249121,-1.0368089183078038,5.930693241028517,5.071495396670211,0.24284854526459412,-1.0915192027502711,4.642823620791789,2.2353577331964694,0.16009330009345182,0.02054745653890394,2.244755719524251,6.333498397108452,-0.28504010382353273,1.472668373807311,8.035570918937747,6.913290432304315,0.13375903848260542,-0.10597463592092521,5.204711160725343,4.8053873651529955,-0.7279030962871207,-0.9182750450558271,1.8084708678529533,7.322553270477433,-0.5893769779309308,1.3793602784932597,4.010406027879646,6.726066383873401,0.2559915674955719,0.04735422446350072,8.62945520380396,8.718148543257993,1.2044521050842876,0.5406781561724066,7.901822931572661,2.120651514438426,-0.4091265981505712,-0.31387117729106495,0.39398061672158097,8.504558467130916,-0.4633664411510017,0.42324882613285997,4.487225909680369,3.8351569111400674,-0.8124494115615872,-0.9382960318481842,8.506408089759509,6.043174074933336,0.26693624856515435,0.03582572235901886,1.0271624822949788,5.637271445705716,0.6561511070005663,0.06760998371816397,6.601153336489501,5.838734878358693,-0.027537878506442705,-0.9008712314984815,3.131937088812291,4.0517390368315445,0.8115871776967205,-0.5060997579247374,8.034012490212575,2.791269563860813,1.0974644416055062,0.19411909883755893
95,5.104051728314236,3.377477869415746,-0.19772826886306466,-0.640728508505579,0.37823297598532296,9.070241031537963,-0.6417055885639572,0.40614984779395535,4.031867136115163,7.287632702610141,1.190425149080229,0.9126269579830056,7.569328268132949,5.715899792963092,0.6947981461661429,-1.0740216090188253,5.942835668291747,5.016919436532698,0.22158974702297882,-1.0636417348795588,4.650828285796461,2.2363851060234143,0.1221951172244943,0.019295789266604413,2.230503714333074,6.407131815798818,-0.27536816305168527,1.4745075024487129,8.042258870861877,6.907991700508268,0.14389347169250152,-0.1220891301254464,5.168316005910987,4.759473612900204,-0.683187545745243,-0.8733051227516737,1.7790020189564069,7.3915212844020965,-0.5819040128096615,1.3769170213327748,4.023205606254424,6.728434095096576,0.22856177819083862,0.0491965747899792,8.689677809058175,8.745182451066613,1.1638738083037012,0.5082248486629842,7.881366601665133,2.104957955573873,-0.42764848372443515,-0.3193444322846229,0.3708122946640309,8.52572090843756,-0.43779812278399727,0.4257049910516999,4.446603439102289,3.7882421095476584,-0.8165571777875212,-0.9046589075481811,8.519754902187767,6.044965361051286,0.2552870229129365,0.02132963433106476,1.059970037645007,5.640651944891625,0.6784420714251764,0.08550505045629264,6.599776442564179,5.793691316783769,-0.017307820074817338,-0.885898315253021,3.1725164476971273,4.026434048935307,0.7115871776967205,-0.5681191060692686,8.08888571229285,2.800975518802691,1.0625698142728188,0.18675156390208453
96,5.094165314871082,3.345441443990467,-0.1926561106605357,-0.615683411631342,0.3461476965571251,9.09054852392766,-0.5806744079437637,0.41335385664143043,4.091388393569174,7.333264050509292,1.216685919276914,0.8773114463138454,7.604068175441256,5.662198712512151,0.7262364193575949,-1.1210550411448705,5.953915155642896,4.96373734978872,0.20401459182440476,-1.0395922084265405,4.6569380416576855,2.2373498954867443,0.08555155848387846,0.016870226489979257,2.2167353061804898,6.480857190921254,-0.26488755866687175,1.4764262871079967,8.049453544446502,6.901887244001996,0.15267296019643448,-0.13887966915170677,5.134156628623725,4.71580835676262,-0.6257712080167426,-0.8528190838284102,1.7499068183159239,7.4603671354687355,-0.5722143047555959,1.3668487649247987,4.034633695163966,6.730893923836075,0.20285501611541443,0.056374512565829496,8.74787149947336,8.770593693499762,1.120677264252531,0.47702391818679557,7.8599841774789105,2.088990733959642,-0.4449301337312062,-0.324075469752341,0.348922388524831,8.547006157990145,-0.4123994749988105,0.4286683259324692,4.4057755802129135,3.743009164170249,-0.8178160684908418,-0.8877045123732009,8.532519253333414,6.04603184276784,0.24563289585156944,0.006584077022867736,1.0938921412162659,5.6449271974144395,0.6960646734111078,0.1038695872185302,6.598911051560439,5.749396401021118,-0.009221614055892625,-0.8713026695868985,3.208095806581963,3.998028093631844,0.6115871776967206,-0.6299402091652769,8.142014203006491,2.810313096997795,1.0232545428952553,0.17957138424653263
97,5.084532509338056,3.3146572734089,-0.19184984421859444,-0.5956073483560048,0.31711397615993686,9.111216216759733,-0.5191951076832199,0.423366275418181,4.152222689533019,7.377129622824984,1.2418199550356475,0.8413579495525448,7.640379996409136,5.606145960454907,0.7608858510630697,-1.155580137561344,5.964115885234117,4.911757739367393,0.20820860969661908,-1.0158888717108423,4.6612156195818795,2.2381934068112432,0.05013062809828887,0.012133976223546495,2.203490928247146,6.554678505276654,-0.2530612335440562,1.4784992431777437,8.057087192456324,6.8949432605444105,0.15911584827750824,-0.15735553844968803,5.102868068222888,4.6731674025712,-0.5923154487298621,-0.8197916435188857,1.7212961030781442,7.528709573714975,-0.5620510571702992,1.3498022820637567,4.044776445969736,6.733712649464366,0.15957300794433288,0.05731888604307983,8.803905362685986,8.794444889409101,1.07532136611067,0.44751764610923517,7.83773767079235,2.072786960472025,-0.460630383105119,-0.32820409983912063,0.32830241477489047,8.568439574286769,-0.3869037372077491,0.4306191865147613,4.364884776788371,3.6986239385515893,-0.7534650641287355,-0.9239385335600295,8.544800898125992,6.046361046618983,0.2379254058246186,-0.008064448393983308,1.1286953748868214,5.650120676775366,0.7100156561009653,0.12108725610948326,6.5984499708576445,5.705831267541773,-0.0017139843633381512,-0.8563818269393461,3.238675165466799,3.9665310831735803,0.5115871776967206,-0.6880034420639891,8.193176930151253,2.8192916662101215,0.9806607061108925,0.1717419311954424
98,5.074940017127126,3.2848769059910996,-0.19185163794587315,-0.5788376977775059,0.29115422077577585,9.132384530530642,-0.45788962052730553,0.4364229708794542,4.214313687284801,7.419197520302611,1.2639077855903869,0.8077976909622886,7.678424288962289,5.54836695357684,0.797341804184255,-1.1781945689425695,5.974526315718948,4.8609632957818505,0.210526534121625,-0.993155892651623,4.663722150986794,2.2388001056224205,0.01803774987582335,-0.00648827910177089,2.1908378665699435,6.628603467435542,-0.24064325908520787,1.4805711134075423,8.0650429848702,6.887075483621926,0.16398745622187755,-0.17774547382394798,5.073252295786395,4.632177820395255,-0.5187569930242194,-0.8942926036305037,1.6931935502196291,7.596199687818163,-0.5507407763108289,1.3273023035214289,4.052755096366953,6.73657859376652,0.11574360859702758,0.057546451105312146,8.85767143099152,8.816820771714562,1.0282996015938395,0.4194507367960333,7.814706151637094,2.056376755480069,-0.474706787378629,-0.3315617270819242,0.30895722791450303,8.589970533612506,-0.35419394793162606,0.4324636230038069,4.327211523581934,3.6524270118735878,-0.6534650641287355,-0.9097398309862533,8.556697168417223,6.045957824199284,0.23145895602746513,-0.022613174773854675,1.1641961576918696,5.65617503958084,0.7321154579989679,0.13383501622653723,6.598364271639477,5.663012176194806,0.0019099076310189582,-0.8527745534650104,3.264254524351635,3.932130911070381,0.4115871776967206,-0.7302327606827635,8.242209965456798,2.8278787627698936,0.9364276581487038,0.15892897402781697
99,5.065347435229833,3.2559350211022244,-0.18882418057451905,-0.5622093698117695,0.2682597397494106,9.154205679074614,-0.3967625419941329,0.4518336802605577,4.2775090765643204,7.459587404850725,1.284487559732214,0.7746558648155848,7.718291379171502,5.489457225129712,0.8332138314622015,-1.1932519419894445,5.985052642425029,4.81130550114927,0.21453138920306403,-0.9874428824448044,4.664624038480585,2.238475691667332,-0.006846496413906722,-0.028992222843092455,2.178805703615683,6.702632023105919,-0.23073460255445466,1.4821476118066101,8.073242357681293,6.8781882099307285,0.1677435990020623,-0.200300784848137,5.047314446135184,4.58746319021373,-0.4612125410722388,-0.9347787158674803,1.6656565114040878,7.662564802994234,-0.5380690776809728,1.3017408218071802,4.058542276796804,6.739455916321786,0.0720234973461502,0.05675963300703529,8.909086411071211,8.837793308554364,0.9778328793438548,0.3939123399607061,7.790970812268163,2.0397986691259726,-0.4868111049245198,-0.33376828413972215,0.29124753051792174,8.611593714762696,-0.3219321412051704,0.4348895683677457,4.294538270375497,3.606940020324275,-0.5534650641287355,-0.9033026478147427,8.568270116218596,6.044827165460592,0.22365179958386924,-0.03748911128203339,1.200801930591818,5.662866790392167,0.7517460942737826,0.14511483836746933,6.598459767021028,5.620373448521555,0.0024401978621276235,-0.8453015250138061,3.2848338832364714,3.8956192730362424,0.3115871776967206,-0.7638579223305602,8.289031348364233,2.8358252114712843,0.8903784775218345,0.14151355927724096
100,5.055906226201107,3.227824552611636,-0.18093139609823883,-0.5463714471194706,0.24842161264970394,9.176797363087642,-0.3355173330154799,0.4673403888825365,4.341733454550931,7.498320198091505,1.3047980868853273,0.7399337486967261,7.759952070744612,5.42979462803024,0.8733701661007971,-1.1928958484514507,5.995779211885182,4.761933357027029,0.21910571302115162,-0.9878683279660547,4.664281713659889,2.2370260805251774,-0.03416947717543474,-0.049201080796640886,2.1672689734879604,6.77673940369625,-0.2292734277912728,1.48237434385139,8.081629537631397,6.868173170688322,0.17004793654829164,-0.2249644835213853,5.024253819081572,4.540724254420356,-0.43226476749645604,-0.9397680355347005,1.638753057520039,7.727651844084593,-0.524598109076885,1.2729124303744181,4.062143451664112,6.742293897972138,0.03200000357936553,0.05451019599525694,8.957978055038405,8.8574889255524,0.9242901878746622,0.3713350273720144,7.766630257021936,2.0231102549189863,-0.49449878683789567,-0.338400626001447,0.27515092345766323,8.633338193181084,-0.29079596819529796,0.43891127293720467,4.26686501716906,3.561774887933538,-0.46393255766282365,-0.902579571435816,8.57945270619779,6.04295270989649,0.2136661127452424,-0.05335069701830811,1.2383892353055073,5.670122532310541,0.7699249074332484,0.1538662210462165,6.598581776914134,5.578108372270864,0.0010082450727017735,-0.8286123973301666,3.3004132421213073,3.8574263769197144,0.2115871776967206,-0.6831209335476774,8.333550272240325,2.842900889435146,0.8445020281752922,0.12363210922021124
101,5.046859656396195,3.2005059802556626,-0.17348868927488983,-0.531540608975645,0.23164574599892995,9.200164382531769,-0.2741267244663619,0.48206778465547045,4.406973358895197,7.535316885526341,1.317244645064735,0.717542016225029,7.803620579049652,5.370149835607667,0.9103651925700278,-1.1658914872988018,6.00673449753624,4.7125399406287265,0.22400620537637908,-0.9837280995604599,4.662573239801118,2.2345660264853455,-0.057085238348206196,-0.07021081506959774,2.155805302098397,6.8508581208888195,-0.2257072816876116,1.482921516127266,8.090131934458812,6.856924946512253,0.17096912745088239,-0.251688017390175,5.00264058070675,4.493735852643621,-0.33310553273426424,-0.9996114505565968,1.612523152066195,7.791297465603314,-0.5137582951292073,1.2384272392676219,4.063743451843081,6.745019407771901,-0.003336499807131972,0.05079494535414938,9.004192564432138,8.876055676921,0.8678998070152872,0.3516898445836424,7.741905317680041,2.006190223618914,-0.500388796017607,-0.3419489851272996,0.26061112504789835,8.655283756827943,-0.26094480576167367,0.4442947201223634,4.243668389285919,3.5166459093617473,-0.38905791219125074,-0.9055143992776343,8.590136011835051,6.040285175045574,0.20311625304265526,-0.07048022256056732,1.2768854806771697,5.677815843362851,0.7852280721537837,0.1638190605101657,6.598632189167769,5.536677752404356,-0.0011119387080876018,-0.8072993022373931,3.3109926010061432,3.8232703302423303,0.11158717769672061,-0.6378668997437377,8.37577537364909,2.8490824948961566,0.7985930466136314,0.10617209529418203
102,5.0381852219324506,3.1739289498068803,-0.17322281120846927,-0.5309572410411946,0.21793940977561185,9.224267771764543,-0.21346676157382954,0.4962429374340959,4.472835591148434,7.571193986337592,1.327482435474749,0.6984199191790201,7.8491388386781535,5.311855261242727,0.9452046051400275,-1.140421644745663,6.017934807805059,4.663353535650703,0.2308732848131581,-0.9794802430477941,4.659718977883707,2.231055485731866,-0.0782693802821242,-0.09285235464326717,2.1445199380140165,6.925004196695183,-0.21572613381861777,1.4844063578372575,8.098680390831356,6.844340545642744,0.17069074805527826,-0.2802915473202897,4.985985304070036,4.4437552801157905,-0.24983656844364532,-1.0225372118986455,1.5868352373097345,7.853218827566695,-0.5034069635972058,1.1981074984953746,4.063576626852724,6.747559155039609,-0.03653094935108492,0.05085272435638558,9.047587554782902,8.893640169150181,0.8099289791973704,0.3334114946476339,7.716885877879161,1.9890927743625493,-0.5042815317819913,-0.34417005666115835,0.24756388475981467,8.677498492834061,-0.23286940278659127,0.4498427476526759,4.224215493676356,3.4713701893978657,-0.3257564621771364,-0.9134983274514148,8.600291824487185,6.036761163917546,0.191346287751632,-0.08871743486086792,1.316146884284859,5.68600679638836,0.7937928617470034,0.16674384757704258,6.598576592232364,5.496312787292486,-0.002528719135185876,-0.7879637998512999,3.3165719598909793,3.7913769852551433,0.04953865903903628,-0.5785175774247069,8.41570502597977,2.854391099660866,0.7516587340316154,0.08900721078652593
103,5.029524081372027,3.1473810877548205,-0.1729265139115876,-0.5327788977525941,0.20726607169692038,9.249079918636248,-0.15796317265895832,0.5177010446671434,4.539209712922172,7.6061149822965435,1.3352413401766403,0.6834695044281711,7.896399068935155,5.254834179005444,0.9779920890706152,-1.1172848501785548,6.029478472045716,4.614379523498314,0.2519307728373929,-0.994882482608875,4.655805508869601,2.2264128679997026,-0.09821203942175738,-0.11525978803388455,2.1337336313230857,6.999224514587046,-0.20014943230984847,1.4865867632755398,8.10721492823412,6.83032596827673,0.14757344867736,-0.33022815480033885,4.973493475647854,4.392628419520858,-0.18081915220486053,-1.032466340634903,1.5616648891298743,7.913124202491464,-0.48846769864406936,1.1566580202267511,4.0617500793851695,6.7501017912574275,-0.07105652260471651,0.04860682003739726,9.088084003742772,8.910310743882564,0.7515486495884531,0.3156576655856489,7.691671801290061,1.9718842715294913,-0.5070342303673824,-0.3457910196907218,0.2359204146204851,8.699990630216694,-0.20731012048373482,0.455733290293958,4.207927670567499,3.425695273025295,-0.26866194184670733,-0.9212668831819961,8.609859138874766,6.0323252921745025,0.17795111390395668,-0.10797312513749069,1.355836527372209,5.694343988767212,0.7975554131440885,0.17744130998677732,6.598450156275605,5.456914597299921,-0.00356417586710135,-0.7695970994404571,3.319048892842931,3.762451106383908,0.004070429983631614,-0.5537810567767043,8.453287962681351,2.858841460200192,0.7032307052096702,0.07019238179463598
104,5.020877755676447,3.120742142867191,-0.17317217184732614,-0.5363010803811065,0.19936791306397247,9.274964970869606,-0.1010621170845412,0.5342094927910753,4.605971779931004,7.640288457517952,1.3417847813218582,0.6705323262998237,7.9452986733886855,5.198969936496516,1.0072234257834525,-1.0821284124239239,6.0420750106875865,4.564635399367869,0.2771624233090802,-0.9914398133215511,4.650894906898513,2.2206498785980084,-0.12075889552708499,-0.14006955384961942,2.1237261597075934,7.073553852750822,-0.1823058446933311,1.4888803104986816,8.114593600667988,6.813814560536713,0.12524043615609307,-0.3805811931113435,4.964452518037611,4.341005102489113,-0.09333835682140715,-1.0877537077403872,1.5372415041976708,7.970957103502802,-0.4675618060931241,1.1159960623667582,4.058197253254933,6.752532132259297,-0.11056777405430147,0.04392901138010871,9.125661436222194,8.926093627161846,0.6929199533852213,0.29847978577531564,7.666320089771692,1.9545947205449552,-0.50841343379124,-0.34718210967773155,0.22555490859629837,8.722777294731392,-0.1836823803390052,0.4605784747542403,4.194494573475164,3.3796319288661953,-0.21713696297059343,-0.9285333055431316,8.618756694569964,6.026926635917628,0.16161048265738992,-0.12830779061476655,1.3957142980294135,5.703216054266551,0.8023697305940158,0.19077514767474651,6.5982719474822495,5.418434742327898,-0.004024298765322366,-0.7496955675057189,3.3192524143421127,3.7347620535450727,-0.023255456504329204,-0.5476258456707616,8.488449497941835,2.862351079289924,0.6445420348128654,0.047199586088840687
105,5.012219147084081,3.0939270888481354,-0.1781050749732083,-0.5459282229296676,0.19431480720974542,9.30167544550916,-0.043023667797126644,0.5460804082337805,4.673061018997097,7.673815073832944,1.348448401085084,0.6570288499077348,7.995659844677858,5.144863515875319,1.0305969863908857,-1.0472197094543727,6.05593313185304,4.515063408701792,0.299482266184084,-0.9902611518670821,4.644856962122159,2.2136464009055277,-0.14693856085415713,-0.1679102694963632,2.1146108674729267,7.147997868275756,-0.16396746313270238,1.4910112913837459,8.120855622475792,6.7947855008811455,0.1029627993300547,-0.43214577331344617,4.959785600196541,4.286617417102094,-0.011091087667812166,-1.1323976969457477,1.5138634138930147,8.02675690662114,-0.44920027489509934,1.074973767607008,4.052668864552218,6.754728582828303,-0.15034751462627718,0.036749018734129786,9.160307433891454,8.941017616450612,0.6345238225849741,0.2819925330630659,7.64089941808213,1.9372356150610686,-0.5079776087264617,-0.3469183377740304,0.2163707895793481,8.745806218469104,-0.16194733502517006,0.46404762936547017,4.183637725326634,3.3332052635890386,-0.16996880944619464,-0.9379604365105102,8.626837218702834,6.02051124638689,0.14232332410855797,-0.1500475864187903,1.4358327845591143,5.712754811650288,0.8068367604635722,0.20419795274562358,6.598070732543984,5.380949963952612,-0.0035112327864376693,-0.7293310028485076,3.318089641516896,3.707380761261535,-0.03994920205782271,-0.5503695392981787,8.520676599682478,2.864711058594366,0.5842155718287804,0.024191390032951555
106,5.00331389333542,3.066630677701652,-0.1882581495357579,-0.5589202399007789,0.19216362381988908,9.328979465920849,0.01579894019695295,0.553152279544253,4.740483439051351,7.7066665163283306,1.354746057619985,0.6439434131685079,8.047189693997403,5.092502530402601,1.0525965347664923,-1.0226918870194706,6.070907245162244,4.465550351108438,0.3283028583490773,-1.000569652246406,4.637510034079451,2.2052508874307093,-0.17712569082852236,-0.19942280709497312,2.1064124943162916,7.222548432844944,-0.14690925932070495,1.4927885548616193,8.126003762442295,6.773178212215473,0.08089723881035941,-0.483727680585785,4.95923104581315,4.2299975322548065,0.06411637225879306,-1.171090645167908,1.4914034001482597,8.08050559500149,-0.4327073269590413,1.0299342747614726,4.045151488820904,6.75656603376501,-0.18528309034992527,0.032929943134817,9.192033625020702,8.955117243103766,0.5767387407215707,0.26632229313768135,7.615500537645807,1.919889698172367,-0.5062411030243238,-0.3457173324008803,0.2082734228280896,8.769008599937377,-0.14310590597043296,0.4659083409027717,4.175139284854325,3.286307241763513,-0.12265369470963763,-0.9485356080705593,8.633953384908262,6.013008867065951,0.11908805819793251,-0.17330647514025635,1.476174622582293,5.722964709287569,0.811104101734615,0.217274022696681,6.597895170904661,5.344483413810186,-0.0029991219719854977,-0.7094407123497741,3.316092181414005,3.6798622842966258,-0.04861221712540007,-0.55544082876301,8.549887378273917,2.8659206280960134,0.5225143634757378,0.0014271781398698877
107,4.993900985858632,3.0386846657066133,-0.20332000485192,-0.5755066330186835,0.19295357082973671,9.35663707989806,0.07525070501895918,0.5550097575295754,4.808220741932351,7.738863686986756,1.3615803722514992,0.629363877180339,8.099819520735728,5.0413679360516275,1.0715395286458105,-1.0014421308024677,6.0873223880796985,4.415521868496118,0.36010400759815414,-1.0129859919120574,4.628653749538025,2.195279747075961,-0.21151242996331088,-0.24446413576356749,2.0990670313502564,7.297187860588025,-0.13272632782355104,1.4941163682600078,8.130048624382813,6.748991828186184,0.0603876337006678,-0.5341664661387635,4.962436864426089,4.171442999996411,0.1334114328934061,-1.2062487160898059,1.4697680338003076,8.132002308739564,-0.4227299028142964,0.9814495201990947,4.035887334303408,6.7582125309217504,-0.21852338182617498,0.028424135973485823,9.220870562056781,8.96843335776065,0.5194723623188607,0.2512616656772016,7.59018848249459,1.902603831552323,-0.5174893592904409,-0.33946450788577603,0.20111812752956795,8.792304016982516,-0.12746896865020058,0.465999396433128,4.169006600118843,3.2388804613599853,-0.0768229472244768,-0.9605143162781665,8.639907787818158,6.004343543308938,0.09613863530202416,-0.19853899285952514,1.5167298276690238,5.7338284104224035,0.8152705573014981,0.22970365717834948,6.5977452148060625,5.3090113781926975,0.004881741575339637,-0.6869781297615783,3.313661570557735,3.6520902428584754,-0.052876368057831295,-0.56063574422157,8.576013096447705,2.865991987003007,0.45917092198937914,-0.02143779242497234
108,4.983734985616036,3.009909334055679,-0.22418915858994187,-0.5970817233077994,0.19671610608068468,9.384387567774539,0.1336582918319322,0.5554621155723967,4.876299760544925,7.770331880845773,1.367271896271634,0.6169015818311465,8.15339649716802,4.991295829511504,1.0827649414318175,-0.9750946336968692,6.105327588459606,4.364872568900515,0.39370277034877976,-1.0059104698170924,4.61807812803986,2.1830565402877826,-0.24120988095875612,-0.28654808759443146,2.092430714959079,7.371893679001025,-0.12273913298741136,1.4902477768471059,8.133068006067846,6.722283504879246,0.04094456728249687,-0.5804440249423218,4.969107436070759,4.111130564191921,0.1959301129890787,-1.2355915313697665,1.4486315386595927,8.181074784749518,-0.42111384990361084,0.927690583078657,4.024961165212099,6.759633737720424,-0.2510371791093476,0.022377506648930425,9.246844180172724,8.98099644104451,0.46887229851804896,0.23532215133823142,7.564314014530068,1.8856306061580344,-0.5287434091280302,-0.3330059832712035,0.19474467909705792,8.815603986804172,-0.1153377112949874,0.4645694159055184,4.165165452757619,3.190854745546077,-0.031131477912762627,-0.9695261950964401,8.64471471958326,5.994416593665962,0.07253467294021157,-0.21331855461756652,1.5574933555340986,5.745313593281321,0.8194297653161056,0.24188850432462214,6.597989301884829,5.274662471704619,0.012816241852382027,-0.6617676270178573,3.3110177521548434,3.624058455647397,-0.05623595294068671,-0.5575240727514644,8.598971642547173,2.8649200973817583,0.39454363221734545,-0.044621314053352165
109,4.972525527686539,2.9800552478902893,-0.2471601196242398,-0.6189793909542075,0.2033990206722813,9.412160673553158,0.19067936731906904,0.5538940073341169,4.944663355358507,7.80117695993733,1.371389514188591,0.6076930149126124,8.207534744239611,4.942541097826661,1.0902021676080793,-0.9465755456670077,6.125012726977046,4.314577045409661,0.42390440809368335,-0.9945041129757667,4.6060176339919225,2.168729135908061,-0.2639369725691878,-0.3283164328312097,2.0862937583097083,7.44640606784338,-0.11531314228668962,1.4734088358690556,8.135115234431971,6.69326130363213,0.01580552752762931,-0.6215525735835267,4.978903941720213,4.049350987623432,0.25148251810802097,-1.2564462995267718,1.4275758461644121,8.22745931390345,-0.4205756143733536,0.8729021128104075,4.012409306256632,6.760752613052871,-0.28174874949146583,0.014987290656002874,9.270287795098627,8.992762548611422,0.4185682194622628,0.21946871057666525,7.537876844073667,1.8689803069944741,-0.5399142896245321,-0.3266393183549266,0.18897779353230856,8.838832457599448,-0.10672559263358375,0.46218597573135606,4.1636088788619805,3.142378435791255,0.013094912210604687,-0.9540790926093529,8.64834145323027,5.983750665935084,0.05109213593049554,-0.22907369688908522,1.5984648437999038,5.757408018497553,0.8245957840703494,0.2507913051528406,6.598630113977448,5.241574090353726,0.01994087593946775,-0.6347487282923476,3.308205954507809,3.596182252009824,-0.059116292637690075,-0.5525074094534536,8.61869882415804,2.862689031679091,0.3303775929889061,-0.06677011692982464
110,4.960167521705327,2.9491062783425788,-0.26766671171913803,-0.6393188337437621,0.21293298903823477,9.439855373919864,0.24604923917385113,0.5512698895648159,5.013232831067937,7.831561610682961,1.3749407401762723,0.5996148438819073,8.262044852620015,4.89521232054331,1.0940177064167826,-0.9160793685897144,6.14620794738173,4.264851839760873,0.4471502806508466,-0.9740260968376899,4.592820785363463,2.1523133142665007,-0.2794471278297507,-0.3691599583601175,2.080528101195374,7.520076509636833,-0.10417219375267778,1.4524460193922337,8.135905510808353,6.662183674952954,-0.018512129823864524,-0.652623628518982,4.991478067625613,3.986528672647094,0.3013662532879221,-1.2704959517455905,1.4065470654457444,8.27110441954397,-0.42417524504211296,0.8241169031546458,3.998321868782059,6.761501977585671,-0.3100568966834672,0.00626154766026389,9.29121620607174,9.003735984140254,0.3682620244415871,0.20458095744765983,7.51088112959244,1.8526483410767278,-0.5510123690079054,-0.3209811213245015,0.18364151390062938,8.861941756386017,-0.10073385844180843,0.45584189650510065,4.164263624472511,3.094674481160787,0.04283366028418257,-0.9301171104783486,8.650896060026794,5.972296981090629,0.02804191263957528,-0.24616202966134015,1.6396946330034212,5.769947583755195,0.8308290426157481,0.25845959096974847,6.599627157774421,5.209836653939109,0.023683536149004304,-0.6081273746660965,3.305250139875924,3.5685568815371513,-0.06003605675409652,-0.5513775574975331,8.635217703807484,2.8593505258325997,0.26682075495332264,-0.08795066470366268
111,4.946784186119371,2.9171403366553905,-0.2849551924182004,-0.6576355169169417,0.22523545099692732,9.467418868398104,0.299527879491768,0.5477760981187262,5.0819798680767505,7.8615423528770565,1.3792215569459194,0.5897015320106218,8.316745737940854,4.849408352113825,1.094693378336963,-0.8843262815459522,6.168565461414272,4.216150534918988,0.46339658307670795,-0.950324649589231,4.578848428971975,2.133855316348495,-0.28860635752554764,-0.4089351570581613,2.07531949150774,7.592698810606445,-0.09372477655306612,1.4303357747604664,8.13497990431716,6.6295524935270045,-0.053668731491268704,-0.6706253056148721,5.006546380290009,3.9230038750598144,0.3475680665088999,-1.2783319531119675,1.3853383031936388,8.312310264701702,-0.43148940401819097,0.7804985340521677,3.9828190239478856,6.761815054968684,-0.33561334478546456,0.003935127710732334,9.309629307293818,9.013965032012637,0.31807331017576373,0.1896789513579725,7.483330511142045,1.8365992850105028,-0.5603986924002966,-0.31141115602155733,0.17860482097853897,8.884733851211271,-0.09231206933210155,0.4437206519851517,4.16640530748672,3.04816862563687,0.04213876065065577,-0.9069987307662437,8.652298155658773,5.959988879607562,0.002607499087291038,-0.2645636807457632,1.6812360851342085,5.782870563303682,0.8382678676866061,0.26455984510309216,6.600811334581871,5.179430285205805,0.0326689944634231,-0.5796459418705718,3.302248337038219,3.5409880036622745,-0.06330603797446109,-0.5548827729188521,8.648558741555151,2.8549529925974166,0.2038328492125847,-0.10811545247298031
112,4.93253642649846,2.8842585608095432,-0.29803385815153777,-0.6727520550243369,0.2402118449715157,9.49480767330404,0.3500066418799974,0.5409934955999293,5.150940945924046,7.891027429477588,1.383963865672282,0.5784842422343365,8.371480406857703,4.805192038036527,1.0933680925297111,-0.8514395618422779,6.191735290568108,4.168634302439527,0.4696523110830709,-0.923377342002561,4.564418111095698,2.113408558495587,-0.293862150933107,-0.4463633811449228,2.070633252680087,7.664215599344468,-0.0731663969625548,1.4082722244074162,8.132296467742595,6.5960212282462605,-0.08279828731268747,-0.6780866157929135,5.023924783615454,3.859087277404216,0.3935818509174692,-1.2663794448710293,1.3637638329927293,8.351335191404312,-0.4447645460322176,0.7440508182928904,3.966038356708612,6.7620118113542205,-0.343314764079345,0.006461211671861523,9.325532972802606,9.023448979580536,0.26838548354231034,0.17468457744039284,7.45531057652203,1.821028727209425,-0.5678144415329298,-0.2999303991725068,0.17398921751193389,8.906919883810529,-0.08058228204200527,0.4290237857112717,4.168512245519253,3.0028186890985578,0.021438185239336036,-0.882223827707238,8.652428530613138,5.946760695570274,-0.02479603735165092,-0.283980010010404,1.7231494785185388,5.796098555558837,0.8468057949565417,0.2691027446073961,6.6024447843050424,5.150447988112276,0.03776792558226904,-0.5530367535523193,3.299083035139496,3.513243865016332,-0.07361043978939869,-0.5598559568636735,8.65875038401578,2.8495472199737675,0.14145187372773668,-0.12759032839995174
113,4.917634733590884,2.8506209580583266,-0.30647074362765014,-0.6816609318010322,0.2577121770655156,9.521857348084037,0.3974149663600542,0.5315594460234083,5.22013913920766,7.9199516415893045,1.3888296765546215,0.566702858225707,8.426148811484188,4.762620059944413,1.0909337878006071,-0.8180683368428501,6.215217906122262,4.122465435339398,0.470874800484769,-0.8986906538178229,4.549725003549042,2.0910903894383406,-0.29669362078185907,-0.48104707360021454,2.0669749328319593,7.734629210564838,-0.05899888549938951,1.3844736484100635,8.12815655337696,6.562116897456614,-0.1077081814810644,-0.6812859394321872,5.0436038761613275,3.7957683051606645,0.4410551623417246,-1.2428354760742992,1.3415256056911185,8.388537732318957,-0.4637957234933649,0.712006744353567,3.948872618504645,6.762334871937814,-0.3487620165466197,0.008843271067174786,9.338952246979721,9.032183208452556,0.21934200100027237,0.15961133018649803,7.426919854445384,1.8060322072507997,-0.573163720355471,-0.28871809046765373,0.1699601034098336,8.928371073096093,-0.06361757675359508,0.41487658602092975,4.169584154781219,2.958707497713196,-0.008318968748548487,-0.8625860999698112,8.651188728745556,5.9325616950697535,-0.05644987670139763,-0.306788186289472,1.765489768266366,5.809553692789207,0.8561655257366664,0.2721650485304665,6.604333180584156,5.12279615043466,0.03721522773001513,-0.5280211252144592,3.295402513150026,3.4852510671731483,-0.09308112998019077,-0.5620675382204969,8.665822977702167,2.8431677035537697,0.07988526458352586,-0.14639037096958904
114,4.902311196409501,2.816537911468275,-0.31032901226113496,-0.6876287771962396,0.2775829253835183,9.548435320385208,0.4417106021794893,0.520112142281238,5.289580623035391,7.94828678450059,1.3939391407643875,0.5540159490890503,8.480695500874218,4.721716643102271,1.0864274587261051,-0.7865171337111744,6.2387616461465,4.077530902648507,0.4735538828635141,-0.8775478104521536,4.534890322509949,2.06703803575833,-0.2983320619421803,-0.5126294290994822,2.06402498855699,7.803852892985342,-0.04883573328152452,1.3669995692779835,8.122771144302908,6.5280526004850055,-0.13145954910963878,-0.6735533774564696,5.0656566342784135,3.7336265313569497,0.48404790917171114,-1.201090409431538,1.3183358195164503,8.424138069536635,-0.486771291966704,0.6824808504269465,3.9314345176773142,6.7627770354911725,-0.35290955099154786,0.010542047215434426,9.349919347029735,9.040163774961881,0.1710627572926155,0.14443427250303018,7.39826166842761,1.791596302727417,-0.5773023625324568,-0.2787007580329995,0.16677922457215386,8.94911490239714,-0.04757205257365962,0.39924290609453433,4.169168206343792,2.9155781927147055,-0.03905268821666524,-0.8412290896648833,8.648366234910485,5.91722228575528,-0.0884215339775512,-0.3288901995197958,1.8082980445531993,5.82316194521573,0.8651436944030292,0.27428617276079176,6.606193941970657,5.096395094173937,0.03209920423422179,-0.5041112822464722,3.290748456651017,3.4571476902621234,-0.12235487241755344,-0.5584051803686341,8.669817240931343,2.83584818500529,0.01914552683442613,-0.1648336991117552
115,4.886794745796444,2.782156472608463,-0.30963149672876056,-0.6909891954265348,0.29966845549249277,9.57444092749927,0.48402088178726216,0.5081325213775076,5.359277580073611,7.975987581955042,1.3990656073245578,0.5409393925400208,8.535016873810523,4.682390786416712,1.0781118597614139,-0.7573919737323078,6.262439340289676,4.0336535121259,0.5031709540152475,-0.8812983176131748,4.519973719412841,2.041406564303356,-0.29873913074608677,-0.5403805917476832,2.0615832018929137,7.8722028714492405,-0.039373862491996627,1.3516123441269214,8.116198166847425,6.494374931612182,-0.156291149596871,-0.6558315247962905,5.089859029736999,3.6735720108853727,0.5206048862053263,-1.1368465563393444,1.2939972549181151,8.458262112057982,-0.5099802692487513,0.6570670720026835,3.9137890401277367,6.763304137851944,-0.3563655493675597,0.010518868955417706,9.358472484894365,9.047385488587032,0.12367316953264387,0.1291630946151136,7.369396550300987,1.777661264825767,-0.5798700781027875,-0.2696346546341996,0.16440062194347088,8.969077047701866,-0.03304394940088054,0.3832148550162148,4.167215571932958,2.8735167382314613,-0.07986170265624806,-0.7996737386459777,8.643945158211608,5.900777775779289,-0.11989973036007379,-0.34967993006865444,1.8515552292733508,5.83687625385377,0.8721985433720119,0.2758288368006718,6.607798902182369,5.071189530061614,0.024118297270873397,-0.4815699038079994,3.2846307130301393,3.429227431243692,-0.10969480861435749,-0.5188121573068818,8.670774517273063,2.8276065000497024,-0.04095551734358291,-0.18311131293040067
116,4.871313170960006,2.747607012837136,-0.30754077924917395,-0.6923978899247758,0.3238694995818559,9.599847553568145,0.5244338472041704,0.4959158528015055,5.429230860439839,8.003034551582044,1.4041755940618823,0.5275328435661231,8.588922466798595,4.6445211877300965,1.072701875843343,-0.733563826380566,6.287597887990438,3.9895885962452415,0.5275039437675401,-0.8776238086094164,4.505036762875537,2.0143875347159717,-0.29759551915105215,-0.5620050913070856,2.059614508768314,7.9397834886555865,-0.029988252865226606,1.3364241940190609,8.108383609367582,6.461583355372367,-0.1833249733254324,-0.6323822886417342,5.115889274047266,3.6167296830684053,0.5535614357305872,-1.0681669255829662,1.2684982414556776,8.491115465658115,-0.5244863514855181,0.6255727644846781,3.8959707626593585,6.763830081299715,-0.3589360596506722,0.009133477731242014,9.364656143370997,9.053843643317789,0.07729933730684431,0.11379977837718712,7.340403046395847,1.764179532094057,-0.5850515258918605,-0.26826482618277475,0.16274842447342686,8.988237790452677,-0.021968600248792373,0.36835905891750564,4.163222486800146,2.8335330512991623,-0.13173347327659413,-0.7417120661014983,8.637950171693603,5.883293779275856,-0.15089792457775567,-0.36968015090386336,1.8951651564419514,5.8506676956938035,0.8754904270641573,0.27704920660532234,6.609004817045912,5.047111034871214,0.016711047760585157,-0.46038519562995606,3.2791459725994216,3.4032868233783478,-0.09423417885313846,-0.479504533205243,8.668726741405884,2.8184509344031823,-0.10035725002676468,-0.20171231919985563
117,4.855936131997547,2.7129871183408976,-0.3017437331987446,-0.6893608224220388,0.3500911919420644,9.62464334620822,0.5627634604129411,0.48313366057128093,5.499439640142933,8.02941119376035,1.4094209653180845,0.5133542076596225,8.642557560590761,4.607842996411068,1.0723821442353099,-0.7171269991977963,6.313973085178816,3.9457074058147708,0.5476039666199609,-0.8681492323447966,4.490156986917984,1.9862872801506173,-0.2953101150202357,-0.5767903184866129,2.0581150961250527,8.00660469835654,-0.018650324391277173,1.3204921541025456,8.09921736070131,6.42996424094028,-0.2088648125931631,-0.606798458165927,5.143567345833795,3.563321336789257,0.5854287133528101,-0.9921068569756359,1.2422739238814016,8.52239410388235,-0.5267620855077778,0.5824904974387034,3.878023959676825,6.764286755186277,-0.3593406027077563,0.007042109443440272,9.368521110236339,9.059533632236649,0.03203764728628309,0.09835533723748908,7.311150470101254,1.7507662907849182,-0.5893384443084798,-0.2639978440297167,0.16164999446098724,9.006655743398552,-0.015175719654061996,0.34458352756593935,4.156635813136316,2.7964474479940873,-0.17426013264606283,-0.6834022011036346,8.630405275464716,5.8648097717306635,-0.18212658611492608,-0.38956245139996476,1.9389396777951593,5.86452015602407,0.8715437736831673,0.2762122386490476,6.609840369433941,5.024091775089715,0.011678476727941839,-0.44036399544990235,3.2744342636567647,3.3793115967180856,-0.07837460924397327,-0.4409317151643952,8.663708878904545,2.8083653184431894,-0.15810058479696731,-0.22029122853737623
118,4.840848945337609,2.6785190772197955,-0.2867041208458965,-0.6760472667045705,0.3782293649627114,9.648800029236785,0.59905315233799,0.4687664437457957,5.569910688408838,8.05507890414333,1.4144072133787275,0.499451934366284,8.696176667802527,4.571986646451179,1.0738787121849624,-0.7081005083008561,6.341353283509814,3.902299944197531,0.564334577646248,-0.8550959984232687,4.475391481166972,1.9574477642262866,-0.29214169191892975,-0.5846970243727384,2.057182579905489,8.072629306061668,-0.008151344703586437,1.3044845116545971,8.088774120071651,6.399624318031984,-0.23123977933377132,-0.5811931193540526,5.172838781501436,3.513715993940475,0.613773726017605,-0.9198026618100018,1.2159358196060126,8.551518628754286,-0.5180802234515225,0.5310962255881174,3.860056929541437,6.764638860658449,-0.3564779268472321,0.004008690303757025,9.370122992600653,9.064451399098523,-0.012050588211191586,0.0828476660004972,7.28168354788583,1.7375663985834324,-0.5929667865346274,-0.2551541814399283,0.16089120847828414,9.02388491977685,-0.007871145104863846,0.3186409307727646,4.147922806504013,2.7622773379389054,-0.2019198796505718,-0.633804726170964,8.62129894615897,5.8453316491606655,-0.21383317557529902,-0.4071694012061781,1.9825168664793176,5.878330767956522,0.8589246880732544,0.27248195236376643,6.610424293270339,5.00207357531722,0.010298273436168043,-0.42004584492957764,3.270515533194566,3.357265010959866,-0.0617863013268552,-0.4021476135589799,8.655803849664697,2.7973507570163205,-0.21347732310682754,-0.23716748053293973
119,4.826513739295314,2.644716713884567,-0.26898750594387705,-0.6572011452741735,0.4081820225796109,9.672238351424074,0.6330621500167467,0.4519723671838679,5.640631049077774,8.080051500861645,1.4169855609275699,0.4883455140579325,8.749870603411775,4.536581621036136,1.073941563420233,-0.7003480190022741,6.369570012392126,3.8595451442763675,0.5785643536114617,-0.8411316195894979,4.460784396571026,1.9282129130076497,-0.28893685335989827,-0.5857149289337514,2.0567750126703097,8.137853531644398,0.0006755190621301164,1.2894159746577556,8.077212131104963,6.3705646620642815,-0.25071411732882365,-0.5548826009700728,5.203527467802316,3.467725860849975,0.637330137283932,-0.8509651383496136,1.1900318084334365,8.578073440033691,-0.5040506699189221,0.4793499585078104,3.8422330331990753,6.764839295173637,-0.346460758325351,0.00013111572582943584,9.369520463190094,9.068593782398548,-0.0549238813725838,0.0672973610512136,7.252035208559099,1.724808689511436,-0.5963559122244916,-0.24283512102489876,0.16049765122304094,9.039816966315488,-0.0013615713472153778,0.29349135887716526,4.137826812521484,2.7305871016303573,-0.21730207863996312,-0.5931887860769698,8.610607287380205,5.824973179100357,-0.2230124234910438,-0.42352973476807537,2.0254631008829804,5.891954865574711,0.8403523382268914,0.266936859617151,6.610939206942147,4.981071283070741,0.013377024702170698,-0.4023204457930344,3.267426218128223,3.337157630281917,-0.04357076276551105,-0.3644387171604356,8.645129983509355,2.7854923829896734,-0.2672475314655922,-0.25226805353623183
120,4.81306436399812,2.611856656620858,-0.24842598965893442,-0.6309966069288366,0.4398351300804482,9.694836969783267,0.666013749376259,0.43290339888781687,5.7114803271241525,8.104468776564541,1.4208212379105687,0.4731936929810625,8.803567681582788,4.501564220086022,1.0729619323986141,-0.6786336654408727,6.398498230072699,3.8174885632968927,0.5915882888698503,-0.8246060440708898,4.446337553903031,1.8989271665609622,-0.28883656444724437,-0.5867702059795676,2.056808788623416,8.202324330377285,0.009108446789829397,1.2768206340482051,8.064676425238522,6.342820532015778,-0.24784867506772384,-0.5525662178839279,5.235393974666513,3.4251776039324944,0.6572494612051356,-0.7800185522175641,1.1648292749374904,8.602040937959082,-0.4808238365754163,0.42826426586369115,3.8249099952828076,6.7648458509599285,-0.33070543873001407,-0.00410020608584659,9.366774269121464,9.071958650451108,-0.09661123283780902,0.05146298781551109,7.222217412947875,1.7126669334601912,-0.5984465186904273,-0.2274318562639277,0.16042957265568017,9.054491534259347,0.005135539079210556,0.2675362927923035,4.126961708589486,2.700927662326509,-0.22640038046787067,-0.5611633773321578,8.599456666205652,5.803796692361953,-0.23279195872501826,-0.439411839403314,2.067480717794325,5.905301708555569,0.8197958332024582,0.2607866553013694,6.611608058177255,4.960955260781089,0.008052276171186774,-0.39586718277847943,3.2652476799899475,3.318935694423895,-0.023776297164066804,-0.32928894022485816,8.631767606936075,2.772878980312862,-0.31839554076582416,-0.26301577979784757
121,4.800643064515174,2.580306826274416,-0.22571724137793236,-0.597039048058521,0.47313581754926115,9.716482139727658,0.6983326335105516,0.4110980528757014,5.782521389019681,8.128128461213594,1.4197885393835903,0.4593167407501322,8.857215778202718,4.467632536813979,1.0656284436362355,-0.6574835801108632,6.428077644516192,3.776258261093348,0.6039790663385316,-0.8061848486234449,4.431895725680668,1.8695886562619837,-0.2909160635876262,-0.5868690170346356,2.0572642109629076,8.266165362079695,0.011454618973581458,1.2619035718252476,8.052283991485137,6.315192221121581,-0.26902383011132586,-0.5483735806042982,5.2682564477267695,3.3861766763216163,0.6745827079726565,-0.7229379018879742,1.1407880831087196,8.623454151252266,-0.4527324774369275,0.37882051727036076,3.808374723346307,6.764640840655636,-0.31152489202905964,-0.008513181248114274,9.361943707479574,9.074531799841884,-0.1391534043160805,0.02446538880981193,7.1922950870133535,1.7012953406469948,-0.5981381365518175,-0.2106045232904475,0.1606863496096407,9.067868348898962,0.012853447998068132,0.23926127684210058,4.115641689566092,2.672869493459901,-0.23270302776048465,-0.5304868455404708,8.587817068269402,5.781826100391787,-0.2418699353690574,-0.455179242350263,2.108470509454448,5.918341041320637,0.7987809624992378,0.25346582582048294,6.612010671985815,4.9411619016421655,0.008327517382243483,-0.3870999691060799,3.264058865131744,3.3024712474126523,-0.0008145301462254631,-0.29346603015443884,8.615847829897783,2.7597281913229694,-0.36745537286192403,-0.27168136755090505
122,4.789357202446277,2.55045487387149,-0.20297621122131998,-0.5586355012483709,0.5080524492247888,9.737037042371442,0.7289531816396334,0.38780656041354317,5.8535108159888605,8.1510942982511,1.4146677296348216,0.4464833779323679,8.91049720038453,4.434758357808436,1.052222183324632,-0.6367329516990933,6.458276597833118,3.735949018662176,0.6157491374277994,-0.7853386501242421,4.417349922501287,1.8402452054102518,-0.29449499654348726,-0.5804286047814942,2.0578369419115865,8.329260540670958,0.006647161273209716,1.2408303198625859,8.03883279997957,6.287773542091366,-0.2870989922836434,-0.5487072692685483,5.301985583125402,3.3500297812272177,0.6916913405968058,-0.6830077698565336,1.1181514592368733,8.642395177115784,-0.4208390691384351,0.33104229232529236,3.792798478744854,6.76421518159323,-0.28943800943781206,-0.014046968483731912,9.35498603726377,9.075755069282375,-0.1805596304742226,-0.002069213236200948,7.162388180185762,1.6907651144824725,-0.5968968061219059,-0.19375136362438608,0.1613290220095441,9.079831412741067,0.023899900818369187,0.2082512987861466,4.104006538178068,2.6463451511828775,-0.2395270696635036,-0.5019371743673751,8.57572357150095,5.759067138274274,-0.25073987690166927,-0.4708223204390234,2.1484095575794098,5.931014332611662,0.7771046933256157,0.24542207097462532,6.612427047854927,4.921806903186861,0.013311559803226798,-0.3762882401219624,3.2640181386244325,3.2877979459049302,0.02808180760134839,-0.2542090342380723,8.597475061254686,2.746144122945424,-0.41381616955191125,-0.27822309428911957
123,4.779208391885211,2.5225230988090717,-0.18047383806238826,-0.5157961916751974,0.5445001083067704,9.75642737039212,0.75672655595871,0.36355854453295844,5.924244202470602,8.17341846714772,1.406564610797942,0.43423189875370083,8.963108309550762,4.402921710223481,1.033291801788148,-0.6169071653469357,6.4890640547045075,3.6966820861559637,0.6229293215536996,-0.7541452924181722,4.402625172674112,1.811223775171177,-0.2999629631149375,-0.5703099451957798,2.058169299975247,8.391302056664088,-0.0010180914123371597,1.2163177875091846,8.024477850365388,6.260338178627939,-0.303211407776178,-0.5499568831608354,5.336570150155243,3.315879392734391,0.7101909787370074,-0.6587000524736257,1.0971095057799516,8.658947291732048,-0.38727115775194526,0.28605876526096896,3.778326578272963,6.7635128331690435,-0.2668780447809822,-0.02008063864092605,9.345958055740057,9.075651608620564,-0.22073287495054097,-0.0280719540961863,7.132543339879667,1.681077546301253,-0.5952723955224357,-0.17735961245422768,0.16252401705046257,9.090243977680373,0.03867355724622945,0.17506729495619053,4.092030184694893,2.6212482924645086,-0.2463743603582172,-0.47119925575203386,8.563186577655866,5.735526022252323,-0.25985803303675153,-0.4867416362539953,2.1872647922456907,5.9432854361603935,0.7539345305882462,0.23723143389276383,6.613092625845089,4.902992491180763,0.022273951120117513,-0.3626663942805546,3.2654222290045,3.2750874941930266,0.06103850017775678,-0.21539611974737252,8.57678425277709,2.732232968230968,-0.45760070150286186,-0.2827089290515736
124,4.770184699982091,2.496733289225312,-0.15806796780358012,-0.4768029045887106,0.5823364361047059,9.774605297618766,0.7812887404713251,0.3377878147527613,5.994572433010499,8.195130062085404,1.3969523157663943,0.4229312179673296,9.01477289964017,4.372076351956134,1.0129801764863102,-0.5970484742506298,6.520210520782192,3.6589748215350553,0.6296512219571992,-0.7100240150858663,4.387627024518365,1.782708277911388,-0.30946770454522005,-0.5548054032026386,2.05811839540463,8.452117946039547,-0.006904372321517801,1.1891094205190953,8.00931727997658,6.2328403344698975,-0.29828559387773385,-0.5530298730791269,5.372079699092093,3.2829443901107096,0.7252028108550418,-0.6450348248816343,1.0777459478923543,8.673250229995096,-0.3516464808091199,0.24256295820931034,3.764982676033914,6.762508801236997,-0.2459922375052101,-0.02578318599741237,9.33492141199253,9.074248010915754,-0.2595849049893746,-0.05346828624092355,7.102779720103545,1.6722095656785416,-0.5923813694576822,-0.1612950311792414,0.16445769491277404,9.098997342428182,0.05699307313015203,0.14025545251463167,4.079711466676983,2.597688329676907,-0.25413785192916677,-0.44259615199512925,8.550193676004028,5.711188940439623,-0.26928352860168914,-0.502817056633634,2.224961518775103,5.9551470078550315,0.7296615716539391,0.2288439912145507,6.614206323401095,4.8848591714667355,0.04338936591837725,-0.34696668283856086,3.2684741540133877,3.264317688205658,0.09582787762869976,-0.1795129434206208,8.553904217701946,2.7180975217783896,-0.5002068466463707,-0.2829321002735972
125,4.762281301591912,2.4728931439958766,-0.1383109845830029,-0.43486808953953915,0.6214008731282721,9.791494688356405,0.805201001897774,0.3119979995653071,6.064420048798819,8.21627662298377,1.3866699900217654,0.41130782645827346,9.065421908464485,4.342223928243603,0.9919862001913159,-0.5766993978603634,6.551693081880052,3.623473620780762,0.637086586978428,-0.6691485444475912,4.3721536392911045,1.7549680077512562,-0.323569333504399,-0.5300857447086429,2.057773176788554,8.5115734170655,-0.00965776455596242,1.1605064627935704,7.994403000282693,6.205188840815941,-0.292344166751207,-0.5540212468676923,5.408339839634845,3.250692648866628,0.7367237777425159,-0.6344279734528872,1.0601636238518983,8.685378377905561,-0.31433296586122866,0.20058436652878361,3.7526830641586537,6.761219641937126,-0.22501010614324873,-0.031410498508618045,9.321942166743062,9.071574596603709,-0.29704522617734763,-0.07814238890491738,7.07316065163066,1.6641448141195796,-0.5868885984133086,-0.1439639897835772,0.16730734856928164,9.106010115053914,0.0798269449715827,0.10318863821123353,4.067004574080524,2.5755585220771504,-0.2621533340568332,-0.41770398573822465,8.536729499573944,5.686048087607941,-0.2615810364242027,-0.5190257023350423,2.2614445973577997,5.966589207415759,0.7046324428640374,0.22034825881770967,6.616375791697013,4.867510837324808,0.06488713110182603,-0.33073012130177193,3.2732655478948227,3.255342041034627,0.13439798067797804,-0.1517147974111756,8.528893875369628,2.7039509167647098,-0.5408578402319573,-0.27831026633821726
126,4.755365752362762,2.4511497395188995,-0.12245816519985851,-0.3897485297746771,0.6616609232231607,9.807094588334671,0.8288098980340579,0.2863260466024317,6.133753548299907,8.236842014306683,1.374572778839648,0.39917539116626793,9.11502121847405,4.3133889583505844,0.9692822292225926,-0.5542195329054149,6.583547411228974,3.5900161935583825,0.6450527045392915,-0.6315752515961431,4.355975172615884,1.728463720515824,-0.3362428187834822,-0.5007974646984195,2.057290288560756,8.56959874020518,-0.010685440646560527,1.129062968235236,7.979785791945133,6.177487778472557,-0.28734346706718317,-0.5523006047554968,5.445176028521971,3.2189712501939836,0.7459928722096789,-0.6221283158398482,1.0444469755588368,8.695407596232,-0.27523376728144044,0.15947501620510654,3.7414325588514914,6.759649117011695,-0.20486887412954635,-0.03617542754988449,9.307089905434195,9.067667477158462,-0.3327986431924233,-0.10173353328787103,7.043816221709995,1.6569466146304008,-0.5796355006705127,-0.12463771419649528,0.17129869581786078,9.111169546964476,0.10362369408657293,0.06465031933878174,4.053896907377682,2.554673322790239,-0.2664450163746862,-0.39245146470016923,8.523650447752734,5.660096802491188,-0.2532752707357834,-0.532420655645532,2.2966762195010015,5.977606620356645,0.6789612230382928,0.21200425302437662,6.619620148252105,4.850974331259719,0.08649597103092989,-0.313672368692519,3.2799854469287215,3.247756301164068,0.17660857151736403,-0.1319702015258988,8.501850983358029,2.690035403447799,-0.579325062684121,-0.27228683774911167
127,4.749242844102769,2.4316623130301656,-0.11381446799765285,-0.34036031184865173,0.7031014181248636,9.821410890664792,0.849439919427357,0.26088715674132484,6.202482187241889,8.256800783864996,1.3587884183712604,0.3857712900329214,9.16348532993518,4.285677981705314,0.9446801930444805,-0.5308288404329571,6.615800046455939,3.5584374309785756,0.6523691910767481,-0.594488541262319,4.33916303167671,1.703423847280903,-0.3496876850235068,-0.4688699387012576,2.056756016528428,8.626051888616942,-0.01007725906565938,1.0957335171510991,7.965418618591774,6.149872748234782,-0.28445374932438244,-0.5480445406832455,5.482475672132455,3.1878648344019913,0.754059936196934,-0.6107124848402353,1.0306852871947647,8.703381347042255,-0.23555172766294832,0.11876875719288424,3.731189115145014,6.757840345634201,-0.18538771140266724,-0.04090457555036323,9.290449973274573,9.062580800494068,-0.36654001899637073,-0.12406905516468301,7.01483444667647,1.6507147289205761,-0.5694072065363727,-0.1042363764536898,0.17647988052218944,9.114402062931415,0.12754888674070577,0.02614784371946563,4.040574656558948,2.535050749555231,-0.2661321474964409,-0.3661023761505553,8.510986684215945,5.6334757697089115,-0.24644764361338117,-0.5424840557650751,2.3306242806529163,5.9882068330078635,0.6525804099164971,0.2047421788220775,6.623944946803651,4.835290712825093,0.10759306634161792,-0.295987438129546,3.2888158755045898,3.2411577910877734,0.22494840036620284,-0.12327914917847715,8.472884730223823,2.6764210615603434,-0.6144336289683007,-0.2634749459251046
128,4.743552120702886,2.414644297437733,-0.10982955961058792,-0.28789101062489686,0.7455734140962315,9.834455248501857,0.8649761874827959,0.2342720884248652,6.2704216081604525,8.276089348366643,1.346142015952647,0.37128653284793905,9.210719339587403,4.2591365396836665,0.9187755286472408,-0.506194801030949,6.648418506009776,3.5287130039154597,0.6574755310529395,-0.5553881863524222,4.321678647425535,1.67998035034584,-0.36339796925660006,-0.434744676202402,2.0562521535751452,8.680838564474497,-0.008200437324197627,1.0600143430044469,7.951195931125555,6.122470521200619,-0.28167663891166556,-0.5431533280261515,5.520178668942301,3.1573292101599795,0.7627170444442142,-0.5993545783794733,1.0189077008116172,8.709319784901899,-0.17857244695272798,0.07425153216579988,3.7219197295748807,6.7557951168566825,-0.16662322896410295,-0.04549484212081211,9.272122972324754,9.056377347735834,-0.39773554929174276,-0.14497238471590296,6.986364086349651,1.6455029100978917,-0.5554733512411913,-0.0832159073842089,0.18285732485922473,9.115709455117388,0.15209675719787819,-0.010563104032533271,4.0272680491841255,2.516745630747703,-0.26475614931235597,-0.33854272322601764,8.498664302035277,5.606351566920658,-0.24473010187403657,-0.5545185159222311,2.3632533011487413,5.998443941948968,0.6277322244368562,0.20027369199148534,6.629324600120732,4.820491340918616,0.12688667411301455,-0.27825996177113227,3.3000632955229,3.2349938336288493,0.27768086801757,-0.12056536106398903,8.442163048775408,2.6632473142640882,-0.6442584103861474,-0.2488110410197854
129,4.738060642722357,2.4002497469064883,-0.10918509370217976,-0.23347431240750488,0.7888222234703712,9.846168852923102,0.8756516550335505,0.20714875640124458,6.3377287089580845,8.29465367500904,1.335078450638831,0.35704919901376775,9.256658116019764,4.233826799632119,0.891563475109872,-0.4800000885113034,6.681292282562422,3.5009435945978384,0.6572948287689611,-0.5088822344710134,4.303508748962705,1.6582431165357199,-0.37736844564553135,-0.39919108673916803,2.0558421317089355,8.73383928162472,-0.004573782654555178,1.0225047764589603,7.937112099179972,6.095312854799312,-0.27644113529771674,-0.5370914503433464,5.558314521164512,3.1273614812410058,0.7545874075008738,-0.5735604239738794,1.0099790784639808,8.713032361510189,-0.122881973634628,0.029807617871557023,3.7135885681266756,6.753520374750642,-0.14843302833725283,-0.05011804025749939,9.252236194860167,9.049128728500039,-0.42648087867177814,-0.16477160974823252,6.958590418787591,1.6413421147286813,-0.5380026487122378,-0.06189245151405738,0.19046216271911864,9.115181299915761,0.1779797940497611,-0.04916686284448396,4.014030241718507,2.4998184945864024,-0.2634534022564678,-0.3101187522882888,8.486427796941575,5.578625641124546,-0.25094798875407676,-0.5668511512951082,2.394639912370584,6.008457626548542,0.6024661493025788,0.19607161855152963,6.635668933826383,4.8065783428300595,0.14380401159022174,-0.2609832038155811,3.3139473389237786,3.22896556557565,0.3317559600948253,-0.12017621079000287,8.4099501282561,2.650806762213099,-0.6677767387548111,-0.22966868301473856
130,4.732601388037248,2.388576031286113,-0.11267686082552132,-0.17776633916569884,0.8326048062220488,9.856526290743163,0.8815569237473824,0.1799590009614863,6.404482631490026,8.312506134959728,1.3007503118105532,0.3426066955614667,9.301236289775257,4.2098267952065545,0.8613646685855952,-0.4546413341148648,6.714157024000871,3.475499482874288,0.6572445801907703,-0.4554533938338064,4.284640326680429,1.6382835621987615,-0.3898969813692176,-0.3585435919462298,2.055613442576208,8.784964520447668,0.002023424832074309,0.9850464401056583,7.923290042415086,6.068458282282145,-0.2737466011598717,-0.5307179949679134,5.596043891539556,3.0986834600423117,0.7506108568025935,-0.5551618857420297,1.0038349797822494,8.714522742403767,-0.06914753998365752,-0.013947505147661424,3.706166916709813,6.751014472737767,-0.13662796336103747,-0.047967325301275426,9.230912150926578,9.040890148012627,-0.45391023286260457,-0.18302335366092937,6.931690286351979,1.6382474921529784,-0.5174347711215815,-0.04021227525597022,0.1993611524216067,9.112722956773537,0.2085093109851096,-0.08692727553750765,4.0008575716056844,2.4843125569719877,-0.2650140980983762,-0.28219475107140035,8.473880397503871,5.5502830835597905,-0.2644138924534748,-0.5773893456236547,2.424763219835713,6.018261207476118,0.5769722562752732,0.1918940027599704,6.642859134405894,4.79352918263928,0.15979107553456148,-0.24493580357945133,3.33053513692852,3.22295675503615,0.38676323901404525,-0.12169605128007584,8.376561291318358,2.6393233280623623,-0.6898473433175706,-0.2091514500006318
131,4.726967544995972,2.379687714327828,-0.11930737687776742,-0.12091246066762144,0.8766826524094179,9.865524240791238,0.8843651544901945,0.1530200290843882,6.469520147080554,8.329636469737801,1.2691664304323793,0.3375328039813619,9.344304523204537,4.187094728500811,0.8282015681045619,-0.4308976778372082,6.747019253010409,3.4527268131825974,0.657472641345255,-0.4042548219134115,4.265145477611968,1.62035638260145,-0.40203533614750736,-0.31706557199345575,2.0557146138178117,8.83421684245295,0.010388002423493529,0.9454672304203328,7.909602712357093,6.041922382533749,-0.27538831759542337,-0.5226142733790634,5.633574434379685,3.07092536575521,0.7525068960128535,-0.5422295196092936,1.0003776027830666,8.713825367146384,-0.017572558771041552,-0.05710580089827941,3.699335518541761,6.748616106472703,-0.12437043654609987,-0.04567777324597615,9.208216639283448,9.03173898032958,-0.4820826662389168,-0.2048538036593081,6.9058185477959,1.63623687839018,-0.49517373120888086,-0.017927093972019414,0.20978661797086218,9.108376592996661,0.24307419350197057,-0.12224961984063876,3.987606866700766,2.4702028194184176,-0.26980965424130243,-0.2521508749002883,8.460659702881197,5.521413616278608,-0.2778730429466198,-0.5834550871775573,2.453611832649477,6.027855907614116,0.5511859398804673,0.18738768374375223,6.650848688182622,4.781282392460308,0.17558677876684983,-0.22933975504553486,3.3498732988792224,3.2168719524721463,0.4425557316421428,-0.12115308821673147,8.34206892415248,2.6288657555623307,-0.7140467799225473,-0.18790336569391486
132,4.7210021761520835,2.373642091294447,-0.12439752301703152,-0.06440395532323057,0.9209009101339276,9.873175242245457,0.8845962279144146,0.12657875003070013,6.532978468602173,8.34651310993687,1.2374238338060977,0.3334017666119914,9.385714601609765,4.16554984460895,0.7927374779956905,-0.40949174552996487,6.779892885077672,3.432514072086927,0.662049941670291,-0.35816137887733207,4.245043710804593,1.6045031040017772,-0.4145664289104544,-0.27560725137577996,2.0562340139389863,8.881490203973966,0.019924881188122894,0.9034464773943242,7.8958332964773215,6.015791668864796,-0.28271298189014304,-0.5130781135954616,5.671199779180328,3.0438138897747455,0.7554123903600681,-0.5330178393162104,0.9994989748445146,8.71097007710147,0.03233269964608797,-0.10008559563895629,3.693116996714456,6.746332217810404,-0.11171717214275667,-0.04324734412263411,9.184112505971502,9.021496290146615,-0.5081471426097283,-0.22565772607408777,6.881059861235456,1.635340523691579,-0.4710221690545878,0.00503551198119714,0.2219403276459607,9.10226411200463,0.28094564666797855,-0.15594328510667574,3.974116383988701,2.457595275673403,-0.2793490095789222,-0.2189562972063491,8.446766050733865,5.49224086191973,-0.29152408314303857,-0.5882920268253511,2.4811711296435,6.037225291801303,0.5252386849843034,0.18257162658325551,6.659628027120965,4.769815404708031,0.18987844819519836,-0.21762136192834544,3.3720010854613296,3.21081429806131,0.49645941864241744,-0.11847601060296051,8.306366585156352,2.619470587277635,-0.7396602786102914,-0.16621753444515464
133,4.714782300001232,2.3704218935282855,-0.12857124178240953,-0.008590523583423437,0.9651307215296483,9.879504179746993,0.8824920599016763,0.10077395917624608,6.5948496602924775,8.36318319826747,1.2003964807577732,0.3276059517700057,9.425351475509549,4.145075257332452,0.7553244411724178,-0.38756384342749445,6.812995382161186,3.4146060031430605,0.6700784503930731,-0.3158456603457235,4.22431538935907,1.5907227414329883,-0.4261452197539412,-0.232021035998926,2.0572302579983925,8.926662527843682,0.030755669502465395,0.8605493423750218,7.881697647382814,5.990137763185023,-0.29106372971385824,-0.4985170475640056,5.708970398698331,3.017162997808935,0.7573927658586014,-0.5255527688301417,1.001115609826819,8.705965797319521,0.08073102747354158,-0.14276416638633177,3.6875311381073184,6.744169850604273,-0.09876320379663775,-0.040685622358129205,9.158705148841015,9.010213403842911,-0.5384132994023689,-0.245525833214152,6.857508752782726,1.6355922992906389,-0.4451110584150157,0.02785695029372766,0.23598760997935964,9.094466947749297,0.31979008009483556,-0.19049039947892915,3.9601489335097546,2.446647460813086,-0.29082834113190453,-0.18252356307453604,8.432189846576714,5.4628262605784625,-0.30355969888524514,-0.5918451032863086,2.5074330638927154,6.0463538731304665,0.49912179526910866,0.17746779447249292,6.669121949530725,4.758934336611614,0.2037228846022876,-0.20790197001612354,3.3968240563934504,3.204890497531162,0.5455760807870784,-0.11252834883059017,8.269383571225838,2.6111597105553774,-0.7649298614779138,-0.14677286615215537
134,4.708353737912112,2.369992367349114,-0.1308982611311501,0.0454354244642145,1.0092553245247322,9.884542877705805,0.8762768731120445,0.07674953819960728,6.654869484330367,8.379563495855969,1.1575224306173924,0.3195453474361281,9.46311769756817,4.125697065161077,0.7158177315967648,-0.3648009011133465,6.84649930468084,3.398813720125774,0.6833928480261489,-0.28240256704585776,4.203008128371373,1.579121689633042,-0.4313168119150006,-0.18756665214882834,2.058768041473516,8.969689994962433,0.043505043415276674,0.817694315057021,7.867144460897121,5.965211910806822,-0.2980557792291056,-0.47881888369700887,5.746840036991261,2.990885359367428,0.7580305955348718,-0.5172186566627833,1.005152161200496,8.698827589000205,0.12762747918519624,-0.18451060989638732,3.6825929779174866,6.742135569486366,-0.08531308638740848,-0.03812356829772967,9.131784483870897,8.997937112182203,-0.5675348890630134,-0.2646058432706477,6.835253199861976,1.6369851468053254,-0.4179910940538249,0.05005306584710672,0.2519771139841014,9.08494242777535,0.3583246587758277,-0.22673240768815767,3.945607516453159,2.4375212826593593,-0.2842312319929389,-0.17824343362695666,8.417011861632451,5.433234005414147,-0.31254744899825554,-0.5920263737352652,2.5323891536561707,6.055227262854091,0.47278671083078466,0.17216052798382162,6.679308093760839,4.748539238110808,0.21621747846100647,-0.19942427920019795,3.4241028604328045,3.199264080089632,0.5900011659740367,-0.1047054470750188,8.231137078151942,2.6038210672477695,-0.7914127088108681,-0.13287056406580208
135,4.701808824855554,2.3722641385723247,-0.12809138788412272,0.09428752841280764,1.0530691681803344,9.888380354615785,0.8659327850344993,0.05420049013346806,6.712745605861236,8.395540763227775,1.1099619533606175,0.3095073180336337,9.498908584148008,4.10745702010541,0.6749837577121822,-0.34197385400374264,6.880668947082148,3.3846935917734813,0.6941854401940032,-0.2527854064871572,4.1814422877756225,1.5697433570256005,-0.4261902432399594,-0.14621935710297568,2.0609432936442795,9.010574710715284,0.05809781166717258,0.7754933444073017,7.852241671935666,5.941270966621971,-0.3000573542371403,-0.4545763842262981,5.784741566768005,2.965024426534289,0.7575874547450054,-0.5081079429126594,1.0115335351597559,8.689602058505386,0.17270134602937348,-0.22446546891471314,3.678327323598116,6.7402293910714794,-0.07143125253607105,-0.03554707650224942,9.103407739417746,8.98470682001867,-0.5932198686210044,-0.2824058569916369,6.814353645159285,1.6394878000976807,-0.39041949039800977,0.06571141762609078,0.2698933469228928,9.07360580739094,0.39543103864242773,-0.26364197301770936,3.9313959548535125,2.4286091109780115,-0.29194850612232964,-0.15320091465360614,8.401384489182538,5.403632686727383,-0.31746725847379664,-0.586526367059545,2.55602848919771,6.063835289253282,0.4462307375393876,0.16658695911816476,6.6901189676838895,4.738568024150798,0.22739148522112687,-0.19138941289699246,3.4536029187315065,3.194028807735881,0.631413459885017,-0.09419205125893108,8.191566442711398,2.5971775390444796,-0.8208863503256463,-0.12789563519500494
136,4.695404255461348,2.376978514992965,-0.12261416843662917,0.13799347163962192,1.0963658074320592,9.891090379122458,0.8521893203857758,0.031636254803840066,6.768243703529267,8.411016129129456,1.0600781704970006,0.2976041892606597,9.532657772033618,4.090358327405223,0.6323304354923336,-0.31916500121195646,6.915378219091848,3.372054321449123,0.703047344040267,-0.22550530828731283,4.160132775613625,1.5624323891704517,-0.41481237220342987,-0.10657929703579885,2.063848184227638,9.049349377935648,0.07343814733430591,0.7353407887031849,7.837238804223809,5.9185421474106565,-0.29577674348205435,-0.4276621691384075,5.8226209395052555,2.939619029388656,0.7539676866470088,-0.496490639273009,1.0201686024612244,8.67837878505965,0.21598482643518097,-0.2626146588637488,3.674755760971313,6.7384520372463665,-0.05719855147291492,-0.03294740595053214,9.073746745986695,8.97058652716909,-0.6163503257242569,-0.29761788919054283,6.7948326706393845,1.6427733709789851,-0.3638417941938243,0.08017601503009393,0.2896648988550142,9.060423708740055,0.4297377317195151,-0.3003168778410126,3.916798529547396,2.420949065245331,-0.30165414202759544,-0.12948488214857073,8.385511126258848,5.374306368374406,-0.32011117932753064,-0.5765206195326609,2.578340026074679,6.07216463720919,0.4209605318032273,0.1601534334366691,6.701488541944946,4.728998553505948,0.23734514648411592,-0.18339923070585895,3.4851735917257574,3.1893192051729344,0.6705527247070232,-0.0676384383114671,8.150522125195115,2.5907827572847295,-0.8470840013542794,-0.12613173352174759
137,4.689273547039517,2.383878188574946,-0.1159027778221196,0.17540652634428805,1.138975273451348,9.89267219186265,0.8348921254876472,0.007894133345786477,6.821247612054117,8.425896338592489,1.009223123986304,0.28395105545109317,9.564274293808234,4.074400077344626,0.5877708405035107,-0.297306109367207,6.950530586293862,3.3607790560347577,0.709351725828044,-0.19755426146285757,4.139392157003454,1.5571034243186617,-0.3991197671252095,-0.06769422218190176,2.0675200915943535,9.086116417370807,0.08391467097207753,0.6909482446720416,7.822449967049706,5.8971590389537365,-0.28595311720222344,-0.3995227388539074,5.860319323837606,2.9147944974250053,0.7437802395759333,-0.4751800773776385,1.0309678437829835,8.665248052116462,0.25748403285894045,-0.2990329239680426,3.671895833397667,6.7368046669488395,-0.04267209189821552,-0.030278082901046454,9.042929229700482,8.955705632709563,-0.6355824006406197,-0.3071141764470221,6.776640580929693,1.6467821717304898,-0.33913709795578334,0.0930663449871023,0.3111517854409899,9.045407864848004,0.46020885398437716,-0.3345425831070114,3.9017158224460164,2.414474821137903,-0.31181281495640556,-0.11145053723699541,8.369505567292471,5.345480337397773,-0.3214610937740038,-0.5631617747159762,2.5993880526648407,6.080172308881024,0.39169587907419284,0.1531317380612266,6.713355799269152,4.719828591970655,0.2463871964285167,-0.17434236602699923,3.5187012279611087,3.185937283257361,0.7092356742500224,-0.0419842326315736,8.1081679251274,2.5844761706086423,-0.8634208447256707,-0.12578338337216824
138,4.683478408148411,2.3926485148921603,-0.11049848912785709,0.20609640957640474,1.1807198797257303,9.89306689852994,0.8144192562106468,-0.015811401291187858,6.871708768253432,8.440093891365043,0.9570780064650181,0.26955809686964555,9.59366283583341,4.059534771876265,0.5396884470956891,-0.2780448579772267,6.985998172585264,3.350901342961615,0.7130966972076817,-0.1658167133499883,4.119436168647193,1.5537187132095667,-0.38175993370588657,-0.028436779230699358,2.0717158251429573,9.120663829604409,0.09423786166116443,0.647716149430495,7.808152311189595,5.877182902011041,-0.27447923351377357,-0.3704999707140682,5.897508335816402,2.8910354935561235,0.7245722404657114,-0.44411958736546964,1.0438420454259305,8.650296405918061,0.2970696798459018,-0.3339245800091879,3.6697622288027563,6.735290762803787,-0.028169588920367465,-0.027376565487489877,9.011150109668451,8.940349923887212,-0.6522051063982376,-0.3155374906905772,6.759683726031904,1.6514354889798448,-0.3161708784709773,0.10406063480252817,0.3341622281402088,9.028680735692653,0.48599804928352575,-0.3653388844719101,3.8861251816981963,2.408902294276053,-0.3165521102751283,-0.09525613108522386,8.35343251260377,5.3173222486619744,-0.3206439219172428,-0.5475526563735765,2.6189728466185502,6.087828895784085,0.36236238894090733,0.1461371426825893,6.725675159090578,4.711111473669305,0.2577263766000064,-0.16001448826706577,3.55416301167361,3.1838380716257824,0.7469035656331935,-0.017822971311459466,8.064996882891117,2.578187001440034,-0.8688565867909812,-0.1235076476735279
139,4.6779534836920185,2.4029533353709804,-0.10743745124469459,0.2311263251476175,1.2214408425362626,9.89227632846538,0.790121525585971,-0.038265807612236594,6.919562668576683,8.453571796208525,0.9042101707049015,0.25398501847570937,9.620647258188194,4.0456325289774036,0.4882635980623334,-0.26109877765019274,7.021653007445648,3.3426105072941157,0.7143705181294603,-0.13239669598834736,4.100348171961899,1.5522968742480316,-0.36409069257553456,0.010681075602903552,2.0764277182260154,9.153049637075933,0.10473541977807728,0.6070693251898105,7.794428349513906,5.858657903475338,-0.26149510968774664,-0.33830993394038655,5.933736947839688,2.86882951418785,0.695364390963148,-0.41228629631169766,1.0586955294182256,8.633600176917602,0.3347403875485385,-0.3673826757981436,3.6683537493567377,6.733921934529413,-0.013912019309294924,-0.02419412858913916,8.97853985434854,8.924573049352682,-0.6660276261774429,-0.3229927092739226,6.743875182108355,1.6566385207199712,-0.2947997254739604,0.112849258463331,0.3584621306043851,9.010413791469057,0.5066851465945457,-0.39283289480115663,3.87029757618444,2.404139487721792,-0.312744311129549,-0.07918245116121263,8.337400316507908,5.289944615843296,-0.3185454737152288,-0.5299158580513758,2.6370909660655957,6.095135752918215,0.33302323040590365,0.13918857550076366,6.7385614779205785,4.703110749255952,0.2689852931568416,-0.1410797719827907,3.59150818995527,3.1829469230602094,0.7847745330213466,0.004265800747027475,8.021554053551569,2.5720116190563576,-0.8693198471286916,-0.11945950471882075
140,4.672581611129783,2.4145096516283613,-0.10538367672393978,0.2517720642857439,1.260946918815561,9.890363038084768,0.7627904654148437,-0.059380355162914844,6.964773177111928,8.466271047132311,0.8506593014784458,0.2369648361641745,9.645060438091312,4.032577590094894,0.4343496769445508,-0.24568240284760332,7.057371533352121,3.3359906724946984,0.7126931685471458,-0.10029381610648852,4.082143637333123,1.552830928028177,-0.3461082797008359,0.04871126487864513,2.081664489214919,9.183403103335424,0.11622893425628392,0.5696173903753574,7.781353594029518,5.841742406778319,-0.24632217813581336,-0.3029756687083004,5.968505167387845,2.848215199372265,0.6618062547384013,-0.38608873170979946,1.0754325487956526,8.615231043127695,0.3752381316319431,-0.40538275876780916,3.667658148391273,6.732712228099955,4.284662316967648e-05,-0.02074142336975115,8.945238473039668,8.908423413888986,-0.6766919908729919,-0.32970388829194325,6.729135195834657,1.6622809836431378,-0.2735925850878558,0.11974883062715128,0.38379638793411236,8.990772146728998,0.5214790611510489,-0.41546015608217013,3.8546603606279626,2.4001803651637315,-0.3002203485722332,-0.06216888794548005,8.321473042822147,5.263448822940727,-0.3153213858361671,-0.5103246726008218,2.653742127585891,6.102095181693253,0.3030419510327347,0.13239480009130358,6.75201074257842,4.696056760656813,0.2787112110326084,-0.12014652239000964,3.6307469166063373,3.183160213097561,0.8213845015643992,0.022148132952799875,7.978088061195134,2.5660386438204164,-0.8656476902732276,-0.11741652292285412
141,4.667312427293586,2.4270982548426483,-0.10382639697323501,0.26706545980500046,1.2990864420863033,9.887394020326623,0.7333906710747101,-0.07911302117853984,7.0073061421858505,8.47811928894052,0.797260143954337,0.21918915156906646,9.66677792193854,4.020293469952514,0.37877534923726014,-0.23149462133486604,7.093006191779478,3.330975981689374,0.7084266840928717,-0.07054243780868273,4.06483822334808,1.5552664912721093,-0.3279772396641576,0.08524833694113751,2.0874759359277335,9.211883972854192,0.1282938143889591,0.5357636866380985,7.769037485122728,5.826593623342903,-0.2300576411589991,-0.2648017368712185,6.001595480124766,2.828910762786775,0.6205076596675624,-0.36015804690488307,1.0941944553772498,8.594961905189304,0.4139702103033985,-0.44131400326034,3.6676602907224316,6.731675156931468,0.013619337800251739,-0.017008171008334336,8.911403873496019,8.891938219474389,-0.6837947262135872,-0.3361429184623839,6.715455566580265,1.6682684251744955,-0.250992105663856,0.12435693314249113,0.4098703409916648,8.96999913892489,0.5351337476616118,-0.4353978486647774,3.839649343199351,2.3970719207664573,-0.2804884529466419,-0.04426458099729508,8.305706973530338,5.237932589310685,-0.31098842953698136,-0.4888314776035112,2.6688942251375276,6.108714921697818,0.2732193273030289,0.1256516424363029,6.76594630313005,4.690049434537312,0.2863114141890796,-0.10080071436083483,3.671816141684557,3.184267619745201,0.8568442613958278,0.03696234587108143,7.9348056766814725,2.5601678176742735,-0.8592930677303695,-0.11952246547762602
142,4.662121107444924,2.440451527832898,-0.09993224857876956,0.2775801803343183,1.3357559756400388,9.883438369267695,0.7025764763954498,-0.09820781467705593,7.047169149383567,8.489078746518974,0.7438206877298954,0.20100443307941954,9.685716689400403,4.00871873888577,0.32229991851025513,-0.21817731797535753,7.128427525984122,3.3274488597989396,0.7025503072404785,-0.04086098469989519,4.048439361364872,1.5595289081191661,-0.31030197250421876,0.12031691446913739,2.0938906266471813,9.238672157186096,0.13996441724702566,0.5063069877435977,7.757534603064777,5.813353536499343,-0.21497989226430764,-0.22579378704211694,6.032620863108144,2.810902860441531,0.5977683967886676,-0.34653399271138635,1.1148929658924198,8.572896205026288,0.4506869397059406,-0.4760825965716498,3.668341257612444,6.7308247483810515,0.025740630748974577,-0.012963791341886695,8.877214137185339,8.87513107355127,-0.6870283217785486,-0.34222999289118067,6.7029059612970725,1.67448627183162,-0.22721862322195382,0.12648158112490968,0.4366270283747454,8.948229246491652,0.5500953062420104,-0.4525106729855705,3.8256249205520185,2.3948586917165926,-0.2571249789352207,-0.026725155803031617,8.290157552053488,5.21349101543051,-0.3055911682303379,-0.46548445000369965,2.682555191502679,6.114997503819633,0.24386241552457888,0.11915342559865831,6.780261873839504,4.68500939881927,0.29346273029539904,-0.08219579951679873,3.7146583547543486,3.1861157370387554,0.8911591858743587,0.05059775474940785,7.891841023294954,2.554191694400392,-0.8496292146810912,-0.122359233247976
143,4.657124495015985,2.454330536849614,-0.09388305550943077,0.28270143749045196,1.3708847994598112,9.878527978533842,0.6715203673246719,-0.11652495829611645,7.084360183770062,8.499128968172945,0.6898109104223851,0.1804837042528967,9.701831685325915,3.9978098729870024,0.2652639835851758,-0.20494857072670794,7.163555041346147,3.325405810563945,0.6955457541608734,-0.012152592318227101,4.0329242627396615,1.565544753842623,-0.29296960192497606,0.15278195515288373,2.1008888475095326,9.263987506573276,0.15099684360429494,0.47920277689002105,7.746785608451562,5.802063847147237,-0.20204063732475153,-0.18599907080314143,6.062509282947577,2.7935761608059617,0.5731614670692194,-0.3316337538994166,1.1374273128777168,8.549092075197706,0.4864664814368213,-0.508224574120249,3.669628289149893,6.730176558813957,0.03640575391362835,-0.008912786619172271,8.842862721096411,8.858019573906711,-0.6883733367232211,-0.3481103856065156,6.691545030135975,1.6808103508878656,-0.20135597711904854,0.12682611620469436,0.4641317936868459,8.925603712842372,0.5659513323550437,-0.46542091238405,3.8127686716052573,2.393522433926441,-0.23407441887805744,-0.008647073003120117,8.27487799364197,5.1902167929303245,-0.2986539087946842,-0.4405077211471361,2.6947483122789078,6.120955175099565,0.21498817321882327,0.11281322216442942,6.7949350103542745,4.68089960884343,0.3003332086870464,-0.06283432738697695,3.7592163140480666,3.1886456247762256,0.9277829618333736,0.06243935066734799,7.849359562560899,2.5480737327379934,-0.8387612449893378,-0.12429173299197405
144,4.652430342240514,2.468465608724137,-0.08651355958114326,0.28350539807083075,1.404460817826045,9.872701730619037,0.6410826177004196,-0.13414469627886638,7.1188507292911805,8.50815315338559,0.635574844080985,0.15886386130636732,9.715094884505174,3.987562444450667,0.20819189844304015,-0.1912969940884862,7.198332329054191,3.3247981809480334,0.6875271263980789,0.015867130977938366,4.018275782643412,1.5731838516002672,-0.2766736696916425,0.1828042842449095,2.1084386896897476,9.287947645417777,0.16500131252214162,0.4547317055275256,7.736683576585325,5.79276389360708,-0.1928950854048144,-0.1547987810768841,6.091167356301038,2.776994473110991,0.5452366582093943,-0.3164549185074183,1.1617506369495578,8.523680846491693,0.5180470279351199,-0.5360088143660681,3.6714485768455742,6.729730919482998,0.045649827841030846,-0.004909268916950401,8.80844405426025,8.840614054626386,-0.6883308367488511,-0.35367076768957395,6.681477231280023,1.6871516566981002,-0.17054212516649575,0.1254497433495377,0.49242936030459805,8.90233266722317,0.5811025856976721,-0.47825894820596465,3.8010649506613543,2.393090080276285,-0.21454451743314548,0.009594591764145205,8.259945298202236,5.1681914068729675,-0.2897911064084003,-0.41404710038621845,2.705497720939849,6.126595836207787,0.1866852354727753,0.10658770365468383,6.809951670788627,4.677757892474081,0.30695899883601985,-0.04312020586645769,3.8056054621397353,3.191767592309593,0.9607520879386822,0.07304988417302616,7.807421500311432,2.541859146088395,-0.8263462233313941,-0.1248603786722973
145,4.6481046642614565,2.4826408786276786,-0.08416746302078426,0.2807798082366771,1.436514948711066,9.865994495805094,0.6114251673820832,-0.1512296613886915,7.15062947149523,8.516096346450908,0.5812779750414494,0.1360645780402998,9.725504479427325,3.9779975947462427,0.151466658689317,-0.17654517829258776,7.232708685374095,3.3255915374969303,0.6774254638218803,0.04245383940441389,4.0044420991588305,1.5823240658125126,-0.26178535478886006,0.21018417254103683,2.1166887553158547,9.310684230694154,0.1826176709215328,0.42856572840712615,7.727038822315084,5.785023954553235,-0.18791950013786665,-0.1334590233363865,6.118429189211508,2.76117172718562,0.5129836491285075,-0.3013137055672022,1.1876529883463138,8.496880405773389,0.5480408034220661,-0.5625921461894171,3.673731068237626,6.729485456037151,0.0537394119531982,-0.001100776122317489,8.774027512422807,8.822930516241907,-0.6856354256776698,-0.3579980570771577,6.672950125021698,1.693424143865577,-0.14615090912683815,0.12539367077473038,0.5214844895894817,8.878419719812872,0.5952013521437858,-0.49195460843946226,3.790337724789697,2.393569809864492,-0.2009772888178615,0.03266220918052704,8.245455742881816,5.147489051853657,-0.279025974100394,-0.3867047093721193,2.7148319827134877,6.131925221390521,0.1586366903506287,0.10038403210989356,6.825299620730428,4.675601882180758,0.29854278872106393,-0.026375948356749286,3.8536430665366694,3.195420086518244,0.9880182684539714,0.08217834818636424,7.766104189144862,2.53561612715478,-0.8120631488928222,-0.12427884469826073
146,4.643896291110417,2.4966798690395122,-0.08667916587124527,0.27442583240421475,1.4670862070801702,9.85843301273566,0.5819726884964326,-0.1675521996453367,7.1796933702473025,8.522899575352923,0.5270921673365239,0.11236249153202574,9.733077812361792,3.9691703358316133,0.09526900348835873,-0.16080870866616107,7.266579958565189,3.327714229467151,0.6669217947387619,0.06808051965935011,3.9913528314193876,1.5928332744395644,-0.2482608969765508,0.2346450455488112,2.1258196388619313,9.33211251711451,0.19232227417632788,0.3838139471819217,7.71764284730819,5.778351003386416,-0.18534883786290995,-0.11876571844003184,6.144078371667933,2.74610604190726,0.4775456926761378,-0.28596962970860923,1.215055028517417,8.468750798463919,0.5760689935580219,-0.585187721641268,3.6764180388352856,6.729430417231034,0.06072833222459484,0.0025959669040582817,8.739745741138924,8.80503061338805,-0.6803687611279614,-0.3612848866679551,6.665642579565356,1.6996938274043136,-0.11957600242002815,0.12455204248029225,0.551244557196671,8.853821989390898,0.6083274676447128,-0.5063515873541999,3.7802888603488043,2.3952029203235186,-0.1905870294923572,0.059141021279030155,8.231504444176796,5.12815381638505,-0.2673531137164066,-0.3591285191388887,2.7227638172310193,6.136944422996016,0.13059609052763063,0.09413805281571269,6.840226760166481,4.674283084762921,0.293663110307792,-0.012975714074732532,3.903043979959368,3.1995290039275623,1.0111436129688183,0.08939776483451373,7.725501031700221,2.529402184919867,-0.7962507563599966,-0.12220840751279444
147,4.639562332816855,2.5104011606597227,-0.09875738254318894,0.2640823046103305,1.4961848415049919,9.850055402753393,0.5527603835466721,-0.1828504603937231,7.206047978614128,8.528517699929525,0.47298885245996747,0.08783082310741941,9.73784126253621,3.9611299003983054,0.03977418241673397,-0.14439741611321308,7.299926048302127,3.3311182554501184,0.6565753492975158,0.09217885635597486,3.9789397865705602,1.604565526717005,-0.23477824586208698,0.25626310631646176,2.1354357525707477,9.351303214473607,0.19938684764310569,0.33615956578753536,7.708375405415045,5.772412717464415,-0.18462203931361548,-0.10798822189352496,6.16795565630174,2.7318075604218297,0.4393521985946406,-0.2695993838942858,1.2438584781953181,8.439491412381855,0.6019795409337009,-0.6020224753930228,3.6794544554465154,6.729560215576237,0.06678549853275943,0.00615700952579004,8.705727303082526,8.786966369054653,-0.6712608167586454,-0.36320206652812975,6.6596637794443545,1.7059214295283283,-0.09329008287294716,0.12124082155126564,0.5816609305789067,8.828504410023188,0.6208536147122596,-0.5201061488976646,3.7707595088741863,2.39815997138747,-0.18263536605785174,0.08665510943286928,8.218136788490975,5.110197390428106,-0.2548953808601329,-0.3315300874324602,2.729293621757401,6.1416513256368015,0.10266514536962587,0.08790025053373694,6.854909915681871,4.673634299059184,0.29409021893833,-0.002118248956562747,3.953601160607809,3.203998892169288,1.03393041502227,0.09489331941579825,7.685688493882221,2.5232917645442274,-0.7792668404945754,-0.11880678272892088
148,4.634624463689695,2.5236052758902394,-0.12036209783087434,0.2539320724442786,1.5238228606823254,9.840912879733706,0.5236799717548707,-0.19720617650299893,7.229697421237127,8.532909241084896,0.4187598313875798,0.062197473092732825,9.739829971657047,3.953910029592645,-0.014385429046812781,-0.12808792978365757,7.332754815767003,3.335727198267917,0.6443351227307242,0.1199854006598689,3.967200874277456,1.617378682032828,-0.220621035571655,0.27660471573485396,2.145405094952903,9.368111192762983,0.20530518765553682,0.28785964820883814,7.699144303449364,5.767013306369739,-0.1873289123579871,-0.1005396954216717,6.189923266231472,2.718327591227115,0.399114995354246,-0.25237174612649405,1.2739574552420032,8.409390288612205,0.6317212185755695,-0.6140265356912272,3.6827937303731533,6.729868066052527,0.06517176200758147,0.005712563533901397,8.672164262244593,8.768806265728246,-0.6590002501068242,-0.3640767441079797,6.654999275300707,1.7119834706058916,-0.06798720783098548,0.1168137986918115,0.6127036113145197,8.802499102578304,0.6327973200922226,-0.5322494247844387,3.761627740571294,2.4024927268591134,-0.1736582762355594,0.11442909469955476,8.205392019447968,5.093620886056483,-0.24227783454017138,-0.3042577259155077,2.7344268790258823,6.146046338163488,0.07494735834226686,0.08173744952134013,6.869614426628788,4.673528386611356,0.29629949899707153,0.008051853162883054,4.005297681358923,3.208743558140078,1.0552510128497044,0.09897703665768152,7.646725151857493,2.5173514254077816,-0.7607566493520164,-0.11560054271567911
149,4.628606358798152,2.5363018795124534,-0.14883535286913577,0.24432185686977567,1.5500068592700689,9.831052570908556,0.49463711386951,-0.2104628872707449,7.250635412806505,8.536019114739533,0.36458078880983624,0.035900821729360016,9.739110700204707,3.947505633103462,-0.06690318884677006,-0.1121591785534177,7.364971571903539,3.3417264683009105,0.6311158302688521,0.14653065703613538,3.956169822498873,1.6312089178195708,-0.20746122407492038,0.2948012478650954,2.15567035433568,9.382504175173425,0.21021924006745069,0.24165244672797265,7.689777857831465,5.7619863215986555,-0.19085657637864464,-0.09692931654534323,6.209879015999184,2.7057090039207905,0.35789933418614756,-0.23462483418353522,1.3055435161707818,8.378688961827644,0.659449946035477,-0.6239455465390341,3.6860523184735325,6.730153694229222,0.06385528576682735,0.005422335596389298,8.639214249739252,8.750602428522846,-0.646161621218694,-0.36456930669442134,6.651599914909157,1.7178241605404823,-0.04429855918987602,0.11165811054009431,0.6443434773191308,8.775886631339082,0.6436130507831787,-0.5427807452073266,3.752944826759516,2.408214181594091,-0.16918920527944845,0.14180900385730774,8.19327812772096,5.0784079997607074,-0.22974584323720432,-0.27756113930662096,2.7381742469429957,6.150133210639556,0.04763719555959779,0.07566884433678507,6.884429401578641,4.6739309792695005,0.29835048998091535,0.018495890034077894,4.058060232001408,3.213692409972962,1.0760875241040149,0.10005139296402579,7.608687319389892,2.5115713982719976,-0.7407213541635894,-0.11197183243084997
150,4.621164591154695,2.5485179723559424,-0.13534715256224336,0.24852014466973008,1.5747387149635443,9.820529426545018,0.46721460527213604,-0.22215788556486,7.268864452246997,8.537814155826002,0.3106978799887303,0.009659996076283844,9.735765540762369,3.941897674175791,-0.11774584951228215,-0.09624705403883793,7.396527363416982,3.349053001152717,0.6172189536952895,0.17128991685611983,3.945796761295127,1.6459489802128255,-0.19679527687605258,0.31117102727307344,2.1661813163390526,9.394586797509824,0.21673309045836178,0.19947395895026268,7.6802350290125325,5.757139855771388,-0.19460988942831867,-0.09437061673632843,6.2277739827084915,2.6939777622116137,0.3168439022241343,-0.21691875440247976,1.3385160134725556,8.347491684500692,0.6840768343702281,-0.6300924077793019,3.689245082761874,6.730424811009041,0.06281521638046432,0.005345338811033566,8.606906168678318,8.732373963188126,-0.6334724018035062,-0.3651688856952669,6.649384986949664,1.723407066067487,-0.039681017161448895,0.10379141948718064,0.6765241298582897,8.748747594078717,0.6544792889600013,-0.5516540313055683,3.7444853664955433,2.4153046317869564,-0.16984271246741098,0.168171875981026,8.1817908355591,5.064529942795376,-0.21611017954902148,-0.2513451807113451,2.740556106720976,6.153916652856395,0.02074808594808656,0.06969050442627787,6.899346926077687,4.674855773771204,0.3002073352256806,0.028632594925997984,4.111864608206608,3.218694979621163,1.106831683325664,0.09209147056092865,7.571651251681713,2.505972806650455,-0.7202111977109337,-0.10487407854844183
151,4.614397233526583,2.5609439795894287,-0.1231616937233037,0.25277284107955156,1.598099445227151,9.809421532266775,0.44124967163833173,-0.23269301993995536,7.284399346246434,8.538297155629817,0.2576380099840763,-0.015908504084887115,9.729878248286754,3.9370853214738495,-0.16592809262103153,-0.07957243412573674,7.427388311101746,3.3576174969955233,0.6029502827191275,0.19414900593263884,3.935956997451324,1.6615075315764791,-0.1895368527131879,0.327512504905596,2.1770179708619706,9.404560495457337,0.22476350056931224,0.16232895825408042,7.6705045345411165,5.752421324934572,-0.19716992046982162,-0.09086477248600705,6.243616177819698,2.6831318244914897,0.2696196488080729,-0.1988133324421259,1.3727198551910669,8.315987064111727,0.703331103076073,-0.631170987633522,3.692385843580897,6.730692077949593,0.06211825591634441,0.005527187122364689,8.575232548588142,8.714115518903363,-0.6211582133231289,-0.36603532777585407,6.647400936091591,1.728596637041846,-0.034495839611729084,0.09604991532463067,0.7092480943062898,8.721164892513439,0.6651118486170982,-0.5592843132009674,3.7359932308721726,2.423713225586008,-0.17027137007365506,0.19082658222072632,8.170985326581649,5.051962683759809,-0.20096068603352998,-0.22596726938207568,2.74159351101838,6.157401178077709,-0.005599685338877856,0.06383346890858531,6.914357292838971,4.676287403517504,0.30178244123552156,0.03828775389277769,4.167206192372891,3.2232995531492095,1.1328410701035418,0.08769232330371982,7.535640691796166,2.500729102723033,-0.693921388960781,-0.09912884458054155
152,4.608239148840418,2.573582621643406,-0.1121302433920926,0.2576843379423207,1.6201619288090676,9.797786881269777,0.41708566999467406,-0.2434641566708647,7.297281246745638,8.537501730425573,0.20666059513765603,-0.03982134963685474,9.721581843655702,3.9331066997675626,-0.21150381269282414,-0.06205897271473744,7.457535825237702,3.3673249472921554,0.589120570149414,0.21512967251045484,3.926480154815665,1.677883156821759,-0.1800771962362134,0.3411075942219641,2.188256145890436,9.412676943370041,0.2355554266552612,0.13299502704642355,7.660646038517625,5.747878086310271,-0.19662987966388576,-0.08668748489252312,6.257097160260102,2.6731911578693834,0.22637377893311866,-0.18169028294452153,1.4078864103448705,8.28442851473005,0.7187586671606029,-0.6316940923850046,3.6954917563767142,6.7309684373057115,0.06174339448224235,0.005988006044511844,8.544174637921985,8.69581375251457,-0.6084362798986561,-0.36698697879396697,6.645676144111005,1.7333991328080776,-0.028394990176995694,0.08766173131364816,0.7425036867371446,8.69320067685339,0.675718708241484,-0.5658788809468914,3.72747966236849,2.433254554697044,-0.1685124984736232,0.20943272045009645,8.160937292279971,5.0406643202907055,-0.1840172804649303,-0.20154366417844713,2.741313526751436,6.1605928515231385,-0.031261416105174245,0.058143212029851676,6.929446414900747,4.678201791212143,0.3032756370523961,0.04746144293033911,4.223848245878068,3.2276841693143954,1.147305743503467,0.08859174891834504,7.500944622348127,2.495772660494006,-0.6658453780183219,-0.09343751072038263
153,4.602632636670814,2.586466838540522,-0.10360786101351441,0.2623932136580533,1.6410162123088012,9.785613673436234,0.3946748614910463,-0.2549522299900614,7.3076142765025205,8.53551066294373,0.15693092604357034,-0.06269872094804249,9.71100665302106,3.9300037511318258,-0.25401154758757666,-0.04325494408448079,7.486991853745173,3.3780814309176783,0.5746422070527,0.235230099184344,3.9174762950038544,1.694938536532857,-0.1694994817930066,0.3531450420619395,2.200033917223199,9.419326694722363,0.24732885646626201,0.10970611546538411,7.650814544534431,5.7435437120656445,-0.1941355955258023,-0.08216663910678608,6.268415849206758,2.664106643722157,0.19388686036450753,-0.1661677030957552,1.4438243437029006,8.2528438101108,0.7299725196257556,-0.6280428783665405,3.698578926100826,6.731267837607937,0.06216357332776714,0.006904132880603124,8.513752823927053,8.67746440357487,-0.5947225326357014,-0.36778179769821784,6.644256394602155,1.73778221937376,-0.014501119167645871,0.0728889674653434,0.7762896221492188,8.664906732806045,0.6859050004725669,-0.5710118329068591,3.719054037444809,2.443726190719549,-0.14389515284250062,0.2115182860394648,8.151736428256726,5.030587137081783,-0.16785885465697742,-0.1776177890511316,2.7397504559461776,6.163500012124631,-0.05621214541568679,0.05266268452457309,6.944610196753367,4.68057486335866,0.3046332397529872,0.05636281920754744,4.281213533053242,3.2321137567603127,1.1526878145663895,0.0923670873743797,7.467652353447211,2.4911007849579865,-0.6329001533755683,-0.08811014070261568
154,4.597452243620138,2.5995864992234248,-0.09687392494211854,0.2677997654661721,1.6607499553833536,9.772866061936732,0.37351334846051726,-0.266868459118899,7.315460822804699,8.532375726896328,0.10827005167681009,-0.08464118148499927,9.698306075641682,3.9278410039276017,-0.2937640995008381,-0.023693729339436077,7.515723964097808,3.3898429358768953,0.5590810391569061,0.2551752781103351,3.909001320914204,1.712595788635954,-0.15748191880758639,0.3622064948083308,2.2124003600465123,9.424812000495633,0.25630734103724206,0.08902121160529194,7.641107764758141,5.739435380110305,-0.19065532688349598,-0.07669397270909531,6.278110192224983,2.6557982585673696,0.16523133730275522,-0.15154510420926534,1.4803229696841884,8.221441666192472,0.7371468431249584,-0.6205851116846309,3.7016871047672146,6.731613044251967,0.06325537284027268,0.008185808297579337,8.484016697295267,8.659075313689959,-0.5800278255400784,-0.3677820263073509,6.643531338643773,1.7414266677470271,-0.003042850406011044,0.057738092612209246,0.8105848721728471,8.636356141160702,0.6935290991311286,-0.5740472137844135,3.7118592798026837,2.454302105021522,-0.12958263966987413,0.21880165996157439,8.143343485523877,5.0217062476292265,-0.15285814327554204,-0.15453827156742034,2.736939848675393,6.16613314635086,-0.08052177610769196,0.04738484484902739,6.959841858741017,4.683393004319037,0.3054399211922677,0.06439243136131598,4.338847923781561,3.2367321111290317,1.1525746093272127,0.09662875726347214,7.436007345778433,2.4866952779228555,-0.5959252375134848,-0.08234918898988813
155,4.592608547373032,2.6129764874967334,-0.09237045912573995,0.28089766859861076,1.6794256228063795,9.759522638980787,0.3521522075537065,-0.2789247189298235,7.320874325388539,8.528143667822079,0.06079548557478219,-0.1055738514226099,9.68361787066664,3.9266563174606297,-0.330957886598769,-0.003594074545696758,7.543678016055654,3.4026016997824122,0.5271507206821365,0.26184077985389015,3.9011272249738247,1.7307061133763706,-0.14141921656902667,0.3678846757860329,2.2252157270983743,9.429263061075897,0.2613264406751081,0.0690236089041048,7.631574998413966,5.735600681474851,-0.18610940393358583,-0.07017435035339577,6.286371759090121,2.6482210033569062,0.1399899563728083,-0.13751606327661,1.5171803118404363,8.190412410608241,0.7442925444737399,-0.6107533128629432,3.7048498734092283,6.732022334666846,0.06404355374287296,0.009357519850467491,8.455015306018263,8.640686212374591,-0.5643016988096363,-0.3669240974464183,6.6433791961234725,1.7443135723776375,0.00728521296278626,0.042439603876056595,0.8452613271294036,8.607653780471482,0.6982092807983372,-0.5751232291487922,3.70538014781919,2.4652421880196007,-0.11935137275407594,0.22640495734416755,8.1357005783601,5.013979334050855,-0.1390694223101566,-0.13267538621147093,2.7329137598700086,6.1685023885933115,-0.104345345822715,0.04208364983848452,6.975113854800631,4.686612625887103,0.307205575800875,0.08372321902000739,4.3964766542479214,3.2415635489922052,1.1569725570409455,0.08768257766490227,7.406211083902758,2.482577818473361,-0.5561757820615195,-0.07581332287837118
156,4.587990024416745,2.627021370926664,-0.0910789147628373,0.29403426408620537,1.697033233184065,9.745576403034296,0.3305651471618036,-0.29102530373483526,7.323914099667278,8.522864975250949,0.014824974138319784,-0.12543472702914676,9.6670699763367,3.9264766137333447,-0.36623616518801766,0.016939995290442923,7.57003555208976,3.4156937387751065,0.4975993457698746,0.2662935720364549,3.8940562641453735,1.7491003471656723,-0.12121409731682178,0.37249618843211196,2.23828204913213,9.432714241521102,0.26267799350425447,0.04975043807528553,7.622269528217287,5.732091963957181,-0.1803489953681838,-0.06219741231433136,6.293371256908761,2.6413452001930757,0.11756240194423088,-0.12445580345757924,1.5543949390641234,8.159874744965094,0.7518791056171382,-0.5989875102112995,3.708052051096372,6.732490210659369,0.06422337834845711,0.010212680075650264,8.42680022107778,8.62234000750227,-0.5476350331363804,-0.3653705026597445,6.643743456771611,1.7464355525714403,0.016200626878897253,0.026632778417053145,0.8801717911693204,8.578897619014043,0.6996039709990237,-0.5738573482176235,3.6994125791814865,2.4765624358868092,-0.10999899122665208,0.23848400326573166,8.12874710724459,5.007345564740282,-0.1272525168712566,-0.11187931819875654,2.7276964925788727,6.170606571085235,-0.1275355148591034,0.036752145866073366,6.990474133590674,4.690798786838104,0.3093242746809514,0.10193539289915396,4.454325282099969,3.24594767787545,1.155379346865312,0.08121894046192414,7.378402294799683,2.4787871523294425,-0.5161419379481696,-0.06790026909757704
157,4.583436078678603,2.6417230841309745,-0.09367067559192838,0.30730256199689565,1.7135614905421552,9.731025137847555,0.3085673094395021,-0.30266616685539116,7.324655348374194,8.51659323889949,-0.029492178957879256,-0.14403784926349125,9.648758168077299,3.9273236134978666,-0.3998435408098133,0.03772004604499005,7.5949155193782545,3.429008417376929,0.46780427726744844,0.2712164660523631,3.8879955592795326,1.7677251565872778,-0.10019421982344029,0.37560696024461054,2.2514159488073426,9.435201763424867,0.2606332163046285,0.031239852051954838,7.613252078448878,5.728982093341465,-0.17353444550484534,-0.05318420580259545,6.299249377005973,2.635122410020197,0.09926380133016,-0.09414405507214986,1.5919888943449803,8.12992536945453,0.7554274658605779,-0.5854202696750865,3.711263220013795,6.7330008446631515,0.06381498706649472,0.010774583259930063,8.399418469420961,8.604071482369283,-0.5300528848228581,-0.3628722855464285,6.644553488115556,1.747767191492293,0.02019217149809987,0.010328318249168317,0.9151519897192716,8.550204751603163,0.6978905136679624,-0.5705863015642335,3.693912629620154,2.4884866360500957,-0.0971660590524463,0.252553646882408,8.122384481401028,5.001751598830344,-0.11253503484086491,-0.09959943964202818,2.7213197168359176,6.172444178378539,-0.1500749233640663,0.031375938037551634,7.005940347324722,4.695895556483062,0.31224726522658186,0.11905817268574072,4.512094249443234,3.2500086248985465,1.1542184469430603,0.07312803089146859,7.352595197902274,2.4753921388745637,-0.47522766468614575,-0.056778790420781086
158,4.5787525448990065,2.657088212230819,-0.10120504094789685,0.31946239158364,1.7289898560141304,9.715891829504786,0.28555427348645723,-0.3134468731120192,7.3231807394263,8.509391346436317,-0.07233532110971183,-0.16152620966845951,9.628765991036808,3.929209615800116,-0.4320249885541828,0.05850107133547924,7.618305733241627,3.442569240679547,0.4361122700834198,0.27493148162765285,3.8829858482883606,1.7865055045995084,-0.0845317538338506,0.37799997441483996,2.264447609622574,9.436763756027466,0.2557135133723899,0.012762248258810612,7.604575356173635,5.726322883051335,-0.16121339205950613,-0.04817757024101002,6.304212567072481,2.6304152072665894,0.07957954471690545,-0.0694608954823824,1.6297602676380092,8.100654355970775,0.7557136780515635,-0.5711736404965625,3.7144539693671197,6.733539573826148,0.06289669145952392,0.011087281636295068,8.372915825179819,8.585927868091963,-0.5116054990944988,-0.3581845039144819,6.645563096690461,1.7482836074047514,0.018245877935449187,-0.004882398177204211,0.9500465154026697,8.521675436524951,0.694806299263737,-0.557823331831949,3.6890543266675317,2.501114318394216,-0.08381146106670181,0.26837173314892565,8.116757729658984,4.9967716268482425,-0.10044734550075032,-0.08777885585148748,2.713815970667714,6.174012975280417,-0.17404782357587736,0.024352652708209747,7.021552710586051,4.701848465117348,0.31538021164331753,0.1345715108343346,4.569805171790387,3.25366502644312,1.1612033453910506,0.05749911188607461,7.328833814667967,2.472553199353525,-0.4314148950347328,-0.06453988663006872
159,4.573692292851612,2.673061331810001,-0.11097477270792189,0.3309543578311986,1.7432675696884532,9.700219485849185,0.2614724457863191,-0.3234714720979296,7.319563973370815,8.501315035952894,-0.11383908132833213,-0.1781534468691965,9.607164741609099,3.93213466936689,-0.46492360832518653,0.0781077435628619,7.6401113467457975,3.45631581476093,0.40432374211787414,0.27662889804495355,3.878759260596668,1.8054055033202505,-0.07562369364078877,0.38013196121914644,2.277233285291193,9.437401868440405,0.24935422825619422,-0.006603646535653502,7.59651468657066,5.723914004539284,-0.148411934117974,-0.042525234582340546,6.308191544308326,2.6269421624924703,0.05868773227317224,-0.05004251879819356,1.6675459515405873,8.072095673945947,0.7535826074824059,-0.5563313865731464,3.717598803940096,6.7340939379079625,0.0616110062332027,0.01125707192798813,8.347335550225093,8.568018642896238,-0.49202494562245674,-0.35235865019417456,6.646475390587233,1.748039487495891,0.014341397075811927,-0.019209793139515003,0.9847868303658566,8.493784269933354,0.6900483700429414,-0.54851659330632,3.684863753614197,2.5145329050516625,-0.07173827055642884,0.2862884959777526,8.111735362383946,4.992382684055668,-0.09185047668771246,-0.07612771763523038,2.7051135794889203,6.175230607915827,-0.1976214710153572,0.01703176809302687,7.037321721168217,4.708577040659065,0.31854815343711695,0.1481660994716866,4.627865339059939,3.256539982037424,1.1685820994107878,0.04260440289502389,7.307263069916231,2.4693262050220213,-0.3857695835599327,-0.07004172950137705
160,4.568143554216215,2.689609049701561,-0.12334104521701994,0.33682337947042645,1.7563411919777692,9.684045912244288,0.23671736574204955,-0.3327469211652838,7.313872019304398,8.492407363609434,-0.15445141236108512,-0.19377323742324315,9.583918561192839,3.936040056545033,-0.5016033470851811,0.0948933801070895,7.660327533851691,3.4701472596631775,0.3727149728202743,0.27661433861657136,3.8749780759146284,1.8244121013812078,-0.07021178300257562,0.38136468334136864,2.2897009967040027,9.437071686113622,0.24477311844929897,-0.025241574902314573,7.589094089864761,5.721787742810167,-0.13541786823719854,-0.036722146856105156,6.3111259309219845,2.6244400365525604,0.0382971904216517,-0.03355884236463033,1.7052250819147075,8.04427910461729,0.7504081978395903,-0.541827956743072,3.720679354251756,6.734656791504362,0.060583409118758924,0.01143926520120089,8.32273430294397,8.55040071038653,-0.47151070029116937,-0.345566528813607,6.6471924604410235,1.7470789978389154,0.00991585762695462,-0.03252207331758507,1.0192892488680037,8.466358440268039,0.6824683743511651,-0.5417309285988977,3.6812768400863756,2.5288473298505503,-0.06169017467448991,0.3070784649451903,8.10714283854956,4.988576298173907,-0.08515800384239652,-0.06228784545381482,2.6952325059381526,6.176082196320478,-0.22060155454053804,0.00952645106068968,7.053249128840073,4.715985345632649,0.32093318375144325,0.15994580788695645,4.686294444030478,3.258670202182175,1.171349415290252,0.02627112090115792,7.2879745907382345,2.4658241185469523,-0.3385893779763603,-0.07261253762144894
161,4.561976501955364,2.7064502186750823,-0.13669908686111631,0.3396280754715389,1.7681770602648716,9.667408566186024,0.21239038115771802,-0.3418366518452727,7.306149448686344,8.482718701738271,-0.1942280147485134,-0.20845241750890217,9.55883839383858,3.940784725550387,-0.5416440367919835,0.1092400631324496,7.678963282492705,3.483977976594006,0.33619710537432856,0.2805043813685989,3.8714674867645,1.8434803355482763,-0.06528480420585511,0.3817304693396609,2.3019396526264675,9.435809607368506,0.24330120447084153,-0.04374798562027875,7.582323196452902,5.719951635467362,-0.12209123824089879,-0.0307010491811393,6.313040790443067,2.622762094434329,0.01787232970578561,-0.02024227661260091,1.742745491806687,8.017187706780136,0.7465324419483864,-0.5282932320307002,3.723708524707694,6.735228754764422,0.06000811477314163,0.01200755725834255,8.299158767929413,8.53312238394585,-0.4502622747478611,-0.33813442938185384,6.647688253322372,1.745452894173036,0.0047363358129659345,-0.04515331082445152,1.053412667585562,8.439271893838093,0.6724004360829805,-0.5344707662155798,3.6781923313526512,2.54420125309781,-0.056660629322627,0.33177753003441607,8.102884938357441,4.985461905901216,-0.0789483766760061,-0.04898744448144848,2.6842024282111256,6.176558518873513,-0.2428908291734688,0.0017837913130891248,7.069295788027645,4.723982636026997,0.32101350212786517,0.1693000289627297,4.744861914794991,3.259983758227233,1.1634167240141784,0.004078423674156728,7.271045121839417,2.4621934916658796,-0.2923295396336937,-0.07215465497311503
162,4.555141547612308,2.7234316224486594,-0.15098006917665663,0.3413717363387531,1.7787965793227576,9.65031673359376,0.18861922180684598,-0.3508421075180136,7.296438047948918,8.472296080862826,-0.2325009320191738,-0.22134285624438724,9.53175619199898,3.9462467287070098,-0.5791900277358921,0.12385550350110194,7.695773137761422,3.498003195662436,0.30072946878909296,0.28312346403553246,3.868203246554207,1.8625668590152593,-0.060541243802269676,0.38128935189465396,2.3141047128500096,9.433622208087492,0.24432133982881749,-0.06216807838179532,7.576218634540857,5.718416583008305,-0.10852905366867895,-0.025332777338540384,6.3139344069283565,2.621749980603699,-0.0033319720091115473,-0.008557041559300052,1.7800721139041062,7.990773045178601,0.7407830468312228,-0.5150862181256518,3.726708930446351,6.735829132627339,0.06029858571599651,0.012777787616809057,8.27664565419202,8.516215662476757,-0.42855803758479427,-0.3301278983817165,6.64792507011302,1.7431952286318135,0.013416067003170554,-0.05280282490354546,1.0870326893897109,8.412548355527314,0.6614503252302621,-0.5264383243313006,3.67535929988652,2.5607901295995306,-0.054279267674186636,0.3581517985662154,8.098937519523641,4.983012533677144,-0.07300295194045998,-0.03633279128988202,2.672057886752452,6.176647708439168,-0.2640876952089302,-0.005856387188516863,7.085346463134038,4.732447637475134,0.30760391438696705,0.17929408950888945,4.8030327509957,3.260187679410941,1.1471851767181311,-0.013541913335273204,7.256428644857732,2.458585758917224,-0.24895601151079177,-0.06927452594127805
163,4.547592544153475,2.7405002092655972,-0.1650272165102786,0.34477990832032623,1.7882275404130998,9.63277462821786,0.16564063733848128,-0.359870760573443,7.284813001347959,8.461228938050606,-0.26853339413922994,-0.23075704257303675,9.502796690612186,3.952439503882065,-0.6127651304227741,0.13868267744938992,7.710809611200877,3.5121593688642125,0.2658185991907043,0.2846629898908651,3.8651761843640937,1.881631326609992,-0.05585752646203873,0.38005535292918197,2.3263207798414505,9.430513804168402,0.24672160062,-0.08039230879046384,7.570792181857423,5.7171499441413784,-0.09465512190312261,-0.021104959907448123,6.313767808327901,2.621322128525734,-0.02535914713757148,0.0029675381147054574,1.8171112662456674,7.965018734272318,0.7328749767437899,-0.5013252282212481,3.7297238597321507,6.73646802200818,0.06124473867129016,0.013638719806780266,8.255217752312781,8.499709267557671,-0.40638450027085615,-0.32169292099929503,6.6485958734631785,1.7405550873866362,0.02536354237691552,-0.059881602902231296,1.120105205651224,8.386226439310748,0.6493501308356737,-0.5180838594129256,3.6726453365028107,2.5786977195278413,-0.051666994651654176,0.3828249028524092,8.095287371926618,4.981195894112649,-0.06598625143424966,-0.023565959176616025,2.6588535019920054,6.176354889079742,-0.28382879677190703,-0.012841793021045931,7.100726658853387,4.7414123419505785,0.2935520061323436,0.18742001159274413,4.860392009831607,3.2595105837441776,1.1238641933678541,-0.03457602888817543,7.243980844282192,2.45512203262016,-0.2092988031873131,-0.06760642066683918
164,4.539341183327961,2.7577392046816134,-0.17744668914507092,0.35050994496645393,1.796509572280024,9.614781090189187,0.14364673650296722,-0.3689532261922918,7.271386331640997,8.449691085921954,-0.30246717373651233,-0.23708873744422396,9.472158434091048,3.9593736377545343,-0.6427944928628834,0.1542668035642352,7.7241005411604124,3.526392518358756,0.23153515192507929,0.28522814003816904,3.8623833080409917,1.900634094256451,-0.05136445383306382,0.37792546271825544,2.3386568598724504,9.42649418872888,0.24983266021117415,-0.09836460824706023,7.566059425762267,5.716094696146006,-0.08068543974608297,-0.018155775169348548,6.312499850971022,2.6214705054314695,-0.047376877910066756,0.013730087306418792,1.853755015082857,7.939952472861256,0.722847863186928,-0.4875420892308459,3.7327860966657154,6.737149957998518,0.06231019069563079,0.0143615540418375,8.234898527299238,8.483624621507706,-0.38372409731723145,-0.3130254080162113,6.649864050582024,1.7375610072415246,0.040255345641533435,-0.06595638946097859,1.1525727121930076,8.360322246340102,0.6357794958149409,-0.5092969300141504,3.6700619867702278,2.5978389646704616,-0.051228732501962596,0.4041849664052657,8.091988059354906,4.980017596153819,-0.05676380952255227,-0.011019920548991513,2.6446620621534103,6.17571279942869,-0.30209138723983686,-0.019116505851827868,7.115404259160004,4.750783342530216,0.27987127686236224,0.19397173775517776,4.916585219499999,3.257781782299769,1.0960595355509672,-0.06056557924027199,7.233515904122827,2.451741711586818,-0.17311936793416977,-0.06684560523454398
165,4.530468848870708,2.775264701929936,-0.18866252942512693,0.35916729386748736,1.8036919091051724,9.596333428879571,0.12278118735583816,-0.37811123101263866,7.256262972954171,8.437836649049743,-0.3350995425395366,-0.24285641256088217,9.440018709447903,3.967086977932746,-0.6703360855800541,0.1709688982383456,7.735677298756666,3.5406539253606644,0.1979699763917846,0.28497189643393367,3.8598150853493385,1.9195303673923638,-0.04802495646055577,0.37505827422732824,2.3511484928830093,9.421575958316527,0.25364159855052676,-0.11622030164696638,7.562025153774963,5.7151869073875385,-0.0673554554983985,-0.017059609523480963,6.310131007075519,2.6221570097967906,-0.06729111755507103,0.02266990559927501,1.8898974082422033,7.915575368399714,0.7110154486194574,-0.4744906598399386,3.735901606200497,6.73786803570061,0.06302563977550196,0.014749516693276512,8.215712322433376,8.467973351106895,-0.36044859529115036,-0.3041885805890625,6.651876817864101,1.7342631877684758,0.05760419541494042,-0.07117284827333459,1.1843616869837545,8.334857399839395,0.6208874898945307,-0.5002995723774603,3.6675005501451294,2.618048212990725,-0.05259403835783284,0.4219380369981459,8.089149868878778,4.979466600126369,-0.04944253971235253,0.0015879131941038856,2.6295574927914185,6.174756974136099,-0.31827164771928707,-0.024456710239731082,7.1293978230031225,4.760481929417975,0.2668203943440708,0.1990004188396914,4.971388196277547,3.2547535033377555,1.0622476265906249,-0.09094315499539132,7.224859935726118,2.448399431325091,-0.13973156986326218,-0.06553240715612024
166,4.521035722399452,2.79322306662331,-0.19223773113022508,0.3702804971844143,1.8098309684729643,9.57742786732894,0.10313950932057891,-0.3873425264492594,7.239507995827194,8.425693828421698,-0.3662286106757518,-0.2479691533308645,9.4065019051689,3.9756354228446633,-0.6952282086235912,0.18886161804358623,7.745575797576255,3.554902520182361,0.16514777871607964,0.28378689099635096,3.8574138375263107,1.9382832811037303,-0.045137787188848234,0.3727260791465115,2.3638305728105355,9.415764943234178,0.2570149968098089,-0.13277849580742782,7.558657381000043,5.714333926911364,-0.05462058637589331,-0.017688828424057196,6.306766451197765,2.623290505076754,-0.08654234046356789,0.02850995714596786,1.9254481806731762,7.891850835407717,0.6977064541474306,-0.4620616467366919,3.739052888189272,6.738605511535274,0.06337891203473735,0.01481033031698984,8.197689892668818,8.452763922077443,-0.3366121241507657,-0.2953968328998154,6.654757027634847,1.730704545354809,0.07672311687366158,-0.07496180676322946,1.2154060614784812,8.309842421220521,0.6056035446917032,-0.49150345492269304,3.664870848227238,2.639145114840632,-0.053562699144580776,0.43662803085648333,8.08667774189316,4.979545995786075,-0.04420558658794858,0.013764593013926197,2.6136439104054543,6.173534138624112,-0.33203370752706446,-0.0281447629088986,7.142738842720326,4.77043195035996,0.2546207585403713,0.20199600951903893,5.024500577607078,3.2502063455879857,1.0248493091343795,-0.12392913431401009,7.217873357232955,2.445122810967285,-0.10879208026021958,-0.06272779571909756
167,4.51142383584294,2.811737091482531,-0.19181009648869696,0.38020173501076165,1.8149879439389933,9.558060741006477,0.08458894199164901,-0.39659320159107075,7.221196565293406,8.413295370755154,-0.39568840305131636,-0.25240081827455957,9.37174049473772,3.9850785037468426,-0.7182495445234212,0.20654688686291836,7.753833186512059,3.5690918647321785,0.1332516405248565,0.2814047457330963,3.855156948166868,1.956919585061056,-0.04111756640251515,0.37020211133653635,2.376681322651026,9.409126018443807,0.25987339231178014,-0.1480957063625044,7.555926351681249,5.713449485490162,-0.042200788895786955,-0.01974759911789579,6.302439334174586,2.6247160029340524,-0.10310239577906243,0.03024871161959447,1.9603335033805478,7.868747753070882,0.6832410565510714,-0.45063941717846245,3.742221833791009,6.7393460280511235,0.05603868049691844,0.012019328483014525,8.18085928646128,8.437994080432452,-0.3122632467804082,-0.28635429345226937,6.658593183478531,1.7269564550166476,0.09458381706372887,-0.07542204277057717,1.2456862387130663,8.285267248474387,0.5870123657380556,-0.48033602777029777,3.662192713270009,2.6609765163834562,-0.050113180538514074,0.45115616234146866,8.084467462563763,4.980234225436771,-0.04020201822177865,0.025189774492188146,2.597042225029101,6.172126900478667,-0.34337837430610574,-0.03011393143036247,7.1554698806473445,4.7805317508359115,0.24166443581078376,0.2011849375457449,5.075743043063797,3.2440098888722853,0.9840444759606277,-0.15058976144070382,7.212433753219944,2.44198642118133,-0.0810304331550026,-0.058528668983767934
168,4.5018333310185055,2.830747178233069,-0.18915812081227962,0.38852710094155735,1.8192173910385758,9.538231080926924,0.06696331357987914,-0.4057445373967253,7.20141214514084,8.400675329841427,-0.4232385520152446,-0.2560531647812744,9.335828017511549,3.9954058480899883,-0.7381271347624692,0.22431643515984676,7.760495768538302,3.5831621020188336,0.10251523884772484,0.27799494915242406,3.8531010698467423,1.9754296906278828,-0.036491803403457375,0.36754108041072603,2.389674992266615,9.401721233125683,0.2654780587832615,-0.16085862096049253,7.553816312236459,5.712462105534267,-0.02969903502911444,-0.02283929148360176,6.297284214385633,2.626228438515032,-0.11712234998362175,0.029432006262311117,1.9944955562081013,7.846215782211959,0.6675551763668978,-0.4397215651045546,3.7450237678158547,6.739946994475274,0.05884416495572257,0.010505715933262529,8.165246124122259,8.423676365759839,-0.28757708460666015,-0.27650536798096353,6.663322374331718,1.7231853528781187,0.11115777665273338,-0.07385252152968715,1.275036856999969,8.261250447085873,0.5676288205181573,-0.46840809154416824,3.6596870542430833,2.68353432450053,-0.04598506007144731,0.46445956738793165,8.082457361652674,4.98149371416138,-0.0372099444027374,0.035849480339689904,2.5798733063137957,6.170621203907149,-0.3524884346403114,-0.030923155659668453,7.167553102437884,4.790590997713199,0.22863344932291832,0.19691633526393604,5.124945266861828,3.23648040080025,0.9427879468678391,-0.17361420274252648,7.208382231562194,2.4390599877321413,-0.05479482886880876,-0.052439199193309256
169,4.492375424977891,2.8501735332801466,-0.18588044388721647,0.39561846371592946,1.8225655567175698,9.517943854057087,0.05035615569385085,-0.4145111319258772,7.1802502175400775,8.387872671602363,-0.44908956031125746,-0.2591012349289079,9.298921660773425,4.006621669847981,-0.755077868722144,0.24238275796334408,7.765621530480688,3.5970618494764546,0.07279584738253778,0.27441808149750446,3.8512764796765695,1.9938067446484191,-0.031845348279436796,0.36507188032860277,2.402948895205778,9.393678302077658,0.2702075625489637,-0.1744714486191458,7.552331360485003,5.711320140960087,-0.017079724411667538,-0.026502726689418984,6.291428096886452,2.6277000388281477,-0.1289350547851812,0.02815062309435882,2.0278733150264463,7.824229703956731,0.6502521983281099,-0.42903504461748454,3.747965976063641,6.740472280271938,0.06144591813098121,0.009030599043338718,8.150867269891926,8.409851097360791,-0.26259095162726714,-0.2659096968934601,6.668880263164354,1.7194927268016342,0.12801148021117836,-0.07113303893644879,1.3034182980258768,8.237830042508664,0.5489172431622956,-0.45589625555183194,3.657387801239511,2.7067573028699266,-0.04281861584434789,0.4764599411388567,8.080596864432536,4.983286188178365,-0.035726831456584715,0.04528486953060215,2.56224888458178,6.169075046124165,-0.35978834512605584,-0.030710796487376398,7.17898477490403,4.800436814476396,0.21600178713295784,0.1907043462634964,5.17208466420522,3.2277996906631237,0.8967972056149399,-0.19278990209574456,7.205642490118754,2.4364380277724758,-0.029453422404232037,-0.04405527542431206
170,4.48308140278353,2.869954456465943,-0.18177313587198915,0.3998803295552916,1.8250833645022624,9.497218297460794,0.03505366301568542,-0.4228733841910921,7.157795739524515,8.374917609855917,-0.47350053082030974,-0.2619007624622603,9.261167767337318,4.0187408077461475,-0.7686843872291478,0.26168567747037075,7.769261322849815,3.6107827535513297,0.04416188332080072,0.2711261426710627,3.8496842122625976,2.0120603386648495,-0.02775477799352047,0.36263017791802404,2.416459273333226,9.3849547296467,0.27306282210156174,-0.18950863506295149,7.55147737426442,5.709995004625616,-0.0042912036582839,-0.030628184318980407,6.284981344147194,2.6291075699828657,-0.1390580588044416,0.026193374011733907,2.0603859249428518,7.802777951725857,0.63139316057119,-0.41796372697455736,3.75103827197019,6.740923810224104,0.0638541879237764,0.007407081582217636,8.137737722310563,8.396555612516119,-0.23741178006507233,-0.2547290322945183,6.675280837174913,1.7159360748548118,0.1452455493201414,-0.0672135771944053,1.3308641601839917,8.215035229731072,0.5306420045887444,-0.442939241408365,3.655246870447294,2.7305802999268693,-0.03951975393841546,0.48716419400774746,8.078810522859706,4.985550431654895,-0.035795449441237234,0.05350188464800899,2.5442594673254773,6.167539506299796,-0.3661980065978996,-0.030149384296357936,7.189784864260678,4.809972031789571,0.20352116609309043,0.1837927727044506,5.216924524485966,3.2181601955583363,0.8456427172898209,-0.20860068679327723,7.204169818998542,2.43423526400126,-0.004817110575141916,-0.03349821101028771
171,4.473992745989931,2.8899484729437077,-0.17639969779680434,0.4006346015151776,1.8268360476530467,9.47607462825124,0.02077721661361251,-0.43122774331122266,7.134120712983499,8.361822571732803,-0.4963289831094142,-0.2646717149701138,9.22273354797586,4.031825091619666,-0.7783136949164303,0.2806307247297015,7.7714694170158545,3.624339060684883,0.01658614608287042,0.26787153646881795,3.8482964733629217,2.0301918475607508,-0.02445167856987354,0.3598771693884802,2.430112414438304,9.375479297893554,0.27485871042117327,-0.20540136422612135,7.551262814081506,5.7084635954096665,0.00868407185822611,-0.03507515536292476,6.278028441206971,2.6304172386834526,-0.1477466278733503,0.02342320698133983,2.091955582971411,7.781879765377129,0.6110359347358667,-0.4065164887974963,3.7542309813663786,6.741294164303215,0.06581361611496139,0.005107773364155712,8.12586713330731,8.383819160901393,-0.21208319753981902,-0.24310008637762723,6.682543114640921,1.7125753959950916,0.16270465874568613,-0.061970867006374095,1.3573962604134289,8.192888267660653,0.5127491715346787,-0.42962765413429044,3.653270882750373,2.7549385096272565,-0.03396609004388135,0.496609522273176,8.077020750387645,4.988225525887295,-0.03755280484811761,0.06066711173336094,2.5259495669955823,6.166032037084978,-0.3718878499694101,-0.029390817821815914,7.1999609225653325,4.819161670424793,0.19104765588734474,0.17618137356051636,5.259206660350458,3.2077301612186724,0.7885925428151047,-0.22099546298856493,7.203928963469785,2.4325603534507456,0.019164116405544274,-0.020866490705798574
172,4.465172761100091,2.9099802030194666,-0.17072456559668245,0.3997413516868092,1.8278749084837274,9.454513241085678,0.007516263485274649,-0.43957717312723027,7.109304263828029,8.348588985984298,-0.517859775226533,-0.2676565354626795,9.183817863230038,4.045856627856151,-0.784744711242381,0.2969279846564975,7.772298724319998,3.6377326375083237,-0.009975650582321232,0.2645265197062037,3.847073889434428,2.048185706030175,-0.01954598161157009,0.3577412335901928,2.4438553499593625,9.365209229682248,0.276403570799081,-0.2212984832713789,7.551697017674417,5.706709837641521,0.02192356582432871,-0.039647799820145796,6.270641109813304,2.6315883990325197,-0.15494562769549003,0.019769038062611002,2.1225073797082046,7.761553940937254,0.5892864561572992,-0.394734215892385,3.7575216621721266,6.741549552971423,0.06696428005706001,0.002415531956224861,8.115262973430319,8.371664156582511,-0.18666298181392027,-0.23106531329608618,6.690678347578205,1.7094768526447728,0.18048875504628809,-0.05528014057715008,1.3830337189901627,8.171406884953939,0.4949076178466294,-0.41603938358928466,3.651572578248179,2.7797689857409154,-0.02121520068297665,0.5010937916686466,8.07514311014524,4.991258881473963,-0.04043052790121534,0.06690750532726829,2.507355174497112,6.164562496193887,-0.3768852952398292,-0.02849502287511558,7.2095133053597,4.8279707391028195,0.17820741320345726,0.16910960357794,5.298636287491213,3.196680388069244,0.7256319956063187,-0.22937880784744974,7.204887169290062,2.4315170289154557,0.0418091756334877,-0.008913365556786962
173,4.456636532820257,2.929967270603807,-0.16444399884472552,0.39787636910418045,1.828250721657991,9.432534382429317,-0.004729211270489359,-0.4479220424428545,7.083411275066702,8.335206159211165,-0.5389513362459537,-0.2706590520154854,9.144580627667919,4.060703027088976,-0.7881008852494391,0.3106663545982089,7.771799941790881,3.650958963493634,-0.03544069198132331,0.26073865086372117,3.8460965903538495,2.0660727677096844,-0.013457307915648191,0.35602832741583107,2.4576755284993164,9.35414430551868,0.27748603398904054,-0.23725791301228466,7.552793195965633,5.704727447650513,0.035854770202933595,-0.0440104779754488,6.262893828428529,2.63257685093565,-0.16303121978657356,0.016802391026237387,2.1519717025160694,7.741817230142634,0.5661892763272249,-0.3826846563885913,3.7608698761749797,6.741670329569234,0.06737820265005756,-0.00040610666516500537,8.105929824339624,8.360110890917706,-0.16118278295375182,-0.21869051359749495,6.699702785330519,1.7067128456159153,0.19798764014140757,-0.04810141005952427,1.4077790998824942,8.150604915774474,0.4767375039850686,-0.4026555167427232,3.65051181821403,2.804823675324348,-0.0017367648685960024,0.502078892999672,8.07312158375018,4.994604256740327,-0.043689767619533325,0.07239323371033256,2.4885109097351203,6.163137745050131,-0.3812293543942205,-0.027478708081737465,7.218423676019873,4.836426219281717,0.16480379039738502,0.16304673124262525,5.334917887271529,3.1852114476768714,0.6580992178200639,-0.23396064930135962,7.206977628071737,2.4310713606376164,0.06317869993358612,0.001936987237145001
174,4.448414332878021,2.949861089059016,-0.15714290222655,0.3950999756235815,1.8280142610944665,9.410138280307175,-0.01597176635233369,-0.45624366520195825,7.056463708254404,8.32167320661039,-0.5595160488299724,-0.2733114847850224,9.105175583405448,4.076236344818886,-0.7886537485045823,0.3218874162451472,7.770027907191815,3.66399589603682,-0.059932602617748326,0.2564540264808677,3.845423724958067,2.083874184080476,-0.006989631752928464,0.3544208156644773,2.4715498301987684,9.342281409868066,0.2779189600329086,-0.2534392433951086,7.55458593447578,5.702526923751741,0.0504195347025979,-0.04859365755363388,6.254742267439201,2.633416970486962,-0.17450729692595116,0.016125845292651434,2.180281166332431,7.722682997323204,0.5417898512378656,-0.3704471902619109,3.7642387863074824,6.741650024235976,0.06712560598860909,-0.0033693160036512002,8.097870685191936,8.349176365237831,-0.1357135036645062,-0.2060335939393109,6.709602167337589,1.7043077751129392,0.2148320140828291,-0.04069018566448757,1.4316159750817476,8.130472139937337,0.45814070431341863,-0.3895514683714082,3.6504249799706003,2.8299276199743315,0.02332678858389576,0.5013015118533454,8.070937095369203,4.998223918425843,-0.04520617274002531,0.07802044079582278,2.469449442015409,6.161763809646044,-0.385006612864875,-0.026359924708351797,7.2266638655397415,4.844578555843848,0.15097176218722191,0.15796026867040827,5.3678228481625325,3.1735134152118034,0.5874946967839157,-0.23414474966709148,7.210136563068416,2.431168209999474,0.08511943193584443,0.011890912250687178
175,4.440557187766693,2.969616087840195,-0.14856681904326144,0.39154472359308967,1.8272156727768498,9.387326097047076,-0.02631171935764756,-0.4641942177548967,7.028487905812906,8.308007632371138,-0.578362600903928,-0.2750689772825857,9.065742895980218,4.092330715631143,-0.7860774923337134,0.3306269465402808,7.767031277060927,3.6768185973608634,-0.08353674975395972,0.2517181070202134,3.8450742433704206,2.1015952248636998,0.00018661697630050975,0.35287521516451953,2.485445778200414,9.329609447698312,0.2771364594529554,-0.2701723533461279,7.5571069112109095,5.700097240874059,0.06553447540551309,-0.053361903593382075,6.2460169025929035,2.6342232627515942,-0.18784836465733162,0.013797368610346097,2.207370658894324,7.704160637810109,0.5161786950126611,-0.35806485504610397,3.767595066606913,6.741481558435793,0.06592136156867673,-0.0061124038988657585,8.09108501000871,8.338874685540866,-0.11035834640837981,-0.19331481211043058,6.720343768041731,1.7022732658297148,0.23152519339219724,-0.03320749008495876,1.4545230102974185,8.110994566518768,0.4390096369182084,-0.37687623369600076,3.6515913193997953,2.854992695566999,0.05322019878973683,0.49954722552687736,8.068676786732201,5.0021249404656345,-0.041154796978397155,0.08329910897593085,2.4501991113721653,6.160445813410626,-0.3881396166510812,-0.024994124785855717,7.234212453649103,4.852476569277368,0.13329564864132729,0.15218848157831863,5.397197583001728,3.1618061777284487,0.5155875400780594,-0.22844370807294379,7.214392534665208,2.431762755612008,0.1085977104535675,0.021295755551268156
176,4.43312884681453,2.9891933240198494,-0.13834186425934497,0.388919423044119,1.8259000868089674,9.364116386159331,-0.03592545831171479,-0.4715307918027006,6.999569775767709,8.29425418350701,-0.5954807553700802,-0.2758997661929747,9.026439021363533,4.108862062958157,-0.7788686011207732,0.33540974728922507,7.762854439573229,3.689404502711874,-0.10617048260927969,0.24625810735459547,3.8450835742192355,2.1192389856219256,0.009051433999577793,0.35113215500036593,2.4993026011730617,9.316100830031006,0.27536848473355025,-0.2874759691546148,7.560383634981185,5.6974291456943895,0.0812997027829278,-0.05781708517714424,6.236624484360037,2.6349131311821115,-0.20134138548987024,0.009955566877567549,2.233179593644957,7.686257395057804,0.4893201506629907,-0.345583927787374,3.7708911346853466,6.74117593824085,0.06375151668797661,-0.00864539510700184,8.08556709268829,8.329208944935344,-0.08516461641169859,-0.18057508818960843,6.731920027711341,1.700612891325467,0.2483169289817015,-0.025948025821042747,1.476473492143329,8.092150754833968,0.41914125261654595,-0.3647387521257569,3.654252329339282,2.8799700568433426,0.08391794983496388,0.49643476690293165,8.06661904688328,5.006289895914431,-0.03273044337884881,0.08848669380824152,2.4307921305396114,6.159196107171334,-0.39063540580644524,-0.02326748644639582,7.240877236081169,4.860085993356283,0.11202595318053093,0.1457814821989222,5.422976960005631,3.1503839923248016,0.44783709805001376,-0.2152970513213111,7.219822420187887,2.4328275433895716,0.13345934721141817,0.030379924372841413
177,4.426211753601562,3.0086392951720553,-0.12984308382998172,0.386924203940127,1.8241038138933816,9.340539846569197,-0.045049175560154586,-0.4783556152716241,6.969795737999205,8.280459195197361,-0.6108966756872531,-0.2759517359193118,8.987495591307495,4.125632550322618,-0.767159733570877,0.33378131803284544,7.7575459154427655,3.701717408079604,-0.12769417134285743,0.24011281073625307,3.8455361459192146,2.136795593371944,0.019738873143235476,0.34912060385117644,2.5130710254097393,9.301727031573275,0.27278818662270754,-0.3051450910756773,7.564448620120332,5.694538291435532,0.0977891653373826,-0.062022702113231847,6.226557415085544,2.63541090952599,-0.21415219540016764,0.005302123108947058,2.2576456011781065,7.668978198668435,0.46100193922671906,-0.3333806121419177,3.7740787105197455,6.740743668485499,0.061254022839772,-0.011162069543630658,8.081308861867706,8.320180190525864,-0.060125238603127726,-0.16774290852404294,6.744335874160426,1.699315490034415,0.2643215524543921,-0.018703471659017295,1.4974305547741562,8.07391381722768,0.3984621825610612,-0.35316467079426545,3.6584482268310303,2.904791795188489,0.11511561099638662,0.4931864586764655,8.064982524714338,5.010714230604844,-0.022148650487823267,0.09331656173746172,2.411260360249289,6.158032732849014,-0.392552668554329,-0.021337945700481836,7.246478533740196,4.867375067466229,0.08829005593750802,0.14101445358404355,5.445368814908131,3.139619139758736,0.385302128004924,-0.19897770787362587,7.226495387548458,2.434346539608214,0.16046017082839967,0.038935761348415907
178,4.419719599410063,3.027985505369062,-0.12469064524899189,0.38532393340805543,1.8218513551153739,9.316622065805616,-0.05423992121187654,-0.4844275862559638,6.939250904214843,8.266661608401396,-0.6251679394654628,-0.2756950952456968,8.94913760462895,4.14232161622426,-0.7552582863939437,0.33024181466709035,7.751161206875623,3.7137230486164166,-0.1480007809138375,0.23331764653856973,3.8465230895763765,2.1542516235645026,0.03182690371994141,0.3468428810826909,2.5267104347408744,9.28646977701949,0.26872611853286477,-0.322826111573953,7.569338078387201,5.6914371563298705,0.11483462299853449,-0.06595620000406188,6.2158498053155355,2.635676015681437,-0.22079169536249751,0.0020455752853987407,2.2806956981394424,7.652309168061339,0.4315317100778543,-0.32132583723170616,3.7771414116617343,6.740185565008318,0.05889498499344517,-0.013679445079893647,8.07830259993755,8.311793045099662,-0.03522853792287184,-0.15484351419068038,6.757551951783146,1.6983803164514641,0.27927265041963256,-0.011051156906676978,1.5173536639022092,8.056255583687967,0.3769857275282357,-0.3422818573107888,3.6642040073808495,2.9294511181223126,0.1460508329068633,0.488801594182261,8.063875092189948,5.015380058691717,-0.02327651453570821,0.09774884247164313,2.3916327268215727,6.15696583556399,-0.3938816058911315,-0.01936382142533392,7.250893036537072,4.874425790145431,0.06397397006247368,0.13712698612519936,5.464633921308377,3.1296702543650547,0.3278560356377518,-0.1833386441576911,7.234518396089878,2.4362933276756347,0.18910292061477663,0.04584034328262954
179,4.413485067147613,3.0472517020394645,-0.11961314088235561,0.38282875929811966,1.81913935905478,9.292400686492817,-0.06371140176025834,-0.4895716302677951,6.90799250724157,8.252876853639112,-0.6397015739492771,-0.2751831378666388,8.911374690309252,4.158833706957615,-0.7431859005463751,0.32502950880835907,7.743761167829931,3.7253889309433452,-0.16709654894829568,0.22613948524530153,3.8481144347623735,2.171593767618637,0.044706545074025425,0.3444510258502733,2.5401467406675176,9.270328471440793,0.26422318021759245,-0.34002901788451134,7.575079809537128,5.688139346329668,0.1323840528324235,-0.06908448682769222,6.204810220547411,2.635778294445707,-0.22639257135110016,-0.0012235141004683782,2.302272283643335,7.636242876199754,0.40132191841754544,-0.3088272669981227,3.7800861609114067,6.739501592754323,0.05704405401955773,-0.016025256841809332,8.076541173041406,8.304050869390128,-0.01045893967725111,-0.1419543658957547,6.771515584304128,1.6978277586061303,0.2927780973304907,-0.003800519345594137,1.536202950278621,8.039141490822429,0.3546813520585511,-0.331999121039169,3.671506549026193,2.9538911978314255,0.175065706411502,0.4835424740904651,8.062711266463163,5.020267500815299,-0.023024467727107784,0.10206600391249243,2.371938646527016,6.155997644492723,-0.3946021191306344,-0.017342303261950912,7.254091735040196,4.881282139451692,0.03849950218890038,0.133902515286295,5.481026723090265,3.12050332215717,0.2790134505509293,-0.17194066772942077,7.243973542120616,2.4385853448397663,0.21589730652481082,0.049610101253797105
180,4.4075044101034955,3.0663931400043705,-0.11492578095327083,0.37876020063498983,1.815953788966767,9.267922104979426,-0.07335498177973238,-0.4944237594142518,6.8760074285441055,8.23911769674578,-0.6545385990552303,-0.2746463923128026,8.874215395281933,4.175085182398033,-0.7314008195174369,0.32025256570588007,7.735406340382516,3.73669590520561,-0.18494578418494043,0.21838914618427974,3.8503497620160747,2.188816318911151,0.057769424517194065,0.3418978290400874,2.553357899678397,9.253327020546568,0.25962899017140123,-0.3566090541670507,7.581699012178749,5.6846851219882835,0.1483655392721284,-0.07009868621497435,6.193490591979856,2.6357171187406836,-0.22980516860501882,-0.004514684026992541,2.3223383795642123,7.620801512849848,0.37135143642577756,-0.29476923883659695,3.782938363612385,6.738700329912232,0.05562735368620087,-0.01820074237081486,8.076018226057544,8.296953151095341,0.014091693455206625,-0.12907580785608946,6.786154489170652,1.6976377326388505,0.3048831271518866,0.0029383467749827218,1.5539370178815486,8.02254153477047,0.3321522149239991,-0.3221229376187493,3.680259834346768,2.978068321535949,0.20119925562491142,0.47729980285406925,8.061560043076808,5.025370801010924,-0.021508105819983265,0.10631631762663904,2.3522085405704845,6.155130529329626,-0.39396155388056553,-0.015034056954875889,7.256016710149641,4.887977265216007,0.014176749534347919,0.1308123629555984,5.494977395617812,3.111906288770699,0.23580871980179904,-0.15961641723994743,7.254768407446857,2.441065849902456,0.24117768379360202,0.05038545463148206
181,4.401758121055832,3.08533115003612,-0.11054844638834659,0.3742353997085429,1.8122860398777803,9.243200917008714,-0.08357459598747698,-0.49891851252168035,6.843280498591344,8.22538537713014,-0.6688489232472774,-0.2739510156092869,8.83764535430606,4.191097810683327,-0.7198748547804984,0.3157501034827079,7.726159051173269,3.747615362514824,-0.20160637763500985,0.21012948543365223,3.8532382332419344,2.2059112103631553,0.07039589812282684,0.33942945261964913,2.5663393491869675,9.235496567838215,0.2544374431203291,-0.37186724271275456,7.589117289142355,5.681180187677535,0.16365554775744562,-0.07011084804652046,6.182000333549605,2.635491384539334,-0.23103826912360306,-0.007909706478870135,2.3409059513855013,7.606063050908018,0.34159495895061126,-0.2796331638167605,3.785719731296695,6.737790292793692,0.05471319985698391,-0.02018694515469748,8.076722810730304,8.290499360702537,0.03833626716755556,-0.11616756670332609,6.801398645528247,1.6977846499775997,0.31642301851407684,0.008846899704741748,1.5705446286277485,8.006435387889532,0.30945726362814646,-0.3126527437856366,3.6903197971280135,3.0019333116786524,0.22183676038136207,0.47091694484592295,8.060484637785809,5.030686616892256,-0.018929710587425014,0.11041844152788702,2.3325104628764564,6.154378826481882,-0.39106973954438484,-0.012355758936003151,7.256725547626359,4.894517883363787,-0.0076544276406970944,0.12774831373402312,5.506767831607902,3.103925467908702,0.19630898993004917,-0.14784209708456528,7.266827291636537,2.44358512263403,0.2623856765261269,0.049211396331970386
182,4.396230698736415,3.104042920021547,-0.10617657645176116,0.3704338754419423,1.8081073100784064,9.21825499138263,-0.09448367500273196,-0.5029473629429898,6.80983805242898,8.211687826349676,-0.6817741710953114,-0.2731152607937979,8.801651611567035,4.206885315857462,-0.707380280293289,0.31163473691950694,7.7160787322915185,3.758121836786507,-0.21709200558424768,0.2014614345186494,3.8567580281480756,2.222882682994138,0.08240163554672364,0.33705203102449294,2.5790612213429838,9.216903205702577,0.2489061987678692,-0.38576728131272253,7.597300066530227,5.677674645275209,0.17770291711836939,-0.06901315950197887,6.170448420093425,2.635095899215391,-0.23273921991007443,-0.011657150333678944,2.3579856993330317,7.59208139271718,0.31185059015903105,-0.26371214479906413,3.7884553912895442,6.736780945535957,0.054283311787354245,-0.021954078517288745,8.078639624088682,8.284690982367371,0.06217005609892534,-0.10338546388006864,6.8172197964539505,1.6982269949628368,0.32802459919349347,0.013594007329749377,1.5860174918091559,7.99080275070025,0.2864333081041787,-0.3037184433927705,3.701411635147082,3.0254791589209487,0.23731553975691522,0.4635921337747655,8.059538152256438,5.03620753896865,-0.014888413226170322,0.11476714909951273,2.312956975899237,6.153761038535082,-0.38547845096289435,-0.009605155267611448,7.256342826244324,4.900905299050488,-0.026222196870109175,0.12461799290188982,5.516583281104404,3.0965333630544736,0.15945274989594577,-0.13670789505128395,7.279946575462843,2.4460456924506286,0.27948612841278075,0.04791232846591323
183,4.390921869913827,3.122564613793644,-0.10138879498968784,0.3672213069055415,1.8033831263282698,9.19310762323548,-0.10584873849121539,-0.5069320329114756,6.775749343874215,8.198032063309986,-0.6933102969340679,-0.27224889359154575,8.76628259755237,4.222467052703437,-0.6926824484241637,0.30972297772924556,7.705224132012306,3.7681949085124393,-0.2313918378686982,0.19238901228244526,3.860878109925412,2.2397352845453624,0.099232215483228,0.33323377126375553,2.5915065312813774,9.197614841636941,0.24312338630661223,-0.398320658762235,7.606185212386146,5.67422398730011,0.1896366133883584,-0.06645448651505421,6.1588114590979215,2.634513041698707,-0.23516954006867524,-0.01576563032523416,2.3735782288409832,7.5788957854772265,0.281239611555668,-0.24796866268617962,3.791169556878912,6.735683241610092,0.0543353172124498,-0.023475576761544527,8.081748126893629,8.279521709173368,0.08554892748020815,-0.09078600458956418,6.833621026413625,1.6989066953293244,0.3402026059617201,0.024585090415286337,1.6003391572143648,7.975616828530612,0.26297775236716014,-0.29534407350327274,3.7132774121349277,3.048658765609687,0.2503093240057441,0.45513828556180813,8.05879373159513,5.041945896423626,-0.009181163063211224,0.1194911025551993,2.2936830533510926,6.153280780771701,-0.3786639517635039,-0.007217856065228883,7.2550317164008185,4.907136198695583,-0.04160706912781868,0.12287597917178109,5.5245559185992015,3.0896979683019095,0.12493009130944369,-0.12615365813259613,7.293920881883483,2.448441308873924,0.2940744859209633,0.045451670474444324
184,4.385852430164342,3.1409256791389213,-0.09535723111162844,0.36489093386420973,1.798090689403709,9.167761021589907,-0.1168717041012427,-0.5090819465577564,6.741083829027511,8.18441961863041,-0.702979815404832,-0.2711163143505978,8.731648475131163,4.2379532015898995,-0.6758448112977179,0.30858445758159414,7.693654540118871,3.7778143591265616,-0.24377001640559015,0.18356050119335873,3.865839720699573,2.2563969731085503,0.11596152712825897,0.3297539094231498,2.603662700596708,9.17769880869883,0.235817075772135,-0.4095341185817903,7.615667043055564,5.670901262974357,0.20008385177403576,-0.06223522235048722,6.147052982094488,2.633724760182445,-0.2392975681485426,-0.020602357258951886,2.3876402094187665,7.5664973523429175,0.25016959374103176,-0.23204227328998897,3.7938863227395343,6.734509462772015,0.054611225250469936,-0.024425453051359236,8.086025573267639,8.27498240894389,0.10826094358586,-0.07850863091803251,6.850631156711711,1.7001359498500888,0.3506167935718695,0.033562610136079106,1.613488044832723,7.960849624855448,0.23897879002442105,-0.28765293973590633,3.725792878335215,3.071415679887777,0.26458949271788323,0.4453609936976514,8.058334673441971,5.047920451551386,-0.0020330119635293686,0.1249653894541699,2.2747498557629173,6.15291988796844,-0.37100427062212743,-0.005253238730922642,7.252951362944428,4.913279997654172,-0.05523245101477776,0.12184641594225004,5.5308024231646735,3.0833902853952795,0.0921157256840622,-0.11629302854423057,7.308624606179531,2.4507138923976464,0.306768059455452,0.041777352950607236
185,4.3810845686087605,3.1591702258321317,-0.07736881753931704,0.3615498584587313,1.7922471041986467,9.14230692426202,-0.12917172902790514,-0.5091283065556976,6.70593483825727,8.17086380291288,-0.7108149338774081,-0.2696511154873001,8.697856234566277,4.253382424468979,-0.657063296831909,0.3064392597803022,7.681466039298591,3.7869923841862296,-0.2542129662370759,0.17486274481351596,3.8716377970559863,2.272884668579708,0.13223238219741942,0.3266047736398351,2.615453554385315,9.15722210276974,0.22600989292368148,-0.4194036262819951,7.6256712356442655,5.6677895018568325,0.20865376438647396,-0.05643309723926496,6.13508810368706,2.6326946423194975,-0.24408474909381983,-0.02578653866604589,2.400148689105818,7.5548952386784185,0.2189968592420541,-0.2162889012764201,3.796616884002058,6.733288190119446,0.054745692025231614,-0.02476050368174243,8.091438620446931,8.271056977397988,0.1302101230563991,-0.06660764567709623,6.868161996390304,1.7018140803568926,0.359980179606835,0.040861813561724934,1.625436984333944,7.946466977868653,0.21490737227549297,-0.28076541069056293,3.739022352971109,3.0936837295726596,0.27911916051258767,0.43438672433734754,8.058233022843794,5.054168721024094,0.006121806452112416,0.13215602748970573,2.256199642231811,6.152657226031894,-0.36309356898962775,-0.0037560880527350337,7.250189740393689,4.919372318451284,-0.06587973152901802,0.12168396100326836,5.535408209448876,3.0775756339680678,0.06045653979767915,-0.10757377425913345,7.323963009152303,2.4528027600451767,0.3275621277323342,0.04944094713691324
186,4.377216127731795,3.1772477187550683,-0.05723636677990618,0.35856811058560384,1.7857885177472514,9.116850508934235,-0.14322484129635302,-0.5075832434288654,6.6703940915633995,8.157381247138515,-0.7187220771126147,-0.26847247396313423,8.665003069724682,4.268704387457994,-0.6364919472706946,0.30302231213237296,7.668755390986737,3.7957355214269053,-0.263037664864071,0.16615829781229716,3.878249416165857,2.2892149072617,0.14737413157943846,0.32336717040757057,2.626754049031499,9.13625192145564,0.21443604628547883,-0.42912313218810016,7.6361039238635895,5.66496784699487,0.21521262373477107,-0.0490474432368369,6.122883866232369,2.6314053153861954,-0.2479360395135176,-0.030955692997133955,2.411098532067921,7.544080793614597,0.18836271827373133,-0.2009486594866023,3.7993541686033194,6.732050164935359,0.05467613619874646,-0.024845153703487322,8.097949126599751,8.267726595114134,0.15186294674299883,-0.05495541818595587,6.886161005370646,1.7038571710349788,0.3689139368523756,0.04671836143891743,1.6361823529477186,7.932428707334124,0.19191923318257076,-0.273642845629709,3.7529783109967383,3.115403065789527,0.2947150808965179,0.422246500208386,8.0585391131664,5.06077652239858,0.015323614725904683,0.14115823768953864,2.2380449637823294,6.152469421629258,-0.3551206892818145,-0.002717034832433167,7.246895753817238,4.9254565165014474,-0.07319373851325188,0.12236417642719508,5.538431036438761,3.072196945255111,0.027499620723620617,-0.10171441080753338,7.340341115538919,2.4552748074020223,0.34490364911466603,0.05613364424470514
187,4.3743543093928,3.1951761242843486,-0.034272325844866655,0.35723681672329083,1.7786272756824337,9.091471346762791,-0.16676516973940342,-0.49368584233442875,6.634457987707768,8.143957623440357,-0.7262328777722712,-0.26666081853859896,8.633178472361147,4.283855503064613,-0.6141938571108015,0.2994749450513269,7.655603507743534,3.80404343631752,-0.27030365136624157,0.15740527600581866,3.885618122744829,2.3053832657820785,0.16135245193962217,0.31993661501923915,2.637475851345773,9.114795764846235,0.20077334295019364,-0.43842227261163647,7.646864555050328,5.662515474833028,0.21937057930678017,-0.04030023139310788,6.110487064256693,2.6298575307363388,-0.25026914449648974,-0.03603210585371278,2.4205166679816075,7.534033360640267,0.15893459086570366,-0.1862500110338435,3.8020879754132566,6.730807907250185,0.05424949322949578,-0.02467405732501562,8.105542273936901,8.264978824204835,0.17315513401650118,-0.04362613387561499,6.904606702213265,1.7061930891069246,0.3772922026504675,0.051427747891949926,1.6457783146068472,7.918746565052639,0.17093882886519177,-0.2648314902475049,3.7677140650415644,3.1365153907999463,0.3100739893709632,0.40687766905070166,8.059305293902696,5.067834434283057,0.024776434550123433,0.1517180543480355,2.220288929318239,6.152333569887636,-0.3522162219971351,-0.004350483917489949,7.243236066891575,4.9315747253228075,-0.07935005081500683,0.12296901767998397,5.539806017474942,3.0671112247147345,-0.003421525549992359,-0.09884270912740957,7.3575862979946525,2.4580814896142575,0.35967495562940605,0.06251605596307368
188,4.372640693100556,3.213037965120513,-0.008736781091792007,0.3580527235645987,1.7702890171954635,9.06678705464607,-0.1905647128221175,-0.47807300466219516,6.598146343819154,8.130624582513427,-0.73310442308706,-0.26453627803080554,8.602468779505607,4.298829250317179,-0.5901988644374044,0.2957820353486682,7.642088325175221,3.811913700117811,-0.27584694032729445,0.14952527747090083,3.89368574534181,2.3213800965330407,0.17379066874508023,0.31643388511160725,2.6475145184932827,9.092874651215654,0.21015514085993028,-0.4463694038579648,7.657833084015667,5.660500463263372,0.22084387760311253,-0.029615603353509413,6.097973607031869,2.628055925443653,-0.25073428983109114,-0.040556767454302534,2.428463397524893,7.524720860088575,0.13073394065055474,-0.17209130913717602,3.8048004500747314,6.729574204383934,0.05379800518165757,-0.02438300735563304,8.114200030637727,8.262797517511055,0.19401692658089326,-0.032686450855500086,6.923471312345788,1.708764476501522,0.3847281115640798,0.055315781594919476,1.6543252560501067,7.905504990540264,0.1521237301622842,-0.25415207165385983,3.7832177645101126,3.1568592742524815,0.3245031786357375,0.3902637490177236,8.060544115630202,5.075420337000459,0.03502251620038054,0.1616909939883191,2.202678118218382,6.152116045691762,-0.3474589506626062,-0.005327047441944781,7.239268564350825,4.937723176206807,-0.08419747491981659,0.12329053977894991,5.539634941197442,3.062169089258364,-0.03281295735846404,-0.09869645074947384,7.375570045776123,2.461207292412411,0.37036341997295386,0.06923827525142283
189,4.372203854045966,3.230940601298743,0.018804480819600206,0.36042260554471983,1.7607607815543576,9.042883404412962,-0.21343446367947072,-0.46172927993456453,6.561491122664801,8.117397768611887,-0.7392630860469933,-0.2622196649079847,8.572958836283737,4.313618352084612,-0.564518909550968,0.2915721037813569,7.628295978158857,3.8193899639913558,-0.27778278854847727,0.14403442122574073,3.902375278779064,2.337201790788621,0.18483679373983503,0.3130262395135533,2.658022275536279,9.070556181022756,0.2161485827247784,-0.4520274548570102,7.668875277895823,5.659019683095697,0.2206147569760669,-0.016729415919312943,6.085436892540314,2.626028087070938,-0.24875074895339128,-0.042791459022021514,2.4350000945574206,7.516116294631716,0.10356983308944329,-0.15793632359011028,3.8074903503338144,6.728355054016152,0.053717444661366236,-0.023786348702984707,8.123900876966772,8.26116319496828,0.21444331019543336,-0.022135124878651484,6.942707717923992,1.7115302655812679,0.39052777984635023,0.056913412758814605,1.661931442558221,7.892797386957571,0.1356592657958482,-0.24142712074424527,3.7994429234418994,3.1763724617033677,0.33781923625817023,0.3719274901890836,8.062295241440221,5.083504886699875,0.04550988937361739,0.1710721660492856,2.1853051706852518,6.151849693319664,-0.3427855702578954,-0.006500341311887208,7.235058690604834,4.943887703195754,-0.0876477587005106,0.12319225231343343,5.537994293329519,3.0572342667208905,-0.060809193444355765,-0.10180585165514257,7.394088216774771,2.464669206174982,0.37796891602188115,0.07690866883758159
190,4.373144078086947,3.2489617315759793,0.04768689492215453,0.3632232465673424,1.750089058370384,9.019796940416233,-0.23322407299248188,-0.4441206582180652,6.5245279683624515,8.104286785366488,-0.7445892643443938,-0.25961297516428705,8.54473289080619,4.32819695727368,-0.5374844569934042,0.2867733125963355,7.6144068387314325,3.8265916850526427,-0.27809740011752426,0.13930626377995234,3.9116171184660558,2.352853102764299,0.1944898956013119,0.30966962219694966,2.668829704672518,9.047954808279906,0.2187611582408831,-0.4554620231280511,7.679906015744626,5.658183212299732,0.22039495851546412,-0.0017609640617461085,6.072999355092644,2.623888514119837,-0.24469875777380581,-0.042526548110811635,2.4401785862118928,7.50821947845221,0.07743606631908043,-0.14370015502674435,3.810176222566883,6.727165736581003,0.054047679166602386,-0.022747092081832544,8.134623042476544,8.260056438724346,0.23440825402163196,-0.01206551917052923,6.962234106916309,1.7143759362192086,0.39340973538802054,0.05645937451693645,1.6687144058480134,7.880726030920359,0.1216308820044015,-0.2267092408528497,3.816333885254808,3.194968836212822,0.34932140533079825,0.3498484813714109,8.064570735908902,5.092058495002339,0.055670418987112266,0.1798176039097745,2.168165892172357,6.15152467625407,-0.3380651021838121,-0.00782693609301776,7.230676302669809,4.9500473158114255,-0.08943497901465569,0.12191964872339203,5.534953833657301,3.0521439741381333,-0.08762562115202788,-0.10685001653625276,7.4129866625758645,2.468514639616861,0.38289961526602273,0.08539612438443751
191,4.375528422833054,3.2671228939043466,0.06564398327340422,0.3543639437187649,1.73842785472076,8.99759090750533,-0.25107118928400485,-0.4261224009386691,6.487298505145231,8.091306136608274,-0.7486498013399239,-0.2564119751443791,8.517858667956519,4.342535622903497,-0.5096108515036734,0.28096585584963807,7.600501968725556,3.83355699824164,-0.27861717534423647,0.13592091180916052,3.9213416132461214,2.3683365838741466,0.20401806016687513,0.30629679167190904,2.6797677625845617,9.025181707123503,0.21802240299984668,-0.4567765986325627,7.690925763670399,5.658095164096644,0.21955898064821844,0.014870168302526965,6.060764417203954,2.6217621867142964,-0.24042564863579388,-0.04030691025492422,2.4440503895278467,7.501034470700873,0.05216701989326103,-0.12939793408615444,3.812878606525213,6.726028381976911,0.054814816649364724,-0.021236061717050926,8.146343455177625,8.25945316276582,0.2538890859427326,-0.0024804820880955283,6.9819045936857105,1.7171989049450553,0.3953658229251304,0.05317424179586998,1.6747959499482334,7.869390568877717,0.10897108642210704,-0.21122993546630645,3.833799955521348,3.2124612602813922,0.35986407671322546,0.32553366656542637,8.067354256858257,5.101049375197828,0.0661960792039206,0.18855704628805706,2.1512626370631662,6.151133329449419,-0.3332506945818595,-0.009241858997240964,7.226204553719076,4.9561432982475955,-0.08981656683292065,0.11916842777439787,5.5305725525997,3.0468014733113207,-0.11318849761496427,-0.11309952442540433,7.432131643339166,2.472784445836083,0.38474425496965414,0.09467009972694965
192,4.378810621996724,3.2848410910902848,0.08567020961512861,0.3436557688642479,1.7258742952565596,8.976284787458397,-0.266981021999993,-0.4081737436644229,6.449866015078236,8.078485537851055,-0.7453701194636221,-0.2526369011839556,8.492378125381336,4.356583915695978,-0.482992180086437,0.27250421507443434,7.586571109958344,3.8403530438320983,-0.2792052262014228,0.13268809967274886,3.9315425162544653,2.383651423457742,0.21341144819978833,0.30319028978715057,2.690668882734554,9.002342877191875,0.2139599780271933,-0.4561024986451899,7.70190371270281,5.65883867251177,0.2185527748957265,0.032340242002478134,6.048743134772164,2.6197468412015503,-0.21367656523602124,-0.046751660236089156,2.4466587405225098,7.494564573996565,0.02735162292871101,-0.11490270883543346,3.8156193473576816,6.724966578891058,0.056063949327277436,-0.01925060063846673,8.159037909474762,8.259329138661414,0.27284697353266407,0.0066187994911605305,7.001672884831967,1.7198576170348487,0.39646419422225143,0.049469367578359756,1.6802445042693388,7.858829072104402,0.09692754624237758,-0.19560758340265058,3.851793159357009,3.2287379436096635,0.3674751621877166,0.2996440493607602,8.070664060818453,5.110477227512231,0.07700909788353943,0.19686996229867526,2.134600102334073,6.150671236499557,-0.3283060776531629,-0.01071306507740945,7.22171372537743,4.9621017196363155,-0.09056802978422318,0.11681014970102742,5.524913127718952,3.0411464970900504,-0.13785938311825635,-0.12016051341785695,7.451368856087648,2.4775179508224303,0.3857331396123744,0.10512771975163074
193,4.38309413247748,3.3020238795334973,0.10759321966637907,0.3324145854342915,1.71252524415656,8.955876100275177,-0.28111061149803607,-0.3902079485646876,6.412597509105055,8.065853692791856,-0.7359467130414838,-0.24728375178479425,8.468228516377014,4.3702091264497,-0.456316383577648,0.2633542658218289,7.572610848648273,3.8469874488157356,-0.2798743386304456,0.1295993107983015,3.9422130886644546,2.3988109379470997,0.22208480914358258,0.30064355821827765,2.7013668816359138,8.979537752259615,0.20687321822151397,-0.45542292397119455,7.712831351447597,5.660455684611894,0.2173811871156085,0.04916915151881267,6.038059306510363,2.617409258189746,-0.18660306269543286,-0.049048066453008576,2.4480263216689453,7.488819438554794,0.0030826783672295334,-0.10027764827711437,3.8184225448240454,6.724004048859134,0.06091425121884276,-0.018475915577861324,8.172680258151395,8.259660078635973,0.2912924697937839,0.015201232804291863,7.021496094543079,1.7223310854137668,0.39699150794641164,0.0454944854376041,1.6850908815814576,7.849048692934269,0.08549909023394328,-0.17981224226857923,3.870166917466395,3.2437201460777016,0.37259625729372225,0.27162880833388187,8.07451451571263,5.120320725627164,0.08562652582867646,0.2044544171629388,2.118184798451415,6.150135583245686,-0.3230740355789594,-0.012205217719868128,7.217185323888219,4.967942227121367,-0.0916579904934374,0.1147547613845153,5.518020158563039,3.0351384714191574,-0.161545462799176,-0.12835924779071117,7.470655513068267,2.482774336810012,0.3855105017355061,0.11642967682245822
194,4.3884737934608,3.318644608805212,0.13048319885005294,0.32369220563063394,1.6984697135816582,8.936365702846942,-0.293956701397576,-0.3722746186248454,6.375800173452981,8.053489505202617,-0.7230538990609044,-0.24051328626178972,8.445412697198131,4.383376839740791,-0.4290848452819021,0.2534951472112084,7.55861713171675,3.853467414355651,-0.2805630639678317,0.12658307344253283,3.9533173291216337,2.4138431158580134,0.23102705558065534,0.2985737755663168,2.7117105425469896,8.956766606061056,0.1971155757735655,-0.45478782330289835,7.723700410803377,5.662914142187835,0.21611443455964213,0.06501851234244396,6.028729153375592,2.6149568548670956,-0.16033784086125014,-0.04815261069398992,2.448180455587307,7.483805556140938,-0.020355130086807182,-0.08555952847702358,3.8214682573849874,6.723080253080242,0.0648105427728169,-0.017454604425134912,8.187244881641083,8.260420140276187,0.30923337101362874,0.02316812075518908,7.0413456699404,1.724605809685647,0.3969466273252764,0.04128387214216819,1.6893658360931547,7.84005808082084,0.07471473989834529,-0.16324698048736355,3.888796730331081,3.2573015864943957,0.37255772996892655,0.24083877141714907,8.078795842004064,5.130543446485311,0.09196911419375443,0.21027323380987237,2.102031096672467,6.149525322359692,-0.31768140108286663,-0.013734784942910378,7.212602424363547,4.973679965190593,-0.09315299307610665,0.11291742324986889,5.50994288542308,3.028720509029622,-0.18425147224675062,-0.13781093438162112,7.489931038155042,2.4885958206511347,0.38385864282458787,0.12754366245034784
195,4.394997953403302,3.3348292190867435,0.15216742077340423,0.3160466418493725,1.6837718785117795,8.917751971915699,-0.30530796194044557,-0.3544975452415141,6.339647478499936,8.041463840889527,-0.7076480370275373,-0.2324734057178425,8.423958454934036,4.396051597101351,-0.4004124839080007,0.23745013712133414,7.544588978518359,3.8597965680277775,-0.2810990226006585,0.12354690950895768,3.9648686819006667,2.4287718046363294,0.24047959526304363,0.29713675871039147,2.721566321335668,8.934027214895911,0.18573224495157453,-0.4540650402905827,7.734506132531359,5.666165067804957,0.21481359708756095,0.07975494417952587,6.0207122613325295,2.6125492243323962,-0.1347983622016203,-0.0447313215927469,2.4471626990829662,7.479527579717087,-0.04299726719704049,-0.0709711515973315,3.824708784523628,6.722207522858985,0.06789790355722834,-0.01617634658947851,8.202706550191765,8.261578546313947,0.32656049787424735,0.03045332155966105,7.0611930013066635,1.7266700032927553,0.39551136834071066,0.036288662790986206,1.693101573088072,7.831895731796472,0.06464303163637858,-0.14586892443801663,3.9074246168295272,3.269343525065253,0.36799316566636286,0.20836691196204044,8.083394297713753,5.141057108175805,0.09744338842673803,0.2156098287640054,2.086147026618324,6.148838583112547,-0.31211416521071716,-0.0152696040802154,7.207944774709742,4.979325836353087,-0.09606601176466618,0.11033323500463202,5.5007303118107425,3.021829962310541,-0.20668178935061338,-0.14816113715066218,7.5091239702962715,2.494973003773652,0.3820720021656132,0.1370718113696918
196,4.402606324441972,3.350631551179212,0.17122333118190108,0.3097589515973068,1.6685064804147571,8.900027094653623,-0.3154111727472922,-0.33692592012802686,6.304265076648559,8.029840170603634,-0.6887941446415777,-0.22361600947283974,8.403937830738636,4.407924103957418,-0.3771586287987859,0.21963425068344122,7.530534027388326,3.8659739135032254,-0.28130228300751026,0.12037382606948833,3.9768926616638187,2.443628642571849,0.2505126081896222,0.29636635130750355,2.7308529335832468,8.911323962881383,0.1715007657836363,-0.4537871379882505,7.745246812385737,5.670152815013933,0.2134236625924695,0.09238792214201977,6.013972343222449,2.610312658252759,-0.11020193482058165,-0.04004386108082406,2.445012835723114,7.475979022137221,-0.06480998481359856,-0.05681078226072643,3.8281036797014893,6.721398705529511,0.07018049993674685,-0.014654231250884787,8.219034575085477,8.26310121239193,0.34327585309170416,0.037009956909649984,7.080968569723699,1.7284844364323046,0.39674344850228216,0.029360161512824202,1.696333724669891,7.824602285574571,0.05543873486866694,-0.12745736855174802,3.9258242751128454,3.2797618706633553,0.36044483494212354,0.17531328733206608,8.088266467135089,5.151837599614005,0.10202238226874376,0.22058693655709813,2.070541318357788,6.148075102908536,-0.30578030743598267,-0.016735981439099018,7.203141474121509,4.984842498103318,-0.0994196190467087,0.10699717644759849,5.490396222343212,3.0144219054530077,-0.22900876988182906,-0.15882879127754473,7.528227570404552,2.5018265943421367,0.38084223876207834,0.1450826480603561
197,4.411167491001067,3.3661194987590775,0.18779673495759308,0.30437014818975694,1.6527359217773925,8.883180798647222,-0.3243378579017302,-0.31955309438625895,6.26982536941648,8.018659370129992,-0.667413507055461,-0.21397870209717026,8.385079899298697,4.41890581649159,-0.3541536767256887,0.20283117233003622,7.51646891323795,3.8719926048067,-0.2821276057994443,0.11778031603033762,3.9894182920733,2.4584469601372243,0.26094150920633435,0.29628399531952443,2.7394279718724284,8.88863460598197,0.1543687577079222,-0.45236110850353145,7.755917995515361,5.6747722111210335,0.2124818238958705,0.10263515937732746,6.00846224648142,2.6083104651987177,-0.08692061538117048,-0.034121502970276996,2.441772336482434,7.473138483024185,-0.08566155369129555,-0.04335211903555248,3.8316127046983266,6.720665993966967,0.07115762681822707,-0.012843007960024133,8.236198367740062,8.264951710237414,0.3591011038365238,0.04287462144934477,7.100805742148813,1.729952444507946,0.39630949949369815,0.02302215003940692,1.6991056614133244,7.818229417146983,0.04712984887709361,-0.10810790228750013,3.9438465168599515,3.2885275350299588,0.3519117281978341,0.14192027683497288,8.093367586248526,5.16286694644186,0.1051551051680615,0.22394053489844393,2.055252302985989,6.147238303836581,-0.29788730689286513,-0.01807953299661011,7.198170493169173,4.990192356925698,-0.10287117166127836,0.1030184408665581,5.47894578384912,3.0064804658891306,-0.2505374654055679,-0.1698052570690086,7.547269682342656,2.5090807267451547,0.380143469110725,0.15202935259703249
198,4.420557327748947,3.381338006168565,0.20125882246960938,0.2972207088846899,1.636519028882306,8.86720314392791,-0.3322788476344725,-0.302306107460657,6.236454694063706,8.007960435025133,-0.6444646265618201,-0.2036450627138542,8.367372215462412,4.429047375108092,-0.33118249813443734,0.18666988698925024,7.502362532947978,3.8778816206082167,-0.28258347441614445,0.11472902071262817,4.002465367533617,2.4732611599032004,0.27198148747209666,0.29688933985903265,2.7471464097578244,8.866016550556793,0.13591585854992125,-0.45061885113943717,7.766542086710155,5.6799039690899,0.2117664232447732,0.11157321635293056,6.0041162157123615,2.6066043900502036,-0.06587167019264814,-0.026594799046336336,2.4374892587978696,7.470970877072407,-0.10554811740961449,-0.030688751644919847,3.8351705860392378,6.720023843568965,0.07028986812691619,-0.010690285817387356,8.25415342293189,8.26709544130988,0.3719157090725773,0.04836379013799967,7.120621217123498,1.7311035520099163,0.39425350730762865,0.017107639997931624,1.701462153857179,7.812824022032609,0.03964170096268397,-0.08830948042775891,3.9614421032698433,3.2956235488717076,0.3433962674086305,0.10837501223326543,8.09862534150693,5.174063973186782,0.10607176462753319,0.22687032912801097,2.0403579376413457,6.146334327186751,-0.2886056403160028,-0.019291869398996537,7.1930269345861095,4.995343278969027,-0.1059938854506222,0.09853945467778877,5.466418910578842,2.9979902030356804,-0.2704383759618843,-0.18026708145632053,7.5662768557981925,2.516682194375006,0.37941086544155844,0.15808192636731713
199,4.430620268872427,3.3961990416127996,0.21317292222251236,0.2874764752466417,1.6199050865005824,8.852087838554876,-0.33921303594080415,-0.28523769158045376,6.204231462735615,7.997778181889441,-0.619811339329898,-0.1927759642591404,8.35081309055569,4.438380869457554,-0.3077992249501379,0.17091384319747932,7.488233359227171,3.883618071643848,-0.28261829805732547,0.11119192500199299,4.016064441907222,2.488105626896152,0.28347825785402414,0.29808548857122064,2.7539422026853204,8.84348560799982,0.11857906828626845,-0.44783871187944313,7.777130407872393,5.685482629907547,0.21070336956232674,0.11915489215063145,6.000822632202729,2.6052746500978867,-0.047339627987314434,-0.017903710191069767,2.432211852927389,7.469436439490161,-0.12432853962030785,-0.01885572240455005,3.838685079445584,6.719489329278096,0.06875100323121479,-0.008534476154151215,8.272749208385518,8.26951363081678,0.3818136563839787,0.05348697811209502,7.140333892488879,1.731958934009813,0.3907083590094843,0.011513054907055998,1.7034442389053133,7.80840854801122,0.03292647031893473,-0.06880020069982312,3.9786119166402747,3.301042299483371,0.3344555960242959,0.0778801553988538,8.103928929738306,5.1854074896431825,0.1044278308991959,0.22971087024490427,2.0259276556255457,6.145369733716801,-0.27807764508723537,-0.02036260453690619,7.187727240313579,5.000270251702916,-0.10854311613049185,0.09366913344868855,5.452896991780747,2.9889768489628645,-0.28664851028929594,-0.18833218817605282,7.585247399070271,2.524586290693372,0.37826644098818074,0.16377523872915356
200,4.4412789149835525,3.4105728653751317,0.22443207123746214,0.2758450080532766,1.6029444347035422,8.837825953975853,-0.3464876308437964,-0.26701233166376676,6.17324089576912,7.988139383676484,-0.593803472470462,-0.18157270726465455,8.335423129308182,4.4469265616174285,-0.28403874973184184,0.15627101002420432,7.474102444324305,3.889177667893948,-0.2821230888849574,0.106995240194454,4.030238354799923,2.503009901324713,0.295162145097295,0.29987158105372785,2.7598711560996336,8.821093672405848,0.10136599491342757,-0.44376006848294636,7.78766557635051,5.691440374515079,0.2093862138286222,0.12538923140274574,5.998455650803363,2.6043794645883334,-0.031273866540361614,-0.007696455751477406,2.4259954259463736,7.468493653369933,-0.14210652197447196,-0.007688310153315996,3.8421226296071445,6.719062605470389,0.06702993960242203,-0.0063018539851930275,8.291839891204717,8.272187979722386,0.3889013281407231,0.058256277663939614,7.159869310439354,1.7325345867551658,0.3862165235494175,0.005579763069482946,1.70509056242126,7.8049685379762295,0.026830817664167696,-0.0498696686616113,3.9953346964414895,3.3049363072533136,0.3245435030405732,0.0514392488741956,8.109150321283266,5.196893033155428,0.10084862674220108,0.2325368916703303,2.012023773371184,6.144351603489955,-0.26652962216138165,-0.02129010524307222,7.182300084507054,5.00495370837535,-0.11064621200468218,0.08844414297649102,5.438564566266282,2.9795602395540617,-0.29924579252015,-0.1937475916464498,7.60416072111968,2.5327750526298294,0.376274601281283,0.16926811631682961
201,4.452500518545426,3.4243651157777957,0.23585411378611862,0.26378724248001345,1.5856200531613525,8.824475337392665,-0.3548437177535674,-0.2477188073388728,6.143550722145597,7.979060748313251,-0.5668330293409225,-0.17057348441981546,8.321221191821591,4.454740112118639,-0.2598202575219305,0.14269910989488607,7.459996289880057,3.8945274299036705,-0.28089991999030883,0.10197291222001534,4.0449964620547885,2.5180034803773994,0.30815324564699287,0.302038599370414,2.764939455845305,8.7989056689817,0.08392078380092834,-0.43866076707024476,7.798134887041941,5.697709836085216,0.20642070505469926,0.1305536374788194,5.996891957476345,2.6039946418007593,-0.017877008861471387,0.003786025161923244,2.41889009984765,7.468109237862267,-0.15993608320799246,0.0040079390932812944,3.8454741265872654,6.718747512771129,0.065074355538296,-0.003962162502708687,8.311284957611752,8.275100793605583,0.39529278039358795,0.06237969569706263,7.179180136616825,1.73281357490864,0.3808733124797144,-0.0006291846039570342,1.7064321033044685,7.802475054543149,0.020906361470124535,-0.03228259998466275,4.011561871593519,3.3075082696970233,0.31421236556222165,0.028626106038101694,8.114192752620376,5.2085198777389445,0.09660480099363826,0.23496068977694107,1.998697292263115,6.143287098227802,-0.25411782809495254,-0.022089514822557874,7.17676777390682,5.009375915524174,-0.11231570271458304,0.08294894229778485,5.423602276640275,2.969872859971739,-0.30776199240694885,-0.1965945458505919,7.622974451183744,2.5412384584456706,0.37344716964721447,0.17449789751235098
202,4.464293224234732,3.4375544779017964,0.24790569016207992,0.25115334213564167,1.5678778672736742,8.812089397025721,-0.3640154927369734,-0.22748093086401547,6.115209070678551,7.97053207409226,-0.5390198420993683,-0.1599255937030243,8.308230178945495,4.461875067613383,-0.23476376721984463,0.13004934726442344,7.445951293880542,3.8996260755146714,-0.27949541364968594,0.0969836096891306,4.060404124337138,2.5331054103459203,0.3227048121881878,0.30429788493215437,2.7691354950353517,8.776972630628187,0.0659941638539717,-0.4326728185184707,7.8084559222946766,5.7042375179591565,0.2016156062081445,0.13481272350656084,5.995998107033271,2.6041839430588554,-0.00649738246815321,0.016246185417355376,2.4108932956872504,7.468309634816931,-0.17773844088163748,0.016236620240379834,3.84872784436418,6.7185494046459935,0.06289574206929137,-0.0015256432747867243,8.331049596631432,8.278219778390437,0.40077125489138304,0.06636648274802508,7.198223802240811,1.7327821156784422,0.3748302124951878,-0.00680626986947427,1.7074774213779746,7.800860924543916,0.015359715277454666,-0.015736165820615506,4.0272724898716294,3.3089395749989285,0.30400603424956524,0.00848625387192585,8.119022992670057,5.220267912227792,0.09180170337303184,0.2370051259262402,1.9859914008583675,6.142182622486674,-0.24108383455275817,-0.02278419079896838,7.171151988771091,5.013523362639064,-0.11349067827369845,0.07729915101238923,5.408214177019928,2.9600431326792096,-0.3126495721609438,-0.19648153941386023,7.6416468096661045,2.549963353321288,0.3703620935833431,0.1795801229393825
203,4.476688508742836,3.4501121450085783,0.2583336002515727,0.2391387668330408,1.5496770926368255,8.80071535048252,-0.37361187630859816,-0.20685862380186643,6.088258078573583,7.962535794407109,-0.5106907081119415,-0.14932742518090478,8.296491990584503,4.468377534976605,-0.20885734448558407,0.1182614536413098,7.431976523198058,3.904475255999128,-0.27792445239783103,0.09211127084280472,4.076539364946547,2.548320304592528,0.3362142809224522,0.30537593970670696,2.77243520322805,8.755338989702263,0.04726748566135618,-0.4256825698085537,7.818536702605083,5.710978154134485,0.1950005560711015,0.13815516758369498,5.995673237909863,2.604996252329723,0.003299911969732075,0.029836156184853392,2.4020063736431685,7.46912146582895,-0.1952459001049079,0.028543399118353394,3.8518726314676446,6.718473122482254,0.06051751897792746,0.0009223632582995756,8.351088159376001,8.281538102527838,0.40477952978931603,0.07078889183544458,7.216965312865571,1.7324418021849686,0.3682616420601406,-0.01207038259532819,1.7082454071418474,7.800074116252885,0.010087995508811287,-0.00031412261630794913,4.042472791584108,3.3093638876925247,0.29423308234860623,-0.010130324110976679,8.123613077838709,5.232118168524104,0.08626983466191791,0.238704740264817,1.9739372091307295,6.1410434129467255,-0.22774067916869445,-0.023428310115680404,7.165477454857406,5.017388320189683,-0.11420927000846541,0.07153992001125054,5.39258169841188,2.9502190557085166,-0.3157937518180454,-0.18975818838231842,7.6601649143452715,2.5589423594682574,0.3678172438448644,0.1841742578512773
204,4.489605188755414,3.4620690833502303,0.2679833627628261,0.23128614620158444,1.5309964988213955,8.790372419292426,-0.38289356821743453,-0.18602539974371518,6.062723543167986,7.955069423148064,-0.4821291130296585,-0.13883740481638185,8.286049123360224,4.47429060765867,-0.18218283543712216,0.10724928317750937,7.418080300578167,3.909080819541268,-0.27894879435361203,0.08758765269602757,4.093350078992669,2.5635891015778633,0.3451843731594479,0.2998500545568704,2.774798577511118,8.734054861211836,0.02758787224992964,-0.41735502234775923,7.828286730408639,5.717885912513669,0.1879101082280267,0.1405069558288365,5.99583823350835,2.606488060138966,0.011479061001371174,0.04470464658278354,2.392244078637923,7.470548635784867,-0.2119670116409339,0.03996407374041226,3.854898507416541,6.718519240645169,0.05791249872307707,0.003414336412546383,8.371327135865467,8.28507754711961,0.4057169651927823,0.07499694138609708,7.235378394968578,1.7318382830552022,0.3614626847718754,-0.016227042511371473,1.708749806917288,7.80005841012207,0.004670411253473571,0.013814276278955723,4.057184445701538,3.308857371486976,0.28895949397434917,-0.023059760675422175,8.127926569571805,5.244053405537345,0.07996361258073352,0.24014959010238837,1.9625501751722947,6.139871997440942,-0.21407199599742216,-0.02402625818443329,7.159766991356983,5.020965316190246,-0.11452660849001085,0.06563441883930402,5.376792010820978,2.9407311462894006,-0.3179828355879629,-0.1789317608927993,7.6785557765375145,2.568151072360821,0.36481491541921857,0.18738673102024647
205,4.503004356893555,3.4736333906603094,0.27414326996971905,0.22567791015693914,1.5118518204105238,8.781071149305241,-0.39131574326721635,-0.1657078512303027,6.038617087516504,7.948127552907245,-0.4535429042093155,-0.12849295389556162,8.276939981588367,4.479653071817546,-0.1549633044970663,0.09687003059472091,7.404132860860486,3.9134602021760694,-0.27921249014497573,0.08306452554251176,4.110609297650642,2.578581604305707,0.35020094183508516,0.2886713680870771,2.7761779711236145,8.713187110094449,0.006285942597238751,-0.40867727971751594,7.83768223582004,5.72491126030511,0.18024125095158702,0.14201414020391398,5.996412186558419,2.608723292468105,0.019442290717195304,0.06020045649546512,2.3816457280558763,7.472546839471888,-0.22785847122517006,0.05049678444163945,3.857794132352695,6.718689957465797,0.055162323276805175,0.006039972982702004,8.391612984125107,8.288827394188914,0.4037668498548144,0.07898472197198213,7.2534515292071715,1.7310269309296336,0.35462476392732045,-0.01933896543857227,1.7089833274799617,7.800749123936018,-0.0007802535797144863,0.026794937075121192,4.071632420400256,3.307704383453205,0.2886333891396734,-0.03199237276672505,8.131924750200842,5.256060885042465,0.07347217055602573,0.24124991540740323,1.9518465753724237,6.13867068453172,-0.20022897669076245,-0.024603572615281052,7.154040660932482,5.024247037132211,-0.11426731003131545,0.05967308823177056,5.36089286904158,2.9317845582447606,-0.31765771199475173,-0.16900615106575767,7.6967965223084756,2.5775204089118335,0.3595333228862262,0.18832365242678376
206,4.516711520392041,3.4849172861681565,0.2781141675399715,0.22143256299981842,1.492286033247163,8.772785756743726,-0.3989462732669493,-0.14589727300325955,6.015939942306038,7.941702905212467,-0.42523020620268553,-0.11881593045496218,8.269191816363513,4.484496573347282,-0.12742173860198575,0.0861118653246308,7.390172236353237,3.917613428453195,-0.27879156102598485,0.07853588011647683,4.128119344742396,2.5930151727100608,0.35067712296966674,0.27243909361436364,2.7764922682534765,8.692753246108573,-0.01575881292119768,-0.39900667867739104,7.846694298367619,5.732011967315306,0.17218831624537592,0.14267748676831118,5.997384301094279,2.6117333152928786,0.027853103631566796,0.07636411559122928,2.370252804494618,7.47507167869397,-0.2428377010926284,0.060231015675236255,3.8605522485165356,6.718991956114932,0.05301074163179327,0.008664801909920918,8.411801326617848,8.292776630287513,0.39922770916842165,0.08274867445074857,7.271182767403538,1.730059982657705,0.34758518268809696,-0.02163675187554727,1.708944314800976,7.802088870789774,-0.0063740589673306446,0.03885160890315273,4.086064089857239,3.3061047648148687,0.28896677989711494,-0.039638851479283796,8.135598358728643,5.268123380812835,0.06639114769740603,0.24162238681166512,1.9418351265378855,6.137440505900956,-0.1860415334343843,-0.025132914992839404,7.148327295430916,5.027230691543799,-0.11285580312516368,0.05404419433483319,5.345009983441842,2.9233342506914726,-0.31491997939060573,-0.1602511250530986,7.714773188452787,2.586936591533173,0.3520147393500781,0.18708125814709517
207,4.53061722876904,3.4959889143181475,0.2800936053829366,0.21820832610914478,1.4723387195838156,8.765490893093563,-0.4054680764075896,-0.12636287587801542,5.9946784319959034,7.935762108689719,-0.3965772878639099,-0.10969709184669725,8.262820729433413,4.488802166613513,-0.09940989205962734,0.07479822127307899,7.376232658301938,3.9215402224590186,-0.2778359387552815,0.07396858443106633,4.145653200890879,2.606637127390779,0.3485495094699061,0.2538735074050665,2.7757043276074165,8.672802912174705,-0.03791600068107394,-0.3889730078645458,7.855303714179888,5.7391458416537215,0.16351922150403148,0.1425451962499342,5.998776956275857,2.61555152107244,0.03660381799323443,0.09271091740864643,2.3581109194399863,7.478083229477732,-0.25692951614704507,0.06936853363411573,3.863202785598125,6.719425196210428,0.05189601966302324,0.01116771102636789,8.431762712076269,8.29691406401005,0.39225344865940753,0.08630098424696267,7.288562026537942,1.7289781450639277,0.3395204179500141,-0.023668877430526116,1.7086256118526095,7.804031451234931,-0.012215539535381983,0.050058475703937795,4.100512428852095,3.3041228222409047,0.2885207177345964,-0.04816344966053151,8.138917916113513,5.280204500153418,0.0591875285152962,0.2415017348452386,1.9325330498661664,6.136183860151314,-0.1716319183349542,-0.025606936064407535,7.142684505274658,5.029932901260541,-0.11026805443372405,0.04904386792489724,5.329263984472312,2.9153216944388176,-0.30990827445398217,-0.1525497325813083,7.732373925420291,2.5962906544405278,0.3423795024907565,0.18392509348604533
208,4.544621909038186,3.5068993306236047,0.2802308543907577,0.21579923731127748,1.452065315763436,8.759172749299662,-0.4103048029687783,-0.10724535363833036,5.974849567602708,7.930277254097384,-0.3676360022537109,-0.1011264870753216,8.257850234830432,4.492542077677167,-0.0707415063155325,0.0628758811780358,7.362340861364174,3.925238651680572,-0.2765212871617156,0.06937449832047443,4.163080676364374,2.619330802761032,0.34432503585938573,0.23374019386842249,2.7738085275733626,8.653354261781477,-0.05981688846841601,-0.3788913404114952,7.863479675255089,5.746273101466218,0.15314719225913173,0.14164189875483726,6.0006071471755185,2.620187066942872,0.045883839481900966,0.10835228782433398,2.345264443632634,7.4815516561594375,-0.26993080909099954,0.07815444155829099,3.865797586581276,6.719983581761746,0.05161810369353224,0.013358579769131887,8.45137538450924,8.301229113222398,0.3836463263573522,0.08976504862152875,7.3055380474354426,1.7277947011924013,0.33054720839009666,-0.02558899877992044,1.7080148348758404,7.806534375020128,-0.018330533897378633,0.06062418577168682,4.114938464738825,3.301714649757878,0.2869647187386963,-0.05826406170486592,8.141877292539277,5.292279586895679,0.05187351408048174,0.24089524319571523,1.9239514539494187,6.134903513348093,-0.15704243876933377,-0.026013546517908877,7.137171102552972,5.032385094656786,-0.10735104968454516,0.04432585518964963,5.3137685707496125,2.9076942078097523,-0.30089581225524786,-0.14899910475366396,7.749492900544828,2.60548690911483,0.3311731244480586,0.17901951238427016
209,4.558633451757724,3.5176892924891687,0.2787084753947431,0.21374423065075646,1.431550075614997,8.753810481617744,-0.41350777888266055,-0.08865261900345411,5.956467767490023,7.9252209297436185,-0.33852900082987514,-0.09267763149642222,8.254313159514655,4.495685871736069,-0.0415079731715353,0.05042163891877181,7.3485147970060885,3.928707376596596,-0.27507831570864494,0.06479847688759785,4.180296928157343,2.631017812454453,0.3378681585681832,0.21159635009839534,2.7708176831499416,8.634409694760903,-0.0814516132046297,-0.36887530363280674,7.871137034868045,5.75335519640396,0.14148798580914623,0.13993862655371642,6.002901339149614,2.6256046813340888,0.05579599505050067,0.12347602319258578,2.331767903178084,7.485459378237352,-0.2821444639071502,0.08661162912147191,3.8683784917659527,6.720651510750203,0.05144987293641497,0.014160390484479415,8.470557700827106,8.305717365653475,0.37379799991272633,0.09311317898177444,7.322065407854947,1.7265152512534052,0.320896904966692,-0.02716735883083711,1.7070983081809714,7.809565584308713,-0.024657136296727847,0.07033534032200077,4.12928670067576,3.298801446672635,0.2842297637109968,-0.06823085759638928,8.1444709682433,5.304324349055465,0.0447471335773041,0.23971615724441675,1.916099332010952,6.133602836022198,-0.1416161830067567,-0.026244674214952,7.131803550068745,5.034601387416268,-0.10446367738451635,0.03975033294567303,5.29872378013685,2.9002442525720693,-0.28608416680704,-0.15001328625955265,7.766051556767231,2.6144378847340435,0.3188853363549685,0.17259384557518814
210,4.572568875527462,3.5283765040217068,0.28561767445375263,0.20636434414276847,1.410874686670864,8.749377850667571,-0.4148269403126618,-0.07050892937103834,5.939541317448529,7.920587048168797,-0.30930556173247065,-0.08424029526018374,8.25223776085608,4.498206953682008,-0.013474645115199854,0.03994055403555877,7.334760881220657,3.9319473004409757,-0.2737782381957846,0.060196378050103,4.197190336085752,2.6415976299593726,0.33028416042451025,0.1881848928578138,2.7667451024897103,8.615965929579263,-0.10262276132598666,-0.3585129549272766,7.878211434158502,5.760352127731646,0.12882146086245663,0.13740964077770923,6.005691138902139,2.631778482493718,0.06615284299237613,0.1381649337365044,2.3176606799827266,7.489789959693426,-0.2943629899128951,0.09454389869468358,3.8709509854127733,6.721359530274428,0.051874960969495065,0.014277853485995131,8.489247600822742,8.310373024602564,0.3629735282006139,0.0962253660320574,7.338110253103282,1.7251568833118633,0.3104659684513607,-0.02815368531670938,1.705865451366135,7.813082351324812,-0.030653731992342663,0.07915636953805187,4.14349818886131,3.2953899037928154,0.2811127518509838,-0.07691531617998265,8.146708324922166,5.316310156917686,0.03759759666963122,0.23837953547191887,1.9090185228606142,6.132290602311451,-0.12602377780675214,-0.026439043715920606,7.126580366199519,5.036588904063552,-0.10052723204400217,0.03651822377154069,5.284419571796498,2.8927435882590915,-0.26680872057090643,-0.15426282995619459,7.781995823584979,2.6230675770128027,0.30556056453346964,0.16478281631979796
211,4.586849759250149,3.538694721228845,0.29075445601214706,0.19844701521882782,1.390133339655231,8.745852404199018,-0.4143561310466906,-0.05286938774506177,5.924076039361905,7.916375033405788,-0.2799550604335662,-0.07583214294814342,8.251564028600319,4.500203981383786,0.013835678600010108,0.03179570673192984,7.321071969310867,3.9349571193434807,-0.2727019612228947,0.05529182214821797,4.213704544106978,2.6510068746022633,0.3213831931841767,0.16416850062682625,2.761613964423411,8.5980402818329,-0.12296373893514423,-0.3477139902778377,7.884652507201626,5.767222609770531,0.11506797518283017,0.13347178429723,6.008998781051758,2.6386867291805434,0.0772148094115961,0.15226932984131702,2.302942530487082,7.49451715462816,-0.30634336407032386,0.10201148226158764,3.873544733461248,6.722073422948728,0.05279201642732549,0.014503354364873069,8.507396277232772,8.315184292904167,0.35134543537520113,0.09908964544379055,7.35363355152585,1.7237491990460279,0.29887845595822715,-0.028681227913392286,1.704332764766518,7.817040169801715,-0.036593840366103844,0.08661735636089542,4.157553826453859,3.2915441379838164,0.2776656762902948,-0.08548500527500294,8.148588204755647,5.3282291336912815,0.03026441785140536,0.23690252613452345,1.9027173339702765,6.130968650125655,-0.1104324052572183,-0.026610998890221425,7.12155400459732,5.038414815252129,-0.09660444063748991,0.0334622036681457,5.271079135767953,2.8850304467612817,-0.246243836623534,-0.16118889191426916,7.797273851811653,2.6313067178287928,0.29130857242703195,0.1555043944707856
212,4.6013874820507565,3.5486170719897867,0.29268800423909963,0.1893479973901249,1.3694155331028963,8.743208934811765,-0.41220555411247223,-0.03576836961428251,5.910078286340227,7.91258342625838,-0.25047838802260125,-0.06750057887934917,8.252255812530318,4.5017937667203825,0.04089241733425541,0.024883838129892415,7.307436871249722,3.9377217104508917,-0.27176495869816114,0.0492851655610941,4.229773703766186,2.6592152996336047,0.3119299635780251,0.14030384692027564,2.7554657774766538,8.580654582319008,-0.14208933015361574,-0.33668650440056225,7.890405905960767,5.773896198985393,0.09847911294251568,0.12886752106607174,6.012859521522338,2.6463001956726093,0.0890816739736307,0.16605905216473468,2.287625362283566,7.4996177287412396,-0.3179126658543624,0.1089791378309026,3.8761843342826143,6.722798590666971,0.05428782441775728,0.014787612757512527,8.524963549001532,8.320138775176357,0.3389441108646268,0.10166618939333498,7.368577474323762,1.7223151376503583,0.2860297166322269,-0.029048374993061225,1.7025030727482129,7.82137103761976,-0.04206268461594839,0.09368492198084094,4.171437110268374,3.287269887720066,0.2732120988165352,-0.09386763338803433,8.150101425648218,5.3400742599980076,0.022638565326171138,0.23517658032653005,1.8971957137074156,6.129638100181144,-0.09507350572346968,-0.026785537180815198,7.116723782565445,5.040087925435537,-0.09267236729767,0.030795914495079086,5.258766943936776,2.8769710021655683,-0.2263398653687084,-0.16788004749693555,7.811839280433005,2.6390819375523322,0.2759676660454249,0.14485503375444267
213,4.616021882262712,3.558084471859293,0.2908194906400615,0.17927138217577707,1.3488052553972727,8.74142051633105,-0.4083048298355719,-0.019022414862314124,5.897554366939096,7.909208397314413,-0.22088327224177087,-0.059197216003172334,8.254300433397031,4.503037958626877,0.0683469604479639,0.017288188023223943,7.2938486233148145,3.9401859687289464,-0.26983502474785614,0.04227003042186719,4.245370201945088,2.6662304919796185,0.3003400713694489,0.11616436513736243,2.748361310968973,8.56382025709898,-0.15949043680921343,-0.3254277554817905,7.895329861607893,5.780339575038697,0.080262856145202,0.12392848089695191,6.01731360522102,2.654603148280846,0.10136325722319964,0.17872375171917804,2.271729728990848,7.505066685632785,-0.32896614308205024,0.11557442232268002,3.878898725503502,6.723537971304847,0.056447711597489604,0.015152196604625481,8.541910754544762,8.325222084646024,0.3256458198966855,0.10389592818760215,7.382878960155373,1.7208627189007053,0.2723429836844005,-0.028945419110158035,1.7003999385174156,7.8260552837188015,-0.047087608372667025,0.10045796689484812,4.185097715209201,3.282576506050664,0.26783255722572535,-0.10254456986545704,8.151233353914527,5.351833089014334,0.014623850608306148,0.2332798105868426,1.8924420384212421,6.128298823322104,-0.0800737033128671,-0.026927116338022358,7.112090164200561,5.041627721160291,-0.08888739822115577,0.028569445574371383,5.247449950668341,2.8685769997907213,-0.206285180789336,-0.17374195755698366,7.825637663735276,2.6463246892400543,0.2587556342637515,0.1333324016622052
214,4.630562856794715,3.567048040968082,0.2861009735005075,0.16831466265806924,1.328390013905494,8.740469395587935,-0.40291938962010354,-0.002305550157228369,5.886510203327008,7.906248536514254,-0.19124564344805445,-0.05087715339564555,8.257717781419428,4.503902368028038,0.09603819062584323,0.008981567753210134,7.280356872077422,3.94229947025004,-0.26599539672196676,0.03404209796871167,4.26038720551356,2.6720387102364866,0.2840605959785378,0.09112502607181067,2.7403867891285123,8.54754886932489,-0.1750539292861536,-0.3139830400713195,7.899343004415153,5.7865359990835445,0.06022981550246365,0.1186901166325829,6.022381768082179,2.663539335866805,0.1130096382437456,0.19056939479249843,2.255281421836745,7.510845406748919,-0.3391286962732352,0.1220827406574979,3.8817211110833765,6.7242955811350775,0.05913171657483507,0.015564508521796364,8.558193045539596,8.330416881055404,0.30973713158987703,0.10145963061445296,7.3964961093395925,1.7194154479451973,0.2580124937509098,-0.028442764432901092,1.698045558098782,7.831078182063544,-0.05162310348997373,0.10701855254266955,4.198489343070487,3.277449277557391,0.2613010489587995,-0.1122350773668208,8.151964546444942,5.363497079543676,-0.008267183577580236,0.2113611770066348,1.8884383532555988,6.126952467505203,-0.06523807444571775,-0.027027525076967037,7.107645794289503,5.04305619343901,-0.08540651267077601,0.026615129599062964,5.2371356916288745,2.8598899019128723,-0.1870696610630596,-0.17914015428402108,7.8385754454484635,2.6529913093231645,0.24118874771952387,0.1217364133885846
215,4.64486790546974,3.5754637741009856,0.2800392388688499,0.15729042821416628,1.308244044424489,8.740354118080074,-0.3957247081544778,0.014225175202688317,5.876947921154605,7.903704678844472,-0.1617263864986297,-0.04262796667122119,8.26251969095072,4.504351446415699,0.12333149423473758,0.00041237263168341504,7.267057102241324,3.9440015751484756,-0.26160607529044916,0.025780541790380293,4.274590235312487,2.676594961540077,0.2640231863153374,0.0658206370718717,2.7316340926642044,8.531849717321323,-0.18958993901506213,-0.3024117094941844,7.902354495190276,5.7924705049151735,0.04074025150090344,0.11356490433573938,6.028032249994367,2.67306780560643,0.12253201370818499,0.20279425900715717,2.2383249870230832,7.516949543781793,-0.3484009482964553,0.128543868504931,3.884677696912118,6.725073806561167,0.06217212976078916,0.01604644164429714,8.57367990211909,8.335489862586126,0.29386111109875385,0.0991662843509847,7.409396734027138,1.7179933097235522,0.24306057771191977,-0.027341664267504163,1.6954644029242834,7.836429109690677,-0.055695106929042525,0.1134101322004626,4.211554395518427,3.27183752368905,0.25370474245598046,-0.12330640246032856,8.151551187266064,5.374065138394008,-0.029871228313011908,0.19009128485051066,1.885176449533313,6.1256010912513545,-0.05059871324300092,-0.02702778460600956,7.1033754686559645,5.044386949918962,-0.08209057105388319,0.024810695836035773,5.2277822085757215,2.8509328941986714,-0.1695682591618145,-0.18342583441414517,7.85063488283444,2.6590781299925936,0.22415227545857186,0.11012806981716011
216,4.658869867413182,3.583328295511694,0.2723891227828437,0.14681512870678676,1.288457809016765,8.741065376840208,-0.3864305246022126,0.030446337879499536,5.868861601829674,7.9015732805109105,-0.13242603952807153,-0.03449355018042796,8.268686265662456,4.504372065047283,0.15032031347626132,-0.00835286812697404,7.253976798476802,3.9452906022379945,-0.25761965443552304,0.017356226188792998,4.287791394628254,2.6798859933936705,0.2407741517317688,0.04106737049891943,2.722154595713451,8.516729131846613,-0.20321892400279787,-0.2905699943669547,7.904391507765322,5.79814875013196,0.022173593898116423,0.10816496529042935,6.034158850679776,2.683207518556788,0.1312220430908907,0.2137310340656651,2.2209049396082605,7.52337673720704,-0.3567992874487914,0.13500687091844227,3.8877863034001576,6.725876128643382,0.06534588077227999,0.016659459536762136,8.588372957674029,8.340448176803676,0.27805275976084415,0.09695891927772105,7.421549762912734,1.716626226510177,0.22759091784701727,-0.025561729503595778,1.6926796475778312,7.8420996163007,-0.059224946519234364,0.11953015644942024,4.224239632641226,3.2656722035660337,0.2447780006771299,-0.13471801717638157,8.150057625850414,5.3835697026365334,-0.05042751876072385,0.16907456044283778,1.882646513871163,6.1242497020210545,-0.036199379944794594,-0.026880213435772647,7.0992709401032705,5.0456274847107645,-0.0788682519426552,0.023149676622538133,5.2193037956176305,2.841761602477964,-0.153839630526408,-0.1865514710662572,7.861842496607368,2.6645845334834517,0.20750229461550468,0.09875792950305794
217,4.672489323552324,3.5906690519470335,0.26345316165556254,0.1369868927527405,1.2691362827866546,8.742587693734183,-0.3751924950030229,0.046256806672414885,5.86224029985327,7.899848603001889,-0.1034086328260299,-0.02648288038276904,8.27620228133627,4.503954421640935,0.1768957327830164,-0.01741526188169473,7.241095815755026,3.946158413547434,-0.2536263432836609,0.00903729681457501,4.299830102214843,2.6819393619186163,0.2153973490488922,0.017683148110651914,2.7119936495133112,8.502200632128266,-0.21590157498613147,-0.2785402414866198,7.905500187460228,5.803556998396482,0.003965923149882627,0.10166448943674779,6.040719952834321,2.6938940702600713,0.1388616091547716,0.22326715808647998,2.203064975235821,7.530127080752962,-0.36297305348065273,0.14181006535189297,3.8910535974387717,6.726709101620219,0.06838881858746934,0.0173684382996123,8.602275595662071,8.345296122767563,0.2624447217526311,0.09489720709466279,7.432929308805084,1.7153481400349972,0.2119130023335018,-0.023066581284427592,1.6897184002518695,7.848076124123171,-0.06254035243938226,0.12533819359634615,4.236478532675083,3.2589363027072147,0.23452615227749077,-0.14600631211756848,8.147536249912378,5.392023430658675,-0.06988704947189786,0.1484145772847262,1.8808365448739233,6.122905691349266,-0.02205488034486097,-0.02657437331884711,7.095327527506138,5.046784968541892,-0.07550521520580923,0.021452370846359297,5.21161181409131,2.8324340289246512,-0.1405219367564762,-0.18837637138791963,7.872217611338143,2.6695224299586044,0.19102822794079535,0.08789854362521027
218,4.685661981635103,3.5975183965846704,0.25356232964863124,0.12772775300631298,1.2503766580365034,8.744900534067805,-0.36228208126095746,0.06168312352975284,5.857069868211968,7.898524458982751,-0.07472075934332573,-0.01860893320941203,8.28504706797542,4.50308365854685,0.20269425024860782,-0.025532531606302197,7.228414498590843,3.946610278388163,-0.24881608341992667,0.0009965058096788465,4.310599969667288,2.682823519324149,0.18973319237355346,-0.004770261322712955,2.7011985707640047,8.488273620053935,-0.22742302020087984,-0.2662648459442366,7.905698483617722,5.80864022286832,-0.014720515947045015,0.09455272026717877,6.04766303329206,2.7050574281643955,0.14533055936677342,0.23106923025387652,2.1849163225617882,7.537217584020556,-0.36579628894772903,0.14912685140268947,3.894473038368145,6.7275775235352,0.0712620623515122,0.01812366467887272,8.615397831749704,8.350040983122296,0.24721804916285223,0.09302129451029838,7.44352495892176,1.7141948109707759,0.19614227344737434,-0.019950449896776624,1.6865913826299004,7.854343033802988,-0.06567453043709058,0.13074722309504247,4.248204840288957,3.251635987101336,0.2234381043558332,-0.15784861137031697,8.144041897438782,5.399444159522911,-0.08846786764816739,0.12810022656050593,1.8797338008566802,6.121576972683323,-0.008125915610783515,-0.026072752037118962,7.091552266745847,5.047857587084209,-0.07207749103810465,0.019709818625537917,5.204585717253487,2.8230152103552553,-0.1297761282743061,-0.18887360679224713,7.881769022735183,2.673917357139865,0.17406159146189445,0.07729044049892281
219,4.6983400981175345,3.6039047842349863,0.2431205883013183,0.11840596356282009,1.2322625539734555,8.747984690244293,-0.3479293885972879,0.07669591379245197,5.853333830244802,7.89759401232228,-0.046420310091197126,-0.010880489914648465,8.29518178048785,4.501807031966535,0.22769066949957295,-0.03258181424652093,7.215973694419847,3.946660103678647,-0.24307750133038333,-0.0067037050000287954,4.320086629285965,2.682585006258013,0.16404092614773863,-0.025520491873478948,2.6898274197539607,8.474960377756723,-0.23768427421346452,-0.2536476512916792,7.904962457820369,5.813367858881679,-0.03373740766495578,0.08756682418644643,6.054929561260399,2.7166108896770895,0.15066781220717315,0.23699588287907966,2.1666265081144016,7.544673926590691,-0.3659290817632951,0.15615141003625538,3.8980361414857208,6.728483706769143,0.07304446437518525,0.018458801968821482,8.627758734207847,8.354692047847811,0.2324560871662969,0.09124096393429577,7.4533320725941286,1.713197288475937,0.18029987593636893,-0.01628728514703507,1.6833076561080458,7.86088039495774,-0.06860736096451539,0.1356508700260947,4.259376745506748,3.24374355653282,0.2118071028237554,-0.16963934217452192,8.139618504056374,5.405849170850937,-0.10626348552660443,0.108058516422185,1.879327505076141,6.1202733350814675,0.0055768077731199895,-0.02534024396821468,7.087948392193941,5.048843078015486,-0.06874031675662673,0.017999742740480468,5.198096910839771,2.813571530015643,-0.12067068133960608,-0.18880022615782566,7.890472102308277,2.677781879164811,0.15755065931439155,0.0670305879405484
220,4.7104961275326005,3.6098250824131273,0.23215849393476787,0.10891074993500484,1.214866084543591,8.751819485933915,-0.33232105405596707,0.09122989547332203,5.851012814740242,7.897049987826548,-0.01848543102663719,-0.0032702411403583796,8.30656631396283,4.500177941254209,0.2515924792515604,-0.03855257803414815,7.203819819353328,3.9463249184286457,-0.23646921483040623,-0.014096182989225573,4.3282886755933525,2.681308981664339,0.13856293861989133,-0.043808307027077734,2.6779432060432873,8.462277995192139,-0.24684714277282502,-0.2408646663196791,7.903275587437122,5.817746200091001,-0.05274037871807925,0.0807208947128079,6.062462951870757,2.7284606838210435,0.15496734669191722,0.2409476339473141,2.148330054026237,7.552481497092503,-0.364308416198162,0.1626669181813493,3.90168836470448,6.729406646867584,0.07387960554222989,0.01839783622520712,8.63938153856616,8.359254096044525,0.21817995219849295,0.08949479427033007,7.462347066390947,1.7123829242185853,0.16435791184649848,-0.012288955284082838,1.67987728805982,7.867662938459045,-0.0712585148418929,0.14009210710321165,4.2699671006479365,3.235261589424094,0.20004605587770666,-0.18065761019348286,8.134305329780045,5.4112520966720465,-0.12326150087074735,0.08859403554526239,1.879606345464797,6.119006322883057,0.019019935047633232,-0.024516481234725405,7.08451137635611,5.04974306515251,-0.06575230499412692,0.01641321890213923,5.192063376772791,2.804131518707752,-0.11359521810422782,-0.18932274119585402,7.898349635273997,2.6811334085618386,0.14171229852795356,0.05752170845780228
221,4.722104052229339,3.6152706199098774,0.22070997500290218,0.09945899777898562,1.1982500318407927,8.756380980707581,-0.3157644409087083,0.10525400710185444,5.85008854318891,7.89688647576953,0.009056525278866658,0.0042275336692405435,8.319145937925407,4.498250312352501,0.274487010739979,-0.04320855872546189,7.191996358611807,3.9456201092791843,-0.22910044160843662,-0.021295159714565463,4.335216822524347,2.6791185663129853,0.11317861979130857,-0.06020480868742472,2.665600848904646,8.450234761876155,-0.2550087933708742,-0.2280558933981169,7.9006385685012175,5.821782244826641,-0.07108809951990955,0.07405929409325337,6.070211319205353,2.740508065518409,0.15798358125371817,0.24215324415180214,2.130114633216329,7.560614843001571,-0.3599202369406499,0.16840835980372573,3.9053823449815916,6.7303265386788445,0.07359187492291855,0.018050666852954003,8.650290536176085,8.363728835758042,0.2042456528487081,0.08763507775806724,7.470564961983272,1.7117684764543812,0.1482171588157215,-0.008306025026166387,1.6763143623177255,7.874667543814206,-0.07350363591859597,0.14411166553292967,4.279969403441822,3.22622870891442,0.1881864526515218,-0.1908589183247008,8.128142254736508,5.4156817984493095,-0.1389647200460861,0.06927156869498163,1.8805573422171789,6.117780498821321,0.03228652528525072,-0.023623141254331757,7.081223761106403,5.050563726097617,-0.0630780237695185,0.01494786413544254,5.186383615867579,2.794665381647959,-0.10898012321899775,-0.19052436738863238,7.905435250200394,2.6840094939847288,0.12608439429163687,0.04862633585843895
222,4.733139550979484,3.6202435697988267,0.20885688209404293,0.09174451016673815,1.1824618097953572,8.761643681062674,-0.2983253914263627,0.11832385432799733,5.850541369452854,7.897097852452992,0.036139418531239406,0.011636230827338764,8.332870288462406,4.496089884416228,0.29654656609171315,-0.04654737809513562,7.180541336531386,3.944555351293456,-0.21857036319733433,-0.02743988710855026,4.340875753513913,2.676108325878614,0.08797938530568235,-0.07478978512213236,2.6528504092361023,8.43883196720625,-0.2622743536998346,-0.215486546374153,7.897084163525222,5.825485209531304,-0.08774734739512317,0.06782050758958078,6.078110498268039,2.752615727725999,0.15960083519799592,0.2399617607361389,2.1121186213692966,7.5690352609917575,-0.35265732752826584,0.1733732683886781,3.9090619387277377,6.731229072021492,0.07201499343972134,0.017163948762330385,8.66050281881852,8.368110589645946,0.1902867814841146,0.0854344778119856,7.477975819924058,1.7113531752030728,0.13230286469207192,-0.0038735885748505065,1.6726391805217957,7.881873127090852,-0.0753367965127017,0.1477568077007363,4.289378726074398,3.216685762998185,0.17960923250963415,-0.17786955525039813,8.121194018734204,5.4191453768840585,-0.1533527135606239,0.049938030281933846,1.8821716684814414,6.116599341758604,0.04533709040880877,-0.02262456256806462,7.078069859917927,5.05131111930439,-0.06079976772572673,0.013725691476552055,5.18093460970663,2.7851391632785276,-0.10671734575639609,-0.19239447187289246,7.911739469914976,2.6864408107776505,0.11065695537686102,0.040547160952423555
223,4.743582395084186,3.6248307953071635,0.19669695639480891,0.08521309354195368,1.1675455402240391,8.767559873779074,-0.28011139662531825,0.13015750047644056,5.852348340379415,7.897679663994359,0.06270769124108591,0.018953612179524966,8.347697616766991,4.493762515511471,0.31599006017321035,-0.04816949708227866,7.169612818371519,3.9431833569380283,-0.2078856733179169,-0.032823074268446155,4.345274722779197,2.6723688366225073,0.06362638329390638,-0.0864068190507651,2.6397366915511107,8.428057639887543,-0.2673900821526363,-0.20290281674940475,7.892696796155466,5.8288762349107826,-0.10317249302119129,0.06242586143672681,6.086090540027938,2.764613815762806,0.15978956846279982,0.23515853571060427,2.0944857549928835,7.577703924411192,-0.34150162535455597,0.17749386823969032,3.9126626883997235,6.732087269459608,0.0690791171149485,0.016047218210163684,8.670017157892726,8.372382313536546,0.17595469265602776,0.08262431904517947,7.484590963158662,1.7111594957743304,0.11663952996478463,0.0008676394244790612,1.6688723406961605,7.889260967475889,-0.07692299718210954,0.15105353948567607,4.29835918769988,3.2077922852356653,0.17025873150875295,-0.16739976917266033,8.113526383056174,5.4216422783981555,-0.16595997658924558,0.030699288586052954,1.8844385230018819,6.115468113630201,0.05805827132464129,-0.02158213050946205,7.075029871531641,5.051997403878217,-0.05890574110355056,0.012624478248594568,5.17559874241881,2.775519439684883,-0.10682486322234515,-0.19477099604561576,7.917272317683819,2.688468168825272,0.09546708418488256,0.033321655689810256
224,4.753417242903926,3.6290914499842613,0.184214144884246,0.07943080858180296,1.1535399703927731,8.774067748802896,-0.26129826040533993,0.14066745635946667,5.85548372494147,7.8986273446033355,0.08872328584271708,0.026168786467082567,8.363497119775651,4.491354040657357,0.33271569123142647,-0.048498618540622825,7.159218534705623,3.941542203224606,-0.1970052730774956,-0.03784822079752464,4.3484560419438925,2.6680484956699693,0.03981625740651243,-0.09601119784042841,2.626367187443479,8.417912499050072,-0.2699822214712217,-0.19029502174932844,7.887538171504406,5.831997527982619,-0.11727524850815647,0.05811156586170411,6.094080018451078,2.7763717425483363,0.15856839557869318,0.22845633091691264,2.0774106737251556,7.586578617823176,-0.32603962766673933,0.18082980945007945,3.916116644255471,6.732889630370116,0.06479766146402287,0.01485294313273129,8.678814892525528,8.376513529488806,0.16239243506811807,0.08392037780799805,7.490422939656901,1.7112028777455544,0.10126701374993707,0.00577331775633102,1.665026190837055,7.896813644450173,-0.07828622283587713,0.15408553221170404,4.306872124275317,3.199422296777032,0.15999423798372472,-0.15897769172548434,8.105228384226711,5.4231772428274585,-0.1713827583696077,0.02624731969264418,1.8873414365681138,6.114389007104728,0.07046487978697497,-0.020412183999117307,7.072084584476464,5.0526286277906465,-0.057319348954221375,0.011438695715455577,5.170257499257692,2.765780889882602,-0.10900226820717696,-0.19742362867697724,7.922045671893064,2.6901342516097624,0.08055869145750753,0.026893751471374967
225,4.762627950148138,3.6330629904133516,0.17147962295879662,0.07452615284213793,1.1404750573725062,8.78110112162087,-0.24210293473271344,0.149687982321581,5.8599198892336055,7.89993578392669,0.11413767521458902,0.03320011618829495,8.380132904337223,4.488929109730326,0.347267390392956,-0.04791604223036074,7.149368271051748,3.93964979218473,-0.18585211900234988,-0.042740831928596686,4.350446854814218,2.6632479357779477,0.016463835586348702,-0.10407982123420245,2.612868076369918,8.408397747962605,-0.2736022190471008,-0.17783939070184118,7.8816744090789985,5.834903106275704,-0.13086188737601154,0.05520803045839286,6.102008438230013,2.787794559094182,0.15585133982581975,0.22101054029825457,2.0611086923418185,7.59562010829568,-0.30916135507371795,0.18353514674352553,3.919356527328672,6.733632277526753,0.05920235329430031,0.013637448429229827,8.686934514278935,8.380709548379206,0.1488698831143255,0.08490847129219113,7.495486290344398,1.7114915436333709,0.08625731994853403,0.010691336112296635,1.661111879695261,7.904517921060759,-0.0795716614479806,0.15675674919877747,4.314871836174504,3.1914734121907578,0.14939299609710896,-0.1523699677443423,8.096659246308231,5.424489608812091,-0.17641623092250325,0.0219961901399222,1.8908646805574625,6.113368397904773,0.08173480234146792,-0.01938731742933004,7.069218617028753,5.05320056257642,-0.05582354096378959,0.009835300409881637,5.164807385847333,2.7559097084487534,-0.11328569826196078,-0.20042615510180242,7.926073606465939,2.691478939183331,0.06578549398541204,0.021070923431848028
226,4.771201931296078,3.6367892980554584,0.15859053426851571,0.07078223497459661,1.1283699106358704,8.788585520736948,-0.22263159783152553,0.15714521107157148,5.865626772994335,7.901595789736104,0.13881022219735423,0.03984452533818013,8.397496273856872,4.486533307618807,0.3602044518815844,-0.046369456204854484,7.14007566510163,3.9375127505883003,-0.17478961912155916,-0.047645884039149475,4.351270046593536,2.6580439447162374,-0.006462165664395166,-0.11129045588300235,2.599187965417563,8.399505778427512,-0.27855520893827224,-0.1658430909283865,7.875131314710198,5.837663507798624,-0.14354350123852602,0.05410972891733265,6.109801005221303,2.7988450861090945,0.1526777631579149,0.21308834465506798,2.0456506245881325,7.604796865632856,-0.29179265546348465,0.18578985094325687,3.922316644993387,6.734314149948214,0.05256893896620202,0.012479396584543558,8.69437800843465,8.384954971943817,0.13541899829529475,0.08558338860825537,7.499799156341824,1.7120261104389858,0.07169039627061273,0.015504095645821149,1.657133296622862,7.912355758520698,-0.08091941969642898,0.1588633574629257,4.32234148597936,3.1838549138035406,0.1386243217830869,-0.14706862595736167,8.087838434762107,5.425589418319087,-0.1805489521230886,0.017937950158390104,1.894951420674536,6.112399032033306,0.09196535251141269,-0.018493841848369528,7.066427439980563,5.053692327596914,-0.0544000602295605,0.007841086016683147,5.1591431009342354,2.7458884006936635,-0.11917971138368491,-0.20375854238524682,7.92936288116521,2.6925324853549237,0.05115288896918051,0.0158530363431916
227,4.779131458009504,3.640328409804188,0.14589238011707606,0.06890156444946301,1.1172383307442941,8.796442781290526,-0.2029441523697755,0.16310174648543274,5.8725672841042025,7.903588016003013,0.1627039003856782,0.04610167119003064,8.41550649645095,4.484214834808565,0.3717402200924723,-0.04392723579265975,7.131336184145552,3.935130456386343,-0.16418593493462375,-0.05248814116631527,4.350946938310316,2.652479421922087,-0.028733892689904048,-0.11767516163513667,2.5852602049706492,8.391213623881093,-0.2855084379483774,-0.15449845469672566,7.867954139648272,5.84036899424449,-0.15508560244292133,0.05476370265133894,6.117434893379199,2.809499503341848,0.14896890697760465,0.2041137843048883,2.0310609918149582,7.614086358180019,-0.274553086335925,0.1880240861629143,3.924945091941697,6.734938119777441,0.04515231811563897,0.011411556742253871,8.701148958349416,8.38923414137423,0.12206866800211619,0.08594642906759767,7.503383676155355,1.7128013152212769,0.05762422462449457,0.02015552328733211,1.6530873256380405,7.920298926393844,-0.08249720418999454,0.16043376234267454,4.329272702068514,3.1765014825056723,0.12720308687736714,-0.14409466058819673,8.078810987155952,5.426486315827007,-0.18455658254579999,0.015684234278174936,1.8995496883001066,6.111474339940887,0.10097710094452579,-0.01778297995127349,7.063707436969085,5.054084381897748,-0.053020563252827294,0.005574641005782649,5.153184115365051,2.735700473574401,-0.12493762847493534,-0.20701458766713388,7.93192052561367,2.693325137172083,0.03663381888031714,0.011422487868998982
228,4.786426077015357,3.6437734880266612,0.13298987144102398,0.0677743516754545,1.1070911231258054,8.804597868614797,-0.1829912993457696,0.16762419824381744,5.880702479123486,7.9058930995625145,0.18582779352742473,0.05203837911880738,8.434093507455573,4.4820184730189325,0.38172844012850216,-0.04057457249917888,7.123126887398821,3.932506049328027,-0.15530250040055088,-0.057327485116467666,4.349510243675821,2.6465956638403303,-0.050295482526978325,-0.1232221606127978,2.5709847830732304,8.383488701146257,-0.2940785591770723,-0.14365843138773327,7.8601998595261255,5.843107179377057,-0.16424912367314212,0.05755902395941532,6.12488333872808,2.8197051925570924,0.14465041151029948,0.19429490926030402,2.017333337498162,7.623487562488165,-0.25771476673629656,0.19016701228218225,3.927202707847479,6.735508697614554,0.03710709923069405,0.010451929877611966,8.707252391749522,8.39353146282761,0.1088582551421995,0.08596137840872764,7.50626488738658,1.7138090913856434,0.044074963829378144,0.02457112813202148,1.6489624654285409,7.9283206145109775,-0.08439893694768211,0.16157671465445855,4.335632856412382,3.1692967494762625,0.11540425952722752,-0.14297296627297185,8.069583158028662,5.427270527540916,-0.18792726134316423,0.015165260128575265,1.904598543347333,6.110585190943324,0.10872634849549015,-0.017246454934622932,7.061056408806444,5.054363113948037,-0.04885376235153354,0.003578382918326422,5.146937233941305,2.7253497441910444,-0.13576898601363543,-0.20476305536582715,7.933752216557686,2.6938962615655333,0.022244372502562927,0.007686047404144742
229,4.793075570587408,3.647162205610434,0.11997366094459835,0.06708577995972705,1.0979415581585168,8.812979078526988,-0.16293198348549814,0.17076050412734425,5.889993868799857,7.908495018518455,0.20818245892602244,0.057661764801509446,8.453179929462,4.479989744393974,0.3898986052500575,-0.03631620768763923,7.115361762378794,3.929639675072204,-0.1463483836984711,-0.06163468177829762,4.346995469549473,2.64043455580969,-0.07114495779152757,-0.12820851569399838,2.5562808551143767,8.376305779576871,-0.3001267456729725,-0.13193626529652958,7.851987403342468,5.845985130575028,-0.17218075398653857,0.06143851780690467,6.132115859303595,2.8294199380201075,0.13978862566633107,0.18363541202905898,2.0044475991613475,7.632995913102274,-0.2418035646035947,0.1921640519355431,3.929058062809014,6.736031294108434,0.028589295978950734,0.009622013895872207,8.712695304506632,8.397829531748046,0.09580433576725672,0.08561793842459231,7.5084686355780486,1.7150376477922444,0.03111727615342523,0.02868964927104717,1.6447425185811568,7.936399450243701,-0.08682327727029582,0.16236121506337622,4.341403069388743,3.162148101162614,0.1035699405913564,-0.1425001489358314,8.060186794961504,5.428028790547344,-0.190809453254504,0.015394873355413674,1.9100348607721074,6.1097228681965925,0.11535031548739155,-0.01670575088731556,7.058613720688867,5.054542033093954,-0.044767514147421486,0.0015400357560201132,5.1401487846406235,2.715111591422753,-0.14522116657803896,-0.20281236149027593,7.9348644351828135,2.6942805639357403,0.008161700800654814,0.004797051063810326
230,4.799074253634639,3.65051649460842,0.10740719729532544,0.06659071919361126,1.089794958984242,8.821517103733354,-0.14324172170428248,0.17250337951709901,5.900402991746159,7.91137810675853,0.229715119648755,0.0629581579128576,8.472674859724503,4.478173934009591,0.39708051791065624,-0.03210473385014438,7.10804434319387,3.926557940983289,-0.13711760309696966,-0.06541759300445099,4.343438221659897,2.6340241300249905,-0.09087408180113679,-0.13256864426062112,2.541274517830728,8.369708966312045,-0.30433214132681635,-0.11893395907361393,7.843378365643141,5.849057056465373,-0.17936804149597993,0.06547644676067149,6.139105290586912,2.8386017086215602,0.1346691719232309,0.17206729265216117,1.9923574209311679,7.642604115699051,-0.2287077416732587,0.19426701723830847,3.9304875276079616,6.736512394803228,0.01980557703535485,0.008941950743186445,8.717485521294995,8.402110428669276,0.08279655038737009,0.08483615766385703,7.51002449938572,1.7164721302557968,0.018865982494215026,0.03259681941775089,1.6404013547176421,7.94451751099687,-0.09121166216383239,0.16308833561745087,4.346581566418311,3.1550230937158226,0.09182286199381076,-0.14251826229115833,8.05064632229878,5.428798534215115,-0.19323237498657206,0.01615939098120749,1.915802376546477,6.108887580652227,0.12091234601140698,-0.015932459085281778,7.056375344981496,5.054619034881755,-0.040731017940303454,-0.0005573142304138696,5.132887726311721,2.704970973348239,-0.1535425442130411,-0.2010494598711992,7.9352725202228465,2.6945204164889307,-0.005762301846745088,0.003171069695685841
231,4.804444613499405,3.6538460305681006,0.09490132176746671,0.06478677623758089,1.0826328728990278,8.830142272709208,-0.1245073276904008,0.17316765516889668,5.911888747728597,7.9145260146541725,0.25010264848548214,0.06798900041080243,8.492528885620036,4.476568697317084,0.40219921541982584,-0.02778327454187774,7.101188463039022,3.9232870613330664,-0.12760829595089726,-0.06873602609549542,4.33889451756984,2.6273956978119593,-0.1096868931758011,-0.1363604850076199,2.5260579107643872,8.363762268358364,-0.30606827449992446,-0.10475779897649173,7.834409963568342,5.852330878803406,-0.18538144272118917,0.06902096250452315,6.145838749183073,2.8472050732541683,0.12953857807202224,0.15966546522739652,1.9809220338475049,7.652317466560966,-0.21872350173738375,0.196597599268426,3.9314778064597293,6.736959492340387,0.011075231070923086,0.008424635837885708,8.721625348814364,8.40635223655247,0.0698960027041311,0.0836504943400076,7.510967798510431,1.7181019712266843,0.007309708795408263,0.03618908481506115,1.6358407716094505,7.952671927777742,-0.09781160550365707,0.1639853472439627,4.351172709518002,3.1478971806012646,0.08017207469989979,-0.1425466187061451,8.040984703549451,5.429606503764176,-0.19521295425848464,0.017472212805311083,1.9218479938470472,6.1080909576979625,0.12603570162356575,-0.014843227694775748,7.05433879408448,5.0545911691702345,-0.03677589399423278,-0.0026814572497324504,5.125210599101069,2.6949185003546794,-0.16098173287223222,-0.19920149441465385,7.93498440513051,2.694678969973715,-0.019535774453880862,0.0027455109256104004
232,4.809189679587779,3.65708536937998,0.08241244548429792,0.06144203663656485,1.0764075065145078,8.838800655467653,-0.10773794831303568,0.17410268189278819,5.924393880152871,7.917925464674712,0.26908420060950555,0.07263226221597917,8.512638846391027,4.475179533589991,0.40471903269761494,-0.023213010545157425,7.094808048241477,3.9198502600282916,-0.11779583511114888,-0.07140495314662237,4.33341017291105,2.6205776735615784,-0.12763619418021088,-0.13962493677959448,2.510754497039391,8.35852437840954,-0.3059706886579111,-0.08960798210580234,7.825140891432283,5.855781926928633,-0.19013244737237803,0.07191784416683232,6.152315678086675,2.855188346515538,0.12409342964870815,0.14682498412492995,1.9699858587606356,7.662147346524387,-0.2115837608530797,0.19909701741533428,3.9320315680132754,6.737380724132281,0.002467544014858481,0.008048848413030774,8.72512014894957,8.41053476126947,0.05718499034069726,0.08235336735019594,7.511333283950202,1.7199114254674372,-0.0034337348724803787,0.03966781677511936,1.6309501913342677,7.960871195139941,-0.10598041461954376,0.16484155055042904,4.355181313252997,3.1407698496659573,0.06814224954893314,-0.1422613086640544,8.031224055836526,5.430480114404442,-0.19649757926718692,0.01927291401372373,1.9281497789282254,6.107348796313223,0.13087241291106422,-0.013458632192607808,7.052499999384769,5.054457096307748,-0.032978761099836,-0.0047580184399203815,5.117161512457457,2.6849584256339467,-0.16772213157723787,-0.19732460766687637,7.934007616407816,2.6948162455199953,-0.03327427850604303,0.0029868506212503087
233,4.813310301861994,3.660157471211808,0.07002732002605741,0.05697043844351542,1.071020609098856,8.847505789562293,-0.09265646667746516,0.17503758344692566,5.937848090183346,7.921557077785511,0.28645296280461585,0.07701526481009252,8.532874798025908,4.474018883062733,0.40460126248770645,-0.018293147425436012,7.088918256485919,3.9162800123709607,-0.10766083118677908,-0.07340926903699417,4.327028363202039,2.613596426722599,-0.14517581905003435,-0.14246342898682363,2.495455962606495,8.35404397930425,-0.30449504938915517,-0.07350630588014011,7.815634269063664,5.8593778191369745,-0.19445920702368133,0.07431427033044612,6.15852034956911,2.8625295957217847,0.11813892079276923,0.13373286562326675,1.9594066707179816,7.672102197395153,-0.2055066336944379,0.20124374817358404,3.9321549452140183,6.737783166552933,-0.005981146161151651,0.007808916364896268,8.727979398466605,8.41465242963698,0.0446908509673948,0.08104775638425857,7.511161597206578,1.7218948163061931,-0.01347982952847098,0.042979507463252596,1.6256511706032906,7.969113272667462,-0.1154228021408107,0.16535195308644873,4.358588425730444,3.1336567842327545,0.05540790941765033,-0.14193600092508715,8.021399176873167,5.431443760105128,-0.19718569142178993,0.02099366509066045,1.9346933995737785,6.106675864703593,0.1354239718526669,-0.011802325098808693,7.050851061329777,5.054219195385752,-0.029342964567801128,-0.00674574673018022,5.108775405878595,2.675092195250603,-0.17389629621516112,-0.19543240140780455,7.932343902482514,2.694965588051058,-0.046916790767910554,0.0039487419036001335
234,4.816811667863297,3.663005993133984,0.05789284998049085,0.05161370680520308,1.0663877857649828,8.856257668734639,-0.07885281176833125,0.17562848876123704,5.952170738323577,7.925407841026016,0.3023965198286179,0.08122001822388894,8.553104861150294,4.473104225691461,0.4019170161115496,-0.013008301223896972,7.08353521492658,3.912609548919111,-0.09718719688416295,-0.07472112358947176,4.3197695722495375,2.6064732552732575,-0.16249743397112734,-0.14504290399477487,2.4802312101370374,8.350368664010242,-0.3020230260957792,-0.05688764578778628,7.80591130871248,5.8630935326534965,-0.1984229594871413,0.07597255555339372,6.164427295608748,2.869216239002948,0.11187926633043174,0.12055416541460282,1.9491313390332596,7.682164384803833,-0.200000989536909,0.20308780244784502,3.931855887905961,6.7381736123711775,-0.01425196862657142,0.007699077426090062,8.730213941014975,8.418704817456193,0.03243867664955804,0.0797477810374847,7.510487605730154,1.7240437916793558,-0.02288049975885962,0.045968910435414366,1.61988003049625,7.977380870321785,-0.12566745625982545,0.16559616870619906,4.361358821201327,3.1265599841865,0.04175621208002292,-0.14016645469196956,8.011539892302078,5.432493443359661,-0.19735792984621028,0.02175820897975087,1.9414645981664118,6.106085748448653,0.1398555518597432,-0.009938767439719127,7.049383913101386,5.0538819080492425,-0.025868139319678914,-0.008627544714422659,5.1000805910678375,2.6653205751802127,-0.1795603210897291,-0.19346252489491944,7.929998062944119,2.695163025146238,-0.06040215389371164,0.005797761989828981
235,4.819706310362321,3.665586678474244,0.046033082841532874,0.04565042638072741,1.0624451451765662,8.865039093172701,-0.0662405836727998,0.17569486126313374,5.967290564315008,7.929468841937211,0.3172676641233567,0.08552494767404324,8.57320071195587,4.472453810630267,0.39685460699373176,-0.007348088811420432,7.078675855082372,3.9088734927396374,-0.08634075042963796,-0.07519867549118478,4.311644700550981,2.5992211100735187,-0.17940677995558627,-0.14742397600189452,2.4651300588322482,8.347524281720853,-0.29877863389447473,-0.04013369209248904,7.795990160738122,5.866892160431166,-0.2015533287480485,0.07692373290084517,6.17002125892527,2.875243947273678,0.10552552295608406,0.10727812188032394,1.9391312895564141,7.692318774926225,-0.19437402534034623,0.20499420765088944,3.9311432894746323,6.738558566242482,-0.022307427589488747,0.007748699532688752,8.731835874847453,8.422692206508067,0.020465961688982934,0.07845366184706001,7.509343580742211,1.7263422372011266,-0.03163187275185202,0.048666430207169105,1.6135966576832588,7.985660678757094,-0.13583492832432054,0.16597806211468383,4.363446631805328,3.1195516614519017,0.027212495470544922,-0.13781543534674565,8.001671995809767,5.433581353808648,-0.19717022327141265,0.02157129471599206,1.948457375759399,6.105588810076666,0.1443178632766076,-0.008140912725623534,7.048090506135402,5.053450530813522,-0.0225350941499678,-0.01040454786113067,5.091102575013351,2.6556474489354667,-0.18477362532626038,-0.19125270858063942,7.926977955249433,2.695452913245729,-0.0737515930974508,0.008682484304603971
236,4.822007964504397,3.6678691997932806,0.0344872086631233,0.039250797115657446,1.0591331159929263,8.873823836235857,-0.055046239807882036,0.17518400601121054,5.983153947521176,7.9337450893209125,0.3309864673503045,0.08994120369947678,8.593043442305557,4.472086406189696,0.3893562964873879,-0.0011743048981656939,7.074358817560889,3.9051135589650783,-0.07510621664286428,-0.07476945448134918,4.302674361553202,2.591849911273424,-0.19591445321913606,-0.14966695075259215,2.4501911271375243,8.345517597116228,-0.294745973246248,-0.023250882095884124,7.78591249430072,5.870738347076208,-0.20391119201034422,0.07703670506490609,6.175297535073074,2.880607853367694,0.09916815859956626,0.09400454150799041,1.9294125882893969,7.7025684853087695,-0.1883050710960902,0.20711340702371744,3.930027918095158,6.738946001219116,-0.030570672814441445,0.00805875220788379,8.732859172931903,8.42661488960042,0.008839943105208367,0.07716923586199192,7.507761987104619,1.728775558711485,-0.03984824339403724,0.051096445078229955,1.6068049112670428,7.993959581862828,-0.14575691865930818,0.16614165054308802,4.364807256578855,3.1126608896845642,0.012197186911604034,-0.13537542328663985,7.991813484646197,5.434659918544448,-0.19699488019005756,0.020208740452668513,1.9556732689232295,6.105181764440385,0.1487705552488633,-0.006444169840808795,7.046963751427904,5.052930303420466,-0.01935162832643665,-0.012123925982327893,5.0818638937470375,2.6460848135064348,-0.18961791199158076,-0.18881281945511347,7.9232903755945605,2.6958870374609596,-0.08671549455762155,0.012107173850831427
237,4.823732324937554,3.6698317396490636,0.023438699482577492,0.03241371595153582,1.0563808040025322,8.882583036536417,-0.04520825625924083,0.17412609406756624,5.999703270888691,7.938242149505887,0.3436243045814637,0.09435423958397633,8.612511257129926,4.472027690944788,0.3801804892497628,0.005169003938056001,7.070603506728746,3.901375086241011,-0.06344345924616628,-0.07339595140357394,4.292878638892246,2.5843665637357947,-0.2119600146519745,-0.15178089578971868,2.435453828475212,8.344355053011434,-0.28996346232488895,-0.006335882610868253,7.775716934700203,5.874590182329453,-0.2054352309957158,0.07632722254967532,6.180255943003052,2.8853080804430937,0.09275420559329872,0.08067369746330505,1.9199973347345924,7.712924155659955,-0.18157217214551344,0.2094850840349689,3.928499384454436,6.73934893882951,-0.03885991758544517,0.008652401571029023,8.733301170087163,8.43047335139352,-0.00250276864148429,0.0758823429896882,7.505769574934917,1.7313303809653966,-0.04755849758638953,0.05323080302981143,1.5995170653340773,8.002266664389984,-0.15507541792640947,0.16568957366655201,4.365417115924435,3.105892118520232,-0.002937545513608827,-0.13304133166053214,7.981963740636694,5.435670355567082,-0.19644015950517157,0.018328395331642475,1.9631117966856726,6.1048595559483445,0.15313698179126461,-0.004698697178657935,7.045996170011582,5.05232410712135,-0.0162947836300341,-0.013798168858797982,5.072382998147458,2.636644172533679,-0.1945610350788677,-0.18635350815608745,7.918954600866679,2.6964923961535012,-0.09911573277354487,0.015982337420877853
238,4.8249042599116825,3.6714524254466405,0.012930110036032845,0.025168158196303962,1.0541203911895702,8.891289341239796,-0.03573727787999126,0.1727007321548687,6.016884486117765,7.942959861485085,0.3544146273024682,0.09877276505625969,8.631520281592413,4.472286141141691,0.36969869209104467,0.011281612624145516,7.067431333766438,3.8977052886708323,-0.051298601601131484,-0.07141858389069218,4.282280638159647,2.576777518946309,-0.22746660704489596,-0.1538136911518932,2.4209556553589673,8.34403825888089,-0.28427998845473074,0.010405688219476902,7.765445173150417,5.878406543456937,-0.2058393046662223,0.0749695752387329,6.1848936532827175,2.889341765316259,0.08625537557287102,0.06722637402179962,1.9109187261273168,7.723398409861704,-0.17422842840400113,0.21190908666001707,3.9265563885751638,6.739781558908061,-0.046705122654033426,0.009530022316479281,8.73317603165509,8.434267468543004,-0.013509591823590308,0.07458680893400817,7.5033916500555975,1.7339919211168873,-0.05488343755259131,0.05501214762983327,1.5917632944377569,8.010551143073311,-0.16352624045858644,0.16467660809541673,4.365270238648755,3.0992400519372056,-0.018845540916421787,-0.13094012432225863,7.972141732661435,5.436586775333664,-0.19468607862846354,0.016993451336762753,1.9707686457752358,6.104624621089411,0.157341422653205,-0.002740475422736094,7.04518143083008,5.05163419867841,-0.01339995180871166,-0.015361404417367414,5.062654946393515,2.6273264971258743,-0.19991821002672558,-0.18384988098993546,7.913998814228002,2.697291513024545,-0.11079707042813547,0.020157786211070457
239,4.825550765413484,3.6727108333564558,0.002969457148211646,0.017557390861604332,1.0523335272955707,8.899924377847539,-0.02803979994324657,0.1724932920887174,6.034605217482889,7.9478984997378985,0.3627057123668794,0.10325118723607785,8.650005216196966,4.472850221772898,0.35280594749027183,0.012800483979947336,7.064866403686381,3.894134359476298,-0.038534862968929336,-0.06924367466409583,4.270907307807402,2.569086834388714,-0.24227721686240083,-0.15601689917371278,2.406741655936231,8.344558543291864,-0.27771031533375523,0.026917408638406956,7.755153207917106,5.882155022218874,-0.20516439717561122,0.07301080027720175,6.189206422061361,2.892703084017349,0.07972303582115059,0.05357987867954499,1.9022073047071169,7.733993864194705,-0.16610756600942983,0.21442108175950197,3.924221132442462,6.740258060023885,-0.05389784610707832,0.01071628038292487,8.73250055206391,8.437996808989704,-0.024177611773980173,0.07329011333281307,7.500647478177968,1.7367425284983788,-0.06183687964930152,0.05656197689307337,1.5835869824148276,8.018784973478082,-0.170978714993098,0.1630583008253071,4.364327961602934,3.092693045721093,-0.03474222931812085,-0.12901156481780926,7.962407428730012,5.437436447900502,-0.1918199345226715,0.016272823032355752,1.978635716907896,6.104487597318275,0.1613207602411576,-0.00021958358496038674,7.044511433239645,5.050866128457542,-0.010673290022274625,-0.01678720423793955,5.052659035892178,2.6181340030763773,-0.20590691332231406,-0.18124301354989059,7.908458960706595,2.6982994023350986,-0.12175075755954035,0.024438440179523863
240,4.825699238270895,3.673588702899536,-0.006444001258713555,0.009640801035258889,1.0509315372984085,8.908549042451975,-0.022220060914435114,0.17353453428959864,6.052740503101233,7.953061059099703,0.3685341495760087,0.10779534439838653,8.66764551357148,4.473490245971895,0.33624825549894266,0.01452812218732334,7.062939660537934,3.890672175743093,-0.0250622179842072,-0.0669168644904055,4.258793446964282,2.5612859894300284,-0.2562810450303162,-0.15835425825194124,2.392856140169543,8.345904413723785,-0.2702007946838453,0.0431375967792761,7.744894988058325,5.885805562232734,-0.2034828983649623,0.07045815145721875,6.193192573852419,2.8953820779513264,0.0731822202889431,0.03938697265747315,1.8939019264066455,7.74471491828268,-0.15702969516363516,0.21713109112577586,3.921526240137108,6.740793874043032,-0.06043449229438377,0.012225139648520546,8.73129167147521,8.441661314656344,-0.034508200889599834,0.0719913386471024,7.497555634195503,1.7395706273430325,-0.06832674662127113,0.05807326989082103,1.5750380466651728,8.026937888519347,-0.17797467755327484,0.16098476606095763,4.362590850137027,3.0862424674802025,-0.05049165252397336,-0.1272792267841927,7.952816432003878,5.43825008905212,-0.1878937106336782,0.015728448130554403,1.986701754919954,6.104476618139026,0.16510060071051796,0.0027440247321167733,7.043977768738531,5.050026768245645,-0.008073840939065588,-0.017988886310072377,5.042363690226063,2.6090718523988827,-0.2123398071945751,-0.178474318940487,7.902371422828618,2.6995213243440745,-0.13194205956101662,0.028575941672620217
241,4.825377038207959,3.674070742951299,-0.015425066710812401,0.0015636586476303338,1.0498205342526867,8.917225769166455,-0.017101384266891208,0.1747776507168116,6.071167210580033,7.9584508263196225,0.37201202322918214,0.11238653111553913,8.684457926346427,4.474216652081261,0.3198681376653283,0.016547426783211,7.061686549638724,3.8873263325185725,-0.010981517705925033,-0.06422615231414217,4.245979394712767,2.5533682765174315,-0.2696093886601532,-0.1603733069203854,2.379346100435351,8.348061293562749,-0.26159493749037527,0.0590572255186331,7.734720843140077,5.889328469805594,-0.20066526498943682,0.06731364024928055,6.196851684866866,2.8973514265842,0.06665640724582557,0.02464093255165345,1.8860504416484638,7.755571472838969,-0.1460778930291213,0.21975704192416814,3.9185045155223888,6.7414051310254575,-0.0663178361846931,0.014067013137840824,8.72956626143073,8.445260881588698,-0.04450209230758003,0.0706864325060895,7.49413929686444,1.7424742908375734,-0.07428438695623492,0.059415184742039495,1.566139312787509,8.034987126822395,-0.18474898236046097,0.15852251960570546,4.360066267510828,3.079878506140993,-0.06533261749694623,-0.1256081891474954,7.943421746472194,5.4390365114586485,-0.182982512539191,0.015290697276956285,1.99495678495548,6.104613819375632,0.16882581464052876,0.005943221711520269,7.043574076691578,5.049127323930141,-0.005638025977274549,-0.018963438736559583,5.031746699866334,2.600148136451858,-0.219026300948962,-0.175684344914105,7.895774319850567,2.7009501214277054,-0.14060263381839044,0.032838729148802204
242,4.824605784872419,3.6741489258836806,-0.02401468461881335,-0.006654322065021872,1.048965465039342,8.925964651702296,-0.011476968168892588,0.17646559074065107,6.089767811741493,7.9640701528754,0.37322118354219236,0.11698093350327736,8.700451333229694,4.475044023420422,0.30360052657895975,0.01885907130009628,7.061137473753427,3.8841150249028655,0.0036695364379806077,-0.06107930087883848,4.232498925279759,2.545349611171412,-0.2824025243031586,-0.16226859678850178,2.366266353560832,8.35101415483868,-0.25196778749123355,0.0747050183347952,7.724687579890605,5.892694151818058,-0.19667004499882573,0.06359434655061207,6.200184505229157,2.8985834732117826,0.060112966129015726,0.009353113046915594,1.8787465469970077,7.766559324935177,-0.13330604965534582,0.22204588654683974,3.915188623713154,6.742108481682349,-0.07148697188932968,0.01624659164329727,8.727341156815351,8.448795203214003,-0.054135086542141955,0.06939654003003745,7.490425077516629,1.7454450500746754,-0.0797310716892681,0.06040372228083616,1.5569018636694858,8.04291325280268,-0.19118610369215272,0.15570128331566782,4.356799636635981,3.073598096683618,-0.07870358887861051,-0.12385016747244515,7.934272620845235,5.439801046322496,-0.1772220317031572,0.014933796561687137,2.0033980756875063,6.104910980461208,0.172520491620905,0.009327541776899411,7.043292175392715,5.048179151993313,-0.0035614005258289695,-0.01988572534015937,5.020795384818886,2.591363919206153,-0.22582698826204184,-0.1730037729780341,7.888744188159647,2.7025920578851457,-0.14739691810250527,0.037228897711333676
243,4.823405050641478,3.6738162097804294,-0.03228956914077456,-0.014904817111399054,1.0483916166308975,8.93478793123933,-0.0053271684196374075,0.1786159331678452,6.108428870918602,7.969919199550564,0.3732764430083636,0.12173695090509182,8.715631359558643,4.475986976985427,0.28744941873126917,0.02153155339575506,7.061320950575326,3.8810610598589235,0.018866700258247333,-0.05751886175413507,4.218378799064602,2.537236181331987,-0.29451775396939167,-0.16429244735614065,2.3536679641862706,8.35474940575542,-0.24137077008381624,0.0900951790146124,7.7148540776406636,5.895873869145589,-0.19157915007621162,0.059585159701613995,6.203190153535608,2.8990511288641283,0.053456353673170844,-0.006517242022721704,1.8720812445142405,7.77766161926252,-0.11901425207701101,0.22405900567071582,3.9116142751186875,6.742920811264514,-0.07581895886797976,0.01874905148973425,8.724634402488244,8.452265030215504,-0.0633995959220057,0.06812744137937336,7.486438523932166,1.7484652361887172,-0.08455812441660976,0.06110690784474319,1.5473425584848781,8.050698316968464,-0.19730883473704122,0.15263133770460816,4.352864457192051,3.0674055883099958,-0.09089767847011365,-0.12183430206456103,7.925411519260077,5.440547736150581,-0.17028314506070114,0.014519704048885848,2.0120241002685515,6.1053773575500525,0.17618346712589938,0.012723444514874532,7.043114105366423,5.047184865726305,-0.0023945848425833104,-0.021161191443266107,5.009504035405784,2.582713730557251,-0.23286860798011663,-0.1705811714346672,7.881374342254522,2.704453502770712,-0.15222818636834867,0.041831833994087624
244,4.821790572184439,3.6730709689248595,-0.040082660378319576,-0.023146912373211266,1.0481252582099156,8.943718727897721,0.001092238411627089,0.1813038752182426,6.12709269306902,7.976006047095818,0.37243207765001096,0.12648255090511565,8.730003830495207,4.477063554655214,0.2714613221364587,0.02451053747601009,7.062264285588238,3.878185116771217,0.034461592462055164,-0.05404317149360555,4.203652911366132,2.5290215589641796,-0.30580328549023517,-0.16641942625269893,2.34159942568208,8.359254164706151,-0.22981814418926974,0.10519867115538237,7.705275120136853,5.89885312713067,-0.18583374996036403,0.05444284981241664,6.2058629712192666,2.8987252667629924,0.04674211246652488,-0.02300422949430221,1.86613053191039,7.788864569546055,-0.10486123497333898,0.22596914622234252,3.9078233271752887,6.743858263839001,-0.07951470202643943,0.02150961285909374,8.721464422692144,8.455671402284473,-0.07228688836671165,0.06688162281284242,7.482210617711336,1.7515205815809543,-0.08869393611802673,0.0615155592916668,1.5374771167480261,8.058329883853695,-0.20312746288428568,0.14937424226338597,4.348319573268545,3.0613138732067675,-0.10260067943284787,-0.11876263574191251,7.916897362007042,5.441273721353025,-0.16193155085103011,0.013980195726632024,2.0208332736248464,6.1060135297757965,0.17989666475952346,0.01603756520986946,7.042994376124294,5.046126806154142,-0.0017650677790848133,-0.02250300273141427,4.997860605006778,2.5741846719855177,-0.24031401489387397,-0.16861774228170165,7.8737629329361045,2.7065450944704166,-0.1558683407449747,0.04619416122704451
245,4.819786439165523,3.671913623306199,-0.04735347485671695,-0.03134450680723417,1.048179870130497,8.952783921658634,0.007785799786768233,0.1844407965197267,6.145714296951521,7.982330174641073,0.3708596452810172,0.13075674820042377,8.743576896602029,4.478289081529015,0.25492048037820747,0.027439821713335283,7.063987365211341,3.8754829581965367,0.05028028818606563,-0.05004772426028627,4.18836274709162,2.5207005876515445,-0.31648193145867237,-0.16870432542041544,2.3301085184726165,8.36451409826392,-0.2173051116336896,0.11986725502531645,7.695983432638835,5.901575269621291,-0.1795125969156634,0.04822763396552047,6.2082000768425925,2.8975750552882773,0.04004070712013129,-0.04015640927192443,1.860887470161723,7.800163026857172,-0.09126664186563863,0.22778259574668552,3.9038475920739666,6.744933744481956,-0.08259527235169482,0.024495129608416155,8.717850078273807,8.459015483425116,-0.0806827390251284,0.06554432322377472,7.477775920905434,1.7545963595455376,-0.09215712206914042,0.06161119432138694,1.5273207436038119,8.065798595966864,-0.2083140672201898,0.14579425058002204,4.343189539296902,3.055375741419672,-0.11404000732848919,-0.11494255580433527,7.90880078446449,5.441972731139357,-0.1520543101932237,0.013263419279261376,2.029828106862823,6.10681540803629,0.18365900269747454,0.019255891554955558,7.04290612273534,5.045001656017571,-0.001531271912714612,-0.02366672297781868,4.985844904262085,2.5657537848714327,-0.24804915402542,-0.16718546799972303,7.865969515898856,2.7088548025317687,-0.15842095771372564,0.05061049324840014
246,4.817418765422687,3.6703463979658375,-0.05437628930936511,-0.03919554344525564,1.0485691601198355,8.96200596148462,0.02722606478663472,0.17725480466625113,6.164257279215572,7.988868012051094,0.3688047248609666,0.1341169648925138,8.75632292062094,4.4796610726146815,0.24265561623149803,0.03233581615305639,7.066501379620645,3.8729805719835224,0.06614297809838482,-0.045404959408835356,4.172538650518686,2.512265371380524,-0.3264130442845429,-0.17106652510688308,2.319243262890932,8.370507461015185,-0.20388160024777194,0.1340042369894278,7.687007802793052,5.903986651319567,-0.1724367238983523,0.04073995618274649,6.210202112198599,2.8955672348246813,0.03341819448156241,-0.057942792900769646,1.8563241380684412,7.811552156644506,-0.07798726345148457,0.2294933010195389,3.899717828456382,6.746158500962377,-0.08502338639338088,0.027636403539084985,8.71381594132255,8.462292699586305,-0.08855556488610558,0.06410171694228559,7.473168064801977,1.7576769192616069,-0.09909476893498514,0.06471975629168046,1.5169050402428024,8.073088308495866,-0.21275542872200273,0.14198072789842814,4.3374875389304774,3.0496286136294555,-0.12682071987340726,-0.11091700673528829,7.9011980689548285,5.44263590210332,-0.14018654709116912,0.012291887970073963,2.0390110569976967,6.107778202614038,0.1860457388222285,0.024261851348880842,7.042829559139704,5.04381831986868,-0.0016145548751560564,-0.024631406737776234,4.973442446560814,2.5573945114714465,-0.25603741620193365,-0.16647206200874992,7.85804846801317,2.7113853271941886,-0.16018755258560427,0.05520801742940848
247,4.814699950957219,3.6683866207935747,-0.06119008219371493,-0.04672981715908277,1.0499304633591673,8.970868701717931,0.0429887232038596,0.17261617935737986,6.18269751545862,7.99557386029572,0.36638026421147624,0.13630709342009548,8.768455701432515,4.481277863422334,0.22982745987945488,0.0370861875048945,7.069808528525564,3.8707103240130807,0.0818924072647018,-0.040316292209819735,4.156217998304459,2.5037120451251798,-0.33542490596648106,-0.17345750154331926,2.3090491828785433,8.377207672864657,-0.18953989421025058,0.1475639122061026,7.678385966598134,5.906023649128704,-0.16468225796073785,0.032101725471524796,6.211873021922677,2.8926700951796427,0.026840394267271795,-0.07628199172851317,1.8524247748958669,7.823026821695483,-0.06399293179359807,0.2310394668322995,3.895466659136713,6.747540321139331,-0.08705116658349109,0.030828466587566928,8.709388163078245,8.465497785433419,-0.09651223362065606,0.0623808963886848,7.468213326355228,1.7609129070761909,-0.10583755778624629,0.06730601542579424,1.5062672688067023,8.080187344890787,-0.2163018205220487,0.13789633786911695,4.331146502936807,3.0440827632926912,-0.1407972267622737,-0.10701942883857407,7.89418874160027,5.443250496501824,-0.1266694325710962,0.011527651138036395,2.048313343938808,6.108991295181482,0.18830826929808336,0.028922630214099004,7.042748831395945,5.042586749531791,-0.0018216620167700167,-0.02540560946642025,4.960640575750717,2.549070908371009,-0.26436592255245095,-0.1665722498379799,7.8500390903838895,2.714145728065659,-0.16115614035666234,0.05985753772228663
248,4.811640446847533,3.6660501299356207,-0.06795535689721759,-0.054308594680931445,1.0520798995193603,8.9794995106858,0.05739368616076497,0.17052600595644135,6.201016528669194,8.002389214966724,0.3635479341931943,0.13740330525956276,8.779947074426488,4.483132172797578,0.2179220698552697,0.03964441792733169,7.073903148888799,3.8686945094025895,0.0973077971005363,-0.03476516747315306,4.139446753006135,2.4950391700480137,-0.34347179229136354,-0.17585645177737477,2.299572188168031,8.384585868474963,-0.1745666486491277,0.16059380047838806,7.670151853700098,5.90762873540228,-0.15722732622474542,0.0219268229430004,6.21321504163604,2.888855995593217,0.015129176804255285,-0.07759756821852797,1.849225128306187,7.834578795037098,-0.05075441981401814,0.23263012201758174,3.8911141008075387,6.749081744468709,-0.08894961289007736,0.03393266661544998,8.704562551397212,8.468616830252852,-0.1052702823338633,0.06015768970469146,7.462921448465916,1.7642782078474806,-0.11231269347025966,0.06915333230929864,1.4954521777805998,8.087082161784242,-0.2190271166170623,0.13364797546202867,4.324106641598694,3.0387317918507626,-0.1559151983613757,-0.10322459742852368,7.887855269971715,5.443826879058725,-0.11205496822850206,0.010805384264691615,2.057728757403712,6.1104374266921875,0.19046291909218507,0.03334080550909431,7.042657748295107,5.04131646905847,-0.002160094582101476,-0.026031040491821006,4.947422279623095,2.54074229587911,-0.2727944961608494,-0.16757622013689602,7.8419812833660565,2.7171386049517734,-0.1611430440986181,0.06463112210303251
249,4.808242679002672,3.6633347002015744,-0.0746348873389786,-0.06211721367349851,1.0549495838273986,8.988025810983622,0.07110284237595586,0.17038093024176004,6.219193925378853,8.009259380229702,0.3603305838741664,0.13742637871377564,8.790843177919252,4.485114393693945,0.204484441109237,0.042143811114794975,7.078768538743826,3.866956251028932,0.1124418798351211,-0.02869528488655466,4.122273163391567,2.486246347459145,-0.3501629426586235,-0.17815492031500343,2.2908438557355746,8.392615558498882,-0.1590449718107297,0.17306545921485542,7.66229048738886,5.90872507654943,-0.14957712520212044,0.011018078458814225,6.213971500476253,2.884976117182291,0.0032037149159419905,-0.0791989565239536,1.846687407315486,7.846210301137977,-0.03865722502317799,0.23430159774841813,3.8866666201630347,6.750778377799482,-0.09071713386912418,0.03702476839055975,8.699299037280518,8.471624714738086,-0.11489014268494897,0.05755536357978492,7.457305813792403,1.7677358744629454,-0.11847260067715262,0.07036226472767484,1.4845008219497466,8.093764560557343,-0.22124762693593764,0.12935007563466755,4.316310881680625,3.0335705619793365,-0.17192371103713788,-0.0998606718374125,7.88225252156029,5.44436714827196,-0.0969286609198282,0.010199520885377074,2.0672519033583217,6.112104466967642,0.19240143052340228,0.03741556119263561,7.042549743566002,5.040014917033879,-0.002667469062468183,-0.026607832636968927,4.9337825548150525,2.532363484872265,-0.28123521719585304,-0.16947012382449234,7.833924131161125,2.720370161056925,-0.16025800266802556,0.06948887718289797
250,4.804510934635723,3.6602288395178992,-0.08106635815034564,-0.06968360833039511,1.0585047259461964,8.99654485749571,0.08479452250929861,0.1712967322325373,6.237210454572562,8.016130699165391,0.35673338954526224,0.13641974613614774,8.801067399974713,4.487221584249685,0.1897946335154145,0.044256650299496415,7.084390632735582,3.8655214867846044,0.1272777739429397,-0.021906388862327517,4.104765016258636,2.4773386014433947,-0.35453318389829047,-0.18071051732972865,2.282891607145038,8.401268831459625,-0.14306312625304005,0.18493654751103042,7.654811631128754,5.909275980472371,-0.14133337516635766,-0.00015253605196038737,6.21413168622205,2.8810161693560934,-0.008952571919728482,-0.08114567383837573,1.844754546064327,7.857925381025398,-0.02831462557163609,0.23585040032165197,3.8821307634695783,6.75262961621901,-0.09237957483966423,0.04011379456599911,8.69355453014627,8.474502482917075,-0.1254880705533152,0.05471293355444579,7.451382183758546,1.7712539876993292,-0.12427725898577785,0.07096541581625533,1.4734384406029497,8.100232064339076,-0.22340208338747286,0.12496964125568596,4.307714696128768,3.028577528387466,-0.18857019606778896,-0.09690563988366045,7.877406088514299,5.444877124316228,-0.08160694276349045,0.009637512834175372,2.076871974884492,6.113975245027274,0.1940552325457402,0.04098803896546752,7.042416370112878,5.038684525402031,-0.0031568801930157066,-0.02731533292523189,4.91972079395526,2.5238899786810407,-0.28973333452354316,-0.1722864064097556,7.825911231027724,2.72384460491607,-0.15864514531135804,0.07397194554477636
251,4.800457616728206,3.6567446591013795,-0.08736650800834354,-0.07694297648182143,1.0627444520716613,9.005109694107336,0.09841305284234075,0.17365752375927213,6.255047124049825,8.022951686472199,0.3527569859959487,0.13443975192107654,8.810557131650484,4.489434416764659,0.17433353883796623,0.046168253772623305,7.090754521432729,3.864426167341488,0.14190143379210657,-0.0145347397162475,4.087038357063721,2.4683030755769084,-0.35661793122764474,-0.18356846803203825,2.275738450832386,8.410515658835177,-0.12668534492150088,0.19611573316972372,7.647744962370436,5.9092683536697725,-0.13234426308721414,-0.01173734323927919,6.213684057626064,2.8769588856641746,-0.020626585653592315,-0.08327167745393388,1.8433388147857452,7.86971790104148,-0.020680395613578685,0.23693309680791644,3.877511784727595,6.75463530594731,-0.09394955708522869,0.043202823721670704,8.687280126618605,8.477238129594797,-0.13704153687335305,0.051640876448844956,7.445168320809257,1.774802258490142,-0.12990962410821533,0.07123734200789077,1.462268336433576,8.10648054640186,-0.22519363099882864,0.12070112204785077,4.298286186325378,3.023732246393283,-0.2055415562147883,-0.09428959146567502,7.873325741376124,5.4453589999579375,-0.06684567963139512,0.009383723637453163,2.086574736511779,6.116024646975547,0.19548395401836116,0.04386097446173818,7.042258526103228,5.037318758755769,-0.0034583817204443335,-0.027915331021236018,4.9052341272290825,2.515275658360553,-0.29804223243604544,-0.17571151281596745,7.8179789737621554,2.7275432021933086,-0.15669453227460628,0.07768973199099008
252,4.796089291327789,3.6528975102772883,-0.09362702077756581,-0.08378730855097997,1.0676651047137784,9.0137925702953,0.11194622932406453,0.17702424480822326,6.272684973349622,8.029673674068253,0.3484099361785058,0.1315381126905272,8.819273808592381,4.49174282945329,0.1585917241650193,0.04806054981119132,7.097849593122334,3.863699430355676,0.15621553095816798,-0.00649231628914255,4.069207460502339,2.4591246521753063,-0.3569086204725111,-0.18663630755022767,2.2694041835863112,8.420321445493663,-0.10996708248749515,0.20646946900408383,7.641127749216075,5.908681486507809,-0.12302473116964212,-0.023953049200268188,6.212652728343384,2.872795301791478,-0.03144902335720178,-0.08543738074314468,1.8423047950050664,7.881564555881876,-0.013534688304332621,0.23759471241617647,3.872814306873334,6.756795447133393,-0.09541152528364731,0.04630174277802666,8.680428049774937,8.47982017341724,-0.14740471482850365,0.04862446307310967,7.438672839603846,1.7783641255905365,-0.13538880827381228,0.07120307951766482,1.4510086548836345,8.112515602504253,-0.22645338596949838,0.11641385866934983,4.288009108514639,3.0190177668199993,-0.22240934137056148,-0.09185641605832495,7.869983457394555,5.44582818613981,-0.05235834156529405,0.009837970681852545,2.096348934212697,6.118217695698634,0.19661747789979656,0.045835092776421615,7.0420856070172055,5.035922992204707,-0.0035349517097679494,-0.028229179906943576,4.89033201560728,2.506490082719755,-0.3055880478442753,-0.17952644999028766,7.8101442471484255,2.731427688792858,-0.1543464903676534,0.0808592242506117
253,4.79140794028891,3.6487081448497394,-0.0998427946729487,-0.09013697571268309,1.0732624161799815,9.022643782535711,0.12531219689579992,0.1806619881769681,6.290105470158547,8.036250579702779,0.34367415827888287,0.12766779870339132,8.827203394800632,4.49414585694385,0.14262613726430823,0.050062026657826664,7.105660369670243,3.863374814541219,0.16985155972480007,0.0026712421939812294,4.051362029478714,2.449792836797795,-0.3551185026275719,-0.18998366006985906,2.2639058294619363,8.430644918943868,-0.09332632248297473,0.21608781465213414,7.634976512657593,5.907483834047795,-0.11356541443914285,-0.03660175980875055,6.211080277175524,2.868523432754321,-0.0411630620272648,-0.08729937489789598,1.8416280605898498,7.893444291502685,-0.006602388720182307,0.23787993696285484,3.8680437306091515,6.759110534272295,-0.09661849885125233,0.049398320861959055,8.673057814033513,8.482251396570895,-0.15656986922599128,0.04566303051183133,7.431903399190156,1.7819242795664196,-0.14072157660975074,0.0708912519744732,1.4396859855851596,8.11833629543772,-0.22689923951576016,0.1118489315235111,4.276888641446111,3.014424946017083,-0.23767518017242228,-0.08884817503818192,7.86736554031629,5.446320084673903,-0.03803017770306566,0.011170653332388843,2.1061798081076866,6.1205094503374555,0.1973432177215882,0.046976449173841785,7.041908859431717,5.0345115332093595,-0.0034523236533609745,-0.028299969427339495,4.875052613215066,2.4975137602202406,-0.31150564130853065,-0.18283049228490914,7.802426922630043,2.7354706500053885,-0.15183208109379057,0.08373072625517551
254,4.786415800555263,3.644201296064105,-0.10599529525767026,-0.09592624186685313,1.0795280260247715,9.03167688194456,0.13864282189341573,0.1843397918274665,6.307289178072492,8.042633969637949,0.3383729476221207,0.12361839436538911,8.834334701663847,4.496648958276741,0.12649214787059715,0.05228568875855899,7.114152947656483,3.863508376650918,0.1827876869106216,0.012955438779398023,4.033606104347335,2.440293653794302,-0.3516255635279024,-0.1934276175625682,2.2592395133377874,8.441449309676475,-0.0769064870943143,0.2250216098956358,7.629298241935635,5.905653746057358,-0.1040004022821795,-0.049889931398125094,6.209022124074161,2.864158464009426,-0.04997189091758844,-0.08895361557316654,1.8412979411538408,7.905338288350827,-3.6598841813928994e-05,0.23775550233665926,3.863212805666589,6.7615804503153925,-0.0974755968793161,0.05248446068247516,8.665229320572212,8.484534548096487,-0.16462648302890112,0.04283946889558939,7.4248673203596685,1.7854688421651432,-0.14585325675561045,0.07025033119201143,1.4283410236093717,8.123928742013895,-0.2259769399667766,0.10687368749315469,4.2650048824374895,3.0099825372651736,-0.25077520672033105,-0.08563262328931011,7.865464031431136,5.446878617340522,-0.023808494558496263,0.013428361792481388,2.116046968993766,6.122858272796147,0.19733960828781802,0.04739330520011873,7.04173624324905,5.033096534737992,-0.0033222607305256244,-0.028242363464837657,4.85947733114964,2.488372235605995,-0.3164952083350266,-0.1863061791926774,7.794835318575354,2.7396571863181474,-0.14903481462538484,0.08604925957888071
255,4.78111603579238,3.6394049839707625,-0.11230202248821912,-0.10130107841601599,1.0864601671194423,9.040893871535932,0.1521619525405982,0.18799302346315622,6.324207825453597,8.048814889356219,0.3324559658505324,0.11963797197290159,8.840659309057378,4.499263242714669,0.11032305432134559,0.054542783104545835,7.123292332002014,3.864156148589888,0.1950329515600128,0.023899338828130782,4.0160248261709395,2.4306222729161733,-0.34593638251300696,-0.19704638653770687,2.2553941889830718,8.452700390171257,-0.06073016946211597,0.23325229384820576,7.6240982218215265,5.903159249487452,-0.0949676685437571,-0.06262622656175654,6.2065235295282815,2.859710783230768,-0.057993808856774534,-0.09030222290840619,1.84129611121175,7.91722606346766,0.006331746925445669,0.23725434680935067,3.858339025822623,6.764204673349516,-0.09816173910040928,0.055561802857422425,8.656997996420767,8.486676521541266,-0.17144724071599296,0.040236757016872446,7.417574657521888,1.7889813587247438,-0.1508050932969055,0.06923411940291008,1.4170421766110328,8.129272426388553,-0.22383052790711186,0.10164568549627988,4.252466122101473,3.0057009061007083,-0.26132934007594855,-0.08258173514583028,7.864273606703211,5.447550035430146,-0.009736296882791306,0.016455090310788595,2.1259139494081567,6.125227938056153,0.19674080065489488,0.04723032574026303,7.0415701302125235,5.03168441656475,-0.0031616668185202,-0.028068611513176696,4.843652570732889,2.4790569266463613,-0.32101366397450815,-0.18994841749669636,7.787383577844085,2.7439596492970915,-0.14581113392055275,0.0875770224575669
256,4.775500934667969,3.6343399300499617,-0.11881403109560666,-0.10623417898228396,1.0940682647464721,9.05029352270909,0.1654847961518386,0.19151154562142134,6.340830623746124,8.054796787954864,0.3258835717775229,0.11570239015467859,8.846175461773445,4.501990381869896,0.09411798936897209,0.056881921753949884,7.133043979580014,3.8653511155312943,0.20657667997121046,0.035812606351181095,3.998728007045289,2.420769953589288,-0.3383162550139034,-0.20083072827533485,2.252357680509966,8.464363004863667,-0.04477445905104419,0.2406362878612768,7.6193498383943385,5.900027938159364,-0.08659811396449914,-0.07450867997357409,6.203623839085442,2.8551956720853475,-0.06530231284217951,-0.09126522302341335,1.8416126985580223,7.929088780808128,0.012779567290874594,0.2364523395849399,3.8534309388676027,6.766982763492387,-0.09881846642930579,0.05863118483205993,8.648425634384967,8.48868835939211,-0.17703973629154018,0.037851105696653405,7.410034402857042,1.7924430646948895,-0.1556467625732622,0.06783092296748837,1.4058506502156771,8.134354710663366,-0.22049371572385093,0.09625488086278168,4.239399655097675,3.001571819343417,-0.26903126004884514,-0.08041679852136291,7.863786791859072,5.448372789945685,0.0036245372389127964,0.01905675221643492,2.1357509894409015,6.127589454343166,0.19565597600341517,0.046642648296863,7.0414120468715975,5.030280985989092,-0.0029708309998718618,-0.027802974356623128,4.827601887534164,2.4695595057715267,-0.3253972015203084,-0.19408750559093083,7.7800930211480575,2.74833850041997,-0.14211435773909334,0.08828539288051133
257,4.7695602331131886,3.6290282211008473,-0.12562447419892012,-0.11108163363447417,1.102342504554064,9.059869099990161,0.1773305979225257,0.19409687380548954,6.357124802335,8.060581907462598,0.3186233713962439,0.11175586864896513,8.850881361241894,4.504834477957593,0.07801039291196754,0.059336127170092824,7.143372813578575,3.8671417458488535,0.21843347581862638,0.03210671177665812,3.981812194294594,2.410728417175521,-0.329528748195132,-0.20475436271504166,2.250118957557414,8.47639481925673,-0.029135808097274507,0.24732948490302675,7.615019932696113,5.896302504160685,-0.07979191769212594,-0.08526843221733134,6.200358723443333,2.850632410934177,-0.07204350428896067,-0.09200975958903007,1.842251676922566,7.940911397787374,0.019362044234605903,0.23540218891110345,3.8484900155461372,6.76991432273399,-0.09945174380083156,0.06169326523771245,8.63957364757039,8.490580914676944,-0.1814245933351641,0.03566540355900435,7.402252064728379,1.795834610843264,-0.16035815770282363,0.06623383942126711,1.3948259644294845,8.139167454706506,-0.2159799919481065,0.09075741520757405,4.2259480920952335,2.997550979417349,-0.24808190677116188,-0.10272123806604064,7.8639680187210175,5.449325627556506,0.01575284863455794,0.02088349637053057,2.1455337882410723,6.12992158675801,0.19407822242975908,0.045684097296059295,7.041263505321604,5.028890837271261,-0.00283508030380882,-0.027508083426678313,4.811332027458149,2.45985513049198,-0.3289228918821658,-0.19819272446335875,7.772987303261103,2.7527527700639953,-0.13808252261519674,0.08842434372899761
258,4.7632790094032424,3.6234741394191237,-0.13256772539148984,-0.11640169351508844,1.1112090344501904,9.069573943680435,0.18818419693442373,0.1951838901383841,6.3730559709048125,8.066169700895047,0.31066961136835847,0.1078116329813788,8.854781880887494,4.5078012843160975,0.062185042329367904,0.06197056064075923,7.154294487369506,3.8687470814376863,0.22995354267596432,0.02945908221016747,3.965335756884837,2.4004906990397687,-0.31952744791980625,-0.20915430979207755,2.24866216715255,8.488761293501883,-0.013821503268630707,0.2532533823035251,7.611030336811507,5.892039082549819,-0.07385479625612608,-0.09479683594653171,6.196756548228885,2.8460319229547255,-0.07844932871179697,-0.09235180072665833,1.8432197791342964,7.9526815072329295,0.026023818452688332,0.23408792037051246,3.8435174283560958,6.7729989859958755,-0.10010122171480727,0.06472251242479045,8.630502417903632,8.492364184854894,-0.1845733431784039,0.033649404226934,7.394234156843238,1.7991463028143273,-0.16488042803957081,0.06441959156721314,1.384026964832079,8.143705325466884,-0.21006369339475892,0.0851857760422918,4.213543996756675,2.992414917514047,-0.22741606894681723,-0.12099848382600463,7.864755661152746,5.450369802375032,0.02682053709967635,0.021586509826025807,2.1552376993625604,6.1322057916228125,0.19202570705712516,0.04442631309708969,7.041121751306414,5.027515433099927,-0.002600259237548482,-0.026974119360843433,4.79488588286404,2.449945494268812,-0.3294918096483792,-0.2023998933553847,7.766083177130343,2.7571739872504453,-0.1338852216446424,0.08812192515151283
259,4.756650623133668,3.6176540547433693,-0.13958735397587477,-0.12207478947153319,1.1206182442969115,9.079333138187355,0.19820373325081853,0.19511447804407606,6.38858945147323,8.071560282544116,0.30206164119023116,0.1038772969002316,8.857891133003962,4.510899812348136,0.04690055025392464,0.06485185866869188,7.165792164503304,3.870220035548195,0.2405478763842506,0.02781117750863654,3.949359384488847,2.390032983550165,-0.3083654932188594,-0.21363205322400333,2.2479710919891183,8.501423962617059,0.0011895644198344126,0.258318138354231,7.6073375969987005,5.887299240752492,-0.06823889468163362,-0.10318280639001888,6.192834081793295,2.8414143329183927,-0.08497645901756402,-0.09242722208674684,1.8445209700569307,7.964385903251455,0.032853698630663036,0.23244805521797463,3.8385123672703556,6.776235111617115,-0.10074518619914126,0.06771266492536027,8.621273750744711,8.49404665506624,-0.1865234398899203,0.03169852986106782,7.38599013544126,1.802367282392688,-0.1692231066013775,0.06236765342831095,1.3735237801623412,8.147964614268998,-0.20277582006702682,0.07929292446608273,4.202173193309334,2.9863649933227467,-0.2068422934765604,-0.13634886734613097,7.86609668800773,5.451449127866334,0.036761173257665855,0.021489261617549577,2.164838984715417,6.134427107277667,0.18954048655033787,0.04316804759061353,7.040991738344537,5.026166727131884,-0.0022699172576872225,-0.026218318728083504,4.778411292381621,2.439825499601043,-0.32721557047675504,-0.2070196131885203,7.7593889160481115,2.761580083508021,-0.1295902316415334,0.08738733119943819
260,4.749671255434874,3.6115503152697928,-0.14670950850973782,-0.12823729395082226,1.1305284309594523,9.08908886208956,0.20761700688334492,0.19421690706522593,6.403692533532742,8.076754147389128,0.29286412892121105,0.09996605985410906,8.860236160516658,4.514142405281571,0.03228352291160515,0.06794984789258933,7.177819558322517,3.8716105944236268,0.24986064913510508,0.027158802948623124,3.933941109827904,2.379351380888965,-0.2958142317342365,-0.21770825730041268,2.2480305702101098,8.514339869534771,0.015834880126564303,0.2624661332450401,7.603925652264619,5.882140100432991,-0.06289870482236257,-0.11062648104378742,6.188585258842417,2.8367929718140554,-0.09172571050243493,-0.09216768956340536,1.846163654988464,7.976008306012353,0.04001089324507344,0.23027416951488777,3.8334751079603984,6.779620744863383,-0.10138530767400336,0.07068286626120765,8.611947578750215,8.495631581559294,-0.18732012563027198,0.029775342038964318,7.37752898011119,1.8054856650641036,-0.17339166658475016,0.06006379812091073,1.36338498915899,8.151929260492302,-0.1945988302136447,0.0725665529691669,4.191831078635506,2.97954754995544,-0.18625309530446799,-0.149592423368775,7.867934746670613,5.452523590947211,0.04568858409865401,0.02072994067858986,2.1743160090429337,6.1365855096571975,0.18662687144280155,0.04191704043975489,7.040878242481652,5.02485581119548,-0.0019831179609505053,-0.025361486592614783,4.762050513857783,2.429474518941617,-0.32245501418124095,-0.21232376458944402,7.752909404466035,2.7659494500679926,-0.12520626680493596,0.08622295492941222
261,4.7423357800093875,3.6051384505722517,-0.15386535754929243,-0.13497681870272388,1.1409092813036197,9.09879970744282,0.2167805102321723,0.19288139989958533,6.418335739978803,8.081752450381833,0.28312908110398083,0.09609153628893591,8.861850336662238,4.5175398976762,0.01839627546840599,0.07112685033745265,7.190312590779272,3.872968534571058,0.2576368931198043,0.026786514316416505,3.919150398241192,2.3684659680239446,-0.28205937961812855,-0.22132999682203533,2.248822314216438,8.527463176197022,0.030075492216198246,0.2656636247865449,7.6007807170235,5.876608776380802,-0.05845799226611963,-0.11746223004409831,6.183998973317295,2.832184587335885,-0.09877804564552423,-0.09164573825493141,1.8481641996507177,7.987522014488098,0.047489407558771256,0.22759826220106408,3.8284058425766982,6.783154888176443,-0.1019586004211433,0.07367472941508252,8.6025815724687,8.497120348661243,-0.18701872543073947,0.02787165108243136,7.368859396781953,1.8084888549701492,-0.17738686161591624,0.057502499176854696,1.3536550476483078,8.155557588140761,-0.18625527518043777,0.06527550941939082,4.182518423870282,2.972067928787001,-0.16616480264613898,-0.16124441244133628,7.870219175875546,5.453560087981141,0.053608932742910606,0.019306200757288255,2.1836473526150737,6.138681361679185,0.1832871717870303,0.04068075116580741,7.040779086583604,5.023587736865849,-0.001777759470602643,-0.02449693304794444,4.745927763148721,2.418858330712145,-0.30047423232804193,-0.2101807587489637,7.7466490911257875,2.770260597814463,-0.12847277754485847,0.08789642145538411
262,4.734642512131923,3.5983896096371155,-0.16088045916090665,-0.14234558372905481,1.1517483068152283,9.108443777437799,0.22552168785067586,0.19122344809011946,6.432492194034001,8.08655702719628,0.2729502334930304,0.09212438487060762,8.862770150435658,4.5210962401930725,0.005617620773848801,0.07363174354351258,7.203194435435263,3.8743078602868786,0.2628809388244075,0.026865327797793943,3.9050474292602857,2.3573994681828427,-0.2688187904166782,-0.223815646482265,2.2503260888272476,8.54074635743635,0.04395522351369123,0.26798411165248265,7.597857817410194,5.870735664878597,-0.054988686408103615,-0.12381805138537448,6.1790600710350185,2.8276023004231385,-0.10634193914251443,-0.09104101472131594,1.8505386700286561,7.998901927598151,0.05522116561684239,0.2244098283303909,3.823307912555641,6.7868386246471974,-0.10280297211248947,0.07677620402058322,8.593230636197164,8.498513931215363,-0.18567098804391677,0.025980739734267278,7.359990053701157,1.811363979928992,-0.18103877412631128,0.05461213751762589,1.344342283889286,8.15882136361173,-0.1781587486172702,0.05762623301381793,4.174210183737975,2.9640057081649345,-0.14600057665059835,-0.17165443443187392,7.8728996225126915,5.454525398019006,0.060528328666525105,0.017285944349729337,2.1928117112044254,6.140715399237476,0.17949710874856195,0.03946041507503407,7.040690198610074,5.022362890213452,-0.0016782260468212482,-0.023650378615880145,4.730904051532319,2.408349292774697,-0.27447803903828516,-0.20870063637273034,7.740225452248545,2.7746554188872325,-0.13034038142800572,0.08823664227647415
263,4.7265984891738775,3.591272330450663,-0.16739966502915082,-0.15055808677485216,1.163024391207762,9.118004949842305,0.2338850971910575,0.1891955824045969,6.446139705708653,8.09116324643981,0.2623683452345732,0.08806884795971609,8.86305103147435,4.524777827370248,-0.006028740875187608,0.07543247194654441,7.216338482376483,3.875651126676768,0.26527189272283735,0.027680894147568542,3.891606489739452,2.3462086858587297,-0.2565159372496212,-0.2251278456240952,2.252523850002932,8.554145563018974,0.05749523962840299,0.2695140143379163,7.595108383089789,5.864544762309329,-0.052316562871636066,-0.12983975628265898,6.173742974077893,2.8230502496870726,-0.11454677330570336,-0.09044551351636335,1.8532997283094983,8.010122419014671,0.06312777315530407,0.2207015309436254,3.8181677639500164,6.790677434848226,-0.10416649429936481,0.07995263277074058,8.583947086794968,8.499812968202077,-0.18333170243181043,0.024096225827132747,7.350938114994841,1.8140945868048732,-0.18428576061977955,0.05162839884936293,1.3354343464584224,8.161702675262422,-0.17045853929767868,0.04992363280291286,4.166910154905445,2.955422986443341,-0.12591669771621494,-0.18136318989523567,7.875926038946018,5.455389695236492,0.06655973421974681,0.01445098856058053,2.2017865666418537,6.142688419991228,0.1752678161025115,0.038254172502517864,7.040606287307733,5.021180371282657,-0.0017319778880087254,-0.02290771577815129,4.717180149580404,2.3979142609560604,-0.2474803327442254,-0.20632390991674385,7.733708433177145,2.7790672510010563,-0.13074634754598383,0.08705836322305432
264,4.71822850592242,3.5837444261119202,-0.17333551763127503,-0.15956682442834605,1.174718646067315,9.127464728962535,0.24189658878775624,0.18677873531715403,6.459258122970382,8.095566688837797,0.2521703853942755,0.08236570753701425,8.862749594430591,4.528549450967575,-0.016609633736077045,0.07659215379200078,7.229602077012625,3.8770351713841467,0.2654942385369462,0.02876830536123474,3.878780692876971,2.334952293577525,-0.2456889800238216,-0.22532136277864354,2.255398611984352,8.56762126373587,0.07072749312028151,0.27019223822164945,7.592492554946207,5.858052774495196,-0.050435364659131676,-0.1355858582431988,6.1680156354126074,2.8185279740112543,-0.12351004081087227,-0.08993185768432602,1.8564561169672635,8.021157495561852,0.07101417397412885,0.21624184362124724,3.812959439235048,6.7946750664867634,-0.1060465056343801,0.08320254361709316,8.574780501673377,8.501017779493434,-0.1800444872734671,0.022218287988697575,7.341723826963852,1.8166760067473413,-0.18709541218831155,0.04861061698823651,1.3269114194935385,8.164198856902567,-0.162871423831084,0.04233332774276462,4.160614320019634,2.946354826948579,-0.10650996628949909,-0.1905083148969046,7.879254025657005,5.456112244664521,0.06828179399116538,0.0068569187220566645,2.2105499574469794,6.144601128616354,0.1706345477610894,0.037015555667191904,7.040519688413332,5.02003498549375,-0.001965825163385045,-0.022276671205932037,4.704806132943193,2.387598065460223,-0.22005283821831598,-0.2027782147459837,7.7271711157998455,2.783420169162209,-0.13021431760430577,0.08471028499452106
265,4.709561730040856,3.575766084890503,-0.17862821823487934,-0.16935314863136042,1.1868134755067028,9.136803665728392,0.2494360950443366,0.18405602699504622,6.471866642240095,8.099684974214648,0.24163759646195204,0.07658377126403547,8.861919112743788,4.532379058657175,-0.026333292595806815,0.07724565962954558,7.242876788939472,3.878473586652208,0.26407016175626935,0.02954989482831319,3.8664962438757797,2.3236862254385926,-0.23643937329526785,-0.22449363521868962,2.2589349866403663,8.581130875646952,0.08367938573464613,0.2699672550184246,7.58997078671325,5.851273481583036,-0.04944133092016092,-0.14123012268790763,6.161840133372064,2.814031381127038,-0.13304870622472878,-0.08963830767262414,1.86000682566597,8.031969587742914,0.07882903878841031,0.21104886978399082,3.8076571139533293,6.798835193667618,-0.10826412587304186,0.08648449196001251,8.565778277309704,8.50212869389287,-0.1758218926993733,0.02035687926331668,7.332369056354437,1.8191065375967532,-0.18944765324248883,0.04555329117059191,1.3187678483019842,8.166315523289706,-0.15458350973377488,0.035438596966216235,4.155288821705159,2.9368294112037336,-0.08804208848426609,-0.19897463240154897,7.882668115356563,5.456455090600624,0.06972813012643359,-0.0015957448485858072,2.2190816848350337,6.146451906399713,0.16561118788123808,0.03574773777133242,7.040421397155163,5.018921151933453,-0.0023909869572130557,-0.021742536894330516,4.693803491032277,2.377459154722924,-0.19295888830433738,-0.1980357968889328,7.72066039991963,2.787655683411935,-0.12865818077266458,0.08182509143052331
266,4.700630319129112,3.567298427458935,-0.18323417200277503,-0.1794027592163347,1.1992852802589196,9.146006467078145,0.25644954560729055,0.1810717168672515,6.4839485220631925,8.10351416277785,0.23046555665510923,0.07056000255592561,8.860602448113998,4.536241341638652,-0.035239928237858514,0.07736030370389245,7.256080297027285,3.879951081393624,0.2614352583402318,0.030082260185816483,3.8546742752110164,2.3124615436776583,-0.2289733178424442,-0.22285306002582092,2.2631189559270988,8.594629238397873,0.0969507935176776,0.26883231748245323,7.587498720167242,5.844211975448641,-0.04873719480186811,-0.1469967465276436,6.1551876980608276,2.8095494657434066,-0.142357768586446,-0.0915161618782921,1.8639482776053906,8.042522031232114,0.0865402414396726,0.2051683593494825,3.802243907659677,6.8031594182656185,-0.11016042119700979,0.08951726178159673,8.556987182674735,8.503146537856034,-0.17073159382320693,0.018505769289230395,7.322896673692312,1.8213842021552828,-0.19132432895257087,0.04245737060039719,1.3110386728152954,8.168087453138016,-0.14508542167196534,0.029293227332183987,4.150886717280946,2.926880679583656,-0.07070325378129749,-0.20677013837226546,7.886154521862885,5.456375303358195,0.07080450023158094,-0.010580954313612664,2.2273622442290955,6.14823929328828,0.16023556529582222,0.034464542622178955,7.040301847807303,5.017834025088737,-0.002942048661967885,-0.021240520545566216,4.684155546617061,2.3675573648784773,-0.16616807271252526,-0.19245800801442586,7.714227490880997,2.7917469379834614,-0.12594666527152304,0.07843918141124478
267,4.691468610528974,3.5583282894981183,-0.18684279403219875,-0.18901269539406526,1.212107757539284,9.155060052921508,0.26294721333714516,0.1778285361303521,6.495471799895948,8.107042162905646,0.2181637644507292,0.06397570990570282,8.858840451702104,4.540109356823846,-0.04337413983768533,0.07697453101092151,7.269152059944297,3.881455194402915,0.25752121317028226,0.03035201267056276,3.8432256093188943,2.301318890676367,-0.22256889561887624,-0.22048530965680857,2.2679664956029826,8.608070854271997,0.11233954603776199,0.2674703577754613,7.585061860427149,5.8368621381222585,-0.04839943502396456,-0.1529886848653273,6.148069809631505,2.804973657649492,-0.15033624666051978,-0.09533855596620276,1.8682752896773742,8.052780449199588,0.09413706501278508,0.19865216351579948,3.7967358865998264,6.807635281354698,-0.11178756951232027,0.09225471592029293,8.548450602983575,8.504071826320496,-0.1648419977781897,0.016650897144471693,7.313330457244684,1.8235070706853027,-0.19273366066171738,0.039189614123398865,1.303784401731697,8.169552114504626,-0.13448342280636094,0.023920304092118413,4.14735155459188,2.916542172665043,-0.05438717219779758,-0.21388344534166967,7.889694746874464,5.4558462556425145,0.0715381436292698,-0.020057194292879783,2.2353740224938865,6.149962520419389,0.15453148386479099,0.03317874573028104,7.040154745374204,5.016771999061459,-0.0035575802406278964,-0.02071954451809241,4.675847142981434,2.357934464477756,-0.13948492397080314,-0.1866791063629242,7.7079301576174215,2.7956688970540235,-0.12188629181623702,0.07486965630350342
268,4.682126470827364,3.548877654728415,-0.18916958539317305,-0.19801884322574365,1.2252551182061413,9.163951479728025,0.26899931809338123,0.17428716825680263,6.506379988118485,8.110240948400932,0.2048077299930456,0.05679224677928185,8.85667174471022,4.543958083374393,-0.05078532623476098,0.0761206770587819,7.282028120602811,3.882972795036443,0.24843797492622555,0.02963726650640477,3.8320971645379505,2.2902946251935266,-0.21702851014908198,-0.2174503411688902,2.2735834729048707,8.62144437216077,0.12897967721328002,0.2657341942412373,7.58264188867595,5.8292127038789925,-0.048339583392442376,-0.1592047724301533,6.14055299729848,2.800206729851182,-0.15654599303619976,-0.10093905644554331,1.8729821429280136,8.062713057375378,0.101656819780203,0.1915097858710222,3.7911465081242106,6.812248017150713,-0.11323065719444822,0.09480492653777559,8.540208503094666,8.50490437117772,-0.1582211197970038,0.014794751322959947,7.303693774211598,1.8254665513914727,-0.1936725638295612,0.03574733673661431,1.297060230591379,8.170748129709231,-0.12282803552398942,0.019321278619119794,4.14463219598199,2.905848000397959,-0.038668332135179326,-0.2202809184087149,7.893271654055927,5.45484339592787,0.07201133857114812,-0.029875745237208092,2.243100596687126,6.151621457705903,0.14856673716605384,0.031842824312359255,7.039976866362173,5.015736021835554,-0.004310803019067418,-0.02025441599386348,4.668872896782894,2.34860050915961,-0.12231433827887428,-0.16878699154482804,7.701835843026609,2.7994123798691986,-0.11723094852209334,0.07115761798022023
269,4.672667991557705,3.538976712567128,-0.1899516061557358,-0.2065227526347898,1.2387050841108103,9.172665838140865,0.2746433545503238,0.1704237572325898,6.516620374618137,8.113080560739895,0.18225614574927118,0.04987328447945809,8.854132478398482,4.547764117227332,-0.05762595313018869,0.07479222112261823,7.294450019349122,3.884454658361763,0.23874361621975124,0.029897676708140565,3.8212457390304966,2.279422108135082,-0.2109307750570381,-0.2140614222326376,2.2800324567655346,8.634731081872832,0.14666668648823958,0.26324506907142364,7.580224909506328,5.821252465257484,-0.04864726443141809,-0.1654485865856127,6.13272569764667,2.7951597770289047,-0.1609744948359024,-0.10745997520226672,1.8780649839170238,8.07228854666893,0.1091449885562383,0.18376261330675409,3.785484975264488,6.816988263477602,-0.11256785168190073,0.09666510461350639,8.532297447104815,8.505644108743867,-0.15101417467571548,0.012903750567828703,7.29401014602012,1.8272539182283034,-0.19400412323429198,0.03211529008179387,1.2909188288151796,8.171714193640188,-0.11090132342825196,0.014848653736064107,4.142698779375231,2.8948339544775235,-0.02341272149036197,-0.22529612437316096,7.896872220984484,5.45334960866601,0.07233538779063722,-0.03932473322782584,2.2505289335454286,6.153213598921521,0.14243135056496342,0.030453731080949467,7.03976132621122,5.014723301035861,-0.005237867214342724,-0.019884148098813132,4.66275717986895,2.3401611595823684,-0.1050649433256234,-0.15125435382948837,7.695974295600505,2.8029702607682094,-0.11225165621876959,0.06728313017783395
270,4.663170411249919,3.5286505749353885,-0.18938986702392752,-0.21485105260422455,1.2524372518383264,9.181187026002496,0.2798756033781388,0.16607878761724956,6.525733181905601,8.115574224963868,0.15988388952988414,0.0430735039020369,8.851251180741972,4.551503728283462,-0.06397571789449762,0.07294482042008212,7.306387200160109,3.8859495421971704,0.22854849505066097,0.031199572069534255,3.8106992002776447,2.26871903702345,-0.20357650811549072,-0.21082773800576707,2.2873657910899468,8.647893335326403,0.16528440440997344,0.2599453861115094,7.5777925462847575,5.812980035928204,-0.04888993468433729,-0.17138519691178364,6.124676972904875,2.7897867782687915,-0.16358401337878817,-0.11421865912217333,1.8835222333448358,8.081476677334267,0.11641436954292883,0.17556127123069093,3.779856582680393,6.821821518708277,-0.11299046537716459,0.09830418000450093,8.524746738371029,8.506289296272259,-0.14339055881477647,0.010989677040969419,7.284309939858405,1.828859682732393,-0.1937328963960609,0.02830792605012139,1.285373762643767,8.17245662632699,-0.10023450898180268,0.00932043208415237,4.141528143300713,2.8835691482588652,-0.00855754080961017,-0.22902005233296072,7.900488990374016,5.451383372004619,0.0736234065388014,-0.04649917891655036,2.2576505010736767,6.154736285475569,0.13623809083402832,0.029015146622866552,7.039499432850503,5.0137290936309205,-0.006333988063594471,-0.0196257482499869,4.657503932702669,2.332598441890894,-0.08771183629046334,-0.1340202877007576,7.690361712789566,2.806334417277101,-0.10697753289282565,0.0632431962728285
271,4.653700917898722,3.517908022305177,-0.18782744339237864,-0.223370579920318,1.2664310320072334,9.189490965383358,0.2844094854447463,0.16107840681807525,6.533727376382095,8.11772790015897,0.1376977473236921,0.03640405931122994,8.848052394847247,4.555150969304466,-0.06980810279375622,0.07062126205229333,7.317814624912642,3.887509520800647,0.21796279209493816,0.03350935990173478,3.80052037487187,2.258177650123162,-0.19447192395802382,-0.20781041193390867,2.2956300113104455,8.660890604631978,0.18521360333070022,0.25589641912258826,7.5753480495505405,5.804410776082615,-0.049025465588272726,-0.1769139833177046,6.1164977722359355,2.784075845312683,-0.1646415536315929,-0.12114139514106943,1.8893429518219822,8.090254740895801,0.12349327345642676,0.16690291873645113,3.774207059411535,6.826736727708502,-0.11276513933081697,0.09997956132968623,8.51757721043029,8.506838780124307,-0.13545968101002032,0.009050920485650586,7.274623295038602,1.8302750790348992,-0.19283883082224937,0.024665324157769286,1.2803620371946767,8.172922647931198,-0.09073212491522095,0.00274227349693504,4.141100266260232,2.8721181456422173,0.005877212548753936,-0.2315123425094119,7.904170160700956,5.449058413058792,0.07566702144785424,-0.05180266125533649,2.264462405615378,6.156187042806713,0.13012447929979046,0.02750224709367768,7.039182733447324,5.012747806218421,-0.007596891649624478,-0.019496234120620175,4.653118340888146,2.3258974275058564,-0.07032469798336877,-0.11697796971426927,7.685012836144925,2.8094965770907425,-0.10137870357871298,0.05909252364335291
272,4.6443095457291035,3.506739493309161,-0.18527116595338042,-0.23184418260267006,1.2806515062794708,9.197544885724263,0.2884071581664899,0.15529541107253558,6.5406122637482795,8.119548103124531,0.11572901454943445,0.029874453177530524,8.84456198970756,4.558682032407081,-0.07516182961291383,0.06792027217262557,7.328712764517388,3.889184988795734,0.20761327999471843,0.03579562345702309,3.790796778673969,2.247787129526466,-0.18395423884268644,-0.20457243542755624,2.3048906914769804,8.673685425588108,0.20665800596579773,0.25143629929400646,7.572896776271127,5.79556507691673,-0.04749250453263632,-0.17006894940385384,6.108265694554356,2.7780187755556294,-0.16418934101479166,-0.1281684236421032,1.8955176154948035,8.098599886832623,0.13037879755053153,0.1578177828295164,3.768568802444994,6.831735705774986,-0.11154936662752699,0.10159784960081536,8.510804226379788,8.50729132614859,-0.12728576452113444,0.007088460839485215,7.264981353497489,1.8315083452427876,-0.19139419192924115,0.021173221013242805,1.2758254309489157,8.173059761606044,-0.08230269896040222,-0.0047017677253988685,4.14139412688767,2.860542528516747,0.019822781646749693,-0.23282307500445162,7.907953511773349,5.446468279996025,0.07792162487848302,-0.05729616096649238,2.2709686295803677,6.157562155161397,0.12403548820913513,0.02594056488803045,7.038802888864843,5.01177299451239,-0.009024476163646352,-0.019511328314424717,4.649602105988977,2.3200485290201427,-0.05323225398074044,-0.10020666510687791,7.67994390096599,2.8124512032729103,-0.10251953983247522,0.05156701702771417
273,4.635045987431434,3.4951472841790276,-0.18166856324802097,-0.24004698797276244,1.2950718641877952,9.205309656277889,0.2917953644547084,0.1484262365324927,6.546398714475751,8.121041825783408,0.09830050167816903,0.028494098732102867,8.840803898226913,4.562078046015712,-0.08000602612620901,0.0650345078941541,7.339093428517124,3.8909747699685853,0.19720394420265377,0.03762562519122023,3.7815990667318347,2.2375585077550886,-0.17279689754124525,-0.20065172273303053,2.31522359177527,8.686257240552807,0.2291407185326503,0.24680562673486434,7.570522151044495,5.787061629446537,-0.0461285345658671,-0.16405696527907412,6.100056227503616,2.771610354373524,-0.16261109533028714,-0.1345565842284603,1.90203655537233,8.1064907759741,0.13706140061173072,0.14834294430445955,3.7629913341136176,6.8368155982550265,-0.10964606701273988,0.1029190496028002,8.504439938153732,8.507645749190564,-0.11908767611361795,0.005046419865583466,7.255411643901026,1.8325670062934498,-0.18968233163013073,0.017690264201457105,1.2717102960008955,8.172824673219774,-0.07482294785032532,-0.01272137225930962,4.142385265970008,2.848901374766524,0.03283282008220883,-0.2327666110296908,7.911849593017273,5.4436034719477,0.08035473229928514,-0.06474051958355971,2.2771704039908243,6.158859183405799,0.11808370775581081,0.024275152812212864,7.03835166505666,5.010797428096669,-0.010739749946257246,-0.01979169484972324,4.64694049328994,2.315038195764799,-0.03645415295372857,-0.08365505129919969,7.6748179239743655,2.8150295541242962,-0.10340790999621395,0.044432942309954086
274,4.625962559269033,3.4831449347803893,-0.1770932261509722,-0.2500702018957399,1.3096616324105306,9.212730968104513,0.29481244540246515,0.14054631101326473,6.55131373955966,8.122466530720013,0.08087038544195917,0.026897463710833545,8.836803596920602,4.565329771410419,-0.08437038438743662,0.061954971895750076,7.3489536257272565,3.8928560512281463,0.18634929912923992,0.03892563536945838,3.7729592218547725,2.227525921618437,-0.1607656657206619,-0.19602465364719412,2.3266806277019025,8.69859752188955,0.24985152806147798,0.24180150425411426,7.568215724316201,5.778858781182583,-0.04502702620178572,-0.15864387372383634,6.091925672737102,2.764882525162101,-0.15950424233691804,-0.13991072306472493,1.9088896254029164,8.113907923189323,0.14358877529654135,0.13878326601814553,3.757509030762981,6.841961550735166,-0.10687486118514608,0.10388543358524997,8.49848555434805,8.507898070183844,-0.11082656026459986,0.0029491196117749675,7.24592752731952,1.8334515195035226,-0.18791510979189488,0.014111501863891682,1.2679691486083793,8.172188604606808,-0.06837130533705017,-0.021407462520053717,4.144026906974118,2.8372630442150397,0.04457272526075574,-0.2315509648931387,7.915867329632237,5.440366445968522,0.08244874144537946,-0.07234054318103858,2.283074589378615,6.160072941046409,0.1123340123802491,0.022489322962671678,7.037814677559347,5.009807843354183,-0.012730280213615072,-0.020339303629466555,4.645117785642254,2.310855443199839,-0.019897527885540858,-0.06720441968069993,7.669647528474555,2.817251201239794,-0.10403037098735814,0.03764223802981607
275,4.617107897961485,3.4706414246856023,-0.17151240190993006,-0.26188151567390194,1.3244022546806538,9.219758283655176,0.2975146260711768,0.13178974869088658,6.555357258831758,8.123811403905554,0.06348575351017739,0.025076926262904163,8.83258507770123,4.568427520005207,-0.08829916382557462,0.05871138584726623,7.3582710906837185,3.894802332996619,0.17522817510008037,0.039593862250411095,3.764920938568739,2.2177246889360775,-0.1466247811424339,-0.1910668849536278,2.3391732041049766,8.710687597102256,0.2685610699187206,0.2362140966800567,7.5659643730061115,5.770926587496391,-0.04386697713583818,-0.15357644440481225,6.083950460620256,2.7578869890088646,-0.15468709739165418,-0.14399993436474037,1.9160690641677434,8.120847086490231,0.14965704259726634,0.12914840243291184,3.7521652877037237,6.847155822414429,-0.10348024553496908,0.10461898622555395,8.49294422633482,8.508045526164432,-0.10256580129839235,0.0007958941824188692,7.236531771829925,1.8341570945967172,-0.1860793586309156,0.010456596827799878,1.2645505833415267,8.171118231480804,-0.0626173504645612,-0.03053795011108193,4.146255543237156,2.825685495970383,0.05483774926712247,-0.2291026737478736,7.919989766704505,5.43674941880947,0.08409250455542108,-0.07998568749461242,2.2886912899976273,6.161197407194543,0.10679639182091434,0.020593012923807066,7.037178163548667,5.00879087817271,-0.014983789153954161,-0.021153319140889904,4.644122909247978,2.3074952222158043,-0.003406947743996514,-0.05083969623671494,7.664446009925187,2.819133313141285,-0.10440650498062615,0.0310686198264145
276,4.608532277865988,3.4575473489019073,-0.16617622940371687,-0.2722719404022955,1.3392779859842125,9.22634777108972,0.29897535523804214,0.12329925479726322,6.558531546507266,8.1250652502187,0.046186117801845325,0.023022660376358983,8.828170119509952,4.57136308929757,-0.09176500590867112,0.05533629705124667,7.367032499438722,3.8967820261091397,0.16380471694111048,0.03955350909681167,3.7575896995116174,2.208171344688396,-0.13282053316708448,-0.18570654052878402,2.3526012576009125,8.722498301936259,0.2855756583343433,0.22981936542667114,7.56377102414932,5.763247765276151,-0.04262734692841879,-0.1488450422311739,6.076216105750674,2.7506869922906274,-0.14882400492446535,-0.1471948830230875,1.9235519162976067,8.127304506611877,0.15516091575178734,0.11946747861336991,3.7469912754269754,6.8523867717257065,-0.09955632536549638,0.10514901582604011,8.487815936269902,8.508085320873553,-0.09437310115076357,-0.001418015108312084,7.227227803898379,1.8346799244381071,-0.18423486197843167,0.006748092314893803,1.2614197158182987,8.16959133397525,-0.05724096493969223,-0.04008281366293702,4.148997430700512,2.814230362282989,0.06297133501817914,-0.2260231753749016,7.924194391932277,5.432750134434739,0.08523551563365957,-0.08789058586988517,2.294031109588673,6.162227057840733,0.10143052502573212,0.018568411337644024,7.03642897409097,5.0077332122156655,-0.017459312730094566,-0.022200529256829284,4.643952561860778,2.3049532374039687,0.013421462583438026,-0.03486946613417588,7.659225684676155,2.8206867441326056,-0.10463256565422062,0.024594328293182765
277,4.600223466395803,3.4439337518817927,-0.1605145201695984,-0.28135205610802405,1.3542267537461146,9.232512733829584,0.29937685920330076,0.11514300959543713,6.560840852397359,8.126216383237518,0.029002244744479908,0.020706515149999615,8.823581869214518,4.574129904150133,-0.09493216315633367,0.05199830022567085,7.375222735285778,3.8987597015639803,0.1520769204461497,0.03879861105532493,3.750948672853263,2.198886017661957,-0.1209095626580322,-0.17991527612889788,2.36688004051763,8.733989270207593,0.3011643695364879,0.22280064804829322,7.561639656802899,5.755805513164592,-0.04121671695560328,-0.14442022846886673,6.06877490550445,2.743327248139473,-0.14232552061097734,-0.14974633155453634,1.9313099620851961,8.133277880542545,0.16010655266496768,0.10983572564553544,3.7420134591587004,6.857644222517009,-0.09498813225765299,0.10540312507176508,8.483097281212364,8.508014420118137,-0.08631083533741289,-0.003695542857850506,7.2180160607994575,1.8350173290538518,-0.18229738468780132,0.0030109045568056905,1.2585576675713142,8.167587193292103,-0.05225842083046696,-0.04968003467982087,4.152145997451421,2.802929203514244,0.06889512885560724,-0.2224462406647566,7.92845616771396,5.428355605141245,0.08572404834075471,-0.09629213547740051,2.2991026358399598,6.163155478407615,0.0960544881880351,0.016309173832148475,7.035556008454465,5.006623185752824,-0.020102338769098893,-0.02345278251729276,4.64462363498995,2.30320976409726,0.030554992067710028,-0.018933130212888342,7.653994056393444,2.8219164605472646,-0.10488179372191671,0.018190749475338372
278,4.592197740387323,3.4298661490763918,-0.15523547871540244,-0.28885815843155616,1.3691955967062797,9.238269884309355,0.29990910893710643,0.10753775569037922,6.562290964634583,8.127251708995017,0.011953765127837909,0.01813681455873346,8.818835261056702,4.576729819161416,-0.09788098560995172,0.04878431086355022,7.382826581308086,3.9006996321167464,0.14007641183971584,0.037407355106632366,3.7449031947203615,2.1898902538555123,-0.11084107900734784,-0.17370841387296698,2.381938258994454,8.745129302610007,0.3154189142118381,0.21512205956853592,7.559578820955118,5.748584501741149,-0.039459706510604535,-0.1402170277560667,6.061658629473902,2.735839931561746,-0.1352787868143808,-0.15176124813098144,1.9393152897184445,8.138769666824823,0.16473816176209083,0.10034316293429657,3.7372640525458176,6.862914378770597,-0.08978101721842359,0.10537230176954267,8.478781739445493,8.507829642975244,-0.07842548728562647,-0.006030044079626515,7.208901191565068,1.8351678742816921,-0.18009096043660255,-0.0007445542600802578,1.2559447465297908,8.165103191558112,-0.047677717825272296,-0.059240171921899655,4.155590753894201,2.791806891481006,0.07296787660767766,-0.21819003354135783,7.932742370130997,5.4235409983673755,0.085464995751219,-0.1050372388068206,2.3039053602493613,6.163970937099222,0.09068813859523019,0.013830680640846651,7.034550891516011,5.005450546626959,-0.02289203917290844,-0.024885509515174885,4.6461513845933355,2.3022631075866156,0.04718556563843833,-0.004955808230504613,7.6487499667073475,2.8228259980210315,-0.10519689051002505,0.011863242575504692
279,4.584435966451553,3.415423241154814,-0.1501819559050625,-0.2945527373920941,1.384191052153135,9.243646772093875,0.30057486711474446,0.10044191735224255,6.562888652890975,8.128158549722952,-0.0049033716581461315,0.015288208374608514,8.813941211776203,4.579169034704594,-0.1006895911169679,0.045586665095027006,7.389830401900071,3.902569999872078,0.1278159047925395,0.035439784362177505,3.739361140769994,2.181204833161864,-0.10244709397431256,-0.1670771117844679,2.397709204705046,8.755885405588433,0.3283223974238323,0.2068254156259414,7.557605835629588,5.741573650353346,-0.03748399172276369,-0.13631364436695137,6.054894690133183,2.728251869155197,-0.12769818315522782,-0.1531854917115314,1.947552197806549,8.143786824971537,0.16902280924174418,0.09102642349433228,3.7327750016848964,6.868182993859074,-0.08394322021741937,0.10504592212485818,8.474860465081212,8.507528140771262,-0.07076403588630015,-0.008417179182971432,7.199896643543238,1.835130646568688,-0.1776274695481262,-0.00450269081563274,1.2535608606385271,8.162141182962017,-0.043584033196666455,-0.06894568414752755,4.159239147724585,2.7808973898039384,0.07515549931874009,-0.21348548027995856,7.937015619918558,5.418289136427035,0.08360681163712046,-0.1139224860671527,2.308439767179123,6.1646624711312645,0.0853525077462264,0.011147395575851362,7.033406289557365,5.004206271151201,-0.025820713766476287,-0.02647639455086853,4.648510662875258,2.30201531717509,0.06255649040927039,0.006190398178234477,7.643490122181846,2.8234191601498067,-0.10559369502157213,0.005614888036229522
280,4.576926868656299,3.4006956042852092,-0.14400752900670225,-0.2971536585237646,1.3992197955088723,9.248668867961488,0.30149525335463073,0.09383715795712001,6.562643484308068,8.128922960141683,-0.021502897169410933,0.01214037942313051,8.808906732220356,4.581448367959346,-0.1034274697524936,0.042422037319477114,7.396221197139698,3.904341989090187,0.1153140913212222,0.03292618440763201,3.7342387860712782,2.1728509775726406,-0.09542305315609814,-0.15996635440374396,2.4141253245762377,8.76622667636973,0.33976842488154635,0.19825568704284394,7.5557316360434505,5.734757968134999,-0.035306673164666805,-0.13263425821313418,6.048509780975421,2.7205925945696205,-0.11968731293695084,-0.15386962362628115,1.9560033382686364,8.148338146146253,0.17289266278299917,0.08189462534617707,3.7285778406740255,6.873435289965317,-0.07757432385225366,0.10456051954637019,8.471322263286897,8.507107281812113,-0.0633730897364741,-0.01085231576939912,7.191015270065832,1.8349055120279065,-0.1749230827624998,-0.008247929671113888,1.2513816589786937,8.15869389875464,-0.03990098955283425,-0.07870089100067887,4.162996922690522,2.7702231157899404,0.07520441200782986,-0.20878477449837954,7.941195960500414,5.412593012123677,0.08044817636354468,-0.12283245286378928,2.312707392566434,6.165219840910057,0.08008891507089815,0.008337583261042994,7.0321152538690415,5.002882451423657,-0.02886541401650585,-0.028227265903719923,4.651638487395721,2.3023248370840017,0.07676666836728202,0.015500473818912883,7.638210437430767,2.823699904551618,-0.10606233654111864,-0.000557348391435235
281,4.569726492205964,3.385837921359021,-0.13675496100018675,-0.2968294847631642,1.4142945581766038,9.253360725859343,0.3027466003450969,0.08764718095199592,6.561568339449598,8.129529979112839,-0.03780975940448021,0.008687860095728394,8.80373535873273,4.58356946982532,-0.1060762245429189,0.039185660452778846,7.401986901705759,3.905988298310569,0.10257593649267377,0.029843970670561448,3.7294676334134733,2.1648526598524533,-0.08980282949980141,-0.1523867208101847,2.431113745820315,8.776139460721872,0.3497665333281444,0.18942525668419563,7.553966302385217,5.728126255224343,-0.033143856416643774,-0.12899337367960967,6.042525415328574,2.7128991133883065,-0.11128104636685959,-0.15373862850775627,1.9646479714077862,8.152432877413561,0.17626584348532784,0.07293137050699518,3.724699124481413,6.878663315942636,-0.07098587079782556,0.10398311421843914,8.468153608800073,8.506564666023642,-0.05611201912738138,-0.013308456101323082,7.182269115927707,1.834493115544351,-0.1719776924188337,-0.011999090993111531,1.249386609501052,8.154758854204607,-0.03654852667997143,-0.08884673402970109,4.166757143290913,2.7597838770650216,0.07344704766025277,-0.204035908163822,7.945218369318591,5.4064513894804875,0.07642799469275972,-0.13159824496541092,2.316711838319979,6.165636720073109,0.07474811947942457,0.0055997517504395656,7.030671983168216,5.001471088128471,-0.03200468821134247,-0.030116389112540744,4.655476820814085,2.3030998607749473,0.08914561580409155,0.022923140815630336,7.632907320603711,2.823672037132046,-0.10653998897910359,-0.006652953362486451
282,4.562888744155955,3.370996447120863,-0.1286346909267729,-0.29370072631778205,1.4294318881938586,9.257743084906943,0.3040527061227181,0.08157844202951915,6.559677851479374,8.129964372117625,-0.05382364245873665,0.004949289882410523,8.798431547505585,4.585528752847959,-0.10869601743644784,0.035878649101789506,7.407115698530393,3.907480496844097,0.08959468263029279,0.026144010483483925,3.7249774919384833,2.157233323811944,-0.08544642398830296,-0.1443794700839617,2.4486020724867226,8.785610723556081,0.3583415570388721,0.1803396528807994,7.552309109564385,5.7216765865403625,-0.030842125083507217,-0.12541516343006648,6.036961363010231,2.7052121819629185,-0.10253129313008896,-0.15271830604707506,1.9734612635820525,8.15607944593891,0.17912465770992864,0.06415322683285997,3.721149830941522,6.883862471653558,-0.0641748346282966,0.10331777043278066,8.465348007843703,8.505899243218577,-0.0486816243884688,-0.015746697903479052,7.173670231306765,1.8338931609946953,-0.16878905551983925,-0.015750734367673797,1.2475591831670534,8.150316517503121,-0.033538580408194275,-0.09939543218677316,4.170429495673925,2.7495820816568304,0.07044919442584248,-0.19994810502353938,7.949039769053229,5.399871477232217,0.07259133870347044,-0.13923152497444222,2.3204492442939504,6.165916707660631,0.06931053041518412,0.0029099712692798783,7.029071748757649,4.999965268672844,-0.03513743420746006,-0.03209476413018372,4.65993410160429,2.304246017815729,0.09966903190602408,0.028708566195502657,7.627580321154756,2.823339389463922,-0.10698060737490896,-0.012664391732237427
283,4.556457009609616,3.356311410804974,-0.11974241553376372,-0.28774055353047334,1.4446345234999944,9.26182200700842,0.3054395732137778,0.07553453738228805,6.556986669356437,8.130211836611746,-0.0695320353172419,0.0009662873538622821,8.792996746633762,4.587322685303048,-0.11126984024769376,0.032504040123160396,7.411595432661907,3.9087876973682714,0.07665875661014737,0.022086242123703612,3.720705170739068,2.150014350307746,-0.08218649136598946,-0.13599305409575485,2.4665191503386663,8.79462770620012,0.36550106878384814,0.1710285676864501,7.55076700331021,5.715405828368859,-0.028416685800255453,-0.12195096494504966,6.031834798353726,2.6975762666605645,-0.09353523710982911,-0.15082777132576017,1.982417496467549,8.159287107280553,0.18118589920255768,0.0555528681678705,3.717941089210107,6.889028360175197,-0.05713846309919427,0.10256802721517828,8.46291392662428,8.505111908323403,-0.041139374828112654,-0.0181653782062778,7.165230778530773,1.8331056242763117,-0.16582533153249832,-0.01937570893139164,1.2458822541466437,8.145346745893782,-0.03072417089889309,-0.11025375486676965,4.173951955395218,2.7395846764056535,0.06702333811869354,-0.1962323361945513,7.952669335988403,5.392909900983495,0.0689725362007191,-0.145706865549422,2.3239147708147097,6.166062206224095,0.06384502626062116,0.0002680346914233373,7.027314877047276,4.998360530466336,-0.038245358594319,-0.0341348245534983,4.664917553199591,2.305681446125504,0.10844798992861854,0.033214183739557646,7.622231290786011,2.82270616987731,-0.10751718887627366,-0.018438351041100115
284,4.550469888832928,3.3419243831284504,-0.11116066245864088,-0.2798399004960247,1.4599065021606834,9.265598733877534,0.3070662834349492,0.06932210879759318,6.553510067590575,8.130260150979439,-0.08497503402453638,-0.0032644384113659896,8.787433254621376,4.588947887309207,-0.11371128412312578,0.02909516741448215,7.415428370492415,3.9098920094744565,0.06473247068762006,0.018245766966800345,3.7165958461707684,2.1432146976029585,-0.07983625675316693,-0.12728612083579086,2.4847942037778585,8.803179134584443,0.37102226900860535,0.16155809073127472,7.549346169020198,5.709308280121607,-0.02606298070699087,-0.11859374189624347,6.027158036498235,2.6900348780942767,-0.08434135476367585,-0.14804861479734688,1.9914767914276768,8.162064750688947,0.18243152414712535,0.047134197871201496,3.7150841660551475,6.894156761535956,-0.049874009181452496,0.10173940316411403,8.460856957882875,8.50420363941309,-0.03353268221594148,-0.02055637755324931,7.156939511954149,1.832136838829742,-0.1632711760188541,-0.022781827905481264,1.244346045601699,8.139834058150443,-0.027982835939028474,-0.12142359824245248,4.1773031223011525,2.7297730595959258,0.0634936982040617,-0.1928032776278618,7.956117962798438,5.385624557706024,0.06562794784648916,-0.15111560969088147,2.327107022127741,6.166075607958666,0.0584778422027894,-0.0022727192766366796,7.0254026091175605,4.99665378923866,-0.041355848216077455,-0.03629204219020274,4.670339952696022,2.3073421553124818,0.11559023122777091,0.036785074538722415,7.616855431342197,2.821784252325255,-0.1082949145653868,-0.023871571457407564
285,4.544911855709996,3.3279323881036493,-0.10467129169533904,-0.2712286736691185,1.4752598163324309,9.269064839317414,0.3089292605075457,0.06290663214759357,6.549261315889348,8.13009692905887,-0.10006949159127451,-0.007762856831919197,8.78174769041522,4.590402645679931,-0.11565759370452475,0.025740776331360852,7.418664994026796,3.9108042978227964,0.053848839875451936,0.014782271444062842,3.7126040333331103,2.1368503915611687,-0.0777986544626558,-0.1184521074929335,2.503345317228289,8.811257039121006,0.3749955872724937,0.15195318742073738,7.548043019984848,5.703378593026795,-0.023499199043215426,-0.11518667446324386,6.022940968760051,2.6826324473544094,-0.07497900286929719,-0.14433850170408993,2.000598367635033,8.164421460582506,0.1833845841631614,0.03796732835006044,3.7125904655960746,6.8992437316941615,-0.04237992613453935,0.1008370392267659,8.459180323772078,8.503175820535427,-0.025971211647761398,-0.02292399790963025,7.148775953153206,1.830997747434468,-0.1611141833896837,-0.025959316128199503,1.2429469038047476,8.13376287823832,-0.02554841125557682,-0.13256877721612725,4.180477807211355,2.7201328957145328,0.05987129260053368,-0.18975932150456937,7.959399360190763,5.378068777221481,0.06242321732087633,-0.15552407166395257,2.3300309142378803,6.165961971994834,0.05321227288842878,-0.00468400674083813,7.023334816706757,4.99483918712915,-0.04450857592429794,-0.038588538931676415,4.67611946425741,2.309181409039418,0.12835589658011543,0.03205840720905342,7.611440685613927,2.8205906737523847,-0.11312600774258616,-0.031094529366514773
286,4.539678291125229,3.3143709544201934,-0.10049967771897966,-0.26254007107259714,1.490706279357808,9.272210170924794,0.3104806692007401,0.056426052324338026,6.5442578413097845,8.129708786217275,-0.11459662320834375,-0.012398157319199089,8.775964810729993,4.591689684496499,-0.11171738582080912,0.030089165018137014,7.4213574360205685,3.9115434113949994,0.04403360145925702,0.01175040332899536,3.7087141006099773,2.130927786186522,-0.07552857915635945,-0.10965556013966583,2.5220950965919138,8.818854698492043,0.3774537912289785,0.1422879612294551,7.546868060032687,5.697619259303632,-0.020768268074096354,-0.11169683107981243,6.019192018616586,2.675415522269205,-0.06546929041164033,-0.13968593263363152,2.0097675968431914,8.16631982700001,0.18461456288847553,0.02795504740905092,3.7104714692893475,6.9042855836555,-0.03465624823112558,0.09986537818434385,8.45788176318969,8.502029620639945,-0.01866587862945848,-0.02527178519299121,7.140720243983721,1.829699781628058,-0.15923903430356595,-0.02892622393489401,1.2416694832419688,8.127134439377514,-0.023652123382189482,-0.14316442446177277,4.183471371841382,2.7106449296393045,0.0563872263972971,-0.18781860265258582,7.962520521056807,5.370292573638284,0.05941103065951368,-0.15870296283099722,2.332691527882302,6.165727771657792,0.04806240215004167,-0.006977969912379821,7.021109387910542,4.992909760182567,-0.04749103476907886,-0.04098930654860404,4.682537259086416,2.310784329399871,0.13940605084885704,0.02815285272075214,7.605784385226798,2.819035947284059,-0.11790934195310118,-0.03771259326340923
287,4.53465330723928,3.3012439508665636,-0.09822729124258214,-0.25697493104876956,1.5062303128178451,9.275031473541011,0.31186300484868074,0.049597651086611814,6.538528010149367,8.129088878351315,-0.12836916449290492,-0.017033320343266968,8.770378941438953,4.593194142747406,-0.10723005498177123,0.034206296623881374,7.423559116093531,3.912130931561449,0.03488566535352887,0.00899014855102743,3.7049376716521594,2.1254450081795384,-0.07318049478109719,-0.1008471767940619,2.5409677861533626,8.825969096553516,0.37838524307116733,0.13261311186827385,7.545829646628983,5.692034417749642,-0.017933851520718247,-0.10807063313076057,6.015918554096004,2.6684312256375233,-0.05583778331296556,-0.13421122999226362,2.0189983249876153,8.167717579370462,0.1863612378880702,0.017185783754103637,3.708738656877791,6.909278852564717,-0.026729597885800108,0.09883521443801668,8.456948469258217,8.500766031380296,-0.011639382099879317,-0.02758340307405086,7.132758292268543,1.8282534704313134,-0.15168339008941267,-0.03366952617586176,1.2404868770728594,8.119976218154425,-0.021744313185909,-0.15293504805629524,4.186290733161247,2.701253999506675,0.05254178617348404,-0.18713150363724562,7.965491072589783,5.362357425496734,0.05663984196825525,-0.16017433133382272,2.335094647989804,6.165378873162173,0.04305623224974355,-0.009164504652410586,7.018734836172088,4.990860294855136,-0.05022097406592048,-0.043477519208559065,4.689507561628859,2.3121919720359085,0.1487545580743705,0.024930553726091764,7.5998889181291425,2.8171503176208885,-0.12274918062180522,-0.043832061699054334
288,4.529741942677151,3.288395204314125,-0.10840615375469381,-0.23946362881602726,1.5218234630602792,9.277511356095342,0.3131205581727841,0.042528947017951076,6.532109551924722,8.12823721233415,-0.14139057102423885,-0.0216098852959981,8.765017438689863,4.5949044575786,-0.10227374883717608,0.038035740451152836,7.425303399361208,3.9125804389890004,0.026458082672349822,0.006452311299006594,3.7012786469131047,2.120402649339835,-0.07083972985621334,-0.0920184339919188,2.559887048306921,8.83259975214693,0.3782087905983614,0.1233650794474002,7.544932954052947,5.686630886093104,-0.015143017883599907,-0.10421583646783389,6.013126664930356,2.6617206641379103,-0.04621676365153901,-0.12794397668277532,2.0283163868820187,8.168576868558167,0.18850198601636517,0.005761434505694364,3.7074021769835013,6.914220613286618,-0.01877261324663232,0.09767205037745383,8.456366500153223,8.499386861226593,-0.004916826045287184,-0.029863581367636637,7.125174122764072,1.8265699941225202,-0.1439592778171501,-0.03837378588438551,1.239399661413564,8.11232946575161,-0.020186385234692305,-0.16199081079428465,4.1889178224699215,2.6918974243248126,0.04824863758136959,-0.18721989087021793,7.968323064688196,5.3543487089300426,0.053960161307888235,-0.15991285420894544,2.337247459602291,6.164920647929553,0.03821733607948503,-0.011263425780027946,7.0162237874687925,4.988686418894709,-0.046769107036849625,-0.04304231296106544,4.696945289532577,2.313438499722213,0.15641612868298638,0.022014163091018578,7.593751459098052,2.8149587145359356,-0.12780074765473845,-0.04951660100223789
289,4.524321634989416,3.276422022873324,-0.11808322264383489,-0.22148817329349002,1.5374794909689184,9.27963780344624,0.3143393640074351,0.0352590161784125,6.52504002337351,8.127156718069351,-0.153700889673054,-0.026048151826631075,8.759903751248004,4.596806244601158,-0.09696495274430822,0.04152862367146781,7.426626303494825,3.9129030545539507,0.01916390168308438,0.004374081923823011,3.697736660420294,2.115801727640239,-0.06909097316439987,-0.08301600996042274,2.578797487836839,8.8387680061193,0.3770500505994247,0.11467899961746894,7.544175803158767,5.681420094269712,-0.012380246113241821,-0.09967963950583494,6.010815826747779,2.6553234653037716,-0.036578118896652384,-0.12079086498653203,2.037741486182837,8.168864940283452,0.19061005440804588,-0.005837446083313968,3.7064635463211695,6.919104215805491,-0.01084075196523736,0.09634804914342907,8.456120658850958,8.497893682158212,0.0014836995246285878,-0.032108867288435414,7.117976158873215,1.8246513048283008,-0.13601442421331023,-0.04298680317521612,1.2383903421518294,8.104229925211897,-0.018817807828881948,-0.1712009629732874,4.19133025434899,2.682536429781302,0.04408019978751869,-0.18726703764947014,7.97102107275359,5.346353066219596,0.05154976996226808,-0.15791583876997153,2.3391583264062654,6.164357476640552,0.03355663544536313,-0.013307070305138667,7.01388533211695,4.986534303246655,-0.043045289345642695,-0.042525410352268485,4.704766095966726,2.314539207876764,0.16203317019631017,0.019878408528104206,7.587361421715316,2.812482884485824,-0.13317217109292986,-0.05482741471233139
290,4.518417473857224,3.2653476142086495,-0.12811222715805226,-0.20304452924670657,1.5531964591692902,9.281400754255161,0.31562901145251776,0.02785483854250437,6.517354978889857,8.125854310478019,-0.16523712727051953,-0.030310732549201493,8.755055503610789,4.598882675784731,-0.09134244250482629,0.044684108839567215,7.427584498578979,3.9131217586501417,0.01262830155729474,0.002473023257414949,3.694282111762074,2.1116509271422177,-0.06817164341684223,-0.0739388759770491,2.5976499903668104,8.844501956100174,0.37501189473077523,0.10655001459993087,7.543556790853105,5.676436112294421,-0.009425449039043098,-0.09466448644051112,6.008986920802946,2.649283922054445,-0.027040159797836465,-0.11277337269222051,2.0472719889032396,8.168573067979287,0.19193009575161563,-0.0167251747148104,3.705921508722908,6.923921618262662,-0.0029459126188285147,0.09509273108663704,8.45619484382719,8.49628823879379,0.00753404594384379,-0.03431238413682075,7.111175437662549,1.82250196466954,-0.12787711242689703,-0.04748977986097853,1.2374494517603853,8.095669877063232,-0.017125237455466,-0.1809197878963259,4.193534264338366,2.6731730778988285,0.04018099915435047,-0.18709320914309355,7.973598561251704,5.338457274281097,0.049189050147371495,-0.15432114485591572,2.3408361581785337,6.163692123125295,0.02905730768144807,-0.015300411490291198,7.011733067649668,4.984408032729042,-0.03910010596420444,-0.04193639152496424,4.712867754476542,2.3155331283031693,0.16555306400646316,0.018881287361666343,7.580702813160669,2.809741513750207,-0.1387694149234915,-0.05973502386214505
291,4.512011862499321,3.2551953877463142,-0.13835999859998876,-0.18439549653472384,1.568977909741916,9.282793496182286,0.3165915024134734,0.020584087394042074,6.509093122526331,8.124338773850559,-0.1759037405512927,-0.03449694519318247,8.750488381485548,4.60111688122671,-0.08535024041658948,0.047483259746070414,7.428215913656844,3.9132454098130123,0.006203473683587922,0.0005512700446053864,3.690873529591232,2.107953983343365,-0.06797458636339546,-0.06479933891082786,2.6164005851033494,8.849829456830172,0.3718429702053951,0.09921364320791923,7.543085518401154,5.671702887972395,-0.006301124434174209,-0.08935428144285239,6.007634912813054,2.643645253419834,-0.017556026673484965,-0.10395505101715834,2.0568684936908204,8.167736809243547,0.1925125340864383,-0.026900212843901664,3.705774213091966,6.9286762548169945,0.004976763586806557,0.09408313168781546,8.456571546124382,8.494572619586949,0.013185116121398874,-0.036461348765397986,7.104781582041205,1.8201274756764911,-0.1195660285140476,-0.0518480990541033,1.2365931898876121,8.086623887668415,-0.015048731213309971,-0.19119271026318344,4.195543314296083,2.6638184174416737,0.03663074497332306,-0.18657146086294088,7.976058013759072,5.330741217038302,0.04664972501440545,-0.14927062462955634,2.342289023562606,6.16292710255078,0.024789675837761965,-0.01723370621123894,7.009778062351457,4.982311213152793,-0.03492624638285316,-0.04127176141179469,4.721145407676865,2.3164771926712526,0.16692439514686214,0.019315103889614126,7.573764342414495,2.8067547625571,-0.14502925863057617,-0.06453737865986596
292,4.505093862569321,3.2459756129195783,-0.1486284051699465,-0.16570718734206638,1.5848074848625897,9.283822700551989,0.3173308678570607,0.013341633550686894,6.500297935498767,8.1226139265909,-0.18561879697066527,-0.03859176678038741,8.746220869464718,4.603491044214013,-0.07903524453169415,0.04991313007586768,7.428526087341024,3.9132729733152427,-0.00010062647224246164,-0.0013114132888511299,3.6874748002730624,2.104714016397824,-0.06742767984743953,-0.055321812961349706,2.634992733613619,8.854790138990568,0.36744605588719115,0.09257886020816528,7.542770462179445,5.667235173900252,-0.003227402682603507,-0.0838635190750078,6.00675711147938,2.638447500868976,-0.008148089146782084,-0.09446844951545508,2.0664941203951424,8.166391798601351,0.19240668033513653,-0.036289788414723426,3.7060230512713064,6.9333804114013855,0.012974368791388772,0.09330887084464279,8.457230801930452,8.492749552148679,0.01842467992924399,-0.03854499024232717,7.098803280615503,1.817535070723786,-0.11108692357792471,-0.05607567992926161,1.2358407533269467,8.077064252155255,-0.012820371707775799,-0.20164519907300743,4.197374851544749,2.6544898443985265,0.03326578971197338,-0.18578690680984292,7.978390500009793,5.323277685806824,0.04388338814123174,-0.14317261461108843,2.3435285073544945,6.1620654172402185,0.020799167966849413,-0.019134133440941413,7.008031750032314,4.980247625082203,-0.03053958927895702,-0.0405377965681192,4.729491627434208,2.3174429478657332,0.1671511084913169,0.021470327192157287,7.566512879482966,2.8035278936241066,-0.15138245662242417,-0.06901856276991139
293,4.497662442310824,3.2376902535524748,-0.15865400327871496,-0.1471321686977335,1.6006740282554428,9.284489782229523,0.31783110691638977,0.006153168104453145,6.4910169956502335,8.12068433825188,-0.19423446359854918,-0.042432849904667384,8.742269107238133,4.605986700717806,-0.07239545846706937,0.051949359410639315,7.428521056017412,3.9132074026508,-0.00626312424600898,-0.003032563903172362,3.6841034162806903,2.1019479257497564,-0.06659484538014769,-0.04552616882706664,2.653365036407979,8.859419082000976,0.3617405215929435,0.08642502671457492,7.542609092045315,5.663041997946502,-0.0002265043959032583,-0.07830642269799269,6.006349707022041,2.633724078393203,0.0011271013854254053,-0.08444389523302824,2.0761144544118992,8.164577309180615,0.1917390215143882,-0.04500444345641807,3.706671769710876,6.938045854943618,0.020436008285092615,0.09267581638517526,8.458152035926915,8.490822302636563,0.023245112443196245,-0.04055367440810295,7.093248934436606,1.814731286727323,-0.10217470149054145,-0.060268250898724,1.2351997347415578,8.066981992201605,-0.010671147798993794,-0.2119094146913794,4.199038141030348,2.6452004990580344,0.030026752242943953,-0.18466081814218196,7.980584669416855,5.316119055076269,0.04089033904119035,-0.13629323650091807,2.344568465752837,6.161108710568171,0.017100647604472247,-0.021000218709498485,7.006504770568367,4.978220735253797,-0.02599326325263656,-0.039741406522684965,4.737849182858774,2.318516464225341,0.16703334275175677,0.025474669673651237,7.5589437566518445,2.800076965485611,-0.15776362409383302,-0.07320574547948609
294,4.489729742146888,3.230333645117588,-0.16560387952755148,-0.13392805306853733,1.6165655836012622,9.284797440634746,0.3179777801636079,-0.0008742396311330223,6.481305272470306,8.118562695756648,-0.20172712507468443,-0.04600435202397014,8.738649334314779,4.608584168688338,-0.06566542948013852,0.053533457712467224,7.428207899805112,3.9130557744556413,-0.015027483600981821,-0.00857281488998686,3.6807736740116828,2.099671617308403,-0.0655960045265758,-0.03564167800928138,2.671452062487626,8.863740333336704,0.35482634852632744,0.08075546605862341,7.54259776682552,5.659126676811603,0.0026613000378001646,-0.07270121643194712,6.006406062091313,2.629501883631552,0.010178159081767875,-0.07403607414399893,2.085701405487619,8.162327087007794,0.19067978848967182,-0.05321566425729469,3.7076935701251306,6.942679645762877,0.02708676756482055,0.09179279788034704,8.459314291549076,8.488794618916158,0.02756914741717524,-0.042524999872649634,7.088140199362079,1.811717874182387,-0.09302901993050193,-0.06440848861754457,1.234666177351608,8.056386521467036,-0.008502123227217403,-0.22154199094836982,4.200539478642495,2.635967458150925,0.027066391820213507,-0.18316018431756528,7.982629186368914,5.309304393251224,0.03746860290511151,-0.12931037355154673,2.3454234981330604,6.160058699632696,0.013549735909707155,-0.022767073420375428,7.005205107405735,4.976233664927663,-0.021403895222207675,-0.03894223871453968,4.746200849996362,2.3197901977090236,0.1669560932694827,0.03214747000595905,7.551055575447153,2.7964166782116364,-0.16385135082096106,-0.07697227883937131
295,4.48144954817051,3.2236372424641613,-0.17310150756071266,-0.12059974222125493,1.6324644726094426,9.28475372865319,0.31776006786557226,-0.0077114668266343505,6.471218916216571,8.116262478155448,-0.2080760941169856,-0.049289013123284826,8.735366062840772,4.611260841573962,-0.05902890378958295,0.0546874756265538,7.427456525625063,3.912627133711142,-0.023418264884360423,-0.013610172175605641,3.677493873785354,2.097889533407939,-0.0650062065082395,-0.026156986836443165,2.6891933799139425,8.867778106639635,0.34682164291843637,0.07553595027304849,7.54273083182741,5.655491615990005,0.005687229295073839,-0.06694977315017736,6.006914970045401,2.625800079924352,0.018815000259708243,-0.06343361110722334,2.0952353949121023,8.15966630379493,0.18912361216995346,-0.060875842352397,3.7090479085033716,6.947269285656894,0.033038138981270095,0.09060170308324245,8.460692748919934,8.486668368922526,0.031401361742841666,-0.04447263062825295,7.0834887483655535,1.8084974497515096,-0.08382502118601416,-0.06848563630998651,1.2342410711902472,8.045309421919619,-0.006211920922496525,-0.2300709812468794,4.201892798233506,2.626809448935047,0.024523094037673186,-0.18116808477166924,7.9845026165141695,5.302838874573646,0.03340107875509759,-0.12308632206112066,2.3461009849285457,6.158920345961677,0.010135734966404047,-0.024448516910463413,7.004134912644624,4.974286552991936,-0.016869896926542886,-0.03817826665751008,4.754548654659836,2.3213975712093218,0.16688073623468028,0.04094045821687557,7.542863007906105,2.792568064269668,-0.1696591935077334,-0.08017424892487299
296,4.472794472792475,3.2176072553530983,-0.1814392898840731,-0.10702121405543766,1.6483524760027213,9.284368155311858,0.317153257936559,-0.014338551141457502,6.460815111510722,8.113798027499284,-0.21215371901911478,-0.05276575652338172,8.732414617651292,4.61399521535529,-0.0525530468893678,0.055496242576475646,7.426285612380845,3.9119466251023614,-0.031481327909834975,-0.018170088805992947,3.674243563459942,2.0965816840661167,-0.06477316762085795,-0.01704432401443503,2.706534462059864,8.871554904153287,0.33785108576521145,0.07077304480947218,7.543015193292164,5.652144127332496,0.00893247980326304,-0.060998201313109755,6.007855720058386,2.622628399368991,0.027090591096710043,-0.05272174076473028,2.1046915755206,8.15662251167731,0.18702003871354686,-0.0680359389679499,3.7106998154524353,6.951799370811056,0.03999197744886806,0.08742697381051925,8.462262817007076,8.484444737391113,0.03476891651176161,-0.04639540885468813,7.079297497306253,1.8050731679360104,-0.06705028186096762,-0.07241038535655062,1.2339304751441222,8.033805872857275,-0.003774776777126995,-0.2375023222095278,4.203118952935389,2.6177510446964636,0.010432024041316221,-0.17123345005635054,7.986172670451924,5.29668455847059,0.028755386570530138,-0.11755126971691766,2.346607771676866,6.157697920116154,0.006818167632824983,-0.026088778061359962,7.003291417798297,4.972377639659061,-0.01240240549351848,-0.037453127585345185,4.762892691471571,2.3234445941201654,0.16562723081101524,0.05035863209626057,7.534380048230718,2.7885593518234244,-0.17490649548858647,-0.08257134452315341
297,4.463722508298272,3.2122561946503265,-0.19116795553396398,-0.09287313072623692,1.6642101388995492,9.283651227754785,0.3156396408233264,-0.020505718939142173,6.450207425559766,8.111159739673115,-0.215059519585192,-0.055601335181068426,8.729786965306824,4.6167700274841135,-0.046239980704847077,0.05597040697858801,7.424711545985353,3.9110381206620617,-0.03975564618767082,-0.022571816944320547,3.671004905078899,2.095729467865395,-0.06520573231156707,-0.008149848464975571,2.7234270163481247,8.875093556393761,0.32809306184753645,0.06642747616745195,7.543461817282327,5.649094217266841,0.012308143784104676,-0.05494040803858793,6.009210249613222,2.6199923123307545,0.035078662538360436,-0.04182465494906218,2.1140425774562774,8.153220714728914,0.18468139347884285,-0.07510400154162125,3.7126994143248786,6.956170719501582,0.047161958749698904,0.08438967962386755,8.464001262832664,8.48212496694838,0.03765105291627592,-0.048288321801329574,7.075944983213204,1.8014526486681828,-0.05052767614378546,-0.07636037808776419,1.2337417363052658,8.0219307567468,-0.0014258266443993718,-0.2439665331072119,4.203640554137455,2.609189372193646,-0.0024413081611183197,-0.16158717665199074,7.98761043978045,5.290806994984744,0.023582199240164956,-0.1126167475798718,2.3469486800585075,6.156393481213086,0.003427514201409425,-0.027819736619978986,7.002671297523621,4.970504983279794,-0.008006813653370509,-0.03675858599878219,4.771174053012121,2.3259625257249783,0.16319045695950138,0.060944465437143824,7.525634723456289,2.7844307845972667,-0.17982001741916184,-0.08446270812155973
298,4.454164110521574,3.207612538114015,-0.20206205292175466,-0.07826560883464298,1.6799921209407156,9.282625941807828,0.31321385508807686,-0.026226841338114683,6.439454449580507,8.108379672914062,-0.2170475069693921,-0.057984124174486645,8.727474966271581,4.619568547833043,-0.04010518195456574,0.05615064000404572,7.42272376367597,3.9099095298148456,-0.04825018127620995,-0.02689711479171072,3.6677446184633204,2.095321975442146,-0.06629345188613772,0.0005297031662366627,2.7398316694405014,8.878414930202133,0.3176870460341858,0.06242358221090994,7.544077224471532,5.6463471968649115,0.015687966679035516,-0.04896153429398095,6.01096418274014,2.6179010795833015,0.04279597690088638,-0.03078998522197516,2.12327664713022,8.149465514651833,0.18247798820290195,-0.08275821917224602,3.7150575122623635,6.960390203482776,0.054607472951816824,0.0814687486049786,8.465883815478477,8.479710550858313,0.040078734079229295,-0.05013807502468916,7.073418599406015,1.7976346297637946,-0.03428522864832495,-0.08036875170589011,1.2336704449730458,8.00973243009144,0.00031308336009720273,-0.24919575997953683,4.203518488729399,2.6011100133610463,-0.014436213930943301,-0.1523523123872641,7.988789549742458,5.2851761576057505,0.018146115193205078,-0.10809732336491266,2.347120055768578,6.155002494382087,-0.00019398913680831022,-0.029434992132276138,7.0022709568409525,4.968667053979854,-0.0036957262983528466,-0.03608739713951317,4.779333575860096,2.3290097489968353,0.15977504636634934,0.07259647686144688,7.51664372258533,2.7802076491911887,-0.18423057151526456,-0.08556947948264253
299,4.444061007875486,3.2036992576722825,-0.21152259303758794,-0.06317436544837436,1.6956528136951194,9.281314599740922,0.30991020022364646,-0.03151708250506396,6.428602074232037,8.105480466705338,-0.21851647796851376,-0.06016643294520284,8.725469707173852,4.622376079833245,-0.034173262513938645,0.056052151279720866,7.42031125461216,3.90856467407526,-0.05676109870136559,-0.03121085529847895,3.6644299458690135,2.0953484606004578,-0.06783792632397055,0.009039673622598434,2.7557160217422108,8.881536109312679,0.3066921244095253,0.058693666964542486,7.544861622805484,5.643899120150213,0.019039073546229694,-0.04311669053384816,6.013103981585184,2.6163615803222027,0.05029183467609771,-0.019772901845329115,2.132400546540365,8.145327603693222,0.18051740926954377,-0.09122185893822388,3.7177878859099542,6.964463640913025,0.06235081219236782,0.07859974813285021,8.467887752182438,8.477203647107078,0.04207725844703859,-0.05193722427716346,7.071704337973599,1.7936161921785,-0.01818507085098837,-0.08447279971957725,1.2336860991410505,7.9972726420924625,0.0013477317040179104,-0.25309431762759954,4.202796678032852,2.593492397741683,-0.025750282665589146,-0.1437507176709536,7.989696855502118,5.279771291437505,0.012514471286969382,-0.10394909601598898,2.3471103563117377,6.153530744775473,-0.00404363670348445,-0.030926877298891386,7.002086170526034,4.966862684122878,0.0005244922855886132,-0.03542221363446978,4.787322328178413,2.332639572839908,0.1561215897231256,0.08570117045304157,7.507432194009567,2.7759291752170565,-0.18810583343297488,-0.08491738180483055
300,4.433484878223606,3.2005405393998636,-0.2187566403908556,-0.047681619214434236,1.7111483237063019,9.279738745615669,0.30575831165941747,-0.03639104073508258,6.417676250333612,8.102472145058078,-0.21946695486825685,-0.062144215827952876,8.723761044048155,4.625178687397231,-0.028549449912968376,0.05559479790200611,7.417473199677091,3.907004131310336,-0.06523793866098701,-0.03550596860869681,3.6610380495528148,2.0958004442815876,-0.0698412268864715,0.017391608323802734,2.771050627962687,8.884470792660906,0.29516656051382295,0.05509374944843016,7.545813576482795,5.64174328562352,0.022263666574655866,-0.03738097691783463,6.015618573318989,2.6153729352299364,0.05757329901440032,-0.008882709306829282,2.141426417003842,8.14076651074631,0.1783362141743623,-0.09990605749655442,3.7209054265195727,6.968393628319667,0.0703273441747897,0.07559958913000969,8.46999161510479,8.47460678589322,0.04368113934420294,-0.05368584741731973,7.070795084431049,1.7893925521925211,-0.002403999068876249,-0.08872969304144901,1.2337534857262515,7.984617926211082,0.0017233761941407055,-0.2556715131304172,4.201509163899573,2.5863048618581352,-0.03650098617921143,-0.13607847559574876,7.990322579066467,5.274573836636705,0.006676456729011732,-0.10008187700003306,2.3469081744765634,6.1519844009105284,-0.008113565155857,-0.032286428978234374,7.002112395140314,4.965091573441155,0.004634543604591718,-0.03475546550750104,4.795128407664569,2.33692463136256,0.15179694603671182,0.0973337239410577,7.4980269023379185,2.771683306126815,-0.1913276697465802,-0.08305694444889497
301,4.4225470462040635,3.1981564584391418,-0.22400179436932258,-0.03191340117396793,1.7264362392892727,9.277919193578915,0.30086980207296404,-0.04075934147103305,6.406702902590199,8.09936493426668,-0.21991418081146458,-0.06389822648293877,8.722333571552507,4.627958427292331,-0.023296109981599547,0.05480266902987977,7.414211302744041,3.905228832879901,-0.07375213881195365,-0.03964748819990908,3.6575459882084913,2.0966700246977776,-0.07204064014132856,0.025603858049859787,2.785808955988378,8.887225480133328,0.2832017997930931,0.051575424730550865,7.5469267598115275,5.6398742367776284,0.025345852185784674,-0.03166627393910443,6.018497238269709,2.614928799764595,0.06462428858263382,0.0018408524867364693,2.1503432277125603,8.135771207871482,0.17558643398139107,-0.10843316875863747,3.724421793728312,6.972173607776168,0.07856787108938626,0.07245896116467862,8.472175672072,8.471922493522355,0.04489866479657835,-0.05538253069748969,7.070674884477605,1.7849560675404488,0.012867269716123599,-0.09316045646489185,1.2338396545359587,7.971834350554562,0.0014826326613638727,-0.2569637413634864,4.199684114590612,2.579500938078348,-0.04731062676558762,-0.12919294926646982,7.990656401902918,5.269569742786703,0.0006516590957214409,-0.0963645569601647,2.3465024962187706,6.1503700794616165,-0.012414375925057326,-0.033461499066591106,7.002344122320543,4.96335380016578,0.00862047719154679,-0.034081162864336045,4.802718254966404,2.3417913175596126,0.14278696041096794,0.10767095897456982,7.488460518850589,2.7675304589043703,-0.19385478188783176,-0.08005549835825633
302,4.411346956485597,3.1965607883804434,-0.22301354228089504,-0.027103310065884206,1.741479729392921,9.275881226505364,0.2952916280034402,-0.04464935181303496,6.395707193549626,8.096170022942532,-0.2198639162145255,-0.06541215866259838,8.721168766053427,4.6306985607438245,-0.018473048530283667,0.05364672979732176,7.410523695803444,3.903246458469906,-0.08222203036011039,-0.043645756223042356,3.653943956201425,2.0979502176002707,-0.07404656926866411,0.03377194371437051,2.799969045978033,8.889804251369855,0.2708531583379196,0.048135989740264035,7.548194052420817,5.638290923080673,0.028275101219116545,-0.02611139485487496,6.021728452698841,2.615020842388932,0.07134546329958329,0.012367324816829854,2.15912254941163,8.13034954943355,0.17229666401896107,-0.11682605408597664,3.728350187282781,6.9757965558344015,0.08710407429497175,0.0691844298747435,8.47442060531183,8.46915336698748,0.04574201799355692,-0.05702622731109948,7.071318247963411,1.780298044717204,0.01794871245966341,-0.09661023956656975,1.2339137861690268,7.958986163486387,0.0006632531975720255,-0.25702634362712884,4.197318583252333,2.5730412906150244,-0.05849430437932282,-0.12311061526957784,7.990688984857703,5.264751514938695,-0.005510174086255831,-0.09283749047607104,2.345881777422518,6.148697004508287,-0.016919675329320823,-0.03446220992276057,7.00277514618012,4.961649742022564,0.01246954361293637,-0.03338908611609903,4.809857602986953,2.347174865508341,0.1310087547778045,0.11819467831513264,7.478767779756198,2.7635276839864575,-0.19573210058301932,-0.07604618261421393
303,4.400196279371553,3.195205622877149,-0.2214016944778984,-0.02233768886568031,1.756244310793093,9.273648758914712,0.2889311239722589,-0.04811757063134189,6.3847139977389,8.092899415009402,-0.2193240583203433,-0.06668415037370826,8.720245113626913,4.633380897233691,-0.014139388896289563,0.05205407189597508,7.406412594285438,3.9010641706587537,-0.09060673494995414,-0.047576228433091984,3.650241627737992,2.099638814785989,-0.07537449109133124,0.041537942405690934,2.8135117038949287,8.892211050856869,0.25815669695839155,0.0447585346398469,7.549607807481772,5.636985353337929,0.031011956889926293,-0.02063597472259556,6.02529572586382,2.6156392086297733,0.07754144472761045,0.022664791631347832,2.167737382612578,8.12450824672925,0.1685232887909137,-0.12509604953695014,3.7327053909975296,6.979255777328139,0.09592585080425672,0.06575348780127911,8.476707706211506,8.466302055621926,0.04622273541413492,-0.05861609534254164,7.0722156835863945,1.7754675327388756,0.02324118246779825,-0.09967232257992548,1.2339469488289054,7.946134846305031,-0.0006560348922993811,-0.25586626839101695,4.194393868033367,2.5668857598515453,-0.07020345058093339,-0.1180932478917006,7.990413476153391,5.260109640414891,-0.011775450756711764,-0.08948541950374762,2.3450357936560517,6.14697389401215,-0.021603173249953186,-0.0352993648886083,7.003398623360767,4.959980287716759,0.016187758467534414,-0.032672691231587205,4.816408040725843,2.3530845994240974,0.12044463466395486,0.1296853012230096,7.4689811747270465,2.759725374855747,-0.19686436419874676,-0.07130641492868137
304,4.389126194647658,3.194088738433865,-0.2189008881015604,-0.017674183460492703,1.7706908669917059,9.271242880383145,0.2818243355158189,-0.051249412126975015,6.373747794822883,8.089565207490717,-0.21830422024053314,-0.06773106302521731,8.719538144182097,4.63598360082849,-0.010316569380226827,0.05002395017464777,7.401882257537941,3.898685359237099,-0.09856361975134192,-0.05135828135236059,3.6464729031834255,2.1017157119062735,-0.07594963754292368,0.04887170907472589,2.826419538742848,8.89444897758886,0.24507568131193389,0.041357920154702285,7.551158405326269,5.635953554601799,0.03353838581293712,-0.015219345631690372,6.0291727981002,2.6167724482113406,0.08319454481584916,0.032655202138073144,2.1761635470521234,8.118253444252403,0.16428730999383556,-0.1332258593337603,3.7375016835377424,6.982543451718203,0.10497023576061659,0.06219943903955369,8.479018842982214,8.463371250854799,0.04635587393664068,-0.060151614089364716,7.073377742709784,1.7704839166098794,0.028563765860060708,-0.10213883523762744,1.2339141470842905,7.93334153288548,-0.0023859840835120352,-0.2536659802517333,4.19088369550432,2.5609810974569602,-0.08276063676724701,-0.11456822882715496,7.989824703615555,5.2556353694397036,-0.018253605415983004,-0.08646960198819557,2.343955634993554,6.14520892576772,-0.026438293465965188,-0.03598361601264759,7.004208011284144,4.958346653155179,0.019771800286510818,-0.031927007369690806,4.822430272459041,2.3595688644852477,0.11132533411969292,0.14199457977077343,7.459137956517109,2.756160054109313,-0.19736523283213622,-0.06544298047984314
305,4.37818115024258,3.1932050292608403,-0.21542252680788687,-0.013493583338875386,1.7847820837674968,9.268680409776795,0.2739101395610193,-0.05421984145058866,6.362832583810857,8.086178654339456,-0.21679337958615996,-0.06855280870027448,8.719022315713087,4.638484798337222,-0.007110443360868192,0.04752020845581909,7.396954076550374,3.896117445169481,-0.10601839204490958,-0.055023022272427426,3.6426754213062793,2.1041592973600096,-0.07539538922484755,0.055069191049685266,2.838673322808445,8.896516873596596,0.2315597395132469,0.03794169223285876,7.5528353246169155,5.635192587320215,0.03564105700403342,-0.009962421225996363,6.033332525340993,2.618405208318244,0.08831961853189359,0.04230103372300356,2.184377912551815,8.111592151285715,0.15964466956708062,-0.14122666232753472,3.7427501953257734,6.985653423670181,0.11360015534918241,0.05867036685916333,8.481336636679046,8.46036367015033,0.04616826496444887,-0.061633799345100826,7.074805931002787,1.765376974847998,0.03373044473574545,-0.10382944666713995,1.2337948478801148,7.920658233872894,-0.004358281290033069,-0.2507699554061928,4.186745663665958,2.5552526860156024,-0.09565377857337265,-0.11345128947246703,7.9889120233447555,5.251311889340294,-0.024888435354394715,-0.0837069276341788,2.3426337203202556,6.143409744967087,-0.03140188180803577,-0.03652425645062311,7.005196601298469,4.956750302786695,0.023213249913791055,-0.031191829385229616,4.827996539165025,2.3666685934737863,0.10294611464728462,0.15521974180003978,7.449269694875502,2.7528879050853208,-0.1976444578686381,-0.05851099232996177
306,4.367410023902186,3.1925303500938966,-0.21106454996894053,-0.009808945270795438,1.7984775907455477,9.265969417704266,0.26529636836083925,-0.057022556528584914,6.351992914831548,8.082751013904442,-0.21483296531063295,-0.06914674463137592,8.718666793545044,4.640860808760013,-0.004085125051203465,0.044535230756002867,7.391653156948129,3.8933662940558595,-0.11523584057749091,-0.05785180078520332,3.638905651845037,2.106912756912494,-0.07367365131851077,0.06007782634710291,2.8502513097841073,8.89841395820824,0.2173455650638031,0.03482826056308709,7.5546173774671175,5.634694466258915,0.03727538767903934,-0.0048763833368734,6.0377485062675875,2.6205202600043944,0.09290261333567987,0.05153379170859545,2.192360146030169,8.104530818169337,0.15461366613659489,-0.14908219464588837,3.7484302030932324,6.988586942013139,0.12175713741342954,0.055204377999629066,8.483645049927269,8.457281980183076,0.045555630916583004,-0.06289551894074172,7.076492453239575,1.760185502514641,0.03878977564618971,-0.10479979324088019,1.2335769338156133,7.908119736102584,-0.006605817844965663,-0.24723648589313413,4.1819629747372895,2.549580121541979,-0.10738087024340896,-0.11481577939662967,7.987667601577035,5.247126542958585,-0.03153519069210987,-0.0811765474820129,2.341063626229854,6.141583532144556,-0.036474260547750395,-0.03692842534886284,7.006357263794159,4.955190711317433,0.026512731708029147,-0.030472550567233234,4.833143844897389,2.3744295805637883,0.11399054538001167,0.16336411599180078,7.43938747198207,2.749962355468823,-0.19764160913914686,-0.050798341285831446
307,4.356856796403738,3.192039902830357,-0.20572487867007902,-0.0071949316063710175,1.8117424091635896,9.263118289877836,0.25686172550948655,-0.07030840502692934,6.341251266566017,8.079293676672874,-0.21253770480674483,-0.06951692474927361,8.718462537292483,4.643087570297813,-0.0012825835717351197,0.04105594410021921,7.385891364919255,3.8904737040165993,-0.12434744467199622,-0.06080848117991243,3.6352219692791112,2.109916648229849,-0.07119880872543692,0.06397872347747305,2.8611185880372974,8.900155371236394,0.20250079433426132,0.03199110685266219,7.55648114685107,5.634450647092071,0.03840629007369171,-2.0785945148813108e-05,6.042393636934372,2.623096949589824,0.09712770683450589,0.060436636495239435,2.200090829336999,8.097076708437044,0.14913470101806747,-0.15667366795707421,3.7545180599639036,6.99134716091312,0.12376171202521256,0.04937260181280522,8.485922831473097,8.454137204236039,0.04439330867849535,-0.063824395769144,7.078431942021885,1.7549455128525968,0.04326308113978293,-0.10208790725961846,1.233246642923365,7.8957579118079275,-0.009252560978629795,-0.24316177491307642,4.176593931225119,2.5438393325721473,-0.09833714987883835,-0.1349347758975986,7.9860908420424295,5.243067715584485,-0.037820627143544956,-0.07859742786675612,2.339239913202466,6.139737110877113,-0.041634879493706624,-0.03720352488247289,7.007682900379561,4.953667083789072,0.02967235567365014,-0.029774374773719577,4.83884337216639,2.3825977863633785,0.12438937287320244,0.17281929392477846,7.429505391525113,2.747422438404531,-0.19742771228343492,-0.04281083385313224
308,4.346570552470234,3.1916801562500385,-0.1996940259499376,-0.005359381424803349,1.824585495439064,9.25960286962649,0.2477092996838907,-0.08334414200498338,6.33062438132568,8.07581783043541,-0.20992586540800312,-0.06967427455043028,8.718398408113897,4.645140367502824,0.0013266257720558885,0.03713829955478331,7.379673992685655,3.887433279957604,-0.13350291033447562,-0.06391631448342357,3.631662028842839,2.113115584403723,-0.06835034037705302,0.06640160665278652,2.8712436277540103,8.901754926579027,0.18714995930895081,0.029317555971216783,7.558401461354754,5.634449607794814,0.039144053642450674,0.004633145091442717,6.0472500222760965,2.626118781414586,0.10091044520718942,0.06899030982220858,2.207547564387902,8.08924302503919,0.1431051171318017,-0.1638344910042353,3.7607061455651642,6.993815791003761,0.1248039033369296,0.04365031339796929,8.488142496907022,8.450945984447582,0.04273612521015352,-0.06444860899714619,7.0805950960788735,1.7498411174896158,0.04796662261233714,-0.09792580767468136,1.2327840148744336,7.883599823062274,-0.012051653584339826,-0.23848617311776069,4.171677073731177,2.5370925937772673,-0.0896127777899292,-0.15079233534011877,7.9841998106852525,5.239137844191147,-0.04368404222087364,-0.07605047687828462,2.3371581692277807,6.137876934632989,-0.04686273769437591,-0.03735248681999354,7.009166518163243,4.952178365050386,0.03268476659748876,-0.02908969086407986,4.8450628408100505,2.3912387510596176,0.13426931958188165,0.18272025499603128,7.4196340059109405,2.7452818967118744,-0.19728583422988896,-0.034508245837337484
309,4.336585851172737,3.1914121871787984,-0.19303986622522523,-0.004118591813910814,1.8369709604232585,9.25543566252624,0.23787046676906143,-0.09609848694516893,6.32012808805528,8.07233411670789,-0.2069880523048041,-0.06964073899239841,8.7184647394025,4.646997282480563,0.003778139107164646,0.032842292174893824,7.372998847168931,3.8842374642334327,-0.14274926115930853,-0.06720917420162711,3.6282445118239863,2.116435664736362,-0.06550389858659149,0.06759543450911859,2.880601125719458,8.903220804377588,0.17148870329365007,0.026730375200283155,7.560358664036877,5.634681265049386,0.040151842643319474,0.009208132756261481,6.052295544536456,2.6295682969056964,0.10373493013663182,0.07790609701240747,2.2147028202444923,8.081051300488978,0.13655033325109112,-0.1705575097398825,3.7669463407320105,6.995998306673659,0.1259306974814408,0.03827003941508679,8.49027930316753,8.447723553997724,0.040736873665677964,-0.06498521904354781,7.08299342720949,1.7449448271058818,0.05285282326386359,-0.09246240830913703,1.2321814321952165,7.871675514406386,-0.014970028495290486,-0.23325669441581157,4.16719643484168,2.5295529770102614,-0.08113530006060866,-0.16271775177989042,7.982015608574208,5.235335320347232,-0.04912293513671856,-0.07362268302529971,2.334815032343062,6.136009310291989,-0.052124653244011804,-0.03738684244247696,7.010800756493118,4.950723880507183,0.03554339157734239,-0.02840848116017249,4.851776306789144,2.400374763809419,0.14340111027945626,0.192951641121119,7.409769714199446,2.7435564844200075,-0.19708896642118937,-0.02594570855463218
310,4.3269338578614756,3.191206257588103,-0.18581222637127093,-0.0033804213037528716,1.8488644837617116,9.250630738178982,0.22739094650777375,-0.1085639125259089,6.3097786854400395,8.068852079758269,-0.20372248145562388,-0.06943281664085182,8.718653646357858,4.648639397089308,0.006002162374791408,0.028229733467298953,7.365861384110966,3.8808770055233515,-0.15223507215441046,-0.07067121052815471,3.624969316894657,2.119815436461818,-0.06267526964422107,0.06774683043490494,2.8891755608841403,8.904557323137603,0.15577181230291598,0.023942264191579445,7.562366256169043,5.635141671687198,0.041447943781315194,0.01359615555158104,6.0574822910432875,2.6334636017563167,0.10560334166271576,0.08713263152802675,2.2215303369070467,8.072523425001984,0.1295000798002206,-0.1768393050925799,3.7732428756060825,6.997911808644413,0.12715940513770513,0.033247321775282904,8.492316146850813,8.444474293045547,0.03842032983325666,-0.06543796386463434,7.085636068372684,1.740321706690425,0.05789684881911662,-0.08591973460212866,1.231432930770452,7.860012679685595,-0.017983416190245356,-0.22751808252394584,4.16313966983865,2.521417089421267,-0.07183496977935104,-0.17244576475892104,7.979559461817373,5.231654186195968,-0.05411798206524353,-0.07131887130379598,2.332208799680861,6.134139968169865,-0.05741650448142807,-0.03730387898770704,7.012577926071985,4.949303456449174,0.038256682551840185,-0.027717081110918192,4.858946362303117,2.410022345865475,0.15155510913123238,0.2035535513248143,7.399915265878387,2.7422591989922758,-0.19686310467809684,-0.01724715049231719
311,4.317643246542912,3.1910372365229156,-0.17793039871881655,-0.0032649382940307878,1.8602340310871004,9.245202542552686,0.21621943122180498,-0.1207170805485415,6.299592561367258,8.065380438926226,-0.20014005194228865,-0.06905539358072522,8.718953754476598,4.650050883762673,0.008060168825325275,0.02333159698565623,7.358249630503245,3.877343444996944,-0.1620807834452468,-0.07429090263022933,3.621835553412446,2.123202777983563,-0.06016036825950981,0.06705718620810057,2.896964151499286,8.905754436347182,0.1400927106569695,0.020886522367369754,7.564438653358109,5.635821479464777,0.04291812624484192,0.017733052057532922,6.062762458126423,2.637820233332718,0.10633634282035717,0.096801527130253,2.2280053408970577,8.063681459747356,0.12199532603177654,-0.18268605322111325,3.779600845862968,6.999574174733177,0.1281844273314946,0.028412226146186874,8.494237163342476,8.441202394852315,0.03581231369994825,-0.06581101767146826,7.088530910813639,1.7360257199603186,0.06305044931815056,-0.0784141344477288,1.2305337599609396,7.848636775559398,-0.021074379330375398,-0.22131470043421175,4.159547921349682,2.512794801183321,-0.06137888755450516,-0.1808825541225437,7.976853562714111,5.228088242630778,-0.05872318332449894,-0.06922858651667754,2.3293379744567897,6.13227477422048,-0.06265500211118977,-0.0371232324550262,7.0144907601995765,4.947917602393628,0.040830766878465055,-0.02701521504483488,4.8665241177596785,2.4202000234317156,0.15871377598036873,0.21472738746663902,7.390072110644482,2.74139684146766,-0.19680890505701548,-0.008414233129865636
312,4.308746726606971,3.190873989608214,-0.1692042295498674,-0.0036858970756456872,1.8710450026481906,9.239166688525259,0.20440937137635745,-0.13254959718896622,6.289585558770144,8.06192766924719,-0.1962509610019324,-0.06851240667552295,8.719356762917863,4.651217463611956,0.009889454372462535,0.018194050997692553,7.350145591330983,3.8736288998654325,-0.17203533579767522,-0.07808823072983775,3.6188275349994705,2.126555637293968,-0.05802030111428142,0.06560117856729175,2.9039687870321345,8.90679876246555,0.12438356230959172,0.017586940735351664,7.566584559670351,5.636708132067654,0.0444807957455505,0.021521386561302796,6.068079275267441,2.642660309689231,0.10572548201067337,0.1068557347234556,2.2341051071986464,8.0545471570863,0.11407392387542355,-0.18810420148540216,3.7860100672295425,7.000994786040486,0.12923280709545543,0.02384612478884606,8.496027779027473,8.437911843968742,0.0329409210326547,-0.06610899570291727,7.091683433279547,1.732105013237932,0.06830806327507881,-0.07002422264710585,1.2294800409944209,7.8375710405376875,-0.024227812608578408,-0.21469247091770555,4.156478976971957,2.5037506734771937,-0.049667948743202975,-0.18861320874962842,7.973917403547886,5.224626813304944,-0.06300041300611,-0.06765985429227273,2.3262052243512303,6.130418612597729,-0.0678291237443618,-0.03684199713546395,7.0165322985435,4.946566841641386,0.04323287392351949,-0.02630945120751229,4.874459806558697,2.4309363928050476,0.16479540142704593,0.22639713946840143,7.380231665391631,2.7409761298111666,-0.19755341885179525,0.0006788614872627365
313,4.300286515129478,3.1906896947544316,-0.15853983058164767,-0.00422560097564018,1.8812654712170085,9.232539208665811,0.19203082031043567,-0.14404648901535744,6.279773010720047,8.058502048913414,-0.191679585006058,-0.06784598451145533,8.719851235636487,4.652127166161841,0.011508673779901767,0.012830430552560296,7.341543824541099,3.8697244883289406,-0.18153590937317188,-0.08159476862921272,3.6159265199437565,2.1298356962223326,-0.05638682576592804,0.06339459282475854,2.910187965147614,8.907678109502317,0.10865476231083149,0.014161794468533617,7.568808599457628,5.63778420139572,0.046060632874070515,0.025029743147401466,6.073365549367974,2.6480030964254038,0.10374595774097332,0.11711598067248552,2.2398088033924175,8.04514194701203,0.10577594255361188,-0.1931009791837998,3.792471707584315,7.002187092279929,0.13044075147371223,0.019594682311739012,8.497674825079105,8.434606394183596,0.02983569859884924,-0.06633692039536178,7.095098836443301,1.7286038021055767,0.07359173899040607,-0.06081913760796706,1.228268650363992,7.826836416991802,-0.027447355633475983,-0.20770369891286278,4.153995579534796,2.494320013039712,-0.03656335349927216,-0.19678567684564627,7.970767382897581,5.22124382059033,-0.06676746865169507,-0.06630149116679947,2.3228137681640124,6.128576512740955,-0.0728997985362939,-0.036425285650450584,7.0186939422396755,4.94525136908101,0.04546278613005006,-0.02560005577094224,4.882699576630049,2.4422562497784677,0.16984092827428923,0.23815022695919846,7.370353994449041,2.74101007288553,-0.1991020998874331,0.009976847070806514
314,4.292359523600395,3.1904784147056495,-0.1461244825882738,-0.004728655469678405,1.8908670122325302,9.225336884215043,0.17915021038087406,-0.1551957494170832,6.2701890314697435,8.055109749687842,-0.18606136332076767,-0.06700326973610167,8.720426669325482,4.652768687689469,0.012920671679314877,0.007241583526331391,7.332467029072441,3.8656447498974797,-0.19044030090034778,-0.08457643156572138,3.61310717865546,2.1330054258635704,-0.0546425841259563,0.06043318205642844,2.9156207032631554,8.908386199225744,0.09290555368170017,0.010724472462904077,7.571111631101331,5.63903568855309,0.04766799393743168,0.028113315497843877,6.078552847255023,2.653858895459028,0.10099398111684212,0.1276561613258192,2.245097600520098,8.035486898052842,0.09715922837409603,-0.19770226441789346,3.7989937451580005,7.003166826395516,0.1317796964303725,0.015644015302981422,8.499166610009048,8.431289548163829,0.026525954002367916,-0.06649986781772092,7.0987784233928215,1.7255628452251783,0.07907989067480949,-0.05087676844493071,1.2268962825823182,7.816451232046159,-0.030766252150633538,-0.20042285446286584,4.152167411859833,2.4844807291974296,-0.02101582314620285,-0.20607568583760297,7.967429009464996,5.2179287460319905,-0.0700815543289612,-0.06536032963484446,2.3191687782371977,6.126755248458433,-0.07777032540141861,-0.03594409684095144,7.0209670815461775,4.943971366292463,0.04752856502626264,-0.02488162576034036,4.891191623043763,2.4541637611264275,0.17383227992345437,0.2498322865750489,7.360398889454669,2.74150891523907,-0.201794048673811,0.019366036701553357
315,4.285053299470982,3.1902419819321657,-0.13208207978437594,-0.0050954306722433,1.899824522751574,9.217577096744188,0.16587011224063433,-0.16599088595821135,6.260885963303705,8.051759586201037,-0.17947816963118293,-0.0659968984875882,8.721072702909447,4.653130766865785,0.014149060450729634,0.0014308984430613176,7.3229450140274235,3.8614159283191936,-0.1984997801965552,-0.08716509798242604,3.6103750494491624,2.136027084966392,-0.05247997152384162,0.05656302453148509,2.9202659809472404,8.908922422848889,0.07719975511535877,0.007269170716178041,7.5734950307982025,5.640441354327982,0.049315161962806095,0.03060369646301712,6.083602546310865,2.660241703525319,0.09762407196445354,0.13792398898566455,2.249955561938803,8.025601784831947,0.08825783049020397,-0.20191062093246656,3.8055827299795193,7.003949027160665,0.13325418830971647,0.011988340621913954,8.500492907709166,8.427964554772943,0.02304134390674776,-0.06660327616041392,7.102732417926562,1.7230190068029319,0.08524618004904178,-0.04013703442112128,1.2253579699747865,7.806430089323015,-0.03427813956687709,-0.1929068525528946,4.151116620702522,2.4741769449055493,-0.0020955907906082157,-0.21802146918449436,7.963924931748548,5.214660729550248,-0.07294344489829045,-0.06486899872250776,2.3152802619671267,6.1249580436163855,-0.08235678472518246,-0.03546261745880902,7.023343509797491,4.942727285004446,0.04943870129380548,-0.024153969882049826,4.899883237039936,2.46665537545518,0.1765281395195876,0.2605729362752137,7.3503091870209785,2.7424772170741476,-0.20642234524280076,0.029035074609869017
316,4.278449195481763,3.1899872103985536,-0.11726435764263324,-0.004427639091461959,1.9081180283636057,9.209277552446277,0.1522286609414438,-0.17623625607802146,6.251912054822146,8.048459741276657,-0.17234730685871819,-0.06457393547557834,8.721780155931985,4.653202311787938,0.015250546463069226,-0.004601408630412613,7.313020025017596,3.8570576734200723,-0.20573158939541156,-0.08942859125955856,3.60775105087297,2.1388552361929665,-0.04922563130732417,0.05224078477490092,2.9241259687030086,8.909285881384697,0.061590909464209025,0.0037971424160119106,7.575960788896343,5.641971539151133,0.05134954709261547,0.03215786121910657,6.088483749909088,2.667137902974602,0.09398480867726691,0.14739198936784953,2.254368453463313,8.015506253785324,0.0791071331993066,-0.20572967194486338,3.812245439395005,7.004548444191761,0.13479989730875422,0.008555515786732719,8.501644974904503,8.424634390964922,0.01944930016421026,-0.06665989262760483,7.106994726929014,1.7210121550818758,0.09208720778570559,-0.02881650752321402,1.2236440629964427,7.796784746695371,-0.037866713574030604,-0.18512083564162637,4.151011841162992,2.4632758714463248,0.020598512629172516,-0.2336775589672092,7.960277759503634,5.211417279614123,-0.0754761822278927,-0.06483347832980486,2.3111624227308676,6.1231849127434455,-0.08665964067875664,-0.03499772232401729,7.0258154448621815,4.941519586510344,0.051193646437862755,-0.023420008204871084,4.908709644015915,2.4796840222689407,0.17854026976515397,0.26948502201697205,7.339988069758839,2.743928970804641,-0.21340387751847747,0.04052283947502901
317,4.272585977599632,3.1897658284439805,-0.10205862118433169,-0.0025510570724309113,1.915729461410678,9.200465739642377,0.13825909203322923,-0.185864926740663,6.24329468947921,8.045231044502879,-0.16499891544502954,-0.06265948737077955,8.722542683255138,4.652972241356418,0.01630336826318195,-0.010921927630704438,7.302733445547825,3.8525862438570946,-0.21196587649346169,-0.09135983334555185,3.605289769307604,2.1414672754317117,-0.04480276885207534,0.04793441624510432,2.927205514176219,8.909475738505497,0.046130646271555366,0.0003098851291056682,7.578528266250974,5.643579432212089,0.05400290261655937,0.03251358222807045,6.093182990342951,2.6745075024429945,0.09056385559720881,0.1560363019880125,2.2583238101232785,8.00521977018808,0.06973706399354564,-0.20916410759556966,3.818985434260443,7.004976219981098,0.13564851881127288,0.004976798152650877,8.502617439912713,8.421301396333542,0.015825279647337855,-0.06653912939141371,7.111599087318299,1.7195713297057151,0.09963993137226489,-0.01714355177179495,1.2217507273177413,7.7875287049132895,-0.04152374202559253,-0.17710755218029406,4.152041766794451,2.4515919934979644,0.046932908633849336,-0.2536391202298168,7.956503950392239,5.208175605697632,-0.07761414160387022,-0.06541806899766359,2.3068294406969296,6.121435026627244,-0.09067817726134579,-0.034559258868951205,7.028375127184074,4.9403485861001,0.05268697338495577,-0.022680332491168048,4.917636657504173,2.4931582733697892,0.17974248017658337,0.27631615761777734,7.329317875882915,2.7459551127783923,-0.2224544479468489,0.05348016803299715
318,4.267483046540415,3.189638275590359,-0.0863441680235689,0.00033155076757067185,1.9226424160123394,9.191172493305343,0.12396576857598816,-0.19487874196483368,6.2350447437069585,8.04209807013434,-0.15746819193285683,-0.06030496625267509,8.723357851668297,4.652426144974882,0.017392204679784085,-0.017533625751536882,7.292135151723152,3.848018252189817,-0.21607738514602956,-0.09293518205805576,3.603049630865,2.143863996243967,-0.03912231544729114,0.04361812316942359,2.929512046489797,8.909491232761953,0.030865832669584693,-0.0031873872282389593,7.581228411381802,5.6452051113234925,0.05733230296224247,0.03156600891271825,6.0977111831228115,2.682309317542395,0.08735701208693869,0.16375138490164964,2.2618106633229558,7.994761564808302,0.06013415818366633,-0.21221154649276214,3.8257678602010063,7.005225059888731,0.13577803560655047,0.0012355922964468443,8.50340870389508,8.41797443986397,0.01221237167142576,-0.06616445708564349,7.116581083886913,1.7187141521171254,0.10781146144018557,-0.005213854228412305,1.2196745402164617,7.778673327304275,-0.045074958821633065,-0.16887790385842708,4.154388412226143,2.4389100374864734,0.07396135304321977,-0.27520668245229757,7.952623243312046,5.204904702247749,-0.07932119814114076,-0.0663901789375666,2.3022955318338623,6.119707063683797,-0.09441984430848878,-0.034142852857742316,7.031009475853322,4.939214569475542,0.05390763143394316,-0.021937715660774376,4.926623781513002,2.506974081250678,0.1799044956593667,0.28093914900085304,7.318195153485573,2.748629121180042,-0.2321577771523619,0.06681169157063295
319,4.263165838139237,3.1896548531287374,-0.06921064151952913,0.0037309873159229135,1.9288407044411389,9.181428556207102,0.10935797697337662,-0.20327897132946723,6.227171334110316,8.039082821821706,-0.14978205676001288,-0.05756454976313356,8.724227461902286,4.651549463687306,0.018845344685253406,-0.02440132582167963,7.2813312824658505,3.8433714930869143,-0.21736071375370797,-0.09305943936043314,3.6010935150926358,2.146044902402438,-0.03218038747783542,0.03950183720457698,2.9310553381232762,8.90933186340054,0.015944252414553106,-0.00677063481532373,7.584095026529914,5.646783411769128,0.061185014207660066,0.029341194579696608,6.102079033727159,2.6904968867874777,0.084520179310273,0.1702109771844217,2.264817371232139,7.984150987483663,0.05027034794244395,-0.21487355940509514,3.832556761981334,7.005286839503553,0.13520325646858145,-0.0026531380358085195,8.504019322478651,8.414666217009689,0.008641059541928231,-0.06553068411080964,7.121971656958922,1.7184534594057048,0.11615907107935335,0.006706340099418964,1.2174207922753801,7.770229432111353,-0.048282870745160786,-0.16043016959190753,4.158086479878304,2.4251497033638585,0.1008936253582451,-0.2970217186895374,7.948657183404989,5.20158519330087,-0.08054061417834264,-0.06742418904612693,2.297574539618438,6.1179999210409095,-0.09789796047806065,-0.03374450705390037,7.033704857425019,4.938117683692504,0.05485677393470133,-0.02117956250719097,4.935619006295971,2.521021038700721,0.17913011770238027,0.2834309079509077,7.306587264627955,2.7519697057585737,-0.24265298386603837,0.07940302376782228
320,4.25970530606326,3.1898414024945336,-0.04989196701477221,0.00811712213411921,1.9343086032898078,9.171264607640628,0.09449067568810975,-0.2110677307994532,6.219682231272315,8.03620459433355,-0.14195773343366364,-0.054493926521768606,8.72516972913655,4.650329397396222,0.02131866437965324,-0.03151130685190538,7.270463246778165,3.8387185211188926,-0.2175582096463519,-0.09229927399129502,3.599484495718744,2.148019994262667,-0.023731508057078125,0.03578149744439269,2.931852550744004,8.908993331659774,0.0014190162251877178,-0.010448956281173606,7.5871542772402965,5.648250471498113,0.06534482944458614,0.026002962315773915,6.106305042692672,2.6990074356466986,0.08218228956444151,0.17515459946060866,2.267330888629261,7.973407309513409,0.04002950256023036,-0.21718636211473422,3.839316924804763,7.005154182601762,0.13388217874925065,-0.006674764374171214,8.504451375455748,8.411389682804149,0.0051402243169421545,-0.06461267525805958,7.127779610512889,1.7187887764106757,0.12493053679809953,0.018551697070444434,1.2150066487381221,7.762207923631758,-0.05116080688486358,-0.15181128431320576,4.163131161146216,2.4102986174293815,0.12600890074124071,-0.31827687359724083,7.944630152696072,5.1982139838485635,-0.08124427420453531,-0.06835611763234171,2.292679641594535,6.116312695688214,-0.10112904072701256,-0.033359919515471764,7.036447696121754,4.937058705567144,0.05554695213530386,-0.020393306555220155,4.94457551218109,2.5351925840982665,0.17766043666292772,0.2842701585788128,7.294454615434653,2.7559398569469646,-0.2541389404752875,0.09136747379934122
321,4.257210707712522,3.19024725860124,-0.028505514995557577,0.013467637753039536,1.9390331370742133,9.160711221100655,0.07942276603015458,-0.21824935363246675,6.212584344600631,8.03347989800746,-0.13402943949025847,-0.05114156721197609,8.726235662355533,4.648753832053627,0.024953225605425143,-0.038915153682035006,7.259585336295848,3.834103557419328,-0.21722550136209304,-0.09052263927579753,3.5982979203158902,2.1498090691348866,-0.014514828424414398,0.03247669146526004,2.9319235015552634,8.908470883845716,-0.012692063050420345,-0.014207563713419814,7.5904215187125255,5.649550619613902,0.06982034664302955,0.021547229389047573,6.1104141571708945,2.7077651656197292,0.0805134708969105,0.17872529244685859,2.2693323637572727,7.962547991407672,0.02947002564820872,-0.21926008761394697,3.8460110337422257,7.0048204443830535,0.1317061722383969,-0.010993573510919528,8.504708386671595,8.408159049041245,0.0017428001704091417,-0.06341428690134414,7.1340261373527944,1.719716361264198,0.1340290949259796,0.03025153600677332,1.212448608393879,7.754617359416097,-0.05383122349331638,-0.1431136963164845,4.169431606183278,2.394384773749519,0.14669654194464418,-0.33847902602825203,7.940567938985845,5.194796177966946,-0.08143365939514143,-0.0690809887630019,2.2876231895581842,6.114644699712441,-0.10409697540997784,-0.03294645499348254,7.0392250437285195,4.936039040239383,0.05600522952471102,-0.01958669971487787,4.953458534014237,2.549406092027207,0.17543729330886945,0.28508095767459246,7.281747668410889,2.7605082306369315,-0.2646787180522109,0.1015213731411629
322,4.255785431962744,3.190920640488892,-0.007787985043031482,0.018379889359623133,1.943004275375721,9.149798753419033,0.06419879055055176,-0.22482965873195407,6.205882872626118,8.030922819646861,-0.12608677486699799,-0.04755936941169742,8.727483323635804,4.646808074369526,0.02974263278418472,-0.04667806336263994,7.248724061227743,3.829577425455538,-0.2162265800422507,-0.0881608940747463,3.5975721788946697,2.1514329037081494,-0.004969464938601257,0.029642998922051442,2.9312888984027423,8.907760505660045,-0.026333448784501612,-0.018048637151945015,7.593912536044677,5.650627981083354,0.07445569220632206,0.01656829583117957,6.11443983071574,2.7167014302420722,0.07960091447217352,0.18091880465561838,2.270805865039683,7.951584987026975,0.01891218190345393,-0.22083332930225807,3.8525963423541456,7.004270765707507,0.12892918699543407,-0.015456955203686673,8.504795526680116,8.404988334696178,-0.001523507168663086,-0.06194421982868441,7.140727592099093,1.7212289380645365,0.14334591632233049,0.04179525100692591,1.2097570472192132,7.747461674600273,-0.0564188447798278,-0.1344280240333119,4.17676643328051,2.3774608224481066,0.16234793637146686,-0.35771366990480463,7.936496256016088,5.191342128528796,-0.08111029413895113,-0.06945360894604508,2.2824183407876855,6.112997376962767,-0.10681687653958122,-0.03249319245017678,7.0420253052047554,4.9350597052536385,0.056246897674539935,-0.01873654572106269,4.96223039867968,2.5636601399109367,0.17203180837918863,0.286041828041136,7.2685137325082785,2.7655842992939896,-0.27332060923367985,0.10935516764556696
323,4.255396032710593,3.191839634956873,0.012449831827181075,0.022692770069390474,1.9462142149032486,9.138557270482435,0.048878568470797884,-0.23081071922196625,6.199578533882768,8.028544851176276,-0.11814643780511597,-0.0438159157153273,8.728970455275013,4.644474171201393,0.034296251438793446,-0.05434123882631639,7.237912732225631,3.8251693807518006,-0.21428085384131249,-0.08573604990661972,3.5973237056477396,2.152915053654252,0.004588825304547546,0.027261667262197982,2.929972225963517,8.906858073802448,-0.039457472162396964,-0.021987123951542755,7.597635320654993,5.651456395874913,0.07913721497803818,0.011445130953884075,6.118419876439348,2.725747370474853,0.07964730439467317,0.18121995984746458,2.271751474134856,7.940543320561862,0.008345737208458048,-0.2219968249136575,3.859042801703917,7.003497917947323,0.12560927943448952,-0.020063121313129383,8.504719351321683,8.401891123704743,-0.004681388443482461,-0.06023607234014996,7.14789488791521,1.7233187006148827,0.15250034635410692,0.05348018356665453,1.2069361049802219,7.7407402733986075,-0.058930963372686114,-0.12582998324394612,4.184883830099083,2.3595751389528665,0.1722558048759911,-0.3746851075378422,7.932440741309141,5.187869448081494,-0.0802826534713934,-0.06939719563523229,2.2770774969607066,6.111372717340258,-0.10930004888176242,-0.0319956585569641,7.044837650088483,4.934122877967585,0.05640802206788386,-0.017684563694515494,4.97083198909864,2.5779622313129935,0.1673257113574897,0.2871043226506409,7.254847702046595,2.771052057676268,-0.2799199356654311,0.11503751573299696
324,4.256018524301951,3.192974273460343,0.03151291714479277,0.025610434753745734,1.9486581433267884,9.127016734521337,0.03352910733254944,-0.23619472296549557,6.193671211992513,8.02635405539051,-0.11020054559034088,-0.039973716494073906,8.730685267846953,4.641757109260078,0.03832973016076972,-0.06178121650199274,7.227198689533565,3.8208825782564695,-0.21152191315949734,-0.08340509944529169,3.597553146912967,2.1542781370173616,0.013906823892632722,0.025319659459771167,2.927999352355397,8.905758717604872,-0.0520675842930389,-0.026031231671798608,7.601592181403895,5.652028652422607,0.08376278239935528,0.0061694348103761175,6.122402241659081,2.734808368467226,0.08057484766228086,0.1797696977218831,2.272168760995279,7.92944347931618,-0.0022027933105505885,-0.22276279177050967,3.8653232656756416,7.002494761881667,0.12180982270400456,-0.024767286399279553,8.504485281899509,8.398879320087735,-0.007712900793326439,-0.05830274222894438,7.155519905232915,1.7259927097932155,0.16071964954481507,0.06502520167335352,1.2039895568115875,7.7344487742364105,-0.061432967057326045,-0.1173551929390469,4.1934966203428825,2.340840883575974,0.17821463581373428,-0.38911645896110575,7.928426608635571,5.1843995882997325,-0.07921514061645966,-0.0694032725776049,2.2716124945166185,6.109772934412409,-0.11155790896117011,-0.031448575322549646,7.047658051191877,4.93323864978286,0.05667896652911032,-0.016486060598858862,4.979198274666515,2.5923174474455255,0.16139407876421558,0.28828444590902297,7.2408517052633234,2.7768039334629178,-0.28397304294199,0.1184274587515526
325,4.257594170159191,3.19425479519803,0.049180307550924514,0.026930901246070803,1.950334598693416,9.115206998373063,0.018142837345919954,-0.2410152549446988,6.188161184712995,8.024355369565805,-0.10227722118419388,-0.03606291679703239,8.732601754354992,4.638668048434978,0.0418451864051192,-0.06894284495691637,7.21662259387559,3.816712323284205,-0.2081484009063321,-0.08114702758313053,3.5982484881075987,2.15554411999035,0.02244542469505429,0.023685061681450854,2.9253959731407453,8.904457156021282,-0.06420764227405315,-0.030147355213988206,7.605780320523863,5.652337124163126,0.08828943740278374,0.0006655750669002031,6.126430984042195,2.74379685335332,0.08167590005082971,0.1764445963612044,2.2720586213297516,7.918305339727654,-0.012686777959731955,-0.22314188129268517,3.871413756810842,7.001256397561702,0.11786192135076455,-0.029451655292783697,8.504099636859843,8.395964182976288,-0.010793345948827806,-0.056185514652271354,7.163555887710156,1.7292439698768831,0.1678202853117981,0.07662470736607394,1.2009179084587212,7.728581014589458,-0.06413253480742237,-0.1090674859678784,4.202407352133569,2.321385060627919,0.18148255396833157,-0.400773365416861,7.924465851604748,5.180929424670852,-0.07796938379661542,-0.0696813547648924,2.26603459906856,6.108200505646281,-0.11360260122417727,-0.03084815189152569,7.050491999518332,4.932414346752917,0.057233945004084956,-0.015281615478911667,4.987267978604725,2.606731669740977,0.15417251709391222,0.28960436217597096,7.226653053116224,2.7827253064004953,-0.28623287146479137,0.12026620895748664
326,4.260053185536737,3.1956013402603336,0.06066233621408293,0.028545166948735656,1.9512417405607119,9.103156235625828,0.002739645600638734,-0.24527249248339414,6.183047323653786,8.022552223725954,-0.09440279642862061,-0.032112675216426884,8.734694013675247,4.635220906187132,0.04484657941037109,-0.07578153097609858,7.206215173830273,3.8126549719050487,-0.20420841504991827,-0.0792287945833885,3.599370759342351,2.1567283730744227,0.030524625678101776,0.022902648366422904,2.9221855910270427,8.902949788260582,-0.07586770107045894,-0.034313545167673015,7.610194792394002,5.652370402916471,0.09272312406152378,-0.005143025343918851,6.130514779044737,2.75261908317138,0.08309454535825139,0.17150606022386194,2.2714242824317648,7.90714824566302,-0.023069595645336054,-0.22314280168822664,3.8773068528783803,6.9997838147970635,0.11414665543596676,-0.03404888368574234,8.503559969562401,8.393154907243675,-0.013895204072964731,-0.053897071243364895,7.171946901975746,1.7330752052451868,0.1742846146737137,0.08826110758885225,1.19771128171835,7.723127640291064,-0.0670534205640342,-0.10098862994671255,4.211481479831986,2.301346392357076,0.18371092390467858,-0.4104925233808521,7.920567382414918,5.1774453569326075,-0.07653534111933213,-0.06995060000479841,2.260354469007351,6.106658098051705,-0.1154380998104743,-0.030154894226264065,7.053353696768537,4.931650265978971,0.058359529174307236,-0.014222356284030943,4.994976604459421,2.621211887849775,0.1462160063116704,0.2901721818663028,7.212341409542985,2.7887386168483697,-0.2836084033319379,0.11757450101112653
327,4.263086302347442,3.1970285986077704,0.06971879260112593,0.029236482992693723,1.9513787228407438,9.090892611001658,-0.012555074631847992,-0.24846375608457802,6.178327183832355,8.020946589965133,-0.08657645324987152,-0.02817063672505859,8.736936342645766,4.631431829638327,0.047297300003704336,-0.08230646559576373,7.196004753077777,3.8086935321758792,-0.19953953516841708,-0.07771345778302186,3.6008969906262562,2.1578735054927436,0.038534405131379366,0.023021269746956927,2.91839220597352,8.901234111002198,-0.08700186212554699,-0.038523997530568024,7.614830948597078,5.652113251649276,0.0970008238747705,-0.010911127378845266,6.134669506312649,2.761194386182573,0.08505615619702225,0.16563776725141646,2.270270802649498,7.8959911055786085,-0.03336163843717947,-0.2227829634884249,3.8830141856501785,6.998081370612776,0.11072993577580384,-0.038359525496040305,8.502865209358752,8.390460053681506,-0.016993599912298266,-0.05145061890139111,7.180661132709432,1.7374882606246294,0.1798843980346718,0.09947746419414362,1.1943586106901483,7.718078208793728,-0.07005590805957577,-0.09309571955562025,4.22066702602722,2.280821766188033,0.18514237974037862,-0.4176107879665855,7.916740615358951,5.173947826932368,-0.07483802621619207,-0.07019994120490426,2.2545825640168276,6.105150353340392,-0.11704292357861319,-0.02916628367177755,7.056271673227252,4.930939148164769,0.059869469426015266,-0.013135007282712727,5.0022874047750046,2.6357204969430903,0.13841327104260073,0.2898575201222521,7.198160989376388,2.794617341898926,-0.27977190007955083,0.11406875585352708
328,4.266572241977498,3.198490422757405,0.07650847540666411,0.030294632796123565,1.9507509691091514,9.07846942319743,-0.028116719364800112,-0.25048461598916527,6.173998361169861,8.01953805812888,-0.07871465275806168,-0.02432044899128917,8.739301207645951,4.627316506358539,0.04910417867475441,-0.08839570702592711,7.1860277763193565,3.8048078592867283,-0.19102243227124988,-0.0653175163169288,3.6028237108828254,2.1590245689800915,0.04646361400608182,0.024124027852801187,2.9140421128672425,8.89930791112567,-0.0975574319531036,-0.04272398629807272,7.619680989790816,5.651567695280334,0.10102129090279231,-0.016207649385237746,6.1389223141225004,2.769476274545144,0.08138240417225247,0.16187621013431194,2.268602720727639,7.884851957404187,-0.04392249221649542,-0.22223307287524152,3.888550682438969,6.996163394337974,0.10784423911135128,-0.0419489093813047,8.502015529363138,8.387887522736436,-0.020059649801028315,-0.048863802091319644,7.189655352611165,1.7424621338343365,0.18460327280209446,0.11029893704756578,1.1908558152871696,7.713423422815947,-0.07260250048885605,-0.08526121426582724,4.229924145014239,2.259941226789704,0.1856107690577719,-0.4206180749398831,7.9129987140481415,5.170437829872123,-0.08021291566447716,-0.07466806929004068,2.248730417837897,6.103692039156803,-0.11843790882229129,-0.027848792568813865,7.059265146698553,4.930282397800633,0.06175233656857337,-0.012003271913149625,5.009208068327134,2.650213372949203,0.13088073405911074,0.2887282733397406,7.18417239437241,2.8003207796916025,-0.27527537671417246,0.11001467031573582
329,4.270397665747831,3.2000051543972114,0.08045418777932475,0.030767405429780424,1.9493451331409113,9.06594519239797,-0.051583191692509314,-0.24561392670138354,6.170062628531958,8.018322035679315,-0.07085330675166825,-0.020566312652459177,8.741756416579689,4.622896721007242,0.05006457453244618,-0.09400446051339488,7.176476654705794,3.801541983470882,-0.18016172540546238,-0.05397678567961686,3.6051468915831295,2.1602307703727317,0.05438285698417783,0.02626557952621351,2.9091642412695875,8.897171711810765,-0.10750832756057506,-0.046888942435610675,7.624732054335956,5.650757312811072,0.10474872957616935,-0.021237485309743932,6.142991434331113,2.7775700850518596,0.07812019539756661,0.15849457078783158,2.266406596116814,7.873740303760425,-0.05467785979357138,-0.22154885872470845,3.8939428943945362,6.994065948868909,0.10550430418114594,-0.04481633927104326,8.501012546873087,8.38544433263187,-0.02315194137967879,-0.0462037371332837,7.19888551625127,1.7479770806867148,0.1885996029292145,0.12094906591876825,1.1872256902627267,7.709160362102656,-0.07471547359774372,-0.07750355351925284,4.239204683467128,2.2389103230427096,0.1852772024666283,-0.41979293943691887,7.908988068264917,5.1667044264076205,-0.08481698294536572,-0.07885067101013536,2.2428085223967824,6.102299599528362,-0.12113304943739692,-0.02725597320034713,7.062352763526982,4.929682234204976,0.0641673033157381,-0.010946672203012972,5.0157521050300895,2.6646497866161902,0.12328090939213382,0.28713525632040915,7.170408625536701,2.8058215132073894,-0.27047248398453244,0.1059643771234684
330,4.274420375136797,3.2015435246687005,0.08319952519108603,0.030866227451171666,1.946765973556286,9.053664496062902,-0.07439080023733582,-0.23995194999142166,6.166519963194374,8.017293720046691,-0.06312180126827935,-0.01689503720067981,8.744259645306311,4.618196497981573,0.050157658733662874,-0.09908610479513984,7.16746856843552,3.7988431441869013,-0.1690628070867139,-0.04310541554287904,3.6078660344323383,2.1615440493490423,0.06215898622993589,0.029365218867448674,2.9037888248915587,8.894827264688985,-0.11686367143884425,-0.05106388384126463,7.629969490814765,5.649695438545584,0.10833583805411945,-0.02576204371979242,6.146897444100991,2.785494813591251,0.07516473894698505,0.15527415753512028,2.2636727031271353,7.86266286082419,-0.06554683680382146,-0.2208075552454095,3.8992181096035936,6.991825131905356,0.10434636437456539,-0.047535611385379754,8.499854949804103,8.383134145775205,-0.026271588510048932,-0.0434989835928274,7.208315496397731,1.7540245339826532,0.19207652328060057,0.1312762538443454,1.1834899165828396,7.705285184426693,-0.07630747230897209,-0.06988703135610014,4.24846854359046,2.2179206760708636,0.195836792627475,-0.41738423508901035,7.904747219117649,5.162761892857114,-0.08838449863152008,-0.08245407279026384,2.2367518699249125,6.100936800868345,-0.12332238578199664,-0.02662124878637106,7.065561128692769,4.929134900594826,0.067123113668898,-0.009981257913627892,5.021916150499696,2.6790065494322106,0.11554721418310748,0.28526185942458326,7.156885001337474,2.811119732063563,-0.25704921250731,0.09901539121901322
331,4.278580351396352,3.203086836041259,0.08652607345451663,0.030523130193743794,1.943046433544419,9.041666898563332,-0.0964664995071074,-0.23392367889745708,6.16336387313096,8.016448968186657,-0.055538189064681324,-0.013308009934058222,8.746767528242994,4.613242192741816,0.04929697027080944,-0.10367493340353351,7.159015428081185,3.7966878734097573,-0.1576521534955579,-0.03261678694681161,3.6109739837438353,2.1630123102924146,0.07065480579856992,0.03385880372383963,2.8979456413196165,8.89227407049692,-0.1256263722945762,-0.05529572831116953,7.635386282717471,5.648407336359595,0.11173887546807418,-0.029778433790111594,6.15065568104834,2.7932585214680072,0.07248864052576905,0.15221099493263604,2.2603953612869443,7.851622483061919,-0.07666008258905782,-0.21994528716633724,3.904435427822322,6.989448351336088,0.10448407904367378,-0.050034250946615656,8.4985413703786,8.380959196595564,-0.029310631534231253,-0.040759022333760345,7.217919322561761,1.7605883466748704,0.18888582070813562,0.13763460838302452,1.179674542967391,7.701790832858888,-0.07728588739583751,-0.06239052836060911,4.258260383221834,2.197051464316413,0.21590365592589114,-0.41954994731891787,7.900327994186073,5.158639189217601,-0.09081438293115597,-0.08536790526848907,2.2305857506358127,6.099605738429027,-0.12493443549572746,-0.025915608256157345,7.068917284376214,4.928635837699145,0.07068541320357646,-0.009176735932001143,5.027693511208851,2.6932696424034397,0.10771303448368655,0.28367599198239263,7.144032540712108,2.8160705016245133,-0.24326657568604002,0.09239070822631645
332,4.282906655069078,3.2046129925509463,0.09025601999332258,0.029785927048344103,1.9382231085690638,9.02997071461846,-0.11788807952372041,-0.22767544580264565,6.1605869636777255,8.015783567689954,-0.048113034319102556,-0.00979619329833034,8.749232376756535,4.608058446071639,0.04789877457195213,-0.10757433147708755,7.151132820406407,3.795057034062417,-0.14597515207887468,-0.022186159630575113,3.6145067240337636,2.1647052504786064,0.0786389716458714,0.03904766633072268,2.8916643227048877,8.889509284081361,-0.133848029868753,-0.05952545532606878,7.640973226490875,5.64691841467009,0.11494779545515665,-0.033347654914164596,6.154280113074629,2.800869071214639,0.07004215707762128,0.14911416241137626,2.2565623571574913,7.840625218703602,-0.08809218640175237,-0.2189330448603134,3.9096596317745056,6.986946638788757,0.10626426675479343,-0.052163831213389356,8.497075838801889,8.378921245478876,-0.03218963832236583,-0.03799348472162017,7.227363613597167,1.7674700770940217,0.18517097947643185,0.14346209452554065,1.175810248597599,7.698671306440858,-0.07764842556963227,-0.05501981277227789,4.269055566018128,2.176073966950467,0.23496638808598255,-0.41850953623030224,7.895787275039515,5.154370793954176,-0.09207553339557152,-0.08742966848802443,2.224339028861026,6.098309958016219,-0.12587362923621456,-0.02507627157404632,7.072451555036393,4.9281770009025445,0.07487128759119835,-0.008561963614070087,5.033079162933036,2.707453442002559,0.09990297231365786,0.2830536305961978,7.131869211927806,2.820690037035829,-0.2281204066196109,0.08581516777312088
333,4.2874194560687435,3.2061022889033635,0.09449382492770503,0.028150239063817944,1.9323287045928776,9.018586942328326,-0.13866779500214066,-0.22126192269487854,6.15818131196177,8.015293758025038,-0.04085106964033821,-0.006355951410164866,8.751627315485132,4.602679729497784,0.04599523281329563,-0.11076744729260783,7.143834062802464,3.793947726080888,-0.13389841509223757,-0.01255484624699586,3.6184386726160573,2.1666576337951424,0.08494562139038205,0.0442081727729119,2.88497192121145,8.886533011315057,-0.14166915913120035,-0.06366662623010912,7.646720616263632,5.645251031924381,0.11795976679474005,-0.03647425790658002,6.15778222092851,2.8083247793352077,0.06791935069246179,0.14607923601923825,2.2521577478374035,7.829678566460586,-0.09993484104719533,-0.21774835588614153,3.914972845112245,6.984338447228088,0.1098391279683583,-0.053976937638495884,8.495466356885771,8.377021571242796,-0.03487453289903457,-0.03521590026571282,7.236622162570989,1.7746431818202988,0.18074507718429947,0.14861015179261047,1.1719278273191174,7.695920315802244,-0.07747858250687382,-0.0477480133271256,4.2808038854224275,2.1551484901389517,0.2520155933891747,-0.41510609909269847,7.891183498369736,5.149999310529775,-0.09220182259933453,-0.08850688907694693,2.218045347399215,6.097056144437516,-0.12605935581921857,-0.024215341619249292,7.076195119415953,4.927748902721841,0.07969874041471806,-0.008207561916665404,5.038074311548718,2.721606123532369,0.09226411554504976,0.2833402511954155,7.1204631915968255,2.824980795424485,-0.21187390004784118,0.07904723693763542
334,4.2921441473151285,3.2075098008565543,0.09905398370196174,0.026022230124492136,1.9253953148427707,9.007523846193582,-0.15881251835791077,-0.2147143099979925,6.156138758479753,8.01497596045453,-0.03375364209336021,-0.002989912834396395,8.753927077125796,4.597141357133154,0.043597432948884275,-0.11322715011964421,7.137139142047852,3.793319983768538,-0.12148115527988253,-0.003849280168571405,3.6226859536855764,2.168868042433788,0.09005460930291771,0.049481575627712125,2.87788846325489,8.883349680003551,-0.1491197263170791,-0.06772232407354155,7.6526186046033695,5.643427319029052,0.12078649136870989,-0.039151107905113745,6.161178188463134,2.8156287411361696,0.06599604105336553,0.1424725280439699,2.2471610057850437,7.818791148666279,-0.11215700442638768,-0.21638763949478673,3.920464801510663,6.9816396003461625,0.11463948601047924,-0.055860809678111994,8.49372263024082,8.37526077622951,-0.037335393360031194,-0.032438090802271446,7.245659416430204,1.7820736894099294,0.17670547855542088,0.15238256515070278,1.1680538981937736,7.693532915135887,-0.07687939079652092,-0.04054285783529668,4.293404665091886,2.134393185184317,0.2663037714754555,-0.4090800862697128,7.886573407239769,5.145573966075928,-0.08903517869667511,-0.08904636443038161,2.2117423796082543,6.095845377356554,-0.1256227365225486,-0.0233554830579421,7.080180056436689,4.927338524626007,0.08511457750890579,-0.00806319766258192,5.04268751732597,2.73577313609214,0.08553019884516344,0.28360230629908256,7.109869496594434,2.8289331572713667,-0.19447338198811065,0.071941279220932
335,4.297096846500226,3.208810912362779,0.10373874300588916,0.024130124448258367,1.9174546889248751,8.996788130693682,-0.17824417942730392,-0.20805134741230485,6.154451076375085,8.01482646481281,-0.02682646031302192,0.0002963851574754391,8.75610694877324,4.591479999627172,0.04090988447540691,-0.11508635552207808,7.131065084283858,3.7931275197601093,-0.10870171529413042,0.0038884435693836887,3.627188684150722,2.1713421212151736,0.09494964783314823,0.05512419498422515,2.870432476939036,8.879963563799874,-0.15617231925025704,-0.07174700365983286,7.658657929171805,5.641469763633796,0.12354790117293486,-0.04184712675740724,6.164477990515802,2.822752367538368,0.06400356022400742,0.13835867394863013,2.2415531555637243,7.80797176669154,-0.1247339227303542,-0.21485155729780603,3.926196775811187,6.978846559862257,0.12023168803315094,-0.05801313880262228,8.491855860572818,8.373638871689396,-0.03954976589061076,-0.029669388928551754,7.254494690357975,1.7896928176674645,0.17342911703036212,0.15472330791010935,1.1642099286539476,7.691505772244122,-0.07590574780652783,-0.03337845552921682,4.306719853665659,2.1139391808708314,0.2779120144640419,-0.40075580514345205,7.882121648304936,5.141121647854409,-0.08264296350435715,-0.08952400713604565,2.205461242782127,6.094677603203657,-0.12458763071297924,-0.022495119347270436,7.084435785312134,4.926935364742878,0.08407605709824886,-0.007295629396562694,5.046964027268229,2.749953251407094,0.08584334041465864,0.2752304576860588,7.100145827495028,2.8325302212324135,-0.1761261484542514,0.0642882730547123
336,4.3022837836505206,3.210017418585192,0.10822302804757904,0.022638043331373422,1.90854247995351,8.986385563323067,-0.19695715153185334,-0.20130001498027322,6.153109753359434,8.014841284070684,-0.01991996879500129,0.0035203724536990795,8.75815244299701,4.585725681851068,0.03795704019838264,-0.11632964834178666,7.125629998519151,3.7933219419385784,-0.0960253809130269,0.01158778489633567,3.6319361665423795,2.1740983309643847,0.10036092815224289,0.06128967746057879,2.862623860976523,8.876376213616883,-0.1628395860363555,-0.07577023038290777,7.664835324230451,5.6393774072959255,0.12623039144724496,-0.044602857542836716,6.167678168527002,2.8296703012357995,0.062038583957980925,0.13375106540678386,2.2353164594272066,7.797229188826649,-0.13760482008304967,-0.21314780565182376,3.9322083602128446,6.975945902922126,0.12587873042683534,-0.05991127050844284,8.489878372278287,8.372155402242969,-0.04150232166625315,-0.026917108134467682,7.2631661462094925,1.79742898306297,0.17030744408712767,0.15625419779747207,1.1604146412636211,7.689836849467661,-0.074574909081557,-0.026189490894083074,4.320615454388862,2.093901390613659,0.28749304685940474,-0.3903697412398819,7.8779895001297175,5.136645447497607,-0.07445417193130952,-0.09082700350698705,2.199231861246478,6.093552847236293,-0.12299090721606533,-0.021651213969137377,7.088639588167046,4.92657058327305,0.08339135581944312,-0.006234122361515878,5.051256194288961,2.763714774291397,0.08529917496730433,0.2661939204262417,7.0913395200723155,2.835744634885149,-0.15636631464153777,0.055830613124721526
337,4.3076949350529,3.2111493207517605,0.1119658968733723,0.021638144588489023,1.8986946223769174,8.976320562574053,-0.21509498053757156,-0.19429260907335755,6.152113754919684,8.01501730269337,-0.012913655888259195,0.006693457383284536,8.76005029500693,4.5799091994339785,0.03512741213315418,-0.11695512109043876,7.1208287294735,3.7939013311833953,-0.08419121098876771,0.02045351312561996,3.6369542129499917,2.1771628148374136,0.10602725600127338,0.06793212561765086,2.8544818816747055,8.872587702097738,-0.1692003240157676,-0.0797276654990796,7.671146843802814,5.637147264418783,0.12884373437315114,-0.04749532138338094,6.170780097724901,2.8363578545061388,0.060027542242239766,0.1285251361614311,2.228436218423054,7.786571798544058,-0.15069235647764576,-0.21133339649269986,3.9385022967341863,6.972950339396704,0.13100777045946055,-0.06084741537821742,8.487803256194974,8.370809546836245,-0.043182890644443576,-0.02418936657263764,7.271681518413849,1.8052416929528436,0.16740793479130647,0.15674600889972826,1.1566858958095434,7.688527374922957,-0.07240087473938725,-0.018939819673303656,4.334990106731832,2.074382903551665,0.2954644863699886,-0.37836967221770323,7.874266791533152,5.132104097322257,-0.06557383385853272,-0.09274573234286781,2.1930823158856745,6.092470286537837,-0.1208275812208585,-0.02082409176885695,7.092809155958019,4.926258877154974,0.08311274396572436,-0.005115292422001479,5.0555211530373265,2.777024470312709,0.08271041225184546,0.25690502827631645,7.083521204340238,2.838536165541385,-0.13652093028217804,0.04657293965255546
338,4.313293229896568,3.212231227981185,0.1152006241815264,0.021068253171089974,1.8879398733500388,8.966605932120384,-0.23267451071707215,-0.18706902606053827,6.1514680721252715,8.015351975562533,-0.005870324771821283,0.00979450581557509,8.76180666561359,4.574061443379456,0.032641759492692254,-0.11706814738762433,7.116619168924061,3.7949240068396763,-0.07290410143495377,0.029784010807714534,3.642255575750055,2.180559421118296,0.11155429152075409,0.07494284405269991,2.8460218654739173,8.868601318822783,-0.17527803865268948,-0.08359466099761761,7.677589030521471,5.634772498349615,0.13125886205285675,-0.05041608550926452,6.173781474837012,2.8427841113142103,0.0578393823443163,0.12263478127478006,2.2209016005991717,7.776005128719423,-0.16392909223881139,-0.20944469014386344,3.9450526852571595,6.969907968627793,0.1356395680562728,-0.06056841299766006,8.485644111662753,8.369600078507613,-0.044585858812702245,-0.021494976789791665,7.280051915153414,1.81307899339783,0.16481102933631323,0.15637282619785,1.153065852072574,7.687580383939292,-0.06950894119391701,-0.011821368823055319,4.349763331050331,2.0554644199407797,0.3021002185737106,-0.36596409193549195,7.8709880998402255,5.127466810705114,-0.05620608625368576,-0.09469633513507124,2.1870409368246317,6.091429081949394,-0.1181284705638818,-0.020027256178703018,7.096964793156305,4.926003112533874,0.08325078348014678,-0.003985840934788106,5.0596566736499184,2.789869721726525,0.07807427767206775,0.24751360198127442,7.076695157826129,2.840864812524013,-0.11749283736139786,0.03730648641621399
339,4.319053261105645,3.2132846406397397,0.11791576588024448,0.020915406500846084,1.8763061478141851,8.957252480817356,-0.24963039153782335,-0.17997935382290361,6.151174555886681,8.015841700853311,0.0011852148659827486,0.012821893337736097,8.763438753588224,4.568208036010075,0.030628837250408433,-0.11668830586903597,7.112973963852314,3.7964132073800623,-0.06166921598077591,0.038260053555212094,3.647833290326093,2.184306563320931,0.11722795968178867,0.08215508430161844,2.837257963541283,8.864421585772902,-0.18098756347790482,-0.08747179077588357,7.684151973624114,5.632251694074151,0.1327887892320741,-0.053156706517243434,6.176673443954228,2.8489158503779493,0.05553651330752259,0.11618912083266618,2.2127051459872313,7.76553289421223,-0.17718598629084004,-0.20756101144681383,3.951834663659973,6.96687954797791,0.14031291530589993,-0.05998553754658701,8.483414818722117,8.368525329668124,-0.04559023619271571,-0.018810436674494824,7.28829246662023,1.8208976347077224,0.1625307195399799,0.15459259694974353,1.1495904050128782,7.686989315498139,-0.06639208952138684,-0.005021570364240698,4.364868341979017,2.037166215344005,0.3072831482832643,-0.3534872773972515,7.868177795527541,5.12273199394836,-0.04655910876945953,-0.09694082887288805,2.1811345132964375,6.090427719140458,-0.11493040495514195,-0.019265202832441635,7.101127332330313,4.925803820487135,0.0837236014226469,-0.002740740417962192,5.063560387533522,2.802245401825589,0.0716397461621915,0.2380834438429993,7.070820515958059,2.8427301368448235,-0.09930779849678528,0.028080683547609328
340,4.324949049399657,3.214330410964782,0.1199942316250975,0.020967987232999814,1.863824628237294,8.948253513126211,-0.265969560980477,-0.1730438937024641,6.15123381662998,8.016482795520199,0.008248202104151465,0.015784022714564767,8.764970195450744,4.562373620716623,0.023497813545402785,-0.12192490211062934,7.109890503053275,3.798326210057823,-0.0501695383822995,0.045981991748056485,3.6536946883101824,2.188414317536012,0.12364515816096425,0.08966340838828454,2.8282085853673875,8.860047996234108,-0.18632945579484225,-0.09136853346251286,7.690791413085718,5.629593858748289,0.13341729897707588,-0.05574681983670001,6.179450269619604,2.8547253064195828,0.05317096700651532,0.10977451143024804,2.203845846672689,7.75515484363989,-0.19035887355652226,-0.20529119150916744,3.958850309425268,6.963880271100581,0.1451031085209125,-0.05963378471684905,8.481135306912481,8.3675848078344,-0.046039512163174694,-0.016167023764093003,7.296419002597228,1.8286272645552095,0.1605170749639072,0.15141315741996697,1.146270800536809,7.686738236979927,-0.06243348466406128,0.002777003755565592,4.3802324993931805,2.0194918514741422,0.3105843999629232,-0.3411152530399326,7.8658498400890675,5.117884952504715,-0.03675207493261795,-0.0996501926463532,2.1753879930486804,6.089464458998836,-0.11121969432532113,-0.018518333769436783,7.105313512401445,4.925666783466237,0.08442824865076866,-0.0012651185649384244,5.067142374841631,2.8141495740177387,0.06524771276404011,0.22899176409112626,7.065855126033219,2.844134171022204,-0.08172442679792893,0.018777320134990692
341,4.330948760980911,3.215378810326432,0.12149725326766322,0.021226490086102796,1.85052615018827,8.939601318441088,-0.2817056148645064,-0.16628609714670656,6.1516462267351875,8.017271996655927,0.015318730820000388,0.018676773774991003,8.766145086128013,4.556277375611091,0.016928173206981915,-0.12673208190434482,7.10738202613416,3.800625309645226,-0.0400459278857785,0.05330072463556297,3.6598769462182306,2.192897487955426,0.13033888493899465,0.09732411919989953,2.8188921125776454,8.855479569560982,-0.19138095428243398,-0.09537622274481095,7.697462278034571,5.626806517756454,0.13336062799841053,-0.05822928716769223,6.1821088179699295,2.860214031991095,0.050666631290148555,0.10335043904541374,2.194327902994863,7.744890284064431,-0.20338700200167073,-0.20238548984954763,3.9661054648513137,6.960898581864738,0.1499732010171884,-0.05943627976709308,8.478833331304322,8.366776456646194,-0.04595428571678454,-0.013561192327280126,7.304444856345424,1.836197922426208,0.15839786348388574,0.14704797139923503,1.143149126303606,7.686877087167706,-0.05760265225718281,0.011601178606744714,4.395761719391326,2.0024360888221455,0.3115992297624561,-0.32899341172847785,7.864012236342437,5.1129024428723975,-0.026610796129269407,-0.10289365762290235,2.1698270083324145,6.088538542310364,-0.1070553051769666,-0.017766274631988113,7.109534924833983,4.925603527537991,0.08533756928835239,0.0003901510355125684,5.070404760479833,2.825599162222295,0.0589512285916959,0.22014584099518472,7.061768904693323,2.8450730370289534,-0.06506267105728639,0.009145728844755173
342,4.337023623644295,3.216440134830737,0.12240528942515205,0.021665592055926036,1.8364408694450447,8.931287013583752,-0.2966619207855841,-0.15979131204648492,6.152412163276187,8.018205835344677,0.02226680551844857,0.02151533825285193,8.766991494788362,4.549940771515874,0.010987351067599554,-0.13111338949137236,7.105379729739871,3.803290345877004,-0.031237453643091273,0.06026288391157158,3.6663938904651805,2.1977636939154213,0.13688929979924322,0.10497900738277802,2.809323064863524,8.850710758423741,-0.19615555045202493,-0.0995115836861018,7.7041303094344915,5.623895053398069,0.1326938379153598,-0.06050133818169837,6.184642149534437,2.865381553943366,0.04804644202573186,0.09689373386262298,2.1841585528947793,7.734771009571954,-0.2162744873270072,-0.1988310067189734,3.973604124902173,6.957926767876383,0.1548614207760566,-0.059352666621695103,8.476535617018483,8.36609839702983,-0.04536199100889021,-0.011001628250916086,7.3123647495196185,1.8435503209961697,0.15594834206149957,0.14174853770594528,1.1402689936907469,7.687457146098043,-0.05184257002721092,0.021471241375204037,4.411341680879449,1.9859864182357216,0.3104584717397901,-0.31712518147501984,7.862681696535973,5.1077577599912525,-0.016001349663300322,-0.10681831912514445,2.164474243073566,6.087650228578765,-0.10248224982022565,-0.01700153311624736,7.113801803298401,4.9256230350897665,0.08651755461786116,0.0021139626246939915,5.073352321909417,2.8366064542720544,0.052908607679501646,0.21165294279920274,7.058515771140458,2.8455303234711913,-0.04957785671144975,-0.001144633841163636
343,4.343143888115552,3.2175234144335336,0.12272472375501942,0.02226773955130012,1.8216077734057654,8.923297447981428,-0.3106248258945128,-0.1536819786356258,6.1535255035521095,8.019281602257319,0.02903668915110848,0.02430351147390362,8.767540862341741,4.543385102041305,0.00572646742337634,-0.13506411461465861,7.103817857057717,3.8063034900725827,-0.0244986672437268,0.06691075534626015,3.6732383554551427,2.20301264428456,0.1431626663101113,0.11261825381675133,2.7995152873409226,8.845735179239435,-0.20057942395106076,-0.10375582443200386,7.71076500133026,5.620869986488985,0.13147004838734752,-0.06253531036307816,6.187044471635724,2.870226240636497,0.04536730376763231,0.09042042878626227,2.173344828528429,7.724829459236005,-0.22899094904508963,-0.1947996283156674,3.981347195940976,6.954959134545299,0.1592593308643573,-0.059498564135416245,8.474267517468038,8.365548315617284,-0.04429224521495158,-0.008496338673968398,7.320162166622693,1.8506377478814668,0.1532985363666811,0.13645878976743153,1.1376768651893863,7.6885307081668035,-0.045140310844280926,0.03237237285613627,4.426864604466439,1.9701301591619707,0.3073258918916198,-0.30581998042140046,7.861881629052808,5.1024168440349955,-0.005560731863541411,-0.1106962252539086,2.159350130582555,6.086800151922953,-0.0976068171203069,-0.01622570066623003,7.118127681029294,4.925728733221002,0.08792036893163051,0.003914404552901866,5.075997752293392,2.8471891014120145,0.04706699300099956,0.20343387132155114,7.0560368783048855,2.845473091779133,-0.03523301695972932,-0.012134334843999865
344,4.349280124303303,3.2186368014110984,0.12233475254346679,0.022765248112538765,1.8060765321110397,8.915613349049647,-0.3235580220219275,-0.14780522254868025,6.154977338009665,8.020496777831013,0.035624196726858834,0.02702826684303042,8.76782718571291,4.536631896310572,0.0008110925334065136,-0.13849116524987723,7.10259292369553,3.8096490278398956,-0.01965731908739383,0.07291748979195126,3.6803964887706484,2.2086435569753977,0.14884838355008723,0.12019735767403016,2.7894863161433694,8.840547388017836,-0.2046409533639264,-0.10808214077376163,7.717338503749627,5.617743220970831,0.12975865710228568,-0.06433014870961909,6.189312836824105,2.87474726207581,0.04263670881969816,0.0839382657146299,2.1618952810761747,7.715089477820222,-0.2415209435924567,-0.1904127082062762,3.989310162484194,6.951984206338528,0.16305443943600592,-0.05987629169145862,8.47205290520729,8.365123498683586,-0.04277721956945712,-0.006052841232259356,7.3278270934410275,1.8574606873698385,0.1504762821410694,0.13116817756156854,1.1354198496471721,7.69014932680961,-0.03742970647464058,0.04459360044240565,4.44223089906102,1.9548391601409005,0.30350445669343196,-0.29518665931496657,7.861603592459631,5.0968820327723,0.004073624337153628,-0.11420612522777793,2.1544697897265395,6.085988866889641,-0.09246433400511067,-0.015440461159717148,7.122523699475876,4.925924453448647,0.08947525853607978,0.005814372454310538,5.078351101943442,2.857360794978092,0.04144472639550316,0.19542571311461143,7.054275227456899,2.8448663750369327,-0.021886504344048627,-0.023764121186382298
345,4.355396861930476,3.2197750638167255,0.12116293230523417,0.023205150274718117,1.7898986310099434,8.908223087922213,-0.3353759049770018,-0.14217477669580456,6.1567585478460085,8.021848191173165,0.04204965342956803,0.02961086066401955,8.76786774033958,4.529707338048079,-0.003562443353000385,-0.14132207313858772,7.10161005774116,3.8132949023294933,-0.015081417236335826,0.07741519630952842,3.687838907948153,2.214653424859099,0.15364285712365272,0.12768328159013162,2.779254268475173,8.835143280979148,-0.20846711297527074,-0.112404120877612,7.723826436604741,5.61452671353535,0.12765491824298983,-0.0659578615926743,6.19144467226509,2.8789441753615415,0.03973641646785623,0.0774133541917646,2.149819233896552,7.7055688424099085,-0.2538761028155364,-0.1856918575448792,3.9974628844559943,6.948990391753955,0.1662766661600345,-0.06047941865878442,8.469914044228817,8.364820856621973,-0.040850843643916196,-0.0036780232424927575,7.335350907548081,1.8640190962479168,0.14736713548646352,0.12593659332554272,1.13354836432344,7.692379006831731,-0.029161476811268537,0.05823876362084956,4.4574061218956915,1.9400798271751523,0.2988807779942962,-0.2853403773096565,7.861807273676489,5.091171726510911,0.012941233838038638,-0.11676191446748253,2.149846573026284,6.085216843831655,-0.08722980641722004,-0.014627150100689238,7.12699746240268,4.9262151720713625,0.09105695532951678,0.007859038826550127,5.080423338263217,2.8671320806338225,0.0359451410501157,0.18752415036427192,7.0531809022396965,2.843678168977614,-0.009369138530793316,-0.036087994676477435
346,4.361455008545738,3.2209353213304612,0.11916420490910361,0.023725861434051705,1.7731298357610934,8.901114349087424,-0.3464070245024344,-0.1360685218648481,6.158861030517487,8.023328734206366,0.04830272381383203,0.03204002169854399,8.76768961817193,4.522641234391149,-0.007372089497509701,-0.1436161972426703,7.100855986879344,3.8171656621449697,-0.010177530396588396,0.08008334812774427,3.6955210508043357,2.221037588938606,0.15766590875808362,0.13505831851520905,2.7688309128264095,8.829523074935267,-0.21208160606220483,-0.1167745640280131,7.73020918251689,5.6112288204557155,0.12507285508960372,-0.06724241274749641,6.193431493088483,2.8828148430711296,0.03666495447738057,0.0708694980776155,2.137125428755775,7.696284249532664,-0.2660761916145362,-0.1807430280579131,4.005776717763996,6.945966420821016,0.16879357175092635,-0.061440965910575185,8.467871502046622,8.364636955459849,-0.03854893535949046,-0.0013782907138658387,7.342719264322405,1.870315925914194,0.14395991121874235,0.12076314000945022,1.1320902904828767,7.695290945012773,-0.01993684889922401,0.07384367685556026,4.472350160795406,1.9258128083096695,0.2934387498741361,-0.2761380989042286,7.862454335368391,5.085333630787537,0.021087136888938145,-0.1181629211772668,2.145485082705423,6.084485486326621,-0.08199219056367199,-0.013759853624772138,7.131550310169156,4.92660812401269,0.09262793818805541,0.010070919696713568,5.082220595315723,2.8765082881520363,0.030266491430894014,0.17986026038991623,7.052712445313157,2.84187376924379,0.00286054844468581,-0.048794757228738786
347,4.367413218791193,3.222121614402164,0.11629463577141115,0.024377571681672646,1.7558094845359717,8.894310922994181,-0.3566374867555281,-0.12950459835691927,6.161276166708179,8.024930735291294,0.0543780043460729,0.034307449999818766,8.767321013697055,4.5154604245290155,-0.010550112671914798,-0.14549657346987033,7.100347110359515,3.8211698295513568,-0.004592167634375643,0.08153037502496607,3.7034043462422397,2.2277905048643665,0.16095221271041993,0.14226641102590928,2.7582268325232993,8.823684346733867,-0.215539180981071,-0.12113542573176657,7.73646282527137,5.607866699818341,0.12168530668765193,-0.06772249784661238,6.195264740812353,2.8863583179750103,0.03343094764037019,0.06433368561027884,2.123821619175048,7.6872470981297685,-0.2780771949395217,-0.17561867928336075,4.014216396351542,6.942894372525487,0.1699312452332252,-0.06732498631360272,8.465944055278648,8.364568040924155,-0.035908245450032295,0.0008411640440034048,7.349917259883342,1.8763540829146665,0.14024719861791513,0.11565402990739276,1.1310934480379156,7.698983128855551,-0.011109891256191938,0.09061711530923458,4.4870220982891125,1.912005903364458,0.28722855646362033,-0.2674185786334041,7.8635086922128385,5.079425484728674,0.028628590727286532,-0.11847440487616387,2.1413854731772393,6.083797493645382,-0.07681756191849033,-0.012863829200189417,7.136181707078559,4.927111669997525,0.09413117440734232,0.012430475358391882,5.083733919887268,2.8855013011715323,0.024432228985324975,0.1724394783900898,7.052855472735391,2.839434031382353,0.014911223300394887,-0.060563106488830565
348,4.373227950579763,3.2233404929862473,0.11264242784549543,0.025182579068625286,1.7379776101981954,8.887835693076335,-0.36615438604322875,-0.12255992335839747,6.163995066925483,8.026646107791285,0.060276835013211,0.03637586286253687,8.76679350806346,4.508185595855522,-0.025051787145200476,-0.14449125424333714,7.100117501977796,3.825246348302605,0.0017488844209832448,0.0828888413409806,3.711451956877761,2.234903825415662,0.16303165224615696,0.14925469278254877,2.747449873474246,8.817627575447279,-0.218734677257092,-0.12544623443506991,7.742547090605752,5.60448057492601,0.11757281977385169,-0.06742708481723224,6.1969362881943715,2.8895750022555244,0.030139005088638128,0.057914982858880755,2.109917759428072,7.6784661641656005,-0.28981398279514686,-0.17028446106443815,4.022712958613203,6.939528123209807,0.17003054694395003,-0.07338476814808587,8.464148643006146,8.364610099126356,-0.03296586700357253,0.002976687266390242,7.356929619814237,1.8821367844100363,0.13913478185878178,0.11284545736919573,1.1305379534751059,7.703513984621013,-0.0029444140399481934,0.10831731360196682,4.501383526112294,1.898634974432788,0.2801905905102703,-0.2591954801169399,7.8649401217492025,5.073501764484866,0.0355481073503067,-0.11772413983852294,2.1375445950813146,6.083154302185372,-0.07179338657259265,-0.011977961407076423,7.140888265798926,4.9277331937654445,0.09545903886053884,0.014734622169757964,5.084955531336535,2.8941232750910366,0.018694675075904006,0.16550670271383935,7.053601033900411,2.8364058760579116,0.02621919000953185,-0.07096355597341727
349,4.3788600719720385,3.2245996219396784,0.10829080113639185,0.02612633414768608,1.719669890896034,8.881707696908416,-0.36729997725752794,-0.11158567336960314,6.167008908676143,8.028464900934411,0.06599132937568448,0.038244890737900696,8.765540918706199,4.500961033143356,-0.03850758785730909,-0.14321798382633233,7.100204946198845,3.829390790369654,0.008764301937214782,0.08409028816103108,3.719603539490069,2.2423665600547897,0.1636262789857781,0.15595190941253076,2.7365131396113913,8.811355263725526,-0.2216381435562682,-0.12971079365931784,7.748425731594445,5.601109220685148,0.11309771310239916,-0.0666022752771691,6.198443238448803,2.8924707513984687,0.0267994592873562,0.051632505778058765,2.0954270602883143,7.669951941112378,-0.3011718520030059,-0.16467749050090721,4.031214485960401,6.9358588848024025,0.16189545319538054,-0.07980842777075509,8.462500349655967,8.364758933489675,-0.02973964416064078,0.00500827935979835,7.363886358907177,1.887779057278496,0.1376156930391588,0.10963074008535077,1.1303907327731084,7.708929850301112,0.004641881862780841,0.1271712313199005,4.515393055637808,1.885675200426941,0.2723227893208477,-0.25128580144915613,7.866717527116718,5.06761555749294,0.041713583121137814,-0.11660894019440439,2.133954925752685,6.082555404115018,-0.06690051727890292,-0.011094740805249517,7.145661217741953,4.928469924873933,0.09667251305971468,0.01696256872686255,5.08589026509033,2.9023986102267285,0.013134924802080268,0.15918317814933472,7.0549119934008875,2.832857698259241,0.036778900869784234,-0.07977841461861801
350,4.384274612028858,3.2259059386470628,0.10332167626787969,0.027198076790356948,1.7013048920331575,8.876128413239936,-0.36790402451125587,-0.1001144160108137,6.170308475144927,8.030377145471306,0.07153394890207075,0.03991865677721258,8.763615539313333,4.493800133952039,-0.050348394758764015,-0.1415561495193174,7.100643161295706,3.833595304777705,0.016396553021065643,0.08516089682533509,3.7277848534393576,2.2501641555254164,0.16292053354207636,0.16217543042161833,2.725431232433578,8.80486972404256,-0.22420895335272073,-0.13396270626806056,7.754080617249564,5.597779106921289,0.10835174504369383,-0.06547027531886254,6.199783211413171,2.8950523766873717,0.023340549224447074,0.045469776291235685,2.080368467688164,7.6617180665873335,-0.31202761317339317,-0.15882842673192432,4.03930925862017,6.931868463413865,0.15209201649885115,-0.08712693118037919,8.461013367447935,8.365009347457665,-0.026253584554565494,0.0069150295247244024,7.370767143559135,1.8932605942827636,0.13575686593995473,0.1060305774451368,1.1306228268662475,7.715288411867107,0.01472632316698769,0.14212397437333676,4.52900919510385,1.8731109103544832,0.2635848467444393,-0.2437248323050502,7.868803206272775,5.061785110483219,0.04690305965586205,-0.11672400348032516,2.1306098998887397,6.082000667074755,-0.06196195022165099,-0.010215504773925846,7.150494843394939,4.929318053310276,0.09778664121721113,0.019138132300699832,5.086547011330434,2.9103577691341953,0.0077006095229541,0.15316769225167445,7.0567509384443765,2.82886877752831,0.04653540486901748,-0.08693846057022285
351,4.389440695842252,3.2272658424865805,0.09777877324690172,0.02842214208298357,1.6829096908075947,8.871122692439396,-0.3685197274532696,-0.08847827730341433,6.173885172590031,8.032373078310167,0.07690061775225424,0.041389968096832,8.761098119575395,4.486722326476073,-0.06013932193047117,-0.13941417074137236,7.10146298894676,3.837853349618972,0.024583586257092407,0.08610791376858122,3.7359308801164612,2.258272927046497,0.1611538321268952,0.16762919097104442,2.714220784765942,8.798171588729156,-0.22625382368460417,-0.1379365311714295,7.7594982045017495,5.594505593155346,0.1035720854595292,-0.0642818297619537,6.200950238874393,2.8973258655019336,0.01975372163338548,0.03937516895292639,2.0647670870294945,7.653776645250737,-0.32224777872410193,-0.1528323227746289,4.046913859445112,6.927512116854846,0.14196499512653288,-0.0941750127870057,8.459700688220206,8.365355098933902,-0.022716332009208744,0.008738769790987887,7.377554986856133,1.8985621231550205,0.13354585660145663,0.1020913709194534,1.1313591430245968,7.7223946105857735,0.02510658679356316,0.1592254440093002,4.542188437441072,1.8609246687392307,0.2538037588094685,-0.23646353519830735,7.871148359255567,5.055948910309203,0.051191609004574014,-0.11791233932743472,2.1275118023776574,6.081489891836059,-0.05707378969489852,-0.00922571255735666,7.1553841754558,4.930274959925311,0.09883035244736994,0.021252272729302527,5.086932041806581,2.918016153746779,0.002386105540290945,0.14748129924403838,7.059077708687828,2.8245218544997988,0.055393891879019615,-0.09270442875886631
352,4.394329634504597,3.2286869495907298,0.09179045663644621,0.029855594022357778,1.6644837044349312,8.866698778574225,-0.36915981465546094,-0.0766572688297796,6.177730203477643,8.034442576715008,0.08207999539750838,0.04267089920080658,8.758091153478873,4.479751617939004,-0.06769611651426863,-0.13742170611702706,7.1026921682596145,3.842158745307401,0.03328729788600629,0.08694014557703501,3.743988571722806,2.2666543865950493,0.15853253496114375,0.17234860888579262,2.702908093581712,8.791274762170584,-0.22773309809163333,-0.14166245439671313,7.764676808774726,5.591291501667248,0.09878354180306081,-0.06311869829768095,6.201937924956062,2.89929462394958,0.016124178373645603,0.03333067384718298,2.0486546980932894,7.646135029112005,-0.33169839019623176,-0.14676077274809293,4.054012109201439,6.922803366215495,0.13188220785121854,-0.1008979465860341,8.458564871619746,8.365792037423452,-0.01922438085652644,0.010489651574652113,7.384232279686206,1.9036666917009932,0.13098148932204626,0.09786083104621103,1.132614472364275,7.730355882786238,0.03580123511900643,0.1782381574416122,4.554878625381545,1.8491014919793154,0.2431435858105633,-0.22947088665638002,7.873707939705796,5.050053293342831,0.05477248134656448,-0.11987000415245694,2.1246581128929125,6.081028606208191,-0.052262705796950255,-0.008090714485417906,7.1603256930781685,4.931337573561776,0.09980001384709204,0.023340720762039305,5.087051347083596,2.925390218708981,-0.0027905746222580737,0.14200169561075382,7.061847403281779,2.8198866330618553,0.06328143263667571,-0.09718031103575897
353,4.39891915733642,3.2301797292918475,0.08555516221989938,0.031505208259606676,1.646025713702158,8.862865915132737,-0.3698876726773163,-0.06465690699978349,6.181834203247519,8.036576121675049,0.08706635494905733,0.043753615058580594,8.754706347653158,4.472880532633153,-0.07279156746691774,-0.13603364199706222,7.104356533153915,3.846505752586253,0.04247864405452435,0.08765091359681552,3.751915198470863,2.275271817039339,0.15550692235354543,0.17639192535438908,2.6915214386771305,8.784191639450748,-0.22872970749631644,-0.14518197716795242,7.7696159858648794,5.5881355667523644,0.09388136785179262,-0.06195432705679688,6.202744133874744,2.900961157641939,0.012437244781683742,0.027340218547567123,2.0320697785834776,7.638796990474601,-0.3404919006928481,-0.14060577919910364,4.060606219594,6.917758468886194,0.12200179622631009,-0.10727358945193033,8.45760365257692,8.366316520002185,-0.015823248928559366,0.012165900147418893,7.390781354152308,1.9085597332533037,0.12803255995259663,0.09336957151602437,1.1344045341202253,7.739267790658319,0.04647543905129174,0.19878343742131802,4.567035804672074,1.8376279476464963,0.2319758733009312,-0.22294110990438493,7.876446563773125,5.044059793135208,0.057736657211618615,-0.12238286538193625,2.122044977603065,6.08062407048392,-0.04753029108940879,-0.006817879182319943,7.165315693770523,4.932504609599878,0.10078294324074115,0.025425916988874555,5.086911818352483,2.9324903034895184,-0.007608461645349391,0.13622071450220757,7.065011474913613,2.8150276175100672,0.07008029008716093,-0.10040319639111232
354,4.403196915447415,3.231754989704828,0.07916476496924707,0.033284249512636976,1.6275313300682923,8.859633069782747,-0.3706822640594622,-0.05252678287787912,6.186187520994972,8.038763802427978,0.09185201560336374,0.04460874846167322,8.751066769279813,4.466078850533299,-0.08099660726613116,-0.13525624865040983,7.106480465356641,3.850888298266094,0.05205920557319348,0.08820512852697736,3.7596905445885405,2.2840914133070584,0.15211499450031876,0.17983236095765007,2.6800849533023148,8.77693254059235,-0.22922961947515727,-0.14851973706506527,7.7743100542574695,5.585037850399525,0.08892519209235791,-0.06085493083918247,6.2033659961138286,2.9023281685693174,0.009362972432206927,0.018374257657512418,2.015045183548835,7.631766701514646,-0.3488007285698928,-0.13445556594262534,4.0667063094053155,6.9123947894135975,0.1117601133988374,-0.11346420012893418,8.456812490130492,8.366924815009556,-0.012532431787026468,0.013764380304973043,7.397182982149938,1.913228211829105,0.12467764025078198,0.08864079492698838,1.13672830607279,7.749206962529385,0.05643392829050759,0.21893481712579344,4.57863459833712,1.826480892151277,0.22014712590923044,-0.21717829442892106,7.879333396633705,5.037940649866111,0.06015111135883827,-0.12531943516949814,2.1196684630485945,6.080283176524804,-0.04290188723205844,-0.005206103463690583,7.170354840932561,4.9337759054493215,0.1018305704960617,0.027464850698138355,5.086531395270216,2.9393013392146288,-0.012081267577513582,0.1301477205531519,7.068515489417971,2.8100074576905114,0.0760606353214358,-0.10253343007380437
355,4.407155153695878,3.2334192021804595,0.07263896980752298,0.035104102065944984,1.6089972168653193,8.857006730638853,-0.3722123082127949,-0.04045482841892717,6.19078012177514,8.040994239851061,0.09642799978333734,0.045239854873711426,8.747016938916506,4.459316038100779,-0.0855987210047872,-0.13478062765979076,7.1090834256353,3.855298554692443,0.061836358111493045,0.0885621995811454,3.7672962943135566,2.293083031354941,0.14837879394415973,0.18271104234167707,2.668623472328557,8.769506553739097,-0.22918739740744354,-0.1516843529196862,7.778756313862087,5.581995103857566,0.08411422218829279,-0.05978696415075812,6.203834144735439,2.9032468814521932,0.006232376673649608,0.00954544258473753,1.9976051471203404,7.625043923217515,-0.35675299997177495,-0.12871703302691392,4.072294315075258,6.906721579407151,0.10109233782749112,-0.1195008307743285,8.45618586854114,8.367613034024805,-0.00936981306053454,0.015282166111181892,7.403416864162478,1.9176602515754544,0.12099884492800614,0.08364629859636953,1.1395500024873153,7.760153703385675,0.06532218633045891,0.2373928974175415,4.589641954632582,1.815621977429831,0.2102586065625164,-0.2111522503134969,7.882340952201647,5.0316746781076365,0.06222115198715229,-0.12877335408846538,2.1175233686869914,6.08002287135162,-0.038431130582087435,-0.0027136840196660197,7.175446369457363,4.935149147984228,0.10289627584014263,0.029468849566305754,5.08592733189134,2.945808725242286,-0.016270519313320048,0.12370499489473516,7.072318521184043,2.8048807861868212,0.08148159543484197,-0.10445922578538132
356,4.410787102186254,3.2351744072837567,0.06598225900401422,0.03701535983213217,1.5903866014546795,8.854983989217907,-0.3740995868441244,-0.028469373710589385,6.195601521764307,8.043256232594747,0.10078724843639157,0.04564756158701535,8.742737002866267,4.45257700671779,-0.08786411585635256,-0.13534469421327913,7.112175243540875,3.8597266646715003,0.07172208647071546,0.08874278874435565,3.7747152340107646,2.302218583472025,0.1443239707988894,0.1850585085050143,2.657164102458185,8.761922336093113,-0.22844867122367146,-0.154657804571319,7.782962024971502,5.579005755650028,0.07954715747088079,-0.05868908785158548,6.204145763569122,2.90372415358143,0.0030261247394788846,0.000878446671947232,1.9797674971217516,7.618608071566169,-0.36357986564484013,-0.12299702672491483,4.0773489319666325,6.900746537868434,0.09000461773137983,-0.1254035309004996,8.455717377888114,8.368377142330363,-0.006334724432004038,0.016694467342357553,7.409466806408878,1.921842566505273,0.1170087829743423,0.07854710074673822,1.1428161118038382,7.772023348256552,0.07232870189299324,0.2541833082938156,4.600154884960708,1.8050643649141562,0.20209430355777475,-0.20511439516518148,7.885452009801005,5.025236010403213,0.06417669805331726,-0.1323533606729905,2.115601812157887,6.079887187150637,-0.03414235138296405,0.0008096705851742591,7.18059118324937,4.936622590462544,0.10392370010111657,0.031449583810294744,5.085113805925674,2.951993974987023,-0.020225873482331163,0.11678854940103704,7.076392600955785,2.7996578248975523,0.08650588440209375,-0.1062677821409173
357,4.414086215136455,3.237025175275363,0.0591686508940632,0.03908636698701413,1.5716816221124732,8.853560520532376,-0.37579904229906996,-0.016720351256566023,6.200640884186127,8.045538610674097,0.10492016968506597,0.04583902114731651,8.73834379707345,4.4458097720071255,-0.08786571288830351,-0.1368906389300605,7.115761347864411,3.864163804108718,0.08157682935535138,0.08881055226964979,3.781931432550709,2.3114715088972755,0.13992724796060682,0.18687174792298447,2.6457416688970015,8.754189445864547,-0.22713334758773568,-0.15748407000325956,7.786939382845046,5.576071301257449,0.07519996832758073,-0.05758140658834728,6.204297069806096,2.9037680759150275,-0.0002810795815479175,-0.007623471196905384,1.9615885038395096,7.612458220229923,-0.3666809079304017,-0.11687590798566751,4.081849162853201,6.8944763613234095,0.0785516761348718,-0.13113272302331663,8.455400641666513,8.369211865697482,-0.0034124502596979776,0.017943571801196254,7.415317245557595,1.9257699215426098,0.11301983115718742,0.0734079364926689,1.146432546898488,7.784732513671243,0.07739883204748371,0.26870865922212217,4.610259600138597,1.794808645155897,0.19424035001744958,-0.19929151869688067,7.888660844703671,5.018618342369564,0.06631817782862683,-0.13615290308515232,2.1138946945887387,6.079927670679895,-0.029674444207542335,0.004079362723011669,7.1857873682544255,4.938195069653059,0.10487724142465916,0.033447359208489534,5.084102512251558,2.9578334024570747,-0.023992367354139215,0.10937691224383528,7.08071789517589,2.7943444357905065,0.09113882640808568,-0.10802908095384312
358,4.417044647681157,3.238979493624714,0.05218053230513879,0.041399321315968345,1.5528916699975197,8.852724502969547,-0.37781157115069824,-0.005211125739054655,6.20588689267038,8.047830561731462,0.10881383341926358,0.045828002234833964,8.733950511429034,4.4389652400606225,-0.08556287328130316,-0.13890343358115162,7.119840189332178,3.8686043317222003,0.0912070102506799,0.08895350557003273,3.7889277949487394,2.320815096293425,0.1351625439268744,0.18813812431776297,2.634385001517615,8.746315242364384,-0.2253387072403741,-0.16017060724668541,7.790699381261425,5.573192230928032,0.07105515781491879,-0.05648625422144088,6.204283015827019,2.9033869023551824,-0.0036820658506643194,-0.01600391927005411,1.9432544584429894,7.6066144248306395,-0.3663225413366832,-0.11047132184932641,4.085776746659945,6.887919725172243,0.06682661996345456,-0.13664662316920495,8.455230019153529,8.370109044287542,-0.0006141682771568929,0.019032122208635725,7.420968237115454,1.9294403183672433,0.1092904169623651,0.06815003382574251,1.1503024885008621,7.79816794663235,0.08081895662297943,0.2806616830432377,4.619971617639469,1.784844069221053,0.18622990001191828,-0.19361599012587102,7.891976753595102,5.0118106972153065,0.06866760926886101,-0.13996694134692353,2.1124109723783615,6.080131638816046,-0.025052822986238395,0.007105951542932686,7.191031230325659,4.939867437613484,0.10574254701230851,0.035439613353932975,5.082902893883851,2.9633022480692666,-0.027664265674456484,0.10172673506306822,7.085274836496294,2.788942981742814,0.09539256068378435,-0.1098258147280879
359,4.4196536742964145,3.2410494596905126,0.04496415772904702,0.04385786893048317,1.5340010914399849,8.852463946682594,-0.3795822273340603,0.006283594988150622,6.211327584341343,8.050121961843205,0.1125112861134412,0.04555622491511209,8.72967236776497,4.432020068381565,-0.08099289352423261,-0.14106977240488733,7.1244005398447126,3.8730520070007017,0.10051271538078015,0.08882078142786501,3.795685922145083,2.330222002509313,0.13009801809910895,0.18900718285599125,2.6231180661555964,8.73830671200205,-0.22310914968147996,-0.1627217495592717,7.794252139152171,5.57036791821696,0.06710120733529214,-0.05542449833700212,6.204098912534485,2.9025867063916797,-0.007193374356795491,-0.024316654976621874,1.9249383313761552,7.601090858738173,-0.3635438446953572,-0.10428288562426977,4.089118077658117,6.881087394013783,0.05497076139907772,-0.1419397771406386,8.45519931073967,8.371060650397974,0.002082823807227072,0.019969619545053163,7.426432757963572,1.9328478200585304,0.10575279375062366,0.06280343795727424,1.154343436332011,7.812201030784512,0.08319597011258342,0.29196355592250445,4.629283112640064,1.7751632697147595,0.17784053135862085,-0.18791610709700615,7.895410134058546,5.004812350147961,0.0713317025695612,-0.14336041668574018,2.1111583312290496,6.080486936393193,-0.020304088899486455,0.009865867692012486,7.196318357676274,4.941639418281181,0.10650499286446896,0.03737810671749222,5.081519680600128,2.96838858482242,-0.03130391490171803,0.09397020307945425,7.090044464530483,2.7834516910064098,0.09966936568230139,-0.11156638602579308
360,4.421901882182867,3.243242353137037,0.03754406639804193,0.04643194375761778,1.5150219800732818,8.852778126432002,-0.3810529142018934,0.017503764800591494,6.216953148647015,8.052399773088961,0.11600644511359952,0.04499224329824252,8.725622723088758,4.42496657976132,-0.07472233439213347,-0.14301995088652575,7.129426175613752,3.877493046072095,0.10948201189576809,0.08838002943383633,3.8021908230500387,2.339672361652113,0.12506674048725727,0.1897704066884644,2.611962608671522,8.730170624524087,-0.22044740480378391,-0.16513337378971615,7.797607199518936,5.567596693300111,0.06336331177204732,-0.05443598464006337,6.203739243816646,2.9013708736428487,-0.010854654109646023,-0.03257867011071802,1.9067611391413875,7.59587671445696,-0.35897424156513585,-0.09864609262178353,4.091866615728071,6.873990405156752,0.04317609147291119,-0.14688732363762594,8.455303451930032,8.372059131375226,0.004763642916309294,0.02077683826432697,7.4317203976511035,1.935987991956394,0.10226066676423927,0.0573223494232767,1.1585032348376403,7.826799208580637,0.08464404223313071,0.30252443577885246,4.638175139207996,1.765767464359909,0.16883346487035486,-0.18175305276486906,7.898976719187024,4.997644329313673,0.07433205845399399,-0.14613996697733803,2.110143126784075,6.0809802297777935,-0.015402341866486462,0.01225541845985144,7.201643607319498,4.943508323617055,0.10717928642723885,0.03923739202740299,5.079954484855042,2.9730870949763926,-0.03496418137560738,0.08619283480214293,7.095027932814598,2.77787337170512,0.10397816272884355,-0.11330757423157167
361,4.423779085502769,3.2455639503249176,0.029962309389012537,0.04913052523710758,1.4959693343631872,8.853653314672032,-0.3800121295597931,0.028874862514300374,6.222753470902695,8.054649385253873,0.11925397102910303,0.04413496654937668,8.721886606369152,4.417815582216994,-0.06775382424122404,-0.14419816735506857,7.13490027620854,3.8819120475437865,0.11821912745773022,0.08769304618189214,3.8084441600744015,2.349160881986536,0.12018299182180527,0.19051647406899702,2.600940238431333,8.721913955834601,-0.2175605242420745,-0.16745108345173637,7.800775365107538,5.564874894068107,0.059884204675256056,-0.05354843525090965,6.203196511111163,2.899741940137313,-0.01468265699463004,-0.04079284059645296,1.8888124270631306,7.5909444098258705,-0.35282066437151804,-0.09350134937296323,4.094025420301716,6.866646038974871,0.03164167181711132,-0.1513552814769957,8.455541634075848,8.373097973288441,0.007460226150083003,0.02146545719810895,7.436833430989315,1.938854109427558,0.09829112594471355,0.05150406474779776,1.1627354369492968,7.841925430369579,0.08532942524006107,0.31233548622369384,4.646616812451513,1.7566798117216655,0.15941083479871485,-0.1751527167794469,7.902693322109724,4.990337330964807,0.07762302870495816,-0.1482219819925229,2.1093730096907506,6.081593000700786,-0.010346690052740963,0.014450644674677549,7.207002571640859,4.9454701932184255,0.10778799997959462,0.041002094265545484,5.078206275786262,2.9773967367164995,-0.03855811980079068,0.07847250444459136,7.1002268409510405,2.7722079929935415,0.10833494747489439,-0.11510509180689525
362,4.42527720097222,3.248020476586773,0.022261420576470577,0.0519594650549534,1.4769687278851975,8.855097057797748,-0.3769683740433832,0.04018013881878379,6.22871616945415,8.056856133581341,0.12224245813864491,0.043000853047619296,8.71849891515709,4.410605673849241,-0.060544477052751296,-0.14487696539916897,7.140811232581426,3.886296699852881,0.12675391803323452,0.08683713437939165,3.814453309665492,2.358686705689986,0.11544586387697818,0.1912734759216137,2.5900622122192294,8.713541401662015,-0.21450437244966747,-0.16967623753123323,7.803769575341301,5.562197472305562,0.05688450071662549,-0.05267286043489131,6.202462378261432,2.8977022981074905,-0.018683811372686567,-0.04896752151490809,1.8711713938445547,7.586269342357222,-0.34633133533146754,-0.08715438006649426,4.095607503892572,6.859078274901021,0.020480214814948383,-0.15529861711444592,8.455914645383352,8.374171246148347,0.010146012933778224,0.02203762355716101,7.441747987286551,1.9414293126649478,0.09365011197970291,0.04534049856077364,1.1670019082113,7.8575422046807635,0.08605130119075516,0.3222227352464161,4.654587354191449,1.7479221758826933,0.14954677570810052,-0.16822431235883267,7.906574473544972,4.98292623186518,0.08099557089252968,-0.14918586313868565,2.1088556751881136,6.08231553293452,-0.005029320204251201,0.016599370325882136,7.212391971639839,4.947520297931703,0.10833437601421204,0.04266304754140484,5.076278369796222,2.981320361938729,-0.042092033368452915,0.07086441857384856,7.105643588324785,2.7664527384031965,0.11269109296113,-0.11703930071408224
363,4.4263902720010435,3.2506184498395205,0.014461063532727442,0.05492966192045242,1.4581203091830284,8.857106064738687,-0.3726521055546184,0.05125026585893157,6.234828292361082,8.059006176233723,0.12493933287638448,0.04162468955377741,8.715471691304453,4.403361825579283,-0.053011957950654734,-0.14524691194136494,7.147148928483088,3.890638556571851,0.13510654191314403,0.08617487364398418,3.820225602859341,2.3682503794860668,0.11086088423852088,0.19208492359043433,2.579336993596746,8.705057589785453,-0.211269740508945,-0.17180015759192746,7.806613800377132,5.559563829283817,0.05409101988822106,-0.052397277870827944,6.201528187692797,2.895253922031745,-0.022852469703723136,-0.05710100370289446,1.8538548270779813,7.581911623353897,-0.33956942531016243,-0.07964200360904149,4.096631514633319,6.851313344045299,0.009841776649760547,-0.15868008956792093,8.45642194603004,8.375273127326205,0.012798254968451914,0.022499800720150984,7.446430492885535,1.9436963375929865,0.0888673857365646,0.03912338654111555,1.1713044732708378,7.8736533414430845,0.0866953036730502,0.33190550755500414,4.662064692976854,1.7395109602647516,0.13925345290651056,-0.16118469163153204,7.910624252089598,4.975466938708246,0.08443086783035297,-0.14883843611604225,2.108604209177901,6.083145501450814,0.00047418638170441865,0.0185778338191697,7.21780869044055,4.949653450308774,0.10880807908568707,0.04413761681365478,5.0741737681278,2.9848635828674213,-0.04542709690044774,0.06357396660017188,7.111278142972841,2.7606007733674924,0.11699309060781941,-0.11914026553595733
364,4.42711332517768,3.253364932935543,0.006524146287339411,0.05805892700531513,1.4394877039052973,8.859668578031634,-0.36732430303064784,0.06207760082916739,6.2410752590049015,8.061087410711412,0.12733687979358457,0.04001544964025421,8.71282109340692,4.396099479982214,-0.04535786772495817,-0.14558566290260158,7.1539042555787455,3.8949473002540502,0.1436169094854516,0.08546144232103704,3.825768647071267,2.3778546256655884,0.10642829505030275,0.1931145145733781,2.5687735065712984,8.696467581905857,-0.20770117652610065,-0.17372017463319342,7.809318351371544,5.556943965390276,0.05180785316675786,-0.052596267488466235,6.200385564207611,2.8923988718466003,-0.02723151752965564,-0.06518063458444238,1.8368763558124732,7.577929523173445,-0.3328619835033692,-0.07126305086741856,4.097123603465808,6.843379339566903,-0.00012803747196262795,-0.16105805580051877,8.457061858778463,8.376398117362212,0.015398952023910936,0.022856111815098144,7.450873862172363,1.9456525069200423,0.08406878379629036,0.03294427881549528,1.1756392384544903,7.890248616820835,0.08719882694830636,0.34102062161802865,4.6690273656221795,1.731451725683175,0.12860357660999033,-0.15410308688256774,7.914845795481116,4.968025016902444,0.08794710489554901,-0.14728905612281215,2.1086279184969863,6.084074393141773,0.006122966623313039,0.020414448688704668,7.223249094394834,4.951860331149456,0.10918563390467492,0.04541161142709362,5.0719024132827775,2.98804228119743,-0.048373916638001335,0.05699675125645812,7.117127797503232,2.7546437600906946,0.12128481986433015,-0.12125456391686867
365,4.427439532492047,3.256267879285809,-0.0015110470963542854,0.061351201852941815,1.4211214887537649,8.862772458073092,-0.36108258099822005,0.07266855122880461,6.24744210299458,8.063088183193425,0.12942731750386977,0.03818958409587545,8.710553200020671,4.388820196837084,-0.03757973427301954,-0.14589522062641433,7.161085101053018,3.899220372370102,0.15185728291808787,0.08439890207672594,3.831090061823782,2.3875103513942575,0.10215297942284704,0.19436579609186724,2.5583884477449934,8.687781573174197,-0.20379977275624991,-0.17543133252881807,7.811908744029881,5.554314152015852,0.049982378591595926,-0.05317555855834636,6.199023988331128,2.889139840117378,-0.03184825973825568,-0.07317929553629518,1.8202332566373047,7.574366370630075,-0.3262848598017968,-0.06209027080068997,4.0971172015922095,6.835326436776877,-0.009470079083634076,-0.16249604160445072,8.457831806379659,8.377540922952967,0.01792955140941089,0.023110468420098937,7.455077301362178,1.9472997208608172,0.07911553462491414,0.026925204718219548,1.1799991798019056,7.907299647901737,0.08822384020139912,0.3489265213513336,4.675457544452679,1.7237465713390465,0.11764412719955179,-0.1470255933639768,7.919243150725894,4.960660564096303,0.09154449964507122,-0.1446644440074886,2.108934066828152,6.085095115576208,0.011782067409164518,0.02237726968802899,7.228708376090068,4.954130911720811,0.10941497879419652,0.046527204461867686,5.069483717450877,2.990892118760253,-0.05101230916093243,0.05112903793918307,7.123192038496449,2.748581031894851,0.12557789171546446,-0.12335638555551241
366,4.427363980137229,3.259335439378456,-0.00963227382431678,0.06484048644282848,1.4030673597038539,8.866405885634531,-0.355072002797999,0.08239077585176947,6.253913468869774,8.06499766239822,0.13120378215986514,0.03616493110070629,8.70867421330702,4.381525435805764,-0.029685409016671882,-0.14616994427823327,7.168677965198922,3.9034403174739385,0.15983664463102046,0.08296952355602859,3.8361977107949246,2.397228641198851,0.09803188857857348,0.1958248445008822,2.548198459107181,8.679010006547756,-0.1995712721069169,-0.1767858997697417,7.814407862959461,5.551655374087935,0.04857729855626706,-0.05406353616961989,6.197431575344216,2.8854808753405634,-0.036771581417490186,-0.08110413762570978,1.803919013647215,7.57126185709004,-0.31906283917572864,-0.052648256553510936,4.096643697638028,6.827201634696655,-0.018118946988774,-0.1630381280138556,8.45872828395013,8.378696446373972,0.020355782316851076,0.02327497326991654,7.459033078093424,1.948645981096728,0.07391282213375946,0.021220461675631314,1.1844103718119756,7.924745973969303,0.0896912361477826,0.3553709673488102,4.681339750812657,1.7163952916708476,0.10637096811284753,-0.13999189957354102,7.923820375708147,4.953427341895928,0.09510158973379632,-0.1409086461891855,2.10952317019861,6.086213979060609,0.01744222841263494,0.024402254606563745,7.234179125029778,4.956457271943904,0.10945805618856279,0.04752850111993658,5.066933101992831,2.993448570657212,-0.05344352785955323,0.04596153167652304,7.129470933082223,2.7424132126170755,0.13001731532126415,-0.1254136482518382
367,4.426882366446013,3.2625774637005973,-0.017765069813830178,0.068497459760094,1.385313759563954,8.87052542442712,-0.3492651949968716,0.09132206770019057,6.260473657977768,8.066805908953254,0.13266024288910652,0.03396034360388918,8.707189942856187,4.374216938591852,-0.021932803489032492,-0.14640067448680155,7.176669797430473,3.90758879365174,0.16765235881148996,0.08096742495844243,3.841099305223853,2.407019883423895,0.09407355268720748,0.1978694311519094,2.538219895501835,8.670170711559269,-0.19502334122553588,-0.1776916023122553,7.816836727887274,5.548952197279454,0.04756225641518715,-0.055208958162607284,6.195592996273342,2.881425668459278,-0.04207372637705917,-0.08896986084820391,1.7879658716884286,7.568629444262364,-0.3108161491408623,-0.043182235045532494,4.095737750288589,6.819049728295962,-0.025972486276817974,-0.16276906861936935,8.459746073065972,8.379860195037468,0.022671103508996423,0.023348705455326878,7.462728719200112,1.9497070041805096,0.0682931185279884,0.015804458433496267,1.1888949336193648,7.942514522336744,0.09154563313176373,0.36008045289456464,4.6866582992182995,1.7093956966921706,0.09484965402831766,-0.13303342907998594,7.928575455194837,4.946381909586469,0.09860049972875615,-0.1361211083610977,2.1103952816192417,6.0874340917909375,0.023083379259712312,0.026577531891841588,7.239652027839206,4.958833696999901,0.10930063845906583,0.04845867937850463,5.064260925599853,2.995746647241038,-0.05564254772375478,0.041563221864573306,7.135971798848286,2.7361425302044835,0.13471539626329887,-0.12733591387832832
368,4.425994112955322,3.266002336688602,-0.025852548391920846,0.07231277579643758,1.3678504998141103,8.87509152781213,-0.3434146880504271,0.09957751440243247,6.267106670122223,8.068503926133449,0.13379152265566613,0.031595252719620895,8.706093302681737,4.366896904867512,-0.014829272426429495,-0.1466024882470151,7.1850524153710476,3.911637164899662,0.17527704010545433,0.07844640832344173,3.8458029828582134,2.4169133549814905,0.09024431449596049,0.20083837557481007,2.5284687284405583,8.661286131443656,-0.19017222684815646,-0.17801557392929088,7.8192148407080335,5.5461917493713235,0.04681939888447407,-0.0565098290691689,6.193489309954488,2.876977175416868,-0.04774898747222538,-0.09678765895606638,1.7724250642313855,7.566470332510088,-0.3016673115148819,-0.03373119963536671,4.094439125974748,6.810911274864994,-0.03298719896812504,-0.16175291121950636,8.460879628241422,8.381027630310234,0.024868515537905152,0.023332040492867988,7.466143375126512,1.9504972271021843,0.062227851576069804,0.010734057077872068,1.193472215275953,7.960518544981472,0.09402546463360527,0.36343508612155534,4.691400781919715,1.7027440252381714,0.08317903179874155,-0.12623805179569753,7.9335054801812745,4.939575854168414,0.10192211272759934,-0.13040417020818842,2.111549450582227,6.08876296838553,0.028663665196306323,0.02885669634767264,7.245117059762159,4.961256630968826,0.10885100895855752,0.04934854627075302,5.061478798213665,2.9978248083342667,-0.05751732428084268,0.03783040685223753,7.142707568661451,2.729775734510567,0.13966048667639244,-0.12911180986875964
369,4.424701485535726,3.269617975478424,-0.03388038060198478,0.07630320282855066,1.350679765411589,8.880070403532251,-0.33727508665589295,0.10718741597966673,6.273796246255006,8.07008368876943,0.13459324387091423,0.02908966325680418,8.705351839060414,4.359566780455161,-0.008089028693500266,-0.14676727819795587,7.19381626737632,3.915559485315834,0.1826867751294297,0.07545461930284379,3.8503151985830115,2.426955273760231,0.08740708162311675,0.20392636462943034,2.5189601170981506,8.652385352747192,-0.18495362003341437,-0.17771074038580398,7.821555810652257,5.5433662579178655,0.0462486706271756,-0.0578706503274456,6.191101860580877,2.8721377924690645,-0.0535919581563961,-0.10462632763029696,1.7573416986556414,7.56478377252832,-0.291731551016835,-0.024327017946342733,4.092789766026342,6.802823629304019,-0.03909975401003426,-0.16001828548511754,8.462123054018317,8.382194232334877,0.026937725799011644,0.023229343680621992,7.469254767705316,1.951033929956078,0.05571795446322343,0.006041240716087133,1.1981734885076332,7.97869029928755,0.09703509500076511,0.36577547497838353,4.695559733509652,1.6964321226483865,0.07136429894914362,-0.11954523920390638,7.938601585817654,4.933055645658005,0.10503658170445461,-0.12391711732051028,2.1129826338420425,6.090205803202914,0.03409423469603739,0.031190419170040784,7.250559610210087,4.963724058282364,0.10815237807426778,0.050120434383402336,5.058602931999623,2.9997163286768784,-0.059158858922227754,0.03464039047824556,7.14969059299527,2.723320144017129,0.14484439986258496,-0.1308129005398817
370,4.423007466505627,3.2734331356198516,-0.0417386197162693,0.08047703782298597,1.3338160110787942,8.885429774331234,-0.33072569103507005,0.11411979752020361,6.280525908448551,8.07153817193227,0.1350619423874023,0.026464269948105048,8.70494738762574,4.352228416545263,-0.0012850616348416659,-0.14687064742510075,7.2029506061327915,3.9193322162809765,0.1898196227365655,0.07208971247026799,3.8546855526641672,2.4371515919917024,0.0856351193529761,0.20706775329904037,2.5097124360964798,8.643499815727901,-0.17914790299728633,-0.17680111939668994,7.8238682441836165,5.540472725401493,0.04578784439414624,-0.05921372132250819,6.188422262673058,2.8669064760875496,-0.05950729185955639,-0.1125230229163325,1.7427551211047996,7.563567421631003,-0.28108685138371353,-0.015001642538408544,4.09083477832584,6.794822715029762,-0.04430016278166836,-0.1575774203335334,8.463469940308267,8.383355699518908,0.028870502518343385,0.02304499670067237,7.472040665428477,1.9513359919918822,0.04881628496096513,0.001531640464174062,1.2030252432576714,7.996979073036469,0.10033044023265579,0.36712195032998535,4.699127948457109,1.6904548606881913,0.05978516090860102,-0.1122546188471082,7.943853414902877,4.92685978979198,0.10803587364597816,-0.11668344771167888,2.1146873455768445,6.0917653241614165,0.03935339651108465,0.03357662537224978,7.2559672291138,4.966230080001534,0.10721910158489076,0.050778132290119994,5.055644989053511,3.0014483482007908,-0.060680334907874,0.031794291600755996,7.1569328129884,2.716779498990135,0.1502699540039872,-0.1324443804364867
371,4.420920535519814,3.277456987511001,-0.04925283274183921,0.08484589921512636,1.3172797265270406,8.891135764207243,-0.32358277322319945,0.12036368543641092,6.287279005567921,8.072861385429675,0.13519546796757007,0.023740349416534134,8.704883134543998,4.344884884174008,0.0056008126365511566,-0.14692060493588316,7.21244158726962,3.92293670190449,0.19657916943370524,0.06845964990506051,3.858967308631816,2.4475049796566544,0.08478849386099936,0.21023623935775237,2.5007550409466153,8.634659759758067,-0.1726710551698518,-0.1753010875789855,7.826157636403324,5.537512039335367,0.04525494422465447,-0.06050914436453733,6.185446898080079,2.861280324941733,-0.06552887382226105,-0.1205216451251662,1.7287007785356139,7.5628173395040825,-0.27012861194756393,-0.005889571292499807,4.088619770186757,6.786943844013086,-0.04863239562947815,-0.15445021309903156,8.464913465434185,8.384507949353942,0.03066032718293613,0.02278367925105051,7.474481479676525,1.951412574015091,0.04161236477539918,-0.0032828833668358034,1.208041765269304,8.015335170552968,0.10386133706023433,0.3669607262269183,4.702117206502539,1.6848421297458358,0.0485999678467724,-0.10436747371528181,7.949255208585176,4.9210256174063955,0.11091952959640522,-0.1088378216852869,2.1166550154023986,6.093444155430029,0.044640611252195456,0.03558280428029984,7.261328184193045,4.968768986616039,0.10600872310195295,0.051426740861038434,5.052610972308117,3.0030380627808286,-0.06206175487945927,0.029260111279956647,7.164446310688599,2.7101572799683105,0.1559145250400876,-0.13391623620728324
372,4.418457893882722,3.2816992824717572,-0.056269317181212225,0.08932886624910864,1.3011005878658806,8.897153948479064,-0.315925276592054,0.12590501936511517,6.2940387789663,8.074048402900502,0.13498802033442284,0.0209456140966217,8.705163175175825,4.337538853927214,0.012545962237056986,-0.1469370258918275,7.222270545741305,3.9263596843997433,0.20288979778825464,0.06464733123729108,3.863206733324866,2.458016791624542,0.08461403218332889,0.21337066620485262,2.492121488188123,8.625894705379118,-0.16589707967832804,-0.17348133039310912,7.8284203836145565,5.5344865821171405,0.04448295492380741,-0.061849378178508614,6.182170454388967,2.855254242685475,-0.07154533872621174,-0.1289965889120257,1.7151943479382357,7.562522860939458,-0.25811954858448866,0.003319916294713709,4.086188150405283,6.779221333358135,-0.052205001552296335,-0.1506536259596635,8.466446481793332,8.385647133316494,0.032303229378389774,0.022449629978699544,7.476562097915295,1.9512484298467492,0.03393218112633607,-0.008406580215585917,1.2132348321223159,8.033683206864314,0.10785997239699104,0.36459797780518965,4.704547204894878,1.6796237560600717,0.03788239557494852,-0.09578308536980185,7.954801185064996,4.915583726322131,0.11367940458102722,-0.1005373973180975,2.118887045965008,6.095223295644043,0.04980555675030432,0.03728693441577643,7.2666286203481425,4.971340323659091,0.10455954755041924,0.05203117158683644,5.049507884564144,3.0045010683448266,-0.06329055119763269,0.02700512805598194,7.172242036940603,2.703461468157946,0.16179494010716428,-0.13529765236044597
373,4.415644428023661,3.2861657257842127,-0.0628071882439678,0.09391497167029414,1.2853043240362778,8.90344919944732,-0.3080536234524628,0.13116547236577988,6.300788179983021,8.075095683605333,0.13444081356006884,0.01809768237630529,8.705790473287678,4.330192002632622,0.0195359568821757,-0.14693997917828483,7.2324150356307175,3.929592050961608,0.20878652515649024,0.06061670012721894,3.8674374349340326,2.4686853249347847,0.08514426206473472,0.21643500711665825,2.4838266342042066,8.617220638859463,-0.16002285157337903,-0.1724214758968387,7.830644531360747,5.531394113208215,0.04346081386953476,-0.0632220667215601,6.178593187452656,2.8488044132398733,-0.07743779467659112,-0.13726514416576982,1.7022883705090113,7.5626888567541934,-0.24513172927048565,0.012565179334779474,4.083577900327668,6.771688652060152,-0.05503060630400246,-0.14621404440155517,8.468061643262251,8.38676961481543,0.033797265620755614,0.022046298525718905,7.478258706971611,1.9508281008359698,0.02576726121352098,-0.013865053257239551,1.2186278307421654,8.051913105754574,0.11248725494196155,0.3597936813861652,4.706441324673625,1.6748346017915816,0.02763095844735834,-0.08655520453426871,7.960485155294047,4.9105568564562265,0.11638249422057172,-0.09179697295329227,2.1213773238025233,6.097087642364832,0.05475493571758948,0.038914976241964994,7.271856597725663,4.973941882238433,0.10312223332319584,0.05245695862407492,5.046343357004262,3.0058513247476255,-0.06442871567319287,0.02503762548433954,7.180331783945961,2.696696585539924,0.16792498650461185,-0.13663286746332717
374,4.4125040686114625,3.2908614743677274,-0.06930569639931372,0.09882426688649687,1.2699016428636547,8.910007473065608,-0.2994183156040093,0.1356201838179064,6.307510220661024,8.076000567724149,0.13355769773203158,0.015211465847591586,8.706767271131787,4.3228450036737085,0.026505803667244213,-0.1469739749377254,7.242854361888542,3.9326228859679686,0.2142847626918477,0.05647421196052907,3.8716946480372694,2.4795070752906176,0.08651789319936397,0.21946591205791907,2.4758254916255376,8.60859956506462,-0.15506281417802095,-0.17264197981100868,7.832817572054224,5.528233009872137,0.04218530241101864,-0.06462360987314734,6.174721297718826,2.841941156031585,-0.08311471874134656,-0.14524359020234703,1.690031784045487,7.563317115720932,-0.23131708177473903,0.02148557694425175,4.080826370012469,6.764377949840074,-0.05713952406187123,-0.14121324115446102,8.46975150654329,8.387871929741715,0.0351413969265694,0.02157734310389862,7.479547070032288,1.9501348481731078,0.004140015370110484,-0.029516064724219533,1.2242521934892634,8.069902789823882,0.11728020859708525,0.3523160335749908,4.707822872595993,1.6705068415648683,0.0178424154614422,-0.07669655978057417,7.966304280005076,4.905967007808562,0.1108577989284565,-0.06981803586384906,2.124115070588403,6.09903339117693,0.05947723961473189,0.04048335679896563,7.277012709391823,4.976564730169637,0.10171200940702285,0.05269189454569177,5.043121921220602,3.0071032060218426,-0.06553127531419649,0.023149976745418854,7.188728033271192,2.6898649421667575,0.17430946054368962,-0.13791185154432725
375,4.409038783791496,3.2958026877120523,-0.07574874839316062,0.10405208485403093,1.2549307270834542,8.916788482256504,-0.2900229084637543,0.13906689131991387,6.314188105547625,8.07676114101653,0.13234387447315477,0.012300780867139524,8.708092561315148,4.315496304926822,0.03367913027876307,-0.1468898171548858,7.253568600023134,3.935446596565995,0.21949365841983975,0.05195895038494942,3.8760205426972374,2.4904803708935135,0.08878592928175094,0.222413803375227,2.4680723509166365,8.59996746607407,-0.1502085288335395,-0.1741293774929304,7.834926837174775,5.525001829378479,0.04111900623589638,-0.06528351026462172,6.170565561781759,2.8346789765214675,-0.08927039923386688,-0.1532579465472853,1.6784659299567501,7.564391394568145,-0.21689962419417264,0.029946732686658595,4.077969393809375,6.75731728778235,-0.05856589934666222,-0.13575073585858832,8.471508576389619,8.38895079689691,0.03633251901142544,0.021047462049363114,7.4797540708007935,1.9486590449368968,-0.018528447621603994,-0.045999788841498586,1.2301162039191176,8.087518591502631,0.12203016644170024,0.3440323342711254,4.708714993369065,1.6666720135758395,0.008147961387536255,-0.06619899197790655,7.971847169951499,4.90247610601537,0.10747637490375538,-0.05066645254990711,2.1270889325691393,6.101057559016879,0.06395103163123808,0.04200644741855949,7.282098309862174,4.979199324896922,0.10027714493069972,0.052662587436620834,5.039845357454892,3.0082607048591137,-0.06679960441301717,0.021160627581350157,7.197443506298376,2.6829693495895413,0.18097503157764425,-0.13917838123480153
376,4.405251346371839,3.3010052919547537,-0.0819326516849821,0.10956122184374364,1.2404295816602664,8.9237418268225,-0.2798121872690102,0.14152095219479324,6.320805299271283,8.077376180059886,0.13080059995132706,0.009392733392218775,8.709776517829086,4.3081518140690775,0.0410683724808066,-0.1466817096564114,7.264543282944126,3.9380445440852427,0.22444102982818306,0.04707776844451306,3.880459839161325,2.5016010610622748,0.09079390582863453,0.22422012939946132,2.4605619244749595,8.591260997199424,-0.14538175848320248,-0.17656771354493092,7.83698278748657,5.521737653865248,0.04035857427567127,-0.06528404024973991,6.166102041820065,2.8270160791941032,-0.09537453213946934,-0.16136148783208487,1.6676209487470415,7.565888731202477,-0.20265415581610563,0.03779798539151737,4.075041098842042,6.750529750989421,-0.05935159324545925,-0.12986304418197164,8.47332520234019,8.390003169999378,0.037369250537681045,0.020464220681650498,7.478827648419713,1.9463590554948218,-0.04150184350564101,-0.06270001490999529,1.2362177122412026,8.104720208216188,0.12672070739617086,0.3353426230282112,4.7091223914384415,1.6633620639769442,-0.0009820739532497257,-0.05497639774653944,7.977220988696686,4.899942783387875,0.1058835685495903,-0.033362392686816594,2.130286484150701,6.103157881387807,0.06816295511127196,0.043493825170178115,7.287112167108709,4.981832454268753,0.09880422288868751,0.052398715182912295,5.036505377234241,3.009318736238181,-0.06810902793417825,0.01919031018035824,7.206492257877259,2.676010430527801,0.1879478854170417,-0.1400579680022068
377,4.401154713787589,3.306483353046941,-0.08772392726073912,0.11530559750475916,1.2264389722968159,8.93081787443224,-0.2694130200293442,0.14328454094366552,6.32734532926885,8.077845816729496,0.12892864641922733,0.006514588822523779,8.711829936453126,4.3008177285862565,0.048708980880913036,-0.14636133569191542,7.275765334435535,3.9403984325074686,0.22904841634272755,0.041939389481638646,3.884999534452757,2.5128120675322476,0.09204383571867111,0.22468286945381538,2.4532928365507995,8.582432611522178,-0.1410664809216571,-0.17980062738176775,7.839000716200354,5.518473451852761,0.039948805381356506,-0.06467626905613127,6.161333315213092,2.818948004802499,-0.10145533131675835,-0.1696031390392935,1.6574882409562361,7.567778630472053,-0.1890027192487991,0.04501081125607083,4.072073519179769,6.744036598780323,-0.05961949414451187,-0.12359846414080153,8.475193664867074,8.39102638103346,0.03825108523838466,0.01983479018458531,7.476752556244431,1.943224054749322,-0.06471367286994079,-0.07952988406111071,1.2425537476110111,8.121487339367599,0.13131181886245943,0.32667204487626994,4.709073287740779,1.6606132440896173,-0.009541183223822388,-0.0431086003718141,7.982515167124165,4.898274663753534,0.10569053406460781,-0.018368458353492163,2.133694631906265,6.105332572646316,0.07210350683928214,0.04495517431848139,7.2920523782531435,4.984452390027899,0.09726279722843494,0.0519291592442959,5.033099925837532,3.010278251747199,-0.06941967335055722,0.017265234194866964,7.215889652148111,2.669007532127691,0.19523572447210302,-0.1402934803659312
378,4.396768517424552,3.312248632922179,-0.0931007061762636,0.12138697782733474,1.2129683212953486,8.937982101479424,-0.2589282187965294,0.14445202950747135,6.333791761589811,8.078171546170623,0.12673291673141737,0.003689913344482607,8.714265385497171,4.293499661801661,0.05686420460813929,-0.14601853846005497,7.287217755252671,3.9424954019815504,0.23380830432116212,0.03656845331141827,3.8896017262386904,2.524046211004938,0.09263184783283833,0.22401642894269302,2.4462395125047167,8.57344258015309,-0.136772126080544,-0.18375353254493665,7.840998156469421,5.5152396383999545,0.03975297245830181,-0.06369881798126284,6.156260548647254,2.8104678478505343,-0.10746323401348706,-0.1781160480046427,1.6480381049937962,7.570029171034856,-0.1759947192921913,0.051481444554229476,4.069092544472543,6.7378566755732825,-0.05948718412656849,-0.11702428118339071,8.477106219128993,8.39201812054269,0.038977356286572874,0.019166283627463438,7.473516872600934,1.9392475605462665,-0.08821838753773788,-0.09638782998014758,1.2491193385541342,8.137820941611412,0.13589292568912245,0.31788061085646596,4.708596228579587,1.6584578140710267,-0.01770460706005362,-0.031242772185540522,7.987799693827395,4.897356240835859,0.1058190234248211,-0.004429602228614233,2.1372998072482288,6.10758033136224,0.07576802796722136,0.04639632308014125,7.296915518114565,4.987048847990113,0.09986328045223082,0.051330220993381685,5.029628942170004,3.0111415134569426,-0.0691049537480916,0.011321054823867627,7.225651438371717,2.6619928581093943,0.20288571389823903,-0.14012516677931244
379,4.392113482115739,3.3183179818135455,-0.09802229634056739,0.12781914228775534,1.200021910355522,8.945204702954797,-0.24787392200497588,0.14527740529165986,6.340128407426382,8.078356041837846,0.12421401028710623,0.0009687502727906169,8.717108595727579,4.286198734878658,0.06573470940464426,-0.14567230800065545,7.298908170468729,3.944323824647121,0.2386038776004237,0.030956562384461137,3.894233318630332,2.535247032452073,0.0923424609494603,0.22259503073887305,2.4394009062006896,8.564254903525843,-0.13280535985723257,-0.18835531473275613,7.8429858050923364,5.512054697500892,0.03987350906878594,-0.06247319700740758,6.15088738694658,2.8015620454503023,-0.11343311639742967,-0.1869443474972403,1.6392383690291867,7.572603243262568,-0.16366948160078887,0.057184926213522655,4.066118185266214,6.732005461514113,-0.05900133362848824,-0.11021195829859266,8.479055086943323,8.392976434724064,0.03954802195899433,0.018464769508181073,7.469105953224047,1.9344281690472591,-0.09818680393054108,-0.10440162455130886,1.2559139848385903,8.153714972154235,0.1401547781174395,0.3088823755413815,4.707710998226585,1.6568956754617497,-0.025557323803999693,-0.019576860958075846,7.993090644998636,4.897134760724429,0.11168846974714298,-0.0046825802433739525,2.1410882086465897,6.109900147516248,0.07906113057435236,0.047766614585150184,7.301908682137176,4.9896153590397825,0.101922926030496,0.050839555324760026,5.026173694482599,3.011707566198136,-0.06897732716511144,0.005109027825466939,7.235795724066628,2.6549865997704285,0.2109070171645259,-0.13973617743786718
380,4.3872123672987104,3.3247089389279334,-0.10196690081189326,0.13443792591073547,1.1876282142552732,8.95246857321938,-0.2354341450479408,0.1460532615835351,6.346339107940738,8.078404479351486,0.12136520293730517,-0.0015625794558723509,8.72039533119781,4.278915119478626,0.07503174503916193,-0.14456579573351291,7.31083836434875,3.945871652766344,0.24343732963144005,0.025149290412162514,3.8988504416778054,2.546376783989017,0.09129378539744977,0.22056278113172725,2.432760638207828,8.554837137789205,-0.12933439997032403,-0.19324670396861027,7.844979480545776,5.508931037650521,0.04062426048964146,-0.06143975332923714,6.145215731126708,2.79221482807544,-0.11922549465911504,-0.1957498795056498,1.6310548949491472,7.575462489573244,-0.15219697477963332,0.0615941876338918,4.06316811858479,6.726494863599184,-0.05815452559728687,-0.10321386263719091,8.481032488041272,8.393899673199472,0.039959704162406386,0.017737258078021862,7.46419661302752,1.9292080878196938,-0.10727775352551559,-0.11188058962513278,1.2629217237444623,8.169159090931304,0.14415943650355076,0.2997397807568833,4.706433132036384,1.6559168324138458,-0.033129024019339356,-0.008296804123854959,7.998675068485993,4.89690063171226,0.11769700350804825,-0.004364735005932592,2.1450412651753075,6.112288478245505,0.08181542507410727,0.04899565425791234,7.307004828438701,4.99215733680602,0.10342528308127248,0.05024406147725577,5.0227248281243435,3.011963017589409,-0.06929339457760705,-0.001330552197821788,7.246341074924855,2.647999790898535,0.21894155936747542,-0.1394707887581765
381,4.382114022258116,3.33143083522347,-0.10484153634439163,0.14107371175863778,1.1758565070028761,8.959771236298556,-0.2216814088967224,0.1470859721245748,6.3524073680876025,8.078326350378692,0.11820296046513339,-0.003906834791501337,8.724146918449769,4.27168682969195,0.08470284154289652,-0.1427841817950025,7.323010230830322,3.947129117286952,0.2477732676529807,0.019213712736462326,3.903415130947678,2.557404923045603,0.09013283555630806,0.218192542082531,2.426293918209312,8.545174802590774,-0.12636411760941266,-0.19843360409256408,7.847010693570258,5.50585904998406,0.04211075376421097,-0.06060861377589885,6.139254456393752,2.7824273341001575,-0.12494297670440789,-0.20446336406113266,1.6234450462101655,7.578542198954938,-0.14171846332695845,0.06549646386673043,4.060260392304926,6.721334170467324,-0.05694388112862175,-0.09606361047378073,8.483030473249393,8.394786536103373,0.04020468819312996,0.016990311808375576,7.458832725351244,1.9236140583384371,-0.11523436563565354,-0.11862712760855029,1.27012969556964,8.184146079969148,0.1480983986501906,0.2904664431840703,4.704776680835417,1.655501992207653,-0.04045854311237601,0.0024933286073443063,8.004559918661396,4.896682394961963,0.1237079959605505,-0.003711999558421515,2.149132036429013,6.114738260958401,0.08389794169963084,0.0500065301274547,7.312176092592765,4.994669539879883,0.10438869791422212,0.04953259114712173,5.019260158395463,3.011896489979518,-0.06998199101994886,-0.007945898867972544,7.257288152893229,2.641026251460626,0.22577441530734052,-0.13918137195606076
382,4.376871945440897,3.338484520811402,-0.0972239629043167,0.14513568597116505,1.16477243655804,8.967125534904785,-0.19847992838887174,0.1437013644667846,6.358317516110859,8.078131008639117,0.11474408243972083,-0.006067356574436003,8.728382060526913,4.264547620602199,0.09482104291790415,-0.1405635070045605,7.335398894212971,3.948089802923775,0.25282734031616866,0.01642036322454092,3.9079217727254933,2.5683145501497298,0.08993228045527103,0.2155855232094355,2.4199757123288412,8.535253122386145,-0.1241807745118451,-0.2038028407853503,7.849116231258469,5.502828619295265,0.04439659598916653,-0.059999298821990524,6.133007307558532,2.772204165897101,-0.13059974843876476,-0.2128306842112696,1.6163591230438177,7.581817022148275,-0.1321220350518501,0.0689873711930711,4.0574131982484944,6.716530989943635,-0.05538420750637119,-0.08880140365114698,8.48504070765905,8.395636051693792,0.040276104988383715,0.01623023463548527,7.453071007069461,1.9176827019580096,-0.12207468556716064,-0.12462746051539253,1.2775346155021494,8.19866940212835,0.15136098814954496,0.28136075112526865,4.702753753679798,1.6556266586380202,-0.047630768528082644,0.012701195484661736,8.010745318459424,4.896496794984042,0.12976175474567908,-0.002703551088037632,2.1533269335139944,6.117238587464773,0.08509986228347503,0.05205505292021126,7.317395527488475,4.997146169437239,0.10492332885358654,0.04861225715443188,5.015761058844466,3.0114991950361194,-0.07082575325380219,-0.014229427970774821,7.268576873658596,2.634067182862823,0.23130990351050842,-0.13876776512798214
383,4.372010747295681,3.3457413051099603,-0.0900042415274208,0.1488002372739557,1.1548484401385966,8.974310603128124,-0.17602079243926008,0.14199147316986144,6.364054720232845,8.077827640810396,0.11100580056387206,-0.008048340226610476,8.733123112672809,4.257519445251972,0.1066792782174914,-0.13839189801263954,7.348040261228779,3.948910821085002,0.2577497835719508,0.01343704327890751,3.9124183867482567,2.5790938263102015,0.09086155821804169,0.21259596042231993,2.413766673603249,8.525062980346878,-0.12330506195321797,-0.20912222117301413,7.8513360610579275,5.4998286543541655,0.04736053343564156,-0.05956249759145561,6.126477320136593,2.7615626316865374,-0.13612667145447846,-0.22072446334005952,1.6097530212912252,7.585266390707929,-0.123336016859082,0.07211477437784264,4.054643987873176,6.712090919761078,-0.05349962151486939,-0.08147696063867102,8.487054512908468,8.396447563425566,0.040167020665335125,0.01546351377987669,7.446967272791103,1.91145132893224,-0.12780405203356365,-0.12991118540455174,1.2851026649096267,8.212737439684615,0.1536219990794871,0.2727761184007451,4.7003722152533935,1.6562617184122532,-0.05493620585451392,0.02220586017396418,8.017233406196707,4.8963616174296405,0.1360048089419176,-0.001240055427464388,2.157581926628168,6.119841340110784,0.0861224242955514,0.05386681414299101,7.322641693931155,4.999576782294961,0.1051436078766378,0.04742948465585405,5.012219771181775,3.0107877236375806,-0.07161363017271413,-0.02016432466340845,7.280142368834121,2.627128794606424,0.23539237836807717,-0.13817342323337042
384,4.36751053521931,3.353181316973658,-0.08327102220187835,0.15195969211139715,1.1460474005166335,8.981410176786618,-0.15449092270401915,0.14111726125129878,6.369605010261039,8.077425223799066,0.10700560209530612,-0.009854199471970373,8.738457076583684,4.25059985035134,0.11181566936546256,-0.13458752687919284,7.3609277504073765,3.949582673248947,0.26224808315574344,0.010243676378821107,3.916961464659159,2.5897236243313175,0.09286427241984967,0.20916824370519593,2.4076014205055882,8.514606869288228,-0.12362395760610817,-0.21376033537205644,7.853704087729709,5.496850529474592,0.05039796638935688,-0.058916370808934006,6.119670986563869,2.7505264085195344,-0.14392028572278137,-0.225373513501302,1.6035862204482711,7.588872129426821,-0.11533280583765866,0.07486991843005011,4.0519690067974325,6.708017071729144,-0.05129244400997227,-0.07412939772954474,8.489062863941735,8.39722073911456,0.03987274396591133,0.014696199112994532,7.440577070189425,1.9049557696620123,-0.13253561066939454,-0.13450683725465606,1.292783764863601,8.226376245604651,0.1549280839954827,0.26466001096671077,4.697625404960668,1.6573720114209514,-0.06254643898258475,0.03075143546488253,8.024033646643803,4.896299614658267,0.1425048608575632,0.0006342519293104192,2.1618880478429454,6.1225346808179335,0.08699951744676314,0.055380651886541545,7.327898874324987,5.001948256527753,0.10505188042614781,0.04598821277334983,5.00863908967314,3.00977950740441,-0.07259154160033121,-0.02583468700183218,7.291911987752525,2.6202201234447555,0.2380063795527791,-0.13736920337278688
385,4.363346984109216,3.360779301579228,-0.06670193082223586,0.15090193607115185,1.1383228543814325,8.988466039849182,-0.13348832459715804,0.14081374594835014,6.374955290365804,8.076932513825467,0.10274793018776197,-0.011493731956084543,8.744047860051957,4.24387047400738,0.11691440006369044,-0.1301265479986682,7.374040154565163,3.950094857067888,0.26627511414527116,0.00691831797311184,3.9216046782801515,2.6001820365165775,0.0954269230854905,0.20542606778339817,2.401420222625283,8.503918852519625,-0.12422199373141049,-0.21728968694921919,7.856223986049177,5.493904710934146,0.053404723812638555,-0.05783974356562379,6.11247497227773,2.7392577328444694,-0.15014968076961155,-0.22880633461119293,1.5978195801563881,7.592615625348323,-0.10816057297137142,0.07706450314988683,4.049404384596934,6.704310601842667,-0.048774904374671635,-0.066795458952098,8.49105650114003,8.397955549070211,0.03939708772473282,0.013933455377308588,7.4339502896559555,1.8982304277992794,-0.136566071161171,-0.1385283741860516,1.300530169063375,8.239609246152988,0.15535660376598573,0.2568454151183889,4.694498083011538,1.6589095831941956,-0.0703992466236141,0.03838296011712519,8.031158889686681,4.896331327254733,0.14904101530654926,0.002459971069780447,2.1662380237152834,6.1253037134122605,0.08774475841820918,0.056600734098781046,7.333151468346294,5.004247667166421,0.104581886998752,0.04435132822557981,5.005009512593123,3.0084877730543185,-0.07409742799113646,-0.0310418810172159,7.303812306730164,2.613351663276116,0.24217010634451855,-0.1280619626780256
386,4.360011887568104,3.3683243983827857,-0.05060777521262816,0.14954674698614515,1.1316484381515746,8.9955067271466,-0.11307328821686705,0.14114631502316713,6.380092686875193,8.076357827227662,0.09821438563245553,-0.012980167022993141,8.749893580055142,4.2373641466074465,0.12187619095319202,-0.1251969816153064,7.387353910272426,3.9504407729665436,0.26992445732294734,0.0034195070708739474,3.926376024434426,2.6104533399057472,0.09839139399353627,0.2014399896551795,2.3952091229387125,8.493054368172164,-0.12513583314612625,-0.21961823124554344,7.858894222239809,5.491012723755865,0.05634449753612164,-0.05629432579115513,6.104967488239249,2.72781741611391,-0.1546915222914707,-0.23111030689270853,1.5924115515078197,7.5964688505058175,-0.10174492868330838,0.07869589103182148,4.0469656393782,6.700970828895062,-0.04602496697444981,-0.05950962037792693,8.493026355526267,8.398652221839077,0.038746450500416224,0.013180474882436852,7.427121986097897,1.8913040090899769,-0.13980701746894936,-0.14209596437801195,1.3082979992516743,8.252451516908907,0.15503573519935346,0.24915099564497922,4.690978120680358,1.6608287312000518,-0.07876549463520316,0.045476692921185176,8.038610940452008,4.896454325808222,0.1546880260352661,0.003796403038737633,2.170625261636194,6.1281337501171995,0.08840299448967658,0.057544057044167214,7.338380562696232,5.0064652335777,0.10381679395530545,0.04250983434334094,5.001304641193566,3.006935679003458,-0.07614604447494402,-0.03584842974675482,7.3159208120473895,2.606948565142215,0.2450695515653466,-0.11887771318752612
387,4.357481498807473,3.375801735732093,-0.034851113022667676,0.1489243867175374,1.1259947737407312,9.002564042897758,-0.0934369984414955,0.1420763237810266,6.385003406156815,8.075708818876512,0.09343691949921865,-0.014318143311043554,8.7559873896028,4.231104297526681,0.12665011284523894,-0.11993521656739857,7.400850133138574,3.950611748320087,0.2731177862250727,-0.00018850997140529638,3.931295594134103,2.6205253393885064,0.10232857694152955,0.19628575585679484,2.388952331281406,8.482073456609887,-0.12684092720046758,-0.2204353746969659,7.861711447116615,5.488198007466307,0.05917761470824364,-0.05436699712262037,6.097232912124675,2.7162619007692745,-0.15838159108774774,-0.2326471123548007,1.5873243050736543,7.600403645057408,-0.09590489874329926,0.07990376844798516,4.044664391029478,6.697995347876166,-0.04312612301547593,-0.05230112777104865,8.494963678051288,8.399311245583199,0.03789109814338631,0.012427014570174675,7.4201316352244495,1.8841992108710763,-0.14238556916370015,-0.1453531667350657,1.316049786011642,8.264909066691157,0.15431040143420435,0.2415161539942548,4.687039845948598,1.6631025658461112,-0.08727585177669792,0.052176866686606094,8.04634534175377,4.896644145960159,0.1594585325811674,0.004788446820763209,2.175045411360678,6.131010952969408,0.08897195695937357,0.05822451759219557,7.343571402393997,5.008590725294867,0.10276842983756386,0.040474553094950266,4.9974973389698185,3.00514325751612,-0.07866868179748908,-0.04023222545517271,7.3281742896256565,2.6010046794828385,0.24691497618764388,-0.10974642689425791
388,4.355738943156339,3.38324795506797,-0.020259299935204297,0.14636234755829908,1.1213229238186564,9.00966785908681,-0.07452247025040587,0.1434596005304289,6.389675252131776,8.07499291171096,0.08844754693287629,-0.015512807681312137,8.762319895245064,4.225107536698311,0.1310255627858012,-0.11465655136752274,7.414506022449828,3.950602322821517,0.2757906026655358,-0.003905901164318352,3.9364120229811794,2.630339627181346,0.10762122166577939,0.18919095612959339,2.3826102849213826,8.47105168787504,-0.128521845610888,-0.21994203250039704,7.864670327852028,5.485479657610176,0.06185347396582249,-0.052172860182677534,6.089313832570288,2.7046295451515343,-0.16178957196192853,-0.23379557120443942,1.5825290601364894,7.604398833479808,-0.0902587254598415,0.08090783448686194,4.042508084878705,6.695380291487614,-0.04017023517627782,-0.0452102150117446,8.496858232958457,8.399932596311707,0.036814174087571566,0.0116680736108254,7.413012356766265,1.876931552534323,-0.144637077995678,-0.1485608312993176,1.3237653060833523,8.27698487439087,0.15237537948240973,0.23403557065432523,4.682676053359763,1.6657114091804415,-0.0958961288238552,0.05848827213671176,8.05431826838283,4.896883568301197,0.16347180085821647,0.005669193829831937,2.1794940092086463,6.1339221788490175,0.08944245926142416,0.05865778873764366,7.3487098238858755,5.010614452949614,0.10140621150229298,0.038282653191831655,4.993563904879944,3.0031316462433613,-0.0814392848731126,-0.0444634332729656,7.340520038435039,2.5955173581381255,0.2479392935565089,-0.1005671759982809
389,4.354725978159579,3.390566072445885,-0.006938906074864179,0.14088974560813047,1.117596800306136,9.01684083911333,-0.05637467236784895,0.14525860933945894,6.39409762947842,8.074217271326894,0.08327821304279584,-0.016570010329683596,8.768871173384353,4.2193747091299345,0.13496245925897052,-0.10947875697064545,7.428295552583105,3.950407027763301,0.27798202517270265,-0.007827465832735329,3.9417930840644684,2.639799174987826,0.11342318360928659,0.18103030167417003,2.3761841926408382,8.46005458625002,-0.13013073180809737,-0.21736754342098125,7.867763001550319,5.482871014601042,0.06431313227563981,-0.04974842877671602,6.081224353972192,2.692939766591312,-0.16495606461780182,-0.2349160561041689,1.5780161238634973,7.608444225204151,-0.08459962914433837,0.08116945838817698,4.040499573119891,6.693119780737026,-0.03749135247309274,-0.03839768351068984,8.498698941662836,8.40051599999225,0.03552884164624161,0.010910105697302084,7.405780502866481,1.8695035109693572,-0.14660709308936218,-0.15166439057726933,1.3313840750574728,8.288686652923586,0.14867847999384143,0.2267737497717664,4.67788124691857,1.668635822787277,-0.10458527307758597,0.06438905187573402,8.06249185842574,4.897167027992689,0.16678542683465977,0.006518569424239257,2.1839661321717174,6.136855068285899,0.08981131627262316,0.05884383768631533,7.35378013446099,5.012528585609206,0.09969966905508362,0.035969848247018404,4.989491940636289,3.0009084745797128,-0.0843991043836917,-0.04872297043336218,7.352917003112864,2.5904889993382114,0.24755062880426396,-0.09174022208053913
390,4.354379032855836,3.397610559726292,0.0055004685508186525,0.13293860147909262,1.1147780666877436,9.024103769580304,-0.03903145076302489,0.14745228732363702,6.39826154013056,8.07338877081041,0.07795618248361368,-0.017498119748284392,8.775619296347301,4.213900771281402,0.13838725460344245,-0.10432082172382023,7.44219465384174,3.9500156544716645,0.27970530981957137,-0.0119624724989188,3.9474642432449327,2.6488506900715345,0.11924788770500784,0.17223076142267657,2.3696776560504333,8.449186209078972,-0.13195775610402347,-0.2118601483770121,7.870978658164101,5.480383593162206,0.06651708069890622,-0.047188802115474965,6.072976550741302,2.6811939637861038,-0.1678311635764133,-0.23552563378417554,1.5737861424062805,7.61250269812356,-0.07863440337326884,0.0802163023527835,4.038625005496236,6.691199896561492,-0.035064539302778905,-0.031796056339650255,8.500475383745147,8.401061505277115,0.03403653244845814,0.010150646177543264,7.398450148212013,1.8619202914404938,-0.14830374824359038,-0.15469328460682702,1.338817999057165,8.300025340412175,0.14384365333070495,0.2196197417706773,4.672651983264691,1.6718552753810638,-0.11347412418375281,0.06983530745532482,8.070831129767473,4.897492956463901,0.16918111743970413,0.006911474814129332,2.1884566979853486,6.139797260170215,0.09007602534294806,0.058777693416657076,7.3587651179137445,5.014327078021557,0.09763611266706311,0.033555751168873854,4.985271985417104,2.9984723260580446,-0.08766397152553455,-0.05274031119776552,7.365294534553078,2.5859019882341845,0.2469192900738095,-0.08301543424923268
391,4.354654056283377,3.4042574898002465,0.01756492698063204,0.12288485433177092,1.1128264941495924,9.031476383946485,-0.022470745756902298,0.14960101744518997,6.40215934925474,8.072513864822996,0.07250915800410528,-0.01830517809381085,8.782538659077474,4.208684730195211,0.14130741616362025,-0.09906799811768677,7.456179919332718,3.9494175308467185,0.28096872749566254,-0.016348637491966515,3.953426637630183,2.6574622281426685,0.12485482176069383,0.1629073671241231,2.3630797682452322,8.43859320166012,-0.1338707392384124,-0.2035573666461218,7.874304512199046,5.478024153056433,0.06840341087132576,-0.04456250169858816,6.064584992562481,2.669417682096895,-0.17038954282419794,-0.23538022328231173,1.569854422237617,7.616513513241199,-0.07218873175528406,0.07877854490914685,4.036871778531097,6.689610093744509,-0.03286426476080484,-0.025358958104758363,8.50217721036757,8.401569037585991,0.03239280882649369,0.009281639234585625,7.391034960799833,1.8541856272101525,-0.1497516609217129,-0.15732998864193035,1.3460101817237002,8.311006327500708,0.1379972673003886,0.2125242089063451,4.666978277055503,1.67534704075383,-0.12250403266201286,0.07478436642017333,8.079290185639458,4.8978385302046075,0.1709721070025732,0.007463962699708798,2.192960499252496,6.142736144841048,0.0902194598227807,0.058442709841499255,7.363646923547098,5.01600486558,0.09519376578126275,0.031086045192328042,4.980888786840827,2.995835310498156,-0.09118506711433784,-0.05645230928791349,7.377640499056768,2.581751216521723,0.24602252925246704,-0.07436195890505161
392,4.355532302632409,3.410401732516835,0.028089332519667838,0.11427566896394827,1.1117029568617474,9.038956434818745,-0.006690673842706284,0.1515260602755976,6.405784807154945,8.071598605918306,0.06700154763835688,-0.019009789419447354,8.789604029885655,4.203731330289327,0.14373359156423499,-0.09373802263188508,7.470228355707501,3.94860009897212,0.2817093833798092,-0.020925457254554063,3.959669378718218,2.665607596498875,0.12963279378835324,0.1536947681744523,2.3563862312833117,8.428415333327814,-0.13573373195722818,-0.19270991957862266,7.877724682742612,5.475796027971503,0.06995616662949207,-0.04179139179721954,6.056065515421271,2.6576486709327796,-0.16794554265456313,-0.23378886215451794,1.5662449856498528,7.620452440486656,-0.06539497944262385,0.07671663379558664,4.035228565293057,6.688342145839271,-0.03084744288463659,-0.01913996779373179,8.503796850808895,8.40203311954772,0.030610618399309585,0.008321303074670893,7.3835473777537475,1.846319127778056,-0.15095492372765162,-0.15869990407888365,1.3529100450887197,8.321632537946025,0.13176514683117607,0.20550411764090512,4.660853075422403,1.6790862590748388,-0.1316358248497036,0.07914363891508548,8.087838790989586,4.898211728339593,0.15540270323498745,0.0105861618401979,2.197471472243635,6.145658280333123,0.09021331942678175,0.05771960021435671,7.368406611836161,5.017559167839616,0.09236508244965398,0.0285909811647206,4.97632953348511,2.9930126950337606,-0.09496944684992686,-0.059866823576219724,7.389941625519391,2.5780331185764704,0.24486435028224934,-0.06576657424766864
393,4.356936769258392,3.4161155159650325,0.03707379543651888,0.1074321281464491,1.1113684231696122,9.046532737832525,0.008275037691317001,0.1532556356339288,6.409134884536863,8.070648116447334,0.06148722653466482,-0.019625016129662564,8.796790709463867,4.199044429157732,0.14572241229587485,-0.0881196768944278,7.484313824876492,3.9475538261093925,0.2827761116886061,-0.025580838174129754,3.966151018407636,2.673292334907597,0.1332350969803727,0.14488593853907059,2.3495995446854505,8.418779837348882,-0.13741489176645993,-0.17957985974032767,7.881222491074087,5.473706458381642,0.07063156585842255,-0.03867170201227548,6.047668238288543,2.645959227825054,-0.1658243373991739,-0.23123379524860221,1.5629752366777216,7.624288272176436,-0.05827654572871088,0.07411587508657318,4.033686193148825,6.687385147449584,-0.02899824342567987,-0.013123502889781098,8.50532738172886,8.402449184701455,0.0287021179067368,0.00728465136275993,7.375999631567365,1.8383841325741117,-0.15188427078082184,-0.1582308347563125,1.3594983024302785,8.33190774382807,0.12526011196722725,0.19856347638671848,4.654271284179917,1.683043441020593,-0.1407108376527813,0.08281929083790748,8.095608926151336,4.898741036431603,0.14196223879797953,0.012506178508934835,2.2019821382149742,6.148544260343841,0.09003440677226267,0.05658173758044295,7.3730248659586435,5.018988716897852,0.08924918817673051,0.02614336317941243,4.971581061142614,2.9900193538549495,-0.09919977214644805,-0.06208229245973413,7.4021848430335035,2.574744789864087,0.24345167996793737,-0.057257202817986866
394,4.358790459030218,3.421487122372355,0.0452661603080208,0.10106598179058172,1.111782175054178,9.054195519614222,0.022416384205542008,0.15486194262640002,6.412209245863597,8.069666865640851,0.05598967296260614,-0.020141257406299285,8.80407683007866,4.194638445313011,0.14725824778550556,-0.08232538010823873,7.498452630460922,3.946274784200686,0.28436871166168864,-0.030439234376455574,3.9728127732566545,2.680536631834551,0.13575398740593556,0.1363749458630509,2.3427288000971274,8.409800844361866,-0.13855105352595568,-0.1648952094383944,7.884754069367008,5.4717728732810285,0.07053232226222637,-0.03525870391712072,6.039377021418585,2.6343975380626237,-0.16400883989648932,-0.2277181952080472,1.5600614093912861,7.627994065930765,-0.05100115808394312,0.07142096264549833,4.032236280977541,6.686728972305095,-0.027316366125536628,-0.0072619932984400795,8.506762487624197,8.402813417269593,0.026692017944383094,0.006187673044813735,7.368405418028324,1.830472590836296,-0.15281789260460954,-0.15650461625706924,1.36576130802864,8.341835917647407,0.11833860752930382,0.19174833420222256,4.647235742297278,1.6871844055624883,-0.14984437625656397,0.08590827379997938,8.102707038091234,4.899366345357049,0.13049989903910655,0.013662136554208854,2.2064838585535873,6.151373347222863,0.08970090500117026,0.0551456103238409,7.37748732536748,5.020295885056823,0.08584530810211026,0.02374531688704783,4.9666210725352915,2.986915239231963,-0.10264200482974903,-0.06347239049506967,7.4143574270319,2.5718819297231876,0.24128995100468148,-0.048092721207927125
395,4.361053767045619,3.4265404214618838,0.053260241387980675,0.09519526104644872,1.1129029942644553,9.061938616745541,0.03576829402180712,0.15632936772318007,6.415008729511727,8.068659802770537,0.05052266081053037,-0.020570328380068115,8.811439742467936,4.190522176307599,0.14817873162799766,-0.07648165393519547,7.512671066044007,3.9447528224818633,0.2857980820798796,-0.03534639649143341,3.9796004726269514,2.6873553791277036,0.13723334600452544,0.1281059554953999,2.3358012474208296,8.401556083889947,-0.13901627709165335,-0.14900365150649436,7.88828068548012,5.470009938085172,0.06967471386939171,-0.03175644190595033,6.031176579423761,2.6230116283022213,-0.16247061575071925,-0.22327737163815337,1.557511351487089,7.63156511406304,-0.043611152197388404,0.0686437041524921,4.030870462671264,6.686365872640173,-0.025833671902013487,-0.0013734090422678992,8.508097088521417,8.403122800921834,0.02465568150751538,0.005044489951295716,7.360764523398093,1.8226473600234425,-0.15404988484933,-0.15392803058427346,1.3716782384051052,8.351423334357518,0.11070551005949715,0.18507817584579442,4.63974352348445,1.6914798192524871,-0.1589747841263798,0.0883544519605872,8.10923203304319,4.90004945218476,0.12080079133255978,0.014411456858230094,2.210968903803646,6.154130627739056,0.08918495788276873,0.053389766826028154,7.381779590772585,5.021483150901176,0.08209908576999032,0.021390805082169118,4.961488972293804,2.9837416197072093,-0.10422456365536109,-0.0642945187574405,7.426421924582135,2.5694772936627914,0.23835362019449224,-0.038669633670638456
396,4.363716779115018,3.4313001845142064,0.061120048104422786,0.08973960953966714,1.1146914089655455,9.0697550851317,0.04842991052599947,0.15736476941393138,6.4175348625522535,8.067631286351533,0.04504244920986909,-0.02093205804945277,8.818848679049337,4.18669809361084,0.14857431312673977,-0.070454981735827,7.526960970148001,3.9429855026572915,0.2867459438258332,-0.040212365091348914,3.986462139927178,2.693760676902474,0.13762568575564982,0.12018252380089231,2.328850433566247,8.394105901314623,-0.13876768586233376,-0.13193298257071862,7.89176442117359,5.468422115989875,0.06805767673700931,-0.02822388881430509,6.023053048636225,2.611847759720314,-0.1611690935702812,-0.2179339638731225,1.5553307938772196,7.6349972992706645,-0.03616837980893015,0.06570666199812036,4.0295787790761635,6.68629720218806,-0.024422840018463798,0.004432943155856033,8.509329872596792,8.403375025419399,0.022630299659299323,0.003871456106616122,7.353062029155627,1.814950958494229,-0.15560286859526257,-0.15057037577432167,1.3772135139080801,8.360677243149809,0.10240980861534814,0.17851289782231305,4.631794784278131,1.6958975418505164,-0.16810800831566128,0.09026683774467675,8.115272072609818,4.900770025027671,0.11267797614081401,0.01513767738216863,2.2154281516977843,6.156800116080357,0.08845471865535459,0.051193410730654525,7.385884545061085,5.022552691155284,0.07803343618605459,0.01907665828779036,4.956277744111036,2.9805268937693374,-0.10412619550238505,-0.06487857647595589,7.438339605591859,2.5675438119792595,0.23490796843975534,-0.029019500120471373
397,4.366772781520239,3.4357871649911895,0.06821050190796206,0.08426874431983568,1.1171129044918455,9.077623323602396,0.06037171153756182,0.15812195753106298,6.419786985012747,8.06658468344906,0.03956590403991956,-0.021241949559276274,8.826277394705674,4.183175344524049,0.14856673774891785,-0.06431798096645024,7.541298267339292,3.940974884402724,0.2869665633404177,-0.0450048903380883,3.9933434242149604,2.6997698030925186,0.13722205911997915,0.11219863735036321,2.32191204927313,8.387509252186087,-0.13776467119351146,-0.11387115395743737,7.89516730501044,5.46701092154916,0.0657265193358052,-0.024719636007999205,6.014994593957711,2.600951061526658,-0.16000539371984118,-0.2117781090370162,1.553522374886773,7.63828263237057,-0.028696377302674048,0.06256308509298902,4.02835763707524,6.686518849345853,-0.022951601062608427,0.010150557821483512,8.510461387579758,8.40356859822473,0.020641153337287374,0.0026857637255023542,7.345281885725863,1.8074224397055128,-0.157056970843216,-0.14633887775641452,1.3823340043388475,8.369602888040925,0.09342284230341653,0.17192102569644901,4.623389383862348,1.7004108837377503,-0.17703808050403866,0.09203124903764694,8.120905971416859,4.90152690889678,0.10590485150559444,0.015709143386644583,2.219850887630552,6.15935978661689,0.08752221479118547,0.04868025147795133,7.389786216870387,5.023506524069674,0.07368166642580354,0.016806200952973905,4.951071434335916,2.9772829649455397,-0.10194238897870436,-0.06524840059579944,7.4500850040138475,2.566092836973236,0.23098485889345158,-0.018960395260642422
398,4.370183306615637,3.4400006022071814,0.0733778174357588,0.07938704121128656,1.1201314900687236,9.085529421478949,0.07155868826838534,0.15870973136634947,6.421765280214743,8.065522585971095,0.0341003223993184,-0.02150728510701405,8.833705731593119,4.179959445475726,0.1482351001130908,-0.05816362444210198,7.555646595506313,3.9387246398858196,0.2863421760016602,-0.04967829495718601,4.000204527170959,2.7053797349600366,0.13622688022677065,0.10396273426608511,2.3150238157134546,8.381815694488214,-0.13597458613112687,-0.09505032128770241,7.89845363097723,5.46577493974876,0.051739498187600395,-0.010506097838138365,6.006994324271719,2.590362156074807,-0.15877618985490913,-0.20520323019537762,1.5520875560216394,7.64141078662522,-0.021258115495709173,0.059237638770428716,4.02721005702211,6.6870263772369265,-0.021356967081022925,0.01577856509932985,8.511493445246622,8.403702886411006,0.017696863816904492,0.004635631145400864,7.3374290371837025,1.800105495817692,-0.15836172806574922,-0.14122438796263706,1.3870051464540183,8.378198939325747,0.08397931633343439,0.16529084864562008,4.6145374798371455,1.7050124461896325,-0.1856732914949444,0.09361055363591879,8.126201213992138,4.902312366066112,0.10000387954159277,0.016421835146335224,2.2242269983701113,6.161793799190788,0.08635658598542889,0.045935496887857245,7.3934703001916775,5.024346834117323,0.06909746239278639,0.01458117912128264,4.945974314886981,2.9740205449157497,-0.09777534369836703,-0.06544656340853905,7.46163424695852,2.5651448172102036,0.22660599137156953,-0.008537673755477322
399,4.373852197487425,3.4439699542677458,0.07677761831750224,0.07491543966547587,1.1237094244821428,9.093464908047267,0.08215188352795641,0.15922482627802909,6.423470296334709,8.064447221715744,0.028592586118757906,-0.021607973242731116,8.841117486598773,4.17705126425362,0.14759991837316447,-0.05197076741504814,7.569963704306396,3.93624072513796,0.2848912443482798,-0.05425280056944015,4.007015871182298,2.710577871673341,0.13467044611696363,0.09568381972507903,2.3082250864068983,8.377063178423828,-0.13337805171504735,-0.0757151586480845,7.90104060588661,5.465249634856853,0.03797992538362624,0.002848072484279849,5.999055514778974,2.5801019945650383,-0.15752090597765558,-0.1985405000678046,1.5510246502468539,7.644372668563741,-0.013879750396279089,0.055769895299163874,4.026142208668059,6.687815305491893,-0.019531894837213227,0.02123843400725832,8.512378288437466,8.403934667968276,0.01483393240146584,0.006592760646207197,7.329510950780415,1.7930442764195602,-0.1595461755479775,-0.1351908586214162,1.39120411227069,8.386463481758028,0.07422349778761606,0.15861557919090244,4.605253815262398,1.7096929738714284,-0.1939363593960789,0.09497763431321948,8.131201407969218,4.9031334578234285,0.09338550793571966,0.017195620176804524,2.2285448276693827,6.16409057403518,0.08488122760356148,0.0430388651925271,7.396925173311317,5.025075893073387,0.06418734910283411,0.012552457364049497,4.9410855477020625,2.970748216745323,-0.0920033695967044,-0.0655592601572316,7.472964546527099,2.56471793352243,0.22183853583842267,0.0022217208604112734
400,4.3776910784033,3.4477157262510194,0.07898819328715155,0.07045892703549006,1.1278170186585406,9.101426149361169,0.09243916986914674,0.15997459659711838,6.424899925640647,8.063366823053608,0.02304186892884988,-0.02152554399458999,8.84849748251743,4.174452725882868,0.14664526356035165,-0.0457657581185117,7.5842082665238095,3.9335280851094883,0.28259109328328785,-0.058734617233778263,4.013749393488146,2.7153620626595947,0.1326665092748797,0.08729766525225112,2.301556183821146,8.373277420491425,-0.1299681031425309,-0.056098004943918076,7.902939602155792,5.465392038481068,0.02407090883403899,0.015346422180677631,5.991179469480092,2.570174969561648,-0.155576398691703,-0.19008926551852062,1.55033066272704,7.6471611633286996,-0.006913612510231725,0.05265167588630062,4.025165613926198,6.688877227192256,-0.01748018189210958,0.02646049863645544,8.51311998505754,8.404264306000586,0.012065497444796033,0.008552780227227075,7.321533642003017,1.7862847334884895,-0.16063620517506225,-0.12821453728180895,1.3949152871600707,8.394394260717574,0.0640687811171029,0.15191691938345883,4.5955569972925945,1.7144418555870893,-0.20178936522255214,0.09611097835626572,8.135870683366004,4.9039932388322685,0.08629830556555289,0.018081955121320943,2.232788889049561,6.1662425172948065,0.083119302755601,0.04000266922145538,7.400134540766459,5.025703515941589,0.058931013293007255,0.010748068118241371,4.936485379222227,2.9674702537374613,-0.0848739865095462,-0.0655783585724457,7.48405647331902,2.5648290195654506,0.21691932389944543,0.013076262370754826
401,4.381640488067658,3.451238672602794,0.08109576994051287,0.06578565727190115,1.1324389771519978,9.109424879191025,0.1023543205711464,0.16138597544641614,6.42605201908709,8.062290545853878,0.017499476272642794,-0.021340606672543384,8.855829745695448,4.172164437976942,0.14536527467542582,-0.039564852601768036,7.5983378211879735,3.9305913542477993,0.2793058100604933,-0.06321256183138016,4.02038271895189,2.7197269459222073,0.1303375214827454,0.07876916669206092,2.2950577786640194,8.37047252024423,-0.12557875339880703,-0.03568379557807334,7.904143147597494,5.466159359590102,0.010007128824292437,0.02691946937158225,5.983400649545507,2.560670506285722,-0.15262903878705614,-0.17908232834253146,1.5499849821015284,7.649793747123015,-0.0003784787907874501,0.04985924950131517,4.024291604831593,6.690200252124079,-0.015256715927911469,0.0314398922676753,8.51372325992978,8.404691945011947,0.009403584929036564,0.01051140282438503,7.313501831744263,1.779874006624399,-0.1616116687144242,-0.12031644799214374,1.3981187262159258,8.401990106686746,0.05341861275782327,0.14525405365531896,4.585467529031467,1.7192474045049027,-0.209930105021098,0.09993490428354711,8.140185598644281,4.904897336588334,0.07924889552040594,0.01936047372729824,2.236944854187341,6.16824265075588,0.08110649599731644,0.03688799777507238,7.403081091431109,5.026240919347501,0.05335422503147447,0.009175761477795185,4.93224167989675,2.964191335808839,-0.07685966220210448,-0.06560159360821488,7.494902439513993,2.5654828326839882,0.20539996782749642,0.01834862139921342
402,4.385695276564684,3.454527955466389,0.08278148279954742,0.0610298984052334,1.1375566931805552,9.117494177963346,0.11182372687789002,0.16342693142951847,6.426926992900722,8.06122351552025,0.012024829510629359,-0.021078895599435366,8.863098009429219,4.1701861953468535,0.14384066572063856,-0.033351214787842295,7.6123031116909985,3.9274307261562305,0.27504924158393557,-0.06757132992198589,4.026899595026027,2.7236654042568103,0.12760255453411698,0.07051620922879646,2.288778840994079,8.368688330465325,-0.12000882041648148,-0.01531821466166862,7.904643504038709,5.467505333058681,-0.004069683741034254,0.037450806185747365,5.975769197606154,2.551716389868595,-0.14911465989666098,-0.16553429689321353,1.549966058161989,7.652286709598081,0.005538281698557147,0.04765362190344673,4.023528769035197,6.691772246737463,-0.013038194168997475,0.03614610253819933,8.514193439176232,8.405217515153167,0.006859234379457898,0.01246441960470186,7.305421248308542,1.7738581842247918,-0.1625300321216784,-0.111838343668995,1.400789656853817,8.409252809369512,0.04209426222195367,0.13875734779541943,4.574971023780412,1.72424414971908,-0.21751612525234493,0.1029776876854536,8.144148043420302,4.905865360274699,0.07177401112957495,0.021423574326050736,2.241000178987207,6.170087050644633,0.07887207618952473,0.03373438344776086,7.405748802682683,5.026699707421391,0.047444646156767245,0.007841628571745694,4.928398696786645,2.960911256128428,-0.06798873868296997,-0.06564831429574768,7.505172437905368,2.5664002637539487,0.19291662732571113,0.02289305497806226
403,4.389834350704661,3.4575794503866506,0.08417695382108042,0.056049251958886166,1.1431478795244496,9.125665524534822,0.1207494404766182,0.16614688266427638,6.427528234376253,8.060169570740278,0.0066337141879202755,-0.020728164989355303,8.87029004271525,4.168518634607461,0.14227586684399537,-0.026958866230131648,7.626055573770195,3.924052159660131,0.27002994078039344,-0.07152314208498123,4.033279722752733,2.72719121471825,0.12469750573162197,0.06223609365419815,2.282778399973255,8.367922419732242,-0.11322735858157394,0.004568013780523461,7.904440019851657,5.469377873367969,-0.018169339786471114,0.04699845774486182,5.968313464611321,2.5434396750239343,-0.14518266106264704,-0.14943896558198763,1.5502429722469169,7.654669390693253,0.010786634956332454,0.04606998218485456,4.022876859326747,6.693579551864373,-0.010946343456102082,0.04052470593699923,8.514536400895205,8.405840736133403,0.0044428915100569195,0.01440765079246269,7.297294746702458,1.768266267041342,-0.1636316827918492,-0.10319173850518237,1.4028943699649146,8.416190676759284,0.030231944004199304,0.13240859854524586,4.564095217517795,1.7293930341033525,-0.22404646675834927,0.105421851209068,8.14773674397678,4.906936538991002,0.06446099060221212,0.025217030358922934,2.244943782796683,6.171773769817021,0.07641212656200608,0.03052880728125028,7.408121034990521,5.027091788849978,0.04126228662524545,0.006734092036035598,4.9249992598524965,2.9576288404136406,-0.058154964712366024,-0.06560697452229576,7.514818269271654,2.5675449165028517,0.1800580919763421,0.026883525968600858
404,4.394043198395716,3.460381912984595,0.08544480533768485,0.0506816685499344,1.1491853515482806,9.133972868668037,0.1292420667264084,0.169309672381593,6.427859920085649,8.059133162490811,0.0013458139933945562,-0.02031146989561925,8.87740383605745,4.167170691295955,0.1407076682674258,-0.02039539869773533,7.639557070809214,3.920476002555882,0.26427787164985356,-0.07501098573258044,4.039514598039314,2.73030301940096,0.12217589360896705,0.05303075902060936,2.2771170320441763,8.368150820421269,-0.10491366100505112,0.02302359663765542,7.903531552862334,5.4717277962552116,-0.020809857214988455,0.04396161953374264,5.961054331558189,2.535967726744835,-0.14076218428330534,-0.13077594365987613,1.5507823039947335,7.656972889802495,0.01536774625334383,0.04507145136856776,4.022329542153941,6.695605787161223,-0.009020795662594505,0.04456501311609259,8.514758545470707,8.406561118673025,0.004838153378891415,0.012727904544634683,7.289113162562866,1.7631066801160828,-0.16487574236943348,-0.0943828418145753,1.4044059671651246,8.422811106686545,0.018162821510932244,0.1261829831779525,4.552892894179878,1.7346641266638059,-0.22961324292967591,0.10714592654880255,8.15095979350689,4.908197390508948,0.056397294277386836,0.03051011839271829,2.2487643891247835,6.173300210181083,0.0737416965425082,0.02731545419871263,7.4101841493217835,5.0274284934517794,0.035131237752178544,0.005488684741553605,4.922091511616879,2.954348491687526,-0.04799060699056045,-0.06564214760152752,7.523821173870471,2.5688890928012817,0.16700633774012077,0.030494438306500067
405,4.3983154386626,3.4629159964120917,0.08677006804813693,0.04516412432507612,1.155647454884601,9.142438352287117,0.1373621401044945,0.17273521427424074,6.427927210785319,8.05811758899603,-0.003830721627890883,-0.019898322768363452,8.88443921947082,4.166150921361068,0.13892330897622995,-0.013953460565687676,7.652770964391707,3.916725453269253,0.2576493195706528,-0.07809988860091092,4.0456233927197625,2.7329545573519907,0.11942785834197162,0.04394125409321258,2.2718713489939235,8.369302000253152,-0.09528598797515152,0.03997276746552102,7.9024910600015845,5.473925877231899,-0.024574986140431153,0.04099336242690203,5.954016222344023,2.529428929561841,-0.13689423958079927,-0.11550550337943866,1.5515506913074006,7.659226462370924,0.019560602580043086,0.044687298431818595,4.021878502370812,6.697834037817027,-0.0072617728157765345,0.04826976588913908,8.515000453139653,8.407197513900257,0.005279447914885945,0.011064163634044989,7.280869375444394,1.7583875380253542,-0.1663016974414788,-0.08563094057541858,1.4053141082406713,8.429120255845444,0.006149059811732567,0.12006684366171812,4.541412232033394,1.740021422991246,-0.23441874857793127,0.10805870062362521,8.15377965822076,4.909722896428584,0.048165544146733456,0.034722390932453134,2.252451473951909,6.174665982891019,0.07090742676556785,0.024206047332579417,7.411940711209392,5.027702927688857,0.02918261783514344,0.003917544862028896,4.91969198126735,2.9510663843074494,-0.037927535441621696,-0.06587892255926633,7.532171490757476,2.570413814716607,0.1532322571656083,0.03350781650196468
406,4.402653942065006,3.4651742026283454,0.08805533902217696,0.039548676490942014,1.1625155618898257,9.151075113000829,0.14528103886576693,0.17609067004532933,6.427735674703925,8.057122672857611,-0.008875065322935402,-0.019505648346471883,8.891385384919632,4.165453248332784,0.1371431950258582,-0.007632081768394966,7.66565343037024,3.9128204588392075,0.2502002886944931,-0.08082999683966759,4.051594785636861,2.7351516200566515,0.11651239660803435,0.03510757900671432,2.267107049595166,8.371300638626428,-0.08459318739369628,0.055546683304716266,7.9012623106945625,5.475975545353244,-0.02937170457393049,0.037985772214974144,5.947171510364983,2.523653654392869,-0.1322074365826141,-0.09781653162154987,1.5525287214364027,7.661460827292515,0.023427814145418415,0.04482358197245117,4.021515413730023,6.700247526111484,-0.005738309760285087,0.05167651294717302,8.515264425535397,8.40775072208196,0.0057690974640125705,0.009419888855380877,7.2725542905723195,1.7541059909965833,-0.16784078883483036,-0.07709048159819613,1.405621561231258,8.435123598028529,-0.0053344291652228475,0.11388133029942964,4.529691294604497,1.7454243580224273,-0.23814540270517146,0.10818727579357221,8.156187935428097,4.911459015975207,0.040110910708146263,0.037799320345235324,2.2559968452901873,6.175876285257648,0.06790516800285061,0.021198369948858542,7.41339984210115,5.027898804931959,0.0233771354923042,0.0019904602000086896,4.917795604495269,2.947772438179486,-0.02805384424041167,-0.06635193193512166,7.539833103615757,2.572089205541705,0.13857353041380394,0.03583598044614946
407,4.407056709016115,3.4671516364528925,0.08882900842894863,0.03396106477097608,1.169779613833114,9.159879646503095,0.1530757722112755,0.1791469345277679,6.427291921437778,8.056147390440287,-0.01377396697920543,-0.019139943559508123,8.898242544670925,4.165071644244364,0.1355032965319722,-0.0013224465762391282,7.678163444804964,3.908778958997224,0.2419918126875084,-0.08322812955876711,4.057420405467263,2.736906999006987,0.1135411359858906,0.02669923968510101,2.2628773902254813,8.374077972791664,-0.07295465183451888,0.06997396969120613,7.899793725465866,5.477874833963993,-0.03470124978870271,0.03527566878512023,5.940561138535853,2.5187628278117917,-0.12675430635230653,-0.07778945591363742,1.5537001121436738,7.663702006391138,0.027015926961632977,0.04520879684976604,4.021228498242008,6.702831351758843,-0.004320027296138473,0.0544552511254858,8.515552880408597,8.40822171652473,0.006308900223898358,0.007798427754504546,7.264162251130578,1.7502514669166735,-0.1692788212980233,-0.06896119706731807,1.4053548397729967,8.4408176645435,-0.01628033193002006,0.10778286952083561,4.517784024469238,1.750833721812106,-0.24062821071396148,0.1076738255044271,8.158193480963504,4.913348981992469,0.03219563292904394,0.039593620387328124,2.2593921036903297,6.1769362037550914,0.06475007771552284,0.018304171613151354,7.414568698875765,5.027998327941959,0.017809392235616082,-0.0003536643779308208,4.916392912283248,2.94445484158273,-0.018144440916284473,-0.06679946293303872,7.546761780136447,2.5738810045640124,0.12287765453070151,0.03744810969482815
408,4.411498159437563,3.4688496896914414,0.08910090209414313,0.028499180853525177,1.177433402443678,9.168836993229483,0.16087308047743837,0.18189543042690873,6.426603223088818,8.055190393262311,-0.018514525916397392,-0.018802634425315358,8.905017709497523,4.1650055219155515,0.1340879309701293,0.004887040891765099,7.690263035439339,3.904617552519286,0.23315186570226365,-0.0853053441648734,4.063097462266557,2.738241960991242,0.11073922706071494,0.018617273791594006,2.2592296576337554,8.377576671276223,-0.06055491429761169,0.08322148346226327,7.898058662976431,5.479638617403249,-0.04045015540272115,0.032852567680324296,5.934223423218238,2.51487335501611,-0.11989535698907487,-0.058094975613687774,1.5550509084917554,7.665962446233626,0.030203901876541386,0.04563299765839543,4.021012496877201,6.705554114315118,-0.0028950355841643287,0.056395068829746146,8.515868325419792,8.408611637912456,0.006900124283360906,0.00624235360087262,7.255698310065677,1.7468034070633076,-0.1706193606789313,-0.061267290193853484,1.4045408231764958,8.446206808019541,-0.026692647954323495,0.10186847384577248,4.50575261393354,1.7562174130873274,-0.24194501478026187,0.1066234535483469,8.159803262609957,4.915328663011835,0.025462792092995814,0.04111689056591437,2.262629607576106,6.177851412335749,0.06157381436825474,0.015528248264188093,7.415459168487546,5.027980644723063,0.012461324877479904,-0.0030802825784713634,4.915485690237434,2.941114868436078,-0.008159005907281787,-0.06714018673816825,7.552905662862982,2.575753410048754,0.10746637443512427,0.03890555660154378
409,4.415953204542269,3.470274648734118,0.0889391660081322,0.02290234829501249,1.1854770564675499,9.177931764750829,0.16872412531109848,0.1843230864441526,6.425677496792998,8.054250261541046,-0.023083343755423844,-0.018496294374431767,8.91172210604603,4.16524987396014,0.1329472496884435,0.011008871161459427,7.701920628724452,3.900352285311042,0.22369006196796112,-0.08706224788030509,4.068634423619593,2.739172824680822,0.10812851493481754,0.010794973297876811,2.256201911918875,8.381737745449337,-0.047529932977707356,0.09523372002761475,7.8960361552062945,5.481281245787265,-0.04652475569695352,0.030800702184582928,5.928228655368784,2.5119686062354254,-0.11158841038363092,-0.03927026119146182,1.5565611035855824,7.668244096116546,0.03329092142436148,0.046021942296357116,4.020867745097993,6.708373867756605,-0.0015441652282006217,0.05767583825612178,8.51621333163396,8.4089237555925,0.007539670573400922,0.004756292553109987,7.24716734203173,1.743740042553615,-0.17181244487418754,-0.053871405799207794,1.4032061907787796,8.45130023171183,-0.03627864094624778,0.09607673260872815,4.493655363194526,1.7615485857647448,-0.24217811401734626,0.10509632788056626,8.161076402214606,4.917384507540131,0.01995517502172487,0.04284632287309811,2.2657082982945185,6.1786278247489586,0.05846821977794846,0.012874137437636178,7.41608223473142,5.02782663059414,0.007177195421794288,-0.006091014327707947,4.9150777399420695,2.9377578590991695,0.001749466094270796,-0.0672714389250068,7.558278981584738,2.577698687878831,0.09229971031158912,0.03999758233230269
410,4.420400162842676,3.4714197661488684,0.0882560114698584,0.01711978021279909,1.1939132627331048,9.187147919073036,0.1765498322102646,0.18634667065353513,6.424523329605227,8.053325446822324,-0.027469858553230586,-0.018219911618012286,8.918369468530452,4.165800317518213,0.1322681318747371,0.017157089152453883,7.71310513182285,3.895999172917027,0.21353610823690108,-0.08849839227324251,4.074040849366334,2.7397125733457157,0.1050363760930693,0.003533163591188883,2.2538254152699895,8.386499431450718,-0.03396304410889861,0.1059226127795469,7.893709917421447,5.482821280896494,-0.05248393457681058,0.02917710202201722,5.922649234849603,2.5100050931758524,-0.10173111343996637,-0.021356079243753687,1.5582256496568005,7.670545193231364,0.03643163060102106,0.046439199163870175,4.020790536836583,6.711257659669411,-0.0004375055326945258,0.05823190391050389,8.51659031516263,8.409161570220157,0.008222410859393545,0.0033349830111991004,7.23857671978802,1.7410464722636545,-0.17224814514174086,-0.04642339639764796,1.4013922587314673,8.456104068342267,-0.04474678458819648,0.09041292678122971,4.481546457493659,1.766803402158773,-0.24143003325710571,0.10302691030705466,8.162074160965693,4.919526823683786,0.014947611117797067,0.04485315966741488,2.268631709283416,6.179271531620841,0.0554387134969302,0.01034353563069753,7.41644109450251,5.0275220798777545,0.0019409344563277881,-0.009332793982926073,4.915165213246783,2.9343942871529194,0.011078539225355238,-0.06744581965910401,7.562893967100318,2.579698566995446,0.0774094671985482,0.04068780574861622
411,4.424812963416169,3.4722757551595085,0.0870814792202885,0.01120602677778341,1.2027407543436182,9.196465252605712,0.18405967919560473,0.18775377286957026,6.423149836677566,8.052414451241424,-0.031665671270310704,-0.017969988853524722,8.924982875124188,4.166658171975835,0.1322149388270944,0.02348220292579983,7.723781937234695,3.891574253303365,0.2025954417401474,-0.08959969490816716,4.079292668170988,2.739889231525275,0.1011131935310757,-0.0030414023260646114,2.2521272630645446,8.391795562089694,-0.020153589667828053,0.11543462076108567,7.891085720692606,5.484280135997595,-0.05815313387960313,0.02797632519542692,5.917562679177604,2.5089372892136645,-0.09016913855688684,-0.0043695333233816774,1.5600472311868516,7.672867153189557,0.03962887552830816,0.04686651133495685,4.0207686615599485,6.714169254864936,0.0002692651108973551,0.058340874367726205,8.517001435705598,8.409328319370717,0.008939382837938735,0.0019760184376071527,7.229964312530933,1.738725302443772,-0.171869766288539,-0.03889491774540912,1.3991549195020576,8.460624714681328,-0.052150055488445965,0.0847639118463323,4.469474955830804,1.7719547476741258,-0.23970321591744698,0.10052500441128506,8.162821541521582,4.921769481667157,0.010158104846315553,0.04711866869912788,2.2714036449582626,6.179788708402375,0.052445217362052994,0.007906402102405351,7.416538141225326,5.027055440178608,-0.003381923117300638,-0.012655495884123506,4.915719140208051,2.931021996169964,0.01949511739899263,-0.0676116868243007,7.566764440460245,2.581732957282877,0.06281849304646003,0.04100191750012046
412,4.429167037377184,3.4728360564983976,0.08541108699013542,0.005205633521238343,1.2119437383033984,9.20585294124919,0.1909170549962143,0.18832939927825154,6.42156655311405,8.051515951798747,-0.03566329705339653,-0.017744390744569995,8.931593622065543,4.167832282122125,0.13276382049196656,0.029990545847533686,7.733911709321703,3.8870942685579566,0.19062078068792038,-0.09046760065531258,4.084348327847541,2.739737161408972,0.09662059587661384,-0.00909391649170449,2.2511195835811533,8.397567293127748,-0.006342357518227069,0.12386560463230721,7.888178063998626,5.485678952257366,-0.06364413913637518,0.027263084607343058,5.91305422224976,2.5087188125474955,-0.07744353795664422,0.012149332202340827,1.562028674963267,7.675210478756305,0.0428724951044047,0.047269841577218134,4.020782124815494,6.717086298583323,0.00044930131297045233,0.05829547623974009,8.517448404847496,8.409427120292598,0.009680224241542289,0.0006784101402889325,7.221370824216507,1.7367805565565015,-0.170725619183024,-0.03131383650403987,1.3965474167276353,8.464862910273645,-0.05863638045439979,0.07892971422081445,4.457489795034931,1.77698099789469,-0.2369892383719472,0.09800346474552646,8.163329446763898,4.924125415102114,0.005737852329449823,0.0496249447329466,2.2740259058263654,6.180184028507496,0.049483867502219274,0.005551107241505903,7.416369045069461,5.026422665384402,-0.00896038924958385,-0.01601431186706132,4.916693896078001,2.9276414118287493,0.025419386583462808,-0.06835165287781637,7.569905365112568,2.583783053157883,0.0485464722892617,0.040961835361390246
413,4.43343759172669,3.4730963381744595,0.08325470828880618,-0.0008686247913446271,1.221489591053209,9.215269411213104,0.19721916882725754,0.18779374178857924,6.41978338826138,8.050628732261519,-0.03945471833270771,-0.01754562664669315,8.938231813090141,4.169331809414502,0.1337582833843797,0.03660267237675045,7.743442748356099,3.882570888525191,0.17707129637538604,-0.09146993126770381,4.089179357641372,2.739282465584387,0.09156777416590808,-0.014646608830528762,2.250802465705242,8.403760573359364,0.007343296585528883,0.13131870576064697,7.884995857041807,5.487042106487734,-0.06897943917960046,0.026905999629902522,5.909182045351928,2.5093262791576127,-0.06394649828093163,0.028234292305375802,1.5641722997184873,7.677573970835166,0.04616468054506422,0.04759257439553108,4.020804589881142,6.720001072395309,0.00014255755703382968,0.05810562477084546,8.517932416059573,8.409461040799613,0.010435250805544326,-0.0005588991181422638,7.2128345432573555,1.7352148647312995,-0.16897606341644153,-0.023797855455694305,1.3936155977049154,8.468809395984685,-0.0642792404646661,0.07294941369002317,4.445640333116334,1.7818811711319664,-0.23267011333058157,0.09612871147150293,8.16361633938037,4.926606662338761,0.0010420177374650744,0.051744546064597816,2.2765000992014763,6.180461583869571,0.04655877440274437,0.003281358456904215,7.415921025606981,5.025621949791049,-0.01474775178041137,-0.019407229529920283,4.917964865407174,2.9242238291848586,0.029111657026306244,-0.06953167657781523,7.572332688727031,2.5858311449259523,0.03473093072384345,0.04049269367505504
414,4.437600327141131,3.473052906934892,0.08094631688167403,-0.00689133551700972,1.231350549494572,9.224659098302533,0.20382438121768037,0.18635144396112682,6.417810652344745,8.049751450929184,-0.04303553256016952,-0.017370440644531793,8.94491972725936,4.17116194303334,0.13502444548183376,0.043168065884231076,7.752296313174868,3.877997391961806,0.16261358330785447,-0.09362334221651678,4.0937577463496675,2.7385501351428605,0.08600715366427063,-0.0196668070565038,2.2511696305345184,8.410326508647396,0.020847414312808545,0.13771440856974235,7.881546885082828,5.488387406469229,-0.07412204038649915,0.02683309768364286,5.905984720437881,2.5107379937728815,-0.0496763997735273,0.043527969456578955,1.5664805337457404,7.679953599554942,0.04954999265524985,0.047793195178092676,4.020811717758994,6.722906353633851,-0.0006099432601458503,0.057779395255359994,8.51845417859985,8.409433095843706,0.011195486815499731,-0.0017362073609103132,7.204385740086534,1.7340249719585148,-0.16674811592801436,-0.01647126965623866,1.3904016356816822,8.472456866669187,-0.06913523571739456,0.0668226764679477,4.434006827449805,1.7866876067055415,-0.22690940376172342,0.09489979231188192,8.163668440267244,4.929193889641991,-0.004043139493031332,0.053513664634389134,2.2788280379216137,6.180625651792416,0.04359610280991276,0.0010625701534693658,7.415183638017961,5.024651588314552,-0.020620056890508304,-0.022877465965452853,4.91942044825849,2.920747245355968,0.030856679487124537,-0.0709883656673519,7.574069235263224,2.587855779609705,0.021318608619866244,0.03963956168417527
415,4.441647642985215,3.4727083401590417,0.07868005105723688,-0.012798824503859505,1.241541768555456,9.23397667050059,0.20980310669573346,0.18386582056419373,6.415658875716736,8.048882928896958,-0.04640265072506649,-0.017214854139688707,8.951670949533453,4.173320346327552,0.13622206968837672,0.049459189363835795,7.7604269923402605,3.87331622485098,0.14746048967181855,-0.09713994585027819,4.098058104032881,2.7375667947900353,0.07990328748945354,-0.024262526706891566,2.2522120012501587,8.417212229075883,0.03418466585680727,0.1433334729156982,7.877840783063503,5.489729061353412,-0.0791257031664264,0.02717754149381524,5.903500900449204,2.5129143922457104,-0.03480172539370171,0.05814061138715909,1.568958033378503,7.682343259313846,0.0530623569086516,0.04785633338295225,4.020781220595986,6.7257953233966195,-0.0017621043964154198,0.0573190944279611,8.519013952940625,8.40934628547566,0.011952021004485556,-0.0028529550494123864,7.196048334290133,1.7332014084757028,-0.16414750753446444,-0.009476555068311795,1.3869448738958126,8.475798000492585,-0.07321342015812657,0.060535382586769805,4.422661357261719,1.7914325963211355,-0.21981961156974114,0.0953179954031308,8.163466283292593,4.93186957287371,-0.009533679833574126,0.05487666090340659,2.2810078430621092,6.180678780300089,0.04046735777557572,-0.0011680466917211594,7.414152635173435,5.0235077150162795,-0.02657835362162269,-0.026409699427190486,4.9209632822328455,2.9171978270726004,0.030808452996507737,-0.07271444186050575,7.575135165694217,2.589837757693914,0.008385187484917513,0.03847539775569631
416,4.445581645538077,3.4720683989338488,0.07641859234740088,-0.018576385795911775,1.2520319238902426,9.2431699615288,0.21516193492742577,0.18037510769800663,6.413338743180483,8.048022186189973,-0.0495539158843158,-0.01707336562345112,8.958482053017871,4.175793305795744,0.1284563757258027,0.055595600792287335,7.767800016823851,3.868459227558466,0.13168783853589708,-0.10197377339055662,4.102053268407354,2.7363536684546905,0.07325377990726588,-0.02840232782168916,2.2539212345429993,8.424378902721667,0.047063383338897265,0.14824677654426208,7.873884497905181,5.491087938428103,-0.08380152251869558,0.0278531368127138,5.901760814179519,2.5158214228150686,-0.01950190598385445,0.07225191567030118,1.5716111512239355,7.684736075982994,0.05664512207064272,0.04772602918936241,4.020693115376165,6.728661278118017,-0.003242388357115455,0.05671606543577014,8.519611553990849,8.40920363772319,0.012696533309149214,-0.003908946233378785,7.18784095891341,1.7327275807222873,-0.16532156518205032,-0.0048466484288550455,1.3832842028879062,8.478824769621923,-0.0762836423719909,0.05444001230900739,4.411670376683231,1.796198496091292,-0.2117727624977616,0.09847107105346516,8.162989599300914,4.93461340591888,-0.015437311654848884,0.05602466470883534,2.283031210950888,6.180620377965503,0.03717220774889668,-0.003406549231415469,7.412823717492354,5.02218723004492,-0.03263658051993526,-0.029959882827702226,4.922503704882671,2.913562104979575,0.029126741844311806,-0.07469982601184529,7.5755544250684625,2.5917615275816988,-0.004060898623767028,0.036923618489249486
417,4.449402575155447,3.471139579644053,0.07409283214678118,-0.024203732952317224,1.2627900206366138,9.2521887169137,0.22002530550988714,0.17605350608365058,6.410861047386267,8.047168517908801,-0.0524881430230735,-0.01694036182839731,8.964904871804162,4.1785730858353585,0.12045134229236536,0.06158848498117779,7.774384408750646,3.863360538888938,0.1069440565520447,-0.11132678002169256,4.105715957402717,2.734933552063606,0.06604453106645701,-0.032002757565217525,2.256274403709944,8.431791241548881,0.05945651966139559,0.15251655266504396,7.869694421779247,5.492480595268738,-0.08804352138489602,0.028864073777017055,5.900785718880326,2.5194340185985835,-0.004026950246263658,0.08618092510786221,1.5744434073274676,7.687122377442463,0.06023871441635729,0.04736104063602466,4.0205309959583095,6.731497081389806,-0.004962312047076888,0.055968675111520275,8.520246380656307,8.409008190411521,0.01341954547338433,-0.00490197107060446,7.179574880654307,1.7324852483008446,-0.16622546999259816,-0.0006133175681210593,1.3794700207693067,8.481546770237374,-0.07794816056440136,0.04847226451640581,4.401081738558343,1.8011220496439653,-0.20237158115754403,0.10138783384503916,8.162217733718172,4.937414639154322,-0.021652136346263718,0.05707225703955934,2.284889821338333,6.180450050503932,0.033771665534383856,-0.005648426884120185,7.411191888466357,5.020689235903535,-0.03879965198840774,-0.03320277820736474,4.923960041974887,2.9098271136789826,0.02303649086047754,-0.07129010170180482,7.575351380137274,2.5936077085061613,-0.016297757528128752,0.03489601282898976
418,4.453107216762786,3.469929392996437,0.07171574936677763,-0.029455396503051744,1.273791285912108,9.260991392217882,0.2246511158201317,0.17123070987300396,6.408236640235113,8.046321499817381,-0.05520242641490681,-0.016815146870299523,8.97092743891878,4.181652510084417,0.11114960832172327,0.0669059777642474,7.779731611578248,3.8577941998878535,0.08198799262582476,-0.11983118489434844,4.10901818395604,2.733333414185345,0.058260723252335764,-0.035058358573453935,2.2592472296930137,8.439417069182133,0.0713704838137317,0.1559894981316816,7.865292245710002,5.493923798957589,-0.09170005660802243,0.029929698002901732,5.900584371368013,2.5237430648539765,0.011793032938073959,0.09979993376817868,1.5774553430482854,7.689490429474263,0.06380769153389573,0.04663516684348065,4.020282880355956,6.734295515145382,-0.006868159015370079,0.055087344163197265,8.520917357929976,8.408763091857992,0.014111014487075278,-0.005829357782887357,7.171263607154677,1.7324545824224387,-0.16691298684581146,0.0032288589288615153,1.3755726127410866,8.483970383463195,-0.07820209609518311,0.042533863070659386,4.3909631595004655,1.8061914413362172,-0.19226816471467292,0.10406374618800476,8.16113512690086,4.9402682520063,-0.02868900259391768,0.057795898172495225,2.286578404615052,6.180167629159726,0.030300297355658614,-0.00789357385159083,7.409251905866936,5.019029096993167,-0.04506466192807831,-0.036126699889305294,4.925111866517911,2.9062626085938925,0.016488013151184172,-0.06785046368319672,7.574536492260868,2.595352509147611,-0.028521980247798097,0.03253268400703265
419,4.456693004231124,3.4684566231712846,0.06903796413411448,-0.03431835283323191,1.2850238417031148,9.269552927711532,0.22899665018948118,0.1659463427437973,6.405476518914368,8.045480742473867,-0.05769643599909527,-0.016695303780812118,8.976484919334867,4.184997808972629,0.10093781722360544,0.07187717836451386,7.783831011209539,3.851802640643136,0.05670512090264972,-0.127450001836325,4.111931220118656,2.7315804962566723,0.0502855219436085,-0.03789882294936708,2.2628157538837,8.447216544088716,0.08272757220074418,0.15861029554973952,7.8607072428796005,5.495420283857734,-0.09499462474435684,0.0312695572389335,5.901174023014916,2.5287330615423853,0.028390825444291917,0.11199407700386213,1.5806457276249801,7.691822187816437,0.06731080626401544,0.04552210570225794,4.019939472405188,6.737049882353542,-0.008915052924943634,0.05408053090898989,8.52162290865433,8.408471623968847,0.014760833265113302,-0.006686214319007533,7.162917957812387,1.7326160253688818,-0.16742739411546811,0.006609477545800106,1.3716625079363274,8.486097076616728,-0.07689975137064717,0.036139993104390845,4.3813497512647315,1.8113946286456175,-0.18177706923136985,0.10649697970988348,8.159700676771164,4.943158046914925,-0.036556522151393725,0.05808707182151572,2.288093419482835,6.179772950467147,0.026771035930521093,-0.010144715556209761,7.406998672770532,5.017222761998702,-0.05142842782344498,-0.039127940716448484,4.92593626717547,2.9028700854097327,0.010407419609919637,-0.06429585612792653,7.573110393248478,2.5969791433479625,-0.040736594698729645,0.02991831159715249
420,4.46014490243783,3.466740705529623,0.06624312133957694,-0.03887730908378027,1.2964736742125889,9.277850244848722,0.23296178473564189,0.1602460275812578,6.402591697114413,8.044645977284826,-0.05997052754086239,-0.016575824279657845,8.981531810196048,4.188591667890855,0.09034226162010126,0.07624165285479878,7.786666267254672,3.84543014055132,0.03103527198373492,-0.13411004528453474,4.114445496215836,2.729685555109204,0.042170976896325325,-0.0405516045923405,2.266952132493737,8.455147058866203,0.09354520576998476,0.1604308842204105,7.855957511642383,5.49698376171968,-0.09807741757780429,0.033054615580853874,5.902593564287131,2.5343327653925782,0.04573408579213509,0.12249987248268293,1.5840112679381808,7.6940982931015505,0.07069941637370229,0.04398198324168403,4.01949371975894,6.739753908898992,-0.010971331585837074,0.05296950861914752,8.522360950317585,8.408137313252896,0.015360883654879995,-0.007469509037720101,7.154546588106614,1.7329464992461718,-0.16774761969699487,0.00958424161720504,1.367817520367795,8.487904076271947,-0.07390565695414802,0.028740649405174002,4.372260897803163,1.8167194776311117,-0.17142945106873786,0.10869796596856907,8.157872850663594,4.946062400506,-0.044287724396152334,0.0575973888844748,2.289431971279361,6.179265714689336,0.023194256937510573,-0.012407319234018999,7.40442725137936,5.015266364962879,-0.057901487775704044,-0.04238540570646828,4.926456638155966,2.8996552926033363,0.004231808814302533,-0.06097537822503728,7.571073563513542,2.59847505892782,-0.05228965719729913,0.027455223971350928
421,4.463457058504809,3.464796840075434,0.06334941828121493,-0.04309923981114291,1.308121763449371,9.285862546227785,0.2366161406639437,0.15417499387995717,6.399593170737369,8.043817186070843,-0.06202608386796696,-0.016449743564094697,8.986048923277053,4.192403750533595,0.080110482104358,0.07809155136448001,7.788218030853859,3.838724638287093,0.005055872302643611,-0.139580209032203,4.116554045060653,2.7276579748795866,0.03387136538747904,-0.042978621722298174,2.2716293927822364,8.463168603077223,0.10385459053322557,0.16176388594206084,7.851053640763492,5.498636492498723,-0.10069261495322104,0.03489423601460164,5.904880268576738,2.5404577590167126,0.06320079033954033,0.13257444400277305,1.587546238756866,7.696297392263634,0.0739257923260653,0.04196158899838407,4.018945153179648,6.742402384329949,-0.012957088266206451,0.051762676705706105,8.523128994500329,8.40776383780101,0.015904418783115812,-0.008177445557477014,7.146159207121764,1.7334257113270322,-0.1678220305080615,0.012254647236051457,1.3641222375200874,8.489341108742206,-0.0693681509251382,0.020513182613305793,4.363689425249726,1.8221543759295402,-0.16134691860327993,0.11074473712982728,8.155658464443787,4.948942269950224,-0.05092775334970458,0.05687034982112543,2.2905916841262366,6.178645348727636,0.01957473470867356,-0.014687793874448019,7.401532176990575,5.013147094677556,-0.06454853070583023,-0.045852939816418345,4.926668228596681,2.8966065236920846,-0.0018232635081852988,-0.05774205199856442,7.5684590806536765,2.5998478201263877,-0.06297212382346642,0.025426407219215175
422,4.46662452941887,3.462641878084877,0.060369759364622334,-0.04701647755487822,1.319952570482568,9.293571295921783,0.24000603674384158,0.14775494406358716,6.396491866543971,8.042994698892638,-0.06386524441462738,-0.016312287302076164,8.99005444738227,4.196308328101819,0.0703516058402627,0.07784417469621306,7.788470824468991,3.831745627835483,-0.020687540668852974,-0.14387997150471335,4.118247613330027,2.7255090437934717,0.025169583458939764,-0.045154588558810264,2.276822122308898,8.471256797374327,0.11389220940872911,0.1630845047987591,7.846019010015831,5.500381204299453,-0.1028916735604417,0.036884161481079515,5.908040308093715,2.547086481216851,0.08087709462029824,0.14248408053007292,1.5912425283731693,7.698395471713553,0.07694346634003758,0.03943552981043537,4.0182972987663375,6.744990518165235,-0.014832041402054496,0.050491086208361374,8.523924215439484,8.407354965523137,0.01640294495396561,-0.008860631248490947,7.137768105596361,1.7340384436888348,-0.16755773569001778,0.014776474121692078,1.3606538299738304,8.490366767872871,-0.0629170731658723,0.011627159002475485,4.355622079319562,1.8276916127860316,-0.15138836677918707,0.11270750224979713,8.153112076776303,4.95178578744128,-0.0566787332053612,0.0565867379991834,2.29157042086167,6.177910959033913,0.015980720287568174,-0.017063076407914834,7.398304750455283,5.010854447686735,-0.07129699689950623,-0.049463580953183824,4.926577065421272,2.893719421092156,-0.007693576333030613,-0.05448880142945927,7.565310474462503,2.6011191404873486,-0.07236914326936257,0.024005298097922345
423,4.469643017387101,3.460291054207133,0.05712296733130763,-0.050681481852969154,1.3319528723197602,9.300959043124962,0.24277830949457685,0.14101742351786611,6.393298604323239,8.042179084527534,-0.06549087988954765,-0.01615749651924083,8.993572027674285,4.200200536836629,0.060231821961936285,0.0770696456321389,7.787436447435549,3.824551629260247,-0.045934625763304884,-0.14690307233532793,4.119506092502974,2.7232513143655313,0.016000927288571568,-0.047051341162162336,2.2825167327793343,8.479411022614265,0.12368047225281481,0.16435327953543175,7.840874426337809,5.502225412373507,-0.1047089822992694,0.03907447776329225,5.91208416282473,2.554210685243355,0.09869261746985802,0.15201032284584212,1.595089701690171,7.700367248204075,0.07983210188600659,0.036429130201286866,4.017555696696235,6.747515072475653,-0.016561439250302977,0.049235351291584954,8.524744362687182,8.406911933960712,0.01684956814520306,-0.009518616840751904,7.12939021881186,1.7347772673949193,-0.1669883628795944,0.01705379381376733,1.3575079763155369,8.490948125822994,-0.05473957071254513,0.0021407854885384884,4.348052660980603,1.8333269878985214,-0.14148323561797416,0.11456003304960324,8.150278140116034,4.954615124341239,-0.0614231381322573,0.05756847613812731,2.2923694568760484,6.177057805213518,0.01228795959652146,-0.019383229860370832,7.394739900610308,5.008381268639075,-0.07808634591903367,-0.05319532904237812,4.926192386604621,2.8909949810206834,-0.013746781540020856,-0.051203113640138326,7.561692017299035,2.6023194053922447,-0.08043885072261346,0.023196818181617996
424,4.472499165753667,3.4577569801144845,0.05372808755804847,-0.05408097577079199,1.3440917877944891,9.308009914300856,0.24460453732343712,0.13378267953531264,6.390024060328762,8.041371209701571,-0.06690908002477866,-0.015977111501938944,8.996583618772382,4.204054019118236,0.04916929227882319,0.07670257017117595,7.785139716147383,3.8172064756434807,-0.07067453344524688,-0.1484471570146633,4.120306138867402,2.720898747307423,0.006429063577691288,-0.048686560505168945,2.2887007563919752,8.487628686591037,0.13324013489290956,0.16556893461268055,7.835638977222845,5.504179136261672,-0.10615861978680012,0.041524878912982406,5.917018793698222,2.561811201385647,0.11653602635247598,0.16106623310532736,1.5990813067844714,7.702188704714139,0.08254858878705143,0.03298158748919447,4.016727624733719,6.749976840040232,-0.018119827647400565,0.04799898713930248,8.525586841094443,8.406436003118674,0.01722973476521916,-0.010150818208741088,7.12104080066788,1.7356299570856077,-0.16520086857034785,0.0196094802354597,1.3547709977799096,8.491055165097421,-0.04541048566053173,-0.008009914573974864,4.340978499199704,1.8390549895510016,-0.13164216752896582,0.11627508871646716,8.147206983209422,4.957493548148145,-0.06583336365775569,0.059225679536772234,2.2929838548558745,6.176088643720499,0.00850835791826924,-0.02163999228299208,7.390835583314356,5.005721502186956,-0.08494005603398957,-0.05696042369515007,4.925505047527619,2.8884348253386767,-0.019925971594556724,-0.04791746049601715,7.557670074762904,2.6034792463013257,-0.08696686764747155,0.023108239468724347
425,4.475185570131569,3.455052931325945,0.050200319229262574,-0.05724329237624071,1.356322014660661,9.314699048277621,0.24540950512918033,0.12601054752604485,6.386678606327523,8.040572354126475,-0.06812649371844512,-0.01576216474300558,8.999042083386323,4.207889147626795,0.03724108708673411,0.07675295596228582,7.781605989475121,3.8097841177927476,-0.09486793209970779,-0.14858605619802975,4.1206275920462865,2.7184644192821645,-0.003476282160242825,-0.05007998997448614,2.295362763136621,8.495907133321671,0.1425918309669185,0.1670252821862291,7.830331046233505,5.506255380207321,-0.10725886229723809,0.044381598965641915,5.922845595015846,2.5698645130409132,0.13384508555514704,0.16971276152815984,1.6032087362238239,7.7038377840885985,0.08505028774294494,0.02910251012916048,4.015821633351349,6.752376789397197,-0.019483268622947403,0.04678556481479405,8.526448327832703,8.405928462208237,0.017535043539332815,-0.01075599185055687,7.112780757239363,1.7366104310973807,-0.16232168557598217,0.022404789995136155,1.352500473496883,8.490654669368723,-0.03534624884078762,-0.018777293232031124,4.3343963908232555,1.844868743986825,-0.12169351007590568,0.11761073390411331,8.143915315026534,4.9604548321249835,-0.07015355040685638,0.06146338151158141,2.293409272751788,6.175006644106349,0.004652591934806906,-0.023824262046521383,7.386588580512656,5.002873481002199,-0.09179117632712999,-0.06073587316483563,4.924508748947892,2.886038952313876,-0.026096429568632996,-0.044668180341312105,7.553321731380531,2.6046346582747617,-0.0918044823178674,0.02383325895907066
426,4.4776955860930325,3.452190766707133,0.04661936865617584,-0.060076033852836115,1.36859248991712,9.320999575653923,0.24548718003960648,0.11760580310956956,6.3832722816416005,8.039784245889324,-0.06914744379740935,-0.015503760237566477,9.00090413774066,4.21172679542491,0.024530101545390422,0.07723802354404372,7.776862592870136,3.8023548149828463,-0.11854901691139526,-0.14746755967199707,4.120453777938274,2.7159604197834404,-0.013619119625052243,-0.05126795329256585,2.3024923546849667,8.504258397430982,0.15217924999996904,0.16863077855553138,7.8249681031186435,5.508474460155603,-0.10815291595012066,0.04776262512933916,5.929537849293603,2.5783501511173212,0.1502560815749873,0.17793196637120412,1.6074612506109711,7.705292909595056,0.08734404732737182,0.02483428596431692,4.014847469920202,6.754716067637937,-0.020617114741993615,0.045582323708671324,8.52732508000967,8.405390662615709,0.017760080875682302,-0.011333030609922547,7.104664672960563,1.7377306705971374,-0.15855890544607265,0.02536615866768588,1.3507331610548436,8.48971580470712,-0.02493372121999523,-0.030272276219673412,4.32831171531946,1.8507492806820307,-0.11205750431666647,0.11868230220319821,8.140407637506192,4.9635280012005625,-0.07441088703827366,0.06409380209953831,2.2936419023485284,6.173815431004023,0.000721647357947431,-0.025919839353566843,7.381999021696299,4.999836687343957,-0.09863252145852724,-0.06451778899342125,4.92320392746946,2.8838055432968104,-0.032176452395423806,-0.04084697834629696,7.5487315072646375,2.605826321222715,-0.09492054087609304,0.02552336263151548
427,4.480026554525842,3.4491869650144915,0.04320139208306621,-0.0623897291420307,1.3808668489191003,9.326879865809401,0.2450409509840826,0.10853615397946359,6.3798149094517305,8.039009057877445,-0.06997658836466056,-0.015192502803488916,9.00213064281793,4.215588696602111,0.011053224630889232,0.07822472674989742,7.770935142024566,3.7949814369992465,-0.14140628208578415,-0.1471854205970084,4.119772821957022,2.713397022118812,-0.02385549763913992,-0.05223049184410503,2.3101013171849654,8.51268993635876,0.1619759886245418,0.17043700548704374,7.8195604573211375,5.51086259141207,-0.1089140646561992,0.05170454888176626,5.937050653372353,2.5872467494358813,0.16560688083751093,0.18580080840673613,1.6118284529773397,7.706534623893272,0.08950444859716533,0.020465774004406526,4.013816614183102,6.756995183823371,-0.02150288781960077,0.044392297324824324,8.528213084053453,8.404824011085212,0.017901005999969907,-0.011881561212750216,7.09673672768826,1.7389989785305218,-0.15433194892956836,0.028343310650172128,1.3494864749938438,8.488202190896137,-0.014462357854345052,-0.04269093301589038,4.322708840103626,1.8566833957921907,-0.10278310056577002,0.11935011911595358,8.136687093154277,4.966732691305539,-0.0785748306419085,0.06682544925571726,2.293677984716426,6.1725194390363445,-0.003238905826204219,-0.027921237596576887,7.377067395623373,4.996610797894286,-0.10544415069427172,-0.06828485283464497,4.921595104849689,2.8817631943794955,-0.025834786412223733,-0.03999334958795589,7.543985480220833,2.6071024893542907,-0.09654090804547323,0.02798332958163402
428,4.482186624129995,3.44606747855739,0.0399510327117617,-0.06438502237929962,1.3931188964683043,9.332306673508374,0.24397382332416573,0.09884522104994775,6.376316080033497,8.03824943273727,-0.07062122265619021,-0.014826584929920084,9.002683304049475,4.219499932939606,-0.0029106579942137657,0.07965382009962242,7.763864827920277,3.7876221659693963,-0.16366777201355287,-0.14566074076857322,4.118580047075064,2.710785497526607,-0.03353931377406958,-0.05324224595083526,2.3182001166161923,8.521211786633112,0.17189394670531039,0.17254618792678822,7.814114754088328,5.513447818856158,-0.10936719294935582,0.05605063980948633,5.945330997414229,2.596536789856218,0.18023891662938488,0.19327226031508613,1.616303675407198,7.707557912593492,0.09157278304252266,0.01598989694292028,4.012741469792122,6.759214798689611,-0.022130542237950038,0.0432228390137732,8.529108134353452,8.404229933024574,0.017962671475338407,-0.012414227294312854,7.0890201302417815,1.7404161440630304,-0.14991324203564746,0.031195277232410803,1.3487633571011266,8.486067644245344,-0.003438048159578053,-0.05543024566466358,4.317569685075338,1.8626509017479884,-0.09357981707701955,0.11950575628474473,8.132758351622183,4.970073963768325,-0.0824779115374516,0.07015959338606642,2.2935160394251155,6.1711233771565155,-0.007122684502594867,-0.029834105060702044,7.37179518808866,4.993196555252554,-0.1121969739874808,-0.0719991769960553,4.920303365529078,2.879763526900098,-0.020670416098936953,-0.037391701279619154,7.539158434818559,2.6085016558333725,-0.09798387093037618,0.030810566196755384
429,4.484184175765583,3.442848227438425,0.03690802597870182,-0.06604342122360132,1.4053175876345125,9.33724893456087,0.24222991472514668,0.0885901271774006,6.372785018900688,8.037508103490774,-0.07108900288861972,-0.014401099641195781,9.002537771149765,4.223482623944587,-0.016901353768768973,0.08133101489612501,7.755681439319599,3.780339128930968,-0.18514105309904405,-0.14295499183054916,4.1169030813863605,2.708123385229065,-0.04255746225591544,-0.05427626686273745,2.326794813951458,8.529839096029452,0.18196653860613587,0.17496846760507334,7.80864639444086,5.516250350846633,-0.10955748562067864,0.060853499011513656,5.954342943245698,2.6062004028719725,0.19394117062671076,0.1999508728453176,1.620882314559324,7.708357407440638,0.09355316524657845,0.01148600644344766,4.0116349426802245,6.7613759406403,-0.022493893270087908,0.04208309026538133,8.530006267927218,8.403609221659858,0.01794916767053551,-0.012940729510547656,7.081524468139999,1.7419759079246508,-0.14492377298428638,0.03431751884120931,1.3485914546931477,8.48329613196211,0.008135336542627606,-0.06836583193833377,4.312890694221487,1.8686261895622256,-0.08428377833018576,0.11920061973545819,8.12863445604531,4.973581943437628,-0.08554473926679597,0.07500264400006579,2.293159905199986,6.16963167190348,-0.01092665032445709,-0.0316487708923275,7.366185339389286,4.989596596402752,-0.11881225658263841,-0.07545736286253041,4.9192698447241305,2.877893941836117,-0.015490358588203348,-0.033580129160025535,7.53425924127204,2.6100421841432104,-0.0993775359311725,0.03402018355818174
430,4.486029577064518,3.439546056377245,0.03396079496909927,-0.06753862413375639,1.41742908337077,9.34167844091974,0.23969250737162628,0.07796688670651436,6.369230568756256,8.036788048508715,-0.07138693111759406,-0.013907773835904247,9.001692703461327,4.227549174689393,-0.03077734785503454,0.08324783824601811,7.746424386664647,3.7731913793394405,-0.2058303304499466,-0.13924447864111417,4.1147752082735645,2.7054095718859283,-0.050886324744185245,-0.055320433975296526,2.3358931408817645,8.538587519409706,0.19236063945099596,0.17771493992652404,7.803168520159826,5.519293025797209,-0.10938708376437543,0.06589382907879061,5.964040001777033,2.616197946514238,0.20513226305825602,0.20527193333890603,1.625559972821653,7.708931707762811,0.09543545683178543,0.007008204896993231,4.01051024801672,6.763480095153569,-0.022589171667290398,0.04098246377064585,8.530903726310745,8.40296218518433,0.017833234773802227,-0.013461000806229253,7.074278279490785,1.7436917838667114,-0.13903943406893832,0.03803864687282075,1.3489982215202792,8.479877840365193,0.02009734948923329,-0.08157759037310627,4.308676505304978,1.8745862205489985,-0.07489898528704916,0.11849453543003767,8.12435721908197,4.977332075637631,-0.08714175668911443,0.08130279013277339,2.292613572683763,6.168049233358864,-0.014639806979887883,-0.03327907136202402,7.360244726560154,4.985823728259625,-0.12523016733731904,-0.07856375894904441,4.91849532679472,2.8762149353781155,-0.010402858150109209,-0.028743718503454148,7.529290364475481,2.6117431933211197,-0.10037735877126706,0.03734548459442041
431,4.487727616812974,3.436169125170557,0.031128478734391438,-0.06889164165391587,1.4294137087393513,9.345576785255066,0.23631441822680035,0.06701781222955704,6.365661222200377,8.03609265981692,-0.07152015867453795,-0.013342214651725536,9.000153836068575,4.231711566601694,-0.044417376093331046,0.08541685480842036,7.73613287014215,3.766229155407385,-0.2252508454507668,-0.13419291160818092,4.112230892036355,2.7026435501871635,-0.05852652708764915,-0.05654566211728981,2.345511172854314,8.547473266406032,0.20252659606739765,0.18025805908139456,7.797699165971607,5.522587717251149,-0.10879653323739885,0.07092769502234168,5.974296614929946,2.6264615431811835,0.21402766918523203,0.2093873647221582,1.6303317456632422,7.7092821180076605,0.09720893753025174,0.0025376408445306527,4.009380789433355,6.765529218342102,-0.022416027252269457,0.03993948018281459,8.531795388049435,8.402289135144018,0.01746381896905846,-0.013974971145900029,7.067326307787338,1.7455937162103525,-0.13219247418000324,0.042356189410867585,1.3500030889947408,8.475798960846538,0.032346057796976364,-0.09498911079461125,4.304931556040625,1.8805109473205004,-0.06547663386712348,0.11741036317002147,8.120000131247515,4.98139721514427,-0.08725283180729852,0.08910105281831072,2.2918815823347685,6.166385279790762,-0.018249084660404126,-0.034616734725689366,7.353983218193288,4.9818955403121725,-0.13151155663337388,-0.08124669793457097,4.917975183887215,2.8747777494529427,-0.005932399150833048,-0.02253680707369131,7.524271496536918,2.6136104675508407,-0.1015740252056743,0.04080151277275464
432,4.489284040749693,3.4327245430878612,0.028521748198765025,-0.07011082886516116,1.4412294296506913,9.348927675866543,0.232026687696896,0.05576011980311393,6.362085214266649,8.035425549084334,-0.07149373519045096,-0.012702739747560865,8.997932967263909,4.235982409342116,-0.057783322803440756,0.08787761524537248,7.724870327869612,3.759519509826976,-0.2431050993985016,-0.12763111598607055,4.109304565681973,2.699816267081299,-0.06534980307098273,-0.057977853977220564,2.355637502657684,8.5564861693601,0.212443053601234,0.18255782141234386,7.792259339309737,5.526134102002266,-0.10804022815376638,0.07601653134953686,5.984997998389208,2.6369309114172914,0.22213659649474513,0.21295319434192347,1.6351921925397548,7.709409000049887,0.09884346713575959,-0.001952856491260935,4.0082599880707415,6.767526192351243,-0.021969310183716485,0.03896848335965275,8.532668578997887,8.401590386586724,0.016845547066854902,-0.014478467459367652,7.060716684078338,1.747711525680896,-0.1242249544198714,0.0473389786441945,1.3516203918845895,8.471049505306807,0.04439597865392903,-0.10822621014411,4.301657724347269,1.8863814654790014,-0.0560423376763848,0.11596693359937638,8.11563748965715,4.9858522677851855,-0.0859245143588017,0.09838264563442516,2.2909691281017484,6.164654443054478,-0.021755893015854757,-0.03566097485393829,7.347407640361619,4.977833205415444,-0.13772840043213047,-0.08348225563228434,4.917678563929673,2.873650909099258,-0.0010081714809979572,-0.015817626877167642,7.519192795276634,2.6156505431894783,-0.10315515202969563,0.04438069681318185
433,4.490710128159631,3.4292190016446034,0.026096960841315492,-0.071205531030735,1.4528307640355362,9.351715681856698,0.2266978905204157,0.044294128514690397,6.358510527507127,8.034790412096955,-0.0713129829875825,-0.011988532539776808,8.995043801123737,4.240376290104384,-0.07093034761375494,0.090588974470586,7.7127150728996865,3.753137954027672,-0.25928255547941514,-0.11968270622011176,4.106037075528424,2.696917374382438,-0.0713032628851736,-0.05961619883878758,2.3662596553377457,8.565614060430718,0.22230691301628833,0.18468976686592806,7.786857327902049,5.529934928569743,-0.1076796204254043,0.08110746277999588,5.996104828213945,2.6475785711343875,0.2331694281635989,0.21622124958720373,1.6401343658965428,7.7093113572253245,0.10031718266460538,-0.0065028958869509,4.007161522561556,6.769474616519226,-0.02610620221932001,0.04371829964323639,8.53351085635123,8.400866463213756,0.015987077759432266,-0.014969959397377509,7.054505436357345,1.7500784746131057,-0.11521550523593051,0.052971573617043397,1.353840190817286,8.4656381947996,0.055283564234278,-0.12065681320125608,4.29885560746345,1.8921798121589704,-0.046748629471161714,0.11403514687594145,8.11134126393921,4.990771400066907,-0.08319147040502535,0.10918862053514766,2.2898813334509556,6.162871394311781,-0.025181114161007802,-0.03635492365368254,7.340521220340013,4.97365909263383,-0.14358485666718163,-0.08594249192089146,4.917628155355623,2.8728600277554,0.0035344575672303065,-0.00845407576713842,7.514035037675149,2.6178695780301373,-0.10486840297967447,0.04817787217588804
434,4.492014976201697,3.425658725093067,0.02359739945699523,-0.07191223522446118,1.464165658561557,9.353930388282432,0.22030647105010548,0.032663135178251264,6.354944878357748,8.034190985469966,-0.07098459902030212,-0.011176642306468731,8.99149728374305,4.244905738827914,-0.08385313826030798,0.09350466735878629,7.699750945125715,3.7471538187166664,-0.27431653817356416,-0.11098331667300215,4.102471912384165,2.6939365644404987,-0.07642280305500869,-0.06141413513674071,2.37737500098856,8.574848548774014,0.23234104054972415,0.18658595210756768,7.781473346880778,5.533990301708743,-0.10769812505990385,0.08599238267671772,6.007763299622125,2.658389633613748,0.24344064211232555,0.21818965554174352,1.6451502250297731,7.708986212430977,0.1017222984627211,-0.011086158911638666,4.00585621245059,6.771660531501388,-0.02954531906981535,0.04821819290621876,8.534310210239202,8.400117965243886,0.014907675267981957,-0.015428656859831948,7.048744661095548,1.7527270532939578,-0.10526209580256564,0.059190822463216684,1.3566043690289997,8.459605354139537,0.06484028240492085,-0.13217344310576468,4.296518175989892,1.8978815695027673,-0.03776782329926764,0.111535739159846,8.107181690418958,4.996230831093665,-0.07982549813942419,0.11891480514169979,2.2886222777429053,6.161053648129097,-0.0284618074536256,-0.03653637608307026,7.333341977506653,4.969361968037785,-0.14941763495709576,-0.08835378497302836,4.9178048782339845,2.872437323967043,0.007732598590746962,-0.00043747828755658774,7.508791617526165,2.620278471638932,-0.1064470696219827,0.052603530088976835
435,4.493194846174547,3.4220631133318435,0.021082308082478744,-0.07233919768392108,1.4751809821140622,9.355563545041345,0.2131457880738596,0.020755244739217756,6.351395648406733,8.033632153354642,-0.07050886119526607,-0.010271604914537913,8.987304626830033,4.249580972195853,-0.09632640259689398,0.09660140339502735,7.686035118217037,3.7416046528830162,-0.2882294677680809,-0.10169854841943732,4.098650772231415,2.6908658576836615,-0.08087192508157139,-0.06329545982285073,2.3889920530160462,8.584177846379392,0.24250531333491093,0.18816885533626784,7.776088440627783,5.538289920842579,-0.1079762287840259,0.09064419774841972,6.0199353317277415,2.669299116390835,0.2526823676167239,0.2191953864128547,1.6502363399529092,7.708431904485395,0.10279797938916324,-0.01577657618647139,4.004378946497099,6.774071441146699,-0.032270065311980914,0.05244045816465019,8.535055594002602,8.399346532400894,0.013630995185899207,-0.01580975207830413,7.04348155630542,1.7556865944171187,-0.09468140112712008,0.06596723801988592,1.3598463831492458,8.45299668198425,0.07311329534103611,-0.14278824132377654,4.294629784824928,1.9034583564607597,-0.02917810704360281,0.10850446131702632,8.103190415511987,5.002176571350749,-0.07662207072035776,0.1271069189286356,2.287199187370224,6.159226829324943,-0.03159945369660179,-0.036241834771619956,7.3258710957587985,4.964944278789134,-0.15521099669541993,-0.09069982733041351,4.918191508163522,2.872415450052665,0.011674206438556753,0.008150991485974373,7.503469264045066,2.6229086481433805,-0.10897379656821742,0.056910528565362904
436,4.494248961578672,3.4184461534476474,0.018509373380439977,-0.07240467736179008,1.4858382715177552,9.356601307278307,0.20531634992393055,0.008624485827846523,6.34787020534697,8.033118573108915,-0.06988198610764725,-0.009278503150067573,8.982488306700189,4.254411042365604,-0.10793895649141379,0.09980822306343956,7.6716236448286335,3.7365197254620446,-0.30103789647281953,-0.09198924012299528,4.094607175977337,2.687701084692519,-0.08495127479310875,-0.06513504635645678,2.401117318682792,8.593586289146206,0.25150284755036123,0.18954919804703105,7.770689629188581,5.54282213073,-0.10850964900404332,0.09501498586070248,6.032569450108578,2.6802588857114777,0.25866661546511543,0.22084528954636623,1.6553762389223674,7.707643075676072,0.10350068276080726,-0.020523495684318948,4.0027654432315005,6.776693464054931,-0.03428802116651602,0.05638038963182568,8.535737143761896,8.39855604479698,0.01217411238126702,-0.016115154613317986,7.038747486249064,1.758984956318113,-0.08373186843945604,0.073288399796667,1.3635020479162976,8.44585726991806,0.08052808483888843,-0.1524680557518676,4.293170879472748,1.908883579526611,-0.02096665378461157,0.10483156089361877,8.09935931197597,5.008531917297181,-0.07391127867059218,0.1337738541638975,2.285619214685394,6.157414737586362,-0.034599203848832055,-0.03561721036470107,7.318110545924028,4.960409287422613,-0.16094560911562122,-0.09294648453057115,4.91877521848545,2.8728229996269636,0.015312551814213834,0.017279741601607383,7.498020574216655,2.625754174571649,-0.11242122007102026,0.06083670328052423
437,4.495174430247694,3.414825919579558,0.015921430228846768,-0.0724497871523071,1.4961040890139516,9.357032531569699,0.19693712747129002,-0.003746280126409535,6.3443761060415875,8.03265464795141,-0.06910798254233581,-0.008208711069396978,8.977091358875619,4.259401453518776,-0.11883260684436865,0.10291497864046736,7.656571750004993,3.731920263455895,-0.3127300046867211,-0.08197648756023397,4.090359612237681,2.6844443323746963,-0.08864263701017742,-0.0669191066931062,2.41369246106031,8.603063749048557,0.25945055174633747,0.19074521339382636,7.765264146738379,5.5475728800230355,-0.10929511640519021,0.09904496355485626,6.045502780881834,2.6913011501887962,0.26135247712714565,0.222089994996156,1.6605512730604077,7.706616900891856,0.10403212708685039,-0.025249197418742587,4.001051042173175,6.779512483536522,-0.03562742284376688,0.06004146896405815,8.53634584938096,8.397750287066314,0.010554228382038542,-0.01634687984692498,7.034560892827091,1.7626493763079463,-0.07282393681361299,0.08109638325470915,1.367528452158242,8.438233867130466,0.08718982925464847,-0.16120600056345016,4.292122546783517,1.9141251575712919,-0.013180046787360056,0.10064015072461337,8.09566374804244,5.015220610005376,-0.07167842646495806,0.1389205181723957,2.2838892544929523,6.1556338770681265,-0.03745771930515091,-0.034682556169839424,7.310063265468247,4.9557619631960845,-0.1666366505404917,-0.09506033401400153,4.919540846076161,2.873686986707044,0.018710543694988334,0.026755521880051675,7.492399513213104,2.628796009735675,-0.11617491906076921,0.06448598685355565
438,4.495970501759136,3.4112034302219425,0.01279814497997115,-0.07260183288513682,1.5059509453875162,9.356845217563379,0.18805223113330402,-0.016313126735525138,6.340920706914471,8.032244212397941,-0.0681872938088773,-0.007083425574324375,8.9711497285334,4.2645472024507995,-0.12921688484376975,0.10576815817722722,7.640935249770656,3.7278214390778834,-0.32339454968632053,-0.07194596983309735,4.085927480387173,2.681098377040041,-0.09170962567206269,-0.068768150993722,2.426664988647627,8.612601009718249,0.2664268984179187,0.19175882660668003,7.759799390918119,5.552525128200778,-0.1102934305027139,0.10269768557083317,6.058570404738191,2.702405649938604,0.2610667946724404,0.2230009277531164,1.6657528794147503,7.705354441020918,0.10439816852364181,-0.0299229790372185,3.9992696710309863,6.782514556984725,-0.03629710151691504,0.06342412382467388,8.53687356080006,8.396932943073967,0.008788941087054677,-0.016507116003004897,7.030919695986411,1.7667041954706817,-0.0620217140252791,0.08928963176506986,1.3718879436209745,8.430173567102292,0.09317218465556838,-0.1691391247182563,4.291463544444149,1.9191571651075225,-0.005328212192156656,0.09659630675491064,8.092079826719193,5.022166635913996,-0.06994494048313604,0.14282394440234947,2.2820163685276946,6.153899749259635,-0.04017400615810673,-0.03345687857157163,7.301731432941223,4.951008946495384,-0.17214573686625637,-0.09717432338208262,4.92047637326091,2.8750247628010466,0.021976359295741165,0.03640813870873171,7.486590767260066,2.6320203090783525,-0.12029850808471693,0.0683639503517904
439,4.4966104090081345,3.4075733385776856,0.0098250544952328,-0.07243035205670631,1.5153535569441814,9.356029561226602,0.1790246293547968,-0.02906146054728509,6.337511342224027,8.031890041119226,-0.06712734627348167,-0.00590849388050223,8.964688884291212,4.269835610359661,-0.1391537197155387,0.10835833817938013,7.62476552228634,3.7242241405862284,-0.3332066350168068,-0.062130657656154525,4.08134199910357,2.677659969490355,-0.09425201299365406,-0.07058653764529756,2.439986333568523,8.622188951048583,0.2724593604634691,0.19244674816611815,7.754284719392984,5.55766001247932,-0.11144930053800461,0.10555831866842219,6.071623744471813,2.7135556963262597,0.2576660855649222,0.22382802946430017,1.6709727878409324,7.703858292069057,0.10459839579913258,-0.03451326646929305,3.9974548159551406,6.785685763175959,-0.03629009536345072,0.06653261911227107,8.537313007854413,8.396107587273816,0.006895476983713575,-0.016598263676088368,7.027818610285147,1.7711686770589352,-0.05129213886811357,0.09767346761721601,1.376546552853753,8.42171661086638,0.09855542396952846,-0.1765186796754077,4.291197133834541,1.923986980445268,0.002673019210002082,0.09282216858741014,8.088582579695036,5.029307833134113,-0.0687545198704432,0.14609841385246564,2.280007668219789,6.152226905331056,-0.04274868951141159,-0.03195960495880418,7.2931241460979095,4.94615023032628,-0.1773680861076323,-0.09939550183177297,4.921575191225697,2.876845169736483,0.02479542839814767,0.04598689644183833,7.48057584185583,2.635438506595942,-0.12499156062990678,0.07319233226271053
440,4.497101661732896,3.4039518209748505,0.006977884783046941,-0.07191011773453093,1.5243047884119212,9.354576488199239,0.16979922360213795,-0.041905030660467156,6.334154974910353,8.0315946164252,-0.06593447106701118,-0.004695430115185029,8.957731198305435,4.27525352726863,-0.14869127350277014,0.11055754747459336,7.6081051905355,3.7211176077034205,-0.3419909991806824,-0.052594617081842314,4.076629398453887,2.67413064260809,-0.09625851283546333,-0.07235699620200924,2.453609301591696,8.63181128845689,0.277385271219461,0.1926480633427914,7.748712254366083,5.562937928412741,-0.11241366531998036,0.10738289787006089,6.0845070487500585,2.7247470977994745,0.2513030095933188,0.22464817661729028,1.676202707630889,7.702132628745592,0.10462839593443513,-0.038999621282272745,3.995640311186968,6.789012394131572,-0.03563757239718504,0.06937744654818177,8.537657781703599,8.395277674090012,0.004891245098638006,-0.016623005814427574,7.025254003341741,1.776052350439796,-0.0406532372768126,0.10603316284317008,1.3814743240522294,8.41289067688261,0.10281308321108558,-0.1831457245021537,4.291330784795041,1.9286280888746385,0.010827980676791329,0.08937530760344237,8.085144853701513,5.036612753826736,-0.06816139144258009,0.1485813345512872,2.2778702337442187,6.150628925083116,-0.04525501751302998,-0.03030502192935519,7.284255741792528,4.941180455234692,-0.18220836957599798,-0.10201922658294742,4.922814962645605,2.879144514558575,0.02705490748871907,0.05536482526507098,7.474326263824335,2.6390981232090773,-0.12997552407473578,0.07941179866583725
441,4.497450555972049,3.400356315088124,0.004191863475936154,-0.07105824768573976,1.532794749592028,9.352481236666216,0.16041043853791753,-0.05479685371382714,6.330858251357003,8.031359844919441,-0.06461543145400268,-0.0034569151665487354,8.950296634630297,4.28078140464236,-0.1578455291909606,0.11223019741693183,7.5910056405764665,3.7184878768493284,-0.349764626521476,-0.04348632924076069,4.071816472812114,2.67051279279799,-0.09755170303161984,-0.07396228134735158,2.4674785651526694,8.64144369162403,0.28131748015984775,0.19269115501549688,7.743091571100084,5.5683070733062445,-0.11322186444252846,0.10818054259326765,6.097072199229724,2.735979506630339,0.24258915921432864,0.22389298981923927,1.6814341274276108,7.700182647681479,0.10448502701971173,-0.04336510979657691,3.9938584325671087,6.7924812664589815,-0.034368899081540775,0.07197045181049705,8.537902343958532,8.39444652379929,0.002790185840653845,-0.016584770430155164,7.023221341477901,1.7813540085819546,-0.0301841165359221,0.11427755884427061,1.3866149782127837,8.403733390657502,0.10596463223745563,-0.1890223427533582,4.291872183828881,1.9330968542548106,0.019151568153998513,0.0863665469053027,8.081736784129383,5.0440418205543,-0.06834784110443101,0.15024832950295258,2.2756074828685673,6.1491136739866485,-0.047704142191999366,-0.028513327355297137,7.275145323313728,4.936079493905544,-0.1866369548222033,-0.10509187433332508,4.924167708020041,2.8819127558218285,0.028876434001222695,0.06455568565573412,7.467827487620599,2.643068713142369,-0.13494853367597118,0.08673953632505318
442,4.497660149145846,3.396803402703837,0.0016135494547064098,-0.06977724207595921,1.5408152715189238,9.349741393980525,0.1509545982483248,-0.06768785720332146,6.327627479784303,8.031186999161113,-0.0631808933131097,-0.002202692903898007,8.942404358170748,4.286392914513207,-0.16661105828708714,0.1134125647901897,7.5735174092503925,3.7163135603872903,-0.35781099279583284,-0.03581587232466687,4.066938887660533,2.6668146787306224,-0.09819710398789291,-0.07553377661957077,2.4815444391606616,8.651078249374805,0.28316750812336683,0.19279126151698303,7.7374304778779575,5.573716100435908,-0.11435603242665646,0.10781966378018716,6.10920165719044,2.747174156121301,0.23189487596733463,0.22112298353512158,1.6866583787785965,7.69801439219165,0.10416197915825486,-0.047604670087747984,3.9921399876130317,6.796079789049506,-0.032522824396086406,0.07432478889926077,8.538041853250565,8.393617285277783,0.0006069079356665094,-0.016487229169389297,7.0217121356511045,1.787067886524168,-0.019499492221613932,0.12210086218613615,1.3919132098246565,8.394282273519833,0.10805455697526671,-0.1940426180928424,4.292829762236581,1.9374151816000758,0.027793977895877023,0.0834717793452379,8.078319392074162,5.051554237029448,-0.06933553514437185,0.15103975597159314,2.2732222757589673,6.147688007618884,-0.05019855075477879,-0.02661044329664283,7.265813475572618,4.930824900188878,-0.19064418589379467,-0.10848244469076698,4.9256115297201015,2.885140540104615,0.030388342696324434,0.07357007829990107,7.4610800609368,2.647405689958622,-0.13969804374069228,0.0948987200358667
443,4.497740826618581,3.393314540600039,-0.007667249874574443,-0.06344861684397794,1.54836300143134,9.346357001120358,0.14162971532376806,-0.08044654583199501,6.324468435118647,8.031076864515917,-0.06163594352823479,-0.0009511215578236641,8.934073805256393,4.292063542752716,-0.17498740183538503,0.11411196173386319,7.555626859610601,3.714522766771057,-0.3645110182946999,-0.028763599021396528,4.0620290324611386,2.6630379898996437,-0.09818594786103611,-0.07717224367065957,2.49570281456683,8.660717812450654,0.28325755695804833,0.19288701091311533,7.731712676256625,5.579107083624917,-0.11576561857313034,0.10635297573209265,6.120796400988807,2.7582303052980572,0.21983848204595935,0.21681458285946717,1.6918664777365091,7.695634158687263,0.10365836647603154,-0.05165434339170974,3.9905138463932275,6.79979602849447,-0.030150353525472354,0.0764639055366695,8.538072198647349,8.392792923819313,-0.001638521595073275,-0.016333430803889472,7.0207371610400235,1.7931729296334749,-0.015537849390049981,0.12532740987438193,1.3973159376734199,8.38458014261519,0.10930131142785289,-0.1986316031634286,4.294219461131375,1.9415887705673376,0.036261273661753794,0.08096326105918854,8.074852615316944,5.059106224828027,-0.07105630224005685,0.15096348636290366,2.2707123482212284,6.146357485454051,-0.05272844494282525,-0.024596933762343457,7.256281266277928,4.92540077795434,-0.19478449029531159,-0.11171335730165546,4.927130946854918,2.88881904401961,0.031321742120281305,0.08198324857797343,7.454095158749766,2.6521506259604153,-0.14455753778606906,0.10396417746932884
444,4.497357464124852,3.39014210975784,-0.016220401660901808,-0.05668329520181753,1.5554444871975286,9.34233467382876,0.13268175131114524,-0.09300732766850471,6.321386637942235,8.031029308438026,-0.05998647401851399,0.00027528619734262815,8.925324435164624,4.297769140839409,-0.18249711322015827,0.11460197352090522,7.537401308695865,3.713084586819987,-0.370036111447819,-0.022405009044370542,4.0571197350680865,2.659179377716111,-0.09733466724630242,-0.07877243708922198,2.5098656924147327,8.67036216299631,0.28234921905204535,0.19180085977889258,7.725924395327969,5.584424732411522,-0.11749175306707736,0.10366372200698117,6.1317883250911045,2.7690710344410308,0.20739876469356905,0.2115548890729653,1.6970493960603106,7.693051441517678,0.1029643862441504,-0.055523688803368026,3.989006328716954,6.803619223771303,-0.027232219268274974,0.07836918719215989,8.537990272567596,8.391976252279118,-0.003934152765346102,-0.016122866476463216,7.019960268570521,1.799439300127194,-0.011075337552567528,0.1279159017612361,1.4027810032448125,8.374648562457018,0.10977582512249687,-0.2028878393440917,4.296032524814462,1.945636933620297,0.0445152950679275,0.07896296103175848,8.07129980020494,5.066654399146173,-0.07346098197059141,0.150040046968221,2.2680759259740872,6.145127638765934,-0.05528600239157002,-0.02247333072385364,7.2465420417631625,4.919815110089257,-0.20091353943254628,-0.11566209721774166,4.928697033960932,2.892918206448509,0.03147512685050115,0.08958444638695437,7.446867281860462,2.657348834833882,-0.14926771325558677,0.11340504432709594
445,4.496546444041807,3.3873079449977492,-0.024160066680413983,-0.049604357760706916,1.5620785747630859,9.337684307445334,0.12417496001752418,-0.10542255049212455,6.31838731424131,8.031043072747893,-0.05823792780560238,0.001455831158586496,8.916199579503616,4.303499239515454,-0.18894644605344837,0.11521738602997407,7.518899503123475,3.711964336367769,-0.3744323552137692,-0.01675891399200905,4.052253001705772,2.6552407558616498,-0.09595086979444867,-0.08073106452925732,2.523983153367335,8.679952205985256,0.28045281196936844,0.18962521331734616,7.720049807674615,5.589607918511871,-0.11951414052695152,0.09989826749116638,6.142158263325783,2.779648778894679,0.19463088055832278,0.20603782839078774,1.702197615372518,7.690275257077509,0.1020585658893311,-0.05920306676154655,3.98764471775354,6.807537683130911,-0.023809817795348832,0.08004510570420623,8.537793564929329,8.391170108955295,-0.006277335403633647,-0.015849949730137425,7.019406501692893,1.8058350952152558,-0.006265941583653495,0.129994072649362,1.4082697945009373,8.364504170489814,0.10946647515346744,-0.2067520885586217,4.298258289567859,1.949585081671885,0.05232374046196665,0.07757619536172718,8.067626751106411,5.074156401494584,-0.07653448989049898,0.14820959074860746,2.2653116258545087,6.144003972229741,-0.05787371420263569,-0.02026513230315023,7.2364963647915355,4.9140320052283695,-0.20910448422338643,-0.12019243131786889,4.9302707903034575,2.8973974287678566,0.031159513923421946,0.09672902195300775,7.439403896197683,2.6630190870502366,-0.15358858098775402,0.12288901800902267
446,4.495338440707787,3.384827727109714,-0.03146110369394471,-0.04230951739505864,1.568287322763962,9.332413179920728,0.11623562878402274,-0.11804040079577446,6.3154754178510295,8.031115864305823,-0.05639563689750416,0.00257208058951115,8.906752257200942,4.309260108816953,-0.19436589742428367,0.1159860927447085,7.5001778853627865,3.711126390668168,-0.3777238477504332,-0.01181938282962788,4.047455458216049,2.6512042026351867,-0.09386477167483216,-0.08334690023316672,2.5380057939658034,8.689433466651122,0.27769687014624356,0.1866639478353377,7.714074100648267,5.594602831886429,-0.12193727534562465,0.0948374758943961,6.151889807353699,2.789950670314218,0.1784089832542647,0.19804862371582857,1.7073005436669846,7.687315103739432,0.10092462067756294,-0.06269251898949664,3.986454226863773,6.8115399384161215,-0.019924151886892984,0.08150926148622036,8.537479698159148,8.390377611468788,-0.008649532465410762,-0.01551748570850684,7.01909320461371,1.8123347988477239,-0.0010854985053739994,0.13156817040938368,1.4137431182586107,8.354166566061883,0.10837378604163864,-0.21016655516321212,4.300874476590957,1.9534638914399713,0.05993903402437892,0.07667896040406197,8.063800026611887,5.081566881032014,-0.08503549506322847,0.13917659325963194,2.262417940144377,6.142990715614583,-0.0604395399331979,-0.018040740045519404,7.226041140580366,4.908022383662476,-0.21746071120407262,-0.12402855012029713,4.9318287659996285,2.902233879865507,0.030311295497313585,0.10308257459249216,7.431724467148295,2.6691635379506877,-0.1568315132477905,0.13173069278390787
447,4.49376538552309,3.382712251239961,-0.03811628265808274,-0.03493718205050565,1.5740991042031631,9.326511159880939,0.10883867001565498,-0.1308411971257496,6.312655636006154,8.031244468335299,-0.0544643864296077,0.0036021223325810375,8.897033962329727,4.315059413454188,-0.19891829045838422,0.11689965956130668,7.481291692975264,3.7105354215266866,-0.3799272157734711,-0.00755941912349213,4.042762219632308,2.6470368576235286,-0.09079098882850056,-0.08640114002032807,2.5518906374731154,8.69876666404289,0.27410748253568884,0.18300162723637778,7.707977236880986,5.599344705681149,-0.124782092164458,0.08838414135426739,6.160810256516412,2.7998531015000094,0.16278729280216586,0.19064469343919627,1.7123467747008627,7.684180477789957,0.09952002492997288,-0.06599260279064696,3.985458019269428,6.815615401490432,-0.016486727808309266,0.08195767742684781,8.537047221535877,8.389601737183362,-0.011031370578480297,-0.015128056037748293,7.019038929688441,1.818913207368193,0.004524236223558382,0.1326722284552776,1.4191618075606927,8.343658238303723,0.10377282118251063,-0.21395303819770364,4.303871428292176,1.9572978394601745,0.06781698290457454,0.07577310512464612,8.059548251858725,5.088525710694996,-0.09322949906246171,0.13087005569106275,2.259395963147717,6.142088678612307,-0.0629026106089286,-0.015796310196431212,7.215168105020163,4.901820956156461,-0.22585695823337712,-0.12698337792814082,4.933344330774494,2.9073880085951314,0.029304899009958352,0.10918158745910841,7.423882891485905,2.6757500725898833,-0.15912231085390105,0.14002987513931175
448,4.491859571390186,3.3809653921374356,-0.04408740928898503,-0.02772728724435903,1.5795410377039458,9.319969100024652,0.1021798670891146,-0.14376458679898263,6.309932416684673,8.031424574451927,-0.05243928844851239,0.004510822429933304,8.887088047806808,4.320904396432253,-0.20265529493218964,0.11793758699888035,7.462295332186591,3.710157450570512,-0.38101570573807547,-0.0038616687786196553,4.0382226701908825,2.6427168006225124,-0.08674605856414681,-0.08979525908930829,2.5655960115999,8.707916745404708,0.26977180304929493,0.1789242496935244,7.701738132272762,5.603763912748863,-0.1281031933084142,0.08071904885620335,6.1689496211565205,2.809385336171969,0.14764396836740862,0.18386525220174663,1.7173227759473613,7.680880847650425,0.0977466269329512,-0.06917788357561153,3.9846336828790125,6.819713285361774,-0.012381178130102822,0.08229630829403847,8.536495653006954,8.388845334381475,-0.013402714176250035,-0.01469137997696741,7.019265141499619,1.825546818790957,0.010478048822740511,0.13344425701137116,1.4243504486198182,8.332960586393838,0.09906962541689612,-0.21734905716473607,4.307262277437404,1.9610864947164068,0.07588968847145762,0.07495915350195138,8.054886776905603,5.095069213479549,-0.10063791831390366,0.12346437899833852,2.2562508326172708,6.141298863102485,-0.06521336645781318,-0.013570017295690111,7.203875257108494,4.895471787260054,-0.234343826674482,-0.12896302718133038,4.934809575724992,2.912847087968087,0.02824722241152867,0.11519214703287799,7.41592677594321,2.682751566346849,-0.16002918062299742,0.14655612851174254
449,4.4896552009257364,3.379579027775218,-0.05021103440354516,-0.013711719941655171,1.5846500310584015,9.312780870684703,0.0963577610108475,-0.15674883579476356,6.307310452262247,8.031650115573424,-0.05032437073808892,0.0052706331514350115,8.876955283060198,4.326801275782197,-0.20559504555887287,0.11909110274383469,7.443244546899687,3.7099643671315814,-0.3857237905746777,0.003658298330345265,4.033885367262675,2.638227037668047,-0.08192564802940731,-0.0933661342422538,2.5790846017523648,8.716862957889385,0.2645861941109586,0.17483639365411954,7.695332972607342,5.607799865191673,-0.13189483586996908,0.07214454445094326,6.176331819574891,2.8185785987820564,0.1328466637967337,0.1777414847810971,1.7222101072940088,7.677421953471644,0.09561652568432927,-0.07228200947021764,3.9840146239725076,6.823828100776476,-0.0077564883871800395,0.08251125728814601,8.535825517298141,8.388110765382628,-0.015740655331087643,-0.01423699165093346,7.019789043940756,1.8322190316415254,0.01648213756726165,0.1339052417089366,1.429303929890663,8.322093133535601,0.09379958053877094,-0.22066792685980346,4.311056761860977,1.9648344523915044,0.08381666366209711,0.07464277030125378,8.049854880989908,5.1012424324294665,-0.10787728687183365,0.11619306607609922,2.25299016429438,6.1406203622377005,-0.0673809210300378,-0.011364714170606666,7.19215806577477,4.889023635900988,-0.24303373684789814,-0.13001413748994772,4.936221936845568,2.9186066953197307,0.02704568404246911,0.12107748544361312,7.40792531691206,2.6900793727724364,-0.15876796273082747,0.15060178371758837
450,4.487144649205559,3.378893441778135,-0.06170484690497567,0.0016684986834134934,1.5894679191089438,9.304943428894966,0.09106655350359481,-0.16979599898322106,6.304794233725343,8.031913647230995,-0.048119195949256253,0.005846745337971204,8.866675530782254,4.332755830919388,-0.20775035435682837,0.1202978633179669,7.423958357370953,3.7101472820480987,-0.3887956250941832,0.010201292412319294,4.029789084861204,2.6335587309559343,-0.07646918440934067,-0.09700939327581455,2.5923139114579126,8.72560477757209,0.2586268274764705,0.17058376355446533,7.688738230813843,5.61140709241422,-0.13631776091009493,0.06290373462290028,6.182974152764728,2.8274656730211114,0.11823333492262253,0.17226461513836258,1.7269909335782252,7.673807852998133,0.09315184046778321,-0.07552544948732179,3.9836267995531487,6.8279536636408835,-0.0026621423556334465,0.08258322219583876,8.535038484531587,8.38739891580008,-0.018028542367888027,-0.013768965782174902,7.020613150819119,1.8389142937269722,0.0226158917461433,0.13407522497066712,1.4339939089176015,8.311059737192611,0.08819798780431487,-0.22365439914608742,4.315247595044082,1.968566590906567,0.09139131132712092,0.07497890969429283,8.044461016646316,5.1070520857332715,-0.11489002515928254,0.10901508732205564,2.249621118242878,6.14005212652917,-0.06940689072906296,-0.00917987704536491,7.180006378932375,4.88252292902649,-0.25458662351276556,-0.1295863678532124,4.937574221047692,2.9246605695919112,0.03465751830031022,0.12388223695155103,7.399986918775518,2.697609461958316,-0.15714454119593158,0.14168926137180704
451,4.48405940686031,3.3789768667123057,-0.07380679963658501,0.013616998511990535,1.5940212467841235,9.296453628945805,0.08626022978158993,-0.18259660010798456,6.302388273927881,8.032205984497894,-0.04582726175707562,0.006214725532249265,8.856288013064413,4.338770724085286,-0.2089993834716708,0.12134176165083094,7.404518576116244,3.7106573466687145,-0.38950126846493077,0.014931360932030789,4.025965625640738,2.6287082612921435,-0.07113962205823307,-0.09973475549473097,2.605245252831736,8.734133965749814,0.25184363561674833,0.16592680832720952,7.681922342768338,5.614552279145365,-0.14071697969287747,0.05362070980519512,6.188885819510859,2.8360789037780294,0.10368184586746582,0.16745071566600675,1.7316485256016143,7.670031580523767,0.09035559994432568,-0.07882973243569653,3.983493692435367,6.8320828247506755,0.0026056218997710266,0.0824490533860933,8.534137057413192,8.386710467510971,-0.020244847579074438,-0.013287390287542777,7.021743945406426,1.8456180549755057,0.028887090138057667,0.13362664725930845,1.4384038083078172,8.299877017235307,0.08249939745118358,-0.22591722932154681,4.319817160610438,1.9723155363912817,0.09859623585095133,0.07589817769516377,8.038716515388352,5.112502840099374,-0.12152130564109788,0.10195918409591848,2.246150773706425,6.139593132676902,-0.0712965758979253,-0.007015723476918273,7.167277047756737,4.87604361063383,-0.2658251344194619,-0.128352544907707,4.9393070969627075,2.930854681439489,0.04182414236952409,0.1261586530744644,7.392129691715722,2.7046939250269064,-0.1568963508078481,0.13284602495522874
452,4.480369066878481,3.3796577166379054,-0.08672628371546914,0.022540553677519788,1.598334258273203,9.287323798940406,0.08190101838143868,-0.1951341927574444,6.300096910840027,8.032516720774506,-0.043456614788591696,0.006370045306306982,8.84583804389083,4.344837812167828,-0.20942322949296538,0.12212331610018058,7.385043512692998,3.711403914715316,-0.3877805453276713,0.018074128704109304,4.022408644537826,2.623721523517407,-0.06609569410558586,-0.10160759098930885,2.6178374346125732,8.742430306166174,0.24422450351521252,0.16093058346189218,7.674886493783695,5.617233314635625,-0.14501575794369095,0.04438006538004139,6.194069911804233,2.84445143956133,0.08936078687889465,0.16328156783182496,1.7361663055988306,7.666090093901982,0.08723613311800599,-0.08212587487971108,3.9836239735303556,6.83620527741998,0.007409585277842812,0.08204669870422893,8.533124815034238,8.386046097996594,-0.022376625953388747,-0.01279157971362217,7.023188299913329,1.8522993873384712,0.0353785351429977,0.13257061658726488,1.4425287781803764,8.28858115576923,0.07676659999241568,-0.22746269682864095,4.324746972402986,1.9761104452760399,0.10676028404583658,0.0763609970982012,8.032640450106296,5.11760079930417,-0.12776891884760366,0.09503785400158102,2.2425859449115286,6.139242346503056,-0.07303345375656407,-0.004880797791095309,7.153985791035764,4.8696259833884445,-0.2766502990355698,-0.12644010436185005,4.941398304081184,2.937162614093212,0.04846245545436486,0.12789217835809905,7.3842848741753295,2.7113362262746676,-0.15756762837559238,0.12414653109999077
453,4.476032752692707,3.3807847443217813,-0.1001468819243734,0.028900370020112028,1.602429309192275,9.277567089302535,0.077937219724379,-0.2073045768366623,6.297924080100597,8.032835223039822,-0.04100861477476342,0.006311676462559679,8.835366882416182,4.350943977972837,-0.2091689802927405,0.12265860059516175,7.365654485426615,3.7123076211505217,-0.38391665821135834,0.02114881921742212,4.019103859832547,2.6186411439679413,-0.06123751806791668,-0.10276727488367488,2.6300486597883337,8.750476835339269,0.23601373272940396,0.1555446306464787,7.66763570588651,5.619452317904627,-0.14910724018067234,0.035251877038185386,6.198537951148178,2.852615517952921,0.07590882470590957,0.1596703105320441,1.740528112254731,7.661983800157996,0.083806843583318,-0.0853828958151273,3.983994452794248,6.840307612355192,0.011793548251795107,0.08137447803267948,8.53200598373657,8.385406519010914,-0.024416759578657684,-0.0122846796955411,7.0249572266704785,1.8589279181678344,0.04212148790703197,0.1309463104821876,1.4463671081799971,8.277208020927798,0.07112468173553683,-0.22870644562388207,4.330084986605278,1.97992849513095,0.11562754485954965,0.07655715125769494,8.026252004163917,5.122352692004249,-0.1337439041341971,0.08825317277079756,2.2389342722237005,6.138998306613501,-0.07459909343122761,-0.0027861842166500613,7.140153276083985,4.863303978170352,-0.28703729947712103,-0.12384150892891291,4.943821426853902,2.943557223011117,0.05425457071055516,0.1288329345784696,7.37640649275655,2.717543552829667,-0.15913383503943934,0.11646595927567856
454,4.471025408596488,3.382229762822787,-0.11273120908568551,0.03443167844756507,1.6063261701784939,9.267201860460702,0.07432069113882583,-0.2190350406394768,6.295873649361859,8.033150806862949,-0.03848490009826405,0.0060411255084040555,8.824908433401545,4.357076908002595,-0.20832986945635382,0.12300245282923473,7.346458652516047,3.713365062111393,-0.37670486276210147,0.02495518151853334,4.016041983929151,2.6135027802237576,-0.056623458813389586,-0.103237663797202,2.641849346424804,8.758254066871594,0.2273314772824931,0.14986361099756912,7.660180343877476,5.621214911756536,-0.15299401920586936,0.026271855412428168,6.202333392383474,2.8605990334795233,0.06326034059507735,0.15651591538388604,1.7447184544338967,7.65771465536724,0.08028172468099237,-0.08848541834478896,3.9845841302068377,6.8443763362568255,0.01579838470678263,0.08043366760933511,8.530785145757637,8.384792285026137,-0.02635950852758938,-0.011770183810541467,7.02706330106583,1.8654752336919438,0.04879565095053096,0.12879611781166347,1.4499233422667739,8.265772698646604,0.06561905545940139,-0.22997021561930323,4.335866363848255,1.9837563526938347,0.12494201932301248,0.07671988733967883,8.019564808957206,5.126765350642788,-0.13917853978828892,0.08208800284629995,2.235204317552139,6.138858997402668,-0.07599391252695839,-0.0007386374499517008,7.125801411110129,4.857111902723906,-0.2967331944933144,-0.12092203226335647,4.94653415538943,2.9499988697400403,0.05892703879167183,0.12886693281755654,7.368449801004577,2.7233668507934508,-0.1608521751084949,0.11159421275051014
455,4.465388848142204,3.383951346745165,-0.12458980797360589,0.03935295419736766,1.6100422047354352,9.256250108428729,0.07104473753305476,-0.23031162922842982,6.293949404356946,8.033452863138368,-0.035892358075797395,0.005560015209397951,8.814491939928727,4.363227030644056,-0.20687212201184335,0.12302607017583117,7.327623409377941,3.7146128211873197,-0.36900797640145616,0.02828273672793161,4.013210810988482,2.6083408970338975,-0.05226985695536976,-0.10297959307777364,2.653215920288929,8.765747247421473,0.2182539297918963,0.14390371313668446,7.652530642917183,5.622528504527158,-0.1563986979827296,0.017550936667625694,6.205496409413228,2.8684248292487178,0.05138148804886229,0.1536202435096013,1.7487325406679464,7.653290384450001,0.07693984833809972,-0.09133847457443993,3.9853740494421768,6.848398019637292,0.01947088875930243,0.07935374329784624,8.529467170331257,8.38420377583561,-0.028199792621803818,-0.011251472759569125,7.029503083613356,1.871915039582527,0.05608970378981014,0.11928834697531017,1.453204295039744,8.254274187865638,0.06016207551409938,-0.2313535882949307,4.342113464814405,1.9875923470608186,0.13455537531723702,0.07702695531228673,8.012605881967792,5.130869750785103,-0.14407893379585252,0.0766733526296013,2.2314046219257913,6.13882206553017,-0.07721982845067303,0.0012541848022622542,7.110964751385463,4.851065801110738,-0.2986294421335665,-0.12417419393010738,4.949480507329014,2.956442216380918,0.06260550926913365,0.12819850877561478,7.360407192249153,2.7289465614309765,-0.1612748379775907,0.11007196088002698
456,4.459159357743524,3.3859189944550336,-0.13540403215716532,0.04388388210876845,1.613594441612088,9.244734526967306,0.06810133761199516,-0.24111659979088787,6.292154786453156,8.033730863898839,-0.03327666002136453,0.005031103475398102,8.804148333828135,4.369378334152848,-0.20484524557715955,0.12261391202001735,7.309173010557869,3.716026958023716,-0.3614030704385121,0.03097938664440166,4.0105973181407135,2.6031919173800087,-0.04814858804221993,-0.10205693357261499,2.6641286167785236,8.772942433078308,0.20923310804173229,0.1377569219318743,7.644710708018047,5.623406051360539,-0.1590914044931542,0.009059641836588172,6.208065483815671,2.876105841424198,0.04017123570425399,0.15103490992386215,1.7525795330848513,7.648723460721279,0.07379706864509225,-0.09394576297228853,3.986347593880142,6.852365706802185,0.022852173458146385,0.07812113088542334,8.528057180700166,8.383641202197632,-0.029935956714821396,-0.010731816229919033,7.032307568802847,1.8778794569312924,0.06370636080847164,0.11072508847640308,1.456212398815449,8.242706508450892,0.05474021164526679,-0.2328767517439499,4.348841233580267,1.991443694826433,0.14446056757321082,0.07757436413707328,8.005401935278,5.134703418416583,-0.14836658758477672,0.07199645145302945,2.2275436305032574,6.1388847747702835,-0.07829285659789365,0.003134580773500867,7.096033279278785,4.844857091414233,-0.2999511680534092,-0.12665751807786824,4.952610782792471,2.962852141819699,0.06529111090590103,0.12690861825534014,7.352343450350274,2.734450159474978,-0.16034734798163428,0.1101410684900608
457,4.452389156135666,3.3881131885604723,-0.14468344865868737,0.0478116348569002,1.6169995084926878,9.232678696977763,0.0652267557236771,-0.2509433791564274,6.290490953452088,8.03398241907261,-0.030656604867398577,0.004512928028038421,8.793906071549277,4.375509029753848,-0.20207743274396958,0.12403807606561944,7.291102857035943,3.717575927355936,-0.35359948431313826,0.03332920607362043,4.0081898887386025,2.598089070701378,-0.044296332772334863,-0.10042488035383304,2.6745902721806103,8.779830279174902,0.20036621230646845,0.1314308313874121,7.636756137793389,5.623859033452368,-0.16113858301490655,0.0008391577288553997,6.210074045600884,2.883657586920391,0.037163160273264724,0.13613507493336074,1.756269386517106,7.644026172572665,0.07087092128846288,-0.09631315161561291,3.987490202553049,6.856271763346456,0.025962780799078277,0.0767325238043975,8.526560382864425,8.383104611386136,-0.03156990592010075,-0.010213891587728697,7.0354928868432705,1.8834157113551127,0.07154082064972302,0.10314347898886951,1.4589494093977122,8.231062670863695,0.0492533310299132,-0.23458800351689005,4.356064261958928,1.9953224130332865,0.15400534395327292,0.07856193086521816,7.997983605898761,5.138303240989234,-0.15186490749375328,0.06812271727687054,2.223628987673363,6.139041503808959,-0.07918825582563202,0.004895485823242136,7.081035720876115,4.83852421551034,-0.30065979910697616,-0.12841648634918335,4.955875338337766,2.9691975727324658,0.06675304259647473,0.12515740957745222,7.344326082951192,2.739957212899481,-0.1578955559948112,0.11119816776162648
458,4.445154983702732,3.3905037703033174,-0.15280878810713938,0.051234321687063204,1.6202608462788717,9.220131528019941,0.0623045109811644,-0.25985278864963535,6.288958123208718,8.034208065474012,-0.028037892680585222,0.004012124354398528,8.783802199912078,4.381710933557129,-0.19837521428591312,0.12533007873236104,7.273422882820286,3.7192423876596172,-0.34465546016753507,0.0352846984956051,4.005975072099986,2.5930678266836864,-0.0408233180152977,-0.09829973280998548,2.6846085827959336,8.786401820744272,0.19172935175701852,0.12523418089724733,7.628699208642644,5.623900991338811,-0.16283189025074354,-0.007057504774625512,6.211932203614547,2.8904643406670587,0.03465103571994193,0.12137903167803162,1.759812932581529,7.639210514991884,0.06819742833528161,-0.09845871710305731,3.988788341593003,6.860108389536676,0.02881920338730746,0.07518906720900646,8.52498188756842,8.38259391680675,-0.03303321000762039,-0.009832939560102361,7.039069927875756,1.888572885304556,0.07971702446685215,0.09617564162538798,1.461412075949208,8.21933327068785,0.043527391085526716,-0.23636701981047534,4.363764529156592,1.9992505095765474,0.16281413410057746,0.08008830942602944,7.990390360524073,5.141709376853078,-0.15457042080716596,0.06505763465976648,2.219669574882081,6.139286278100121,-0.07990207956134598,0.006533155289678045,7.066002730920767,4.832103391192881,-0.30081636747028506,-0.12943474481277467,4.95921299046759,2.9754554432113385,0.06708444628407105,0.12292359568812755,7.336431305151452,2.7455171212875626,-0.153320013634267,0.1112848892892495
459,4.437514544297375,3.3930654863876706,-0.1439463329179113,0.053416773136397824,1.62337607182793,9.207138888587458,0.0586432491097073,-0.26804713537557606,6.287556228574688,8.03440867169173,-0.025424315061390236,0.0035227945748778967,8.773883439197782,4.387977437493747,-0.1937747434002787,0.12643251180662676,7.25619010981191,3.7210066225843974,-0.3341268599516232,0.03774514973346244,4.0039339061992205,2.588152840043187,-0.03754548164780979,-0.09536405746462424,2.6941950503837844,8.792663529789134,0.18328129786059136,0.11918246208108618,7.620557614130107,5.623548116100079,-0.16447621960491052,-0.0144221064165189,6.2136647554005435,2.89653329225096,0.032453193047474696,0.10694933726389282,1.7632228039982931,7.634287579136731,0.06578543064448476,-0.1004264640537433,3.9902293017623687,6.863867842897126,0.03151225113432341,0.07355396484011523,8.523330227068039,8.382102269828744,-0.03432300646431499,-0.009609547195533353,7.043055779099099,1.8933816673858255,0.08787003835187336,0.08946048474238666,1.4635884455034842,8.207514919697326,0.03770993714978434,-0.2378484391465261,4.371905235861621,2.0032549250478486,0.1711126667653533,0.08219677437486243,7.982661839483715,5.144962258586067,-0.1566248010601233,0.06257698229020767,2.215674470904014,6.139612935864605,-0.08047544681429189,0.008070417658625312,7.050961912547252,4.825631653952242,-0.3005119162579981,-0.13018339055985512,4.962567212781793,2.9816016229957447,0.06619922603954419,0.12018223632761148,7.328765304469738,2.751081365752025,-0.147123709223571,0.11021545129742177
460,4.4303172276514795,3.3957363250444903,-0.13244509069750954,0.05503125490589999,1.6263082342834154,9.19373653181868,0.05427678978475136,-0.27468371098502165,6.286285012821619,8.034584811420475,-0.022817540939867334,0.003051443046337643,8.764194702027767,4.394299063084079,-0.18835811505443156,0.12710689715123638,7.239483766814328,3.7228938800710707,-0.3245144904142697,0.0412368632126237,4.00205663211683,2.5833846371699556,-0.03407767335649376,-0.091754879621888,2.703359115276814,8.798622652893188,0.1751676141004252,0.113331372499239,7.612333803149861,5.622827010779253,-0.16612409990579,-0.02139478665738842,6.215287415052917,2.901880759114155,0.030561680996249986,0.09295929863054625,1.7665120755305173,7.629266255934044,0.06360778724107385,-0.10223316670482677,3.991804914319085,6.867545541139132,0.03398477659683161,0.07229811071404926,8.521614076744823,8.381621792468968,-0.03545819666810089,-0.009519313091687921,7.047449281016693,1.8978546916229448,0.10186041524157902,0.0813033626072243,1.4654739423609735,8.19562249774,0.03190088746895529,-0.23858422817172847,4.380460869199888,2.0073647637665917,0.179358699659011,0.08451140582950901,7.9748305994307085,5.148091107700577,-0.15821083185629353,0.060551212825536056,2.2116506985632993,6.140016456747536,-0.08095526271461767,0.009499621276943156,7.035936316734352,4.819122484424249,-0.29960813438203016,-0.13025083421076947,4.96587717408377,2.9876107348121255,0.06446634802509889,0.11724772718437818,7.3214091190085595,2.756592138316896,-0.1406524538019325,0.1087095538238779
461,4.423694973116604,3.3984878877897855,-0.1211210679871862,0.05664632080092095,1.629022073772653,9.180002346269427,0.04928086666794819,-0.2798143353836108,6.285144135774625,8.034737383572791,-0.02022356058281644,0.002608251732221523,8.754776796275046,4.400654407941641,-0.18229927497333587,0.12726918619838445,7.223258042293615,3.724955723231702,-0.3160029531008084,0.04595167704109203,4.000352748449005,2.578796893188861,-0.03039807486112957,-0.0874669926297911,2.7121174959818353,8.80428922151815,0.16742620307013267,0.10766731335200026,7.6040275981545715,5.621757271446383,-0.16768803675025812,-0.027661287458236428,6.21681549910273,2.9065287240456823,0.02898096097392924,0.07939806773264281,1.769692464892571,7.624154597598802,0.06165405390116811,-0.10387468253349584,3.9935041531489266,6.871160446674835,0.0362152319506877,0.07140360024744384,8.519841166911418,8.381145826814384,-0.036441144688201484,-0.009564549542075087,7.052542301778772,1.901919859753306,0.11409661402449986,0.07297440847681315,1.4670689867344213,8.183693286331414,0.02637886991550661,-0.23818633685330293,4.389428804182839,2.011590334058067,0.1881423649584266,0.08698356565477443,7.966920057837894,5.151118668341854,-0.15965539326326356,0.05882895840769939,2.2076029354275684,6.1404914378113835,-0.0813403038769893,0.010918079667924114,7.0209559100152505,4.812609942713711,-0.2984877984007803,-0.12995868304557465,4.969100491485025,2.9934731211713443,0.06258118535865888,0.11414285213389304,7.314376496318463,2.76202761600809,-0.1350930857428934,0.10807643454435917
462,4.417638919717245,3.4013202038298314,-0.10999899177382637,0.05807540371983312,1.6314861171060504,9.166011629500247,0.04369929215343994,-0.2834673993812371,6.284132957745484,8.034867796159402,-0.017648265909373597,0.0021998963527443795,8.745661832526379,4.40701786725156,-0.1756426774186522,0.1270059189318204,7.207457894638575,3.727253307083757,-0.3080489218717892,0.051556949244775885,3.998832844705949,2.5744235435573715,-0.026584726523121643,-0.08269554805579266,2.720488806135342,8.80967258718575,0.1600180803517985,0.10217378607369616,7.5956431963170585,5.620374207073471,-0.16914287027269712,-0.03320095618217728,6.218264547151427,2.9104986274323146,0.027555919343065095,0.06613818450767867,1.7727751675876293,7.618960863472127,0.059933262963625195,-0.10533475148578804,3.995314914746461,6.874730626687207,0.03814372048835688,0.0709512484444838,8.518019109677008,8.380667599337281,-0.037277132986259995,-0.009745757592419226,7.0582471324799965,1.9055685801771467,0.1248852961276569,0.06463655164764674,1.4683879302301968,8.171783969488748,0.021331454346081982,-0.236605957881309,4.39883592243076,2.0159395123408057,0.1979066145812484,0.08943943106027437,7.95893728817473,5.154060116262239,-0.1610235273595284,0.05736925760722093,2.203535920233719,6.14103734179478,-0.08163427286743444,0.012354693633703657,7.0060315200952115,4.806112008561432,-0.2969451724519936,-0.1295814179377567,4.972229550752958,2.999180263778039,0.061587358000770656,0.11167136025317814,7.307621842031319,2.767431437735308,-0.13055483167559165,0.10842221200845839
463,4.412138970128553,3.404223974015823,-0.09913933991025138,0.05919158758564852,1.6336710817137223,9.151838259531186,0.03767876817318005,-0.28573800051225906,6.2832505444500155,8.034977790977038,-0.015086800631105736,0.001790529184422174,8.736879698655446,4.413368163198151,-0.1684285678190619,0.1263739820594424,7.192055448544985,3.7298311545459955,-0.29998628129423455,0.05741097398284924,3.997503608379793,2.5702887661545817,-0.022496645476182745,-0.07775588725330909,2.728489710152932,8.814781276489434,0.1528516991715121,0.09687114565051749,7.587186052803424,5.618714159264362,-0.17043331120461336,-0.03801290732770703,6.21964234311858,2.9138055366576987,0.026207591870259117,0.05333925231296889,1.7757718307358106,7.613694125897838,0.05842828926894307,-0.10656868935649913,3.9972221007708786,6.878278189109431,0.039879048253702455,0.0706616107792195,8.516155253027694,8.38018031145766,-0.03797285441882664,-0.010062548712404508,7.064491397286379,1.908800407759529,0.13451094408975026,0.056846428721411546,1.4694545029475008,8.159953671594684,0.01687933718611933,-0.23388465958157917,4.408731253159822,2.0204114838938194,0.20825066540589057,0.09183446247520043,7.950886111806754,5.1569285791426,-0.16210338955180154,0.05625918722218208,2.1994542065903473,6.141655076476465,-0.08184000686704439,0.013814572782455155,6.991184261472612,4.799632937664544,-0.29530529705490743,-0.12925089106708132,4.975308918652997,3.0047638317906977,0.0613773376821433,0.10977384564169552,7.301094100447539,2.772852548335731,-0.12561245960682887,0.10855782201660501
464,4.40718200313304,3.4071835533951056,-0.08851572840045142,0.059997848160257564,1.6355550201223814,9.137551359505572,0.03133837623926205,-0.28672226048647054,6.28249620441846,8.035067317436258,-0.012536933299124076,0.0013552250549259573,8.728458270264493,4.419686862301123,-0.16049518661922518,0.12544745812439262,7.1770561344802735,3.7327017032451377,-0.29177529295147253,0.06342948816899312,3.9963787761059835,2.566400971791916,-0.018223581414183423,-0.0726851290148743,2.7361322951115077,8.81962483377196,0.1458996890763926,0.09177312797285274,7.578664387243193,5.616813513897977,-0.17156602483540884,-0.04209412042945168,6.220952722712093,2.9164724992733473,0.024990069770644975,0.04091971783835761,1.7786932451992576,7.608365691430013,0.057122295250030757,-0.10753912105312269,3.999216053183564,6.881811269648392,0.04153943062882357,0.07022802475360893,8.514256610306752,8.379677184022041,-0.038534828988981785,-0.010510039756583113,7.071216944490867,1.9116427291955997,0.14320589234576603,0.049810989259941894,1.4702984698068067,8.148259438615606,0.01313681630243994,-0.23002789745549101,4.419143786430117,2.0250032070175794,0.2212253821288558,0.09031366086023046,7.942780942329164,5.1597415385037095,-0.1625378772373627,0.05562886423869364,2.1953622062469953,6.142345805115588,-0.08193019502758306,0.015276019533364245,6.976418996619866,4.79317039311119,-0.29381817867662585,-0.12903299462328963,4.978377785537105,3.0102525240727824,0.061723915967241375,0.1084753810864022,7.294813477467198,2.778280439436561,-0.12006765408009548,0.10378081111384259
465,4.402756216713017,3.4101834458031184,-0.07799501536915945,0.06056500176868401,1.6371219389343445,9.123215246481248,0.024649276271782344,-0.28652059364239313,6.281869357753504,8.035135078689004,-0.01000493581217511,0.000901337687304893,8.720433510933532,4.425959235207343,-0.15188183861202303,0.1242243802199596,7.1624673698327,3.735873177653587,-0.283370033699878,0.06948643952790749,3.995467597035274,2.5627667153411724,-0.013919046099742694,-0.06770080943229277,2.7434272795653274,8.824213490170601,0.13911793368860956,0.08686071021832183,7.570086086001423,5.614708807876505,-0.1725720920071017,-0.045378353865440105,6.222202226200626,2.918518485165265,0.023882580825518442,0.028773338784764922,1.7815493599617591,7.602988735377357,0.055999638412925004,-0.10822358153847675,4.001293024715005,6.885322670886072,0.043081963445352846,0.06964157889118157,8.512329868857304,8.379151682034212,-0.03897169117457921,-0.011084892515601652,7.078377239108155,1.914133278658597,0.15041380306229968,0.043531782984001954,1.4709553106219286,8.13675804374283,0.009524603093168509,-0.2251898253194465,4.430205055536559,2.029518890060591,0.23423566494335854,0.08870002100633576,7.934654048467296,5.162522981715644,-0.16225984801904664,0.055507975809465426,2.1912656964956163,6.143109606092256,-0.0819098828822307,0.016740374990938375,6.961728087686035,4.786718743380026,-0.2908398109456507,-0.12821436161454133,4.981463981335467,3.0156762931271026,0.06252402897466763,0.10785892856941429,7.288810094763193,2.7834694799922532,-0.11326173794955273,0.09886601662410126
466,4.39885646594456,3.4132116958915524,-0.06761114864180731,0.06082008629540912,1.6383544027479338,9.108889216799128,0.01762397630544705,-0.28520720780933834,6.281369110962895,8.035180145573369,-0.007496588703214958,0.00043646071330336614,8.71283941900293,4.432170454218341,-0.14271893130964342,0.12266538543873368,7.148298868147706,3.7393474996299827,-0.2747421138471444,0.07556761980239403,3.994771644730287,2.5593816748695577,-0.00937387193318252,-0.06292291563572962,2.7503831762497577,8.828556525681517,0.13247639524742838,0.08211148104048922,7.561457481401067,5.612439890183232,-0.17335781272798886,-0.04763934523760817,6.223396355241902,2.9199571521045034,0.022856112474035097,0.016591874202083266,1.7843493418824055,7.5975775563004335,0.05503691499385476,-0.10861006650695275,4.003447122887272,6.888804749830632,0.0444662802026742,0.06889425515649579,8.510381284298575,8.378597437408432,-0.03929546174235398,-0.011777372060852187,7.08589792926127,1.916309867807797,0.15581768793509382,0.038127409353120645,1.471431540776587,8.125498552476857,0.005873110422990095,-0.21951829547504323,4.441916838783727,2.0339538911109076,0.24683507506003105,0.0869938866646786,7.926541056066344,5.165298380506117,-0.16157157493190274,0.055812252608317216,2.187170202351505,6.143946624841803,-0.08177926265596669,0.018206734654693076,6.9471860971387525,4.780308025299298,-0.2870641215672699,-0.1255956235369604,4.9845901827842,3.0210692395555734,0.06370626735974892,0.10795785406074357,7.283147007865715,2.7884127808234584,-0.10524350357741376,0.09356212748361455
467,4.395475908512469,3.4162527002063228,-0.057493789182407135,0.06047025967358611,1.6392356015632061,9.094628856408661,0.010275413528404661,-0.2828263429283593,6.280994281527734,8.035201968609034,-0.005017864357650116,-3.0392154672464903e-05,8.705703472437449,4.438303723490278,-0.13962595725781027,0.1256301389100486,7.134561762455349,3.743125880620102,-0.26587731321514446,0.08151179060522568,3.994302951133628,2.5562355290877714,-0.004691154088338655,-0.05822953228476126,2.7570069960121293,8.832662099733541,0.12597334521815057,0.07750005184091284,7.552789590764668,5.610057922921352,-0.17419427637308946,-0.048957048495854354,6.2245391608656035,2.9207867458146075,0.021878296413849665,0.004287846078466093,1.7871011876320981,7.592147052975086,0.05421081734153867,-0.10869273318414274,4.005670436897406,6.892249462588457,0.04458507933776312,0.06354631818352006,8.508416511211458,8.37800856880539,-0.03952088427372033,-0.012573455701159376,7.093688813658025,1.918216238275453,0.17500508917019741,0.028512653394801933,1.4717251962977365,8.114522637703105,0.0022508776729319208,-0.2133314760259761,4.454258592536728,2.0383035854441416,0.25749980781426157,0.0853625516818662,7.918462477319749,5.168088993136533,-0.16070574556843745,0.05646807073355027,2.1830812392187067,6.144856961574537,-0.08153661102949898,0.019673322306214044,6.932832891060389,4.774028244122451,-0.2825789692779985,-0.12113861432577781,4.987775496152188,3.0264671322586105,0.06522995393265828,0.10874463360226583,7.277884832686844,2.793090887197639,-0.09627656889647504,0.08829453757179605
468,4.392601219053349,3.419276213190002,-0.047722839997512576,0.059524217452546574,1.6397493722396264,9.080487539262244,-0.004156752988376193,-0.2729864497959111,6.280743388309852,8.0352004490013,-0.0025598056874869607,-0.0004906259268459888,8.698722174574558,4.44458523043578,-0.13626068832701746,0.12847317224615157,7.121267896794592,3.7472014701503635,-0.2568123944586595,0.08686333701197159,3.9940683934292114,2.5533240524735334,-0.0001920841145122464,-0.05339779463234026,2.763305663273037,8.836537102325588,0.11939240383908029,0.07285918092704965,7.544079876946014,5.607610070496559,-0.17816994678527226,-0.04700910258069179,6.225633075686296,2.921001138118531,0.022020752632449937,-0.00819991783301958,1.789811728499175,7.586712416315879,0.05352776711139321,-0.10850136601104099,4.007899690864294,6.895426778497633,0.0444967441366189,0.05823369845268987,8.506440466997772,8.377379896020331,-0.03964814726836736,-0.013479941299693722,7.102439068116535,1.9196418709451932,0.19461407852814572,0.017517190112932044,1.4718377401813831,8.103856063901807,-0.001274622699120272,-0.20665380748430626,4.467133582927442,2.042571713028235,0.2663090896998855,0.08377465693669513,7.910427190041327,5.17091239667321,-0.15963730735139356,0.05754461266771265,2.1790044086672316,6.145840627689848,-0.078918365249031,0.019195708564682074,6.91870394259649,4.767971313406162,-0.27715389420892866,-0.1151402275105875,4.99103699384882,3.031904363938724,0.06702444824864014,0.11016279788157772,7.273071004242021,2.797505614076229,-0.08625043732613584,0.08344222663117276
469,4.390215077053473,3.4222524240626293,-0.03836730240414786,0.05801456637649796,1.6395415345902076,9.066838216772448,-0.018517963155784183,-0.26278356437678074,6.2806153980254775,8.035175917704958,-0.00012861828130467145,-0.0009450065229025693,8.691909140158206,4.4510088890480874,-0.13256974259740414,0.13047471316778003,7.108427277071659,3.751544637000962,-0.24765438218773206,0.09165221855227006,3.9940587892234856,2.5506541627419166,0.003922851805130202,-0.04852584172608931,2.769275283464991,8.84018006137194,0.11254688638254876,0.06802125407732679,7.53517137960675,5.605259615367524,-0.181853196810187,-0.04400970390960119,6.226734113317918,2.92059114222688,0.022119293638895823,-0.020530588487793294,1.7924881168547446,7.581287348015327,0.05294435275051236,-0.10807976098469156,4.010124528071125,6.898338463420267,0.044621242220806406,0.05319788641748689,8.504458059634354,8.376705898955347,-0.03964632224865014,-0.014462994652377504,7.112169772042942,1.9205177304508398,0.21333102030203716,0.00372787757144721,1.471774009046427,8.093523373527592,-0.004798588251569499,-0.1993468822769298,4.480449037412436,2.0467604458750697,0.27330701846828187,0.08232090384157494,7.902445324673757,5.173789627306596,-0.15842837279097544,0.0589792296916277,2.17505849040478,6.146800413118083,-0.07618801803290169,0.01870851933696694,6.904846247886043,4.762214302030633,-0.2708697914114204,-0.10816171644534282,4.994388216261252,3.037412503832803,0.06898104335655315,0.11215208073547911,7.268758482375714,2.801677725407788,-0.07586075020522137,0.07852951383365021
470,4.388296711933266,3.425153152381454,-0.029458743022186037,0.056135391182890154,1.6386156364324183,9.053699038553608,-0.03277296082643467,-0.2522751574694607,6.280608967111412,8.035128667378812,0.0022673800327183465,-0.0013875496365067573,8.685280653028336,4.457532624706476,-0.12798958199447694,0.13163311500348984,7.096044557962272,3.7561272479285757,-0.238380370337375,0.0959186150896932,3.994254931813742,2.5482278706556123,0.007931783844271857,-0.043673817632819,2.7749026277841184,8.843581124075808,0.10537407982155556,0.06289707890130235,7.52607871976624,5.603059130172044,-0.18538635190874447,-0.04018354727848909,6.227840077999863,2.9195646128024904,0.022161576801370455,-0.03267479718725809,1.7951353344922703,7.575883359966093,0.05254130427989602,-0.10733809391705948,4.012355590182165,6.900998357741142,0.044921829561995794,0.04842527731774114,8.502475743521922,8.375982749222729,-0.0395704708678251,-0.015394188983874459,7.122836323058044,1.9207041243294123,0.23107256484673397,-0.011861499712602778,1.4715340796338485,8.083556029413746,-0.008276807239153614,-0.19148445817152399,4.49411438833585,2.0508764910671484,0.2779825688545915,0.08098895917104676,7.894523906034209,5.176738588791178,-0.1570861942823361,0.06064003507346221,2.1712490895031347,6.147735839084931,-0.07337777414321224,0.01823541394175417,6.891302758315472,4.756806216208366,-0.263999898635408,-0.10033599837030582,4.99783726842908,3.0430201078695767,0.07123597163249595,0.11431254757038187,7.264965444865452,2.80560420109947,-0.06579308611840268,0.07303925139976368
471,4.386823774782156,3.4279599219405985,-0.021029869900447605,0.05400878146260045,1.6369769883910965,9.041085280680136,-0.04709166096118885,-0.24147909854645466,6.280722336113048,8.035059289896987,0.004622252259433435,-0.0018127358775523515,8.678881173928612,4.464114280456651,-0.12268758679157796,0.13203324149609447,7.084125539445403,3.7609231786830604,-0.2287835918849786,0.09984301135126604,3.9946515210059554,2.5460441797739715,0.011728547189871031,-0.0393916497063883,2.7801713317751964,8.846725978020872,0.09775049525305504,0.05758626072086049,7.516809402170804,5.601049952808119,-0.18881300393790115,-0.03557628965898893,6.228948156839931,2.9179308729431273,0.022100536802243068,-0.04463292093079218,1.797762399706265,7.57051645527024,0.05226933014843106,-0.10627560638560611,4.014601681660265,6.903419621607029,0.04536504187743597,0.04387283958015703,8.50049721997853,8.375213039773534,-0.03941666331715638,-0.016275335157798665,7.13438995130038,1.920111049343782,0.24420298529312984,-0.027105910644666838,1.471120239271891,8.07398180650517,-0.011688087230422726,-0.18317868577758212,4.50801351677858,2.0549259390257006,0.2791686241721126,0.07912478646652892,7.886669596320092,5.179770590544851,-0.1556338045503329,0.06248689374625989,2.167580200795974,6.148647609782019,-0.07052512005864899,0.017835884520052143,6.878102763383702,4.751789416289851,-0.25668196966554796,-0.09158937214221172,5.001399067010706,3.048735735248096,0.07378818105448826,0.11654064798197578,7.261675790559532,2.8092561636694584,-0.055890203542413905,0.06686161330116615
472,4.385772281287134,3.4306603610137287,-0.013117652819854496,0.051680782548775894,1.6346224053430372,9.029011325752814,-0.061486729547061504,-0.23044539590472912,6.28095344872602,8.034968653103109,0.006929821867525743,-0.002214457260065994,8.672746794589033,4.470715942531456,-0.11681143792695108,0.13179210245390327,7.072686359851154,3.7659153292506238,-0.22008074154318172,0.10385589815858855,3.995237948365449,2.544074597288652,0.015091168184319693,-0.035939333407307456,2.7850588565378493,8.849605291056916,0.08966802644535775,0.05210062807775689,7.5073687519739085,5.59927113832517,-0.19195980917960515,-0.030331590165938355,6.2300531836800435,2.915699226896588,0.021947213911842182,-0.05644256056349405,1.8003758662136866,7.565202674950959,0.052050751347872015,-0.10493325120507437,4.016869933754137,6.905613263586037,0.04591225386719637,0.03952946699676775,8.498526386812673,8.374399273015644,-0.039190117610765046,-0.017106405979530948,7.146600100565037,1.9187557538115487,0.2531089950864114,-0.04101489441169946,1.4705358349103699,8.064822872216292,-0.015073987563946477,-0.17464751543918985,4.521971947987185,2.058882178349027,0.2785178699736806,0.07739845844375089,7.878887906092576,5.182894935232164,-0.15408394036249626,0.06446524399072238,2.1640539447930416,6.149539404008022,-0.06762793422638695,0.01750716092271186,6.865268664900425,4.74720994768274,-0.2479197158446518,-0.08163636131490878,5.00508847606343,3.054562767647195,0.07616974535872086,0.11928609733871053,7.258881280382411,2.8125992443345167,-0.04598709297865887,0.059870281276830285
473,4.385116398646142,3.4332444001411675,-0.005794755802852389,0.049236575439265,1.631548068865684,9.017489055957578,-0.07589367435840565,-0.2195080978154633,6.281299939819396,8.034857930240106,0.009183414626896548,-0.002586188588843963,8.666906222692685,4.477305547654151,-0.11056338737136426,0.13095363544081243,7.061682322773995,3.771108124158553,-0.21217423980296451,0.10782893404547228,3.995992506774665,2.542277630618287,0.018026906673351484,-0.03330073357197125,2.7895422578601172,8.852210322460804,0.08105060297056908,0.046377087965380676,7.4977707615149285,5.597754558816873,-0.19484919835180153,-0.024497233843053794,6.231150544375636,2.912877098868413,0.021706842908095197,-0.06814662323396334,1.8029784037810803,7.559956012390706,0.05186688256713986,-0.103321275810885,4.019165546447497,6.907589736935876,0.046532474096226024,0.03539252653239035,8.496566880932134,8.373543952716668,-0.0388993188423639,-0.017885905325921315,7.159255550319357,1.9167050090909639,0.2592657663439311,-0.05321393193377702,1.4697821355321725,8.056090496444332,-0.01842248598287367,-0.16585227417270082,4.53589784148587,2.0627521012712147,0.2762515058015796,0.07595453489961222,7.871183709074451,5.1861181974317,-0.15240073909418095,0.0664644426360757,2.160672548081722,6.150414762054157,-0.06464648195504467,0.017238623115433525,6.852872679108192,4.743128129616995,-0.23738172193672333,-0.07036129413451365,5.008896963331367,3.0605270725141303,0.07892048891176327,0.12146500380179713,7.256581925733478,2.815592758398358,-0.03618382019490261,0.052157523689397425
474,4.384826660856,3.435706228913131,0.0009318921106035742,0.04660292688726447,1.6277533851477637,9.006513651066804,-0.09032852308420139,-0.20888258566255305,6.281759110550741,8.034728620810665,0.011376742992580104,-0.0029227785091784806,8.661378053324116,4.483853229426192,-0.10431955831474365,0.1298467910640398,7.051073610783847,3.776499570860827,-0.20406522830189067,0.11139583803895964,3.996893852108333,2.5406125939396884,0.020495118249694067,-0.03150811885120947,2.7935947880086456,8.854529176859073,0.07193860399529213,0.040439970999729166,7.488028301597338,5.59652969712472,-0.19752012159973492,-0.018095998232807137,6.232235886521041,2.9094697677067147,0.021495062762330847,-0.0798385772208465,1.8055717479094373,7.5547899486001615,0.05164534141573548,-0.1014884711682673,4.0214921701523085,6.909359363262495,0.047004202763842866,0.0313733808648374,8.494621914990017,8.372649657450372,-0.03855230097301061,-0.01861267616836919,7.172218838636554,1.914044312494275,0.2637468714778222,-0.06374596761240213,1.468861011233029,8.047797882735697,-0.02168973135004305,-0.15676726045528788,4.549710416775949,2.0665498280161954,0.2730769978111001,0.07358573064597443,7.863563672119742,5.1894414195635035,-0.15056012270407187,0.06842210280448505,2.15744022398397,6.151276693209929,-0.06157174729704182,0.017026168808540475,6.841003593011356,4.739610064910269,-0.2253588168850151,-0.05777462004031352,5.0128429877769545,3.06660032270422,0.08206352341462715,0.12264114435232112,7.2547727347237325,2.8182006345828277,-0.02649265331715603,0.043939071354993434
475,4.38487325546153,3.438036375257494,0.007194756283062223,0.043679642229964954,1.6232369589935536,8.996069521783676,-0.10479701267150837,-0.19856292878384327,6.28232794770037,8.034582481885206,0.013482740867912936,-0.003214154581160566,8.656162075408378,4.490345568979394,-0.09809611702686848,0.1284807365179518,7.040870349368753,3.782069362762775,-0.1953807749337037,0.114536906333604,3.9979186080208176,2.539037187997128,0.022485527072588163,-0.03059262978481729,2.7971917182084103,8.85655117540906,0.06262100177809471,0.03417763358331872,7.478152295517352,5.59562489721308,-0.1999155030056845,-0.011177084361757256,6.233310639659157,2.9054778388456723,0.021522598245571928,-0.09161277369659075,1.808154014980224,7.549715525041748,0.05129248154613614,-0.09954514014272647,4.023842380290501,6.910928032305737,0.04705788754980497,0.027350642899849648,8.492694299941366,8.371719023641955,-0.03815651868112142,-0.019285841573538322,7.185406182210445,1.910857014113655,0.26639357586846724,-0.07285368026866167,1.4677765246655268,8.039959519712932,-0.024806802814700834,-0.14743390100518602,4.563364266666504,2.070229114548494,0.26941126261105264,0.06975580327602222,7.856035665984539,5.1928625247037274,-0.14857433324114788,0.07027956980020114,2.1543616366191176,6.152128001650356,-0.058404120662801665,0.016872775265680772,6.8297356521671055,4.736721333908253,-0.21320355226900253,-0.04477394102420024,5.0169461639476856,3.072732379921836,0.08529155414094074,0.12290648981864433,7.253448102057875,2.8203975881505774,-0.016890902347269247,0.03530982902420387
476,4.385232993275683,3.4402203573689922,0.012938457666533712,0.040632247291198,1.6179971083599782,8.986141375344484,-0.11925698475507694,-0.1883614768564198,6.2830020847437655,8.034421774156147,0.015493958044827151,-0.003454108235978803,8.651257269557036,4.496769605805292,-0.09189615400857033,0.1268018277153829,7.031101310622067,3.787796208079455,-0.185790582794555,0.11705553170476213,3.9990428843744468,2.537507556507887,0.023983982999364096,-0.030576348279876583,2.800322768297315,8.858260057088225,0.05327074217602486,0.027534723490249643,7.468156520367067,5.595066042994992,-0.2020160723879944,-0.004044615989173867,6.234386769571436,2.9008972001608426,0.021778863572906332,-0.10338514925043711,1.8107186390575307,7.544738268034611,0.05079561014923691,-0.09749943068920332,4.026195274667991,6.912295564450729,0.04671421797137194,0.02333362809834742,8.49078647400731,8.370754731563277,-0.0377198662293678,-0.019904377086596627,7.198725861003869,1.9072143301002218,0.2672689956192769,-0.08062201844228951,1.4665361845247917,8.032587824662672,-0.027721141001084082,-0.13790901096979516,4.576834829797057,2.0737169047122954,0.2650952615981313,0.06448316112550094,7.848606949322481,5.196376503193737,-0.1465137064214181,0.07195585357696124,2.1514414305859777,6.152971640413639,-0.05513383471369068,0.016779944506440457,6.819075474553656,4.734482636857043,-0.20126331140901718,-0.03154410897101573,5.021210741654732,3.0788777044127684,0.0884059217898999,0.12213969371217172,7.252603556940511,2.8221630796017876,-0.007447540290060232,0.02651132440341339
477,4.38587991615901,3.4422519697335523,0.018282295330065014,0.03733734015344642,1.6120342591222243,8.976723301501663,-0.1335965539660831,-0.17835911338324284,6.283776782646007,8.034249068744348,0.017409720618307756,-0.003639472965237966,8.646662461856607,4.503109697191061,-0.08673331478959621,0.1277882373683611,7.02181178148234,3.7936489846646935,-0.1763578691071351,0.11961403481844916,4.000242083524415,2.5359787390938933,0.024944247726837353,-0.03130377328330087,2.802986305406116,8.859636793262737,0.043888921914546436,0.020546358287107477,7.458055716747667,5.594863812195533,-0.20362929929345952,0.0031496683605060803,6.235475712750081,2.8957279426983207,0.022714651653002578,-0.11476402909557948,1.8132584195649926,7.539863296500151,0.05014409077617764,-0.09536172146646935,4.02853098556656,6.913462245855646,0.045987412716554925,0.0193281926166799,8.488900480695841,8.369759512708947,-0.0372501089853769,-0.02046674714288308,7.212089310784832,1.9031832291781072,0.2661795553331174,-0.0872371095575258,1.4651501274747376,8.025692374114183,-0.030401858782270186,-0.1282464222840442,4.590089592876963,2.0769410627685705,0.27226834234049047,0.05832392000051334,7.8412812640014105,5.199974295872585,-0.14431914274947155,0.0734268109940023,2.148684738850293,6.153810637638961,-0.051771281146996424,0.0167660109268284,6.809012308983204,4.732905431408493,-0.18970092227365645,-0.01835262952651194,5.025631037744227,3.084984689098377,0.0910355785070811,0.12057155269133728,7.252231179926008,2.8234886458219584,0.0011694823434923191,0.01812264120353088
478,4.386794030925513,3.4441188367412248,0.023152609853642703,0.03383443739234469,1.60535443142392,8.9678053458325,-0.14778794454006153,-0.16856202830667233,6.284647268676922,8.034067095096086,0.01925009113925712,-0.003774786184163114,8.642325796117127,4.509499109059479,-0.08198665904230179,0.1284229111183891,7.012993888026983,3.799629686405616,-0.16712262113750773,0.12146027732823148,4.001489295910757,2.5344135504297283,0.024959570218363956,-0.03322872111880588,2.8051807515018434,8.860664111177092,0.034479597089736407,0.013249837070476542,7.447874251782994,5.5950212956135585,-0.20459841009527552,0.010495819384609245,6.2366114453327315,2.8899897412435416,0.024168657415937263,-0.12578635470073352,1.8157656241038014,7.535095210426827,0.04933685128841042,-0.09315583645104128,4.0308303562023875,6.91442865548648,0.044858460883902836,0.01532224826035761,8.487037975246572,8.368736175351803,-0.036755832253170556,-0.02097006166218414,7.225398288551488,1.8988213737002309,0.2634255696599282,-0.09296362617685049,1.4636300345356241,8.01928005299998,-0.03281265096912646,-0.11847972216526406,4.603703009993988,2.079857258768596,0.2768613060211154,0.05250980243476226,7.834065306863937,5.203645636422285,-0.1419762857015561,0.0747882113486559,2.1460961747929432,6.154648938185303,-0.04832722865938465,0.016847300236138195,6.799527262869522,4.731987799932167,-0.17899214168693695,-0.005537054224864753,5.030182816669581,3.091013266732944,0.09335551756908042,0.11821242972212713,7.252289654043183,2.824394777882135,0.008935408764180948,0.009845518527158353
479,4.387951661418195,3.445810558610842,0.027699509574669122,0.02998596105693839,1.597965034196917,8.959377244417167,-0.16182378189233737,-0.1589839545368645,6.285609773233885,8.033878355786877,0.02100252581018226,-0.0038359847584211286,8.638226463165012,4.5159202546153985,-0.0776403170300156,0.12870099707753305,7.004637756970108,3.8057027002720276,-0.1580460750049432,0.12251234373260393,4.0027372744216745,2.532752114373788,0.024072457526365474,-0.03633928878539609,2.8069047313563305,8.861326603030616,0.025034652529208605,0.005693765938055048,7.43764433127823,5.595546086582789,-0.20498151038140167,0.017674967134748483,6.237819878203529,2.883700423508505,0.025301756241749605,-0.13695340708892473,1.818232466668222,7.530437418604275,0.048393827204438446,-0.09094505789427715,4.033073279246582,6.915194767899498,0.04335173853795462,0.011323602865317098,8.485200183633914,8.367687672268694,-0.03624616373903806,-0.021410729092123052,7.238569567034484,1.8941731923913883,0.2595234461639918,-0.09821579189671724,1.4619894019871678,8.013356066891717,-0.03493367815563941,-0.10867361443559068,4.617546075295044,2.082482748890334,0.27892876278807843,0.04705570772679641,7.826966492578859,5.207385046989718,-0.13934764077321996,0.07606489003375479,2.143679813359974,6.15549130319711,-0.04479961679279129,0.01702436974507445,6.790577655785175,4.731710947220924,-0.16885174205209885,0.006984173969372003,5.034850592548035,3.09692388821905,0.09519879232634647,0.11518541659164112,7.252736424481393,2.8248870538084927,0.016508576743898204,0.001346118954547497
480,4.389336636896928,3.4473098566636886,0.03228731000294042,0.02584566634117625,1.5898738451023,8.951428046690324,-0.1756949077692409,-0.14963990052337384,6.286659899524394,8.033686556548956,0.022667143840372727,-0.0038220531666006913,8.634344447313511,4.522355304469275,-0.07365247311419548,0.12858638976714482,6.996735453219861,3.811828317458658,-0.14907926102341015,0.12278578127451345,4.003940897297992,2.5309351499345185,0.022321038742104723,-0.040577208458719725,2.8081564639827907,8.861611291327518,0.015772026656119768,-0.0021722508373145976,7.42739525575916,5.596429834939526,-0.20472838770896304,0.0247666808314667,6.239084966015616,2.8768527531540586,0.025849303507636864,-0.14820004955928454,1.8206521580284438,7.525890165709561,0.04730577607903123,-0.08872891640959936,4.0352408661734795,6.915760948042764,0.04149212093214922,0.007340187947132817,8.483387875446962,8.366617135814089,-0.035721565751505445,-0.021783774330789287,7.251545739342684,1.8892624027965523,0.2542998414997853,-0.10329936103595941,1.4602427180793858,8.007922386169938,-0.036740714033940074,-0.09907182397762673,4.631492513434448,2.0848355342766736,0.2785333817099544,0.042017940659244794,7.8199991105401985,5.211188291491406,-0.13647031707124221,0.07727173219174453,2.1414398325203345,6.156342521684364,-0.041188115859024925,0.017294084231859685,6.78213506868257,4.732060155919392,-0.1591041146745888,0.018918329940183845,5.039610532164352,3.1026831590486323,0.09650386098314864,0.11154760467755478,7.253561853318588,2.82495435975622,0.0239097696772192,-0.007345244827143101
481,4.390951002397075,3.4486021399807476,0.03683180169631791,0.021366092301597812,1.581089099713838,8.943946051664156,-0.1894141192880054,-0.1405782652377579,6.287793256716412,8.033495453890625,0.02424455692249553,-0.0037318954312063773,8.630661823657801,4.528784623957632,-0.07001897583133282,0.12801117267473508,6.989281490168691,3.8179676065223833,-0.14021596987903912,0.12225937740594253,4.005056949235097,2.5289062895115824,0.019761813108364296,-0.046017267390428065,2.8089450653155965,8.861502678785653,0.006586126862018052,-0.010092549562681189,7.417158836373712,5.597668168981099,-0.20382421095222342,0.03188868560865977,6.240377431190998,2.8694427506760944,0.026183250078390913,-0.15888852507870324,1.8230174468323954,7.521453719889081,0.04606634331199765,-0.08651024768798309,4.037315472220087,6.91612795744012,0.0393002983288043,0.00338171235738062,8.481601797159387,8.365527947097549,-0.035187798706961225,-0.02209581235288276,7.264260731417673,1.8840974347447543,0.24762498257205856,-0.10861974278165548,1.4584056823776888,8.002968794971057,-0.03852754989812636,-0.09017271416703598,4.645419182519945,2.0869364313096357,0.27546969216515743,0.03747446634264781,7.813175594686636,5.215051878100994,-0.1334135848786067,0.07841308523640343,2.1393804267273833,6.157207225895957,-0.03749018371998589,0.01763136952419454,6.774179862948841,4.733006072416401,-0.14971751263048327,0.03017838569079229,5.04443572521351,3.1082605392825102,0.09756298299421412,0.10708819935965222,7.254757341802448,2.8245870975148626,0.031128017329273033,-0.016199086400143056
482,4.392792592481891,3.4496704445958275,0.041080439774888275,0.016594822816243388,1.5716183937494377,8.936917138402269,-0.20301058845190004,-0.13187793244714474,6.289005484562537,8.033308859119064,0.025737445030391378,-0.0035819594466879982,8.627160874866235,4.535185182591369,-0.06666055994457307,0.1268947304600375,6.982270691674739,3.8240805753926805,-0.1314167045539697,0.12098972219690785,4.006045039890515,2.5266054261420607,0.016442419637480925,-0.05259558094972181,2.8092743716586974,8.860998051307519,-0.0026351393480611423,-0.01785716691635894,7.406967625826101,5.599262603261532,-0.20231651034504283,0.03906918340400317,6.241686593694918,2.8614983244221595,0.026338083201478797,-0.16892008886735566,1.8253207639979954,7.5171282075046815,0.04466635798368097,-0.08428682102559762,4.039280487136526,6.916297043057989,0.036804072569417284,-0.0005490560132477371,8.479842407224039,8.364423156479905,-0.03465393704004342,-0.022347374012271003,7.276641980546276,1.8786664476056716,0.2401799571280278,-0.11400605247987955,1.4564793048827824,7.998460159262705,-0.040584406724074124,-0.08202910216967003,4.659192667128203,2.088810154626768,0.26988976199378695,0.03331644520552947,7.806504915442706,5.218972532362813,-0.13017763865546692,0.07947326029390403,2.137505917541384,6.1580887943721665,-0.03371191532313149,0.01804255267840499,6.766693987317316,4.734514991700941,-0.1404765157928673,0.04035767586623022,5.049313874363221,3.113614949250493,0.09888728905011755,0.10113445865857285,7.256313742668912,2.8237771431948553,0.03818016471773129,-0.02528180757390633
483,4.3948466144706355,3.4505001857366397,0.045106239928501365,0.01142702821611426,1.5614678643268427,8.930323241779911,-0.21647285626796678,-0.12356092606777883,6.2902923568140565,8.033129761146728,0.02714744989949481,-0.003379192151856424,8.623827846869005,4.541529919114371,-0.06362017656094136,0.1252737141588228,6.97569985644704,3.8301300615025258,-0.12268492062748274,0.11904767825916514,4.006867160872389,2.5239756470945744,0.012532272611299704,-0.059848520740209105,2.8091426146912943,8.8601051929617,-0.011863397182972489,-0.025507094502676003,7.396851800308849,5.601216062431732,-0.2004792556568991,0.04599677571133235,6.243003497854992,2.853052319978792,0.02631228891892322,-0.17827663750450737,1.8275540818971794,7.512913866453402,0.04311036196801305,-0.08203075187950092,4.0411206907649975,6.916269590257327,0.034002776827024746,-0.004471874614379177,8.478109710372037,8.363305787779291,-0.034127238733840534,-0.022536547105802284,7.288650978402678,1.8729661449816777,0.23215230224178207,-0.1194151870317623,1.4544500845465786,7.994358704154221,-0.04282072419474387,-0.07447106706420319,4.672687155227893,2.0904759768870442,0.262477623412511,0.02955669857950999,7.799996033509933,5.222946195377508,-0.12647834566788185,0.0800510758694292,2.1358203217752276,6.158990922006087,-0.029850616911046908,0.018528958384438098,6.759670161527673,4.736532875494253,-0.13130844970848238,0.049370892808778974,5.054258238815726,3.118671672183422,0.10046194951523882,0.09368283125507515,7.258222750904798,2.82251305281616,0.04507733257919293,-0.0346243163369812
484,4.3971019264670606,3.4510715371474454,0.04860074215998006,0.005920541397919871,1.5506442215134444,8.924145195476521,-0.22956641720203355,-0.11560558577174879,6.291649729309031,8.032960801539136,0.028474956724822684,-0.003124795313720407,8.620646838040958,4.547793604822312,-0.06087801458663049,0.1233951044642823,6.969565610415666,3.836082445415484,-0.11403545667589506,0.11650382261440262,4.0074937745029535,2.520983221057564,0.008093518812695693,-0.06780294312470961,2.8085494448321455,8.858829838236566,-0.02104814660743004,-0.033030831605422965,7.386827837526004,5.603515901217299,-0.19878355603963246,0.05223118648902038,6.244319112300938,2.8441384881035665,0.026142731213401636,-0.1870460341970218,1.8297095999955801,7.508812328859427,0.041406823594900374,-0.07971614203153805,4.042820829606349,6.916045996526608,0.030938567231702137,-0.008368802820465336,8.476403348435344,8.362178960424002,-0.03361065570838506,-0.022661122547971146,7.300258593514767,1.8669953856300896,0.22352924761817825,-0.12481793420089929,1.4523090483368415,7.990635150801011,-0.04528589965949321,-0.06757595481792823,4.685811036398518,2.09195381181602,0.2538308863734218,0.025841922912915486,7.7936721162265385,5.22694874917098,-0.1223852712418269,0.08041406119447508,2.1343277909296754,6.159917369925308,-0.025906301149719164,0.01909313027050966,6.753104739042249,4.7390014201346915,-0.1220075785150734,0.05689651341830084,5.059281336291488,3.1233558137461754,0.10227074596573454,0.08473630669462365,7.260476617533757,2.820781836999311,0.051960399471816826,-0.044141948016754536
485,4.399531963575059,3.4513675642173416,0.050892577631967785,0.0001963486146833674,1.5391659006533427,8.918364916187935,-0.24164339409736588,-0.10778823171848989,6.293073477145272,8.03280456177345,0.029719468925178214,-0.002822008444723489,8.617602937311627,4.553963360045526,-0.05828278402215543,0.1219071703405576,6.963863837581871,3.841907636546204,-0.10537366201341947,0.11352276391998037,4.007898450443588,2.5175930739013284,0.0028815109771882993,-0.07608144490355062,2.807497037501774,8.857178296656295,-0.030217887582333146,-0.04040067845605659,7.376888659724023,5.6061274605417495,-0.19714221287816872,0.057624620432411226,6.245626248861608,2.8347861863937154,0.025977216192911944,-0.19532052309315331,1.831779941175325,7.50482652175785,0.03960324329588056,-0.07739162291138128,4.044367757967934,6.915627556385585,0.027656644220756817,-0.012226610263011226,8.474722815649924,8.361045904296603,-0.03307587762005384,-0.022692876427710118,7.311435055895675,1.8607544889200447,0.21415768382594955,-0.13019503498150556,1.4500447533538667,7.987256353060115,-0.04801550815055632,-0.061396059938467896,4.698502580717189,2.093245907961666,0.2445133139585468,0.02142960712703063,7.787552852664447,5.2309694522307035,-0.11800119613663662,0.08080737971905926,2.1330324758721892,6.160872026438834,-0.02190804318486969,0.019756984964503586,6.747004360116495,4.741846245805607,-0.11254272004272614,0.06306908512209246,5.064394873589775,3.1275926290809064,0.10401224877227885,0.07478828105079811,7.263074637507348,2.818574739598473,0.058888614647683905,-0.05336098203288689
486,4.402076592456658,3.4513773816480757,0.05199771442879987,-0.005731009580502294,1.5270837309484744,8.912975504602011,-0.2519958640780826,-0.10002285589570738,6.294559450591532,8.032663461351213,0.030880171034515066,-0.0024743206517592094,8.61468879811052,4.560058718562554,-0.05526175724691453,0.12102232495336702,6.9585951544812,3.847583774742203,-0.09666196038187344,0.11002900227621301,4.0080425259924475,2.513789001656151,-0.00404188739832287,-0.08327192498677778,2.805986143122657,8.855158262733493,-0.039451733352692184,-0.04754483380936431,7.367031549080115,5.60900869156337,-0.19544582631737104,0.062039057026063,6.246925109671254,2.825020160239058,0.025767659300397715,-0.20304226831596026,1.8337601033401192,7.500956940612281,0.03772408579740167,-0.07506135790346817,4.045750590178971,6.915016225872435,0.02420331091742449,-0.016032209252140293,8.473069021768922,8.359911260475217,-0.03243103843755777,-0.02261508255828737,7.322142940086972,1.8542447371709694,0.2040455859665669,-0.13557348804249017,1.4476439779463388,7.984186550063192,-0.05102759795437121,-0.05590429621259109,4.710728246415116,2.0943173883180175,0.23452808756580085,0.016242978949268596,7.781652792857615,5.235009821216656,-0.11335238327638615,0.08143004797604242,2.1319370737129457,6.161859875687059,-0.017857606568925783,0.020520209542034804,6.741377224114359,4.744999700061712,-0.1036045565238205,0.06879757875297854,5.069595486028389,3.131332043133446,0.10490718978931052,0.06496843370544594,7.266019068239732,2.8159066904968286,0.06585286306649189,-0.06238410079704895
487,4.404676478178098,3.4510908311690507,0.05196048648526025,-0.011909249686012053,1.5144839377445702,8.907974361807225,-0.2606196116056819,-0.09230359171623922,6.296103459143257,8.032539745318624,0.03195960332828776,-0.002085089166444542,8.611925710248173,4.566109834810223,-0.052106065697732594,0.12057249517193905,6.953762056462106,3.853085224856014,-0.08791673560798963,0.10592858753815397,4.007840431622531,2.509625405406812,-0.012890608187278559,-0.08922042047911692,2.8040135564550224,8.852781021043025,-0.048838977636845166,-0.05443893724702644,7.357259257764246,5.612110644414673,-0.2023733597651135,0.06375969466791014,6.248213492636275,2.81486804682326,0.020635271349381288,-0.20839462199311384,1.8356463076299894,7.497203872717107,0.03572904494855047,-0.07273589106945948,4.046960755724843,6.914214615409828,0.020639618869232466,-0.019758966197392713,8.471447469847044,8.358780506347303,-0.031651253221703125,-0.022423652055250543,7.3323452193853,1.8474660627688448,0.19312793431327713,-0.1409462335862085,1.4450925980486202,7.981391335252562,-0.05439040148804449,-0.05099064985731975,4.722454650793407,2.095129537265481,0.22390514958848684,0.010142684955318705,7.775985173693796,5.2390813236154585,-0.1085277259107064,0.08235850403290548,2.1310441933844992,6.16288588616416,-0.013761129090183184,0.021382397154836592,6.736196996288168,4.748439578999361,-0.09492774894144211,0.07418278725539038,5.074840845517854,3.1345804648187183,0.10491312156905276,0.05525467443215531,7.2693117113930565,2.812787485456976,0.07262100996881467,-0.07111175784694329
488,4.407274502502362,3.45049536868475,0.050864763497012376,-0.01835309814692476,1.501452957164286,8.903359182221413,-0.26763347642091706,-0.08463866313094831,6.297701439309671,8.032435490860303,0.03295143914598243,-0.0016761940855354093,8.609320406963286,4.572138459568819,-0.04541980589157643,0.1132159058844196,6.949366219681707,3.8583816542329217,-0.0790917419380029,0.10133402198270067,4.0071959012131675,2.505164384382856,-0.022552585180362513,-0.09408053515785743,2.8015716075731802,8.850059074180674,-0.05845485043719535,-0.06109475770615387,7.34714058977599,5.615298629148069,-0.2074304581090819,0.06610818379596332,6.249245256203744,2.8044483157236044,0.01531101306660064,-0.2131049114565147,1.837432759877417,7.493567078163634,0.033621688087316755,-0.07031066990195468,4.047992736668305,6.913226667099958,0.017010640363501837,-0.023394219582102072,8.46986490718596,8.35765932374454,-0.030712300134969308,-0.022172838573852615,7.342001616100964,1.8404187510895345,0.18477711943433656,-0.13348726289047447,1.442373077974218,7.978841802759696,-0.05817782851109766,-0.04679271521488563,4.733649908272831,2.095636671513247,0.21247652668704717,0.0034586700090963995,7.770558787398261,5.2431992488171035,-0.10390525457815636,0.08354073394295135,2.13035613692999,6.163955006021902,-0.009624450513713762,0.022342902629195388,6.731450608841096,4.752148718362131,-0.08574086120035325,0.0795134008834202,5.080086501596306,3.137343198540326,0.10407531383921248,0.04561957540857475,7.272942761891497,2.809231897564629,0.07878085533588867,-0.0787326788328804
489,4.409817740677212,3.4495777137774035,0.04881418005992722,-0.02509120728851297,1.4880712833432401,8.899127249064867,-0.2733207091089864,-0.07721527342791296,6.299349011266971,8.032351681156026,0.033856748390972774,-0.001244971104693415,8.607049416668708,4.577799254863041,-0.03928088249987664,0.10566919268122785,6.945411632584807,3.8634483553320567,-0.07023832281292279,0.09654547907129034,4.006068271954149,2.500460357624963,-0.03212778079088574,-0.09777724167638828,2.7986488650513204,8.847004336295367,-0.06821742516949897,-0.06749062740825462,7.336769066870536,5.6186040383378675,-0.21103761386424413,0.06882538725659708,6.250010806857074,2.7937930701507785,0.00993647826595195,-0.21690724634628425,1.8391138442817827,7.490051544668536,0.031487208132478,-0.06770569006650404,4.04884326868648,6.912056956120853,0.013494502391027738,-0.026894790311476957,8.468329292179211,8.356550681815849,-0.029637898845744682,-0.021857127182694214,7.35124047207268,1.8337443879450108,0.1752644312147893,-0.1267063285566732,1.4394641865486633,7.9765021669989515,-0.062399788295724616,-0.04335504377702609,4.744273734607184,2.095809605013702,0.200201169142625,-0.00342169008759664,7.765363524669353,5.247376285514251,-0.09955576022521961,0.08469906946849384,2.1298749144043043,6.165072151153361,-0.005457200714939043,0.023417849021522934,6.727163565781079,4.756124388406302,-0.0761590599050728,0.08535383166466542,5.085290267288267,3.1396241773107545,0.10240558620084864,0.03608844700205009,7.2768818046582915,2.805295263622985,0.08466266664176922,-0.08561654666291847
490,4.412258449680209,3.4483231534129777,0.04595258006324124,-0.032237933092126636,1.4744052478877907,8.89526648539347,-0.2778239834454437,-0.07015610088700987,6.30104184868652,8.032289432600791,0.034597524229467075,-0.0008392790283828996,8.605085372543714,4.583082714497102,-0.03369226048118176,0.09791554407230489,6.94189971644416,3.868275629285621,-0.06130502452314694,0.09169763400867685,4.004461882914605,2.4955714955411437,-0.04133464800890332,-0.10019213373148252,2.7952379937928455,8.843629804924953,-0.077940949918778,-0.07361257837735462,7.326217186177324,5.622045307700698,-0.21261072237342707,0.07176673398390869,6.250507630770372,2.7829477078334643,0.0043003178177584,-0.2199195289338721,1.8406882046884065,7.486666260165211,0.02947818552407861,-0.06482915295957282,4.049517993806031,6.91071221660528,0.010135182003783513,-0.030248802160045874,8.466847397236924,8.355457825456714,-0.028448362989497735,-0.021472870450044115,7.36000369363342,1.8274090715171771,0.16459264276073352,-0.12061032497956004,1.436344197133877,7.9743344148101,-0.06687701093206666,-0.04046272336015836,4.754283793064315,2.095638520509322,0.1870951836203548,-0.010501490305940376,7.760385736658092,5.251611238987676,-0.09537410063104142,0.08559082769062676,2.1296020543685574,6.166243043604437,-0.001265929499261781,0.02461251730334633,6.723355612785825,4.7603920799895345,-0.06635342975761567,0.09159461268876382,5.090410546598309,3.141428599660857,0.09994836795617681,0.026702037927982022,7.28111493799038,2.801014436289839,0.09034803519457321,-0.09177063757406845
491,4.414556078683371,3.4467112567583715,0.04230601669718575,-0.03958446707607248,1.4605140487155186,8.89175868034912,-0.28121820458737806,-0.06349534665341115,6.302771724897993,8.032247468649372,0.0351334731765391,-0.0005189005935385845,8.603400759519655,4.587978491700717,-0.02858091073459687,0.08998052150956266,6.938834465218003,3.872860510986055,-0.05224793930710156,0.08680325709000333,4.002395150514159,2.4905618888545695,-0.05003382819469815,-0.10137229629167725,2.7913409462969065,8.839949176006085,-0.08751139503911262,-0.0794573334755783,7.315586650058653,5.625633644399893,-0.2135013204470288,0.07430526656136373,6.250722646661259,2.7719517313867708,-0.0013781023235809025,-0.22220592082541119,1.8421621139646105,7.4834248025172325,0.027638548885318043,-0.06165652549563602,4.0500247529062205,6.909199776497277,0.006943565245079327,-0.033454670389315856,8.465424979087448,8.354384181934211,-0.02716700208015497,-0.02101266210297688,7.368233325771457,1.8213785552681991,0.1522439685230054,-0.11955092273353185,1.4330003465872738,7.972311278642092,-0.07129482561896108,-0.037729206108249584,4.763638552245332,2.095113445994025,0.17323760885944095,-0.01776444814709829,7.7556170316265405,5.255890780372208,-0.09135486965434063,0.08623931593466856,2.1295387578935943,6.167473669469604,0.0029276156336136613,0.025949344153075152,6.720037941297945,4.7649718106239725,-0.057121805750390636,0.09428870985005684,5.095407964996118,3.142763701557256,0.09679450850476366,0.017533653703805614,7.285632339750109,2.7964259044111355,0.09599393094390374,-0.09759972559141292
492,4.41667137951823,3.444732033404568,0.03800214522947621,-0.04705310415507295,1.4464531384861496,8.88858391301645,-0.28359669105676605,-0.05708806415195203,6.30452839855682,8.032221523619695,0.03563941043990866,-0.00024438569767475343,8.601971713982925,4.592477517776195,-0.02403912211185994,0.08198916659704321,6.936222068252648,3.877200673840555,-0.04305096944034893,0.08182980566933855,3.9998934591044244,2.4854932740399858,-0.058148797925075345,-0.10131059828404707,2.786965376544951,8.835976309332306,-0.09690511536792046,-0.08504491092287349,7.304911584036302,5.6293489077279615,-0.21396590475291125,0.0763557890899525,6.25065374154508,2.7608414353455,-0.007003375983406228,-0.22373801901068222,1.8435440414088764,7.480341976242451,0.025968800385328533,-0.058285712587821045,4.050371931168475,6.9075270429778115,0.003922921429681111,-0.0365495678085301,8.46406662898344,8.353333548829063,-0.02581178207523878,-0.02047703786152049,7.375845524197607,1.8154010091315225,0.13949031648681537,-0.11863150721116508,1.4294356053063257,7.97042481833668,-0.07566760750661157,-0.03526792711088792,4.772300432688304,2.09422522358667,0.1586895291899654,-0.02526732213405775,7.7510492881438235,5.260202746168941,-0.08739054573134887,0.08676528683137455,2.129685138675275,6.168771136677258,0.007113900175697401,0.027451939715562992,6.717181851010426,4.769686246116476,-0.04780442407037889,0.09587905546371527,5.100247690421357,3.1436403842424463,0.09300095412422758,0.008609606054898905,7.290432036297304,2.7915459181315647,0.10169461491018277,-0.10309496650325431
493,4.418571486779704,3.4423793781968146,0.03326898918916535,-0.054607340954551484,1.4322733039333113,8.885729509808852,-0.28500452482668354,-0.05086111140544152,6.306310369078815,8.032209304334812,0.03611714949089304,-1.2637879495324843e-05,8.600769757877332,4.596576976106047,-0.020105500541391992,0.07399692953578108,6.93406951978063,3.881292164124022,-0.033705923754580806,0.07684304602161153,3.9969860192081708,2.4804277441257834,-0.0656204279023016,-0.09999279574681443,2.782120120776555,8.831724063786162,-0.10606768292382485,-0.09037218892597007,7.294213288798656,5.633166697182459,-0.21319802593737952,0.07811444257423737,6.25030357274591,2.749654534394966,-0.012570655813981218,-0.22448116771939824,1.8448424814281428,7.47742769061306,0.02432635826322675,-0.05481110117136196,4.050568077239959,6.905699564587385,0.0010900605575316436,-0.03952891137929893,8.462776039879678,8.352309696935988,-0.024397616056871966,-0.019867792943069777,7.382820040021948,1.8094694337709643,0.12661410090968983,-0.11776526648251856,1.425652224930995,7.968661421981135,-0.08002212206075453,-0.03311800042609111,4.7802349091478025,2.092961857479967,0.14343919802655902,-0.032626283686439266,7.746679760857256,5.26454101051051,-0.08335422088758457,0.08737997067366102,2.13004083368406,6.1701437336630365,0.011286459630734519,0.02911838481438034,6.714791629806907,4.774480198889662,-0.03839179565813218,0.09647655975726134,5.104897738127568,3.144070864545191,0.08858108605732065,-6.0444595936131815e-05,7.295516767042813,2.786391169806402,0.10745219747036439,-0.10839835757242812
494,4.4202349362391615,3.439649011149087,0.028369422941106077,-0.062094604485044266,1.418023077691977,8.883186454238581,-0.28540886224774314,-0.04483650897736287,6.30811622655336,8.032208672440836,0.03656814542788283,0.00018068581607118037,8.599764482850263,4.6002768225828365,-0.016768870152297638,0.06604541883817786,6.932384223592901,3.885134316425103,-0.02412399728954632,0.07178718372896417,3.993704997813056,2.4754281043384427,-0.07241501766022092,-0.097380392152857,2.7768167366303635,8.827205454339863,-0.11502873313620812,-0.09545756594859409,7.2835533875017875,5.637072419311171,-0.21076248515695445,0.07989481897131064,6.249675039955211,2.7384304760089964,-0.01828639442341439,-0.22429626317990625,1.846058799341304,7.4746871355544915,0.022780003298851253,-0.05117325647472099,4.050622580267835,6.90372311901842,-0.0015352643920905108,-0.04239176959278322,8.461556159076835,8.351316307288835,-0.022941939128709392,-0.019182301390493355,7.3891507450674325,1.8035811704468383,0.11363767204330341,-0.11697572948111737,1.4216511188279572,7.967005521959831,-0.08411817299375796,-0.031240106359816944,4.78740686904913,2.091330543295645,0.12740675259580342,-0.03942816160229849,7.742512049812876,5.268910009044193,-0.07904116918699253,0.0882011659370766,2.130605156665597,6.171599652903756,0.015472301608330803,0.030879789053021602,6.712872040024,4.779304026877525,-0.02888322313930665,0.09618250110373533,5.109326792430434,3.1440678423153945,0.08363750773955923,-0.008447896214845967,7.300889376916332,2.7809712519277805,0.11325885327964764,-0.11342695521043909
495,4.421653407386217,3.436544280924835,0.023670003129738087,-0.06926411565423944,1.4037526345795899,8.880944628789713,-0.28481233784524396,-0.038988622400114296,6.309944633824754,8.03221770673164,0.036991788048327125,0.0003402293242692926,8.598926039342649,4.603579093524745,-0.01405209528631272,0.058175526270781694,6.931178023728424,3.8887236756115513,-0.014244230884917565,0.06675616167202696,3.990084246930045,2.4705590847308,-0.0785349376010502,-0.09340401393551749,2.771065299973553,8.822432576042432,-0.12377728682950265,-0.10029959955834197,7.2730152632439395,5.641067160259737,-0.20517230447679868,0.08253099587783673,6.24876072023404,2.727215662850001,-0.024322102686930816,-0.2231472371548196,1.8471977995062465,7.4721284727307555,0.021306044136019945,-0.04739613062440113,4.0505458170482305,6.9016035305387815,-0.003982320789886189,-0.045155813736042744,8.4604090621204,8.35035719221931,-0.021462865514827328,-0.018416077954271876,7.394832628669597,1.7977323839727823,0.10059496281192676,-0.11603573098479354,1.4174452101782693,7.96544351664184,-0.08768945271322989,-0.029447083347238456,4.793777206678921,2.0893591352155303,0.11083368260612217,-0.04576394609717535,7.738559991353527,5.2733200673410465,-0.07433162478165138,0.08927447245661475,2.1313787717460135,6.173143642356407,0.01967748492062767,0.03271884249758594,6.711427878867035,4.784113151932711,-0.019256503783723455,0.09510288338363802,5.113508667817412,3.1436454475046522,0.07845723341693026,-0.01653344434750397,7.306552319580314,2.7752999041672584,0.11916384036153298,-0.11806534210073126
496,4.422836907542704,3.4330810751421232,0.01916056418289494,-0.07607899557829835,1.3895120176873277,8.878995197669708,-0.28325393156675294,-0.033291355270097016,6.311794223227171,8.032234718197852,0.03738111627477423,0.00047093163497671277,8.598223434578333,4.6064878698382845,-0.018510798759523057,0.05184488044134253,6.930465812184178,3.892061483695153,-0.0041307978814919665,0.06187368631079897,3.9861575000499925,2.465888884034024,-0.08394819753940945,-0.08806936954338473,2.764876435632078,8.817417596064516,-0.13239305925563102,-0.10482196600757884,7.262756648020099,5.645193710053628,-0.19799648788124433,0.08545743250325778,6.247544615099693,2.71605830099226,-0.0338840735168945,-0.2172695028066417,1.8482631017130475,7.469758666199535,0.019864714045854808,-0.04359323470591263,4.050346701008736,6.899345739851979,-0.006670593459797574,-0.04801877588512636,8.459335918844658,8.349436388321596,-0.01998222988672312,-0.01755695625538572,7.399862376810193,1.7919305974235427,0.08754250077054873,-0.11489945588334048,1.4130607375426079,7.963971162474478,-0.09076293232093119,-0.02764069250295297,4.799318890809227,2.0870709379106716,0.09393982935895649,-0.05167271136848139,7.734843410114444,5.277783790963877,-0.06918470447318066,0.09062909948844769,2.132362645992045,6.1747795844812865,0.023854029318697054,0.03459987027805918,6.710465053677849,4.788868296101893,-0.009903564952870947,0.09387328026071823,5.117431529488259,3.142818775287277,0.07318137112547499,-0.024356588992002798,7.312510511598391,2.7693966370622216,0.1249504839113329,-0.12265611158537043
497,4.423794935751849,3.429277125363208,0.014865281744497532,-0.08239311601997354,1.37534932110899,8.877330629906202,-0.28075455719200565,-0.02793788326079583,6.3136632790409095,8.032258264779601,0.0377286318429114,0.0005809138810440877,8.597297894640358,4.609080113860352,-0.023099800966444636,0.04601300143650645,6.930259272290103,3.895155168010693,0.006226169269673043,0.05726692862525686,3.981960090173022,2.4614854155568544,-0.08829792211528664,-0.08209965703267974,2.7582567826692967,8.812176497764137,-0.1408160404582334,-0.10901571267865943,7.252856823626037,5.649466581678791,-0.19005914744287838,0.08859406174198249,6.245850411423849,2.705194825851928,-0.044013192972708864,-0.2103603305697223,1.8492563374153403,7.467579004464239,0.018476812069150212,-0.0397844096153851,4.0500131713357455,6.896944801057723,-0.009600372229409886,-0.050977520463189846,8.458336807350323,8.348558540508828,-0.018514172701311667,-0.016602312152782524,7.404239501848721,1.7861856246293757,0.0745841887359418,-0.11362860839514578,1.4085225909265613,7.962589127849331,-0.09332255134532713,-0.025801468440092956,4.804015882277175,2.0844873023422474,0.07676377941121784,-0.05709205768613028,7.731384174890786,5.2823152459383,-0.06358074990467537,0.09231017901767352,2.1335553474579796,6.17650957799519,0.027973123034841615,0.0364810127974736,6.709969875430206,4.793561960114929,-0.000645308100244147,0.09239197193831837,5.121090598044533,3.141600945837677,0.06783356602777582,-0.031966423514011695,7.318758035793958,2.763263831482953,0.13056738982408983,-0.12703812325226438
498,4.424538199839074,3.4251574695622096,0.010706604211228604,-0.08817046720565297,1.3613115932493898,8.875933735743162,-0.27750795365838005,-0.023415621864745377,6.315549710633055,8.032287310473654,0.03802616221088186,0.0006764941489968428,8.596142904592035,4.6113807639321776,-0.02777218113071027,0.04073900402537459,6.930570580753587,3.8980185144419557,0.016764330070606882,0.05310363694742426,3.9775451940672575,2.45738043270522,-0.09135482641633397,-0.07591843594987316,2.751215980646385,8.806725712130204,-0.14907543075278526,-0.11293870078049946,7.243353866253893,5.65389628476589,-0.18130399700552335,0.09176886775568584,6.243649751775213,2.694676809323442,-0.05484780194478146,-0.20238346182105746,1.8501801780187979,7.46558978398347,0.017132048954101805,-0.03602201356290535,4.049533152724275,6.894395925034563,-0.012736593176317883,-0.054002246079168086,8.457411098715257,8.347728424901188,-0.017067999361229498,-0.015554560379633748,7.407968711285518,1.7805041942096185,0.061699351346949496,-0.11193316861687745,1.403856463359295,7.961299054427326,-0.09535744236955904,-0.023913955674268163,4.807854071247736,2.081632699457941,0.05941731680383411,-0.06204084619490313,7.728205137395552,5.286930754889183,-0.0575298160071801,0.0943525461407409,2.134954003609722,6.178333628635063,0.03186592324674805,0.03841372004014128,6.709937610025194,4.798181558711845,0.008638782895544428,0.0906867424696747,5.124482276345922,3.1400026246619763,0.06236220050145727,-0.03970714089525063,7.325286405285162,2.7569119253203396,0.13608710514813405,-0.13110568316506516
499,4.4250735300496356,3.4207489462019267,0.006666089905994648,-0.0932814429330919,1.3474361955664709,8.874762954649926,-0.273559040516295,-0.019665838155100104,6.3174510187436,8.032321135181103,0.03827019815522448,0.0007608568228028693,8.5947542955355,4.613417714133447,-0.032370907835426954,0.035983587885414295,6.9314087972571174,3.900673696289327,0.027376884918801005,0.04925710223332151,3.972977452746441,2.4535845109077266,-0.09321164856429939,-0.06954309706766529,2.743762209108746,8.80107877709118,-0.15716158759787804,-0.11662853190325546,7.234288666403617,5.658484728153674,-0.17157468017488828,0.094734947430347,6.240907361677974,2.684557636232389,-0.06552750738577955,-0.1932650858938476,1.8510367804665029,7.463788683305324,0.015771262620421653,-0.03229656195937351,4.04889632306546,6.891695812730605,-0.01603935769636698,-0.05706537254633642,8.456557698747195,8.346950696882207,-0.01565333080120142,-0.014416252759793842,7.411053678852865,1.7749075357787747,0.04890161124513523,-0.1097973831340536,1.399088591240817,7.960103356643613,-0.09684251034806035,-0.021957153999008095,4.8108249370879275,2.0785306571481956,0.04196602303733554,-0.06654100991396117,7.725328646595193,5.29164838219622,-0.05121182498888481,0.09671993292142013,2.1365472997720594,6.180254314637071,0.03551107994318684,0.04039355816554897,6.710369549169971,4.802715895835329,0.017981554664114375,0.08907992623001969,5.127600386370995,3.138017267617214,0.056921775746241625,-0.04752739173424561,7.3320907605425685,2.750356641162086,0.14168264093309385,-0.13465637022482524
500,4.425406834544935,3.4160848740552723,0.002712890444892162,-0.09788067404211499,1.333758243540656,8.873779662742171,-0.2687759581354041,-0.01674365879143214,6.319364528651361,8.032359178022244,0.038443771723687806,0.0008381287790548035,8.593135750143729,4.615216893527718,-0.03686279321438375,0.03171464995494955,6.9327776415030575,3.903136551400993,0.03805845300494831,0.045767267045528734,3.968316870318226,2.4501073560543434,-0.09456238108452206,-0.0628682075925581,2.735904129728852,8.795247350496016,-0.16507324439481028,-0.1200489112886076,7.225709932394873,5.663221475525191,-0.16102369096428265,0.09756801934019187,6.237630986308685,2.6748943819376967,-0.07578463526682966,-0.18293556295631136,1.851825343597524,7.4621738552073555,0.01440875371250749,-0.028704185175883332,4.048094355180641,6.888842544103288,-0.019557796408129408,-0.060179314394614464,8.455775032207136,8.346229884244217,-0.014281748948765355,-0.013189973899671876,7.4134987594151225,1.769417666622072,0.03621828672931568,-0.10720461032985296,1.3942464657234142,7.959005498943662,-0.09779840531001352,-0.019883200884558118,4.812923238239795,2.0752036066524977,0.024351071307561065,-0.07053910061327624,7.722768055345749,5.296484378842291,-0.04928758775250423,0.09441972690839627,2.138322853769219,6.1822739925453485,0.038771883538372125,0.04217505214971178,6.711268626903177,4.807169892146829,0.027388143635729213,0.08758135230467355,5.130446475158307,3.1356408980305015,0.051635357472196636,-0.05527543750655968,7.339174892589223,2.7436238226508447,0.14758009249776347,-0.13804061131405004
501,4.42554247906718,3.4111908403531666,-0.0011133749646966519,-0.10223306443572976,1.3203194456338858,8.8729424798026,-0.2633957303461213,-0.014518776285598037,6.3212867172375455,8.032401084461195,0.038447459388554255,0.0009101339198827722,8.59129261048301,4.616802626025465,-0.0411685720307261,0.027924203211580446,6.934680564153305,3.905424914753269,0.04881666074334782,0.042705904503316724,3.963588751264,2.4469639456747156,-0.0969812921690548,-0.055601526696275896,2.7276504675091116,8.789244904931586,-0.17278837871745356,-0.12317741268895913,7.2176587478466585,5.6680998764922,-0.1498067107453953,0.1006116357170091,6.2338417545453435,2.6657476037898813,-0.0862060767622482,-0.17209044792053904,1.8525457812831494,7.460738645948561,0.013016026739808326,-0.025290924820291556,4.047116465360235,6.885833578383558,-0.02334448954899378,-0.06335876062991358,8.455060944759698,8.345570385549234,-0.012961684508395748,-0.011878097181717001,7.4153096737515884,1.7640574361055794,0.023909735358218116,-0.10404971971808519,1.3893565454579135,7.958011338899434,-0.09821322718808911,-0.01768071482399837,4.814140791805173,2.071676651621834,0.0067003687118503095,-0.0741234538665216,7.720303675958124,5.301205365187711,-0.04641586390690315,0.09224052950013735,2.1402614479461377,6.184382745152834,0.04126697978974065,0.043421764972178874,6.712638034084963,4.811548959762063,0.03689456591699447,0.08621777284145987,5.133028243031918,3.1328771261551736,0.04646360661377054,-0.0628224636341365,7.346553897214111,2.736721792085142,0.15385149578064425,-0.1412807373129047
502,4.425486810318945,3.4060791871313802,-0.004813123555285221,-0.10631725478948094,1.3071496591165797,8.872216540988319,-0.2576671417203326,-0.012850215221891162,6.323209090206973,8.03244659115719,0.03828747120875136,0.0009792653717745074,8.589234181881473,4.618198836186044,-0.04521213213330808,0.024636923978243998,6.937121397190472,3.907560209978435,0.059680754643074686,0.040050911528022135,3.958739686655547,2.444183869339902,-0.09985434966858273,-0.04798188646514339,2.719011048573239,8.783086034297138,-0.1801764012594534,-0.12605092225246478,7.210168412309389,5.673130458278051,-0.13788335886150707,0.10380725865290025,6.229531450707231,2.6571430813938544,-0.09677725108580701,-0.16076209269759859,1.8531965826201398,7.459474099707546,0.011520758916469817,-0.02207022173999504,4.045949240882785,6.882665640352062,-0.027498763789129927,-0.06662357934298255,8.454412860534278,8.344976480690148,-0.011699931664538936,-0.01048485379065021,7.416505160519499,1.758854950119675,0.012080056643942755,-0.10031458832024183,1.384445884098509,7.9571273031582335,-0.09805415319452546,-0.015350057915545858,4.814475810240765,2.067970478928508,-0.010721483340361451,-0.07740188479034114,7.7179828827627786,5.305817391662718,-0.04255975594179142,0.08994016236830808,2.142324796935625,6.186553833401443,0.04297940447033128,0.04411014846761399,6.714482762380813,4.815859848404136,0.04623899320457305,0.08505687562004363,5.135351423362606,3.1297360029734667,0.04133093852092367,-0.07016614106548148,7.354246472003143,2.7296577552194967,0.16059917668312532,-0.14436866154747377
503,4.42524615414118,3.400763324391906,-0.004115318940383679,-0.11231500383497216,1.294266302030563,8.871574030227224,-0.25166840100256394,-0.01169201306174135,6.325123463767411,8.032495554425777,0.037952814597666425,0.0010443451979376354,8.586973575274808,4.619430682384957,-0.04888977932161394,0.02185644534430378,6.940105434922626,3.909562755554836,0.07067845235406559,0.03776659536823734,3.953746969172118,2.441784775016645,-0.10213870624776726,-0.04041077410061283,2.710002228510266,8.776783488184515,-0.18720109474852809,-0.12871669770799923,7.203274244366313,5.678320821210695,-0.12537362393289914,0.10701940697655538,6.224692588152941,2.6491049767589745,-0.1070639115782272,-0.1487410465657493,1.8537726205659633,7.4583705886205465,0.009806731615992789,-0.01908003496675447,4.044574302693329,6.8793344613849134,-0.032004753862214755,-0.06996954158427454,8.453827863951052,8.344452238000615,-0.010503057731462078,-0.00901393884191855,7.417109163351696,1.753839220703663,0.0006876316432751824,-0.09604917227922526,1.3795431764387827,7.956359800262456,-0.09727312112400792,-0.012894891374505914,4.813939736073747,2.0641003846889907,-0.027785180022814607,-0.08040460828302312,7.715854894965689,5.310314399781133,-0.037692429846091155,0.08762228003908254,2.1444737671591416,6.188759340824824,0.044304199284321874,0.04439349155642712,6.716794712041041,4.8201126921851385,0.055260923601129906,0.08405495888740455,5.137417970288652,3.1262276959201927,0.03620085130919557,-0.07727687162411528,7.3622764308373,2.722439322142123,0.1676248111805294,-0.14261206591354977
504,4.425040388194161,3.395147574200158,-0.00358217811713863,-0.11785178322375751,1.2816828819804347,8.870989429574138,-0.24537229084936568,-0.010959721804732439,6.327021104497294,8.032547771685675,0.03744745251911895,0.0011073708990301915,8.584529086308727,4.620523504652172,-0.052197374053064016,0.01952788912705057,6.943639357540329,3.9114510853232476,0.08182017872869174,0.03585262745335802,3.9486400338597294,2.439764236311614,-0.10376096400197392,-0.03290837844092769,2.70064217377284,8.770347653299115,-0.19365619880154855,-0.1312022197770362,7.197005563169668,5.683671791559523,-0.11234094765335431,0.11016821046397546,6.219339392574029,2.641667924430687,-0.11692107888178936,-0.1360380093037864,1.8542629571467628,7.457416586872209,0.007840992410513167,-0.016289225730287585,4.042974065000219,6.8758359843056995,-0.03685629515786237,-0.07338479832293726,8.45330271106448,8.34400154105852,-0.009376646546793536,-0.0074697459429000235,7.417143544933859,1.7490367620897018,-0.010270971381207545,-0.09115177638529387,1.3746795203825823,7.955715055693731,-0.09585453542123101,-0.010316946715809263,4.812550477072606,2.0600801542748397,-0.044523742308714725,-0.08311967677978682,7.713970273473385,5.314695513783087,-0.03178606664196956,0.08528243172187663,2.146688977123358,6.190979015402645,0.04545726492107591,0.044306940146513894,6.7195577582210975,4.824315440129508,0.06396336118076171,0.08317847565934693,5.139228012854112,3.122363852338987,0.031137759718195015,-0.08414432880533057,7.3706576713963265,2.7153087188464453,0.17524346048444253,-0.14076042247789275
505,4.424861279288304,3.3892549850389697,-0.003192189769250637,-0.12292472075701691,1.2694142674379665,8.870441443483902,-0.23760346317259262,-0.010020334256017564,6.328893477123249,8.032603140230625,0.03678083230930583,0.0011711289921954252,8.581919217606075,4.6214998991085245,-0.05507994296378198,0.017568807201598816,6.947730366476764,3.9132437166959155,0.09330393890678088,0.03371168430611595,3.943451985659631,2.438118817389568,-0.10476040090199357,-0.025481635976623722,2.6909593638327625,8.763787542310263,-0.1995200117398811,-0.13350103327654647,7.191388515787001,5.689180202082722,-0.09882442321926466,0.1132236822046385,6.21349333862994,2.6348660239654977,-0.12630052091794125,-0.12298451312182153,1.8546550067672884,7.456602125585695,0.00570397776815534,-0.013672621498989615,4.041131250242326,6.872166744389553,-0.04205508938868112,-0.07685498930992819,8.45283387873714,8.343628053761375,-0.008325280590129451,-0.005857083232650599,7.416629996364799,1.7444791732704372,-0.02084743710710629,-0.08564405426083652,1.3698867936115209,7.955199208357941,-0.09380517462442181,-0.007647868045367158,4.810324289957171,2.0559241704358504,-0.06084775727043424,-0.08557914789376664,7.712380970141287,5.318959635369181,-0.024759394278688313,0.08286869897712328,2.1489618403694117,6.193194362409971,0.04643758214116773,0.04384487353151353,6.7227559262801355,4.828474363912476,0.07234855005834426,0.08243492946215604,5.140784900840021,3.1181566358987203,0.0261399650155459,-0.09076694724214393,7.379419844420549,2.7082706977225506,0.18345243120997887,-0.13883649052905214
506,4.424701669799842,3.383108749001119,-0.002894621403319126,-0.12751508269489742,1.257534094279337,8.8699404267711,-0.22850414508549163,-0.008900292479569076,6.3307325187387145,8.032661696680234,0.035960189972102805,0.0012439514617148765,8.579165220457886,4.622378339468605,-0.057487850285831116,0.015999763170396024,6.952395563422103,3.914929300911221,0.10504167447625795,0.031519067657143914,3.938213965614531,2.4368447355907366,-0.1049464437621439,-0.018232132393907734,2.6809833632457685,8.757112490646437,-0.20476523128345733,-0.13559581560664224,7.186447294626038,5.694841386192953,-0.08477974947840086,0.11626294744238713,6.207178312584043,2.628716798309407,-0.13524414571242444,-0.11008242316839897,1.8549402056556963,7.455918494510746,0.003429409016700987,-0.01124727367161468,4.039028495772891,6.868323994924056,-0.047571808089209265,-0.08037240580203273,8.452417614707633,8.343335199599743,-0.007352600960207538,-0.004180896872231802,7.415587624509444,1.7401969705573954,-0.03107481929018124,-0.07983332149385063,1.3651965348802997,7.954816814955673,-0.09114849614153168,-0.00493505595693723,4.807281902093649,2.051645213041162,-0.0766247655058888,-0.08782967567054438,7.711143000427352,5.323103070318037,-0.016870276978177903,0.08038913457859613,2.1512837194764702,6.195386606086546,0.047136692097789853,0.04304904768129499,6.726373353783052,4.832596110385584,0.08037427971456373,0.08186172961444292,5.142091899090799,3.113618288536613,0.021141615989700373,-0.09717393768084365,7.388592465981048,2.701328873196098,0.19231796348899347,-0.13721308892445935
507,4.424556938729676,3.3767329948663742,-0.002656565294963604,-0.13168239619613625,1.2461088870250623,8.869495412147122,-0.2184225960966725,-0.007529812847400068,6.33253052823732,8.032723894253321,0.03499586542326228,0.0013264216880492844,8.576290827943595,4.623178327627125,-0.05937052445835175,0.014811205295984679,6.957647647145916,3.916505254294078,0.11617138753472964,0.03052138993233546,3.932966643426424,2.4359331289710413,-0.10348429674979095,-0.011252369631122777,2.6707451016815957,8.750332699866105,-0.20935489510193592,-0.13747992233954714,7.182208307152117,5.700654533565073,-0.06821840223223082,0.10398144391403058,6.200416105298422,2.623212677150987,-0.1438061458082687,-0.09731277622578346,1.8551116761065314,7.455356130827165,0.0010148036226952113,-0.009022583390759977,4.036649905368431,6.864305374633955,-0.05308162755210466,-0.08381428756298759,8.452049984659622,8.343126154756131,-0.006461433289719181,-0.002445963428864321,7.414033883544935,1.7362053044827028,-0.04101274939729794,-0.07389340385495273,1.3606391100732231,7.954570062157826,-0.08790738666603826,-0.0022030660740508198,4.803450663818355,2.047253729257635,-0.09180244009743009,-0.08993108976242947,7.710299486578443,5.327122527046967,-0.00822356527106273,0.07786139826495506,2.1536405540813597,6.197539058470611,0.047451849049336525,0.041965863368265945,6.730392067768781,4.836689196866306,0.08803794244621123,0.08136403655820225,5.143148979890284,3.108759591652571,0.016086100149050767,-0.10332097698998767,7.398208364155497,2.6944682187498747,0.20158510441392405,-0.12673519363479985
508,4.424424110464928,3.3701488750565676,-0.0024130821837012825,-0.1354014961797092,1.2351877572202286,8.869118921504752,-0.2078623994585652,-0.005834945273721574,6.334280321508483,8.032790215337723,0.03395112452286498,0.0014501204529955962,8.573322301720678,4.623918887891924,-0.060436677582326556,0.013512226836894684,6.963456216522653,3.9180313237906947,0.1264548770600478,0.031308639232964355,3.9277924285889347,2.435370510489485,-0.09949924233134633,-0.004562770474743077,2.660277356926499,8.743458703749127,-0.2132967339177442,-0.1391751151310687,7.178797387040506,5.705853605760774,-0.05160020854622236,0.0922555122993932,6.193225798008009,2.6183470383396976,-0.15178886326270213,-0.08459953464863502,1.855162416287666,7.454905001657627,-0.0016420164212262597,-0.006945894423114808,4.033995823990826,6.860114660255806,-0.05855405478615827,-0.08717463799299933,8.451726912995136,8.343003856584689,-0.0056788660270696446,-0.0006206846177075711,7.41198324607507,1.7325106342899552,-0.050559214078923304,-0.06759306773243991,1.3562437407399213,7.9544599088541235,-0.08412833335051798,0.00053633564641341,4.798860541813483,2.0427571747695135,-0.10645927738199507,-0.09179703272489714,7.70988830831489,5.331015596960214,0.0018103715275098117,0.07500268965233423,2.1560131465338266,6.199637351639025,0.047418795666105365,0.04067784918358238,6.734793964891091,4.840757398694216,0.09562773863170469,0.08084083979204927,5.143953284897736,3.1035935428030714,0.011041891309515054,-0.10915257399034815,7.4082876193761935,2.688131459068135,0.21094970191329462,-0.11656939273553266
509,4.424303456355743,3.363378800247582,-0.0019491304321115075,-0.13869190167666412,1.2247946372473002,8.868827174241066,-0.19703867429462857,-0.003792235423946737,6.335977877734626,8.032862721360372,0.0328196290619971,0.0016408357002951183,8.570300467841562,4.624594499233769,-0.06058969350880685,0.011918038586293393,6.969778960375655,3.919596755752343,0.13539353231727283,0.03392420634344323,3.9228174664723676,2.435142371965748,-0.09441210697170144,0.0022467874995954545,2.649612520230612,8.736499947992574,-0.21663069923415904,-0.14063737008370805,7.176217376613194,5.710466381375744,-0.03485809680372587,0.08104725745544293,6.185636354844874,2.6141170616072658,-0.15908428551869502,-0.07185065247414314,1.8550803154666047,7.4545577069364715,-0.004545604909924266,-0.005000976423906835,4.031068121251518,6.855755928356156,-0.0639600712700612,-0.0904477596330855,8.451442969693783,8.342972822353804,-0.004983369229507999,0.00128447000538365,7.4094552853711235,1.7291309809033333,-0.059659768962403374,-0.06101362019477931,1.3520373240723953,7.954486725636444,-0.07987598637292646,0.00328186472436055,4.793537577944384,2.0381673231332686,-0.12028593223343167,-0.093299684725533,7.709978826891266,5.334765731442831,0.013144056150751237,0.07180969230104543,2.158384086317132,6.201671244098204,0.04706209055185995,0.03919309794788869,6.739575351822676,4.844799440683818,0.10315223494861449,0.08037457477488254,5.144505379463212,3.098135914103554,0.006060160058632905,-0.11463602175069171,7.418835104471858,2.682302989431358,0.22039416516631585,-0.1067061457582034
510,4.424205999834137,3.356444205163749,-0.0011010327054088173,-0.1413132150474284,1.2149427035325688,8.868637562469868,-0.18602457189527935,-0.0014676701101902709,6.337618859187726,8.032944763145387,0.03159639311212317,0.0019210085670642533,8.567270983166122,4.625190401163084,-0.059854773081603675,0.010182298245047265,6.976548636991519,3.921292966069515,0.1432014822477023,0.03765782862618668,3.9180968611237827,2.4352547113407277,-0.08848099442895299,0.009231994401622586,2.638780985268904,8.729468079488388,-0.21939044383362058,-0.1418256209941988,7.174474471773008,5.714518744248516,-0.01814879741817823,0.07022527945265629,6.1776821405689395,2.6105245289835586,-0.16572539778666606,-0.0590523610293647,1.8548530352211086,7.454307658115276,-0.007678090135720966,-0.0031951652347917874,4.027870117688015,6.851233540374501,-0.06926994397182532,-0.0936272069859717,8.451193801232307,8.343037045854073,-0.004376335783076839,0.003254895812323252,7.4064722969230035,1.7260802998935942,-0.06840359898759946,-0.0544305554002389,1.348043524753749,7.954650818872662,-0.07518058614979052,0.006007451578281964,4.787523281332712,2.033502338896992,-0.13388117056141172,-0.0936639300834562,7.7106360296988035,5.338356216057883,0.025408784696893817,0.06886740382034637,2.160737190844725,6.203630898995598,0.04640549286306581,0.0375190797064236,6.744732963570107,4.848818169422563,0.11061914498303259,0.07995772647858296,5.144808387466143,3.0924041130160194,0.0012072523265038082,-0.11979797248792964,7.4298548127301745,2.676967682143448,0.22987201894134027,-0.09737626945453061
511,4.424150948198866,3.3493785444113775,2.0450665252918273e-05,-0.14315160352767445,1.2056414749378048,8.868564178964359,-0.17481368178097195,0.0009989569139238611,6.339198678843332,8.033040813573741,0.030287931460917156,0.0022815582973130027,8.56427824451204,4.625699516075336,-0.058732833735409405,0.007507570171867543,6.983708711103905,3.923175857500824,0.1506512201839606,0.040744885985703305,3.913672811402335,2.435716311060809,-0.08172497781690008,0.01606804589550572,2.6278114630772227,8.722376798438678,-0.2215607282985759,-0.14276831566937612,7.173567031902099,5.718030008221149,-0.001567457284034398,0.05976041373834469,6.169395870679606,2.6075719109320903,-0.17168276766555418,-0.0461677084147712,1.8544691307143224,7.454147899853536,-0.011018989707497356,-0.001535041208552869,4.024406620489423,6.846552180025203,-0.07441304958303041,-0.09663054403396583,8.450974984443153,8.34319979064469,-0.0038625180406099122,0.005229216037740866,7.403052116973623,1.7233587721235823,-0.0777715462680064,-0.04667010739146319,1.3442844954462594,7.954951191451576,-0.07005771780560278,0.008655106849275673,4.780829222804641,2.0288191423928192,-0.14710670064935957,-0.09317534843535977,7.711906468933648,5.3417995862489,0.03815195376618398,0.06715890112538196,2.1630574654878783,6.205506852980919,0.04542554295659742,0.035572617574386914,6.7502639208192585,4.852816055746492,0.11856371919010007,0.07953446546756361,5.144868750082468,3.0864142143916227,-0.003562292349442428,-0.12457144473743754,7.441348413677241,2.672098868670721,0.23947792882531624,-0.08868164231853856
512,4.424151970732129,3.342220964234994,0.0013620182262833063,-0.14409260245070793,1.1969007908487563,8.868614126810055,-0.16350601160494274,0.0035772532400246875,6.340713075416378,8.033154891488607,0.028916650984466236,0.002716978935263304,8.56134160282527,4.62607489458393,-0.05769851321703496,0.0034750183021175192,6.991241272113102,3.9252131018001095,0.15760641614734333,0.04297989681080087,3.9095865625114903,2.436519713355584,-0.0742837566393221,0.02261973704021054,2.616733426662294,8.715238382655208,-0.2231909261365247,-0.14349837966844783,7.173488659037897,5.721018028908066,0.014803400968014094,0.04974700403437474,6.160811732296328,2.6052635255113517,-0.17678915309028734,-0.033327789086081624,1.8539181812289476,7.454071147793109,-0.014548397164014576,-3.303498699024489e-05,4.020685968010272,6.841720652823504,-0.07924235760111875,-0.09952981994034982,8.450781858541122,8.343461251446577,-0.0034407976699596205,0.007173778271725336,7.399163539660223,1.7210252667540091,-0.08788185747816189,-0.037834703770266445,1.3407816095559792,7.95538394679404,-0.0645142954791572,0.011154993265174473,4.773473887772173,2.0241603749710513,-0.15977897148380552,-0.09197914719657856,7.713814066621958,5.345157531305169,0.051623004326658374,0.06647740825284577,2.165328742635708,6.207285483859639,0.044125747820741745,0.03333955395852836,6.756192106778763,4.8567927790198695,0.12693216065261687,0.0790544921271566,5.144690635464996,3.080185642154751,-0.008242239323362297,-0.12892112200212794,7.453322310118507,2.6676647865547944,0.24915243471473197,-0.08062729721742047
513,4.424220071643443,3.3350163341124586,0.0029772426324064676,-0.14397897463555448,1.1887254902685092,8.868792989472055,-0.152504821061768,0.006461705843782069,6.342158907965602,8.03329074043537,0.027543159175694148,0.003247251424676923,8.558456677164418,4.626248645499036,-0.0564869284850985,-0.0019078201706064423,6.99912159292047,3.9273620966406497,0.16412572259842556,0.044644912515730696,3.9058723746795243,2.4376507002075947,-0.06661154213126547,0.028850784625817118,2.6055738803554678,8.708063463671786,-0.2243364651967597,-0.14405147747718142,7.174228829086298,5.723505379109785,0.03091926607936511,0.040153801115606805,6.151972274641814,2.6035971360570476,-0.180931513852049,-0.02061606146691048,1.8531907613707468,7.4540694960437595,-0.018056197936800716,0.0013627930104856177,4.016723850130217,6.836744161826487,-0.08371342158753939,-0.10233029053094125,8.450609818657624,8.343819940360163,-0.003103904394579486,0.00908115726565377,7.394769446786315,1.7191335315654959,-0.09803671868993863,-0.029333563742028147,1.3375558947820214,7.955941696457299,-0.058586070036390055,0.013495684615574922,4.765484939197983,2.0195614176112224,-0.17109723787555967,-0.09139060669654864,7.716395216838291,5.3484814017178115,0.06573989505513203,0.06684210902750796,2.167535030026745,6.2089524615575655,0.04252436063290319,0.03082576289659055,6.762538714811394,4.8607455036262275,0.13574478039834822,0.0786550729740474,5.144278523498828,3.0737395860546446,-0.012853718441828674,-0.1328708725894721,7.465779931854243,2.6636334216939233,0.25876839990228157,-0.07307890688853634
514,4.424368933775064,3.3278173853806807,0.004864890067475551,-0.14281149799267762,1.1811002492154208,8.869116074764245,-0.14200954580275005,0.009633942897295597,6.343536065924386,8.033453103006604,0.026201553616702716,0.003872167149297146,8.555632330740163,4.6261532544905055,-0.05464045295840802,-0.008484092270816632,7.007327879050391,3.9295943422664363,0.17031419756650132,0.04616303695082768,3.902541797572961,2.4390932394388853,-0.05876500787909872,0.03479955355446416,2.5943570570956296,8.700860889797926,-0.22499936011627436,-0.1444291528791596,7.175774792390266,5.725513069165565,0.046764830087124204,0.030777258100365183,6.142925698949211,2.602566332983702,-0.18414121689515223,-0.008074445503928301,1.8522879514739068,7.454137635694284,-0.021473799000648258,0.002667610675853936,4.01253817905084,6.83162764729994,-0.08777245207567282,-0.10503519531818367,8.450454623437894,8.344273998223446,-0.002843589676690654,0.010944296574642817,7.389867610851818,1.7176668533783945,-0.10793734821035489,-0.021103647199259667,1.334626591280202,7.956616480688078,-0.05233487794349455,0.015679635121725644,4.756930077304205,2.0149918872763948,-0.18231968980083738,-0.09182846991421538,7.7196822115910475,5.351823507169187,0.07966958696587574,0.06646742764134264,2.1696612480583903,6.210493749702395,0.04064400061071596,0.02803884696101459,6.769325953831312,4.86467825727493,0.14498105356786575,0.07836571079400066,5.143635837576737,3.067096042425171,-0.01746743273447413,-0.1364039043809207,7.478718351849357,2.6599794763494966,0.2683986836156223,-0.06633065452652348
515,4.424612178278438,3.320676810481047,0.006992318047779316,-0.14057542322467081,1.1739997719252833,8.86959777190911,-0.1319764226075787,0.0131017757755276,6.3448461436052215,8.033646711364069,0.024963393408835095,0.004599878534413127,8.552900308092243,4.6257290498769645,-0.052026120595398566,-0.01603072500773794,7.015843588928716,3.9319024941139777,0.17464293869971437,0.04793222034067019,3.899603547179006,2.4408332171166087,-0.05078541296299345,0.040495866265106976,2.583107089089816,8.693639432153969,-0.2250889537204814,-0.14461441255523236,7.178113033894622,5.727051932070584,0.06222958597987781,0.021557983430479547,6.133718638104454,2.6021626107085054,-0.186463308429886,0.004327066016219024,1.8512142615238745,7.454271016228077,-0.02482138248827815,0.0038644649580244703,4.008149556447057,6.826375887534031,-0.09140042996842927,-0.10764481984557844,8.45031244395406,8.344821213052178,-0.0027276962680345337,0.012864457412114302,7.3844707434413,1.7166116710184316,-0.1177608344192706,-0.013523331132517724,1.3320098473830273,7.9574004624441645,-0.0458059729094293,0.017700616098247614,4.7478140928141634,2.010400463780684,-0.19377993892679488,-0.09341022091062623,7.723665690939341,5.355146878551254,0.09329130763752949,0.06564528187010742,2.1716934480889263,6.211895692050446,0.038627220457799046,0.02504762418454202,6.776575006509705,4.86859654281463,0.15472575584743348,0.07804488034174475,5.142762465940013,3.060275847206125,-0.022141061616047807,-0.13949482784670908,7.492138286030139,2.6566629436231706,0.2781698116144512,-0.06037199308948887
516,4.424961794180827,3.3136480393198133,0.009329527555602306,-0.13717930516491644,1.1674009507949044,8.870252860697885,-0.12237428867784923,0.016840778495049124,6.346094313275663,8.03387670529079,0.023826711598813693,0.005421732429153471,8.550299002062472,4.624927513626577,-0.04832593465572896,-0.024400325035537546,7.024575735863702,3.934299105131011,0.17545625674366158,0.05043186908304795,3.8970642765308563,2.4428580104298643,-0.04427416878517515,0.04498582790415365,2.571852641403792,8.686408711526207,-0.22444591087296725,-0.14452796148368502,7.181224513193616,5.728129831242108,0.07721146974414478,0.012786312820766947,6.124395472682959,2.6023789640093162,-0.18783744471387973,0.016520001512787704,1.8499731923994605,7.454464239475978,-0.028018820385602713,0.00500274128542587,4.003579534948635,6.820993646541752,-0.09458240344066686,-0.11015933566274382,8.450176059140658,8.345464435922784,-0.0025923560989623826,0.014795068061402003,7.378582701720337,1.7159355044618056,-0.12752318712427244,-0.006719200906144051,1.329719548737556,7.958285493249077,-0.0391909302229669,0.019682718455098714,4.738125095867824,2.0057299527351526,-0.20545211832771573,-0.09618710873724776,7.728330256321217,5.35842914264476,0.10656947905762684,0.06449988949317789,2.1736248091118164,6.213148073259672,0.036540588876611796,0.021894081382804235,6.784311294302077,4.872498786831717,0.1649622143277916,0.07753043763526413,5.141655412859211,3.0533011058137896,-0.02685330238650698,-0.14212421094131786,7.506046776610861,2.653644343968696,0.2882902809461925,-0.05514564027862919
517,4.425428270558607,3.3067890740615673,0.011898164017694706,-0.13266886635015718,1.1612822363610118,8.871094899622637,-0.11312477880684323,0.020813513378476745,6.347285648855604,8.034147791912249,0.022782595057070414,0.00635784321252182,8.547882705329686,4.6237074973748005,-0.043307276092234274,-0.033577028578008476,7.033348548700885,3.9368206985851635,0.17294610212384862,0.053632185139657104,3.8948505680915977,2.4451073018250717,-0.03998466874237901,0.04788107826184112,2.560630345860144,8.679182313452023,-0.2230853055883956,-0.1441790026216709,7.185085086680823,5.728769146883146,0.09165978613942752,0.004404325457666895,6.115003600447265,2.6032049640849557,-0.1883744427026998,0.02858603425028122,1.8485722513801803,7.45471437654025,-0.031091431255606414,0.006069182094943969,3.9988504147766015,6.815485679758615,-0.09532901904423303,-0.10743820053072907,8.45004644133571,8.346204189325855,-0.0025726101977353853,0.016604666008105437,7.372206542364123,1.7155995444164984,-0.13704913141681777,-0.0008731315255030674,1.3277600022264076,7.959269629171832,-0.032563701366880166,0.021687948904238787,4.727852489951438,2.00092059729829,-0.21676054101238523,-0.10022725274862604,7.733658730274098,5.361654137119419,0.1194739219044019,0.06326383453999018,2.175451838555647,6.2142427773288125,0.03438402987123212,0.018596924169712384,6.792559405018467,4.876375308713481,0.17551480690334167,0.07677174999565514,5.140312747739886,3.0461948952667237,-0.03157975886474509,-0.14423792221647816,7.520461290658171,2.6508870619547644,0.29837328279822806,-0.051190247366598975
518,4.4260231787594915,3.3001556307440594,0.014323129444020505,-0.12629247991631737,1.1556259974206697,8.87213557529156,-0.10426830345360226,0.024944824929213173,6.348424778608457,8.034465684072874,0.021779172096431414,0.007397546868509798,8.545717341525075,4.6220286459459,-0.03705145420855584,-0.042745143091167274,7.0419958538070775,3.9395023078421465,0.1771339762473027,0.04930050586998566,3.8928513346544786,2.4475013557381637,-0.036443341101964774,0.04972924413900453,2.549476080580724,8.671973363320939,-0.22103522655561686,-0.14356201356974777,7.189668075987795,5.72898936315603,0.10563953552096972,-0.003828951296950796,6.10558487831213,2.6046342657974697,-0.1881042328687202,0.040615281981251604,1.8470176798174,7.4550178356449965,-0.0340771162017858,0.00706455479638025,3.99408396382439,6.810113769732079,-0.09510105698247022,-0.10461828634621836,8.449917810825823,8.34703442262626,-0.0026520449352985184,0.01829270288949267,7.365354085793282,1.7155558878402233,-0.1463378328318797,0.004637885990752311,1.3261318171580636,7.960354026617044,-0.025945627784230936,0.02373071984877452,4.717014462900819,1.995909234660859,-0.23281924675951277,-0.09953190296033279,7.739632426369318,5.364817328846418,0.13164634818776141,0.06269987266715919,2.1771710400492084,6.215172623537298,0.0321296656042405,0.015126587151341755,6.801335145363634,4.880213896213264,0.18556827614400712,0.07562585861609014,5.138733759796649,3.0389829991558996,-0.03621262412975688,-0.14589217928302603,7.535379954798083,2.6483275495864347,0.3060053088745449,-0.04790704844372643
519,4.426739335231693,3.2938410067482433,0.015822631432312245,-0.11669532073925247,1.1504125822479896,8.87338281653802,-0.09582316720453686,0.029197835753535874,6.349513737213279,8.0348355614163,0.020809841502487818,0.00850161534521654,8.543864768814647,4.619891388791341,-0.0301883325201899,-0.05164320684024221,7.0508525526194425,3.9419673331356457,0.18081413316368264,0.044782919713259775,3.8910291675993802,2.449987817945114,-0.03321369210954553,0.05059747417267042,2.538424319252943,8.664795262642452,-0.21818572108641388,-0.14267842490923938,7.1949500527638435,5.728797915591183,0.11899423185437807,-0.011574869183446386,6.096179666668694,2.6066650298965324,-0.18695675293223968,0.05251604295971192,1.8453138240073108,7.455371063384815,-0.03700954439785838,0.007976019059133975,3.9893289109752663,6.8048828554147684,-0.09384333378512925,-0.10166703630717733,8.449785208579058,8.347949057770734,-0.002819848774147586,0.019858242912640732,7.358037194151688,1.715787782139761,-0.15540234776689635,0.0101216038346425,1.324834535768852,7.961540562609483,-0.019246512746312845,0.025865372843347636,4.705373500562843,1.9909326395128422,-0.24834256272564206,-0.09905372120516256,7.746214743778706,5.367952322479776,0.14315483088238726,0.0631237091423974,2.1787775233294204,6.215928952894865,0.02978412262201985,0.011484578325205167,6.810613559170834,4.883995189144068,0.19537992338035431,0.0740714280605379,5.136923128590161,3.031688390191748,-0.04080122102509398,-0.147173782988164,7.55068022024181,2.645932197164248,0.31250348175376397,-0.04480935687052382
520,4.427530466803308,3.288006240711281,0.016640849350589033,-0.10463168559859504,1.1456214238877627,8.874842708325698,-0.08778818690744823,0.03354239782211746,6.350554229288403,8.03526064218356,0.019865597758472124,0.009581793535239247,8.542355352188638,4.617309228449329,-0.02249920668429436,-0.06020371160456068,7.059893259277627,3.9442064791213087,0.18400335009037655,0.04013522853791817,3.889368482993903,2.4525176916537474,-0.030262499626239597,0.05063133168891634,2.5275150331986227,8.65766134139699,-0.2145929337759328,-0.14167401465353902,7.200899764356563,5.72821917213201,0.13159538391679415,-0.01874236869588039,6.086831829022082,2.609290832044518,-0.18541821586208454,0.06433726601006784,1.843463346787418,7.455769864337772,-0.0399187610551393,0.00879520192073032,3.98463674428601,6.799799503599409,-0.09165520294447012,-0.09860609882058838,8.449644216140351,8.348941969916366,-0.002945428682637767,0.02121983400215761,7.350267076763343,1.716293862331493,-0.16429796549036133,0.015613135102404686,1.3238722101315363,7.9628338312516505,-0.012392138039567697,0.028094409792922583,4.692956372426561,1.985979953452584,-0.2634235705042866,-0.09857494936400907,7.753372485322826,5.371108507936896,0.15403024072392474,0.06480464785564995,2.1802667294605214,6.216503181811126,0.02734441473186692,0.00766541704421552,6.820382555339852,4.887698760547095,0.20474223802183,0.07205778553337487,5.134883067538906,3.02432970104234,-0.04540297266553302,-0.14795300144766585,7.566305394329499,2.643691729320722,0.31789532388061026,-0.04188093690054787
521,4.428362509270838,3.2827746564313514,0.017225426002043003,-0.09111793576071966,1.1412320145423902,8.876519828216804,-0.08001333022085613,0.037901545147275575,6.351547509176327,8.035739731860323,0.01889767383414523,0.010612697310484198,8.541230391854423,4.614299042869101,-0.01411547216004433,-0.06842143899747259,7.069093426782145,3.9462132405482047,0.1867676566803376,0.0358945998334895,3.8878553580125907,2.4550492582381933,-0.02756415302630311,0.04989704432823326,2.516785386509826,8.650577640664313,-0.21029182572856667,-0.14053505585295495,7.2074795335524025,5.727282053697216,0.14295678618997226,-0.025619510141755557,6.077560918228978,2.612507695345021,-0.18346479768173804,0.07602540157439508,1.841467408734661,7.456209624433809,-0.04282969581630587,0.009512296973553745,3.9800539841387863,6.79486919865838,-0.08882564118940897,-0.0955384982797716,8.449496944706219,8.350002961616473,-0.0029915503842359342,0.022397291442802114,7.342052178488824,1.7170745190866132,-0.17303430321170912,0.020963059890283676,1.323252603229558,7.964238551741297,-0.005442419743039834,0.03032193725486859,4.679785193901347,1.9810512059843834,-0.2780108178759602,-0.09784876907320575,7.761073997359023,5.374348740329678,0.16424980277760515,0.06718516870606994,2.181633950197115,6.216886452663337,0.02479883558154782,0.0036577381927302673,6.830619667240943,4.891301649823764,0.21347036520336,0.06954541455209884,5.13261291890563,3.016932050969957,-0.05011756781946082,-0.1482940714021133,7.582200160523529,2.6415976824756946,0.3223788530608986,-0.03870118295627011
522,4.42922378057094,3.278218759643315,0.01775583991278958,-0.07677649198363531,1.1372313480313474,8.878414905474168,-0.07232667499748653,0.04219371175286735,6.352492392868034,8.036270366725848,0.01786254939812438,0.011560382570809869,8.54052461824642,4.610877970919227,-0.005183377884092944,-0.07627829602905638,7.078431809616162,3.948007970539879,0.18901000167071025,0.03246568133771523,3.8864771503612756,2.457544110454605,-0.025102827276548202,0.04847091668211486,2.5062707952233976,8.643550887871665,-0.2054788657744241,-0.13908528267172512,7.2146273728619015,5.726001078190128,0.15288637313693654,-0.032327475724364736,6.068387678344892,2.6163089654237406,-0.18106022002415767,0.08762326217891969,1.8393259239438458,7.4566852392824865,-0.04565790827122092,0.010194505427790133,3.975612702079316,6.790092273744391,-0.08530054091353484,-0.09249700680854062,8.449347367187007,8.351122826188613,-0.0029633048606639662,0.02339543240745918,7.333400463328239,1.7181226720811273,-0.18103974493696318,0.026079454797519774,1.322980482242406,7.96575464860404,0.0015595658664915692,0.03252793998947009,4.6658846530075495,1.976158767530723,-0.291802201678851,-0.09762488199008511,7.769286487497903,5.377707998764982,0.17301767284615527,0.06975703406352854,2.1828738919761923,6.217069339572973,0.022252968093759616,-0.00047236114854304085,6.841293185501111,4.894778920551369,0.22090049246642915,0.0663223883807722,5.130107040514657,3.0095173473998513,-0.055005433675750684,-0.14817669967020988,7.598319103176574,2.6396626233278813,0.32605876187294464,-0.03521053192990197
523,4.430111572566579,3.2743799350441334,0.018193854703205344,-0.061843779071075806,1.1336150142814732,8.88052459106181,-0.06476997131077236,0.046408743987655286,6.35338552033794,8.036848385854388,0.016740411866486234,0.01243213523898199,8.540265449352216,4.607064056117775,0.004150882341203076,-0.08375289655276663,7.0878823096996975,3.949631254606765,0.19070946383117834,0.029922843442262252,3.8852220089974483,2.4599676562887107,-0.022783897023161706,0.04643893268816735,2.4959968519346765,8.636596623738079,-0.2001911429037166,-0.13735984685597358,7.222271691518748,5.72438470440391,0.16123119625896107,-0.038854928640271645,6.059334667343684,2.6206901285326865,-0.17824048409478774,0.09915480814578333,1.8370430285302848,7.457194964553876,-0.048357915605572455,0.01087209154182419,3.9713476750336394,6.785467423403964,-0.08126603997190066,-0.08947728742392996,8.449199201943975,8.352292597808987,-0.002872116087151126,0.024223971335640113,7.324348476081391,1.7194266448210034,-0.18822692217781173,0.03091563038827333,1.3230584605357307,7.9673810456035135,0.008572764599821342,0.03469381240686043,4.651294542923607,1.9712775234312188,-0.3015117118860272,-0.09330139910412834,7.777937371140211,5.381195850468158,0.18020738179429063,0.0723008964138136,2.1839865403808805,6.217045721515546,0.019715051120526392,-0.004685053155965489,6.852338210124432,4.898095039970408,0.22638162570391027,0.062487071260816186,5.12735676883087,3.0021085124163407,-0.06006267805109877,-0.1475799881184393,7.614622041270221,2.637902096731386,0.3255447679242466,-0.036101883909127844
524,4.431021265301739,3.2712877460905796,0.01863251620401692,-0.04671639142821539,1.1303765157159344,8.882845028261194,-0.057379069864429894,0.050535549427246695,6.354222540931264,8.037469992616337,0.015490956578433674,0.013245124432928114,8.540472993469276,4.602876411290136,0.01363038567477165,-0.09090959868379958,7.097417782891257,3.9511273967788783,0.19185272226869265,0.02807725248575314,3.88408281414629,2.462289602923119,-0.020503438587745483,0.043985711121192234,2.4859872947894908,8.629728631395281,-0.19444880646661045,-0.13537770575610336,7.230333251331696,5.722441957971896,0.1678105506643642,-0.04521864908709668,6.050422643138945,2.625647868939976,-0.17510434584932436,0.11049530781509675,1.834625132750006,7.457738569130967,-0.05094794044938444,0.011523265347642152,3.9672843730350444,6.780993559032767,-0.07681588454980917,-0.08648150749983528,8.449055596139617,8.353503796375769,-0.0027313340140109814,0.02489385578451113,7.3149371299725,1.7209724263404171,-0.19460562052681074,0.03533859975935373,1.323487098765722,7.9691157362238565,0.01546271731903292,0.0367075752609001,4.636218957329305,1.9666124534760123,-0.3097922633195904,-0.08927326766384647,7.786947740229925,5.384810895288849,0.18540008741064556,0.07353167970869995,2.184972292936907,6.216811468857747,0.01718153446019371,-0.008980126233048124,6.863657291409628,4.901219393533449,0.2299958483347687,0.05809370826185378,5.1243536349283145,2.9947295130104186,-0.06519934561561007,-0.14651168317365587,7.630899279666433,2.6360970025359296,0.32309115427046753,-0.037621925564876924
525,4.43195289111194,3.268951926519169,0.019184727533357853,-0.03203550813983191,1.1275075622227129,8.885371805732555,-0.050166109144367636,0.054543597082471494,6.354997088760186,8.038132248837984,0.014124131549179714,0.013996711203566938,8.541154512753014,4.598330931355946,0.02296440599137245,-0.09787232941933997,7.107010419004691,3.952531259403166,0.192408670809261,0.02743213106595083,3.8830576422169027,2.464488888479179,-0.01821271474238282,0.041209078104427116,2.47626485446616,8.622959746107476,-0.18828652848497154,-0.1331664324807876,7.238723778864914,5.720181025517541,0.1723127506270994,-0.05151769551410817,6.041667425846478,2.6311726343307305,-0.17180715585367787,0.12158322609665193,1.8320777357275368,7.45831473239835,-0.053407573427227725,0.012086243650702088,3.963443578807554,6.776669483657775,-0.07200541159946985,-0.08351424467297533,8.448919029438917,8.354748489164994,-0.0025555036646848477,0.025416242579420965,7.30520684894616,1.7227393563283848,-0.19998661125554668,0.039400401863469214,1.3242602346316736,7.970951114986901,0.02221565684129931,0.03860720267077549,4.620729344163325,1.96214879009282,-0.31614622574100765,-0.08550095041824386,7.796217744600457,5.388487479274284,0.18954830954416282,0.07438222690690613,2.1858313696599168,6.216362462546095,0.01465717456341465,-0.013364926652259513,6.875157083826366,4.904124078946541,0.23180844011102048,0.053091104581958384,5.121093667647534,2.9874039288517356,-0.07031938050399679,-0.1453299625107938,7.647053837379957,2.6342159062576855,0.31869103173225855,-0.039816924909523856
526,4.432912127488607,3.2673501511121774,0.020293774394887203,-0.018976845725281126,1.1249992567654945,8.888098985586678,-0.04314828509060329,0.058409399743055944,6.355703295337645,8.038832084398162,0.012661150071799914,0.014679147645569593,8.542302733052583,4.593437314884979,0.03202204553061424,-0.10462348154732116,7.116630852545154,3.9539028659564637,0.19237466896711986,0.027862848897428353,3.8821470064797836,2.4665493423844,-0.015973709847291764,0.03822649725638892,2.4668505280419115,8.616301424483437,-0.18170959253803018,-0.1306990618887299,7.247339416396269,5.717605140741836,0.1748889725252975,-0.05790932881608151,6.033077068053794,2.6372517956355632,-0.1684952524514686,0.1320344006240586,1.8294073570561755,7.458919044580885,-0.055748465757039775,0.012535898622882811,3.9598433082275806,6.772493771424126,-0.06687490641017027,-0.08058086857678631,8.448791254255683,8.356019301293964,-0.002360931379867152,0.0258010439495127,7.295207518383382,1.7247093764215582,-0.20472549530222045,0.04297684893311414,1.3253710174737385,7.97288147512044,0.028840444887182487,0.04041626678337915,4.604922032876275,1.957873742571908,-0.32062728468129903,-0.08201257032884167,7.805695160077665,5.3922065906196295,0.19291930275602825,0.07504740445148504,2.1865642283880873,6.215694216213482,0.012203551968938905,-0.017852120400614426,6.886747505831917,4.906778634175639,0.23150442960057582,0.048059365406638715,5.117577698622334,2.980137430726196,-0.07563929062794107,-0.1443301284016961,7.6629883889665695,2.6322250600122095,0.3118770585438583,-0.042831037359706295
527,4.433926816208351,3.2664013088259134,0.02201964588333916,-0.007756342126829512,1.1228418425109643,8.891019455573831,-0.036380155324615894,0.06210272444305385,6.356336352841235,8.039566041780441,0.011122088480770747,0.015285261084995418,8.543903835329115,4.588206140807613,0.040725566424664836,-0.11114553726264366,7.12624958599351,3.955296008401335,0.19179897750555674,0.028620276923255163,3.881348320987419,2.4684606672472196,-0.013796511988600548,0.03510466505699422,2.45776504841501,8.609766471389001,-0.17466555585160973,-0.12784271734533248,7.256083865022534,5.714709674301032,0.1755403600230802,-0.06447096648588323,6.02465230543122,2.643853515666766,-0.16523912856595624,0.14143570638897215,1.8266199337683235,7.459545839512029,-0.05783407586362718,0.012995613368985501,3.956499562907072,6.768464727995287,-0.06149052045185633,-0.07768687922986486,8.44867320768669,8.35730935349144,-0.0021633267087465087,0.026056336347436468,7.284971243618271,1.726858218868214,-0.20876485663010702,0.04612974651457223,1.3268130397180977,7.974902288459609,0.03534085592081286,0.042161930925451355,4.58889066864221,1.953773114055466,-0.32398037414799,-0.07867925693822907,7.8153411252154665,5.395958960842203,0.19544291908486375,0.07539759750217503,2.1871744059865343,6.214801610193451,0.009851944959170418,-0.022428528891153023,6.898322727311946,4.909181602445972,0.229690190128425,0.043636684373027416,5.113795734090937,2.9729209243061114,-0.08132564712773221,-0.14339237253013196,7.678582241893762,2.630083508144224,0.3028020397803161,-0.04671700501667632
528,4.435027798502518,3.266013491719572,0.024406735538142436,0.001583190874354953,1.1210228347447335,8.894124591795984,-0.02981740379301494,0.06556511690733398,6.356892457265274,8.040330304834692,0.009527805421531359,0.015807855006045847,8.545940113650348,4.582648863944481,0.04897888449603019,-0.11740418515154251,7.135839534868788,3.9567270222474975,0.19085721107958953,0.02935916268915041,3.880658495387989,2.4702159005000692,-0.011627050812801177,0.0318977753531244,2.4490317706224296,8.603374335521735,-0.1671681692172599,-0.12460054616210399,7.264860883023688,5.711486125976738,0.17390523139089237,-0.07159804659857892,6.016390349002923,2.6509253009862146,-0.16198764043169128,0.14968730412127768,1.8237282299751423,7.460195620180478,-0.059663983534244285,0.013415823646647182,3.953425036884479,6.764580384033794,-0.055859497178984356,-0.07481242008986214,8.448565041351253,8.358612170308811,-0.001977958126140193,0.026189157603265654,7.274533000786765,1.7291647061939426,-0.21227447981490716,0.04902838576884422,1.3285800825141383,7.977010385005882,0.04171067168762423,0.0438753668360935,4.572691649934811,1.9498391512085544,-0.326571646964052,-0.07538640094531582,7.82511327116971,5.399728840717312,0.19737117218418607,0.07570931910742379,2.187667003234493,6.2136801837488935,0.007598804077512818,-0.02709191098923175,6.909807236818367,4.911363436664623,0.22716035479996527,0.039685532704002,5.109729451734551,2.9657513056796048,-0.08743968781541246,-0.1421703099535698,7.693722343882778,2.6277476578933903,0.29157679090708233,-0.05131567584203853
529,4.436248135279425,3.2660926512632895,0.027471932335394137,0.009074884520070667,1.1195319645550827,8.89740284764135,-0.023430976211704667,0.06877323595700228,6.357368847536351,8.041120697584994,0.007902358073771158,0.016238941641262918,8.548389057875148,4.576778654686904,0.05671262291842399,-0.12324874206432232,7.145382395422768,3.958194980381955,0.19047492365180652,0.029490919257012298,3.8800771428473486,2.4718107892677255,-0.009320171128472145,0.028784409620991012,2.440673362161567,8.59714430821363,-0.1592409854103637,-0.12098165872273384,7.273556144593233,5.707906223646809,0.1703836932376016,-0.07900646808519506,6.008290966981338,2.6584096661922785,-0.15863040620701419,0.15706717945339477,1.82074503079843,7.460866411362811,-0.06132961931374429,0.013753305634309796,3.95063206202553,6.760839763029301,-0.05001607275445528,-0.0719509666833494,8.448466143444946,8.359921628188975,-0.0018236152512555877,0.02620423360426578,7.2639192767960195,1.7316161254823847,-0.21530726360633,0.051738109964145754,1.3306656160985195,7.979204153347687,0.0479084218834851,0.04550557678123577,4.5563630675866085,1.9460698311612887,-0.328336549064019,-0.07213231218589351,7.834981829778919,5.403514306672683,0.198725565174656,0.07593462589867718,2.1880469434383687,6.212325588199432,0.005455294018990593,-0.03183707364017455,6.921165254558366,4.913347713299824,0.22367766769919717,0.03614819335938129,5.10535746734378,2.9586427901819263,-0.0938928368360843,-0.14070054686459843,7.708301183428133,2.6251818741012882,0.27882455150097346,-0.05612142214404715
530,4.437621731896194,3.2665463954892933,0.03071234294642758,0.015807459370391484,1.1183604157444975,8.9008415094392,-0.017212280943669733,0.071733593585765,6.357763965440039,8.041932644667057,0.006247056249559083,0.016582825167774408,8.551224689021069,4.570616217583687,0.0638489246147245,-0.12865159279652963,7.154906141605358,3.9596695263448054,0.19223337336271207,0.02843928517257898,3.879611134290925,2.473250009748775,-0.006894257988294418,0.025765380160143635,2.4327113128910485,8.591095225277494,-0.15093821783557654,-0.11703087473986087,7.282075329255113,5.7039559002425495,0.16502036858051905,-0.08664320218339108,6.000359446670988,2.666263025164948,-0.15494606020169363,0.16374285719992912,1.8176785498327428,7.461554076644526,-0.06292555938210843,0.013805884876347405,3.948131258387807,6.757242214695133,-0.04395096226472921,-0.06907539442660549,8.448374962682383,8.361231839869188,-0.001713494552445964,0.026106384884814204,7.253153913615703,1.734203030980592,-0.21786691094293223,0.05425403934271488,1.3330610371926939,7.981479432186749,0.05390829806973674,0.04697880588030084,4.539946240133408,1.942463215551994,-0.32900837722966936,-0.0688274018986325,7.844918108037652,5.4073110379676175,0.1998636238519717,0.07637034716755457,2.188319708139318,6.210733734517423,0.0034661540299721527,-0.036578849257178,6.9323491379433255,4.915155122967793,0.21930516967866742,0.03257943715155754,5.100662825501976,2.9516077628386963,-0.10043288346837419,-0.13892795930448118,7.722242411003181,2.622375802994086,0.2645531804344032,-0.06119961606191768
531,4.439157349043516,3.2673367684578127,0.03375297666956734,0.022455726430909748,1.117499801697314,8.904428189118487,-0.011158948331751283,0.07441269924757445,6.358076318252517,8.042761785925446,0.004601790357411066,0.016818716998881846,8.554417135251805,4.564183637943861,0.0703555494325727,-0.13368346719988713,7.164517810273494,3.9610914906034345,0.1963947547116796,0.026148279509005237,3.8792664213915105,2.474538278756782,-0.004167147676905448,0.022882230290403625,2.4251644019992695,8.5852436815405,-0.14227647830739737,-0.11275594877777038,7.290326347684139,5.69962374013338,0.15790552008598932,-0.09447305086031102,5.992612143660903,2.674450168024945,-0.15121839950101482,0.16962991147937573,1.8145322718636374,7.462244370888343,-0.06447410109188913,0.013605396201893015,3.945933710274571,6.753788444973803,-0.03778371698100633,-0.06622534636887052,8.448289287954761,8.362537159113428,-0.001668655468297557,0.025907034659075023,7.242260568068557,1.7369157329477278,-0.2199503052468501,0.0566457414657012,1.3357564520961807,7.9838283724807635,0.05975995538582542,0.04835015723039968,4.523495821271925,1.9390218454570625,-0.32854393224964407,-0.06567778033746287,7.854911289230251,5.411129555325995,0.2010852281246949,0.0771866939656467,2.188493015840817,6.208904792054565,0.0016609942078657913,-0.041252015457696606,6.943314396427259,4.9167840948253705,0.2142473806658777,0.028746393948799704,5.095641181328557,2.9446613648734723,-0.10621844295869726,-0.13629226519557777,7.735470070024902,2.61931582219099,0.24888999024837946,-0.0663646945528902
532,4.440844997876994,3.268459554779358,0.03653546863664937,0.02903337986876261,1.1169418542807266,8.908148824080866,-0.00528768704799598,0.07679404245582783,6.358306407770388,8.04360272177539,0.002965151492536226,0.016952528436872363,8.557934912723434,4.5574994645838665,0.07621273209923206,-0.13834003201671968,7.174337548009078,3.9623989045788846,0.20305459773927131,0.022678317254838633,3.879058064007665,2.4756823902713023,-0.0008548210817182606,0.020177127317717335,2.4180505780838994,8.579605884101612,-0.13327129383579017,-0.10816989253041683,7.2982216236884385,5.694900087590365,0.15038793045729287,-0.10218533384575985,5.985051223685852,2.6829316635989136,-0.14754638122634994,0.17486828691961565,1.811308566809043,7.4629246406984375,-0.06599950502362607,0.013194085922151131,3.9440445244255207,6.750477177655359,-0.031592787791681946,-0.06342025436939934,8.448205855181346,8.363832510846382,-0.0017353064996724883,0.025638194358224453,7.231263052806214,1.739748020021013,-0.22156306202067957,0.0588674224570528,1.338744449865472,7.986245880342284,0.06578935077240207,0.04984364445810779,4.507068624659443,1.9357379564401893,-0.3268523222560671,-0.06267463178915783,7.8649655506364855,5.4149888900242775,0.20231397154374606,0.0782476515203745,2.18857606555121,6.206842191281679,-0.00019386992751876855,-0.04573600694651096,6.9540267654605525,4.918221414522811,0.20891177514884793,0.025068491205579375,5.0903302591806225,2.9378467516136935,-0.11130036067675012,-0.13306409216317477,7.747914569537321,2.615997587463345,0.23196509192198253,-0.07158158326374663
533,4.442671771308826,3.2699112237727963,0.034972880347269295,0.032650444896118756,1.1166774699283268,8.911988526203658,0.00036041593583637996,0.07887778265294992,6.358454665345015,8.044450348197234,0.0013350773342253356,0.016991316654225066,8.561745549328396,4.55058246298303,0.08141486419015823,-0.14261312141069304,7.1844902778960416,3.9635328204416265,0.21061773127704064,0.01851158713406055,3.8790153229535793,2.476691246637188,0.0029833525908386166,0.017705526658525726,2.41138701339211,8.574197389475092,-0.12394398202195885,-0.10328202816424308,7.305741020211303,5.689790820898077,0.1432533766672004,-0.1095995205916419,5.977673904624535,2.691675077944894,-0.14340340728180515,0.17968999311032094,1.8080085915578616,7.463584344994545,-0.0675037299349582,0.012591110946669502,3.9424648850359367,6.747306164936889,-0.025536053244662942,-0.06063839775057772,8.448119089856363,8.365114420564293,-0.001908206535649852,0.025299786123695257,7.22018489970518,1.7426913911438655,-0.22264871778442488,0.06101366706491861,1.342033917404092,7.988738062565189,0.07214521011163928,0.0515593915388511,4.490726008546639,1.9326042248507314,-0.3238884555901077,-0.059818784944544276,7.875081249213673,5.418901272600296,0.20360755811079032,0.07952567019239373,2.1885663720548343,6.204555390934353,-0.0021702366411618427,-0.04997781433279007,6.964472354217995,4.919474839083089,0.20917773070130669,0.02016028377414379,5.084765241146785,2.9311935470055346,-0.11582439084063428,-0.12944135426375214,7.75951282413342,2.612418508300158,0.21395265171736216,-0.07680412994550836
534,4.4444204153261895,3.2715437460176022,0.03347200670708966,0.03596055047323,1.1166954907251188,8.915932415336306,0.005839857146463936,0.08061842957404816,6.358521419211726,8.045299914029945,-0.0002973906956313464,0.01693011807996705,8.565816292537905,4.543451806912495,0.08609587734216151,-0.14647991574355496,7.195021164459893,3.9644583997983296,0.21814223355441492,0.013975694528278994,3.879164490583121,2.4775765229701143,0.007360149596372789,0.015389397264650127,2.405189814291012,8.56903328806688,-0.11441544790759803,-0.09802934462902484,7.3129036890446635,5.684310844868495,0.1366044740721572,-0.11683642375245236,5.970503734260444,2.70065957760041,-0.13905212404446707,0.18558938555123605,1.8046334050611137,7.464213900541878,-0.06893241638985037,0.011886992849468512,3.9411880823737038,6.74427424504936,-0.019603397686672866,-0.05787480995537976,8.44802367952958,8.366379409870477,-0.002164502782893733,0.02494892014587897,7.209052463815959,1.7457420744971115,-0.22297977371617184,0.063253493572785,1.345641177909674,7.991316032142132,0.07879821499635913,0.053450944009475546,4.474531585767134,1.9296132856035042,-0.3196111402268198,-0.057106390833685836,7.885261627119212,5.422877556109916,0.20541121887608058,0.08119606633410163,2.188457860222776,6.202056500217714,-0.004261296102397843,-0.05399879396075695,6.974931240753061,4.920482853271796,0.20807464057896458,0.016294729217893215,5.078974021604753,2.924721479292347,-0.11982985165427583,-0.1253781112173492,7.770210456719289,2.6085783018028823,0.19609619984835125,-0.08114667886721266
535,4.446094015661544,3.2733417735412638,0.031904256655472044,0.03899633032937538,1.116987483582442,8.919963336815007,0.011133986026368684,0.08201926138145292,6.358506549676945,8.046146419933944,-0.0019391846172211978,0.01676579304525554,8.570121086405013,4.536127811125318,0.09017384646111426,-0.14995469330796135,7.205928276137614,3.9651571845247435,0.22557608089237613,0.009086530035791086,3.8795324980629395,2.4783459928333467,0.012070249815026468,0.013032906585564873,2.399469041895632,8.564131820835428,-0.10484451998964073,-0.0923417587834352,7.319733912748271,5.678469023680872,0.13044983815103656,-0.1239192220844283,5.963551128058221,2.709939046877972,-0.13389756242053613,0.1899861553281764,1.8011867842416212,7.464808250184352,-0.07020751806643366,0.011212838007196111,3.9402079124893703,6.741380504551591,-0.013774901245427787,-0.05510425661238173,8.447915454390435,8.367626855877772,0.0017400339560980048,0.023801052872339665,7.1979034751301505,1.7489047491757508,-0.2225573824207388,0.06555561438502226,1.349581088659492,7.993988579342606,0.08542442908336856,0.05531440779124959,4.458551028755793,1.92675796606182,-0.31442832972655566,-0.05466335756314798,7.895532188063016,5.4269373594266215,0.19754614757938868,0.0768942944400043,2.1882447954176563,6.199356560519676,-0.006462422990792199,-0.0578549607854554,6.985334972782009,4.921297589732691,0.20552184554133734,0.01340218099952373,5.072982529022039,2.9184525737314795,-0.12329445694099324,-0.12091316415759865,7.780015266711707,2.604520967859522,0.17888544062584377,-0.08456127660202159
536,4.447689228494317,3.2752915900577326,0.030225790976184132,0.04178845086802732,1.1175441828837605,8.92406429988408,0.016213438347302024,0.08308974189577067,6.358409590446084,8.046984709586207,-0.0035647966228125904,0.016511900099198517,8.574629778728069,4.52863007645992,0.0936415325629085,-0.15287208381095063,7.2172070801822334,3.965611511026533,0.2329495792725603,0.003990974775013612,3.880136010553691,2.478997638162625,0.016624409381786533,0.011025729672243854,2.39422681589615,8.559514732896256,-0.09523762662902595,-0.08626029650447306,7.3262564046558225,5.672273062576651,0.12467231336682921,-0.13056554603352688,5.956856249937194,2.7194383546443808,-0.12787365215139493,0.19268614794763125,1.7976764083382994,7.465368892084712,-0.07143835286345838,0.010604951608984989,3.939519167427099,6.738625291720972,-0.0080585159255988,-0.052261396129748616,8.44800245608824,8.368816908521389,0.005249076368140622,0.022684524975965202,7.186775606009114,1.752182529895002,-0.22138274567677604,0.06793088946790848,1.3538523101136604,7.996754299732168,0.09202181240370014,0.05715430389647944,4.442829612269465,1.9240247981836625,-0.30574788328061375,-0.05286881016177936,7.905409495441986,5.430782074148622,0.19028520064993387,0.07320069816634364,2.1879216742681167,6.1964638124804035,-0.008806285122030183,-0.0615406255435416,6.995611065059076,4.921967698782668,0.20213110829089007,0.010550591975456805,5.066817806174989,2.9124069155235994,-0.12622809213112252,-0.11622894949111286,7.788959538742999,2.6002929040294207,0.16237791488378978,-0.08719249253945721
537,4.449200518043127,3.277381012601134,0.02836371318866563,0.044375209563570134,1.1183548548011255,8.928218786978869,0.02105213111671025,0.08384021554966832,6.358231350614943,8.047810304591167,-0.005183652441918693,0.016172103448975083,8.579311855356213,4.520986472269373,0.09642954093986449,-0.15522667831727396,7.228854559145861,3.965811059765284,0.23923655799417895,-0.001082219803276374,3.8809672310227805,2.479548924646237,0.021050415982047266,0.009349006870022079,2.3894649345646988,8.555201718071032,-0.08565759112134697,-0.08008701327023443,7.332490020324164,5.665744785274975,0.11933171596079951,-0.13676132182552955,5.950462567329624,2.7290726620417622,-0.1210714434297572,0.1938656766496817,1.7941044906951265,7.465899139665161,-0.07262609871771693,0.010077087426617068,3.939116241630819,6.736012221914485,-0.002473269019914328,-0.04934881609412173,8.448264909906646,8.369951134770186,0.008374788643645688,0.021598570537070216,7.175706468725275,1.7555790743683974,-0.2191887283186518,0.07031982258261596,1.3584534007338454,7.999612014926992,0.09858738770534732,0.05897888160800202,4.427542218105434,1.9213813576755734,-0.2945506262386826,-0.051761527504603104,7.914923755474483,5.434442109056939,0.18392450737400537,0.07000933398232169,2.1874813600120153,6.193386781203226,-0.011412559682124063,-0.06506883867198913,7.00571762047362,4.9224952283814405,0.19833725290689788,0.007897852987057299,5.060506401568433,2.906595468049044,-0.12871696789275067,-0.11125441103073898,7.797078434487188,2.595933279402448,0.14667086461990808,-0.08905231261479032
538,4.45061870370256,3.2795997730793127,0.02629348406066251,0.04679201306511652,1.1194074613569611,8.932410797756352,0.02562584249707276,0.08427891220790709,6.357972167992847,8.048618909763615,-0.006797813650190674,0.01574758627006709,8.584133332403207,4.513225138353509,0.09866160487407145,-0.15697400878169668,7.24081638704557,3.96575694877512,0.2444400054851095,-0.006132276603522613,3.882019751821883,2.4800163749897384,0.02542381850306148,0.007900939499219915,2.3851820550086313,8.55119736740752,-0.07607431908145668,-0.07400645698187289,7.338456606122204,5.658906719183698,0.11448900658339149,-0.14247266086712024,5.9444089951581365,2.7387659458742464,-0.11359434323625668,0.19367660227634334,1.7904731857592406,7.466402994036492,-0.07369397739615798,0.009784166849277241,3.9389925781798234,6.733544781109779,0.002409023057030977,-0.04650977999450902,8.448683649338829,8.37103106329704,0.011129331247734471,0.02053918114329356,7.164747032309343,1.7590950654975281,-0.2158775137226187,0.07272000085861836,1.3633827701191128,8.002560959007392,0.10512985428621509,0.060814410182885956,4.4128146867935,1.9187932813003432,-0.2810131641829995,-0.051319305231625874,7.924119980843183,5.437942575756056,0.1787904028092194,0.06727011889890142,2.186910732027909,6.190133339269626,-0.014256784924858018,-0.06846878558511227,7.015634483118965,4.922890121030793,0.19424229273889385,0.005483617514378161,5.054070553173795,2.901032747497507,-0.13116127577136413,-0.10611237606796566,7.804411977718184,2.5914806637717085,0.13162144730299447,-0.0902080566421367
539,4.4519333779055925,3.2819393737325684,0.02402996899058175,0.0490523543741275,1.1206887534818148,8.936624743366748,0.02990939846666867,0.0844155444357116,6.357632277310338,8.049406289077119,-0.008403853725612007,0.015242504473048445,8.589066412646911,4.505376437914425,0.10037886349135337,-0.15810725354575647,7.253038387319826,3.965450334944944,0.2486658138671438,-0.010960394018831567,3.883290942747036,2.4804114219646993,0.02980077048067207,0.006582975098123809,2.3813783390545584,8.547497044558426,-0.06649419714704277,-0.06798774945316252,7.344181056451373,5.651783086140342,0.11007935177236683,-0.14786696429326673,5.938729277996323,2.7484497759880635,-0.10533218579607113,0.19254338731460593,1.7867884868894328,7.466892202378956,-0.07469599070694803,0.0101310805269175,3.939113029332675,6.731219292110054,0.0065512161807292114,-0.04373850394519309,8.449240115901215,8.372058022354205,0.013511354135202809,0.019483087141314925,7.153953156623212,1.762731065540459,-0.2115066499869429,0.07518835343719875,1.3686392628334236,8.005601679516536,0.11172883501102664,0.06283983766590817,4.39876402858435,1.916227316038762,-0.26526817258248603,-0.051509425666480056,7.933059500983644,5.441306081701001,0.17509703415079597,0.06511459869072146,2.1861978927816663,6.186709899990371,-0.017322721564762993,-0.07173771478349655,7.0253465977559095,4.923164301906512,0.1903603551009687,0.0034683159291807124,5.047512489385227,2.8957271286941086,-0.1337542674363698,-0.10096545203420464,7.810993050083334,2.5869702609396015,0.11699447045534585,-0.09077325419375969
540,4.453134876355121,3.2843919914512747,0.021548104225295305,0.05116773420681249,1.1221842234051482,8.940845520588534,0.033867265716515126,0.08427269346439654,6.357212084624058,8.05016841430077,-0.0099976875148414,0.014661617488804455,8.594085355821479,4.4974710752371365,0.10150567551725803,-0.15866908641518188,7.265471678013183,3.9649023152440024,0.25230138166635435,-0.01548474008733304,3.88478098127107,2.4807405707196053,0.034136607174316595,0.005389790971955319,2.3780536291972063,8.544097657085768,-0.056900649266393204,-0.06203506300923762,7.349685024039991,5.644389737925678,0.10605481002181656,-0.1530924494840159,5.93346266870652,2.758076945353794,-0.09599901484565838,0.19109458960064077,1.7830536873540854,7.467398756405302,-0.07492204989042639,0.011230715163111013,3.9394405901417113,6.7290323669127945,0.009988386939572633,-0.040966559578797614,8.449915683607976,8.37303217671127,0.015547837348508283,0.01844021568472165,7.143377824123864,1.766490483212319,-0.20714323608680596,0.07765164856166994,1.374225704583975,8.00874367139983,0.11837505539705492,0.06513997550611957,4.385500619955225,1.913651844755438,-0.24719543631921087,-0.05237866208732008,7.941814352691184,5.444561811635537,0.17268695051415447,0.06344516702667184,2.185331756703428,6.183123014251196,-0.020667925336950225,-0.07476302694643229,7.0348646155109575,4.923337717702971,0.18722820366118273,0.001978205118334622,5.040824776013408,2.8906788560923986,-0.13646218281696693,-0.09590437955054584,7.816842773606101,2.5824315982299133,0.10267083654612039,-0.09082372318690007
541,4.454212281566386,3.2869503781616154,0.018745256526964425,0.05316991885860454,1.123877586690974,8.945059155261754,0.037435528695903365,0.08389366801721419,6.356712200248316,8.05090149517521,-0.011575508516251885,0.014009766704607006,8.599160639597342,4.489537620916377,0.10194020045572219,-0.15867578846126656,7.278086747096501,3.9641280782396358,0.25567148974924486,-0.019490716481151894,3.886487811629786,2.4810100602682033,0.03838401143674011,0.004312032171716948,2.3752085967338865,8.540995903935306,-0.047290832297952196,-0.05613554092822012,7.354987764541082,5.6367351154514775,0.10242627706080563,-0.15815834919884345,5.928662717964237,2.767631674833826,-0.08622008906917675,0.1890094468317213,1.779307584859564,7.467960292163458,-0.07418972822573541,0.013331833094417374,3.93994000948869,6.726984038933854,0.012782454873728097,-0.03816627320381144,8.450693075475401,8.373954187495507,0.01726169738345091,0.017420327779153765,7.133020662319524,1.7703730656404024,-0.20291366516157022,0.08009891413451588,1.3801444573538277,8.012000670175137,0.12513151159336305,0.06781678489898904,4.373140848139265,1.911032911651072,-0.22720859672675406,-0.05387749492034196,7.950448700216891,5.44773406998687,0.17146358566923622,0.06216231572181292,2.1842983604365807,6.179384862903874,-0.024290965729945106,-0.07753293022627324,7.044226025694017,4.923436627958887,0.1845898007074388,0.00026604847238096644,5.03400166687256,2.8858836371148713,-0.1391435428382005,-0.09079030810686889,7.821976315433408,2.5778904120705683,0.0885341272732589,-0.09044015637801325
542,4.455149544392735,3.2896088741045455,0.01554935195912671,0.05510314242650758,1.1257493631257691,8.949253838662615,0.040562155530176704,0.08330503689949777,6.356133424822503,8.05160198351044,-0.013133778449117981,0.013292249483260509,8.604257649620127,4.481603831493314,0.1019549775647491,-0.15810489466138045,7.290870321583963,3.9631535424155784,0.2587848612555782,-0.022949659699144677,3.8884070122016228,2.481225661876789,0.0425354253989851,0.003333144066115876,2.372844055118989,8.538189126888895,-0.03770314951434853,-0.050306629489635796,7.360109078394123,5.628827197991535,0.09922227371185906,-0.16293445411100527,5.924351713510778,2.777082147175412,-0.07665056782083614,0.1868322864121976,1.7755980984482773,7.468626883818178,-0.07274374524798749,0.016686464831291957,3.940579132232376,6.725075725273664,0.015487796078728975,-0.035207809512636454,8.451556160344573,8.374825203884464,0.018675667824077053,0.01643376632059592,7.122874979061446,1.7743780113471281,-0.19884149967237344,0.08243148509712374,1.386401032933496,8.015391509420086,0.13199460943987107,0.07085484910314543,4.361780418302927,1.908339036905055,-0.20628600593457494,-0.055869279679207795,7.959021879500353,5.450842185772961,0.17143534759624485,0.061121227934214546,2.1830838121500835,6.1755082163925605,-0.028185756364458008,-0.08003807637954444,7.053455515729389,4.923449930382506,0.18165332088563763,-0.0016199739910599288,5.02704448973065,2.8813441217095277,-0.141772441831335,-0.08550444713625255,7.826403021797071,2.5733684042516676,0.07457591155975793,-0.08968197286331392
543,4.455927011990691,3.292364031225871,0.01202495427300286,0.056995502540068736,1.1277774709022779,8.953419090507591,0.04321437260540539,0.0825368259277698,6.355476735900047,8.052266595984603,-0.014671248596131645,0.012513817805069681,8.609355398498364,4.473698586760245,0.10179111955338416,-0.15696393016449967,7.303809564646742,3.962006059430621,0.2616481611022274,-0.02591954680675538,3.890533783471572,2.481392319080095,0.04651384880069847,0.0025248414736297325,2.3709588976432716,8.535673795414413,-0.028526554005296252,-0.044823976333712906,7.365070192079716,5.620680475285985,0.09657961349636204,-0.16742352093532226,5.920519185119736,2.786423761496022,-0.06727546649294001,0.18445045556344414,1.7719609111858778,7.469461207059743,-0.07071038978841661,0.02124628758436374,3.9413535220363127,6.7233153347980315,0.018066328401970207,-0.032122809630951675,8.452489943735777,8.375646892200495,0.01988730321996157,0.015519209508100927,7.112932904077827,1.7784995856019843,-0.1948950768868529,0.08454917051197446,1.3930007634054895,8.018934251875242,0.1389656870608542,0.07410124327545627,4.351466118006198,1.9055455729210946,-0.18520955469260486,-0.05819422087475538,7.967593646880165,5.453898247169672,0.17256731989427093,0.060169712516668514,2.1816745243318607,6.171506312573583,-0.0323372053444318,-0.08211007781440705,7.062538181773671,4.923368931682953,0.17841266515050255,-0.0036387779079314767,5.019955867639083,2.877068899352715,-0.14428116742978947,-0.08003124280664267,7.830131817375059,2.568884305608502,0.060565786161122064,-0.08870299516448117
544,4.456528259704341,3.295213806352874,0.008157865642207381,0.058886593074696174,1.1299381895325482,8.95754593180398,0.04535957022043282,0.08161942746383515,6.354743173470241,8.052892286874856,-0.01618577915054544,0.011679295129346843,8.614444954476033,4.46585039025202,0.10141072084778247,-0.15527004308722772,7.316891972701853,3.960710082090283,0.2642804139742176,-0.028540445552709418,3.892859475911607,2.4815185611537762,0.05028608483497257,0.0018861674137469725,2.369532569943007,8.533432596597727,-0.019514610366971514,-0.03964913944480357,7.369899172754534,5.612309299239219,0.09466889384835847,-0.1718032057858958,5.917155411795089,2.795646284274194,-0.05808246927576167,0.18189215920336865,1.768425391696457,7.4705235214389605,-0.06818791190829633,0.02695215566462211,3.9422568384564114,6.7217091943164835,0.020451575528191865,-0.028908293512782846,8.453484308896776,8.3764228526759,0.02091399806909506,0.014686539791772544,7.103188150233484,1.782727044127583,-0.19055582149430147,0.08640781302304423,1.3999490477585321,8.022639314039015,0.14602541467001176,0.07755378607218726,4.342205640271568,1.902635861877357,-0.1643604862297562,-0.06069712514832496,7.976222012874879,5.456906732795505,0.1747264873479176,0.05919732094481893,2.180057664064639,6.167400808682863,-0.03670977414547722,-0.08346568664649814,7.071458815031196,4.9231869927875564,0.1748539530703815,-0.005710157219314248,5.0127418092675935,2.8730673372123827,-0.14655937355469123,-0.07443091071042361,7.833160106683115,2.5644491558502778,0.04659167537897561,-0.08750732403450943
545,4.456936152986452,3.298158136006609,0.003880631490247962,0.06079995935519229,1.1322061680435698,8.961626903177171,0.04698870337041432,0.08056216074047055,6.353933884512713,8.053476251631324,-0.017674900989949546,0.01079401909859776,8.619515490518422,4.458086888097658,0.10805428286665378,-0.15909847438059607,7.330105993400564,3.959283059812648,0.26665085158138674,-0.030890381210985498,3.895373780153356,2.4816128695244637,0.0537571445596611,0.0014498511228766635,2.3685568394246586,8.531450139625488,-0.010658109681756517,-0.03477959456620154,7.374632617446952,5.603719138949924,0.09349677409678586,-0.1761538452930703,5.914251288331301,2.8047408922343626,-0.0489274059446345,0.17890561241127872,1.765015996101042,7.471871129222191,-0.06524597230103373,0.033746425792633816,3.943279417232821,6.720263779640844,0.02253208869259292,-0.025550326896033083,8.454530008800232,8.377157179665488,0.021753476591634197,0.013879733275870262,7.093660359158768,1.7870474347787353,-0.18579232519968383,0.08794563902841365,1.4072503184920326,8.026517003342624,0.15317031731655337,0.08124429594283564,4.33398761596008,1.8996010056199406,-0.14388714309582978,-0.06328954218730211,7.984958337242275,5.459866598842746,0.1777965493742991,0.05807355965227194,2.178222175357365,6.163227524350538,-0.041282394015782285,-0.08411434858220011,7.080201512684715,4.922901484926591,0.17093315916452728,-0.007712587554001481,5.005413840589859,2.8693457916768614,-0.14853366304646387,-0.06852483509871306,7.835489690452064,2.5600737896485524,0.032643385328945854,-0.08595977390387394
546,4.457130184560964,3.301198133974369,-0.001060997755629304,0.0627597010295559,1.1345556032120905,8.965655011214194,0.04827231286498124,0.07927591085327235,6.353050139463216,8.054015952586253,-0.019135484870493255,0.009863804145920273,8.624918204661755,4.450131964378628,0.11370051426464019,-0.1624358870806531,7.343438535979633,3.9577385407520986,0.26868859208016793,-0.033070886382403686,3.898061637381339,2.4816853620806074,0.056657853398958395,0.001378618106670712,2.3680239339405706,8.529711159897177,-0.0019903143216681678,-0.03024141872999606,7.379307456151792,5.594911446685271,0.09302482265680917,-0.18054501744880816,5.911804918034069,2.8136861728549265,-0.03976180749254329,0.17549662049331094,1.7617536974859904,7.473558450511823,-0.06193144033398985,0.04069265423721008,3.944406021667451,6.718986263296043,0.024134196351575196,-0.022036073175391947,8.455617682629814,8.377851166329283,0.02239809449188654,0.013073604762802301,7.084370742898784,1.791444716730156,-0.18065561181410186,0.08946257584096348,1.4149088343578604,8.030579218139765,0.16038016220381,0.0852291022569464,4.326793258805289,1.8964365285105755,-0.1240547540391472,-0.06589182975545406,7.99384816471099,5.46277027682536,0.1813781675194073,0.05662788354531236,2.176158055656576,6.159021806921428,-0.04599182219206612,-0.08406108090651535,7.088748170642941,4.922515855548891,0.1666250870594772,-0.00951649530603853,4.997987157437536,2.8659195499219257,-0.15030363228629484,-0.06275317988189998,7.837121859718511,2.555775800953359,0.01861419240444634,-0.08396586237677671
547,4.457077134673183,3.3043361190258467,-0.0066410940749471225,0.06474503991861831,1.1369692188553395,8.969618806756857,0.04920400610598141,0.07771991716591087,6.352093365219691,8.054509142793549,-0.02056374366205915,0.008894422981160876,8.630603230374987,4.442010170024596,0.11834627052420077,-0.16523593838982142,7.356872965583642,3.9560849964329785,0.2704155081400196,-0.03504759228372843,3.900894530051287,2.481754292985941,0.059210208852330394,0.0016645759767443286,2.3679244182244874,8.528199088960678,0.006477146847097855,-0.02603371786651549,7.3839586972846325,5.58588419581283,0.09319950263649114,-0.18500795285179755,5.9098168276594425,2.822461003879592,-0.030606747141648356,0.17181911859132673,1.7586571254692909,7.475593083223684,-0.05805299701836466,0.04714761300390892,3.9456127314850296,6.717884459637273,0.02541151457588607,-0.018402853799185548,8.456737587354409,8.378504846567422,0.022846541957783146,0.012275504995385586,7.075337962308079,1.795917845522204,-0.17495350962980621,0.0909460729576782,1.422927842468051,8.034840673252612,0.16764575531532502,0.08947890635138019,4.320590521103331,1.8931419370228029,-0.10491469230304033,-0.0684810750822711,8.00291707308696,5.465601671002625,0.18547265681071762,0.054515730931612924,2.1738584645469725,6.1548187528761025,-0.05004509151875298,-0.08319234125313663,7.097079424995915,4.922040030783589,0.16194279017243707,-0.011131465647363337,4.990471975823222,2.8627818909278306,-0.1519902339995946,-0.05708778931590858,7.838052569338734,2.55157750783452,0.004525630273518299,-0.08151528502085544
548,4.456745079969435,3.3075733710217774,-0.012841442288262133,0.0667869004022051,1.1394294191606387,8.973504802615153,0.0497698356065374,0.07591021640119519,6.351065178036588,8.054953863942607,-0.021955154862224897,0.007890798947978016,8.636520543901197,4.433748373105105,0.12198829127126631,-0.1674572211476401,7.370393740990642,3.954332616818792,0.27184825776904026,-0.03688575910920174,3.9038550404939034,2.481837521784778,0.0616266657156145,0.0023376235696077694,2.368248275566842,8.526897403067352,0.014726505679934006,-0.022146341304754586,7.388618672416457,5.57663379817024,0.09407850835174211,-0.1892738002814307,5.90828649030236,2.8310519598091584,-0.021742892733384193,0.16836841832317737,1.7557544756183727,7.47795046387388,-0.05377727905955671,0.053134619802295495,3.946883307213824,6.716964316947314,0.026396759609984697,-0.014658894208392892,8.457879914452299,8.379118621817192,0.023081604050325794,0.011489413328716933,7.066590286826589,1.8004651491700878,-0.16885033896668786,0.0923880982801453,1.4313101302338171,8.039314618570181,0.17497939904978013,0.09371223870223029,4.315344786488179,1.8897178832686894,-0.08642732675919801,-0.07105007345631599,8.012190705927496,5.468327457549206,0.1901201676820088,0.05221937724128671,2.171356209971035,6.150659135813446,-0.05343661890327255,-0.08160221096125744,7.105176564504537,4.921483457501221,0.15694855982754552,-0.012677384659641655,4.982872464123242,2.8599275014620353,-0.15366665076921837,-0.051552383069127225,7.83827885085241,2.5475017435834775,-0.009642936191859509,-0.07861236168274022
549,4.456103007855022,3.3109127160418876,-0.01945122039447475,0.06885003825386059,1.1419179109409656,8.977300313435213,0.06311283899875694,0.06809085367140737,6.349967420293477,8.055348403890006,-0.023305078994452794,0.006858654092270133,8.64261995846476,4.425375512047722,0.1245485212432712,-0.16914164188973463,7.3839861538790945,3.952488328863332,0.2731313583889524,-0.03861278171235592,3.906936373779684,2.4819544029632583,0.06393067245606536,0.0033267817417681565,2.368984600850839,8.525790086002115,0.0227256233523774,-0.018575566734647126,7.393322597834044,5.567170108156168,0.09564959253817686,-0.19338500569536826,5.907199345665691,2.8394703807253174,-0.012811233571339668,0.16477332580305962,1.7530656116653949,7.480607194863994,-0.049246210332182634,0.058668016627489855,3.948203145194323,6.716231372236894,0.02712980547110969,-0.010768284094652924,8.459033994654815,8.379693092483627,0.023066568406152173,0.010715431882316648,7.058147769878254,1.8050845540840952,-0.16266012764080398,0.09377204893456258,1.4400591001863061,8.044000230505292,0.18238012185146546,0.09791298966413005,4.311023420150219,1.8861653795958735,-0.06828032310853273,-0.07353974698886155,8.021696714311597,5.47093842641127,0.19516983779712205,0.051424070882800293,2.1686843790258714,6.146579025265383,-0.05387334325312893,-0.07452053617683552,7.113023992495914,4.920849588268239,0.15164097892437303,-0.014138271126889857,4.975189131584781,2.857349882308579,-0.15539039958725825,-0.04634393437597098,7.837796704042817,2.5435711254993403,-0.023869000277819897,-0.07525759471782781
550,4.455130446835298,3.3143552179545805,-0.026087290109497792,0.07081685499955905,1.1450735528909035,8.980704856118784,0.07461523605915123,0.060774482617950105,6.348802166343754,8.05569133659462,-0.02461153271418794,0.005804875730741021,8.648847384526924,4.416918429953236,0.12635826242738663,-0.17024882303275024,7.397642721798542,3.950557689777714,0.2743859575578491,-0.04025513275110991,3.9101329074024873,2.4821207420503466,0.0661782395583784,0.004600784550845657,2.370120882018458,8.524861307665383,0.02999391059383629,-0.015379142116283745,7.3981050774609525,5.5575008578714,0.10874447669535764,-0.18852273556366106,5.906558783987124,2.8477090470154702,-0.0034260799201021805,0.16070924605645565,1.7506033011487858,7.483540595695369,-0.04404534036960958,0.06375107875472241,3.9495596354678786,6.715692958032162,0.02750517652492458,-0.006736580100974831,8.460187323075123,8.380228864077743,0.02424624863438551,0.012940210080022394,7.050014763496214,1.8097731565308233,-0.15640740668876998,0.09510039292575277,1.4491781062788793,8.048895879988498,0.18999714096834397,0.10174078393285735,4.3076094039947925,1.8824883922464304,-0.05045395221362382,-0.07595706644311427,8.031455206201453,5.4735096299554105,0.19936271424038893,0.05094566775225408,2.165990711863215,6.142852998456541,-0.05419783913492481,-0.06735126193610333,7.120606041442133,4.920142674711895,0.14599147001598203,-0.015463760986917886,4.9674196116054175,2.85503268558978,-0.15587976452420607,-0.0414493931719953,7.836603254028926,2.539808245763449,-0.03787011643439796,-0.07125805674323178
551,4.453826082329823,3.3178960607045584,-0.021733431951505428,0.06906563384194862,1.1488043146938611,8.983743580249682,0.0843811277899366,0.05393673835215535,6.3475715897080445,8.055981580381157,-0.02585260833424314,0.004743639338034388,8.655165297648294,4.408405988801598,0.12726630082004964,-0.17087940091922735,7.411362019676434,3.9485449331401585,0.2746783671417753,-0.04482002040887148,3.9134418193804064,2.482350781277889,0.06834358205322379,0.006025561034172807,2.37162057754815,8.524092350559568,0.036566975219099504,-0.012576808321749539,7.403542301295721,5.548074721093217,0.12154445197135098,-0.18398458058908124,5.9063874799911185,2.855744509318293,0.006386130580138146,0.1554146701417151,1.7484010341303053,7.486728149633105,-0.03855589675453065,0.06832792012399369,3.9509348942941247,6.715356129027113,0.02750345879356796,-0.0025765242102954713,8.461399635506842,8.380875874581745,0.025236148791241093,0.01510465794640261,7.042194393161775,1.8145281761771108,-0.1543643392111265,0.09482913304885335,1.4586779633272966,8.05398291918514,0.19781223228027559,0.1053303682387398,4.305086706384111,1.8786905389242747,-0.03293386425624162,-0.07831517017289875,8.041423341913474,5.476056913343023,0.20292758422537333,0.05079249772681228,2.163280819906469,6.1394854353597355,-0.05440809973477642,-0.06009713750330113,7.127905614942932,4.919369486662549,0.13976333560738885,-0.01624746157600847,4.959625623379207,2.8529602159311804,-0.15648061994920626,-0.036757523779004236,7.834709748207207,2.5362453429262874,-0.0516053437212136,-0.06662189198860265
552,4.4527394107322475,3.321349342396656,-0.01749989172945667,0.06689402559508574,1.153023371083358,8.98644041716729,0.09220227493377739,0.04753478227076497,6.3462789592913325,8.05621876234806,-0.02702263819795831,0.0036746394403457602,8.661528612689295,4.399862018755637,0.12732077313238083,-0.17094873850772943,7.425095938033523,3.946303932119715,0.27473918064325253,-0.0492674902691868,3.9168589984830677,2.4826520593295975,0.07044437867824191,0.007531474340200458,2.3734489263091048,8.52346351014348,0.04243532183572529,-0.01031972887692389,7.409619523894288,5.538875492063763,0.13342356528788693,-0.18003485458865304,5.906706786520125,2.8635152428253785,0.016567329594325005,0.14890643078305152,1.7464732392925788,7.490144545639305,-0.032977565477756245,0.07239823973184759,3.952310067233803,6.715227302816599,0.027087394158648793,0.0016415731933500446,8.462661442946404,8.381631107479066,0.02603961418740694,0.017202673455948413,7.034476176201219,1.8192696328295535,-0.1522046420211994,0.09447834269443012,1.4685685749413104,8.059249437597076,0.20430443426420428,0.10864432725613578,4.303440013171299,1.8747747804156298,-0.015758078059056102,-0.0806510048623371,8.051569721124743,5.478596538229364,0.2062578592692185,0.05104321919353984,2.16056041491973,6.13648057848457,-0.05449653589128773,-0.05280942808834218,7.134893781723302,4.9185571135837485,0.13283012481723153,-0.0164134581484769,4.951801592381747,2.85112233974223,-0.1578039462537612,-0.03234042509290518,7.832129481021146,2.532914248326857,-0.06492992480784919,-0.06141063926943875
553,4.451864416145774,3.3246940436764105,-0.013658943460685496,0.06450001677234661,1.157633484830047,8.988817156280827,0.09823886758121067,0.04155931865689721,6.344927827381435,8.056402494320077,-0.028117190699994406,0.0026018457070171794,8.667894651345915,4.39131458183025,0.12652375807636676,-0.17044626785981323,7.438832897065685,3.9438405576062556,0.27409257641821305,-0.05374074249112875,3.92038121741698,2.4830286330466076,0.07240293775920027,0.00914057828062776,2.375570692400891,8.522947523699635,0.04790356929406403,-0.008477220598136753,7.416290702158682,5.529873749334331,0.144159263332187,-0.17653591255619663,5.907535152999841,2.8709605643645313,0.02715899152440923,0.14136998746015456,1.744824361018691,7.493764457625898,-0.027585320647028667,0.07607102243608171,3.9536644369417355,6.715309381476266,0.026268278445410076,0.005832730787673203,8.463963423655773,8.382491241151863,0.026664484696316167,0.019230890436346113,7.026865944100159,1.823993549964275,-0.14989620162649983,0.09422547234056003,1.4787837966545208,8.064681653959884,0.2092482472752545,0.11158228992974027,4.302652109268346,1.870742230172513,0.0010767367874595542,-0.08295474766597032,8.061882614088203,5.481148699189041,0.20923167618556504,0.0512935550927215,2.1578355881251654,6.133840107080153,-0.054463346907489704,-0.04552731033412122,7.141535287964164,4.917736440676324,0.13083028281424366,-0.021516331369516674,4.943911395069059,2.849505318487585,-0.15305023927698985,-0.033549167335211655,7.828882984780753,2.529843716363385,-0.07772918482810523,-0.055649247599926954
554,4.45118146897274,3.3279190445150277,-0.010251422287327533,0.061790703476565,1.1625454282091074,8.990895122213672,0.10267706333132798,0.03599678261098828,6.343521967846435,8.056532586605428,-0.029121347542822203,0.0015194034718155822,8.674220839249733,4.382792268437259,0.12526643348508773,-0.16929514524134662,7.452537525886596,3.941153520481699,0.272860564429454,-0.05819439521575243,3.92400136430494,2.483485661960639,0.07419349518839473,0.010765445414423976,2.3779658708655944,8.522523662669728,0.05298498260781048,-0.007039970352774232,7.423498665325292,5.521046953706521,0.1542449459031213,-0.17346989824398892,5.908893102576062,2.878029063737539,0.03810565275831121,0.133127288701314,1.7434450949863396,7.4975680087477015,-0.022544081608918888,0.0794015895426863,3.954977850864006,6.71560101801565,0.025069300840901677,0.009975279304065911,8.46529664789059,8.383452785673681,0.02711182314329092,0.02118475509273487,7.019371134018834,1.828704823581303,-0.14748913398488397,0.09426096516611471,1.4892462090182834,8.070260768456372,0.21282411580731608,0.1138791182220505,4.302705946107719,1.8665944927892144,0.01757454995264739,-0.08525174024358272,8.07234419789748,5.483713376943677,0.21196481550677304,0.051478166079337966,2.155112420779791,6.131563741563447,-0.054299779096239016,-0.03827638071027898,7.148076802104876,4.916660624107848,0.12822341220770203,-0.026413150588509862,4.93625888310521,2.8478278601208245,-0.14791530695269958,-0.03512895808386745,7.824996525539348,2.5270612539833888,-0.09002619524985817,-0.049148226363745696
555,4.450668897858374,3.3310085796888558,-0.007512009577256923,0.05887656142671596,1.1676792813756738,8.992694961344222,0.10573137035997922,0.030806337500786443,6.342065900469294,8.056608556779018,-0.03001217509430631,0.0004153471023023089,8.680484160923987,4.374327511175192,0.12381724154227672,-0.1675124576741722,7.466180554108068,3.9382438007209113,0.27114047608166136,-0.06261537639940054,3.9277110390643597,2.4840239342313604,0.07579141934637183,0.012395918365061317,2.380615119995985,8.52217166415209,0.057664902014582145,-0.006013858045911162,7.431210912620448,5.512373458794322,0.16359477635174877,-0.17084370660557882,5.910798385213978,2.8846854281726046,0.049130713471602375,0.12426626029827025,1.7423178909058936,7.5015380882248355,-0.017971265788344126,0.08239949958777364,3.956231315906051,6.716099781980853,0.02350771837990219,0.014039389598050324,8.466652239047754,8.384512023428318,0.027383035452889844,0.023060576407486974,7.01199667731959,1.8334178718396088,-0.1442990438501441,0.09471245745147064,1.4998874148086492,8.075954724367474,0.2145956682955239,0.11511089486559493,4.303584673605351,1.8623319057770353,0.03379750076880187,-0.0875277922193694,8.08294243867282,5.486287285247644,0.21434674190922265,0.051533996754748075,2.152397431824979,6.129649922527933,-0.05399417937695305,-0.031113091520940297,7.154487972715262,4.915339966578423,0.12500691721532667,-0.030986662665841404,4.928863117757575,2.8460714122166313,-0.1423570087970342,-0.03728920084255876,7.820495215776854,2.5246038426652015,-0.10173249085933235,-0.04178227616676426
556,4.450293297379511,3.3339524077601914,-0.0054096989942615074,0.055810253189103716,1.1729658498936728,8.99423527821926,0.10758348746629769,0.025962417404031414,6.3405652917145785,8.056629324134134,-0.030787070866644225,-0.0007062836967229884,8.6866750230011,4.365951888291484,0.12232801241451202,-0.16530212913247613,7.479737577912151,3.9351130319009413,0.2687866175064365,-0.06705588145697386,3.9315006100316783,2.4846437301496134,0.07719380748693103,0.01400202121162418,2.383498365096714,8.521870971249795,0.062035747496335496,-0.00532264929031369,7.4393906514380355,5.503831273464043,0.1721312224462617,-0.1686490481249942,5.9132549208875576,2.890898741187518,0.05945000452680486,0.11448005306937124,1.7414193276164764,7.5056580632042245,-0.013458607445625048,0.08411773814266855,3.957406701825046,6.716801751460756,0.021622902910517997,0.017998185935297218,8.468021390820399,8.385665052248692,0.027478727357315463,0.024854439100498733,7.004781725127082,1.8381534947121823,-0.13991831293805476,0.09575479116240933,1.5106171982234253,8.081710269110754,0.21445842971851564,0.11514859529818049,4.305274548643791,1.8579555161660668,0.04961332801928252,-0.08974252517178535,8.09365977576828,5.4888639850853815,0.21738413313968663,0.0521809900397931,2.149697722856131,6.1280942679518855,-0.05353586510717193,-0.024100298099194995,7.160738318576028,4.913790633445131,0.1211120021561178,-0.035081004063126864,4.921745267317723,2.8442069521745035,-0.13650775354812997,-0.039602655478000064,7.815408591233887,2.5225147288568635,-0.1120909674981263,-0.03310337720641232
557,4.450022812429798,3.336742920419647,-0.003916792259914164,0.05274748025198471,1.1783450242669877,8.995533399089462,0.10841507321628148,0.021433337981676716,6.339025938171246,8.056594009949297,-0.031443372767388664,-0.001837606210988764,8.692791423621827,4.35768678183486,0.12051671480410991,-0.1625778774225977,7.493176908787473,3.9317602378280925,0.2656564047077219,-0.07157072766268523,3.9353603004060247,2.4853438312101948,0.07835697536591643,0.01560866348022226,2.386600152471531,8.52160483878528,0.06605977143153428,-0.004838864698534577,7.447997212560349,5.495398821057794,0.17986527379304057,-0.1668716519601597,5.916227421113898,2.8966227438409864,0.06904114736003773,0.10387642476179029,1.7407463972441952,7.509863950111358,-0.00910204919722436,0.08454664771823521,3.9584878469705718,6.717701660757521,0.019473383958744355,0.021833149152674883,8.469395327188264,8.386907774203717,0.027418129177617472,0.02656954245107847,6.997785809480179,1.8429412342703027,-0.1343793453137481,0.09732444688627913,1.521340119709351,8.087467698875663,0.2123643229698155,0.11403042603890053,4.307755215044755,1.8534683899074775,0.06491810057511062,-0.09182906715974093,8.104528982425265,5.491473034587371,0.22123178991122727,0.05343517802977309,2.1470209296007727,6.126889253046926,-0.05293069914876739,-0.01727747585621976,7.166793918683834,4.912036583241974,0.11659359271023595,-0.03878208109223587,4.914919879640316,2.8422268194006035,-0.13051308978806395,-0.0421740819962615,7.809804042858981,2.5208595599965427,-0.12064267536193399,-0.023070198131886488
558,4.449826972816802,3.339380294432246,-0.003049966753823046,0.049751642585890404,1.183765777927802,8.996605065988545,0.10863263426753099,0.017096069286441463,6.3374537695328765,8.056502129638748,-0.031984654840051974,-0.0029782404608845753,8.698817259362032,4.34955788796373,0.11841726747923789,-0.15883876294436722,7.506459729022859,3.928181701444958,0.26174723594277305,-0.07614307074392111,3.9392781491743207,2.486124264384206,0.07923353729073161,0.017189223501324687,2.3899031410431077,8.521362895550352,0.06967770892187833,-0.004597820045886308,7.4569904762500006,5.487055238459786,0.1880844071105111,-0.14940107907130853,5.9196794784819,2.9018165650790757,0.07787966234369176,0.09255969244458105,1.740291294784334,7.51409128249727,-0.0049610995754277515,0.08362390048249002,3.959461516168509,6.7187933182151545,0.01710278020362789,0.025594292017498223,8.470766233647145,8.388236251326271,0.027221687542128007,0.028210519975299414,6.991066842214492,1.8478074566146165,-0.12766417352958556,0.09939432043532326,1.5319583358578417,8.093169220177609,0.2085461220686648,0.11168088898668638,4.31100112007351,1.8488769365494906,0.07968413654913635,-0.09354595529690266,8.115590571920826,5.49414479348886,0.22602247262938505,0.05528006714158997,2.1443743946433345,6.126025379254115,-0.05223185834436933,-0.01065188836303853,7.172623598319346,4.910097479187362,0.11154771196041428,-0.04213668079161388,4.908394225150913,2.8401181153007906,-0.12436290707896608,-0.045009469174026866,7.803771909090885,2.5197060500899484,-0.13780329664737254,-0.016950485317197804
559,4.449674474479111,3.3418678765615404,-0.0025622208280389348,0.04673322370012294,1.1891974096411784,8.997459869452866,0.10827501347693021,0.012898950482582706,6.335854536790874,8.056353217615703,-0.03242932597917303,-0.004121318501216178,8.704738122735995,4.341615949816512,0.11606121917837559,-0.15399378486516743,7.519547090819998,3.924374547907762,0.25729855201034946,-0.08052673271441729,3.9432398260388575,2.486983725559272,0.0800202154112255,0.01877718716436628,2.3933870264892017,8.521133004548057,0.07282815526232003,-0.0046350277506222275,7.466394696605526,5.47958518450622,0.195819032897054,-0.13342617298438683,5.9235734615990845,2.906444549701305,0.0860383744327535,0.08063682559348967,1.7400432398055627,7.5182724775213945,-0.0010993515208041474,0.08134288567496772,3.96031665517869,6.720073032816029,0.014568314339327162,0.02926866691080591,8.472127318024253,8.389646777325035,0.026911743761825004,0.02978299611645418,6.984683633538013,1.8527771726363826,-0.12010147659583922,0.10177057005415155,1.542385641961275,8.098753264626943,0.2031693491136048,0.10825212620804658,4.314985326900967,1.8441996387846455,0.09378788296332093,-0.09476501659333586,8.126891695552295,5.49690879684594,0.23233723009570126,0.05813268117928252,2.141762801726116,6.125492784835963,-0.05145441465973179,-0.004253132306014528,7.178200983917367,4.907990645147781,0.10602569142673336,-0.04519895863765222,4.902176079796965,2.8378676418420894,-0.11785083886693376,-0.04777836811560335,7.796881744258516,2.5188585258240885,-0.15451374640256435,-0.010492769090620045
560,4.449546363437709,3.3442045377465464,-0.0022635825587337057,0.043617680535810104,1.194611160315025,8.998104816976996,0.10712105377050454,0.008804330806111949,6.334233070491916,8.056147151690642,-0.032784893389761295,-0.005260294251871114,8.710541183694913,4.333916260573253,0.11348018644028603,-0.14821561337056427,7.532412018420516,3.9203482112720414,0.25226872204630774,-0.08472292876386912,3.947240836809419,2.4879225849174906,0.08074854654494876,0.020204638033598694,2.397028434252318,8.520901253160526,0.07544839444562673,-0.004982301803532734,7.476185648250379,5.472913875857001,0.20311905439644937,-0.11877667601182595,5.927875380320722,2.910476390980979,0.09351175082607167,0.06808389368869688,1.7399882722295226,7.522339621805143,0.0023601195708239276,0.07751559953583713,3.9610450708956564,6.721536466161569,0.011887248616027182,0.03285471219090482,8.473472905212343,8.391135927130858,0.026519968392180838,0.031296863662327104,6.978678559708221,1.8578657011390902,-0.11182154505058166,0.10432306017676785,1.5525441094169552,8.104165870937345,0.1963434982096169,0.10386799932132115,4.319674721049132,1.8394613879549788,0.10719881180872651,-0.09566511182889223,8.138508557057081,5.499815430904904,0.23993931973917965,0.06185080811702952,2.1391900809931297,6.125280128220662,-0.05061169792860071,0.0018809847161421877,7.183502268488703,4.9057306972158985,0.10005941661391579,-0.048060086081263845,4.896283537853619,2.8354787234363092,-0.1110314699680652,-0.050484736569404026,7.7891560569383875,2.5183338873695575,-0.17061861147672205,-0.003795782683578495
561,4.449433184309773,3.346385421773337,-0.0022940274936978857,0.04041571715583097,1.1999672130035501,8.998545033517301,0.10522821998628194,0.004804172570681231,6.3325938258224275,8.055884136978047,-0.033047997605025616,-0.00638965428320766,8.716215193016927,4.326505479904725,0.11038969417684971,-0.14181385174932748,7.545025454522831,3.916112064833848,0.2466512543597738,-0.08874438113117487,3.9512782641366666,2.4889328168191707,0.081377698529998,0.02126922066831592,2.4008008539745993,8.52065213807035,0.07746735687360048,-0.005674796995002522,7.486341600970201,5.46697504205641,0.1928159087494004,-0.08878333861901895,5.932550967862025,2.913880585665414,0.09745929753167527,0.059051977278965974,1.7401062782080639,7.5262154017819345,0.004733760182591697,0.07311897802545066,3.9616394333264577,6.7231792017711145,0.009278625632929152,0.036311480956950394,8.474798903631953,8.392700770313974,0.026072225378679672,0.032760778790587954,6.973087482455692,1.8630818541479286,-0.10313715426727173,0.1067812024796982,1.5623612843274362,8.109359270903411,0.188212293664119,0.09859381117532601,4.3250346616395685,1.8346781323635342,0.11986942712416382,-0.09628389395616829,8.15050552304404,5.502907971310755,0.2440085165445376,0.06666870259070143,2.1366594960966996,6.125374177456469,-0.04972747308164159,0.0077017660811791525,7.188505239319399,4.9033276929118355,0.09372419538293206,-0.05075086978310091,4.890731964355216,2.832954486607839,-0.10391927239011187,-0.05318810281175317,7.780625126364551,2.5181440982353784,-0.178583349190059,0.012900092245849605
562,4.449318482935088,3.3484062076311285,-0.0027261302484099907,0.03711626069356691,1.2052286240028642,8.998785242145836,0.10261948375435884,0.0009058622818943428,6.330941425942176,8.055564654263886,-0.03321377488595232,-0.007505527273547655,8.72173467772577,4.319414787317259,0.10626247150474488,-0.1351835092956093,7.557358017240819,3.911674845777289,0.24069032459347647,-0.09253706751907141,3.9553471490631664,2.4899962778525864,0.08185933497969264,0.022136232532054215,2.4046742218182793,8.520368398220599,0.0788451789598155,-0.006730847783613696,7.495982396407671,5.462535875125458,0.18425357784777763,-0.06417602295949594,5.937423932738609,2.9168331845293625,0.10132477460188764,0.049251074524897596,1.7403429662171934,7.529871350683207,0.005929320950838347,0.06833629574073787,3.962103364608104,6.724994775818962,0.006802883754777259,0.039650412830391134,8.476102514900887,8.394338809253503,0.0255719371455187,0.03415845602216797,6.967930624742328,1.8684209142719135,-0.09426902769609329,0.1086219378928323,1.5717718990106422,8.114288961462178,0.1790548580681298,0.09253820017586102,4.331028132995777,1.8298639376657257,0.12996451530804368,-0.09626255425206033,8.162705948871269,5.50624140644029,0.24733878115756994,0.07162771962904677,2.1341731224426175,6.125759265760528,-0.04881767597942868,0.013248376511062157,7.193191449088546,4.90079014942268,0.08721596571002327,-0.05342543804132682,4.88553600073571,2.830295081467251,-0.09650904711793322,-0.05598286756145896,7.771695958905048,2.5187891028476708,-0.1855796544769433,0.028657350482257836
563,4.449182176422668,3.3502620206658067,-0.003471586541635279,0.03365990692486059,1.2103595981905821,8.99883053525993,0.09931791803272778,-0.002881076728129728,6.3292807371978785,8.05518937790021,-0.033287245061218586,-0.008600571420770888,8.727047801301007,4.312655611852478,0.10106057112687528,-0.1283466233366993,7.569392533470493,3.9070479924013357,0.2339397618064205,-0.09618480770433219,3.9594401158121513,2.4911030894791892,0.08207729538206214,0.02290043127299848,2.40861648076627,8.520031855831418,0.07955404023632288,-0.008163608867902055,7.50519507530006,5.459327073977484,0.176953116019069,-0.04490387137010232,5.9424901714687035,2.9192957382556073,0.10526729961616892,0.03857437241293814,1.7406394322647354,7.5332881654702435,0.006020792846413871,0.06308045241428847,3.9624435087958427,6.726977296460481,0.004583754773544616,0.04290697853533288,8.477381111758163,8.39604673205461,0.025022085042523783,0.035486366762096454,6.963217173357523,1.873852011166555,-0.08535521714492675,0.10973470715756013,1.5807246419140486,8.118915871470971,0.16915632812132575,0.08580580562959066,4.337526358761179,1.8250508099531226,0.1378847507034752,-0.0958815973815566,8.175072887929147,5.509822792421742,0.2500441283230353,0.0766932274433349,2.131732238643646,6.126421684586081,-0.04788098153620282,0.018462144918764602,7.1975522473740465,4.898118877520614,0.08059947612080895,-0.05610105012589437,4.880710548379813,2.827495938089178,-0.08881084349463839,-0.05885934804397763,7.762416976181201,2.5202219703717836,-0.19160469946950942,0.04341344440153503
564,4.449008597095586,3.3519450160120496,-0.004698946387869601,0.0301633140604664,1.2153254940922185,8.998686481423524,0.09537478728624398,-0.0065634691912177644,6.327616374944817,8.05475934932917,-0.03326932231706366,-0.009668862023186689,8.73210082985735,4.306238280685643,0.09483501834445893,-0.1213213121944931,7.5810895215608145,3.9022387520161192,0.22617545663206978,-0.09963159157479079,3.9635439805812545,2.492248111042839,0.08197436225835437,0.023631992373108892,2.4125941827780863,8.519623675388022,0.07971377584144354,-0.009945429560024038,7.514042731101013,5.457081880408978,0.17024095203429346,-0.02894350285604135,5.947753536449512,2.921224456876254,0.1091060425130834,0.02728744092800047,1.740940471907056,7.536442188090958,0.005347715963455459,0.05754918496502871,3.96267269653452,6.729122645387247,0.0027173817263119885,0.0460773857262518,8.47863221601029,8.397821050392716,0.02458392198555414,0.03673975903006869,6.958949412500277,1.8793387465244331,-0.07658291696115371,0.11017905284600749,1.5891824583201148,8.123206161752451,0.15861478922714928,0.0788867174149548,4.344420596296353,1.8202567300840449,0.14518677491893503,-0.09532729080925342,8.187575094345299,5.513657453793909,0.2522170987222958,0.08183883495950445,2.129338189566836,6.127344791832019,-0.04692118209748784,0.023334069512809287,7.201582221180087,4.895313825014319,0.07390688928160988,-0.0587897614487384,4.876270006205082,2.8245529706869794,-0.08097467150996585,-0.062012240782558334,7.752836741207726,2.5223926425918606,-0.19668597867280513,0.057096969129356384
565,4.448773649776193,3.353453181715073,-0.006378163085681681,0.026644572110073678,1.2200942334565306,8.998358307963963,0.09084594106706197,-0.010138522629762038,6.325952908828964,8.05427590622801,-0.03318137491863951,-0.010689449538272625,8.736842580774573,4.300172215075919,0.08763372523361146,-0.11412769541683464,7.592398294392418,3.8972571724373797,0.21741192280142707,-0.10290539159024031,3.967642698694172,2.4934297106614944,0.08155137603406067,0.024337590807542234,2.4165798715701587,8.51912640391002,0.07990670229300738,-0.011914081011194483,7.5225547787027285,5.455634705266176,0.16392632420807962,-0.015488502336288845,5.953208838575166,2.9225888289226543,0.112359411173891,0.01559741515137579,1.7412078577052288,7.53931964733921,0.004224236954780837,0.05190457183314795,3.9628085656208354,6.73142651467356,0.0012265052751773066,0.04916063621161242,8.479861412109567,8.399658038344219,0.024286918373631877,0.03791534712004142,6.955120266652219,1.8848476991667336,-0.06794166652961608,0.10976292651096775,1.5971131977814723,8.127150497623198,0.14753294614901283,0.07190212667594303,4.351679935042299,1.8154903655435821,0.15247919533600543,-0.09435265903408285,8.200185949281414,5.517749395541885,0.2539977543298769,0.08702479891800627,2.1269921304619617,6.12851149530766,-0.045941251562529005,0.02785894755276538,7.205277565644168,4.892374336941882,0.06717978539262139,-0.06152949509256822,4.8722212726295835,2.8214523586478517,-0.07305112656663318,-0.06548434247094334,7.7430024422740855,2.5252474910483285,-0.20107368183821708,0.06972024196556473
566,4.448454741621909,3.3547854103205763,-0.008187276185852771,0.022809991107480637,1.2246365305098836,8.997851381832476,0.08581282465191896,-0.01360819803657566,6.324293840083032,8.053741433751096,-0.03304347733777747,-0.011643337965738779,8.741224267036253,4.294465830305077,0.07951479477458893,-0.10677240849080352,7.603268890532489,3.8921119028578675,0.2075217792281429,-0.10608972652399809,3.971720267495875,2.4946465902018717,0.08079890129391308,0.02497191996821764,2.420575206684809,8.518530699859461,0.08008435803457976,-0.014082294773537413,7.530751094913133,5.4548602801493615,0.15770065594166402,-0.003742331964517986,5.9588268091338605,2.923368699680223,0.1149262028722276,0.003860251041430493,1.7414190695529679,7.541914875930867,0.0030823978528702455,0.04624480273021693,3.962869890884594,6.73388454648414,5.414337973529766e-05,0.05217160786954423,8.481075758028249,8.401553805700221,0.02410758289866392,0.039009352842593964,6.951723183325739,1.8903358454922818,-0.05938380448623535,0.10848885459775522,1.604489845088923,8.130745603956996,0.13604883728375175,0.06485341027984967,4.359303894809099,1.8107727325918779,0.15940932307591174,-0.09302770766476746,8.212885836997907,5.522100635487785,0.2554235179220009,0.09233544387244924,2.1246950678838354,6.129904442685299,-0.044941517011814515,0.03203377645465232,7.208636554913799,4.889297862187253,0.060403665624001845,-0.06426759594166023,4.868568716301252,2.8181781415243043,-0.06491744395802874,-0.06918498140591324,7.732948758182174,2.5287335031466065,-0.2047486173877147,0.08128729963472747
567,4.448045377812616,3.35592590987595,-0.010093675987226252,0.018673870206968896,1.2289271717424797,8.997170971930647,0.08028961351545866,-0.01694856563689743,6.3226416662161435,8.05315926685281,-0.03284817191582903,-0.012506903004628426,8.745200006774983,4.289127209880537,0.07862341289990842,-0.09795754463019637,7.6136449794938965,3.8868074165316675,0.19619870572178763,-0.10932155034089358,3.9757602125605707,2.4958951862002827,0.07967669298175926,0.025470285346224933,2.424579424586538,8.517826585120785,0.08021389494642497,-0.016455709446448582,7.538636127710216,5.454673163551136,0.15160950045734528,0.006551381992553319,5.964573119277472,2.9235617122322948,0.1169635876057853,-0.007136361119967441,1.7415731894456115,7.544227116067377,0.0019227906063521104,0.04057623747183318,3.962872598053581,6.736493126877617,-0.0009136129065281682,0.05512694231686851,8.482281137173182,8.403504273342351,0.024036648901032846,0.03993930274086672,6.948753993101427,1.8957602882221696,-0.047040159390410154,0.10713588103602126,1.6112922869531106,8.133988274470989,0.1242498072778199,0.05774262458691945,4.367274360962895,1.8061213472086395,0.1654770472293112,-0.09159792066598889,8.225657012894008,5.526717407681407,0.25651244523568634,0.0978794249924396,2.1224479920332446,6.131506131508032,-0.043922770442061825,0.035858873613203536,7.211656738194999,4.88608448239017,0.053600395939687115,-0.0670050273560856,4.865322844103351,2.8147188924540085,-0.05699920978854556,-0.07308873173612297,7.722711327312789,2.532797868128343,-0.2075630049178031,0.09174947494438553
568,4.447540694013255,3.3568596033862987,-0.01211547038088489,0.014280602947967163,1.2329416524182526,8.996323543648803,0.07435689909788187,-0.020161544700289115,6.320999257620352,8.052533921702578,-0.032587673913657515,-0.013281476772186166,8.749131177419978,4.284229332649026,0.07723473718040882,-0.09007534668388634,7.623454914779986,3.881341339014623,0.18349103419869345,-0.11263059309268267,3.9797440472096586,2.497168700467594,0.07816736740295048,0.02582430352499339,2.428590119333859,8.517003799648462,0.08026726755306007,-0.019040312316495674,7.546216602733083,5.455000732650763,0.14555861685126903,0.015584168630097952,5.970421298657762,2.9232048941762963,0.11851372672004598,-0.017314109770279865,1.741669328975929,7.546255927940969,0.0007471705720150665,0.03490406017197604,3.9628269174082544,6.7392494739934605,-0.0016816504194266135,0.058009886923113076,8.483482969618233,8.405501238479395,0.024074390562104624,0.040690879825750766,6.9464019851319065,1.9011170822739707,-0.035039533064802855,0.10505283039013341,1.6175047773170015,8.136875405700335,0.11223756549706199,0.05056510851393094,4.375548213324361,1.80154145117534,0.17061517957796785,-0.09006084009120818,8.238482635155792,5.5316113789310295,0.2558851581309605,0.10307738662087663,2.1202518535111414,6.133299075188692,-0.0428828146770529,0.03932986553760864,7.214336757991983,4.882734231022366,0.046839150510171276,-0.06974984304094059,4.862472883613924,2.811064455867202,-0.049243881073697995,-0.0771783945413226,7.712333177066899,2.537385341875562,-0.209672823078337,0.10117384025624657
569,4.44693492049421,3.357573633533697,-0.014232644127113107,0.009666279942886939,1.2366594973731466,8.995315466413789,0.0628302965912443,-0.015408704226041181,6.3193698739246695,8.05186984786397,-0.032218223836243,-0.014025239408743388,8.752992914278998,4.279725565314832,0.07583671806031167,-0.08337688953223496,7.63262946648992,3.875709809359989,0.16955491392701072,-0.11603260977709562,3.9836524155798063,2.498459915643844,0.07621417497519607,0.02594512264053899,2.432603482711512,8.516051784032637,0.08018184478387119,-0.021788550798076886,7.5534945335756465,5.455779941082268,0.1393797903850663,0.02328983848020896,5.976346984993764,2.9223391886877823,0.11949536716325182,-0.02679101806662653,1.7417066875045297,7.548001130949568,-0.0004209929212605759,0.029219829322829197,3.9627428348872833,6.742149968339616,-0.0022375304146534736,0.06081366538522503,8.484686689146338,8.407535782470683,0.02417888681762163,0.04125701419475156,6.944650008478666,1.9063697237934774,-0.0247032174329364,0.10201136313328937,1.6231166555918546,8.139403661126032,0.10012729791750648,0.043309525257447856,4.38407897230326,1.7970384091707796,0.17480760600616665,-0.08841927844146844,8.25127689306234,5.536765248262073,0.2520637773220111,0.10714642808162912,2.118107712777289,6.135265568465572,-0.04212074656932871,0.03856639164502419,7.216678715517491,4.879246738870319,0.04062031591627918,-0.07378030055248481,4.860010689560239,2.807205536140136,-0.041739505794748256,-0.08124613550323188,7.701849535912983,2.5424440338883745,-0.21112005812615425,0.10943027937582397
570,4.446223288287855,3.3580569475308413,-0.01617615378032375,0.004727668927209486,1.2398010122027088,8.994545031202486,0.05168027026983316,-0.011271526088142737,6.317758962732857,8.051168585893532,-0.03178537080806479,-0.014729871596005566,8.756784750182014,4.27555672083822,0.07435587605112493,-0.0777711304331091,7.641107212186271,3.869908178871134,0.15453839390366478,-0.11946476927542955,3.987463124328566,2.4997571717758706,0.07381122973982449,0.0258068370124847,2.4366125749507055,8.514962356492733,0.07972590464159729,-0.024683237891871233,7.5604635230949,5.456944433006278,0.13323544967621448,0.02913506818041667,5.982321753351927,2.920999637784451,0.11987351951880354,-0.03553357776783083,1.7416856378584666,7.54946212241571,-0.0015717086448943421,0.023513479190006206,3.9626309583665504,6.745190651608877,-0.0025318853451735315,0.06350380759207269,8.48589563348722,8.409598633180421,0.02428896281294767,0.04163566585561859,6.943414847607019,1.9114702919501418,-0.014682490513762206,0.09861425414631561,1.62812302048773,8.141569137388904,0.08810646710743644,0.03594939545402874,4.392819352603568,1.7926174452487063,0.17807328302612038,-0.08669719687710162,8.26388008192844,5.542122569666154,0.24531004207773693,0.11026681896620735,2.1160016754488224,6.137193888047823,-0.04122697156816046,0.037890092525656,7.2187097313133055,4.875557723842695,0.034228348083237034,-0.07690556057774765,4.857923714270502,2.8031432293649745,-0.03466901507686038,-0.08512757469731509,7.691293533006675,2.5479155478571656,-0.21203205575734646,0.1163004217462864
571,4.4454144805988385,3.358293330977202,-0.01796796961258102,-0.00048485672364939354,1.2423850257162004,8.99398145489808,0.04096695674987848,-0.007729546521926268,6.316169694192454,8.05043209231373,-0.03127854729813322,-0.015384523798507459,8.76050254398457,4.271668164316565,0.07271295560174881,-0.07311293170395165,7.648834131881454,3.8639349404073626,0.13870614110320015,-0.12326750314379008,3.9911536858155574,2.501047513626495,0.07096332093004341,0.025400425489485293,2.4405988701827854,8.513728194598139,0.0788669178913522,-0.02769178475834777,7.567125295578711,5.458401186415299,0.1271606333151448,0.03316623796746596,5.9883154293278675,2.9192229588960594,0.1197212844131698,-0.04340929072878931,1.741607052426222,7.55063779637521,-0.002705090592769365,0.01779195520473952,3.9625043640992916,6.74836584198848,-0.0028166714950329597,0.06599903366980811,8.487110081627867,8.411680416473201,0.024345338748621385,0.041829797194121804,6.942680723081331,1.9164010046574576,-0.004993205652674406,0.09484368331680493,1.6325283438431017,8.143366607161605,0.0763689192925904,0.02857937724004139,4.4017230167548735,1.7882825854048512,0.1804084719364855,-0.08491275171796436,8.276145584032326,5.547635910614464,0.23624540197296628,0.11268878236734614,2.113940326870414,6.139088392674106,-0.04019250762610952,0.03730377630333103,7.220421148717468,4.871712445813808,0.027726546771267277,-0.07915150736504538,4.856190263516659,2.7988868506301086,-0.02795812216113467,-0.08878280010837257,7.680691930218808,2.55373056894448,-0.21292895180672677,0.12184956015816593
572,4.444516082118209,3.3582690881410193,-0.019608783037764317,-0.005927393718464267,1.2444333735536943,8.993594977571984,0.03112507207723672,-0.004652402532422884,6.3146057668275475,8.049662866123805,-0.030693426754295677,-0.01597138614839018,8.764138191764658,4.268012517731367,0.0706909756886333,-0.06895035304668218,7.655769438936614,3.857771565250173,0.1225457259902279,-0.12752489490950378,3.9947018518620596,2.502317534900969,0.0676494051260149,0.024707031571731,2.444542216077353,8.512343605360222,0.0775863728205848,-0.030784859951812526,7.573483327244468,5.460059498313672,0.12135781977027538,0.03628669069186315,5.994301493548526,2.91705249435962,0.11908280951661962,-0.050323737231713274,1.7414717978965835,7.551527394135447,-0.0038150382294928837,0.012067060576810784,3.96236353052454,6.751665793671971,-0.00315888001461094,0.06830328870085736,8.488327348565297,8.413771906332908,0.024256448479222696,0.04185195646209543,6.942431062798697,1.9211431888232977,0.00435908348755005,0.09074337810228066,1.6363467898077313,8.144795576023608,0.06503014443268516,0.021190941190818442,4.410743440351697,1.784036947818953,0.18110259521951408,-0.08287062003324384,8.287957854130974,5.5532703497328315,0.22569990086002836,0.11477205168777452,2.1119307014891087,6.140953581489272,-0.03901569326370279,0.036812172606612216,7.221807476056031,4.867754870445555,0.021172358937004428,-0.08055185656109197,4.854792357408602,2.79444771062469,-0.021652576592668484,-0.09227384378033816,7.670045482628471,2.559823046952388,-0.2137685413429168,0.12632518240979576
573,4.443535642966321,3.357972718455096,-0.021066777096492535,-0.01155717870484103,1.2459896271575561,8.993362357445363,0.022082955077610558,-0.0020069228309634764,6.313071095489833,8.048864296816385,-0.03003986331444964,-0.01647605220301152,8.76767274054909,4.264565000079033,0.06821867448860107,-0.06524505079331666,7.661896725236126,3.8513953205046976,0.10629787980406685,-0.13211301385009558,3.9980843221183604,2.5035528864795555,0.063892623831073,0.02373943202705684,2.448421534718382,8.51080436236263,0.07592177714213612,-0.03394431106396367,7.579551218232982,5.461873832848266,0.1156864657595742,0.03875552159771785,6.000255634024357,2.914536307498034,0.11798004870993989,-0.0562533529528198,1.741281045985109,7.552130747164288,-0.004865868489412051,0.00635476190043921,3.9622055865238095,6.755080958107014,-0.003573565547061616,0.07040648236391803,8.489540170989258,8.415864504156012,0.024001710893439693,0.04170379918727924,6.942649016973075,1.9256803577284118,0.013377234949628145,0.08664164572904305,1.6395982970293657,8.145855123083148,0.054115182438990855,0.013776523476937903,4.419798570112673,1.7798934168172909,0.17993779119302958,-0.08067568513611907,8.299242849173975,5.55900895231722,0.21393784957571516,0.11655043952488647,2.1099799168259237,6.142794190119603,-0.0376975324466757,0.03641797444785632,7.222866094002882,4.8637272776175005,0.014589551932552677,-0.0811147880186264,4.853709728578969,2.7898340184356734,-0.0157785995722856,-0.09569807511585891,7.659357055561325,2.566139306072878,-0.21303793629199538,0.1301914805339899
574,4.442482304111496,3.357394859519854,-0.02226065701375652,-0.01736479563902129,1.2470937749114366,8.993262011303814,0.013796247974358147,0.0002303380694743556,6.3115691023241105,8.048040494206234,-0.029324949931323382,-0.01689911055823863,8.77108367427352,4.261302747539367,0.06522673999541698,-0.06199335180762082,7.667211619226329,3.844789669812193,0.0857964733132641,-0.13839897854769498,4.001278953309914,2.5047398580809084,0.05972003755394573,0.02250487575815621,2.452217623575489,8.509107146809432,0.07391640680834534,-0.03715383901842286,7.585335541520961,5.463811608928151,0.10961748618334415,0.04105871417597398,6.006154636459853,2.911723639850393,0.12209339318556683,-0.06511148904047583,1.7410377525606384,7.55244848525931,-0.005836568500069361,0.000682600991859383,3.9620269082464565,6.75860128222521,-0.00407363249797886,0.07229880671469231,8.49074025653393,8.417949694115377,0.023571438746380253,0.04139044315747817,6.943317878720556,1.930012440014864,0.022206815197030334,0.08260093435595231,1.6423040561513151,8.146543949256994,0.04364139614453056,0.006333313739398611,4.428795459672324,1.775859632560485,0.17755262080778808,-0.0794464767077064,8.30993974165276,5.564836474293465,0.20136501418991576,0.11801194364526615,2.10809504020359,6.144615088841996,-0.036239227698736595,0.0361230980931098,7.2235955715995095,4.859671538216569,0.008006128020027498,-0.08087222270247829,4.852920798600355,2.7850491146798806,-0.014146051821216532,-0.09384555772709786,7.648705158746726,2.5726488800995773,-0.211147040031257,0.1332819811793294
575,4.441369271260808,3.356526619737903,-0.023396178023320918,-0.023098097502095592,1.2477835873101546,8.993273528207288,0.006258799568138664,0.0020776311111208364,6.310102854827544,8.047195538678322,-0.02855208555978522,-0.017245201458950345,8.77434501127329,4.258203079948986,0.0619704298453897,-0.058995355335798555,7.671501442891992,3.8378697208848083,0.06532790898173257,-0.14452323994183808,4.004264955187611,2.505865101868816,0.04554624525133724,0.02462881332771483,2.4559134439159065,8.507249454858512,0.07166735033497097,-0.040394620668370025,7.590816415830128,5.46586454463695,0.1176788504764426,0.03896159236357078,6.012259306119131,2.908468065398369,0.13025997159762281,-0.07288392726860617,1.740745924135635,7.552482615308903,-0.00673371488895772,-0.00492037233518129,3.9618232266215574,6.762216222560944,-0.004670564447236711,0.07397442720351477,8.491918828471249,8.42001921627325,0.022961273820924204,0.040918319748788075,6.9444282194804074,1.9341424867326615,0.02262768173114422,0.07239063784430222,1.6444861259585417,8.146860614943964,0.03362318007101753,-0.0011497208415473577,4.437673090712714,1.7718873087250997,0.17340897780110567,-0.078438096782664,8.320007992362257,5.570737071475728,0.1882157765571643,0.11920793030732618,2.106283078818653,6.146421243746651,-0.034642084734135076,0.03592761173846818,7.223995878000511,4.855627927081445,0.0012806721994670428,-0.07983522658747924,4.852213496009294,2.780356836793526,-0.012588718426331469,-0.0920047701598996,7.638147806745163,2.579312979158544,-0.20787419033736262,0.13572217503360176
576,4.440199462359642,3.355371714862798,-0.024529338688952212,-0.02877612052748908,1.2480965272885616,8.993377409762845,-0.0005247022357363056,0.0035454481084402963,6.308675250549555,8.046333278605374,-0.02775029952448592,-0.01748843262417317,8.77744353276556,4.255253312182196,0.05879074444645343,-0.055911256974366004,7.6747678383410785,3.8306435588877163,0.044712767888001645,-0.15017627968037395,4.006542267450178,2.507096542535202,0.031245867584387015,0.02661062958227101,2.459496811432655,8.505229723825092,0.06928342792197945,-0.04363330721505334,7.59670035835395,5.467812624255128,0.12479696381538989,0.03638364286199674,6.018772304699012,2.9048238690349386,0.13782930401844878,-0.07943857480369185,1.740409238391187,7.552236596692143,-0.007549269224671106,-0.010443369639978464,3.9615896983991954,6.76591494392112,-0.005374225963545495,0.07543293470037837,8.493066892162295,8.42206513226069,0.022170701281952303,0.040294659726395204,6.945559603566965,1.9377620186248767,0.023243261924842624,0.06245223015496926,1.6461672849620925,8.146803128901887,0.023908762911460185,-0.008586934351822246,4.446343539602769,1.7679654038859665,0.16765629027237625,-0.07766470514285022,8.329418781190116,5.576697467991094,0.1752394028250743,0.12028139906325684,2.104550974581946,6.148217624333575,-0.03290790249555628,0.03583156754381641,7.224059911610484,4.851636165752071,-0.0055338985254971,-0.07800408491445077,4.851584060087977,2.775756598285531,-0.011563958492978999,-0.09004995816218793,7.627754097228295,2.586099087910224,-0.20310979364007983,0.13764267449996137
577,4.438972995425194,3.353932908836424,-0.025787412808639294,-0.03434276482353915,1.2480702921767748,8.993554682168266,-0.006531916498817856,0.004598293098485129,6.307287735573331,8.045458856974165,-0.026920358862697932,-0.017637251510546362,8.780383069987883,4.252457749333478,0.05582577956491409,-0.052651855578449064,7.677003476735479,3.823134744903698,0.02400988875716134,-0.15536627999091415,4.0081045608293975,2.5084270740143153,0.016942149077097127,0.02839620350436869,2.4629609828287538,8.503048058464339,0.0668546500335622,-0.04682291827746083,7.602940206544719,5.469631806398228,0.13079259540587546,0.033002377534662335,6.025663769899935,2.900851940294754,0.1445528107671251,-0.08508122396252726,1.7400317749299536,7.551714428210144,-0.008288576553729754,-0.01587894630239969,3.961320987101018,6.769686590656139,-0.00619332007010048,0.0766677280840065,8.494175427226393,8.424079865247009,0.021208542616891306,0.03952908998548885,6.946721766663207,1.9408846301326252,0.023731054416755465,0.05219993025014595,1.6473627231076655,8.146373782184295,0.014500946084162974,-0.01598361074318539,4.454726354116388,1.764082168628824,0.16042235169758529,-0.07698267624760621,8.33818075133137,5.582711537944257,0.1624261074010898,0.1212938576223825,2.1029055794571683,6.150009202710765,-0.03103697714357893,0.03583227510013537,7.223783216684209,4.8477359615063484,-0.012412284963390013,-0.07531001140875113,4.851005862163328,2.7712541003774214,-0.011423078817233034,-0.08810367558914363,7.617598607546291,2.592981221635222,-0.19857512926250967,0.13905072741008068
578,4.437683624784762,3.352215770595247,-0.027197055579525713,-0.03970433039854278,1.2477436963518338,8.99378459682319,-0.011777848317899162,0.0051862427674737146,6.305941717630196,8.044576994398637,-0.026058524500548692,-0.017699621316074214,8.783174358966129,4.2498251565545555,0.05305102651589809,-0.04925966546478539,7.678203971173336,3.815366430904152,0.0028708228358547278,-0.15986892996871738,4.0089516682832524,2.5098468841895336,0.0027067613345777477,0.0299049808135778,2.4663037153304317,8.500706912550466,0.06447028654619934,-0.04991136219002654,7.609479836315013,5.471281925274961,0.1356649960920203,0.02898980812207326,6.032891410438291,2.8965978790966274,0.15077667301280398,-0.08972593192539786,1.7396173461022673,7.550920480895024,-0.008982027049330455,-0.02122051749931341,3.961011321097513,6.77351997706034,-0.007134936739397698,0.07767361206454892,8.495235854357238,8.426056319746284,0.020118947731184403,0.03863816119924088,6.9479083193840445,1.9434946266451325,0.024139773896793153,0.041497967689730686,1.6480877704118737,8.145574601647136,0.005429794171950601,-0.02336409255256306,4.462747471701267,1.7602330348164437,0.15247758601059647,-0.07616888239095562,8.346302056701424,5.588776230825376,0.14979211913986695,0.1222974397460495,2.1013537305999894,6.151800816465772,-0.02903165598362009,0.035931736381341825,7.22316260243604,4.843970460935911,-0.019256196074744842,-0.07207582203251611,4.850434708222466,2.766848916597964,-0.012148738172754237,-0.08615580399352252,7.607669851083165,2.5999337580057262,-0.19420118173152479,0.1399352116303768
579,4.436323772005786,3.3502305540753197,-0.028780821399194485,-0.04468276476751079,1.2471548039359388,8.994043908961563,-0.016282478660025055,0.005295435997055876,6.304638791405169,8.043692013332834,-0.02515930536013827,-0.017683079040812615,8.785826910291924,4.247362173281316,0.050913063787159304,-0.04569049276950627,7.6783475123151295,3.807372984405716,-0.018368778239794534,-0.1627997911214259,4.009087006349981,2.5113421332302126,-0.01139558586057072,0.031112294220790294,2.4695272296577415,8.498211344440966,0.062170725567190666,-0.05287779837496926,7.616263086119615,5.472731415681064,0.13845295976549268,0.024647213751827327,6.040430244088931,2.8921115825003576,0.1564173850206842,-0.09337739628337001,1.7391682447498007,7.549859455020059,-0.00962988222685216,-0.02644620087550646,3.960654574260543,6.777403657663567,-0.008203719918323213,0.07844635103350242,8.496241801743798,8.427988227806246,0.019070836188125054,0.037662159448563055,6.949115308078884,1.945569525029619,0.02483874722839358,0.030146103649832764,1.6483592601204713,8.144406397019507,-0.0032799866999175323,-0.030764667087694514,4.470371351001797,1.7564245906968958,0.14405626032700272,-0.07513460797304862,8.353791662658416,5.594891102812678,0.13736563699884904,0.12328697268241391,2.0999021478008086,6.153597403284839,-0.026894804508977337,0.036131913854357905,7.222199792632303,4.840366669834285,-0.026023485415240907,-0.0683881463627268,4.849827271313829,2.762541126398288,-0.013729747277602145,-0.08419896115380465,7.597959791996589,2.606930518587245,-0.19011450437397034,0.14034306586517656
580,4.434884730935827,3.347996415836944,-0.030517967851263768,-0.049232370539410014,1.2463406800029375,8.994308680761415,-0.019994648858584818,0.004884995945127713,6.303380826137162,8.042807859380792,-0.024200800459802004,-0.017584450734516893,8.788372563481282,4.245077648642841,0.04918039252632556,-0.04188928664269715,7.67742907340314,3.799232994849645,-0.039963164042540356,-0.1639898376218405,4.008517227056952,2.512897747941252,-0.025172494675477795,0.03206783984364572,2.472635765936101,8.495567454522217,0.059993276623933334,-0.055700360868353144,7.6231857341078895,5.473963776368656,0.1390133115991938,0.020077998051797,6.0482511133399655,2.8874427126861892,0.16141299744827647,-0.096082008635324,1.738686750638458,7.548537144976283,-0.01022378700521348,-0.03155599494086271,3.960244388264627,6.781325975215242,-0.009411893029404336,0.07897665928570291,8.497195343553205,8.429871335778675,0.018060712175297183,0.03660326402827998,6.950357245440304,1.9470768302121106,0.026179450708339238,0.01790373504111961,1.6481952607854755,8.142868163665122,-0.01162579776892922,-0.03820945932855259,4.477574164018146,1.7526678602982433,0.13515234563698503,-0.0738924631015455,8.36065994450836,5.601055451446799,0.125017175847726,0.1241607444579278,2.0985574075753597,6.155403998977556,-0.024629579903178617,0.036434626962606916,7.220898618361541,4.836947262516149,-0.032690072708388945,-0.0642464978764702,4.849140783949949,2.758331178340598,-0.015928610679611155,-0.08220792815852104,7.58845406677789,2.6139476718805037,-0.18642187034279378,0.1403376408486062
581,4.433358832543264,3.345534797309974,-0.03241966484616447,-0.05331600358973255,1.2453409475600083,8.994552930558672,-0.02292220437494701,0.003976350423278319,6.302170786114172,8.041928636844066,-0.02317766549807772,-0.0174148809800095,8.790831583107598,4.242983184310706,0.04767141302698551,-0.03772511207106381,7.675430915201012,3.7910335029685527,-0.06168016554028587,-0.16345782989220586,4.007258602323178,2.5145011399334343,-0.03859860035355931,0.03288059359924498,2.475635429767298,8.4927824364788,0.057974198711960336,-0.058354194533306855,7.630136399687849,5.474967676271246,0.1373865097358811,0.015046535665546503,6.056321763212379,2.882638612254423,0.16564455060048003,-0.09791824054501629,1.7381755612881973,7.54695934522924,-0.010740918765929919,-0.03654636961029535,3.9597737936131567,6.785274808179527,-0.010694090638948137,0.0792729566989999,8.49809837916197,8.431701498980088,0.017120915682839792,0.03543879239082237,6.951666217975721,1.9479720169641666,0.02796607870132687,0.005062972306706465,1.647613970897029,8.140957690698695,-0.0196050283516433,-0.04573586224903713,4.484331781299995,1.748973237143166,0.12590506945004198,-0.0726095084198808,8.366910803300746,5.6072634886696955,0.11263320671959415,0.12492503744871661,2.097325928580201,6.1572257303256865,-0.02223953572063963,0.03684130996613682,7.219264114726121,4.833734937622325,-0.03924799179341473,-0.05964998101395857,4.8483443534159685,2.754220781932672,-0.018804038208826968,-0.08018730480986773,7.579132973260751,2.620964553922934,-0.18291209144085915,0.13986725789554355
582,4.431737849300956,3.3428689971304872,-0.03450724488626171,-0.05692775113771667,1.244194837341261,8.994751748079837,-0.025127104237355646,0.002689143881531464,6.301011902839268,8.041057892795065,-0.02208465079587683,-0.017185815370844966,8.793215153758947,4.241096928707153,0.046364221699771266,-0.03332630083503991,7.672346906923998,3.7828606114739425,-0.08354077995926933,-0.1615104159484979,4.005328672305501,2.5161451696133965,-0.05155251505549794,0.03350852382877472,2.4785341397028957,8.489864726752135,0.05619980829760315,-0.0608608851919358,7.637005725174643,5.475720003054523,0.13401036519259096,0.00974384755865201,6.064603990742403,2.8777427002271723,0.16850285818560023,-0.09937770972557043,1.7376385153499008,7.545132026748726,-0.011167270417479258,-0.04140532795892721,3.9592390890812093,6.789238456014477,-0.012008221436930352,0.0793391444264978,8.498954424946112,8.433473438599629,0.016235312478470248,0.03417742148235341,6.953064521910788,1.948225165579502,0.030208073141882442,-0.008266487420103991,1.646633719479447,8.138670897586243,-0.02716796221385262,-0.05306745632877003,4.490627034772498,1.745342761722172,0.11630173895706866,-0.07138040802488678,8.372542463636725,5.613509740542131,0.09993796574516788,0.12554365147226795,2.096213951794169,6.159067795823994,-0.01972934235780756,0.037353136308108575,7.2173017151364505,4.830752438571627,-0.045690924577972074,-0.05474885386926424,4.847404151505527,2.7502114166921787,-0.022348345336421917,-0.0781432296411985,7.569987368688707,2.6279579168177114,-0.1795374429741529,0.13898585765682098
583,4.430012487056643,3.340022609573601,-0.03673416866491486,-0.060053641854627034,1.2429384821293932,8.994886205273914,-0.026669915705599245,0.0010486159998495447,6.299907670299475,8.040198602026523,-0.02091875972968325,-0.016907422447780436,8.795533364843935,4.239430613665401,0.04523218383663593,-0.02870937981250554,7.668169867926035,3.7747850906765175,-0.10584715367467003,-0.1583690362195846,4.002751046552726,2.517820595804835,-0.05538804898734933,0.029809732637792855,2.4813441301177757,8.486821682492538,0.05469858299001934,-0.06321112557895829,7.643706243434273,5.476207195432456,0.1290929026499379,0.004335376853500452,6.073029133651683,2.872773814740894,0.1690997789589872,-0.10098881600953316,1.7370801518290269,7.5430617603507795,-0.011462765286830644,-0.04610291716264253,3.9586386780093625,6.7932054132358015,-0.013343762223315889,0.07915576676708383,8.499766190570035,8.435182309673747,0.015382988782452983,0.03284159021645685,6.954574925567882,1.9478118412084968,0.03855753052503826,-0.012532305419943775,1.6452753213687543,8.136017524769805,-0.03421761067757866,-0.06012365012755047,4.496442121720351,1.7417737413209275,0.10625548187842104,-0.07012896035845034,8.377539361923983,5.619786923115744,0.08665546106739536,0.12595804880694791,2.0952274846762786,6.160935452639399,-0.0171044879123501,0.03797003073765815,7.2150171689075515,4.828014995878164,-0.05198575174119153,-0.04967937564057599,4.846286734238706,2.7463042552101187,-0.026423569661482762,-0.07608527907001912,7.56101049654,2.6349072097005526,-0.17626354014069112,0.13776058928169246
584,4.428175778623397,3.33701992748087,-0.038952652425867804,-0.06271190265457144,1.2416049863441132,8.994938636073908,-0.02739535079864448,-0.0010743637975733414,6.29886173231299,8.039353230904133,-0.019678543161570878,-0.01658847154417849,8.797794974035767,4.237995144674776,0.04431937893503605,-0.024018331473496253,7.662877510242302,3.766866638865538,-0.12791192443282204,-0.1543369604419347,3.9999816441033587,2.5193110824367246,-0.05923946755703336,0.02593835396268967,2.484079059267277,8.48366112621359,0.05347089531823875,-0.06538601506151606,7.650160888566769,5.4764239642751305,0.1230760681971896,-0.0010640488468064407,6.081484122599632,2.8677243739404172,0.16740745967013737,-0.10243423441953635,1.7365070135646854,7.540756614492647,-0.011593842978743295,-0.050681183827982,3.957971489898197,6.797163201574156,-0.014678158600521737,0.07868641124908549,8.500535340009158,8.43682438918457,0.014584244074153346,0.03142815593823691,6.956502802094134,1.9471852259374995,0.04655292290718319,-0.016656706557176555,1.6435644408348753,8.133011342263428,-0.0405343604291465,-0.06678047492494237,4.501754895814273,1.738267293303005,0.09598115358700487,-0.06877889829734915,8.381872134977353,5.626084825556092,0.07270091998024478,0.12616032622610523,2.094372260280661,6.162833954176282,-0.01442462881057779,0.038749499071006784,7.2124178813204916,4.825531027096136,-0.05814462406243959,-0.0445318428943802,4.844965555755632,2.7424999912566177,-0.03089987811158557,-0.07405741692352234,7.552197319532965,2.641795239164637,-0.1733696135649112,0.13665388646595117
585,4.426228146002104,3.3338843323481413,-0.041146036670905835,-0.06489833904693833,1.240235218804181,8.994884917884029,-0.027371576368488724,-0.0036075949144046444,6.297877805154911,8.038523807326925,-0.018386330854117724,-0.016236150980199045,8.800010942982519,4.236794228101101,0.04364680161350666,-0.019314700593974884,7.65648191402066,3.7591497908434413,-0.13885664404542045,-0.14989792352126802,3.997019670725507,2.520608000134859,-0.06304269577141648,0.021926613054662973,2.486752604033189,8.480391825460515,0.05252737428054096,-0.06736530296154668,7.656314691976629,5.47637076183279,0.11622881922572735,-0.006367480521644507,6.089854495583139,2.8626026622194405,0.1634002211479654,-0.10337943360738135,1.7359273214157482,7.538222555301248,-0.011521349947122315,-0.05520690899895196,3.9572375819681707,6.80109752213661,-0.01602145395119255,0.07793601163533252,8.501264552212865,8.438395796981482,0.013805254952835484,0.029939494637845954,6.9588304482394925,1.9463523906096407,0.05421280074388745,-0.02066799037208363,1.641537722813418,8.129672318517182,-0.04588657031009457,-0.07314846306433331,4.506553953493623,1.7348283483881375,0.08554513875593875,-0.06734020710969918,8.385507180976365,5.6323928418673965,0.05810253250046267,0.12622051549116453,2.093651028840132,6.164771429129832,-0.011643847124271791,0.039511209690560704,7.20951065011737,4.8233044349514165,-0.06416995813753286,-0.039394431389396294,4.843420561850053,2.7387971204104415,-0.022482191291555355,-0.076189655184924,7.543528838854719,2.648627933487935,-0.1708248342344192,0.1358562903577828
586,4.424170844168558,3.3306394153957943,-0.04324378526340175,-0.06677976208071222,1.2388666399857566,8.99470453813831,-0.026644653394498282,-0.006506916269330277,6.296958488612206,8.037711999777915,-0.017051298569857928,-0.01585638694764889,8.802193283063195,4.235828493071403,0.04321298671537338,-0.014617372905638512,7.649539081818389,3.751654894667378,-0.1495451322308262,-0.1441006368170854,3.993867535936936,2.521704330787592,-0.06657735588725454,0.018030897803097995,2.489378972747216,8.477023560312437,0.051825331030337825,-0.06909890051581313,7.662126132937916,5.476052387806708,0.108549793396889,-0.011618136008824264,6.098024506640537,2.8574336905390716,0.15816321810467146,-0.10350164442153326,1.7353512539183922,7.535462209851301,-0.011233723635939339,-0.059571883423194937,3.956436509270611,6.804994322718376,-0.01738400905270641,0.07691260184031647,8.501954814960506,8.439892771713374,0.012848504291700764,0.02836379798322817,6.961541088276687,1.9453189910910365,0.06193914968044522,-0.024791706428430524,1.6392433942979132,8.126014895363966,-0.050203805139162755,-0.07923959247161996,4.51083121043142,1.7314613380326525,0.07519187752356266,-0.06588658346841686,8.388412307601389,5.638703867641955,0.04304858523054614,0.1262325576157456,2.0930688364839183,6.16674698961436,-0.008777677313976686,0.04025983262023807,7.206302152210493,4.821334713381947,-0.06994643984045663,-0.03437542860907803,4.842296452285475,2.7349876376511952,-0.014612964806064556,-0.07816351384687363,7.534987597142998,2.655420748005824,-0.1686549934515384,0.13540193211346802
587,4.4220086549053885,3.3273004272917586,-0.04509351296852279,-0.06846665790568103,1.2375344073160317,8.994379192324843,-0.025333220451750214,-0.00970766892996241,6.296105923683713,8.036919180430534,-0.01567015464228377,-0.01547207806093461,8.804353932398964,4.235097624426121,0.04256361310952602,-0.00979160167815953,7.642061825206848,3.7444498628265235,-0.16001263619572717,-0.13713685703979697,3.990538668142573,2.522605875677747,-0.0698158584045971,0.014279068909078868,2.491970239298733,8.473568615286647,0.05117054234251262,-0.07055686244391253,7.66755362260776,5.475471481006267,0.10011857483237865,-0.016940544312442695,6.105932667545771,2.852258608317995,0.15210348022861384,-0.10261356622742167,1.7347895677365952,7.532483615680141,-0.01074231351461766,-0.06365688141988282,3.955567308817976,6.808839952810392,-0.018729498599363018,0.07564257335719388,8.50259724017509,8.441310961612535,0.011711498008894369,0.02670864461183449,6.964638045760709,1.944079405769615,0.06972162384063962,-0.02899963006427094,1.636733204040955,8.122052915740385,-0.053705022578933455,-0.0849036590694393,4.514590804307598,1.7281670088592316,0.06512285296072697,-0.06429604562977903,8.390564736862915,5.645015495522743,0.027694333368973874,0.1262739196361655,2.0926299526182195,6.168759981245372,-0.005845695407681864,0.041003275906284456,7.20280483021847,4.819615941951493,-0.07545670931842008,-0.029487518421833614,4.841565804045172,2.7310794619588514,-0.007355907079681347,-0.07997465108352839,7.526554847470421,2.662190844611497,-0.1666906486222175,0.1351954457216331
588,4.419753979256963,3.3238770943964746,-0.04656010201702762,-0.06982460622007956,1.2362677462934442,8.993893808878344,-0.02353397713569587,-0.01313874436881949,6.295322415951599,8.036145576527487,-0.014238430958211276,-0.015113966905715233,8.806482113054441,4.234608044342213,0.04156860446208416,-0.0048350384885337905,7.634061193397061,3.7375930199745335,-0.17047384591013987,-0.1293025931488153,3.9870478752223435,2.523319829123201,-0.07282798993166333,0.010645635701209338,2.4945287664158586,8.47004077216445,0.05056994768783332,-0.07172530077047994,7.672559551349379,5.4746244537906446,0.09113865080922726,-0.022387296845759307,6.113537841557202,2.847127930006624,0.14575129849595928,-0.10061432846652021,1.7342524520608644,7.5293007716091465,-0.010056068475512246,-0.06745466400490766,3.954630833888008,6.812622081478252,-0.01998883186717098,0.07414762972724359,8.503182815075535,8.442646393843127,0.01040689426832144,0.024983207678495847,6.968124126952741,1.9426294242664013,0.07774506467849973,-0.033265818730495424,1.6340479529120084,8.117807732786913,-0.05639301808724664,-0.09011679715802325,4.517846946955634,1.7249522065777427,0.0553378743325684,-0.06260115793953293,8.391949453531364,5.651329191504551,0.012113987678723476,0.12626058769093665,2.0923376678478354,6.170810145040686,-0.0028935939535431076,0.04177694768792868,7.199031994752549,4.818141566030401,-0.08066677106227556,-0.02478006315929184,4.841198008691188,2.727080729404675,-0.0007610197038497423,-0.0816273748205894,7.51822031503931,2.6689506168975785,-0.16459656049996885,0.13501187583723975
589,4.417425974156111,3.3203858640854707,-0.047684661732417824,-0.07092718141417016,1.2350910474366594,8.993236871659903,-0.021304821908153946,-0.0167523590323012,6.294610494403688,8.035389878182201,-0.012754571836411807,-0.01478152151053614,8.808560543277546,4.2343662924177865,0.04021794309490619,8.485294339389063e-05,7.625537501101554,3.731127890317093,-0.1811721420398434,-0.12081757468687261,3.98340647572576,2.5238521109082614,-0.07564642424460297,0.007139442018657953,2.4970572638002504,8.466454507125926,0.04981269414529087,-0.07247761816367855,7.677116483889841,5.4735050889483565,0.08193404409736278,-0.02775201401635543,6.120825406482,2.842097213583298,0.13909129155559444,-0.09760109723375787,1.733749648637089,7.525928038408901,-0.009186301480201463,-0.07095817547844414,3.9536313922946493,6.816329462964614,-0.021173486475539852,0.07243058587294739,8.503703159788952,8.443895554227051,0.009316290574001714,0.02323189115345379,6.972011380186666,1.9409661333298764,0.0860663141635156,-0.03785045750489041,1.6312283020076461,8.113301892929012,-0.05826337794015668,-0.0948652842580284,4.5206138406722625,1.721822148680766,0.04581473592867588,-0.06079317788640612,8.3925551529153,5.657642220889098,-0.003540480857653478,0.12623624416011456,2.0921929881501584,6.172898992425082,6.236913651903398e-05,0.04258219721875072,7.194998656199435,4.8169025628724365,-0.08555942019130865,-0.020252789757673837,4.841159957705996,2.7229993606636453,0.00513804640163522,-0.0831385254191154,7.509990487014311,2.6757012106894407,-0.16235909265965492,0.13467752705154878
590,4.41504174106949,3.3168395050147623,-0.04848629540334392,-0.07180541068579067,1.2340258063412517,8.992399253708287,-0.018703712835587912,-0.020518771692780748,6.293972765811867,8.034650802106674,-0.011222634863078448,-0.014471548556553488,8.810571440432291,4.234370535064956,0.03839083907776771,0.00495119705257148,7.616478893999561,3.7250870115827492,-0.1923616713395794,-0.11203213093386853,3.97962415451353,2.5242090830091946,-0.0782604444282854,0.0037876921663582627,2.499547898507515,8.462830626217741,0.04893537151619674,-0.07281204443540772,7.681213186094709,5.472117488247539,0.07282174113839748,-0.03310393854006664,6.12777997105978,2.83721715872161,0.13215593797845746,-0.09364183150993337,1.733290333563079,7.522380129634979,-0.008135584469107369,-0.07415424321399693,3.9525727179708725,6.819950992258261,-0.022275432933760334,0.07049839979839247,8.504168974317652,8.445057148784723,0.008415493400620862,0.02146745639115473,6.9763146958948425,1.939073610454632,0.09400037113101246,-0.04233964353849694,1.6283151331106382,8.10855862871611,-0.059323409667113046,-0.09913469753553522,4.5229045774686965,1.7187824897864459,0.03655343476881718,-0.05890933527658337,8.392378128872418,5.663954033097104,-0.019253768747610908,0.12619201987110149,2.0921961066069845,6.175028102286019,0.0030136309102245166,0.04341506754196168,7.19072068518987,4.815889923384553,-0.09009893564190545,-0.015932928226416208,4.841416860026078,2.7188424343926894,0.010137480232015661,-0.08458718818443951,7.501872532381328,2.682435087042018,-0.15996959348708661,0.13420335622331064
591,4.412617426299323,3.3132492344804727,-0.04893034292886901,-0.07247707405391146,1.2330906206994723,8.991373315123647,-0.015791328936495236,-0.024378823250202433,6.293411634068714,8.033927224678846,-0.009659452389895769,-0.014174472557584111,8.81249098238618,4.234618094917584,0.03610352908843456,0.00976081393120021,7.6068608104325826,3.719485405036056,-0.203841592978545,-0.10312826765285694,3.9757111322921155,2.5243984676175124,-0.0805935151385868,0.0006356528917849363,2.501994667083325,8.459190023995971,0.04791637460693599,-0.07273119918070149,7.684854273151629,5.470462291320536,0.06412957939952496,-0.03870556852742568,6.134387767958702,2.832535067146113,0.12496117753667736,-0.08879651815460672,1.7328835543396235,7.51867241747428,-0.006915187935498932,-0.07703494258777861,3.9514589463241845,6.82347591224818,-0.023305662338329005,0.06835986244362514,8.504589748987684,8.446130521604282,0.007658627288269445,0.01972084714293381,6.981014714451393,1.936956628277707,0.10125105712086918,-0.046519538462660756,1.6253489626272826,8.103601893839334,-0.05964665049860738,-0.10283861323585165,4.524732249207137,1.7158370230226168,0.02752104971756672,-0.05700466382364386,8.391415440435036,5.670263634090659,-0.0345720164235066,0.12623144883838552,2.0923467881524958,6.177198855663117,0.005954013718671401,0.044269989348565346,7.186215738407775,4.815093276973232,-0.09438788955714383,-0.011895264513318635,4.841923734037678,2.7146130749834674,0.014511147993699125,-0.08589732910337981,7.493874052706974,2.6891452548531833,-0.15742223625570806,0.13359110080463749
592,4.410170909152879,3.3096253807777773,-0.049058265299898866,-0.07289465772251595,1.2323010542526476,8.990154373961138,-0.012629423603095463,-0.028273736074237124,6.292928661449219,8.033218501050968,-0.00807098190110907,-0.01388072845825768,8.814296158840602,4.235106135614144,0.03336412867182194,0.014495100969645684,7.596668730783655,3.7143289916534132,-0.2154339200368603,-0.09416226205931866,3.9716814565351863,2.5244302502621014,-0.08263082164104824,-0.00229376582852003,2.504390485813672,8.455553464036935,0.04668373676940681,-0.0722426432371081,7.688060752121605,5.468527012894165,0.05622255388349179,-0.04412536933049098,6.140635826835536,2.828095241238383,0.11751111102981472,-0.08314606078730573,1.7325377949428487,7.514820670344891,-0.005541427160767296,-0.07959302139090066,3.950293663207268,6.826893905370362,-0.02428032307763164,0.06604440807235162,8.504972680352097,8.447116563961428,0.0070328466909403056,0.017998789047895872,6.9860772673074365,1.9346306513545741,0.1077454801228738,-0.05035231418957516,1.6223666301023523,8.098459963177541,-0.059327698966362696,-0.10587023604055298,4.526108301693015,1.7129867898314346,0.018698167542121162,-0.055106010204652486,8.38968683961386,5.676575206532578,-0.0491448901350926,0.12631362681569602,2.0926444888384292,6.1794123551305455,0.008877857355780203,0.045140950765078076,7.1814963439299175,4.814498513747566,-0.09857850623931566,-0.00828860645694027,4.842649291437363,2.710318208528298,0.018187282714143806,-0.08708490294235882,7.486002940894188,2.695824809893415,-0.15472666499704393,0.13285829350179
593,4.407717995887884,3.3059806478916514,-0.04889285533259559,-0.07301196512331251,1.2316695830724929,8.988740687157426,-0.009283924042858532,-0.0321410281058829,6.292525112354164,8.032524464628054,-0.006463137295067162,-0.013584559940005009,8.815964365274192,4.235830890662626,0.030537337415155755,0.019258747765991395,7.585897034781812,3.709620878550447,-0.2264747119060238,-0.08505313975321019,3.9675499154531337,2.5243155619706754,-0.0843523859488571,-0.004986096270889015,2.506724672652142,8.45194133187508,0.04531026656731846,-0.07136922014876615,7.69087187981578,5.46632074442764,0.04936972293704632,-0.04894838086291686,6.146511382387026,2.8239379381990175,0.10980513049049283,-0.07677577786909093,1.7322607235848102,7.510841019275346,-0.0040145971879040985,-0.0816078873033977,3.9490796470533867,6.83019612577398,-0.025210903946948696,0.06356192174237887,8.505324322686644,8.448016503413823,0.006522822784113333,0.01630781552016636,6.99146454131358,1.9321130356450953,0.11367940935761692,-0.0537617784743528,1.6194002451540341,8.093166451375513,-0.058446207737424594,-0.108194034317037,4.527043210070121,1.710231489321202,0.010148095825812569,-0.05316821794072741,8.387229595107106,5.682890887873363,-0.06279450727061735,0.126371696204311,2.0930883817062185,6.181669402668799,0.01178200314790686,0.04601962353250862,7.176567418617951,4.814084083424719,-0.10247808089162985,-0.005356159448151685,4.84355865557307,2.7059639633811803,0.02112533386339288,-0.08815914106386838,7.478266607644336,2.7024677245685047,-0.15205892910748992,0.13225338733581762
594,4.405273353121254,3.302330049635486,-0.04842669224868465,-0.07298269576773043,1.2312053868703499,8.987133635752132,-0.005853361203946521,-0.03590922443535735,6.292201955489411,8.031845236631053,-0.004842348422825189,-0.013281013856845264,8.81749123214495,4.236793828050926,0.027772571124371873,0.024067612881037898,7.574573299186511,3.705368221562787,-0.23696124912411767,-0.07598765400754177,3.963332296155691,2.524066257157131,-0.08600850733693484,-0.007666353047400685,2.508990185980508,8.448372870867642,0.043860052404849546,-0.07013879802077423,7.693340365962632,5.463873325384494,0.04376431848555687,-0.05305446921810046,6.152001638911551,2.820099149305563,0.1018672372190466,-0.06975452878342618,1.732059993725415,7.506760624910176,-0.0024002027764594347,-0.08296796201349858,3.947819101856039,6.833374221861098,-0.026133134205532718,0.06091702542138021,8.50565046382585,8.448831894189832,0.006113469632195875,0.014654832502900565,6.997148511781461,1.9294249467213775,0.11944527808100941,-0.05661443758805796,1.616477934767163,8.087756749659661,-0.05731541412124894,-0.10972915445779814,4.527550614861412,1.7075730784241656,0.001874981561801185,-0.05119113205979222,8.384089869743576,5.6892094726835785,-0.07546850365952955,0.1263382670615248,2.093677481863614,6.183970383845424,0.014663287206000884,0.04689893853998662,7.17144351457337,4.813816275452312,-0.10606818822827022,-0.0030624503414083495,4.84461492226624,2.7015560063279866,0.02338581058670621,-0.08919941282662687,7.470663661188961,2.7090803939352956,-0.14945915219873462,0.13183095482936066
595,4.40285201850882,3.2986809148470995,-0.04767259104679275,-0.07286922888511788,1.2309127188101525,8.985338174530364,-0.002421886413969447,-0.039518015592960615,6.291959838068269,8.03118118593821,-0.003214797031104417,-0.012964949308166569,8.81887986070117,4.237997208694978,0.02514375222497879,0.02878976292369098,7.562725236730305,3.7015688388624097,-0.24648706079632837,-0.06711945665584766,3.959031870788844,2.523682939504761,-0.08763385335679892,-0.010344594069331857,2.5111831886007505,8.444865930966603,0.042334170145838276,-0.0685702863335551,7.69552858188691,5.461220601923589,0.03858123380392674,-0.05659767738505736,6.157095000772503,2.8166114228663917,0.09372112108154203,-0.06213285528884877,1.731939983586592,7.502612226809501,-0.0007138819500481872,-0.0837081796638078,3.9465124451457623,6.836420073132167,-0.027058431123090435,0.05812498721164386,8.505956137307459,8.449564635814976,0.00583204257659857,0.012949324382542574,7.003120775685511,1.9265942248419747,0.12501898739011053,-0.059086625353000605,1.6136121640611005,8.082270291936771,-0.05597197199414037,-0.11048961235535695,4.527644363939502,1.705013521821176,-0.0061393501962211244,-0.04918550374964827,8.3803164445606,5.695526386036654,-0.086986317461295,0.1257825794309757,2.094410646223914,6.186315330772423,0.017522047041363318,0.04776857822350145,7.166140105161956,4.813663152935241,-0.10928093855883758,-0.001344740405206777,4.845784212795576,2.697096035686655,0.02502795394052606,-0.09035973951983389,7.463190703579024,2.7156719416767636,-0.14693445553571258,0.1316063173330755
596,4.4004683889564795,3.2950374534028435,-0.04665451875458408,-0.07268076445821668,1.2307916244894541,8.983362273750716,0.0009504814300161108,-0.042920012905864016,6.291799098216714,8.030532938472803,-0.0015768226496575785,-0.012631277547421223,8.820137048312418,4.239436696841162,0.022538990877804147,0.0334076219743225,7.550400883690489,3.698212866029617,-0.2550312480440815,-0.05845459756957256,3.954650178121004,2.5231657098012943,-0.08925930368479136,-0.013025103793054792,2.5132998971080425,8.441437416649926,0.040733177093713296,-0.06668421003966939,7.697457643577106,5.4583907180543365,0.03386429618745926,-0.059648811770225914,6.16178105682658,2.8135047801019493,0.08532835794372465,-0.05394561418162335,1.7319042894890897,7.498426817826311,0.0010283443078720781,-0.08386218564439256,3.9451595235896075,6.83932632249275,-0.027997553338003803,0.05520986094009797,8.506247739436288,8.450212102034103,0.005664218621181891,0.011178991740642987,7.009371725055017,1.9236398935743246,0.13036015215785268,-0.06143523778816267,1.6108135654613935,8.076745811319004,-0.05441741021523736,-0.11050647699337585,4.527337396429691,1.7025542466336936,-0.014016269406178247,-0.0471986300409829,8.375967128687536,5.701815515008203,-0.09730116350011336,0.12456741422940114,2.095286748575982,6.188703759683598,0.020360381482548318,0.048616909246509084,7.1606760582340145,4.8135959159149815,-0.11173450899924915,-7.087021646390084e-05,4.847035610492602,2.6925780487106636,0.02609391185928922,-0.0915129453206354,7.455843980802238,2.7222522575434174,-0.14435543966979061,0.13180491900829536
597,4.39813566301875,3.2914034151799325,-0.045392824397784956,-0.07242590046867724,1.2308391485609549,8.981216273105423,0.00420908486875112,-0.04606981104579379,6.291720257084231,8.02990137459543,6.559041517987738e-05,-0.012277381930703586,8.821263997856308,4.241107077939878,0.01941744533949791,0.037461904952499576,7.537649321288285,3.6952901361511388,-0.262614279102393,-0.04998019767509662,3.950187212936765,2.5225144546116414,-0.09090734417315367,-0.015677849114447806,2.5153365559627283,8.438103206147943,0.03905793900593997,-0.06450222052633177,7.69915085838648,5.455408277465825,0.029635121260582237,-0.06232257722839251,6.166047474723767,2.810807499392868,0.0766710246889105,-0.04542694591747273,1.7319557067044833,7.494233708544091,0.0028101681664908142,-0.08346299196447868,3.9437596459227073,6.842086815539755,-0.02895956671674316,0.052183638688742325,8.506530950367347,8.450771051621135,0.005580740453528807,0.009360930679439508,7.0158897326629095,1.9205681316849166,0.1354327305731273,-0.06363150894691749,1.6080926949506316,8.071220487469335,-0.05260544279763959,-0.10984720589656514,4.526636582959382,1.7001943151316445,-0.021893885990479242,-0.04527658383409137,8.371102070512531,5.708043885719673,-0.10636911166266906,0.12272875939089874,2.096304767650109,6.1911346051459235,0.023178372858471474,0.049435573547695885,7.155089332784052,4.813592372404158,-0.11364115914013069,0.0009549494688462245,4.848340306085567,2.6880024014446318,0.02674670006622415,-0.09259029499086675,7.448626208818749,2.728842503493832,-0.14170649041921174,0.13247226355424088
598,4.395866021798861,3.2877821201564985,-0.04395028358827282,-0.07211247193541373,1.2310496028043925,8.978912782553133,0.007377248689852308,-0.04893524865028073,6.29172353660499,8.029287505498896,0.0017060950137974312,-0.011901119671033984,8.822234870123284,4.242980173187503,0.015696564667162287,0.04097384079751701,7.524518607333166,3.692791126267384,-0.2692589557281216,-0.04174276051627361,3.9456418457281073,2.521730562155919,-0.09259717496808413,-0.01827053325673935,2.517289452913025,8.434878095121627,0.03728375571772338,-0.0620437161251844,7.700632614449509,5.452292148604405,0.025966370065509108,-0.0646173554934515,6.169881025958213,2.8085361520969943,0.06805337173623945,-0.03719353281723012,1.7320962151128079,7.490060558945867,0.004636698488923332,-0.08254743882309336,3.9423116675868703,6.844695997474192,-0.02995237632532184,0.04905847254079501,8.506809987390024,8.451239098155108,0.005553038077282355,0.007512176951467,7.022661369191566,1.9173865562375707,0.14023049916596178,-0.06520353395541711,1.6054624228107497,8.065728127174506,-0.050535917749502876,-0.10858280614081901,4.525541888659858,1.69793048593994,-0.029755909999706995,-0.04342488526413792,8.365783614929398,5.7141803236892175,-0.1141599915678929,0.1202947379701219,2.097463686293033,6.193606383823308,0.02599186557383021,0.050203277414281974,7.149407274827046,4.813640119877601,-0.115459236778876,0.0023543414515506257,4.849677641088878,2.6833728866950883,0.027211129400030187,-0.09269033874449444,7.441540884297789,2.735466116671544,-0.13898332668036495,0.1335869498533563
599,4.393668507619448,3.284176496559728,-0.04236403001974274,-0.0717125600195303,1.231418465238885,8.976466020120618,0.01048933795126493,-0.051481655373839634,6.29180884135568,8.028692449515344,0.0033392004408241797,-0.01150058190638042,8.823019698356642,4.245028865227378,0.011303484417733538,0.04390436183122129,7.511055659546759,3.69070398824157,-0.27503587552518444,-0.03392488641248905,3.941011986979703,2.520817035493082,-0.09430973301406745,-0.02079975074580309,2.5191536406989115,8.431775909315368,0.03539544592603923,-0.05932943329214464,7.701930932952784,5.449061280829732,0.022504354600607183,-0.0666148839048995,6.173283694545025,2.8066764754561326,0.05949511481208707,-0.029262480668887987,1.732328050037254,7.485933187004712,0.006496876378389618,-0.08114755770977276,3.940814048770604,6.8471489211012315,-0.030280260358644177,0.045978220169066594,8.50708763929389,8.451614707002681,0.005553699316310332,0.00564947722673317,7.029672894149864,1.9141263795397998,0.14471632424266104,-0.06571020570633515,1.6029356269232746,8.060298986867465,-0.04819035167048238,-0.10683419305894655,4.524054093159873,1.695759241676733,-0.03756181027541424,-0.041626141695777115,8.360075615351004,5.720195060587724,-0.12077764046744811,0.11739673071134905,2.0987632795717244,6.1961165476940225,0.028768692864484392,0.05091003106123687,7.143634312988102,4.813757836950178,-0.11721468483712356,0.003907947041566276,4.851038197558879,2.6787383697578635,0.02757822807420831,-0.0918003195810051,7.43459171796377,2.742145464164212,-0.1364353439727453,0.13514136643906993
