step,agent_0_x,agent_1_x,agent_2_x,agent_3_x,agent_4_x,agent_5_x,agent_6_x,agent_7_x,agent_8_x,agent_9_x,agent_10_x,agent_11_x,agent_12_x,agent_13_x,agent_14_x,agent_15_x,agent_16_x,agent_17_x,agent_18_x,agent_19_x,agent_0_y,agent_1_y,agent_2_y,agent_3_y,agent_4_y,agent_5_y,agent_6_y,agent_7_y,agent_8_y,agent_9_y,agent_10_y,agent_11_y,agent_12_y,agent_13_y,agent_14_y,agent_15_y,agent_16_y,agent_17_y,agent_18_y,agent_19_y,agent_0_vx,agent_1_vx,agent_2_vx,agent_3_vx,agent_4_vx,agent_5_vx,agent_6_vx,agent_7_vx,agent_8_vx,agent_9_vx,agent_10_vx,agent_11_vx,agent_12_vx,agent_13_vx,agent_14_vx,agent_15_vx,agent_16_vx,agent_17_vx,agent_18_vx,agent_19_vx,agent_0_vy,agent_1_vy,agent_2_vy,agent_3_vy,agent_4_vy,agent_5_vy,agent_6_vy,agent_7_vy,agent_8_vy,agent_9_vy,agent_10_vy,agent_11_vy,agent_12_vy,agent_13_vy,agent_14_vy,agent_15_vy,agent_16_vy,agent_17_vy,agent_18_vy,agent_19_vy
0,1.3862508294663407,1.2335726559943887,0.2462961552168132,-0.06771199865217019,3.672580687704202,1.4959705578613716,0.23382051705859305,-0.05968303669551137,8.533408032543331,5.76025880201082,-0.19534464527115117,-0.006673449279131816,3.3908557477837205,6.72460920233507,0.06016803620739718,-0.10013426733029175,6.469017677520117,2.905669626843224,0.023048388847774243,0.15016417296452406,8.004908385999524,3.784728214009355,-0.07825772696814912,0.014287609297420359,4.4536840524974215,3.162806718060885,-0.1529230341097884,-0.062376813982165005,7.165910153170392,8.163973286499985,-0.15455729951326092,-0.08847660156285744,3.0003644344789393,7.955714855724663,-0.014762001160487745,0.0009554224747887544,1.4455029173407867,7.410115679714576,0.06829359063243143,-0.16150231373151533,8.381668735415825,2.7741162311664023,-0.07044090900385208,-0.00811617815287767,4.448663717605084,1.9836573644737925,-0.1454469024870223,0.011936683102502673,3.4854645343611805,2.0837441453094008,0.06993534129657111,-0.022626013114251498,6.614045803123582,3.9137556572973193,-0.016409348861182754,-0.21210017488235322,6.2317772847572455,8.975511889518256,-0.038957319763404524,-0.050400873804801925,7.654955095569325,8.881650842417269,-0.12540043715432733,-0.15438284386643258,7.602258274517138,2.9309323011947743,-0.08349933942087806,0.1229540734467717,5.703806800597677,4.750134152857931,0.057578781660319364,0.039373972162064494,2.552975846520238,4.640023474389007,0.0292392256467735,-0.01940165965677542,6.964616832670425,1.3757246758511545,0.015670436345221778,0.24434452499717146
1,1.3985656372271813,1.2301870560617802,0.34629615521681323,-0.027167166618158822,3.6842717135571315,1.492986406026596,0.30825016092381374,-0.11990121510110853,8.523640800279773,5.759925129546863,-0.2953446452711512,0.0006094934405884989,3.39386414959409,6.7196024889685555,0.005685341676669661,-0.20013426733029177,6.470170096962506,2.9131778354914504,0.017768446236271322,0.1830494927217362,8.000995499651117,3.785442594474226,-0.08818031880490636,-0.05831510944236301,4.446037900791932,3.159687877361777,-0.24536336165614625,-0.14533815576500553,7.1581822881947295,8.159549456421843,-0.2545572995132609,-0.1153593225175421,2.999626334420915,7.9557626268484025,0.05301430696876358,-0.054319026693703296,1.4489175968724084,7.402040564028001,0.16829359063243143,-0.26150231373151533,8.378146689965632,2.7737104222587585,-0.11751741645576866,0.09188382184712234,4.441391372480733,1.9842541986289177,-0.19400311016198543,0.031560786699094096,3.4889613014260092,2.082612844653688,0.09637970818904532,0.057980717040337845,6.613225335680522,3.9031506485532015,0.07730869755289357,-0.25688509872893417,6.229829418769075,8.972991845828016,-0.004622011599342037,-0.15040087380480194,7.648685073711609,8.873931700223947,-0.1457568480270474,-0.2221079215010951,7.598083307546094,2.937080004867113,-0.17374516185122685,0.20857704636209273,5.706685739680693,4.752102851466034,0.14391397401042888,0.13937397216206449,2.5544378078025765,4.6390533914061685,0.06710347172617002,-0.054639363345781566,6.965400354487686,1.387941902101013,-0.0410349579011255,0.3443445249971715
2,1.415880444988022,1.2288286977308722,0.4462961552168132,0.01253332461163268,3.6996842216033223,1.4869913452715406,0.37570826101978416,-0.18316402152875183,8.508873568016217,5.759955604218892,-0.3953446452711512,-0.0016640510343929825,3.3941484166779237,6.709595775602041,-0.04758570558130816,-0.3001342673302918,6.47105851927432,2.922330310127537,0.010416437185178293,0.2007032749705998,7.996586483710871,3.782526839002108,-0.08948501165078733,-0.11214914144223509,4.433769732709125,3.1524209695735266,-0.31696961549008407,-0.22414677631518715,7.145454423219066,8.153781490295966,-0.35455729951326087,-0.14168479726773725,3.0022770497693534,7.9530466755137175,0.11913311239768484,-0.10821400318917002,1.45733227640403,7.388965448341425,0.2682935906324314,-0.3615023137315153,8.372270819142845,2.7783046133511147,-0.18118416875544036,0.16019647597385525,4.4316912169726335,1.9858322379638724,-0.22750844655602698,0.04490989488414815,3.4937802868354617,2.0855118805057047,0.12664588509539032,0.12871597032347945,6.617090770558167,3.8903063936167546,0.15696941653689328,-0.2841987329094178,6.229598318189108,8.965471802137776,0.008066729049845194,-0.2504008738048019,7.641397231310257,8.862826304148893,-0.16760968264326284,-0.2925417295486808,7.589396049453533,2.9475088571852175,-0.2291833160879348,0.26212863260944447,5.713881438381215,4.759071550074138,0.22794683959763487,0.2393739721620645,2.557792981388885,4.636321423238879,0.1039480135894647,-0.08894762029342061,6.96334860659263,1.4051591283508718,-0.09636189338217713,0.4436918111769759
3,1.4381952527488626,1.2294553639614538,0.5462961552168132,0.0513092214772248,3.7184696346543116,1.4778331441951031,0.4423265215828523,-0.24639834075033895,8.489106335752659,5.759872401667173,-0.4953446452711512,-0.01282852742400702,3.391769131398858,6.694589062235526,-0.09953919001202821,-0.4001342673302918,6.4715793411335785,2.932365473876067,0.0008051361650727971,0.20996010468954304,7.992112233128331,3.7769193819299964,-0.08482157409319376,-0.15404052458116865,4.417921251934621,3.1412136307577674,-0.3746035499015877,-0.2714695963697395,7.127726558243403,8.14669725043258,-0.45455729951326085,-0.1682231135010409,3.008233705389238,7.947635975354259,0.18346641192346114,-0.16062580770551582,1.4707469559356516,7.37089033265485,0.3682935906324314,-0.4615023137315153,8.363211610705072,2.7863144371498074,-0.2501399008869779,0.19584704140368253,4.420315794644832,1.9880777327080799,-0.24747966219144843,0.056391567937604234,3.500112581090231,2.0919476790218785,0.15484387094605617,0.18894325643409154,6.624939241385011,3.8760964569712835,0.19990045433786202,-0.2977835867944104,6.2300016546416,8.952951758447536,0.0008955412488888519,-0.3504008738048019,7.633016747178093,8.848199217671459,-0.19061108500538157,-0.3669455470278413,7.577936883649136,2.96061528881569,-0.2579999267988439,0.29187558387300805,5.725278780361096,4.771040248682241,0.3095190986101346,0.3393739721620645,2.562990382068358,4.631874042224208,0.1397036832268616,-0.12226157240900422,6.958530511923521,1.4273437189097204,-0.15020306808144968,0.5396945538897924
4,1.4655100605097033,1.232020825035315,0.6462961552168132,0.08908438760964804,3.7405859607334544,1.4655132271575861,0.5136576661594916,-0.3063268077043799,8.4643391034891,5.7592309752959725,-0.5953446452711512,-0.03214657000650384,3.3867921718982568,6.674582348869011,-0.15007487306802697,-0.5001342673302918,6.4716195979418325,2.942863479110544,-0.011646736276109553,0.2144995549206624,7.987871154423671,3.769217355700938,-0.07632840014956492,-0.18807819662936,4.399191074439542,3.1276401509392806,-0.4210598320811046,-0.2849187761458978,7.104998693267739,8.138286094757527,-0.55023433843301,-0.19565175264550713,3.017407025985411,7.939604684968983,0.24589354618009882,-0.21145678210098004,1.4891616354672732,7.347815216968274,0.46829359063243137,-0.5615023137315153,8.350704615660723,2.7961067892199916,-0.3167343684993797,0.2084015011733671,4.4079418115352595,1.9908973111049602,-0.2567518256084364,0.06596172523149137,3.507854774637534,2.1013948418435833,0.16700593563038804,0.23291122480522314,6.634934264101904,3.861207277631563,0.2206325454190067,-0.3013691014863586,6.230046431704045,8.935431714757296,-0.024343780604645864,-0.45040087380480187,7.623486192927824,8.829851940320067,-0.2147198699097724,-0.4467617845334528,7.565036887309194,2.9752090680093404,-0.2694867993532107,0.3067256411309659,5.740754735291603,4.788008947290344,0.3884821840483278,0.43937397216206453,2.569975566229701,4.625760963603757,0.17430559108934993,-0.15452030667096467,6.9510203585194485,1.4543284466042101,-0.20245730867978495,0.6321879985068459
5,1.497824868270544,1.2364750444157975,0.7462961552168131,0.12578690153506764,3.766268844041429,1.4501968867723671,0.594007127089483,-0.3596893983882386,8.434571871225543,5.757623646795647,-0.6953446452711511,-0.058783519495240334,3.3792884282448554,6.649575635502496,-0.1990983160725957,-0.6001342673302917,6.471037261128027,2.9535884568565773,-0.027285892910638494,0.21691293737995368,7.984054734416193,3.7598134458694696,-0.08107120456775548,-0.20842747544010898,4.378138082835487,3.1133942121319857,-0.4566938068905955,-0.27732941259584537,7.077486976346089,8.128503507125252,-0.6152207507623391,-0.22445370571899875,3.0297017032944162,7.929031845863934,0.3063013360505119,-0.26061541761729384,1.5125763149988947,7.319740101281698,0.5682935906324313,-0.6615023137315152,8.334867897235753,2.80652686427866,-0.3767464811981785,0.20489868740931486,4.395104220254837,1.9941953973665347,-0.2601418854006869,0.07380191419749949,3.5162050714190536,2.1130404030838443,0.16229041807863814,0.2609020966151453,6.645965891372855,3.846138822557245,0.2305281079413107,-0.29527968160710494,6.228829242673813,8.912911671067056,-0.06545404132514296,-0.5351780539038751,7.612750199432335,8.807513851093395,-0.23983311109835762,-0.5330299421420803,7.5515625473415335,2.9905453500658887,-0.26969570198709636,0.31245142639954065,5.760178844494019,4.809977645898448,0.4646973946040408,0.5393739721620645,2.5786908457841684,4.618034948270209,0.2076931920472089,-0.1856669186453536,6.940897493085459,1.4859378465295525,-0.25302968559295824,0.7210198706237487
6,1.5351396760313847,1.2427643894925509,0.8462961552168131,0.16134914164332761,3.795969200395903,1.4322124168529553,0.6863974719899939,-0.4031180376453677,8.399804638961985,5.754684470820885,-0.7953446452711511,-0.09177477897319164,3.3693335124412256,6.619568922135982,-0.24652098581938015,-0.7001342673302917,6.469672966482495,2.964434103725575,-0.04615604235451206,0.2197613023979716,7.980001174187805,3.7493920720974643,-0.0916480877683741,-0.21927864193155505,4.355303392490957,3.0995277415021936,-0.482046141396818,-0.25946788320153596,7.046725938807972,8.117280821839302,-0.6587128623066907,-0.2535001950325805,3.0450167700969417,7.916001074983069,0.3645841973087144,-0.30801644529044736,1.5409909945305162,7.286664985595122,0.66776555595135,-0.7615023137315152,8.316030573175844,2.8167717986491256,-0.42751034595187115,0.1934811919440714,4.382097125984803,1.9978854930764096,-0.2616821028785368,0.0801442027797348,3.5243195923229855,2.1260855079146017,0.14840486666038655,0.27739391720462686,6.65749229676992,3.8313748384768895,0.23344652725503642,-0.283324412280287,6.225556540607555,8.886152768371861,-0.11627952852048934,-0.6050040266414535,7.600758543877417,8.780862353986292,-0.2634452942832226,-0.6233471347415189,7.538077762242179,3.006167921385866,-0.2625429366879144,0.31280803920287964,5.7834137142242215,4.836946344506551,0.5380360194357402,0.6393739721620645,2.589075505386529,4.608751602337941,0.23981033900339802,-0.21564856455370535,6.928246008805811,1.52198884006074,-0.30183160981160273,0.8060504759414617
7,1.5774544837922253,1.2508318465747172,0.9462961552168131,0.19570785849504344,3.8302890739954027,1.412056514970687,0.7863974719899939,-0.4327866948252598,8.360037406698428,5.750095731872225,-0.8953446452711511,-0.09758444746131646,3.3570074631502567,6.5845622087694675,-0.2904349110370238,-0.8001342673302917,6.46736516436477,2.9754221688454736,-0.06827175619517745,0.22466726696769498,7.975418769799386,3.7384281400008867,-0.10344174740078493,-0.22342871070371204,4.3312010854211165,3.086554347342117,-0.49816410622354623,-0.23771975088643021,7.013790295692638,8.104605812087673,-0.687649285774883,-0.28192489639457874,3.0632459799623772,7.900600252718546,0.42064423369533555,-0.3535809087277288,1.5743792723280838,7.248589869908546,0.7360424093692713,-0.8615023137315152,8.29465505587825,2.826445858246329,-0.4681076181340643,0.17907176187402243,4.369013020840876,2.0018927032153964,-0.26331139972500106,0.08511794644234737,3.531739835656005,2.139955203774833,0.13019244429726595,0.2855042138915991,6.669164623132672,3.817208617862875,0.2319271013751966,-0.26799017644213374,6.219742564181531,8.855902567039788,-0.17229108330856607,-0.663853901148939,7.587586279163256,8.749694997249216,-0.31121295395820875,-0.6937366824984315,7.524950615407783,3.02180832334601,-0.2506142304389327,0.31023949893528996,5.810315515196009,4.8689150431146535,0.6083794351601369,0.7393739721620645,2.6010660223366986,4.597969174110256,0.2706053243055644,-0.24441650201773493,6.913154428315231,1.562291363857813,-0.34398973666976956,0.8720820847214186
8,1.624769291553066,1.2606172394994695,1.046296155216813,0.22321360900521844,3.8696089475949025,1.390417180229424,0.8863974719899939,-0.4439692325670619,8.31527017443487,5.745216509499159,-0.9953446452711511,-0.07198777855356847,3.3424857175984055,6.544555495402953,-0.32578481058923964,-0.9001342673302917,6.463951576555011,2.986655532193858,-0.0936191268507311,0.23271581543658465,7.970246682429347,3.727256704465701,-0.11377554401378269,-0.22283067700967252,4.30629288010994,3.0746683597977955,-0.5063172458264164,-0.2156871321007194,6.979407831403893,8.090509567267944,-0.7068613103528578,-0.30931229077086125,3.0842781916471442,7.88292120728216,0.4743913086790194,-0.3972362194658521,1.6111813927965475,7.20551475422197,0.7784536045469435,-0.9615023137315152,8.271249674971546,2.8353994463400305,-0.49865208853085896,0.1644925428708302,4.355847450854626,2.0061486005375135,-0.26576218324486944,0.08879076066182662,3.5382494578708683,2.154230414469413,0.11058693575890828,0.2874731157875785,6.680760978201432,3.803809109040768,0.22763293213478392,-0.25089895446071814,6.211128010016103,8.82270987198234,-0.2305109746034237,-0.7145779043062161,7.572025631465346,8.715008163124295,-0.38473070174830604,-0.7312736905917185,7.512419903885836,3.0373202982927747,-0.23560919184767842,0.306336009331446,5.840734486954015,4.905883741722756,0.6698058144778107,0.8393739721620644,2.6145962885519767,4.58574834900937,0.3000309091276681,-0.2719261196337795,6.895954941481742,1.605895468093884,-0.37985330728558764,0.9201101764663983
9,1.6770840993139067,1.2717779199497303,1.1462961552168132,0.23941603121196117,3.913928821194402,1.368218718601071,0.9863974719899938,-0.4351981997024552,8.265502942171313,5.7416171205714805,-1.0672376840293183,-0.022730132056847707,3.3261964770689434,6.499548782036439,-0.35294339003643693,-1.0001342673302918,6.459270620212474,2.9982913229656876,-0.12215375501816345,0.2447105831375059,7.964557905228658,3.7161151706152173,-0.12121972110414786,-0.21888828273374755,4.280977017818619,3.0638840031927597,-0.5078008586424873,-0.19525251229035373,6.94406476588625,8.0750439527294,-0.7198450914780141,-0.33561504967356276,3.1079977570810953,7.863059396308867,0.5257430962038728,-0.43891619516370295,1.6501040730238947,7.157439638535394,0.8005609728954124,-1.0615023137315152,8.246317070545004,2.843624073483572,-0.5198246489333372,0.15122887426118525,4.3425593416923824,2.010588138570605,-0.26912175137245464,0.09118998789170144,3.543778804658814,2.168604070258792,0.0912892006513208,0.2849408945129716,6.692142624808171,3.7912641613177325,0.22164588945748726,-0.23310798992094295,6.199602461285932,8.78698097676703,-0.2890023631943093,-0.7592762940299052,7.55278909637793,8.67844447859471,-0.4511620505391624,-0.7513882336740683,7.500639444293452,3.052637098759347,-0.2213091290367929,0.2992592482007327,5.874224777677906,4.94785244033086,0.6846012041892643,0.9393739721620644,2.62959783400836,4.572152043027681,0.3280443410184553,-0.29813695555437864,6.876962276117463,1.651900976917204,-0.41063391456091947,0.95388228560885
10,1.7343989070747474,1.2837487215103285,1.2462961552168133,0.24415182678645092,3.9632486947939016,1.3464588086159484,1.0863974719899938,-0.42553651957804606,8.212141057969847,5.740480613968638,-1.1027952072361054,0.036584725070390525,3.3085493075671217,6.449542068669924,-0.3723476791655891,-1.1001342673302918,6.4531629324615665,3.0105268521225628,-0.15379168119849468,0.2613411848366442,7.958496919173451,3.70517075647853,-0.12606440689994106,-0.2129382849421299,4.255586974886494,3.054121377578242,-0.5038279411021834,-0.17726564514750442,6.90807251131235,8.058263200245722,-0.7292723495147545,-0.3610911800595267,3.1342849118912888,7.841113586550682,0.5746251107689073,-0.4785610809204429,1.6901321216686653,7.104364522848819,0.8071682819924502,-1.1615023137315152,8.220325838098336,2.851185517196631,-0.5328828290644969,0.13984272582122909,4.329103254123759,2.0151476379651903,-0.27317265246707856,0.09231792667209306,3.54834326469138,2.1828511149844405,0.073223139153776,0.2791234455015647,6.703224919281046,3.7796087618216854,0.21463223530210354,-0.21527945559762884,6.185152343126216,8.749017162065535,-0.34652924704397986,-0.7995411750092213,7.530230993850972,8.640875066911006,-0.5119706678618946,-0.7573660716770824,7.489573987841613,3.067600061169384,-0.21473174667316985,0.28315738126245904,5.908454837887369,4.994821138938963,0.6660441115701756,1.0390460117898461,2.646000051059283,4.557245195249962,0.3546073598391537,-0.3230127052778784,6.856430580389417,1.6995950911976465,-0.43739779104011733,0.9767605917204876
11,1.796713714835588,1.295956312849651,1.3462961552168133,0.237461623726815,4.0175685683934015,1.3251819826370461,1.186397471989994,-0.41502838595749103,8.15700129760804,5.742309850222158,-1.1129509274878717,0.09641298370937611,3.2899319236088425,6.394535355303409,-0.3844887671815683,-1.200134267330292,6.4454733484016415,3.023593911364395,-0.1883908279729683,0.28329658078351627,7.952193698828454,3.6945238422314235,-0.1310844623477706,-0.20660529942764447,4.230395577831385,3.0452580953208668,-0.4954813575460791,-0.16197750985675805,6.871608893836612,8.040208641242746,-0.7372709511539163,-0.3862473091277775,3.1630161674297343,7.817185532504659,0.6209707172293063,-0.5161175540453551,1.7304905357682878,7.046289407162243,0.8023881886183682,-1.2586374649453647,8.193681696645111,2.8581776534876924,-0.5397702697176329,0.1302163391499332,4.315444621500405,2.0197635342987947,-0.2775893319841424,0.09216420117172244,3.5520044216490687,2.1968072872595186,0.056833923922150725,0.27093052012654867,6.713956531046151,3.768844789041804,0.20691372504282107,-0.1977285131291692,6.167825880774017,8.709040103315074,-0.40233229572958085,-0.8366083420693344,7.504632460457877,8.603006763327151,-0.568533726955473,-0.752079641063514,7.478837400507954,3.0817579302325067,-0.21670874016347927,0.25760023529326065,5.941757043465878,5.046773439528455,0.6303702131225657,1.116674486168308,2.6637304190512405,4.541094559986068,0.37968619233678846,-0.3465212188694047,6.834560690837411,1.748433120783671,-0.4610735512457471,0.9917479611691474
12,1.8640285225964288,1.3078293940359917,1.4436279323432697,0.21957593018403396,4.076888441992901,1.3044305633391715,1.286397471989994,-0.4037191143785047,8.101353751233647,5.747130499407627,-1.1058939697742511,0.1510570760920799,3.270707485249764,6.3345286419368945,-0.38990390499724925,-1.2894173354940826,6.436053807002994,3.0377587404035706,-0.22572007439089792,0.31134658264965104,7.945639475711065,3.684193577260041,-0.13900388525736235,-0.20099514335661917,4.2056215099540815,3.037159219828029,-0.4837007167440715,-0.14930946511393853,6.8347453462789165,8.020896275786358,-0.7456332676087459,-0.4118271299562786,3.1940647032911995,7.791379654802392,0.664721120751273,-0.5515387126398433,1.7706099451992063,6.983357533914975,0.7603034204811465,-1.2930346897143437,8.166693183159229,2.864688470445189,-0.5421639639453518,0.12200181652803731,4.301565154901198,2.024371744357381,-0.2820447933314807,0.09071566724331515,3.5548461178451762,2.210353813265846,0.04227917991309632,0.2610483236733819,6.724302217298292,3.7589583633853456,0.19874936421285921,-0.1806154482717056,6.147709265987538,8.667209686211606,-0.4559788640881827,-0.8714517449094414,7.476205774110103,8.565402781273976,-0.6221490441977167,-0.7380637168326206,7.4680019634997805,3.0946379419971697,-0.22520003568674918,0.22508855146081858,5.973275554122006,5.102607163836871,0.5873083486027585,1.1724512410534589,2.68271472866808,4.523768499042598,0.40325153562238447,-0.36863448785794817,6.811507013275124,1.7980205188421283,-0.48246735532463,1.0015311911568077
13,1.9362099192135922,1.3188081905451934,1.4882707006329656,0.18721731126544222,4.141208315592401,1.2842446076202463,1.386397471989994,-0.3916550036240994,8.046059052744935,5.754683353212231,-1.0873610470135178,0.1978378280495621,3.2512122899999016,6.27005777516219,-0.3897440940220432,-1.3557363801393774,6.424767803283449,3.053326069536053,-0.2654135476559708,0.3463998116254242,7.938689281448197,3.67414382009221,-0.15144689734406658,-0.19650437354342315,4.181436474116878,3.029693746572332,-0.4692869687896988,-0.1390169824304454,6.79746368289848,8.000304919288544,-0.7559494672558716,-0.43882627035319693,3.227300759328763,7.7638027191704,0.7058253373921173,-0.584784048384356,1.8086251162232636,6.918705799429258,0.7215552112822001,-1.315050598673488,8.139584984961962,2.870788561271591,-0.5412839766885578,0.11478375263127731,4.287462915234624,2.0289075277195465,-0.28626289354105333,0.08796375301147936,3.556960076840831,2.2234062294495147,0.02954966483594127,0.24999828569491175,6.734239685508935,3.7499275909717604,0.19044446763777986,-0.16403191500298606,6.124910322783128,8.623637098966134,-0.5072641732177975,-0.9048374935109004,7.445098321900217,8.528499595432345,-0.6740420835608872,-0.7175849862088436,7.456741961715443,3.1058923695702108,-0.23866154310675458,0.18765979813498665,6.002640971552144,5.161229725889544,0.5424484369979719,1.2081953040479378,2.7028773054491992,4.505336774649701,0.4252785298449986,-0.3893286220746045,6.787383645508893,1.8480970783999686,-0.5022821950099596,1.0085323422063295
14,2.0106234542452404,1.3281690561084656,1.4922542028222638,0.15224123672412238,4.2105281891919,1.2646618574390414,1.4535223722754562,-0.37050332426947297,7.991691000394259,5.764575244614709,-1.0613969812818862,0.2358681916297623,3.2317250852987995,6.202270956155221,-0.385788466336412,-1.4028944794484328,6.411497125900651,3.0706460601173244,-0.30690662709366184,0.3895515672443642,7.931116936580994,3.664318601415039,-0.16923312875254656,-0.1930875208563851,4.157972125677393,3.0227428974508097,-0.45291483898502166,-0.1307868386966721,6.759666209535686,7.978363605770884,-0.7697054663741544,-0.4685389177949943,3.262592026198369,7.734563516751182,0.7442401458150623,-0.6158194039536563,1.8447028767873737,6.8529532694955835,0.6904222784746038,-1.3316595200673245,8.112520786127535,2.876527748903155,-0.538104529421845,0.10812484366987561,4.273149770557571,2.0333057153701204,-0.29003905655670636,0.08390932347884404,3.5584375600826283,2.2359061437342604,0.018544381839436713,0.23817926379676266,6.743761908890823,3.741725995221611,0.1823619628718509,-0.14803138196941765,6.099547114122238,8.578395224290588,-0.5561467226725885,-0.9373510792626085,7.411396217722173,8.492620346121903,-0.7253715918680933,-0.6927073611789323,7.444808884560105,3.11527535947696,-0.25572866919645554,0.14725769542745665,6.0297633934020425,5.22163949109194,0.49881534498737284,1.2264241164934444,2.724141231941449,4.485870343545971,0.4457467203729914,-0.4085838167161996,6.762269535758395,1.898523695510285,-0.5211390680418476,1.0149613986480406
15,2.0852361643863535,1.3357811179446717,1.4937548610506841,0.13673483494505498,4.283204307805673,1.2461366912255678,1.461838735092425,-0.3361956462885553,7.938621151330165,5.7763686541961965,-1.030866889137166,0.2652749725914183,3.2124356619819787,6.1321262321828,-0.379565268499553,-1.4342154957906763,6.396151794545967,3.0901236384795427,-0.34934910776646944,0.4421214085843277,7.922655280143367,3.6546642253722195,-0.19252350405501215,-0.1904516781577084,4.135326383728142,3.0162035555159763,-0.43514780260226404,-0.12429279316545844,6.721180936216978,7.954936659881135,-0.7883735013650074,-0.5026463685822142,3.299804033489122,7.703772546553499,0.7799300206839533,-0.6446169155127631,1.879223990711104,6.786370293492217,0.6665624574861445,-1.343761321913245,8.085615559656443,2.881933991086649,-0.5334624805472279,0.10162387047896598,4.258647817729735,2.0375011815440627,-0.2932435628366427,0.07856538654582118,3.5593647791746004,2.2478151069240986,0.009116611883884088,0.22589803092487423,6.752880007034416,3.7343244261231403,0.17491996686095038,-0.13264645226902222,6.071739777988609,8.531527670327458,-0.6027067638972221,-0.9694060639670167,7.375127638128768,8.457984978062957,-0.7772324959746105,-0.6653546067444757,7.432022451100282,3.122638244248333,-0.2750465416250556,0.10590179150516449,6.054704160651411,5.2829606969166125,0.4578776224978728,1.2298333148179688,2.746428567960099,4.46544115271016,0.4646400098131719,-0.4263843099365683,6.736212582356303,1.9492717654426872,-0.5395987709968678,1.0228664048704597
16,2.1599239074388876,1.3426178596919245,1.4953616605650253,0.11787070930561909,4.356296244560294,1.22932690891114,1.468907192820661,-0.3038283378484064,7.8870778068733065,5.7896324028257675,-0.9978066733758495,0.28672096340108616,3.193457398557001,6.060415457393265,-0.37238810520349147,-1.4526148246005324,6.378684339157644,3.112229708908759,-0.3914886201464524,0.5056754846422359,7.913029104940616,3.645141641464334,-0.22090268563207283,-0.18820552371623925,4.113568993598029,3.0099889158577033,-0.41645300921405476,-0.11922570222114101,6.6817622611487275,7.929804341452024,-0.8135300441071824,-0.543373908806214,3.33880053452332,7.671541700777861,0.8128670483165845,-0.6711549407730082,1.912552113585411,6.719182227396555,0.6494516633637399,-1.3521140990885612,8.058942435629081,2.887015184610597,-0.5280889126120469,0.09497155551718556,4.243985639587903,2.0414294508713535,-0.2958159482016921,0.0719580933588882,3.5598206097687948,2.2591100084703424,0.0011015743963379478,0.21339142812454254,6.7616260053774635,3.727692103509689,0.1685737696237228,-0.11789520298182342,6.041604439793748,8.483057367129108,-0.647120271424094,-1.001240078529317,7.336266013330037,8.424717247725733,-0.8306546401982039,-0.6373717043412243,7.418270124019029,3.127933333823591,-0.29523915097862896,0.06566354859315189,6.077598041776305,5.344452362657511,0.42018619082417197,1.2210254204783346,2.7696605684507576,4.444121937213332,0.4819466002164154,-0.4427183312846372,6.70923264380646,2.0004150856862104,-0.5581829155499409,1.0341773363344673
17,2.2346919904671387,1.3485113951572054,1.4969772644751589,0.09517914500808636,4.429741604201327,1.2141354920187197,1.4747865122232653,-0.2738699387744783,7.837187473204514,5.803968450995822,-0.9636649280393061,0.3011190481747731,3.1748379932968267,5.9877847161632385,-0.364009702177389,-1.45516216852993,6.359109908150321,3.1375134831408706,-0.4315181501954699,0.5820211064874384,7.901983970659012,3.635731365278522,-0.2534588345995966,-0.18597232901125568,4.092746343137326,3.0040276307466462,-0.3972150300378435,-0.11530816244675754,6.641085758943368,7.9026356460117135,-0.836120668607796,-0.5849878787260936,3.379443886939149,7.6379839537392105,0.84303082520669,-0.6954179731129652,1.945024696753598,6.651576522442127,0.6385111422394428,-1.3573148202373986,8.03253798999848,2.8917637623864563,-0.5225883957969434,0.08799019321822123,4.229194842177819,2.045027355539298,-0.2974431737362554,0.06511375169817639,3.559875688488612,2.2697795798765696,-0.005667411337196165,0.20084258157643295,6.77005469385865,3.7217973433605978,0.16378290456292066,-0.10377840612231871,6.009248426222543,8.432995363202643,-0.6896412587396986,-1.0329020148648893,7.294733281320126,8.392848662508671,-0.8865952353061644,-0.6105861510545385,7.403508166470098,3.131216511253249,-0.31500186948890485,0.028475360875447803,6.098607351317514,5.405503633681428,0.38577405831203393,1.2023817292786212,2.7937578984615783,4.4219860206491,0.4976589258350449,-0.457578041324163,6.681323498028963,2.052123952502934,-0.5773922050649687,1.050739639121231
18,2.309540853690897,1.3532703524076097,1.495963870411159,0.06807893866945405,4.503480929812491,1.2004419950799958,1.4796727415183288,-0.24610684266723046,7.789004226802549,5.819024403404561,-0.9294708135791863,0.30946571564948494,3.1566375081879574,5.915026607736742,-0.3584186282566661,-1.4562419908572628,6.337534000640548,3.1666145384652427,-0.466884879656852,0.6731515899562452,7.889311028929033,3.626432748827959,-0.28545099982567035,-0.18287103573512964,4.072885591635433,2.9982622226243083,-0.3777480483673609,-0.11230001582014726,6.599279725512979,7.8733862520754085,-0.8449278561003157,-0.6090748950028071,3.4215954281994834,7.603213055083562,0.8704083400537515,-0.7173965422924907,1.97695025386557,6.583710781430257,0.6329432401267022,-1.3599201648545078,8.006408570208633,2.8961632720473673,-0.5173988412751913,0.08064566034254138,4.214322683491006,2.048283043124207,-0.2912197965441328,0.07869280951520519,3.559592317921752,2.2798217089553914,-0.011349899197427318,0.18839348974092524,6.778243839086795,3.716608423054482,0.16097194554899885,-0.09027289988164343,5.974766363285558,8.3813502624594,-0.7298589614932143,-1.0648418055144846,7.250403519554818,8.362319354955943,-0.9459227592804773,-0.5868699260165147,7.387758072995652,3.1326402792970214,-0.3332595465278699,-0.00413290826068221,6.117896054233116,5.465622720145359,0.35440305796686333,1.1760132799886784,2.8186408447533307,4.399107118582892,0.5117735768126677,-0.4709594627844891,6.652453887775715,2.1046609344589955,-0.5977189809137453,1.0743332359402764
19,2.384339047211455,1.3566742993410825,1.4869140665525662,0.037249180047519856,4.577464566888407,1.1881366529466344,1.4837282812946746,-0.22034152419902706,7.742530686123589,5.834497689187035,-0.8959511139902122,0.31274754082517014,3.138716576775124,5.842214508193879,-0.3547404902404829,-1.4511451412598915,6.314189756657705,3.200272117963055,-0.4940654502867619,0.7731515899562452,7.875038478937749,3.6172891970412024,-0.3146606052459571,-0.17883625318907007,4.053998189217065,2.992647221833301,-0.3583064667366467,-0.10999853374754241,6.557033332707963,7.842932507325268,-0.8449114251177544,-0.6198222929485501,3.465115845202171,7.567343227968937,0.8949938399666196,-0.7370871023097457,2.0085974158719053,6.515714773187532,0.6325937675273151,-1.3600827641307704,7.980538628144873,2.9001955550644944,-0.512727710758989,0.07313192972563655,4.1997616936638,2.052217683599967,-0.2791952288355929,0.10270605601198993,3.5590248229618804,2.2892413834424374,-0.01636749192930732,0.17757612624457103,6.786292436364246,3.7120947780603997,0.16049977280163016,-0.07732964213909622,5.938273415210897,8.328108172183676,-0.7673228714491375,-1.097502164823119,7.203107381590795,8.332975858655118,-1.0093891235845578,-0.5682024735013451,7.371095095669259,3.1324336338839873,-0.34929943273856956,-0.031230110929446237,6.135616207131459,5.524423384144793,0.32571311767077454,1.143753599685637,2.844229523593964,4.375559145443668,0.5242912142012622,-0.4828624036049966,6.622567938730027,2.1583775962560092,-0.6248730065350283,1.101763165694423
20,2.458684750539083,1.3585367583434584,1.474889312083772,0.004125171316587753,4.651650980953141,1.177119576736683,1.4870877585394642,-0.19639246014567968,7.697733130424079,5.850135066228294,-0.863612338130401,0.31189158181368704,3.1209795522631,5.769657251130885,-0.3536827775143598,-1.4417648431999908,6.289486484143367,3.238929697460867,-0.508190155538214,0.8731515899562452,7.8593054486754514,3.608347384381749,-0.34119628666670865,-0.17422297516277135,4.036082865880233,2.987147295145924,-0.33909290722946506,-0.10797460861323815,6.514787761452076,7.8119413926778405,-0.840104920101793,-0.6206844145862772,3.509865537200502,7.53048887285345,0.9167886815315317,-0.7544919069708381,2.040227104248271,6.447710634980993,0.6372408131094998,-1.357911685680458,7.954902242606924,2.9038521515507765,-0.5086286666963004,0.06566980214667274,4.18580193222202,2.0573529864005664,-0.2640537822989593,0.12893507722580955,3.558206448365415,2.298120189754666,-0.024336017655844533,0.1639804517321738,6.794317425004327,3.708228295953445,0.1626494004961879,-0.06488335443397696,5.89990727163844,8.27323306394252,-0.8017071404826778,-1.1315241492258357,7.152637925411566,8.30456573498005,-1.0735838592768374,-0.5573521771568511,7.35363012403233,3.130872128337515,-0.36280525577677175,-0.05251005465664606,6.151901863014998,5.581611064129075,0.29930999673377234,1.1071723568176806,2.8704440843040273,4.3514160252634175,0.5347936125096636,-0.4953963922036135,6.591324288403276,2.2134657545407306,-0.6504011805416908,1.1252542287394647
21,2.5324292161432718,1.3587430169092878,1.4632836869493184,-0.030350523878370388,4.726005368880114,1.167299953729399,1.4898628863915298,-0.17409359480779113,7.654552513517559,5.865729645318978,-0.8327987261741912,0.3077417870843387,3.103295413387382,5.697569008970885,-0.3559056565513523,-1.4302762356647605,6.264076976366456,3.2825872769586795,-0.5035912223925232,0.9731515899562452,7.842245634342116,3.5996362356236102,-0.35803222108051624,-0.1683626708313935,4.01912822051876,2.981748564715262,-0.32027352316372926,-0.1072418845132117,6.472782515446986,7.7809071719485265,-0.8338866476906525,-0.6145107500520253,3.5557049712770783,7.492764277504908,0.9358011674574044,-0.7696188737596289,2.072089144903746,6.37981505069697,0.6469075139567946,-1.3533331697650213,7.929470809272108,2.90713564165811,-0.5050691207178432,0.058411475625452784,4.172599243107072,2.063799740261857,-0.24793195049647382,0.1533770200660475,3.556989647482623,2.306319212341275,-0.03446669364510718,0.1482439658354696,6.802449895029136,3.704984128231746,0.16763933425138489,-0.052873796361881414,5.859821914614306,8.216656856481228,-0.8327016582070603,-1.1677168929646193,7.098958732447724,8.276698126122207,-1.1173645965989873,-0.5586423720642532,7.335489861243492,3.1282466256046826,-0.3737824913467396,-0.06814791594196085,6.166867362851686,5.636969681969959,0.2748144377773319,1.0675983639700026,2.8971837649295105,4.326646205653237,0.5352917192355902,-0.507080610915067,6.558804229376191,2.2697284659777037,-0.674024277027865,1.147351391838635
22,2.6055934004907377,1.3572254907153694,1.4544412985234711,-0.06550682234611832,4.80049851319969,1.1585952739890095,1.492146472221926,-0.15329352705075544,7.612912577208849,5.881116734673195,-0.8037336270928653,0.3010504745342479,3.085500130559814,5.626055197187647,-0.3544407644354537,-1.4193762674372183,6.23889741524683,3.331244856456492,-0.47503035174317665,1.0731515899562452,7.82434402328809,3.5912181020820406,-0.36607968973378174,-0.1617937524593299,4.003114544360574,2.9763864704896017,-0.30200463407669703,-0.10839207702953073,6.431088183062453,7.750181634445926,-0.8290943853969556,-0.6036894056012932,3.6024950296499485,7.454283333816926,0.9520463695313015,-0.7824814366112728,2.1044345206015858,6.3121483922087185,0.6605568776736799,-1.3432070791122521,7.904217353236216,2.9100562154393828,-0.5019167080238558,0.051586127443053076,4.160202645582249,2.0714685912651594,-0.2324044628007138,0.1739926135079644,3.5552663128003674,2.3137314106330487,-0.04582662096859927,0.13115537053211662,6.810831861741706,3.702340438413652,0.17564615937781836,-0.04127178904451358,5.818186831703954,8.158271011832996,-0.8493878184884356,-1.1924296236721668,7.043090502617775,8.248766007518995,-1.1419314775121743,-0.5701519577619552,7.3168007366761545,3.1248392298075847,-0.3824387282653555,-0.07859473486810277,6.180608084740553,5.690349600168459,0.25188743977612393,1.0261457367721025,2.92394835089129,4.301292175107483,0.5184652143602422,-0.5154303262122142,6.525103015524798,2.3270960355696353,-0.6952486819446674,1.1704463100658724
23,2.6783154654169112,1.3539501495980635,1.4500454680903683,-0.10079851259896407,4.8751058368107865,1.1509305976364717,1.4940157165940733,-0.1338545425822277,7.572725895854206,5.896169258399907,-0.7765493681411701,0.2924782604881105,3.0677780923380413,5.555086383815786,-0.34718961391420095,-1.4088987020527841,6.215145897659672,3.384902435954304,-0.4296968592311033,1.1731515899562452,7.806040038801401,3.583128414459074,-0.3663411412211883,-0.15487718577997325,3.988014312656739,2.970966866638125,-0.28442567698763965,-0.11162913425403788,6.389633463792605,7.719997164165861,-0.8265499999310376,-0.5904782745732304,3.6500973481265135,7.415159261986362,0.9538190090357208,-0.7968243642245771,2.1374623644852697,6.244988038253106,0.6769464469075259,-1.3215195331257052,7.879121517835023,2.9126355218115356,-0.4990580395229847,0.045296302977985564,4.148582422442213,2.0801682219405575,-0.218603324122419,0.18970683053789525,3.5529749817519374,2.3202891791596545,-0.05753364885483009,0.11350797786803374,6.819614169710597,3.700276848961426,0.1768411053299717,-0.03888619295250049,5.775717440779532,8.098649530649388,-0.8469671613891242,-1.1957874276538774,6.985993928742166,8.220258409630897,-1.1493223419356233,-0.5894661969404376,7.2976788002628865,3.1209094930641794,-0.39235289392792905,-0.08715621475782395,6.193202456729359,5.741656887007064,0.22830121052218708,0.9849600420312006,2.9498716116093022,4.275520658796872,0.482059553210282,-0.5208449991767702,6.4903405814275645,2.385618351072929,-0.7133264290314052,1.1967877456744789
24,2.7508177388214294,1.3489102239681152,1.4513697739513085,-0.13570342473351776,4.94980662264049,1.1442378705073604,1.4955349253422603,-0.11565157621718375,7.533898427447148,5.910793171424313,-0.7517046480794101,0.28239153818139207,3.050418611642331,5.4846414487131465,-0.3366906277596873,-1.3972739005459085,6.193661054698117,3.443560015452116,-0.3843091281524738,1.2731515899562453,7.787722981740341,3.5753845551700754,-0.3612640258261099,-0.14802565731072076,3.973793028807357,2.9653854099254233,-0.2676544169319259,-0.11684979805460102,6.3483059637960535,7.690473250437199,-0.82514201825458,-0.5766042256221485,3.6977882985782995,7.375318043775134,0.9382985242597712,-0.8136783256358485,2.171309686830646,6.1789120615968205,0.6994174190583594,-1.29013568272764,7.854168615858874,2.914900336960435,-0.4969314630027478,0.03952716273391795,4.137652256236092,2.0896535634674525,-0.20731046573012057,0.19984813425787282,3.550098299309196,2.325964578053056,-0.06888354313874737,0.09598664914189811,6.828456224977096,3.6983325393138013,0.1719364052099359,-0.04350103015768043,5.733369082710076,8.038860159266694,-0.8322432695049807,-1.181533335613612,6.9285278116453854,8.190785099783875,-1.1420811252833936,-0.6141152235129159,7.2780611555664905,3.116551682326288,-0.409870697872378,-0.09964854439404655,6.204617517255468,5.790904889108624,0.20422212287670036,0.944671170379375,2.973974589269816,4.2494784088380335,0.4229817137966684,-0.5239459126595685,6.454674259975994,2.445457738356653,-0.7280930890811937,1.224940128888755
25,2.823386227518995,1.3421250527314392,1.4594350784338654,-0.16964576695594855,5.024583368907603,1.1384552916965012,1.4967577379877515,-0.09857116096399349,7.496313195043177,5.924912748333383,-0.7295108732506852,0.271181793768217,3.0335840802543466,5.4147777536858515,-0.3244270877910987,-1.3828868196312503,6.174445598290493,3.5072175949499287,-0.33898184820273236,1.3731515899562454,7.769659780449036,3.5679832723045393,-0.35282183348062907,-0.14151873395757003,3.960410307960761,2.9595429200226935,-0.25178496199670153,-0.12374481521865197,6.307048862883325,7.6616430391560915,-0.8265662748690976,-0.564670912709738,3.744703224791288,7.3346341274933415,0.9122263098118596,-0.8310252686231158,2.2062805577835642,6.114405277460438,0.7306968916267319,-1.2506316070164283,7.829322042708736,2.9168766950971308,-0.4969214535161134,0.03415029448818553,4.127286732949586,2.099645970180346,-0.19902772869318408,0.20385527495990577,3.5466541221522583,2.330763910510151,-0.07941782580202275,0.0790938360319952,6.837053045237592,3.6961574878059174,0.1630352943222367,-0.05285892395889262,5.691756919234827,7.979783492486013,-0.8112782026154837,-1.1541405526381237,6.871423755381215,8.160079338608229,-1.1228384754643996,-0.6418846317121313,7.257567620672871,3.111569255106586,-0.4356876200599913,-0.11578877450707685,6.214828623399303,5.8381384476275935,0.17989748827561985,0.9057353385620572,2.9951236749596495,4.223281113205055,0.34822672530763654,-0.5256092306904759,6.418269605521934,2.5067047448010906,-0.7407072665571591,1.2493967331584879
26,2.8963579814406883,1.3336427643836417,1.4751021361893668,-0.20193428792035606,5.09942125580699,1.1335267336483015,1.4977289587048466,-0.08251040090131433,7.459837651380643,5.938471838021794,-0.710141011299618,0.2592567719913557,3.0173627258647917,5.345633412704289,-0.3115644075381496,-1.3645636699154933,6.157496505880356,3.575875174447741,-0.2934028344437241,1.471025076856404,7.752018688775005,3.560907335606661,-0.34234569646193985,-0.1355578056319,3.947821059860926,2.953355679261761,-0.2368880197678837,-0.13190197987509683,6.2657205491398695,7.633409493520604,-0.8299407188210214,-0.5556983772084647,3.790314540281881,7.293082864062185,0.8800497213839599,-0.8475546443435115,2.2428154023649007,6.051873697109617,0.7732093751982376,-1.2044993364023215,7.8044759700329305,2.91858420982154,-0.5004045828790006,0.029096435872275006,4.117335346514927,2.1098387339283415,-0.19403137929325093,0.20114527480248784,3.542683230862157,2.3347186023117508,-0.08893581544897054,0.0631218156155832,6.845204809953704,3.6935145416079727,0.15149947985344084,-0.06587714927684436,5.651193009104053,7.922076464854107,-0.788219719780413,-1.11625064577091,6.8152818316079955,8.127985107022623,-1.0949223981041603,-0.6710519150883525,7.235783239669872,3.105779816381232,-0.47064694318170536,-0.13494335082897504,6.2238234978130835,5.883425214555697,0.15553707237252132,0.8685238055022309,3.0125350112250313,4.197000651670531,0.2947950053114597,-0.5268589492302084,6.381234242194076,2.569174581459015,-0.7511858568735224,1.2701795719992555
27,2.9701130882501565,1.323546049987624,1.4823977183062045,-0.22912224850624913,5.174307703742232,1.1294012136032359,1.4984860612833668,-0.06737599082360045,7.424330600815662,5.9514346766213615,-0.693659630211296,0.24702179249580697,3.0017845054878842,5.277405229208514,-0.30089249392995543,-1.3432762247996446,6.14282636415817,3.6494264282905613,-0.23438863083721906,1.4815741526276212,7.734901403951907,3.554129445325066,-0.3307411783704653,-0.1303258108380267,3.935976658872532,2.946760580268006,-0.22321968088387267,-0.13961059529242298,6.224223513198819,7.605624574660181,-0.8336268603486092,-0.5497169749789432,3.834317026351079,7.2507051318450095,0.8447263663737878,-0.8624214821464302,2.2814758711248126,5.9916487302895005,0.8293211285192931,-1.1533826894907424,7.779455740888981,2.920039031615154,-0.5087973338763655,0.02438104626000608,4.107633777550264,2.119895997668466,-0.19242094365631565,0.1910753350510178,3.5382364400897086,2.33787469309253,-0.09745821686125199,0.04817072902796252,6.852779783946376,3.6902206841441303,0.1381866867582816,-0.0822208701071172,5.611782023115032,7.866263932565562,-0.76579833135107,-1.0698823877758807,6.760535711702787,8.094432511268204,-1.0633437284011706,-0.6982229599456958,7.212250892510787,3.0990326488397835,-0.5157243075059745,-0.15618868731850322,6.23160035143171,5.926851404830808,0.13131928490831446,0.8333360571370038,3.027274761490604,4.17065770420902,0.31681102135016503,-0.5274869116446759,6.3436749493504,2.632683560058978,-0.7595507142655835,1.2873193480361078
28,3.0442329741654666,1.3120899375623114,1.47927570954588,-0.24848214251236128,5.249232006806401,1.126032414062056,1.499060426966626,-0.05308329589086697,7.389647619305098,5.9637857662461515,-0.6800478345860691,0.23486710665962335,2.9867398807913865,5.210241417968532,-0.2997372310675797,-1.3237794408556722,6.131106932616309,3.7235051359219424,-0.17916221201938395,1.4892618647451903,7.718364345033384,3.5476131547831646,-0.31863649528644816,-0.12603220224773476,3.9248156748283383,2.939780050503385,-0.21034065852415568,-0.1441812963278398,6.182542170181389,7.578138725911234,-0.8365500512852933,-0.5465061505705918,3.8765533446697686,7.207584057737688,0.8082502583413274,-0.8750832483259531,2.322941927550777,5.9339795958149635,0.9016964109533876,-1.0995172682581997,7.754015874195162,2.9212580839281546,-0.5235692566479621,0.02014199011689725,4.098012730367448,2.129449764421017,-0.19406398241368306,0.1732359445534496,3.533363529246646,2.3402832295439278,-0.10515731890051461,0.034201140629480556,6.85968911828429,3.6861096406387746,0.1236086977394104,-0.10205862543130609,5.573492106547479,7.812769813176768,-0.7457030514033204,-1.0170359681090029,6.707368525282729,8.05952136327092,-1.0412503651529377,-0.7112177463951129,7.186464677135488,3.0912232144738585,-0.5720266591707263,-0.17829523886821308,6.238166315677126,5.968518207687659,0.10739670445104423,0.8004111645362431,3.0431153125581125,4.144283358626787,0.416811021350165,-0.5251990412330481,6.305697413637121,2.6970495274607833,-0.7609875195906692,1.2926321963448228
29,3.1181967596427604,1.2996658304366933,1.477259133057488,-0.2602027167387749,5.324185028154732,1.1233782492675126,1.4994783634955529,-0.03955549783151033,7.355645227575795,5.975529121579132,-0.6692235320056892,0.22315965130463383,2.9717530192380077,5.144052445925748,-0.32276584898227906,-1.3142385674201786,6.1221488220153395,3.797968229159202,-0.12774084880959458,1.494550860809161,7.7024325202690616,3.5413115446707777,-0.30648852755069655,-0.12295540431141472,3.9142986419021306,2.932570985686993,-0.19827360872604308,-0.1476159005086179,6.140714667617124,7.550813418382704,-0.8381273211758138,-0.5457376091209591,3.916965857586835,7.16382989532139,0.7719898502453594,-0.8851914225851654,2.3680267480984467,5.879003732402054,0.9939366565094129,-1.0466341783780997,7.727837411362764,2.9222651834339994,-0.5462302962499049,0.016694628148681938,4.088309531246764,2.138111561648689,-0.1954781147562216,0.1561104497058959,3.5281056633016203,2.3419932865754016,-0.1122644769438245,0.02110990358625951,6.865869553171261,3.6810067093672094,0.10803975066327481,-0.12593755935079762,5.536206953977313,7.761918014771318,-0.7288963890508036,-0.9598332341612208,6.655306007025082,8.023960475951164,-1.0273111649219155,-0.7133212015005722,7.157863344176952,3.082308452530448,-0.6407886383575352,-0.19964751952919174,6.243536150899678,6.008538765914471,0.08390098785977433,0.7699375917916512,3.063955863625621,4.118023406565134,0.516811021350165,-0.5178177718970259,6.267648037657588,2.7616811372780243,-0.7597686348876473,1.2933489944485055
30,3.192059716295635,1.2866556945997545,1.4768820227236517,-0.262334692626987,5.39915894632951,1.1214004743759372,1.4997619449230921,-0.026722809741960042,7.32218405097551,5.986687104144364,-0.6610577890382467,0.21223806703355497,2.9556147267888937,5.078340517554739,-0.35707571457576265,-1.320300201715669,6.11576177957486,3.87269577219966,-0.08757428554927417,1.4974413993577627,7.687108093891527,3.535163774455207,-0.2946622417671293,-0.12148938168217711,3.9043849614658286,2.9251901906615623,-0.18699225648417842,-0.15013763942929334,6.098808301558334,7.5235265379266565,-0.8382537162401742,-0.5471298142851614,3.955565350099103,7.119570324192132,0.7368985328964309,-0.8925205980836888,2.4177235809239175,5.826672023483149,1.0939366565094129,-1.001730932232947,7.700525896550269,2.9230999148414334,-0.5717645934025914,0.014832111711177591,4.078535625508953,2.145917084133984,-0.1966787239993727,0.13972583470843372,3.522492439454429,2.3430487817547148,-0.11876021424757148,0.008975445716691913,6.8712715407044245,3.6747098313996696,0.09159282413604908,-0.15474161279004212,5.499762134524773,7.713926353063257,-0.7158100981880892,-0.900566396953176,6.603940448778986,7.988294415876135,-1.0197654556182907,-0.7073724542006696,7.125823912259075,3.0723260765539884,-0.7233489163000644,-0.21810381545362503,6.247731200292667,6.047035645504054,0.06094727396570479,0.7420615841712408,3.089796414693129,4.092132517970283,0.5797544287762838,-0.5054529396417116,6.229659605913206,2.8263485870004494,-0.7585822440514147,1.2940451997553715
31,3.2659038174318176,1.273538959968405,1.4784422095916532,-0.25339422427859254,5.474147043575664,1.1200643338888392,1.4999297045288722,-0.01452175856877765,7.289131161523597,5.997299007496042,-0.6553879214623959,0.20241012316182838,2.9377609410601058,5.012325507468956,-0.38192534522211974,-1.3182862162881501,6.111383065297396,3.947567842167548,-0.05768601911186484,1.4988903639689681,7.672374981803171,3.529089305371098,-0.2834419779221539,-0.1218866390346683,3.8950353486416196,2.9176833086900977,-0.17646725033913851,-0.15192909849469838,6.056895615746325,7.496170047212399,-0.8370733973782771,-0.5504307943593633,3.9924102767439247,7.074944294287948,0.7036364830795467,-0.8969247706003632,2.472420413749388,5.776585476871501,1.1605736418800194,-0.9502993327227734,7.67193766688014,2.923841520426992,-0.5821017767672949,0.015461333690721928,4.068701689308984,2.1529033758694056,-0.19767514118254312,0.12410124709939654,3.5165544287420505,2.343497554040549,-0.12464960930261353,-0.002162127436574887,6.875851181911227,3.6669727507601673,0.07516330821489711,-0.1845146161444129,5.463971629615369,7.668898033215598,-0.7064781798412992,-0.8416255990142135,6.552952175998072,7.952925793166101,-1.0169371055838543,-0.695709759460148,7.0896564664440715,3.061420885781307,-0.8210856097508449,-0.23078970442775595,6.250778563990952,6.084138724712616,0.03863814388445832,0.7168943310652387,3.1187841361319433,4.066859870988197,0.5778726016124276,-0.49071154465000394,6.191730493710635,2.891050846988218,-0.7574246192841207,1.2947231156128731
32,3.3398259279114004,1.2608692487544755,1.4818829236917408,-0.23242848463735763,5.549143528802108,1.1193382459604002,1.4999972072246248,-0.0028945324883514374,7.256361765450477,6.007419513654133,-0.6520278207448729,0.19395187024768507,2.918664673799,4.946411196654549,-0.4066380837392376,-1.305601745873287,6.108498764341802,4.0225123603659965,-0.03721859189223809,1.4995381877156575,7.658202882907063,3.522994973419365,-0.2729276640613333,-0.12340437093296884,3.8862119861246627,2.910086853765363,-0.16666741520183898,-0.1531390216546396,6.015041945877411,7.46864850749443,-0.8348406900568704,-0.5554169072537709,4.027592100897902,7.03009805575793,0.6726332190490129,-0.898313666424647,2.530449095843389,5.7290705102353625,1.192494064176236,-0.9099219235211575,7.642832578041776,2.9246145871115283,-0.5796189431195494,0.017227051269365384,4.058817932249857,2.1591084382243753,-0.19847406101194773,0.10924918067760035,3.51032194827692,2.3433894476687205,-0.12995405111622996,-0.012292743489650641,6.879609347321972,3.6577470199529465,0.062203206289380156,-0.1971274777671631,5.428647720623304,7.626816753264887,-0.7006251541783739,-0.7853620761867599,6.502105320718879,7.918140305193094,-1.0174674185556696,-0.6802058530357964,7.048602185956529,3.049881400559919,-0.9210856097508449,-0.2326215957138499,6.252710471185175,6.1199834412658785,0.017067193314943056,0.694518036262293,3.147677766212565,4.042324293755697,0.5744948162132822,-0.4786444983795665,6.153859262746429,2.955787002768862,-0.7561583201917449,1.2951554897829247
33,3.4139200740959876,1.2492478245226075,1.4867412545143708,-0.19899859829917133,5.624143389163339,1.1191935193359825,1.499977522981422,0.008211610713929243,7.223760374413233,6.017117107166517,-0.6507759991016109,0.18710803493527217,2.898332769612038,4.881131109360885,-0.431372927379439,-1.2848533039054302,6.106637834747191,4.0974892697517795,-0.025162964556829266,1.4997889268876177,7.644556499703996,3.5168247548727165,-0.26309692843998106,-0.12535877353007954,3.877878615364571,2.902429902682631,-0.15756057470422896,-0.15388779482577916,5.973299911374568,7.440877662131742,-0.8318291568847742,-0.5619102540881459,4.061223761850353,6.9851823724366975,0.6441142889792231,-0.8966440172248403,2.590073799052201,5.683574414059304,1.2014468322145908,-0.8980676529981051,7.613851630885798,2.9254759396749965,-0.5698239582648875,0.01896967862646434,4.04889422919926,2.164570897258255,-0.1990816054523311,0.09517632246532914,3.5038242457211086,2.342774810494238,-0.13470517383616099,-0.021429305968798756,6.882719507636441,3.6478906460645883,0.05170771430734218,-0.19923088786928472,5.393616462914385,7.587548649455549,-0.6977470998337431,-0.733883306659067,6.4512319497910955,7.884130012541304,-1.0203673384776748,-0.662345611688131,7.002547905468987,3.0382503207742264,-1.021085609750845,-0.21373243160896496,6.253563830850922,6.154709343078993,-0.0036777374384433757,0.6749910253833418,3.1764025070232287,4.018392068836719,0.5694968070888335,-0.4689572607318321,6.116051346736842,3.0205447772580083,-0.7530301170284681,1.292340246809693
34,3.4882571368217064,1.239297894607649,1.4921549639407505,-0.15321084683199604,5.69914226531241,1.119604099871679,1.4998816188435249,0.0188448787559587,7.191221574458153,6.0264725089132805,-0.651421723388748,0.18209331028731152,2.876764123243066,4.816888444165613,-0.4562604971801792,-1.2583084545235061,6.105379686519349,4.17247871609616,-0.020500879408165806,1.4998598981049835,7.631401653281997,3.5105568161962126,-0.25385496957511006,-0.12740725975189132,3.8700005866293594,2.894735512941342,-0.14911407517440856,-0.15427194424304977,5.931708453530329,7.4127821494273345,-0.8282658088475552,-0.5698055588246407,4.093429476299314,6.940350171575456,0.6181136287807623,-0.8919205955891716,2.6501461406629305,5.638671031409399,1.2036244727098977,-0.8951469872003259,7.5853604329725535,2.9264244236063197,-0.556170594003143,0.02014973317528559,4.038940148926644,2.1693297133815217,-0.19950447129191598,0.08188420732628876,3.4970889870293007,2.341703345195798,-0.1389404215390223,-0.029601738701918304,6.885304893351808,3.637929101671124,0.04287962214413172,-0.1951661819854802,5.358729107922698,7.5508544841225955,-0.6972021596865343,-0.688830971102236,6.400213582867211,7.851012731956898,-1.0249764296414292,-0.643314976672962,6.9514936249814445,3.027563699193778,-1.121085609750845,-0.164713629378143,6.253379943979,6.188458894348161,-0.02332286000707887,0.6581858446109022,3.2048773473776704,3.9949442058001274,0.5627783717334367,-0.4613255302713042,6.078399840885418,3.085161789598493,-0.748089723143794,1.2863574961863347
35,3.562864885018744,1.231637352266049,1.4963799731191263,-0.10414881683439112,5.774136346254586,1.120546343809477,1.4997186838609293,0.02904942819475166,7.158650488288715,6.035577174427646,-0.653696386756571,0.17910492712157716,2.8539510983840573,4.753973021439438,-0.48140011127952587,-1.2279454936039138,6.104354642548941,4.247471711001409,-0.02247395044130652,1.4998316310678215,7.618708904803241,3.504186453208618,-0.24513483804227867,-0.12942560818502039,3.862544882870639,2.8870219157291896,-0.14129510695435873,-0.15436789155463157,5.890295163087951,7.384291871486102,-0.8242764202632207,-0.5791299722473336,4.1243351577383525,6.895754141795997,0.594489624314518,-0.8842012590839041,2.7103273642984256,5.593913682049383,1.2011905217822747,-0.8984104465000542,7.557551903272397,2.927431910265084,-0.5407521116511258,0.02060931618268201,4.028964925362048,2.173423923747836,-0.1997504675559362,0.06936976916335844,3.4901419659523496,2.340223258260702,-0.14269986442527638,-0.03685205034233034,6.8874488744590145,3.6281707925718503,0.035186131887259685,-0.18767092744317965,5.323868999938371,7.516412935567484,-0.6983046008124775,-0.651224503989873,6.348964761385139,7.818846983123249,-1.0308436656512185,-0.6241294295105112,6.895439344493902,3.019328017724871,-1.2210856097508451,-0.07820986613069948,6.252213800978645,6.221368186578705,-0.03756803361705767,0.6402306284121101,3.233016265964342,3.971877929286562,0.554709064117795,-0.4532611737655031,6.040995354728229,3.14947966440781,-0.7413902638136655,1.277293463711536
36,3.6376838836747,1.2264299114243296,1.4988455490288572,-0.05883893401807503,5.849122280447633,1.1219988152192144,1.4994963986398382,0.03886580072704979,7.125965668950887,6.0445324207837245,-0.6561042676633154,0.17851142377546575,2.829881092820081,4.692575746759243,-0.5068561401997477,-1.1954966947589498,6.103230945026875,4.3224632925548,-0.03051182282879683,1.4996896441156298,7.606452162901127,3.497715172799367,-0.23690263231314157,-0.13139972649343415,3.855480127522921,2.879303521151458,-0.13407089388325627,-0.15423513999045482,5.84908134207479,7.355335372873736,-0.8196495073057815,-0.5908425987528783,4.154059638954078,6.851544078841802,0.572954922804895,-0.8736007775835952,2.7703868903875395,5.54899315972438,1.2027966853924401,-0.8962589657063182,7.53051429768984,2.928462376074218,-0.5248034016300405,0.020383682427346797,4.018977401984251,2.176892412206004,-0.19982865307265704,0.0576258255627437,3.483006972731086,2.3383806557435856,-0.14602397526771643,-0.043230325198445926,6.889208181053378,3.6187872461996915,0.028298702290306323,-0.17843343999986552,5.288953769897748,7.48385171036799,-0.7004007261628721,-0.6214372804359496,6.297422578102578,7.787640511647724,-1.0367065997009062,-0.6066946230263439,6.83438506400636,3.015417524418336,-1.3210856097508452,0.021790133869300524,6.250335399297793,6.2533797179993105,-0.04940339261849594,0.6233242037520912,3.2607517191702318,3.949214870598287,0.5454345432632107,-0.4442451123466688,6.003925841537545,3.213344337593387,-0.7329880666589307,1.2652401383081415
37,3.712626161126143,1.2234879647234258,1.4999025818343985,-0.01709517494807024,5.924097100379624,1.123942105255567,1.4992211590661033,0.0483313170572614,7.093160455567721,6.053457991972498,-0.6580927582338174,0.18031119644616278,2.8045382858100933,4.632800912021295,-0.5326535088450075,-1.1624856765047165,6.101705353885436,4.397447774760582,-0.044089429980045586,1.4993519007104485,7.59460703128547,3.4911451864746956,-0.22667124594929605,-0.13370170751549887,3.848776582828758,2.8715917641519355,-0.1274088014961693,-0.1539190175255588,5.808098866709501,7.325793242936092,-0.8164201890125558,-0.6078916783691147,4.182707385094323,6.807864039962622,0.553119113234538,-0.8602906665344658,2.8305267246571617,5.504180211439063,1.2101982895143166,-0.8862393018009429,7.504274127608338,2.9294815601955855,-0.5090324750604586,0.019586784883362202,4.008985969330618,2.179773703484141,-0.1997492298633742,0.04664154421918467,3.4757057739677,2.336219139483663,-0.14895214093777903,-0.048791543066415304,6.890623116167893,3.609865574199698,0.022022726278548066,-0.16847695557157616,5.253933733589604,7.452779846346193,-0.7028559865159308,-0.5993982341009746,6.245587248117533,7.757305780496407,-1.0422138387885465,-0.5920281284181389,6.7683307835188184,3.016507031111801,-1.4052747047902978,0.12179013386930053,6.247865229666868,6.284545928186915,-0.06024350521238707,0.6086197010022083,3.2880234463333924,3.927002614980953,0.5350051127696966,-0.4343212995288916,5.967276438204599,3.276606344508794,-0.7229424487735301,1.2502949123805531
38,3.7876212902178628,1.2226332059760223,1.4998474069309125,0.02139523130553843,5.99905815833293,1.12635867110843,1.4988982620097115,0.0574804327077113,7.06025581765603,6.062473551794806,-0.6599922029072061,0.18303838400310393,2.777905610367843,4.57467662819606,-0.5587722911151718,-1.130259312769089,6.099500882386433,4.472415369796104,-0.06275587702321515,1.4986866583442477,7.583273468988005,3.4844601010989207,-0.21397779336545755,-0.1367258071167849,3.8424061427539495,2.863895813275658,-0.12127640120738328,-0.15345306331375405,5.767277857258873,7.295398659017636,-0.8170783417495842,-0.6342475910630534,4.21036334075605,6.7648495066358985,0.5345288092775701,-0.844499447207729,2.8910366391328775,5.459868246349016,1.2224754781224938,-0.8692259231000765,7.478822503855315,2.9304608994397534,-0.49369242521987083,0.01847414898142418,3.998998507837449,2.1821057806951005,-0.19952329921499337,0.036402880170326155,3.4682581669208115,2.3337795623303426,-0.15152169784807,-0.05359307666942975,6.89172425248182,3.601441726421119,0.016840249217049328,-0.15787119036525465,5.218790934263808,7.422809934641144,-0.7053170347352093,-0.5843132400834857,6.193476556178106,7.7277043740755,-1.048335903926647,-0.5807196646814016,6.698067048279303,3.022596537805266,-1.454135084928577,0.22179013386930052,6.244853054406248,6.314976913237026,-0.07072854775555926,0.5967526165737383,3.3147737019718773,3.9052865500045084,0.5234728316803624,-0.4235349692506921,5.931129315765922,3.3391210901278217,-0.7113155011686172,1.232560216755384
39,3.8626136605644086,1.2237029675412991,1.49891943787517,0.056925554542616066,6.074003071433415,1.1292326927438154,1.4985320593937257,0.06634505987033978,7.0272562075106695,6.071625470994961,-0.6575555259085297,0.19313579558010324,2.7499669958120845,4.518163662557606,-0.5851413266615232,-1.100014500404194,6.096363088535273,4.5473497027133165,-0.08621400153451375,1.4964749638962327,7.572574579319732,3.4776238107430815,-0.19900898865598785,-0.1407741495101629,3.8363423226935804,2.85622316010997,-0.11564151573595993,-0.15286112073719826,5.726423940171394,7.2636862794644825,-0.8075740293636458,-0.6640900194405092,4.237089781219929,6.722624534275512,0.5167365405241986,-0.8264907994095739,2.9521604130390022,5.416406950194013,1.2345080429289488,-0.8520504045792928,7.454137882594321,2.9313846068888245,-0.47887836591380323,0.017281516776089967,3.9890223428766993,2.1839259247036167,-0.1991625534101575,0.026893007958605216,3.460682082028408,2.331099908496871,-0.15376744480002058,-0.05769289631021787,6.892566264942673,3.5935481669028566,0.013300913549726621,-0.1464875045546455,5.183525082527048,7.39359427263697,-0.7076614130788348,-0.5750498559906709,6.141059760981774,7.69866839084143,-1.0572051022325308,-0.573383120928003,6.625360294032874,3.0336860444987312,-1.4659721553072103,0.31768795989765236,6.24131662701847,6.344814544065713,-0.08119390422065698,0.5881921030724596,3.340947343555895,3.8841098015419737,0.5108913448363372,-0.41193249398062537,5.895563540707491,3.400749100965591,-0.6981718711318934,1.2121431512398926
40,3.937559632458167,1.22654924526843,1.4973115075917796,0.08976775163293325,6.148929674403101,1.1325499457373325,1.4981260858475505,0.07495485910264683,6.994378431215243,6.081282260773967,-0.6412326835625881,0.20495146659313318,2.7207099294790082,4.463162937537396,-0.6116308904024331,-1.072820008052062,6.092052388458547,4.622173450908128,-0.11269255886795147,1.485559301865633,7.562624129886933,3.4705851032675734,-0.18194984458795696,-0.1461030999735232,3.8305602469067823,2.8485801040731102,-0.11047226267267982,-0.15215917789263975,5.686045238703211,7.230481778492457,-0.7874315877806974,-0.6970144270848665,4.262926608246139,6.681299994305034,0.49934680580584034,-0.8065440150458961,3.0138858151854495,5.373804429965048,1.2444771384088138,-0.8374226244721418,7.430193964298631,2.932248682727629,-0.46462496857718183,0.01619825674418671,3.9790642152061912,2.185270575101547,-0.19867896071809887,0.01809274513827793,3.452993709788407,2.32821526368136,-0.15572139338848595,-0.0611481986721814,6.893231310620159,3.5862237916751245,0.011851915829189865,-0.13422430345994743,5.148142011873106,7.364841779837437,-0.7079434102400949,-0.5731630990454791,6.088199505870147,7.669999234795029,-1.067024784415662,-0.5707013358408354,6.552061686267514,3.049570442493614,-1.443947331301848,0.40622174292653396,6.237256931807438,6.3742241492193354,-0.09192288549169854,0.5834771271647877,3.366491910797712,3.8635131768429423,0.4973157130842118,-0.39956124316918357,5.860654947150897,3.4613562585275854,-0.6835785430931661,1.1891551118204
41,4.012425207837756,1.2310376328500765,1.4951784831702488,0.1201719745394682,6.223835978695479,1.1362976886924647,1.4976831642123036,0.08333750437241207,6.962316797037114,6.091529834103623,-0.6155291729123089,0.21639961418878315,2.6901283849588866,4.409521937134793,-0.6380444495985717,-1.0496335135622716,6.0864177605151495,4.696451416001409,-0.1402287183648332,1.4694569179709627,7.5535266376575345,3.463279948268897,-0.16298497483285437,-0.15294378675450904,3.8250366337731485,2.8409721451784784,-0.10573710614660155,-0.15135698350594054,5.646673659314176,7.195631057138214,-0.7581688394919693,-0.7308638902056733,4.287893948536431,6.640972793552739,0.4732221460352568,-0.784825620992969,3.0761096721058903,5.331933298741441,1.252614465669548,-0.825201187829606,7.406962715869772,2.9330585955648383,-0.45092701675317365,0.015384212485408852,3.969130267170286,2.1861752123584606,-0.19808447344678573,0.009980955559855878,3.4452076401189826,2.325157853747751,-0.15741268416381626,-0.06401438738244064,6.893823906411619,3.579512576502127,0.012857632122721821,-0.12102121477801515,5.112744841361101,7.336183624885162,-0.7043902303684152,-0.5790997352242344,6.034848266649364,7.6414641680029876,-1.0765458429175832,-0.5730771740147681,6.479864319702422,3.0698815296399404,-1.4167875454510979,0.4926591631692786,6.232660787532853,6.403398005577575,-0.10293763761482465,0.5829860838921056,3.3913576964519225,3.843535114684483,0.48280224376379866,-0.38646944239307623,5.826476019996238,3.5208140141186055,-0.6676046185775772,1.163711415508295
42,4.087184131996269,1.2370462315770498,1.4926443812751027,0.14836694728902974,6.298720136906094,1.1404645639110853,1.497205492384954,0.09151892466767578,6.931540338391499,6.102349814813063,-0.5836587122176062,0.22619463617986463,2.658226162478958,4.357040261456679,-0.6641096903593489,-1.0313138597936358,6.079406324596908,4.769924261899957,-0.16756646005002834,1.4505440658725632,7.545377388915892,3.4556327589311717,-0.14230224102690264,-0.16151744579013075,3.8197497784658183,2.8334042960031813,-0.10140492150716401,-0.15045945965528582,5.608765217339578,7.15908786262793,-0.7319123136422003,-0.7429486060359073,4.311555055838194,6.601731512503091,0.44176718978562224,-0.7639663607550369,3.1387403953893678,5.29067323934996,1.259043026291087,-0.8153592201893475,7.384416365032114,2.9338278061891088,-0.4377509779248937,0.014982737336502091,3.9592260434979467,2.1866742601364533,-0.1973907682653614,0.002534937553729159,3.4373370059107917,2.321957134378629,-0.15886766802156074,-0.06634441575817467,6.894466788017755,3.5734615157632263,0.016620787915088274,-0.10686165757581512,5.07752532984268,7.30722863812395,-0.6960743155966196,-0.5929662791623102,5.981020974503485,7.612810309302249,-1.0847374440071529,-0.5807780886307837,6.409024942429867,3.0945144877984045,-1.384640275154139,0.5768633360000185,6.227513905652112,6.43254730977218,-0.11415663256953727,0.5870855350475349,3.4154978086401124,3.824211642564829,0.4674083218936853,-0.3727060335284486,5.793095789067359,3.5789995848940204,-0.6503210958171451,1.1359309238244417
43,4.161816351060024,1.2444645789415014,1.4898082077227124,0.17456088966901906,6.373580411525341,1.1450405101444692,1.4948428503156006,0.09940038441733093,6.902357402780619,6.113659546622056,-0.5480690184037081,0.23362130276060536,2.6250206779609906,4.305474568466997,-0.6894690497619569,-1.0186284979110471,6.0710280015944065,4.8424514651935855,-0.19391222032399977,1.43045805997316,7.538262276864547,3.447556886641665,-0.12009823147785377,-0.17204669228614827,3.81467953239046,2.825881323020417,-0.09744507441204106,-0.14946792633944053,5.572169601657468,7.121940432326135,-0.7118064662407148,-0.7413419780080379,4.333643415327475,6.563533194465339,0.40752909250061053,-0.7431779340077052,3.201692546703922,5.249905278340493,1.2637932127331863,-0.8079769275477684,7.362528816135869,2.934576943055934,-0.4250412999627195,0.015130766220044386,3.949356505084679,2.18680100701414,-0.19660903603366342,-0.004269207925539391,3.4293936225097137,2.31863991359072,-0.16011006312005804,-0.06818836528081568,6.895297827413509,3.5681184328844355,0.02340346683503957,-0.09177049861214938,5.042721614062849,7.277580324165835,-0.685408816675744,-0.610496253743053,5.926784102303127,7.58377140487071,-1.0864805526798869,-0.5931500737310598,6.33979292867216,3.1233576545984056,-1.3477025674384193,0.6585573549205054,6.221806074023635,6.461901586524557,-0.12436980893008845,0.5947467353827183,3.438868224734797,3.8055763408884067,0.4511922424609153,-0.358320536279454,5.760579734276502,3.6357961310852422,-0.63180064957928,1.1059356658939141
44,4.236306761446159,1.2531926234249524,1.4867487271775301,0.19894276120531323,6.4483225540411215,1.1500105293653358,1.4887962605670184,0.1068560103615755,6.874953951860434,6.125340611760087,-0.510764528322754,0.23838510450655281,2.5905472254728927,4.2545431435714445,-0.7136701394058601,-1.0122560046564033,6.061332390578206,4.913974368192243,-0.21837333674095571,1.4100965983516478,7.532257365290654,3.4389545520273574,-0.09658534138096364,-0.18476358998705306,3.809807278669858,2.8184079267034448,-0.09382751231185857,-0.1483811495292511,5.536579278345433,7.084873333425733,-0.6988212470155237,-0.7315127454580267,4.354019869952506,6.526374297764954,0.3715103657848804,-0.7222211479386285,3.264882207340581,5.209506431963105,1.2565236044695935,-0.7967171860132052,7.341276751137733,2.9353334813669365,-0.4127233513030414,0.015966759268037575,3.9395260532829957,2.186587546617863,-0.19574982348607362,-0.010456245840340057,3.421388119353711,2.3152304953266793,-0.1611611539241161,-0.0695932042859911,6.89646800075526,3.563529907953828,0.033447022082427114,-0.07581057568020656,5.008451173229061,7.247055511478682,-0.6743973466699994,-0.6283306075192512,5.872460074669133,7.554113901184157,-1.0788005189156535,-0.609323825396776,6.272407800300239,3.156285522344431,-1.3145157271631134,0.7225291710656616,6.215587583577131,6.491638923293693,-0.13259808648550966,0.6049656573447834,3.4614278368578426,3.787660314074434,0.43421304420923035,-0.3433629113778631,5.728989701797538,3.691092914379938,-0.6121174117578185,1.0738504621020886
45,4.310644197805036,1.263139761485218,1.48352834513662,0.22168366916893567,6.522762367069473,1.1553533298834144,1.479163728436362,0.11387674469617065,6.849415725444296,6.137259866985414,-0.47346516318696974,0.24051351431257248,2.5548637185025997,4.203930343338624,-0.7361565858126765,-1.0127835649918835,6.050413723741158,4.984479198109826,-0.2278878745038732,1.3817399193495878,7.5274280982216055,3.429716372528005,-0.07200043053706967,-0.199915136071944,3.805115903054265,2.810988869226982,-0.09052286632579849,-0.1471962273930812,5.501638215994657,7.048297696152832,-0.6922941241426664,-0.7162186421138994,4.372595388241749,6.490263240368022,0.33397615076751136,-0.7011592686336383,3.3277083875640607,5.169670572662445,1.2344150388168842,-0.7801922154892625,7.320640583572581,2.9361318193303383,-0.4007039678110103,0.017637192911300035,3.929738562108692,2.186064734325846,-0.1948229192276299,-0.016051491147146744,3.413330061657505,2.3117508351123797,-0.16204001073276023,-0.07060268436145882,6.898140351859381,3.5597393791698178,0.0469904673021206,-0.059080169797543214,4.974731305895562,7.215638981102719,-0.6645164697776924,-0.6444122509899213,5.818520048723351,7.523647709914318,-1.0599234271248006,-0.6283555378205513,6.206682013942083,3.192411980897714,-1.2865321484950876,0.7712554900217008,6.208957679252856,6.521887206160932,-0.13868089385546684,0.6176746820965971,3.483138489068304,3.7704921685055406,0.41653034530768523,-0.3278834257581134,5.698383831209647,3.7447854374850422,-0.5919316112989295,1.040378139189857
46,4.384820615061868,1.2742239449436648,1.4801962590585758,0.2429383351161313,6.5967205534912905,1.161047167118223,1.4660500189575543,0.12045482064649699,6.825742467284948,6.149285542701043,-0.4365352648889625,0.24010959762154316,2.5180558892119658,4.15329116508903,-0.7562600037299798,-1.0206993115257676,6.0390193300159645,5.053566194077305,-0.22896186524380047,1.3493776767441132,7.523828076694752,3.4197206157244078,-0.04661517983031195,-0.21776651361327354,3.800589759737975,2.8036290578573277,-0.08750255855442181,-0.14590932316047536,5.4670235097875235,7.0124867640471376,-0.6898684070947879,-0.6995069029768602,4.389294195780125,6.45520527693634,0.2950619743839126,-0.6801198196482912,3.3894291395049048,5.1306609618879815,1.2007088780241537,-0.7607898182425838,7.300605385182031,2.9370136789759034,-0.3888699308762765,0.020302129199270613,3.9199974161473103,2.1852621597684885,-0.1938372867502719,-0.021080535419766386,3.405228061120867,2.3082207008943065,-0.1627637090141249,-0.07125733184359632,6.900489875224487,3.5567853706799406,0.06428727639760928,-0.041712567567472957,4.941505482406677,7.183418368553223,-0.6567782600332419,-0.6577391584942861,5.765523877367111,7.492229933023291,-1.028882267694461,-0.6490547160346809,6.1423554065173285,3.2309747553987993,-1.2373490628227757,0.8479193928266997,6.202023634560082,6.552770940265762,-0.14244009065786345,0.6327917672304092,3.5039650063336882,3.754097997217635,0.39820418126815565,-0.31193252000041277,5.668787250644701,3.796804344444535,-0.5441468966928125,1.0444555954411299
47,4.458830428014797,1.2863708616994713,1.4767910112046694,0.26284655071940866,6.670023054439168,1.1670699081505478,1.4495662428946259,0.12658375283632473,6.8039157040405,6.1612910225821205,-0.40043743926833636,0.23734953957373706,2.4802428890254666,4.102256199512741,-0.7731939717080436,-1.036379465699082,6.027571236753775,5.121035077914511,-0.22561401591335412,1.3155909372549908,7.521497317703236,3.408832290043744,-0.02074836030641275,-0.23860223709812078,3.7962146318102543,2.796333591699304,-0.08473891086903232,-0.14451625945202556,5.432530089432784,6.9775114188982945,-0.6897431381948225,-0.6837430093862961,4.40404729449932,6.421199285953925,0.25486527112847857,-0.6592583722735197,3.4494645834061126,5.092621470975852,1.159834531869794,-0.7414862666118299,7.281161888638217,2.938028785435867,-0.377084433204182,0.024140243958131948,3.9103055518097967,2.1842081329975,-0.19280103077702754,-0.025568998045152513,3.397089875670161,2.3046578343021267,-0.16334754086417524,-0.07159450937332038,6.903704239044368,3.554699742301567,0.0856207705121741,-0.02387839749506324,4.908666569405015,7.150531410628509,-0.6514822494985271,-0.6682459298282666,5.714079763982388,7.459777197221556,-0.9858790841059419,-0.6703822144894032,6.080487953376189,3.2733707250401345,-1.1757275159982796,0.9128852713026339,6.194901630027189,6.5844105286272825,-0.1436796150062271,0.6502174583905631,3.523875215397096,3.7385013712176143,0.3792948454663451,-0.29556067832225935,5.64157990581006,3.8490271242165917,-0.47441029201765395,1.0760760661935234
48,4.53266997857503,1.2995131892354417,1.473342553753205,0.28153457922604164,6.7425013665839,1.1733990957923641,1.4298294361858768,0.13225832466979054,6.783893832077083,6.173158499560808,-0.3657479960573826,0.2324988822784582,2.4415831904400647,4.050437226227787,-0.7860511178424912,-1.0600703610054902,6.016290535958107,5.186814624777261,-0.22031643896835987,1.2821174430779128,7.520459899687916,3.3969021781888378,0.0052196483165632135,-0.26272506977859683,3.7919776862668026,2.7891077787267027,-0.08220525129039577,-0.143012986154173,5.398042932523043,6.94332426842898,-0.6904905855865187,-0.6701929221966594,4.4167905580557445,6.388236367340249,0.21348904805726415,-0.6387338461478222,3.5074563099996023,5.055547157645261,1.1160493471645947,-0.7253386585463533,7.262307666978008,2.9392357976337737,-0.3651812906711243,0.029353590226813234,3.900665500270945,2.1829296830952423,-0.1917213988581096,-0.029542314795808176,3.388922498626952,2.301078108833461,-0.1638052135372438,-0.07164852744167384,6.907985277569977,3.553505822426814,0.11131844575736247,-0.0057912464091586305,4.876092456930088,7.117119114137096,-0.6484945568241,-0.6762620672883249,5.664785809777091,7.426258086497086,-0.9417590073980961,-0.6859291769201334,6.021701577576275,3.3190149886052662,-1.1010323888878073,0.9658548456460568,6.187717649276878,6.6169214015468105,-0.1421855764198009,0.6698313839265635,3.5428399576704135,3.7237233373015015,0.35986273260640944,-0.27881830138605873,5.617859391209177,3.902830927526268,-0.40435308395660124,1.107304592494006
49,4.60633710626269,1.3135899181967439,1.46987391750812,0.2991164766931652,6.813992838393194,1.1800120120258537,1.40696213403761,0.13747457282532888,6.765606432274214,6.184783443674731,-0.3331221302186242,0.22591770864062938,2.40228063454794,3.9974337081775126,-0.7938046016546534,-1.091865629634111,6.005274714009689,5.2509204969311565,-0.21459611025308165,1.2501869170889108,7.520720882103744,3.383765924699908,0.03082968105658749,-0.29045235706403405,3.787867423702283,2.781957129418994,-0.07987601367546444,-0.14139593582472448,5.363518403243717,6.909814622319147,-0.6908536672778061,-0.6591434159224926,4.427465010458608,6.356299675032858,0.17106830107173476,-0.6186887345723804,3.563258777357832,5.019280224717943,1.0791566029114747,-0.7012698382321692,7.244048602444452,2.9407034771451146,-0.3556530947506798,0.03462702046458197,3.89107943032804,2.1814525673554517,-0.19060479921610007,-0.03302554990038513,3.38073223795009,2.2974956824613773,-0.1641490287364776,-0.07145078433563731,6.913551199857845,3.5532162601063564,0.14124256000032767,0.011979654062866961,4.843667729088883,7.08330601077268,-0.6474128558847442,-0.6822364184520344,5.617697859407186,7.391961627651079,-0.9076760381138163,-0.6913660365403567,5.966649958131884,3.367307730887569,-1.0169502825895649,1.009644167486226,6.180608370455888,6.6504129707431385,-0.13772691139157067,0.6914882610769623,3.560833094300734,3.7097824222321987,0.3399681854543063,-0.2617555821774575,5.597641737011347,3.9581961571509683,-0.3428795630967015,1.1282996578336126
50,4.679830802138096,1.3285457420314022,1.4664025590984002,0.3156953193660986,6.884340945095074,1.18688574066712,1.381091940852585,0.1422297689653043,6.748950325763283,6.196079329106762,-0.3032481909262846,0.2180536826001285,2.3625904044652075,3.942840426695807,-0.7953154264702094,-1.1316791121203362,5.994544908497034,5.313429842785602,-0.20943238247658968,1.2207470250065349,7.522262366156573,3.3692433068467063,0.0551607168015607,-0.32268993851346184,3.7838736230185095,2.774887332627758,-0.0777268277322138,-0.1396622795178369,5.328975719879827,6.876857451523023,-0.6898372438463362,-0.6504528586735179,4.436018425512195,6.325365238304239,0.12782707309735605,-0.5992077195038024,3.617216607503406,4.984216732806335,1.0446430849142114,-0.6569932625939854,7.226265947706918,2.9424348281683437,-0.34983361411502506,0.03976008553245619,3.881549190367235,2.1798012898604324,-0.1894568430798979,-0.03604324135848148,3.372524786513266,2.2939231432445952,-0.16439004504275045,-0.07102992811610223,6.920613327857861,3.5538152428095,0.17370697888656644,0.027791661751944512,4.811297086294646,7.049194189850078,-0.6476659713866786,-0.6865978843438415,5.5723140575014956,7.357393325824061,-0.8824795314691468,-0.6898091515026517,5.915802444002406,3.4177899392618802,-0.9262877115189861,1.0465939917678215,6.173722024886309,6.684987383796987,-0.1300567179337666,0.7150134287110058,3.5778315035734494,3.6966946431233256,0.3196713451494897,-0.24442238519560613,5.580497758856512,4.014611140042649,-0.29093012871368623,1.1392944856671146
51,4.753150930093017,1.3443305079997072,1.4629414477748464,0.33136433178970276,6.953395542137703,1.1939972291153853,1.3523510971620918,0.14652239876971698,6.7337879162169685,6.206982013236769,-0.2768068271205551,0.20942652014735716,2.322824633141697,3.88625647108979,-0.7893471647079146,-1.1792144583551616,5.984073289373205,5.374467194035929,-0.20545979877475234,1.19458053650667,7.525020401996651,3.353108809921033,0.0769172117389825,-0.3605381456905802,3.779987281631899,2.767904218651866,-0.07573459663048121,-0.1378100971573332,5.29448385768751,6.8443348085893465,-0.6867842023234442,-0.6440750225931289,4.442409779167063,6.295404852329049,0.08406664929247869,-0.5803111969026162,3.6694487617491163,4.951367069676635,1.0053204376432985,-0.6116498078348419,7.208774267001167,2.9444228324449666,-0.3481355052307145,0.04515713614936494,3.8720763482132403,2.1779991277925084,-0.18828239612436062,-0.038619276077506495,3.3643052842611283,2.29037164683879,-0.16453822178443134,-0.07041202784364872,6.92929867680219,3.555204825897097,0.20889188820104168,0.04112250459800108,4.778913787725312,7.0148642956328855,-0.6485841223019032,-0.6896752893103748,5.528190080928038,7.322902868248929,-0.8646314821350506,-0.6836376340959224,5.869488058426456,3.4701196388502713,-0.8330561002799112,1.0798854833089349,6.167219188989621,6.720738055232537,-0.1189144174633721,0.7401979779207152,3.593815070830924,3.6844735238635455,0.2990320053886577,-0.22686812918285743,5.5659512524208274,4.071575864326005,-0.24944318449570818,1.1419689145271443
52,4.826298002481759,1.3608987245891924,1.4594999414690777,0.34620791563995024,7.021013096995808,1.201323349053871,1.3208760447117294,0.1503521384066061,6.7199475748609405,6.217453339244137,-0.25443269244995337,0.20060599409075372,2.2833572749063014,3.827295748172032,-0.7745896630876583,-1.2339328643837308,5.973800299434467,5.434196220861263,-0.2030609018979276,1.1723561807764435,7.5288662625836,3.335081902636504,0.0944835787327668,-0.40503087581677494,3.776200551800375,2.7610137137939996,-0.07387756078224306,-0.13583847654641934,5.260144647571337,6.81213105745969,-0.6812348332155329,-0.6400023781524132,4.446613111631687,6.266389292483918,0.040095391669567854,-0.5619873864307565,3.7197147836312814,4.920784579284893,0.9636773901442236,-0.567594970942846,7.191367491739631,2.946680689252435,-0.3510136656390633,0.05137856798875624,3.8626622284070224,2.1760681639886332,-0.18715054846430887,-0.041065432958345784,3.356078373171907,2.2868510454466078,-0.16460254483779044,-0.06962074771393877,6.939743271212242,3.557260951126997,0.2469865204803311,0.051304565367750625,4.746484581610217,6.980380531167366,-0.6494536289638945,-0.6916604232721923,5.484958506821285,7.288720986544132,-0.8525628843713152,-0.6746558436732554,5.82783525341246,3.524113913015718,-0.739985975351304,1.1117306711710866,6.161273468116452,6.757747954128573,-0.10402888971329392,0.7667935621867307,3.6087666711003568,3.6731301174044027,0.2781094707589728,-0.20914167360743843,5.553479093196042,4.128674310052362,-0.21817044564905372,1.1394931274580937
53,4.899272999555213,1.37820912037119,1.4560844923677427,0.36030258268040843,7.087056899231394,1.2088409559742013,1.2868069908297208,0.15371982855564872,6.707225940238443,6.227483638948675,-0.23667776938480486,0.1921856232056253,2.2446277917519186,3.765599104952846,-0.7528284914921385,-1.2914015535004526,5.963647254339571,5.492814029900085,-0.2024497792241863,1.1546842628435887,7.533590441520238,3.3148303588456653,0.1058448143899268,-0.4570810154664547,3.7725066737612627,2.7542217899666785,-0.07215322269725111,-0.13380729157865326,5.226082905910561,6.78013093855207,-0.6728395034858091,-0.6382312860132148,4.448617881215165,6.23828992316238,-0.0037990450196931924,-0.5442047421182737,3.7678986531384924,4.892404830737751,0.9213116392508338,-0.5265900535202671,7.173816808457678,2.9492496176518728,-0.3589523581945549,0.059193456133695276,3.853304700983807,2.174014892340716,-0.1861115748256591,-0.04362842136556516,3.347848245930017,2.2833700080609107,-0.16459303052888644,-0.0686784424264581,6.952092597236258,3.5598261793953845,0.2881693432679119,0.057480281173628564,4.7140119001620215,6.945797510003756,-0.649556051664464,-0.6926087614599395,5.4423303626027195,7.254988194360469,-0.8448668048363227,-0.664238437550331,5.790835954644895,3.579700446574272,-0.6489158323995916,1.1437431395928614,6.156072023630787,6.796087632237909,-0.08512275118893553,0.7945070007765332,3.6226721446383054,3.6626730337240305,0.2569624194815584,-0.19129120909844777,5.54257057091359,4.1856489664252665,-0.19593294522969534,1.135202260298807
54,4.9720772241736,1.3962242495052104,1.4526992145608504,0.37371779729401217,7.15139724877288,1.2165269474019837,1.2502874731829832,0.15662744610494875,6.695392051769202,6.237092920108956,-0.22398790526017143,0.1847585225917615,2.206986367177312,3.7010290272778232,-0.7155511306807328,-1.3183271898059012,5.953524765378361,5.550548243042265,-0.20374190869932104,1.1421800174553332,7.538882682239735,3.2919763080723428,0.10849818955629079,-0.517391478789145,3.7688990126264,2.747531425387746,-0.07057537995196977,-0.1318150960899113,5.192440930736271,6.748219374251409,-0.6613053242277693,-0.6387474987695877,4.448427928964181,6.2110796860564665,-0.04484568406205128,-0.5304954035032738,3.813964235101034,4.866075328061737,0.8792777917577849,-0.49004202699666455,7.155869190547951,2.9522092904585575,-0.37243881173172655,0.06964719543852772,3.8439991222425243,2.171833471272438,-0.1851365789884869,-0.04620374543031943,3.339618594403573,2.2799360859395876,-0.1645191592403209,-0.06760536012647672,6.966501064399654,3.562700193454066,0.3325742904470505,0.058545859133653746,4.6815340975787985,6.911167071930759,-0.6481944498728268,-0.6924565930521509,5.400087022360903,7.221776272482953,-0.8403725046927671,-0.6534509355785572,5.758390163024916,3.636887603553915,-0.5611391674174373,1.1771732595298705,6.15181588607134,6.835812982276736,-0.06191794496851244,0.8229948650335293,3.6355202656123833,3.653108473269108,0.23564877080918192,-0.17336415201816327,5.532773923652105,4.242409079440207,-0.18164215407437823,1.1316389207231066
55,5.044712184901643,1.414910139369911,1.4493463400616922,0.3865167351483981,7.213911622432029,1.2243583197072312,1.2114639260003397,0.15907807364412715,6.684192656506194,6.246330846238544,-0.21670106183081445,0.1789027732500035,2.171208810643275,3.6351126677875283,-0.676891634102978,-1.338587955900321,5.9433376699433955,5.607657243915031,-0.20384915488726338,1.1321313472865489,7.5443075917175495,3.2661067341328853,0.10226966736475027,-0.5837404498564668,3.7653702436288015,2.7409406705832504,-0.06915131765833975,-0.12992040267960636,5.159375664524882,6.71628199931293,-0.6464683098694749,-0.6415358907997932,4.446185644761078,6.184554915881303,-0.08247924286788855,-0.5207165608619654,3.8579281246889234,4.841573226711904,0.8383325177520716,-0.45916992181583655,7.137247249961365,2.955691650230484,-0.3919150711735052,0.0841476469052339,3.8347422932931,2.1695232840009218,-0.18420849717659965,-0.048728033934964755,3.331392636441557,2.276555817933264,-0.164387465371973,-0.06641863949961146,6.983129778922006,3.5656274864107487,0.3802354225280752,0.053080926704856805,4.649124375085157,6.876544242278151,-0.6449447291857676,-0.691772188516888,5.3580683971262655,7.189103725704025,-0.8381474154493006,-0.6431461902361274,5.730333204654044,3.6957462665304086,-0.4776726716859939,1.2130302441317895,6.148719988822914,6.876962725528412,-0.03414280352465433,0.8518582573348366,3.6473027041528425,3.6444402656682,0.21422555730491097,-0.15540704334213976,5.523691815948386,4.298991025476362,-0.17459703744171048,1.1304754981156673
56,5.117179501904728,1.434235976127331,1.4460265844164983,0.3987569650310265,7.274484818732046,1.2323122233894375,1.1704852488143047,0.16107586687956374,6.673357603414653,6.2552759849010435,-0.2143564851551415,0.1749008727839354,2.1373642289381265,3.5681832699925122,-0.6392982651309296,-1.3569442612725786,5.933145212199032,5.664263811279358,-0.20275603565217656,1.1242803753237336,7.549421075085787,3.236919711640062,0.09592561275410755,-0.6471372179501326,3.7619126777458844,2.7344446504492703,-0.067883755606006,-0.12815582660440583,5.127052249031408,6.68420520477294,-0.6274564812744375,-0.6470945298923364,4.442061682617684,6.158519087838204,-0.11668806760493092,-0.5140575713931929,3.899844750576527,4.818614730621112,0.7991170146270098,-0.43512183686508404,7.11765149640269,2.9598990325757457,-0.4176953579562608,0.1045732957404932,3.82553186843427,2.1670868823041736,-0.183317445996787,-0.051164339548388935,3.3231732631729582,2.273234885958283,-0.16420275824265734,-0.06513319011941074,7.002141550048409,3.5682815327459916,0.4309983894534767,0.03926207527062278,4.616877138625869,6.841955632852307,-0.6394002202703246,-0.6909722307580698,5.3161610263538,7.156946416192219,-0.836140185215708,-0.6346009173876975,5.7064495710697445,3.756397778736998,-0.40996576233267856,1.2350501108929635,6.147012848646681,6.919555638395154,-0.0015407281752928062,0.880638085776798,3.658013982018088,3.636669913501093,0.1927488022112238,-0.13746545200297142,5.5149619640763,4.355514800382146,-0.17453825309940887,1.1326597598418444
57,5.189480831125553,1.4541738243788822,1.4427394390103747,0.41049106095508264,7.3330090811727615,1.2403660167334156,1.1275023787429197,0.1626260201000041,6.662639779156896,6.26402102854024,-0.21644169921704726,0.17296305738455955,2.1053993156815802,3.5003360569288833,-0.6027346496413718,-1.3735759688206883,5.923007410416424,5.720477830045545,-0.20179797531855384,1.120025677902696,7.554217355723493,3.204562850742555,0.08948448534031901,-0.7074897157168156,3.758518489965584,2.72803685911905,-0.06677224675146637,-0.1265373479946537,5.095679424967686,6.651850478278323,-0.6033249979925466,-0.6558674967587413,4.436227279237437,6.132816209268545,-0.147319445320746,-0.5099967414781419,3.9398006013078777,4.7968586387778585,0.7615510295405972,-0.4186137718251162,7.0967667285048766,2.9651276973627705,-0.44982921396068337,0.13340596793274312,3.8163659961344307,2.164528665326754,-0.1824578527946951,-0.05349259860373839,3.3149631252608254,2.2699782264523125,-0.16396881346801345,-0.06376221338274933,7.023691469521084,3.5702446365095226,0.4843809316315467,0.014759457606891409,4.584907127612352,6.807407021314403,-0.630972657083659,-0.6902636990541253,5.274354017093015,7.125216370322834,-0.8325372401090725,-0.6289230677596014,5.685951282953111,3.8181502842816464,-0.35428641747091416,1.2488881906216218,6.146935812237916,6.963587542683994,0.03611940767452653,0.9088111707445656,3.667651422128649,3.6297966409009446,0.17127340210161657,-0.11958388283892693,5.50623505142133,4.412147788374238,-0.17727361901548816,1.1367200860888949
58,5.261617803076072,1.4746983774266362,1.4394834038522446,0.4217671514401705,7.389384200109908,1.2484973177384158,1.0826678673012837,0.16373472982273454,6.651817694196043,6.272669181409468,-0.22277456259450648,0.17340369464082134,2.0752625831995117,3.431657258487849,-0.5671572958640156,-1.3886441595125143,5.912917511650496,5.77647911394068,-0.20153373961270532,1.1204681383456065,7.558691579990509,3.1691883649567143,0.0829645720799899,-0.7647155579944562,3.7551798776280108,2.7217099917193175,-0.065814181184285,-0.12507037347373004,5.065513175068059,6.619057103440386,-0.5733698118845283,-0.6680400155753071,4.4288613069714,6.107316372194638,-0.1740946313545026,-0.5081755695872296,3.9778781527849074,4.7759279501866025,0.725787064443328,-0.4103553540660627,7.074275267806843,2.971797995759408,-0.4878800029114266,0.17388782702804376,3.807243103494696,2.161854035396567,-0.18162669881783217,-0.055703445027408593,3.306764684587425,2.266790115783175,-0.16368875513823378,-0.062317518596207794,7.047910516102661,3.5709826093898673,0.5393552401919043,-0.023381395661721892,4.553358494758169,6.772893836361697,-0.618923016511717,-0.6897124563142704,5.232727155087561,7.093770216934853,-0.8263044712847233,-0.6268393987898824,5.668236962079566,3.8805946938127276,-0.30873273616068614,1.2576565318254045,6.148741782621642,7.009028101221222,0.07903107840467821,0.9357876309775449,3.67621509223373,3.623817446758998,0.14985301498922143,-0.10180568927397614,5.497371370470555,4.468983792678682,-0.17951565443385198,1.1419904631089937
59,5.333591973268684,1.4957867349986447,1.436256171936079,0.4326294125178274,7.443517593474972,1.2566840542295525,1.0361354626988313,0.1644091567521467,6.640678966066318,6.281339366141509,-0.2332880193851545,0.1765840176169254,2.046904718406311,3.3622250505122233,-0.5325175513239201,-1.4022927859516272,5.902840824669861,5.83250252085796,-0.20214187542697812,1.1266723498104634,7.562839808594508,3.1309525870569916,0.07638394543781823,-0.8187420299258638,3.7518891685687965,2.715456473045631,-0.0650055056657596,-0.12375369818237195,5.036844684473833,6.585655102661621,-0.546235014516722,-0.6771343704886352,4.4201565754036745,6.081907593715276,-0.19662245607331713,-0.5083219976196272,4.014167506007074,4.755410182483299,0.6922053501208008,-0.4110752702222,7.049881267661271,2.98049238711081,-0.5305715833298678,0.230195734686602,3.7981617685538045,2.1590688631451966,-0.1808224533119291,-0.05779420576572751,3.298580246830513,2.2636742398533647,-0.1633652640031611,-0.060809725967293955,7.074878278112256,3.5698135396067814,0.5940103185195067,-0.07886387495854344,4.522412343932583,6.738408213545983,-0.6024482411771659,-0.6892698881476136,5.191411931523325,7.062428246995359,-0.8167243010672252,-0.6289017742682893,5.6528003252715315,3.943477520403998,-0.27243953853361513,1.263074349318902,6.152693336541876,7.0558174827701,0.1273361808538582,0.9609100254199393,3.683707742983191,3.6187271622952992,0.12853995404938215,-0.0841729908410518,5.488395587748863,4.526083315834132,-0.1812563214868926,1.1475013682495148
60,5.405404781865488,1.517418205624536,1.4330547741059907,0.4431185105725424,7.495324366609914,1.2649045120671598,0.9880596985431869,0.16465738618376674,6.62901456509706,6.290168567022356,-0.24801462472196745,0.18294836290130306,2.020278840840115,3.292110411214642,-0.49876315456745346,-1.4146502449884646,5.892733730898512,5.888836138348483,-0.2034513277572623,1.1396397085162886,7.566659005866399,3.0900154855606985,0.06976042303150089,-0.8695060511639999,3.7486388932855084,2.7092687881365127,-0.06434123759658558,-0.12258208986455178,5.009532933747996,6.5517983841371885,-0.5353675703558469,-0.6745476838456824,4.410325452600008,6.056491493834295,-0.2151210788187496,-0.5100860952829588,4.048777773513114,4.734856418972189,0.6614288618819779,-0.4215268927266957,7.023352688494778,2.99200217384514,-0.575229727091457,0.30761169770488384,3.789120645888208,2.15617915285691,-0.18004443239214285,-0.0597663135275941,3.290411983630355,2.260633753555,-0.1630006927473904,-0.05924841015559386,7.104578794038231,3.5658703458588543,0.6459856980034037,-0.13369777038207992,4.492289931873724,6.703944719138603,-0.5827753857598112,-0.6885786767684515,5.150575716469963,7.030983158281945,-0.8016160469794864,-0.6347511431281905,5.639178348344851,4.006631237869943,-0.24520878655854844,1.265967897409125,6.1590601455845695,7.103862984041097,0.181109501344136,0.9834548103047877,3.69013474068566,3.6145185127532464,0.1073850870955658,-0.06672659564576562,5.479332771674518,4.583458384246608,-0.20789754015792386,1.1408163077824323
61,5.477057520570788,1.5395741311531632,1.4298756915985844,0.4532720006524449,7.544727351537073,1.2731373813763482,0.9385954898346864,0.1644883869877159,6.616613833860962,6.2993159851674205,-0.26703085293006446,0.19302569109079548,1.9953406831117424,3.2213778989652186,-0.46583945175007113,-1.4258308473283896,5.8825611645106495,5.9458181237742975,-0.20172558203203303,1.1544077933189736,7.570147027017974,3.0465401830024983,0.0631115288217469,-0.9169541167963681,3.7454218314056793,2.7031396836432853,-0.06381583069732306,-0.12154796862827572,4.9827645552302045,6.5180709999449045,-0.5372290681493391,-0.6645031892764884,4.399569398659071,6.030987189070147,-0.23111727827752504,-0.512940109983681,4.081849216607213,4.713780074335855,0.634354531369806,-0.44247849962470226,6.994591202140205,3.007382758730384,-0.6163434477133413,0.4076116977048838,3.7801184242686006,2.15319083718053,-0.1792924153217694,-0.061623640828566785,3.2822619489929856,2.2576713330472202,-0.16259713103674278,-0.05764220963181159,7.136878078938401,3.5591854573397503,0.6951766672039045,-0.1869636587326316,4.463151162585734,6.66951578530018,-0.5653038927814391,-0.6876388162316105,5.110494914120989,6.999245601125535,-0.7768528877144056,-0.6424258804868591,5.626917909016924,4.069929632740399,-0.22780601236291792,1.2654269005132062,6.168115620651776,7.153035724556337,0.24034185353440646,1.0026366979679644,3.695503995040438,3.6111821829709583,0.0864377419304714,-0.049505927853258955,5.468937894666622,4.640499199635729,-0.24683949555641876,1.123912083418939
62,5.548551305150717,1.5622377311857853,1.4267149420158887,0.4631246854018902,7.5916571260288075,1.2813618007257341,0.8878977370975406,0.1639119693061069,6.603262291214459,6.30896726972196,-0.28931790850603023,0.20686413735646234,1.9720487105242388,3.1500863565987993,-0.43369033776388444,-1.4359361723037163,5.872474885409048,6.003538513440247,-0.19715137578690523,1.1705427437280858,7.573302603459061,3.00069247716268,0.05645445590965804,-0.961042215660017,3.742231039870813,2.6970622852118713,-0.06342343407112687,-0.1206424934876409,4.955903101822737,6.48484584048108,-0.5484599097666242,-0.6503662858824719,4.388013534745195,6.005340183570962,-0.24603373884449936,-0.5164700815041554,4.113566943175703,4.691656149354619,0.6121087719492957,-0.47464944552473803,6.963774029754537,3.027763343615628,-0.6545006730572246,0.5076116977048838,3.771153803502512,2.1501096551391017,-0.178566418780543,-0.06337143226978828,3.2741320924411483,2.2547892225656296,-0.16215644543506566,-0.05599891765863751,7.171636912298596,3.5498372744031186,0.7415228979293842,-0.2385636554484643,4.434885967946662,6.6351338444886,-0.5500357619810644,-0.6854505245544954,5.071652269735268,6.967124307101193,-0.7434455287945805,-0.6491477531625901,5.615527608398778,4.133200977766059,-0.220778356106273,1.260753956414253,6.180132713328497,7.203167559454735,0.2988925280849588,1.0187257812848376,3.6998258821369614,3.6087068865782954,0.06574561767676547,-0.03254896026645056,5.456595919888801,4.696694803806676,-0.271700861963958,1.1056040137710659
63,5.619887052251511,1.58539396545588,1.4235681433302774,0.4727089393011169,7.636052012883685,1.2895573991910394,0.8361209394542367,0.16293874109906883,6.588796395789157,6.319310476589783,-0.3140522629093417,0.22459524425933966,1.9503641936360445,3.0782895479836134,-0.40225897217975165,-1.4450563031594614,5.862617316619702,6.062065650626651,-0.18984309343238198,1.187660212896554,7.5761253262545445,2.952640366379679,0.06433002224535027,-0.9914173712354274,3.739059868167257,2.691030160537489,-0.06315807525056057,-0.11985626030365859,4.928480106334406,6.452327526186957,-0.565745122623756,-0.6346215630864318,4.37571184780297,5.979516679495754,-0.2610688275249493,-0.520253837927687,4.144172381773168,4.667923677078383,0.5961483391001182,-0.518684801739356,6.931048996101676,3.053143928500872,-0.6901631091482274,0.6076116977048838,3.762225482563485,2.146941083525612,-0.17786656673367252,-0.06501562482474836,3.266024270169395,2.2519892766826977,-0.16168030559888413,-0.0543255604783454,7.208713057195065,3.5379090916306954,0.7849725312187172,-0.28840624309956964,4.407384179847608,6.600861318260875,-0.5406810562831349,-0.6820393427809254,5.034479993295539,6.934666919443063,-0.7118585117839635,-0.6512862863491807,5.604488690593464,4.1962386755867715,-0.22463255201517784,1.251239440637648,6.195077339732745,7.254103848518977,0.3553785811379113,1.0319060457738691,3.7031131630207996,3.607079438564973,0.04535470217457602,-0.015892152049679222,5.443010876790603,4.75197500449523,-0.27034714473565574,1.0915266859086912
64,5.6910654594180246,1.609029412420936,1.4104520714244582,0.474977920453307,7.677858059856397,1.2977043362459928,0.7834188174092716,0.16158006367394145,6.57309378264369,6.33054023880275,-0.34050591548896136,0.24640821091260326,1.930251245027057,3.0060367328256405,-0.37148831198331855,-1.4532709431003514,5.853125161948083,6.1214486612714785,-0.17988868556125973,1.2053976464371592,7.579341827366812,2.9030694978179077,0.08730793810162638,-1.0080063204988448,3.7359019644047287,2.6850373475223064,-0.06301378818859311,-0.11917974465254326,4.900192850203218,6.420596448032635,-0.5836130406357739,-0.6187762281978393,4.362658406426722,5.95350398759937,-0.2770061916451896,-0.5239313293215233,4.1739797987281735,4.641989436991415,0.5883556014284145,-0.5750993880546711,6.896540840644265,3.0835245133861164,-0.7232977326543122,0.7076116977048837,3.7533321542268014,2.1436903022843747,-0.17719301708848,-0.06656241969335655,3.257940254889451,2.2492729986587805,-0.16117020650980532,-0.052628470130091067,7.247961683756001,3.523488779475717,0.8254821164309935,-0.33640635692077614,4.380350127033451,6.566759351121829,-0.5373568219626289,-0.6785184532596744,4.998887067706341,6.902102605125604,-0.6816694637913158,-0.6496801588907857,5.593257062992706,4.258800647618654,-0.24000011041916128,1.2357938723262025,6.212846268789641,7.30569915080767,0.40970525154432763,1.0422099891974628,3.7053808981295284,3.606284830962489,0.025309195515749384,0.00042960836233895197,5.42949351955382,4.806551338790665,-0.23803243670577506,1.0859454725528754
65,5.761588062989247,1.6327783084436012,1.3856445879126955,0.47035022178403074,7.7170290007268605,1.3057833394296898,0.7299439460667949,0.1598480063316946,6.5560684868692425,6.34286064934838,-0.3679796086151681,0.27252724719235044,1.9116768294278912,2.933373185670623,-0.34132149589881944,-1.4606504155469207,5.84413072767002,6.181718543593337,-0.16738326860165012,1.223401692957677,7.583707224271893,2.8526691817929652,0.11992227588508528,-1.015002185935128,3.732751274995299,2.679078360289679,-0.06298470235271328,-0.11860357813076396,4.871012198171429,6.389657636622743,-0.5985361564222986,-0.6040405374070238,4.348808096844463,5.9273074211332935,-0.2934970566255455,-0.5274726437119213,4.203397578799594,4.613234467588682,0.5911092048793951,-0.6441771607561105,6.860375954011549,3.1189050982713606,-0.7538785827998743,0.8054758984463086,3.7444725033723776,2.140362181299707,-0.17654592124110494,-0.06801801697872419,3.2498817445639605,2.246641575152276,-0.1606274854871496,-0.050913348539244105,7.289235789577551,3.506668461629678,0.863016530684916,-0.38248545228870356,4.3534822859353195,6.532833428458845,-0.5393390750876597,-0.6752467721595311,4.964803594516775,6.869618597181065,-0.6523893439434657,-0.6453562336839109,5.581257057471747,4.320590341234964,-0.26733376350677085,1.2138354740946506,6.233331531366858,7.357809650267543,0.4617853087377387,1.049676568921032,3.7066463579053157,3.606306311380606,0.005651439767956977,0.016383055144180866,5.417591897718531,4.860848612418309,-0.1684525049220586,1.093801106038899
66,5.830870292384882,1.6562958195328028,1.3542010256255135,0.46244956684485866,7.7535261980302,1.3137757397462746,0.675847399464357,0.15775530026381906,6.537669506438484,6.356487011707998,-0.39575754065491414,0.30319012941028173,1.8946107546329503,2.8603406648932768,-0.31170210895684297,-1.4672565540054188,5.835761564239937,6.242888628241221,-0.1524540606728812,1.2413263051674381,7.589703338066148,2.801919072496209,0.15661496420698115,-1.015203076790949,3.7296020398776633,2.673148181383141,-0.06306510356463912,-0.11811871553965582,4.841085390350314,6.359455609752391,-0.6098885803373422,-0.5921329305657735,4.334133244013186,5.900933788947698,-0.3098146394499317,-0.5308613072652044,4.232953039043563,4.581025609550876,0.6074763998363645,-0.7258525200942928,6.822682024871556,3.159178893193676,-0.7818866673601615,0.8991244649249357,3.735645207310322,2.1369612804507705,-0.17592540582083013,-0.06938845483533204,3.241850370289603,2.2440959077253138,-0.16005333864284327,-0.049185327851237186,7.332386616111797,3.4875441890152428,0.897548879291413,-0.42657155438013084,4.326515332180937,6.499071089850869,-0.5452011189675618,-0.6724898227291378,4.932184127319602,6.837350785496869,-0.6235186861570351,-0.6393732769154415,5.567890369296409,4.3812821149396965,-0.3068420400377167,1.186819833126171,6.256420796803745,7.410293478713595,0.5115391013724537,1.054350959178518,3.7069289298937136,3.607125464137815,-0.013578145074929986,0.031936591735570875,5.409169272472428,4.915538667720254,-0.0684525049220586,1.1181740776705154
67,5.898580343666158,1.6794182978750458,1.319496885273927,0.4535983532044831,7.787318568003418,1.3216635047594656,0.6225923456998795,0.1433796545257925,6.517881629405738,6.371646518178512,-0.4230763392849402,0.3386260028314464,1.879025649185108,2.786977837193006,-0.282075800200926,-1.4705443967176606,5.828138861206293,6.304954943499593,-0.13527885902811299,1.2588386219661003,7.597534086276497,2.7511589186566616,0.18915559986564318,-1.0033748810037537,3.726448784699431,2.667242245606158,-0.06324947483499692,-0.11771653106890724,4.810590961333447,6.329848963224102,-0.6167019296849656,-0.5850855552392736,4.3186425120406895,5.874390723584438,-0.32560885496449155,-0.5340727935609141,4.263326859035382,4.544732983546162,0.6416777343379165,-0.8195439127844524,6.783587691503548,3.204135116439923,-0.8073098533494419,0.9884181274954813,3.7268489370192808,2.133491857709004,-0.17533156420327703,-0.07067951667666908,3.2338477033574606,2.241636641332752,-0.15944883540204555,-0.047449024807985164,7.377264060076367,3.4662156112962363,0.9290603778560352,-0.4685992902885507,4.299255276232558,6.465446598714412,-0.553478967550993,-0.6703849590697224,4.901008193011751,6.805382121651097,-0.5946363851547535,-0.6329248589468588,5.552548267294523,4.440623106596005,-0.3591003446618879,1.1605210896478242,6.2819977518723675,7.463011026672521,0.5588945859194565,1.0562842982572644,3.706250022639967,3.6087222937245937,-0.032341118896164665,0.047060332274315685,5.405746647226325,4.97144737160378,0.03154749507794141,1.1478414473638596
68,5.964555187929854,1.70209821553527,1.2835518940455486,0.44509086356424954,7.818448185288411,1.328832487485755,0.5703663071135849,0.12055868444042518,6.496727812441491,6.388577818320084,-0.44910450342962094,0.37903111135836753,1.8649218591750618,2.7134506173571227,-0.25241089389151483,-1.4700819019770828,5.821374918254888,6.367896874597897,-0.11609905014292758,1.2756307098350173,7.606991866269778,2.7009901746064737,0.2179303036374369,-0.9839183374590894,3.7232863109576813,2.6613564190527126,-0.06353252265525643,-0.11738886833424834,4.779755864849199,6.300594685462139,-0.6157897054709722,-0.5843968534182119,4.302362069292465,5.847687083906392,-0.340877817713432,-0.537111208415748,4.295410745752277,4.503755787906939,0.6943044394414468,-0.8502163619416397,6.743222198836076,3.253556022814697,-0.8301076660037389,1.0732129783129865,3.718082358809117,2.1299578818751708,-0.17476445586672154,-0.07189668132510514,3.2258752615873583,2.239264190092353,-0.15881493284850126,-0.04570859166518035,7.423717078969169,3.4427856467818088,0.9575402167583134,-0.5085099039133097,4.271581327855008,6.431927350760926,-0.562616256564876,-0.668939994891208,4.871276373754013,6.7737358787037545,-0.5674776515541206,-0.6269622808676562,5.5345932500614285,4.498649161078396,-0.42757107378316406,1.1420430221883824,6.30994248116834,7.515825241585384,0.603787335599353,1.0555334264610958,3.7046329666951587,3.6110753103383093,-0.05060107300918115,0.06172613782025295,5.407324021980222,5.0288394439719735,0.07134447915209516,1.1554373713071298
69,6.028732782632131,1.7243527587134824,1.247738076648038,0.43769435758687447,7.846966500644091,1.3348604217077764,0.5191997311872506,0.09226486553864797,6.4742725872700095,6.407529373888003,-0.4729309460235401,0.4245420181833421,1.852301314480486,2.6399465222582688,-0.22278242073933663,-1.4659546086132254,5.815569965747741,6.431678410089648,-0.0952272398623161,1.2914356953005264,7.6178883814516505,2.651794257733519,0.24330111154292564,-0.9598348951292729,3.7201096848249184,2.6554869756360002,-0.06390919276396669,-0.1171280606143388,4.74896637957565,6.271374842791229,-0.6052616451838742,-0.5882857730356641,4.285318178406793,5.820831523485604,-0.35544838251117356,-0.5400188483444397,4.330125967724349,4.461244969809857,0.7125942558106615,-0.8654616484535996,6.701716815535889,3.3072166717303464,-0.8216570824095164,1.1387797040100387,3.709344136015781,2.1263630478089155,-0.17422410826545995,-0.07304510035669073,3.217934514944933,2.236978760509094,-0.1581524876389832,-0.043967761117594234,7.471594089807085,3.417360151586143,0.9829854087433945,-0.5462512539717285,4.2434505150267645,6.3984803510163655,-0.5705684059857268,-0.6679989290258542,4.842902491176306,6.742387764660371,-0.5535938135454066,-0.6203958251370495,5.513214696372271,4.555751312187815,-0.4943860639526655,1.1202771555338011,6.3401318479483075,7.568601912908439,0.6461605300724536,1.0521606157141883,3.7021029130447,3.614161617229322,-0.0683236754721318,0.075907647396856,5.410891245937827,5.08661131253733,0.06915965993050457,1.1439130834341975
70,6.091119686464533,1.7462374765928261,1.2130087149389586,0.4318256040336139,7.872926487203453,1.3394736649847088,0.46907828994919204,0.06049450148452644,6.450626039968832,6.4287564747971695,-0.4941454220449414,0.462869352000921,1.8411621934435192,2.5666487918276073,-0.19326363218123407,-1.4582552928285217,5.810808603754626,6.4962501948546745,-0.07304900825611245,1.3060468437895123,7.6300534370287965,2.6038025129770554,0.2655516441773968,-0.9331319747869412,3.71691422518672,2.6496305726052833,-0.06437462278008747,-0.11692689783692103,4.718703297316456,6.241960554139445,-0.603928517982578,-0.5867021469310623,4.267545759281234,5.793830581068383,-0.3685457117996498,-0.5428357389336826,4.365755680514883,4.417971887387177,0.7102712242333026,-0.8739081412428431,6.660633961415413,3.364155656930848,-0.7959193621698774,1.1932118628253428,3.700632930602508,2.122710792791081,-0.17371052125921285,-0.07412959265261004,3.210026890562984,2.2347803724532143,-0.15746226838258742,-0.0422298889057058,7.520743360244254,3.3900475888875565,1.0054006203869528,-0.5817777955189034,4.214922094727478,6.365080404565073,-0.5752769840350124,-0.6672348950130704,4.815222800499036,6.711367973403519,-0.5479310884949719,-0.6142364471390803,5.488495393174637,4.611765169964505,-0.5493826595549385,1.0851814698833826,6.37243987445193,7.621209943694148,0.6859649263447282,1.0462332916698007,3.698686729271093,3.6179569995991647,-0.08547671019098575,0.08958030388949334,5.414349228934352,5.14380696670904,0.07238703898341627,1.1235062746019953
71,6.151770122211481,1.7678287567945068,1.1800421309776488,0.4276633825577292,7.896380401700913,1.3424983900589351,0.41996640888037085,0.026624254061219405,6.425918768866586,6.451899942397215,-0.5163950929220411,0.4836384755590936,1.8314990118344574,2.493736027186181,-0.16392585728523573,-1.4470835734169025,5.80715615334182,6.56155253704415,-0.04821417742565025,1.319147532006018,7.6433310192376664,2.5571459142377084,0.2849196356900907,-0.9051789612613047,3.7136954940477156,2.643784227713437,-0.0649241660162654,-0.11677863306650069,4.688506871417328,6.212625446792892,-0.609698494176803,-0.5799218083142366,4.249118473691251,5.766688794121698,-0.38061479481016347,-0.5456812223371355,4.401269241726548,4.374276480325035,0.696817710040907,-0.8814676984700168,6.620837993306919,3.4238162500721154,-0.762587212171203,1.2418055925143,3.6919474045395475,2.11900431315845,-0.1732236700012857,-0.07515464117158485,3.2021537771438546,2.232668878007929,-0.15674496592468617,-0.04049799137976262,7.571013391263602,3.3609586991116114,1.0247979882175637,-0.6150505453924696,4.186158245525728,6.3317186598144195,-0.5792645252699644,-0.666621817115028,4.787826246074288,6.6806561510465645,-0.5391952790904406,-0.6097112847409077,5.46102626019689,4.666024243458674,-0.5942866347499678,1.0418350572400872,6.406738120769167,7.673521608277638,0.7231588113850148,1.0378237491872375,3.694412893761544,3.622436014793639,-0.10203010985318801,0.10272137485132261,5.417968580883523,5.199982280439139,0.08136706428900528,1.0902793820558525
72,6.210772228760363,1.7892119259223933,1.149335277863878,0.425221690079064,7.917378722144932,1.343829602761996,0.3718156212895809,-0.008360584928431385,6.400099014220483,6.4760818661751705,-0.5449262424757135,0.4878643475282791,1.8233027189701956,2.421381848515336,-0.13483836768118426,-1.4325455087585026,5.804745444470537,6.6275099136444515,-0.018022129399095713,1.3299132105695755,7.657577001022171,2.511886966174643,0.301612908625045,-0.8769353626888372,3.7104492857469022,2.637945296060112,-0.06555355515254079,-0.11667706331428984,4.658021946708487,6.18362935637718,-0.6165698265253668,-0.5697806458934866,4.230087733950743,5.739404733004841,-0.3917658738807802,-0.5485425730195688,4.436110127228593,4.330203095401534,0.6790549949149539,-0.892283179555178,6.582708632698359,3.4859065296978304,-0.7286448662813622,1.2879940017139218,3.6832862210394834,2.115246581099871,-0.17276350819299835,-0.07612440074883989,3.1943165288476205,2.2306439784389407,-0.1560012028233171,-0.03877477972924756,7.62225329067448,3.3302061718419878,1.041196920301442,-0.6460370320303994,4.15719501926223,6.298387568958668,-0.5842530426176015,-0.666309845692406,4.760866482119766,6.650170586809519,-0.5197978044644261,-0.6077734865035905,5.431311928459392,4.7181159963206785,-0.630660456869726,0.9943036947951169,6.442896061338418,7.725412795737,0.7577079369834324,1.0270088620375637,3.6893113882688846,3.6275720835362053,-0.11795598274835777,0.11530996827938243,5.422036934097973,5.254496249541932,0.09536790094703988,1.0421799252800596
73,6.268238992653557,1.8104730104263465,1.1212649422478833,0.4243971551509396,7.935969503209411,1.3434115735155745,0.3245664032256109,-0.04372063448752755,6.372852702096698,6.500475083551584,-0.5849044583439488,0.4772919800618481,1.8165608005861364,2.3497545730774108,-0.10606825067402101,-1.4147531867830203,5.803844338000583,6.69400557417293,0.020056318527940264,1.3369546948639555,7.672657646453423,2.4680401980402014,0.3158149400403021,-0.8490974153202252,3.707171607989275,2.6321114428943977,-0.06625875999927018,-0.11661641569876983,4.627193455382219,6.155140324082506,-0.6238296801987642,-0.5576277533866966,4.210499440256704,5.711977604353863,-0.4014916761177222,-0.5512664818662973,4.470062876974341,4.285588936423775,0.6622331987011976,-0.9093306008896541,6.546276389384291,3.5503062297835264,-0.6965595391298729,1.3284595622175253,3.6746480456298336,2.111440361062429,-0.17232997821880428,-0.07704273371006974,3.1865164687064547,2.2287052394524784,-0.15523154208030016,-0.03706269126933192,7.674313136689552,3.297904320240468,1.0546238841126794,-0.6747112301388998,4.12798236713135,6.2650720766740475,-0.5903762098894886,-0.6664043458976802,4.734876591896545,6.61978191248434,-0.5015726321412829,-0.605737074181626,5.399778905615905,4.767831181060434,-0.6595246950499033,0.945105635577598,6.4807814581875895,7.776763238838878,0.789585437413427,1.0138697876936638,3.6834135891314665,3.6333375819501743,-0.1332286335465153,0.12732704343461246,5.426805329145324,5.306605245805935,0.11297079256554003,0.978653269578112
74,6.324302239765951,1.8316928681838935,1.0935536934348258,0.42379424061827536,7.952197823370692,1.341225541791198,0.2781480901542304,-0.07887059411142792,6.343607479179501,6.524339682554676,-0.6381809719114334,0.4656348496919535,1.8112573880524354,2.2790169137382597,-0.07768029067283387,-1.3938243090850289,5.80484715392698,6.760853308916128,0.06870732192722956,1.3380951478685104,7.688448393455438,2.4255853272741903,0.3276842481778747,-0.8221921246383687,3.7038586699893115,2.626280622109459,-0.06703598301018637,-0.11659132655978222,4.596001971372281,6.127258936413171,-0.6310807490635632,-0.544393485053647,4.190424856450818,5.684414280260548,-0.4095071110600625,-0.5536905954656862,4.503174536909401,4.240122406379292,0.6513627817401813,-0.9349766598239508,6.511448412427797,3.6167292078944024,-0.6623435754780786,1.3458458262456792,3.6660315467188935,2.1075882243769253,-0.17192301459335377,-0.0779132230313528,3.1787548916024395,2.2268521048890118,-0.1544364947049253,-0.03536391754380678,7.727044330895186,3.264168758733523,1.0651121815278821,-0.7010534807146116,4.098463556636875,6.231751859379163,-0.5975139846387202,-0.6669952889928622,4.709797960289481,6.589495058775259,-0.499757907590108,-0.6000169009477697,5.36680267086341,4.815086462839314,-0.6817105000946708,0.8960874242987493,6.520260730058261,7.827456728223561,0.8187717304902132,0.9984916680532674,3.676752157454141,3.639703934121905,-0.147824578117848,0.13875541679026326,5.432453868773601,5.35553790928484,0.13242583184518958,0.9001465147349649
75,6.378979924437693,1.8528825802148072,1.0637320634864749,0.42214540606105033,7.966105227878403,1.3372820120856266,0.23247923975078383,-0.11332223384714739,6.311698430583929,6.5476214250392735,-0.7020160021935031,0.46715949714953214,1.8073733735187938,2.209325698284008,-0.049736859044991366,-1.3698817703625297,5.808282520023342,6.827758066309554,0.12214988566353527,1.3338042711435045,7.704832605864332,2.384475721042272,0.33679557524335274,-0.7967694239282831,3.7005068708388023,2.6204510557814698,-0.06788165341250657,-0.11659681880970935,4.564447933919102,6.100039262160489,-0.6383148722779048,-0.531004340136231,4.169949500897815,5.656729750487264,-0.41568072638321474,-0.5556666802396938,4.53574267599641,4.193373573388095,0.6522115766582138,-0.9711675708297544,6.478331233653893,3.684021499206686,-0.6395812719333435,1.3568108919787334,3.657435395989226,2.1036925632253576,-0.17154254721516712,-0.07873918716421466,3.171033066867193,2.2250839090118215,-0.15361652485105307,-0.03368042794395493,7.78029993997158,3.229116084697792,1.0727017117974231,-0.7250503969505835,4.068587857404939,6.19840209492952,-0.6054099036660499,-0.6681415098901297,4.684810064909976,6.55949421372787,-0.5076894849970752,-0.5913591981430677,5.332717145858677,4.8598908340542515,-0.6979143831650929,0.848632157534856,6.561199316582772,7.877381311626225,0.8452544026465462,0.9809633269346467,3.6693609285482482,3.6466417049614184,-0.1617225524910311,0.14957976320343627,5.439075160365861,5.400545235021588,0.15190715650316625,0.807778420234375
76,6.432166527612017,1.8739898505178598,1.0319220900532458,0.41947830676621023,7.977729189865943,1.3316159003932693,0.18746844290018938,-0.14664567156609798,6.276597630474254,6.57097939989675,-0.7799471749946539,0.47693883426255224,1.8048865305665442,2.1408316097658817,-0.022297812481162835,-1.3430532343353803,5.814390014306519,6.894448279866729,0.17408461700161526,1.3262754284669525,7.721672384626499,2.3446372498458574,0.34224172601074604,-0.7734307038183781,3.697112788168177,2.614621214840984,-0.06879241986681985,-0.11662827836129415,4.532532190305207,6.073489045153677,-0.6455090146526068,-0.5180747785680432,4.149165464578654,5.628946416475279,-0.4200760819632727,-0.5570836212403008,4.56835325482932,4.144815194846607,0.6676108886518817,-1.018085570418751,6.446352170057226,3.7518620438056227,-0.6296265877276138,1.361458908680861,3.6488582686284676,2.099755603867147,-0.1711885046554131,-0.07952369524201278,3.1633522406246404,2.2233998876146237,-0.1527720584496857,-0.03201399433745904,7.833935025561451,3.192863564850263,1.077438723356406,-0.7466947565788695,4.038317362221637,6.164995019435014,-0.613783518491829,-0.6698775482014842,4.659425590660122,6.529926253820717,-0.5211385898230438,-0.5803731060306201,5.297821426700422,4.902322441930994,-0.7087325352509101,0.8037927710437537,6.603462036715099,7.926429477972957,0.8690280786727452,0.9613769651738584,3.661274800923697,3.65412069312159,-0.17490351605958998,0.15978661241430428,5.446670518191019,5.440934156033307,0.16967517366180462,0.707778420234375
77,6.483762632114679,1.8949637658561704,0.9982480357971312,0.41582252143858855,7.987102612010952,1.3242836168149643,0.14302291635897293,-0.17846493102183028,6.237600271724522,6.594826341609878,-0.8799471749946539,0.4937237892294345,1.8037716399424861,2.0736789480491127,0.0045796000661824585,-1.3134707072830034,5.8230942451566,6.960762051290076,0.22441560534208438,1.3156002961794555,7.738784470927037,2.3059657146549384,0.3432778853146137,-0.7526689056125611,3.693673167174836,2.6087898009229193,-0.06976514237836554,-0.11668143059037532,4.500256739572577,6.047585306225274,-0.6526036467242347,-0.5059860030413889,4.12816166048049,5.601092235413264,-0.42286512362073775,-0.5578652309182492,4.601733799261915,4.093910916325669,0.7007036590740884,-1.0753485695075145,6.4148708406708455,3.8199349892396657,-0.6201668719084185,1.3657939269843482,3.640298843395697,2.0957794191050465,-0.1708608168027398,-0.08026958262508059,3.155713637702156,2.2217991878977505,-0.15190348635424172,-0.03036621339087797,7.887806961729272,3.1555288270213193,1.0793755553469206,-0.7659853812240719,4.007628186297046,6.1315011420249395,-0.6223522315360799,-0.6722142216566185,4.63336866116897,6.500907598519186,-0.5375882181721224,-0.5676153241164817,5.262384799937877,4.942512080483182,-0.7146942214091146,0.7624021965299532,6.646913440648736,7.97449832623165,0.890094276791673,0.9398278541397532,3.6525296251207173,3.662110023742305,-0.18735064915770733,0.16936434098689201,5.45515427687411,5.476323077045025,0.183645774162997,0.607778420234375
78,6.533675033904536,1.9157548919280998,0.9628360276722863,0.4112094349772419,7.994253757828901,1.3153603702638728,0.09906259156843228,-0.20847379929522988,6.1936029129747885,6.619512531071349,-0.9799471749946539,0.5192111850958071,1.8040006199457952,2.0080054126849625,0.030840821831047027,-1.2812701103210975,5.834315025423704,7.026542066099049,0.2730531074315377,1.3018763536279785,7.755948365192768,2.2683322693743104,0.33927694547727644,-0.734844145325962,3.690184910055918,2.6029557293934005,-0.07079688393086196,-0.1167523174642843,4.467626557236365,6.022286006073204,-0.6595165663072983,-0.49497640174091095,4.1070184042994535,5.573198973867352,-0.42426855557784543,-0.5579636789290902,4.636768982215619,4.040143487850293,0.7585715099514402,-1.1423909954587919,6.383862497075425,3.888224685588883,-0.6111581356886515,1.369848799386842,3.63175580255556,2.0917659399737927,-0.17055941716026302,-0.08097946594644126,3.148118463384444,2.2202808772282068,-0.1510111682428805,-0.028738518572298186,7.9417757394966175,3.117229557960116,1.0785703697292814,-0.7829270033616971,3.976510574720242,6.097890430942108,-0.6308412583465539,-0.6751404489425152,4.606489250260364,6.472526832313362,-0.5556194804705086,-0.5535840812920102,5.226650088867421,4.980632190309679,-0.7162888108606885,0.7251508719134884,6.69141815448832,8.021489718938637,0.9084612497609457,0.916414028468566,3.643162092662832,3.6705782407916496,-0.19904934513822276,0.1783031598141293,5.4643365655822596,5.506711998056744,0.18313922925274803,0.5221387698813216
79,6.58181683528815,1.9363153636769619,0.9258136996610697,0.4056721193738324,7.999206887407322,1.3049366802991114,0.05553169219459725,-0.23644764973391857,6.1446055542250555,6.645473090326139,-1.0799471749946539,0.5571973794505127,1.8055426610373475,1.9439419071689077,0.05643406405162453,-1.2465908515150317,5.847967680795281,7.091635883780448,0.31991363295539954,1.28520650889984,7.772912212466632,2.2315900621080123,0.32969985573949057,-0.7201658772417134,3.686645065859375,2.597118113520186,-0.0718849016739215,-0.11683727540764534,4.4346507289209995,5.997537185986159,-0.6661529444876446,-0.48520845926952594,4.085804976520561,5.545300789920897,-0.42452475909889337,-0.557354500185133,4.674697557713191,3.9830239380773533,0.8493125025176151,-1.2170886587349035,6.353304590290993,3.9567171255582254,-0.602560087663722,1.373652554598392,3.623227831697547,2.0877169666764708,-0.1702842447987945,-0.08165575737028682,3.1405679049723,2.2188439512995917,-0.15009543857794158,-0.027132204990536788,7.995704257983082,3.078083207792031,1.075086874863716,-0.7975301214928214,3.944968511802914,6.064133408494983,-0.6389909102498421,-0.6786250816149432,4.5787082762368385,6.444847628248761,-0.5744928199343761,-0.5387061774534752,5.190835648324387,5.016889733905353,-0.7139885914994053,0.692640864164736,6.736841216976367,8.067310420362066,0.9241438127140074,0.8912359788038091,3.6332096254059207,3.679493398782356,-0.20998719709633104,0.18659509731821844,5.473493527044897,5.53281893655081,0.17016469842512796,0.458795996318084
80,6.628107520271203,1.9565989696456536,0.8873098397809529,0.39924521307306504,8.001983472017052,1.2931142978124155,0.012406564177302848,-0.2622507127702085,6.090608195475323,6.673332959298665,-1.179947174994654,0.5923388064409324,1.8083643642399287,1.8816123645931562,0.08131037316210998,-1.2095753989033147,5.863963362443051,7.15589620922544,0.36492001257258594,1.2656987194058347,7.789397205253606,2.1955817682459267,0.3140795846695412,-0.7086827560894893,3.6830508207756787,2.591276249749804,-0.0730266383457112,-0.11693291433555336,4.401343081696617,5.973276763022683,-0.6724064033990488,-0.4768119170187536,4.064578738565616,5.51743306491164,-0.4238769657035051,-0.5560346882351412,4.717163182839072,3.9221695051406082,0.8867921499941123,-1.2097932396524704,6.323176585907807,4.025399753288145,-0.5935559936237857,1.377567160770494,3.614713619457607,2.0836341788079564,-0.17003524649897594,-0.08230067831186332,3.133063133043403,2.217487341050065,-0.14915660877927708,-0.025548439056323587,8.049458601726268,3.03820670171739,1.0689940414454664,-0.8098108441622635,3.913018966290422,6.030202154414235,-0.6465625338718477,-0.682618084819848,4.549983635240119,6.417912319376087,-0.593883029103191,-0.5233350917039384,5.1551362187494165,5.0515217771135905,-0.7082698863204002,0.6654245318060849,6.783048407612067,8.111872219302256,0.9371631584688402,0.8643963453094997,3.6227102655511043,3.6888231536482667,-0.22015397939264106,0.19423397848517002,5.482001761966154,5.555758736366714,0.1472142159043195,0.4142108279522449
81,6.672473012260251,1.976561230299307,0.8474540421486864,0.39196479913138227,8.002603800225918,1.280001762173905,-0.030300914760044373,-0.28583842912474733,6.03161083672559,6.7029498996207115,-1.279947174994654,0.6261084014364838,1.8124298828980343,1.8211335946479905,0.10542368938470423,-1.170368855478103,5.88220936307168,7.219181145195732,0.4080014486169542,1.24346560837693,7.805101184487083,2.160147630441452,0.2920165591808041,-0.7002813594166043,3.679399488858393,2.5854296040330262,-0.07421971358366734,-0.11703609773796458,4.3677227615266645,5.949436167171745,-0.6781536628589038,-0.469910443223689,4.04338489028044,5.489631330499883,-0.42256995724559937,-0.554023632900312,4.761502790338778,3.861679843157985,0.9132320887172717,-1.1899609876534143,6.293498786226618,4.09427811132667,-0.5836549578050862,1.3817911890837715,3.6062118571326582,2.0795191448923633,-0.16981237757179074,-0.08291627216778957,3.125605302604439,2.2162099190972486,-0.14819496769073573,-0.02398826575485361,8.102908303798541,2.997716159509277,1.0603658116755137,-0.8197907234612374,3.88069083959683,5.996071250173243,-0.6533429200953456,-0.6870509097322964,4.52028948378496,6.39174556479089,-0.6137151284764553,-0.5077594685758869,5.119722724433396,5.084793003703894,-0.6996348272914326,0.64403305191222,6.8299065655355085,8.155092036567732,0.9475466610480172,0.8359996127055385,3.611702566581472,3.6985348525725255,-0.2295416241388025,0.20121539987965226,5.4893624727613695,5.5764692777643265,0.11636078597832572,0.3852717892341877
82,6.714845714367685,1.996159470255876,0.8063763648577741,0.38386828250555893,8.001088754487915,1.2657098407176677,-0.07254438512847475,-0.3072546714105252,5.967613477975857,6.734255319692536,-1.353919029321916,0.6456804643474977,1.8177010673672696,1.7626151518740854,0.12873089676882835,-1.1291185371412635,5.902609435502527,7.281354425614579,0.4490935487287818,1.2186240783252333,7.819702012446124,2.125133562470622,0.265364834837415,-0.694217343017369,3.6756885031792095,2.579577799146128,-0.07546191549668176,-0.11714392393969865,4.3338150783837195,5.925940645010561,-0.6832453522731465,-0.46463824996274344,4.02225639241816,5.461930148854867,-0.42085100687052474,-0.5513662592427003,4.807164394774642,3.802181793775314,0.9384378279808405,-1.1701856446797674,6.264316038336363,4.1633676707808585,-0.5720289740495168,1.383609064770301,3.597721238254069,2.075373331283974,-0.1696156038464283,-0.08350441623889096,3.118195554219902,2.2150105058095058,-0.147210790343142,-0.02245263779603931,8.155926594382317,2.9567266233362153,1.0492808025461962,-0.8274965786673313,3.8480236935920624,5.961718704686628,-0.6591472376619947,-0.6918362571214538,4.489603727361137,6.366357591362095,-0.6340624546714791,-0.4922183681042919,5.084740983068825,5.1169946562995055,-0.6999353251620827,0.6191847378705003,6.877283898587909,8.196892017203009,0.9553276681665427,0.8061518075534025,3.600225485374532,3.708595622566508,-0.23814419281782828,0.20753670079305953,5.495180512060286,5.595732867226036,0.07932337496338882,0.36923758733869955
83,6.755164532610574,2.015352884381154,0.7642069943937628,0.3749942667975527,7.9974615352314915,1.2503471071471415,-0.11426162359168857,-0.32655879190204723,5.899917526509761,6.76653934290991,-1.3605375366789945,0.6316150815864472,1.824137612205711,1.706159225017022,0.1511918647448876,-1.0859735546241498,5.9250641129389665,7.34228562953084,0.4881383427162714,1.191294922503887,7.832970254187995,2.0904226953197536,0.23933582220841654,-0.6890956269567154,3.6719154074043754,2.573720602949143,-0.07675119266053652,-0.11725370861658913,4.299652810770062,5.902708732512424,-0.6878693149741358,-0.4605769612103598,4.001213842074634,5.434361835892732,-0.41897224951301276,-0.5481377918514238,4.8540862861736835,3.7436725115413254,0.9625225043858556,-1.1504566174136166,6.235714589633887,4.232548124019374,-0.5559528204418904,1.3755186510367048,3.5892404580617474,2.071198110472029,-0.16944490201879603,-0.08406683290938353,3.110835014702745,2.213887873919704,-0.1462043343605302,-0.020942410979344916,8.208390634509627,2.9153517944028486,1.0358220041159227,-0.8329603106846197,3.815066331708963,5.927126891830555,-0.6638206486778111,-0.696867413857479,4.4579006046275635,6.34174667295688,-0.6546071010800963,-0.47708766505738426,5.04974421681072,5.147953893193031,-0.7073783686980244,0.5908744612964518,6.925050281996237,8.23719960758068,0.960545283454485,0.7749601984983061,3.588318275733641,3.718972457606161,-0.24595784321953143,0.21319693068393247,5.4991466808084555,5.614194746592971,0.037780737622493794,0.3631987456193583
84,6.793374882330262,2.0341025977210316,0.7210759172792074,0.36538243077598276,7.9917484540519075,1.234019167552039,-0.15540849236870385,-0.3436786880317906,5.831890649675811,6.798120096989233,-1.3681380269651602,0.6149783241479971,1.8316972054429552,1.6518605472858146,0.1727694812796233,-1.0410844003271107,5.94947103007478,7.401850375656035,0.5250842829822517,1.161602435382261,7.8449370452984155,2.0559679139719176,0.21392019947446794,-0.6848856125607524,3.6680778477713485,2.5678579175183134,-0.07808564626367043,-0.11736296834214635,4.265259345021355,5.879679884451906,-0.6921750424800998,-0.45737166222109776,3.980265229598983,5.406954946300161,-0.4170911116648736,-0.5444114935251183,4.902212411392976,3.6861496806706446,0.985584504522149,-1.130762213927327,6.207916948611793,4.301324056571209,-0.5375268887816157,1.361438532960286,3.5807682129608076,2.06699476882656,-0.1693002608334572,-0.08460509993472268,3.1035247979847185,2.212840753370737,-0.14517584201732514,-0.019458359731509698,8.260181734715422,2.8737037788686175,1.0200764736400407,-0.8362187079548077,3.781875299275072,5.8922835211376805,-0.6672935037296043,-0.7020381701370058,4.425170249573559,6.317892289704011,-0.6750310868639673,-0.4626819881068747,5.0143752983758185,5.177497616257853,-0.7185197715562801,0.560963019078966,6.973077546168961,8.275947617505595,0.9632441391898123,0.7425330001507036,3.5760203835726645,3.7296323041403574,-0.25298079187914746,0.21819681307555094,5.5010357176895806,5.632354683873939,-0.006147675952010191,0.3632039600828865
85,6.829428678194223,2.0523717192598308,0.6771125996065315,0.35507340498795814,7.983978029433472,1.2168352331504495,-0.19593631533592537,-0.35854510423253566,5.763483748327554,6.828869013196632,-1.375904581206008,0.5973998522064762,1.8403356795069363,1.599806327269459,0.1934296777391284,-0.9946025410009371,5.975725244223892,7.459930497425148,0.5598862288847919,1.129674023132416,7.855633055272139,2.02172363334388,0.189095206988446,-0.6815617573261683,3.664173565458165,2.561989769101206,-0.07946352274156651,-0.11746940528750405,4.23065059289735,5.8568113013408505,-0.6962177104224282,-0.4548289366031516,3.9594106740157393,5.379734371623905,-0.4152887550902684,-0.5402487522170188,4.9514916366190835,3.629611569974278,1.0077092066465778,-1.1110905250427279,6.181040604172712,4.369395983219223,-0.5180920349193785,1.3439770553281214,3.572303199919135,2.0627645138298236,-0.1691816814420039,-0.08512066013541604,3.096266005883852,2.211867835384161,-0.14412554613533426,-0.018001184370685815,8.311185558397424,2.831892843470877,1.002135026415766,-0.8373132445165293,3.748510624088592,5.85718161263083,-0.6695543097749933,-0.7072484987007698,4.39141869523036,6.2947581902986665,-0.6951180202163353,-0.44922478809209226,4.9784493097980045,5.2055457672118015,-0.7314925951030136,0.5305594771609687,7.021239753128452,8.31307426751313,0.9634741603231204,0.7089790812655453,3.563371343978707,3.740542144794135,-0.25921327221422424,0.22253870608066914,5.50072833389198,5.650514881878084,-0.051125070988934034,0.3665962077364802
86,6.863284308174549,2.070125389509229,0.6324456750824744,0.3441086487676942,7.974181213666676,1.1989079779388228,-0.23579037361238464,-0.37109349725717083,5.694688519267253,6.858739005806956,-1.3833443050374072,0.5799642521057427,1.8500071633938928,1.5500762002194122,0.2131414455839468,-0.9466800171571002,6.003719555668132,7.516414198581769,0.5925054154323129,1.0956398151003615,7.865087815621561,1.9876455454775717,0.16482416271865635,-0.6791018064335601,3.6602003893210866,2.5561162988368307,-0.08088320676201752,-0.11757089293408783,4.195839707376228,5.834069854510693,-0.7000072738408343,-0.45284052337793923,3.938646236261226,5.352721934013054,-0.41360717572936634,-0.5357009526377745,5.001877096951413,3.5740570437221417,1.0301574750371176,-1.090309853493561,6.155136002426743,4.4365948359856295,-0.4985064148998628,1.3248767650396274,3.5638441158470346,2.0585084808230527,-0.16908917832523696,-0.08561483009417128,3.089059728577085,2.210967776165627,-0.14305366622601845,-0.016571519414211096,8.361292309718213,2.7900271812450503,0.9820919241879981,-0.8362898708943209,3.7150329085998424,5.821819187695792,-0.6706211891736218,-0.7124045310013432,4.3566627942195435,6.272296950894062,-0.7147374143173607,-0.43687111580017707,4.9418746800428535,5.23207374106985,-0.7453015928352107,0.5003151226817166,7.069413461144608,8.348523221576407,0.9612903205801211,0.6744076778521393,3.5504106803679956,3.7516690800981682,-0.26465748856122623,0.2262265597279705,5.498172080342534,5.668844692264908,-0.09632238796096243,0.37156680448279
87,6.894906591928673,2.0873308219476137,0.5872026421725025,0.33253032794046694,7.9623916949860565,1.1803533030759643,-0.27490861723524,-0.38126581721022534,5.625521304015383,6.8877372184122425,-1.3904608101068758,0.5626888443508811,1.8606642356730902,1.502742199361557,0.23187684503829692,-0.8974690500568567,6.033344826439748,7.571196189336787,0.622909406743934,1.0596322772112772,7.873329023757494,1.9536904551558936,0.1408772345289654,-0.6761914811800329,3.6561562289829856,2.5502377541901264,-0.08234321461663618,-0.11766546274818912,4.160839343684186,5.811427828341796,-0.7035347800729069,-0.45134024407452183,3.917965877474758,5.325936886381165,-0.4120694219636888,-0.5308122992173461,5.053384970703268,3.5195415510474635,1.05555959749781,-1.0657363351834548,6.13021068168175,4.502838674237611,-0.47932530628395414,1.305309425982321,3.555389656930773,2.0542277393183443,-0.16902277951056796,-0.0860888085896229,3.081907045265784,2.2101392001949165,-0.14196041368621135,-0.015169940549643697,8.410396905927612,2.748212687700334,0.9600445619498849,-0.8331987985013765,3.6815018491411613,5.7861989611457245,-0.6705288275115362,-0.7174182364709454,4.320925923503675,6.250453395104053,-0.7338228148601397,-0.42572385761132187,4.904609600401093,5.2570894972039355,-0.7591868697521156,0.47073526910386915,7.117477977173614,8.382243605469014,0.956752391429889,0.6389281118209046,3.537177805939934,3.762980408084567,-0.2693175663190176,0.22926587026888767,5.493355960944486,5.687423032489047,-0.14124006193146202,0.37685860182595066
88,6.924266724037298,2.103957338344637,0.5415095708975737,0.3203811935120011,7.948646264124294,1.161290012215453,-0.3132501950828006,-0.3887556114734324,5.5559982635100384,6.9158716606297865,-1.3972584324657744,0.5455903893061963,1.872258077925005,1.4578687468587141,0.24961100589232843,-0.8471216570912267,6.0644902967769445,7.624177803197351,0.6510720347341837,1.0217858282316692,7.880372885483942,1.919880881096892,0.11711691913722007,-0.6716561595417601,3.652039068252154,2.544354481052717,-0.08384212963156072,-0.1177512681389271,4.1256626046805405,5.78886081613807,-0.7067693223660703,-0.45030289910917226,3.8973624063765735,5.2993962714202985,-0.41068975765521903,-0.5256222935312936,5.106162950578159,3.466254734288291,1.0836352109313057,-1.0371763252359092,6.106244416367552,4.5681041455367275,-0.4609185759785517,1.2860716513597295,3.5469385179552444,2.049923298888863,-0.16898252734814365,-0.08654368408978516,3.0748090245814734,2.2093807031674344,-0.141892300250033,-0.013897352211370857,8.458399134025107,2.706552747775265,0.9360931539572546,-0.8280942782410198,3.6479754077655846,5.750328049322177,-0.6693229129623128,-0.722207314229845,4.284234782760668,6.229167202223487,-0.7523366608246775,-0.4158513639787726,4.866650256913487,5.280626260659129,-0.7693137244163496,0.44414466546767883,7.165315596745108,8.41419001106006,0.9499246847069625,0.6026495157458204,3.5237119276239834,3.774443701598011,-0.27319949841146113,0.231663631646962,5.486293957847913,5.7062659625803445,-0.1855916978073358,0.3815681316904773
89,6.951342202582176,2.119976398020237,0.4954908197990868,0.3077044616243958,7.932983754370154,1.1418522316417814,-0.3507623670788051,-0.3930794340221877,5.48613534188675,6.9431511800950965,-1.4037421996130335,0.5286850073773253,1.8847386282196215,1.4155126640041529,0.2663221206124134,-0.7957892763245952,6.097043898513654,7.675267094608934,0.6769733235078174,0.9822364597835231,7.886228731440803,1.886298073119804,0.09359841854394599,-0.6655437422414939,3.647846961770576,2.5384669176457706,-0.08537856574667257,-0.11782656460346212,4.090324138562237,5.766345671182611,-0.7095558890842028,-0.4505786276886918,3.8768279184938126,5.273115156743734,-0.4094824956759903,-0.5201697816001578,5.160344711124724,3.414395918026495,1.114070885955026,-1.0044132919607265,6.083198487568625,4.632407728104714,-0.4435481222812964,1.2677144117413852,3.538489391587837,2.0455961146843737,-0.1691502474287584,-0.0869426356765956,3.0677144095689717,2.208685835556866,-0.14338382307297234,-0.012762461285992906,8.50520379172297,2.6651480338632143,0.9103404197595653,-0.8210343739909185,3.614509262117469,5.714217683610685,-0.6670563215273058,-0.7266945519844046,4.246617949719434,6.2083746340245485,-0.7700586193885277,-0.407369892808333,4.828184570692669,5.302833493932512,-0.7759030020017484,0.42083997907250464,7.212811830980456,8.44432248684735,0.9408757896735344,0.565680564293061,3.51005195270341,3.786026883180359,-0.27631108828579604,0.23342828431491222,5.477014372957546,5.725344369164868,-0.22922727265263684,0.38501326154073945
90,6.97611674357213,2.135361621101457,0.44926876355081824,0.2945436950502006,7.915445636016214,1.1221982599406721,-0.38733872003007863,-0.3938557034374592,5.415948231906098,6.969585430463963,-1.409917791070685,0.5119881076962237,1.898054734250242,1.3757232001879232,0.28199142994976545,-0.7436224009344015,6.130892564689045,7.72437891759811,0.7005993999752747,0.9411213609760016,7.890908652368,1.8530208860077293,0.0703750881676607,-0.65790499497488,3.643578033483242,2.5325755894155977,-0.08695373443241433,-0.11789309716795639,4.054846344108027,5.743816739798176,-0.71245554433048,-0.45663001666361386,3.856353793710013,5.247106667663727,-0.40864900306115753,-0.5146046868298035,5.216048255422475,3.3641752534284586,1.1465069639229584,-0.9672237495410049,6.06102108145456,4.695793448691783,-0.4274197159182769,1.250628479385191,3.530031879216399,2.041248982900544,-0.16977113626550974,-0.08722609853486275,3.060545218415323,2.2080477124925664,-0.1463978148651481,-0.01170545306537852,8.550720812710948,2.6240963151636683,0.882891271031925,-0.8120807316514672,3.5811564460411036,5.677882956011465,-0.6638318175074606,-0.7308337560345586,4.208115018750008,6.1880061393841315,-0.7869842731524108,-0.4004677099523263,4.789389420592582,5.323875492886137,-0.7791544239689361,0.40107662161288554,7.259855620464133,8.472606515062003,0.9296783053041745,0.5281292128372561,3.4962363982891205,3.7976982973961046,-0.27866188966724387,0.23456966158704629,5.465553009324914,5.7445950322419055,-0.2720812025820506,0.3866441835027542
91,6.998580181749671,2.150088805853967,0.4029635316592587,0.2809426864862993,7.89607870001471,1.1025054747687992,-0.42282393644616584,-0.3908001303930648,5.345452342352564,6.995184835848773,-1.4157914935249332,0.4955143255875044,1.9121543057477304,1.3385420801412031,0.29660320125215267,-0.690770224238151,6.165922534687809,7.77143498564691,0.721942391222276,0.8985785484892094,7.8944274067763835,1.8201256362589853,0.04749834500442268,-0.6487933570343277,3.6392303467616216,2.5266809345572,-0.08857163184028755,-0.11795615851387924,4.019223566891503,5.720985238964996,-0.7144058059290653,-0.4608652280661485,3.8359213435569552,5.221376433322236,-0.40908946184300415,-0.50980595179385,5.273373603618623,3.3158140659514084,1.1772754133268628,-0.9295281605072891,6.039650095658646,4.758324872661043,-0.4127185922373431,1.235100404106691,3.5215433224031236,2.0368876779738008,-0.171044246398437,-0.08733399710059153,3.053225327672066,2.2074624398392975,-0.15091397851749008,-0.010668375054330189,8.594865376262543,2.5834922785810948,0.8538524999730769,-0.801298344435525,3.5479648551657306,5.641341268209737,-0.6602288512546498,-0.7348782925104465,4.168765805092388,6.167982753886515,-0.8040130796228933,-0.395934971378325,4.750431699394135,5.3439293239667816,-0.7792680138097017,0.385105554104402,7.306339535729342,8.499012975703865,0.9164085685698649,0.4901024437571137,3.4823033038057583,3.809426780475457,-0.28026314329344104,0.23509893371658974,5.4519489491958115,5.7639272414170435,-0.31413589653742974,0.3859829351724179
92,7.018728358332634,2.164135940178282,0.35669275865611105,0.26694534389887,7.8749375031924025,1.082965468249146,-0.4570198085522299,-0.38372228567750505,5.274662767676317,7.019960552128149,-1.421370151559067,0.47927746896443435,1.926984465810338,1.3040035689292955,0.3101446996971058,-0.6373802959569709,6.2020196542489225,7.8163639130713705,0.7410003091881641,0.8547465029121469,7.896802324026605,1.7876859684072688,0.025017582699846445,-0.6382647475548521,3.634801765169607,2.520783126631506,-0.09023781688891395,-0.11802277324869272,3.9835032765950498,5.697941977561689,-0.7168944201567001,-0.46429632275463273,3.815466870464805,5.195886135732543,-0.40666651821313565,-0.5067214004175988,5.332237374284966,3.269337657926044,1.2037262246230354,-0.8950101542188076,6.019014166046779,4.820079892866378,-0.3996348909716368,1.221348633681765,3.5129911100832016,2.032520978118771,-0.17313238325489771,-0.08720691941790204,3.0456796287461914,2.206929021086581,-0.1569280903704167,-0.009592585897879376,8.637558001261198,2.5434273613593184,0.8233324700131202,-0.7887553150708525,3.514953412602998,5.604597353584214,-0.6560119264208315,-0.7385912124303098,4.128565151111244,6.148186005317599,-0.8201907330064434,-0.3934433291871829,4.71146829870365,5.3631846016720015,-0.77649058547269,0.37324005762234896,7.352159964157836,8.52351809789172,0.9011463794906525,0.4517060208718817,3.468290146641086,3.8211817271612865,-0.2811277108548152,0.235028549888927,5.43624215436894,5.783226388175664,-0.3553943170015039,0.3825817445349397
93,7.03656299626544,2.1774832073732253,0.310571346148894,0.2525955781599107,7.852086512764791,1.063779353965271,-0.48969256315862575,-0.3725227868606155,5.203594260098364,7.04392442557637,-1.4266611149813788,0.4632904736772484,1.9424917007951934,1.2721345541314468,0.3226061526778047,-0.5835981903222249,6.23906966970833,7.859101238216978,0.7577769232268493,0.809763812103288,7.898053203161597,1.7557727310295261,0.0029800935903735518,-0.6263773699197774,3.6302898743251615,2.5148819879690714,-0.09195939197271902,-0.11810102593831998,3.9476585555872146,5.674727161423957,-0.7197204484376909,-0.4675729174289885,3.7951335445541483,5.170550065711663,-0.4011078108811413,-0.5047107746339033,5.392423685516118,3.2245871502151036,1.2266948258366852,-0.8632611448834615,5.999032421498198,4.881147324550466,-0.38838293447833716,1.2095460472603028,3.504334490920457,2.028160632147876,-0.17617040212085516,-0.0867860631430308,3.0378332242276707,2.206449391791687,-0.16445129798296032,-0.00841630072856588,8.678724624761854,2.5039895956057756,0.7914408095522296,-0.7745226155792081,3.482152816281957,5.567667792962699,-0.6511524123539807,-0.7428037582542382,4.087555614460921,6.12851383885824,-0.834957446685331,-0.3928489289430472,4.672643769430016,5.381846604553119,-0.7710628063638214,0.3657849990508126,7.397217283132369,8.546103398935315,0.8839747237169957,0.41304425244938775,3.454233761098345,3.832933154655733,-0.28127000636892135,0.23437217832266433,5.418472438518864,5.802355475402411,-0.39585737037706237,0.37599377380374044
94,7.052091563572884,2.1901129862812208,0.2732798128886104,0.23248011872934235,7.82760188460686,1.0451532146222402,-0.5205814600408014,-0.35719059528453107,5.1322612043492954,7.067088949260232,-1.4316721837136532,0.4475653677180343,1.9586220084290837,1.2429546446153357,0.33398070758474335,-0.5295671865884551,6.276958515869673,7.899589428822142,0.772281621141597,0.7637688223073702,7.898202207841115,1.7244538625335373,-0.018569002248112122,-0.6131915148566925,3.6256919047265255,2.5089769366721555,-0.09374484855443296,-0.11819976605380024,3.91167253316533,5.651348515552507,-0.7227385841253146,-0.47113606142378955,3.775078154010091,5.145314526979968,-0.39220430267552087,-0.5032616292540835,5.453758426807952,3.1814240929709303,1.2468530338465296,-0.8338809939000319,5.979613274774281,4.941624626913481,-0.3792169945510906,1.1998329257028408,3.495525970814414,2.0238213289907243,-0.18027217497635542,-0.08601235847737415,3.029610659328523,2.206028576755259,-0.17350937588458684,-0.007072117274448992,8.718296665239466,2.465263464826815,0.7582881094278286,-0.7586738452871776,3.4495951956642577,5.530527605049987,-0.6455118727918863,-0.7482014276812662,4.045807742126655,6.108871392411087,-0.8478691425108361,-0.3940734718409189,4.6340906291118245,5.40013585450566,-0.763256260666203,0.3630694243992287,7.441416019318218,8.566755611557785,0.8649794933889537,0.3742197631852764,3.440170260779899,3.844651763571866,-0.28070592521803783,0.23314464467083593,5.398679570000011,5.821155164092598,-0.4355030207591366,0.3657521812453574
95,7.065755554217315,2.201736992217688,0.25181338367827893,0.20266045725059895,7.80157281160482,1.0272936848580136,-0.5494085155091899,-0.33779995195436263,5.060677595163613,7.089467217646134,-1.436411551155435,0.43211324407756513,1.9753210438083209,1.216476285285913,0.344264383237314,-0.475427962472224,6.315572596926753,7.93777786993751,0.784529259300409,0.7168992977260921,7.89727375772871,1.6937942867907025,-0.039586820924611583,-0.5987693627453853,3.621004662298804,2.5030669483694656,-0.09560440608170598,-0.11832877797480879,3.8755356039590643,5.627791712481318,-0.7258448033730168,-0.4753117803366226,3.755467938876315,5.120151445517264,-0.3797781490488301,-0.5019186477954461,5.516101078500279,3.1397300432759288,1.2647661392211358,-0.8064531065596207,5.960652425046726,5.001616273198623,-0.37244532807818026,1.192322840346128,3.486512362065596,2.0195207110668556,-0.18553637709768034,-0.08482492787361429,3.0209351905342934,2.2056749708915366,-0.18414209045652197,-0.005484441185119555,8.756211070710858,2.427329772562456,0.723985624782657,-0.7412849877134999,3.4173196020246634,5.493117533665924,-0.6388604774656316,-0.7553622165385875,4.003414285001114,6.089167718819041,-0.8585148019533688,-0.39707597620786766,4.595927816078515,5.418289325725621,-0.7534001881445594,0.3654599336348761,7.484664993987666,8.585466599717048,0.8442492070098203,0.3353332755216444,3.4261349645189974,3.8563089958054078,-0.2794527710800041,0.23136186891449656,5.376904418962054,5.839442773154866,-0.4742648194828575,0.35135499749622306
96,7.078346223401229,2.2118700150802177,0.2434358819856014,0.16535548971937258,7.7741023858293605,1.0104036872602955,-0.5758890947537428,-0.3145065436832663,4.988857017605841,7.1110728798500125,-1.440887746878008,0.4169442419518673,1.9925342629701865,1.1927048871623018,0.35345601522960857,-0.42131830099242756,6.354799059891773,7.973622834823814,0.7945400024523965,0.6692920892035775,7.895294416682479,1.6638558186534333,-0.0600327716285783,-0.583174785649719,3.6162244419947185,2.497150509470725,-0.09755051331422478,-0.11849917064658656,3.8392433637904135,5.604026123464487,-0.7289617140259792,-0.48037105174074207,3.7364790314238734,5.095055513127492,-0.36366673789321086,-0.5002344650864095,5.579339385461336,3.099407387947948,1.2706319945600775,-0.7743493375497158,5.942030158642817,5.06123241521593,-0.36500306755826867,1.1821646745308962,3.477235543210712,2.015279464673175,-0.19205128466850577,-0.08315906430223778,3.0117280860114675,2.2054007488322807,-0.19640252171312297,-0.003566704161898555,8.792410351949991,2.390265523176781,0.6886449819800451,-0.7224341669659462,3.385376578151382,5.455349422838994,-0.6308875340454538,-0.7647845516992801,3.9604885449034453,6.069313920008648,-0.8664699434659101,-0.40183546202086845,4.558257806671286,5.436562322407365,-0.741908073180049,0.3733659716360276,7.526877454338157,8.60223326349313,0.8218747290566929,0.29648340064163997,3.412162325964997,3.8678770892511327,-0.2775291809823761,0.2290408009403886,5.353191177987911,5.857010523029677,-0.5120080371289577,0.3322544755889187
97,7.090518017500509,2.2201377895661865,0.2437127150980539,0.1235986252227802,7.7453079310916735,0.9946783600761322,-0.6001934845907922,-0.2899714033922981,4.916812630261941,7.131920091947606,-1.4451095794320248,0.4020675359113147,2.010207063731667,1.1716389721126805,0.36155719546400245,-0.36737281114344544,6.394526060014393,8.007087439283993,0.8023391538773335,0.6210828126498107,7.892292778101051,1.6346970793709474,-0.0798686065126343,-0.566473149574581,3.611346916329007,2.491225550938396,-0.09959768692277962,-0.11872365863165252,3.8027952780891146,5.5800075708774495,-0.7320249822592243,-0.4865698130909182,3.7182956945292127,5.070043789873171,-0.3437172080874701,-0.4977325175015274,5.642870985189339,3.060689921070462,1.2670854406319674,-0.7391437247655327,5.923780005264904,5.1203406489424745,-0.3568157502311594,1.1692796557601801,3.4676329789772864,2.011121511458063,-0.1998987052267647,-0.08094381127991185,3.0019079599258114,2.2052224136241856,-0.2103562825386239,-0.0012182891365351061,8.826842601048993,2.3541438148284834,0.6523778911855418,-0.7022014042677975,3.353832201449109,5.41711019525403,-0.6212043536295602,-0.7769083014265841,3.91716504773015,6.049222146907605,-0.8712705569121849,-0.408341406302824,4.521162403012284,5.455230620989166,-0.7293067353254853,0.3872387528418759,7.567971190790992,8.617057433525211,0.7979489900348691,0.25776643944483163,3.398285866915878,3.879329129298152,-0.27495504870948884,0.2261993549933471,5.327590776131464,5.873623246809123,-0.547795865264901,0.30689684195031197
98,7.1027036532554115,2.2263177208273253,0.24929111629092948,0.07956962512800324,7.715298256862134,0.9801797899065173,-0.6224505419450311,-0.2652633752493959,4.844557151290339,7.152023468743172,-1.4490860799760923,0.3874913325734164,2.028284923504867,1.1532703315555082,0.36857220615446246,-0.3137226627882068,6.43464301770826,8.038141579916482,0.8079569765105159,0.5724055377868791,7.888299347775419,1.6063734218922183,-0.09905846359551747,-0.548731117437197,3.606367031982868,2.4852893680068133,-0.10176385560741542,-0.11901741591267016,3.7661940289761535,5.5556790802229035,-0.7349707990682448,-0.49417732163826467,3.701109834124839,5.045157163998095,-0.3197889188868313,-0.4938760468292678,5.706225257220938,3.0237327348321856,1.2576233923653137,-0.7028065036835328,5.905939217753346,5.178804631730483,-0.3479206081683322,1.1537613507724047,3.457638043715948,2.0070743208940676,-0.2091570908670519,-0.07809907570826811,2.99139014579888,2.205161499167359,-0.22608063925431576,0.0016789480955355426,8.85946149560827,2.3190337446150937,0.615295865205951,-0.6806683752196877,3.3227719837676313,5.3782647801827,-0.6090577421586257,-0.7919675806718097,3.8736015198845406,6.028805076592463,-0.8723983806257455,-0.4165909798940943,4.48469706624601,5.47459255863126,-0.7162702110638837,0.40756376245273357,7.607868640292735,8.629945755497452,0.7725667076659491,0.2192761937763394,3.384538114480404,3.8906390970478193,-0.2717514467909678,0.22285634319263065,5.300200982868219,5.888968088906639,-0.5805454707926384,0.27384542846500126
99,7.115168209069958,2.2302962020837254,0.25793022294988727,0.03466152870964721,7.684175729764882,0.9669166211440475,-0.6426506891539371,-0.24044811930158558,4.772102847291535,7.171398035371843,-1.4528264473526047,0.3732228742625642,2.04671353381259,1.137584198416098,0.374507948589001,-0.26049533611399056,6.475040866533786,8.066761856805826,0.8114285056931755,0.5233924877638962,7.8833464245956435,1.5789368660203584,-0.11756890273504697,-0.5300164532293112,3.601278839202497,2.4793384972111796,-0.10407134334375295,-0.11939880276085478,3.729445489022741,5.53097021414099,-0.7376470637799377,-0.5035081866409323,3.6851203881804975,5.020463361656631,-0.29176325186332497,-0.4880395567427103,5.769106426839204,2.988592409648009,1.2446167070649303,-0.6665216329537045,5.888543187344929,5.236492699269104,-0.3383558052814978,1.1357078042699231,3.4471801891725953,2.0031693671086543,-0.219903985187716,-0.07453244489528113,2.9800861138361645,2.205245446572136,-0.24366330378443757,0.005264625496943259,8.890226288868568,2.285000325854109,0.5775099451478861,-0.6579181683871111,3.2923190966597,5.33866640114911,-0.5998938201583551,-0.7960111527775375,3.8299816008532535,6.007975527597758,-0.8692711207829125,-0.42659348276228815,4.448883555692816,5.494970746753896,-0.7036604372015282,0.4348458408417819,7.646496975676032,8.64090956518627,0.745824109881165,0.1811037881509474,3.3709505421408554,3.901781914207451,-0.26794054729863603,0.21903140829944875,5.271173709328587,5.902660360329889,-0.6090083765577018,0.23183506441882154
100,7.128064720217453,2.2320292785192075,0.26812073432504435,-0.010237664378392942,7.6520431953071855,0.9548942151789682,-0.6607897063277578,-0.215590086314347,4.699461524923905,7.1900591790849715,-1.4563399951537188,0.359268449095751,2.0654389312420403,1.1245594316103984,0.3793738669472899,-0.20781438594965917,6.515612291818445,8.092931481194022,0.8127933542049922,0.4741737501470208,7.877467979458891,1.5524360433588928,-0.13536893473709946,-0.5103978278330296,3.5960752720353093,2.4733685570731367,-0.10654805243171878,-0.11989016774289227,3.692563135833744,5.505794804808944,-0.7386102405225048,-0.5150287530042481,3.670532225587331,4.996061383819495,-0.2595621369204565,-0.4794876426676727,5.83133726219245,2.9552663280003237,1.229691435688712,-0.630969960088971,5.871625397080854,5.2932780894826,-0.3281603209464134,1.1152211930530727,3.4361849899132095,1.9994427448638903,-0.2322177888741867,-0.07013558298107975,2.967902948646943,2.205508677846983,-0.26320092903161335,0.009704371135990758,8.919101786125962,2.2521044174347535,0.539130433428258,-0.6340350457872999,3.262324405651782,5.298865843510233,-0.5945193729760179,-0.7915642704792076,3.786518044814108,5.986645853459644,-0.8612323240644352,-0.4383843464377878,4.413700533832739,5.516713038795985,-0.6925771341234697,0.46958480277664527,7.68378818117009,8.649964754593817,0.7178186602718356,0.14333750218174934,3.3575535147759235,3.9127334846224233,-0.2634613359823324,0.21320620232210202,5.240723290500702,5.9142521135508295,-0.6317279457962757,0.17980321512531258
101,7.141470756933705,2.231517395300288,0.27883123143197475,-0.05456402310763588,7.619003709990798,0.9441147108632508,-0.6768686213493481,-0.19075238385353543,4.626644525166219,7.208022601539759,-1.4596361012365917,0.34563340690222966,2.0844076245894048,1.1141687123129154,0.3831818674751491,-0.1557992211991511,6.556251959528694,8.116640168701373,0.8120955102397807,0.42487699975115745,7.870699532722036,1.5269161519672414,-0.152430043682263,-0.4899446269385817,3.590747869413723,2.467374048685992,-0.10922888000748548,-0.12051872665394416,3.6556326238076187,5.480043367158731,-0.7367721715693174,-0.5289467096321299,3.6575541187413085,4.972087001686112,-0.2231810980215127,-0.46747636882767973,5.892821833976886,2.923717829995875,1.2139833305100043,-0.5965121062711627,5.855217381033533,5.349039149135254,-0.3173738342065024,1.0924074776059687,3.4245741004695,1.9959359657148363,-0.2461788571507107,-0.06478012391460741,2.954742902195362,2.2059938964037826,-0.2847969863992757,0.015195049337414574,8.946058307797374,2.2204026651453885,0.5002666346387508,-0.609104205831516,3.232598437002981,5.259287629986273,-0.5932103363030152,-0.7811541875917938,3.7434564286108865,5.964726636137755,-0.8475348738558813,-0.45205363519913666,4.379071677126566,5.540192278934818,-0.6844201849322775,0.5122384696971094,7.719679114183682,8.657131629702905,0.6886487866280365,0.10606261389140385,3.344380447976807,3.9233937947385282,-0.25800970239364956,0.2012580087937477,5.209136893210888,5.923242274307095,-0.6470031642948753,0.11693886027591169
102,7.155412318505304,2.228789194144906,0.2893388682925283,-0.09796107006921989,7.585160278923331,0.934577091670574,-0.6908935892295793,-0.16599664873845826,4.5536627201043895,7.225304271884871,-1.4627241600645156,0.33232218036651867,2.103566717963162,1.1063787512529577,0.38594623332244354,-0.10456489960253158,6.596856735040683,8.137884018688931,0.8093831289881869,0.3756272337398231,7.863078030537923,1.5024189206203122,-0.16872620256695475,-0.46872676149691245,3.585286425413349,2.4613481123532948,-0.11215741558500478,-0.12131752822946804,3.618794015229153,5.453596031677125,-0.7314306902924713,-0.5453047930256687,3.6463950638402327,4.9487131832447275,-0.18271582862346197,-0.45120250758219604,5.953521000502387,2.893892224682317,1.1983079885412866,-0.5633072887773767,5.8393486893232085,5.403659523015552,-0.3060366088327231,1.0673760520624096,3.4122651576119645,1.992696959519106,-0.26186986925033073,-0.058312956545372135,2.9405030528753984,2.206753648870653,-0.30855895662313765,0.021970759895514554,8.971071639529312,2.189947454853813,0.4610266047354107,-0.5832115492601585,3.2029379201878303,5.220229920606684,-0.5953907644233261,-0.7677752756072648,3.7010796849180925,5.942123954377798,-0.8272592972462622,-0.46772355188990156,4.344850667879952,5.565804202419673,-0.6809697939761626,0.5631681371564448,7.754111553515084,8.662434760397474,0.6584136131746529,0.06936125405286264,3.3314799628571246,3.9334566951782155,-0.2516815038710633,0.18614167492765907,5.176786734996145,5.929089217320891,-0.6528632810706557,0.04275037244191958
103,7.16987926191993,2.2238911406414448,0.2991161465628073,-0.1402041791053273,7.550615599461852,0.9262772592336511,-0.7028757613594314,-0.1413829260416242,4.4805265121011635,7.2419203809031965,-1.465613538170967,0.31933831077711294,2.122864029629284,1.101150506272831,0.38768353535486777,-0.05422193799282967,6.637325891490093,8.156665380375921,0.8047083184922835,0.3265465193793942,7.8546417204095755,1.4789825825454666,-0.18423388237032354,-0.44681448112393846,3.5796785546340986,2.455282235941821,-0.11538798643710516,-0.12232652255245936,3.5822224807145293,5.4263307920258415,-0.7222961299054476,-0.5640921211687279,3.6372592724090596,4.926153057865617,-0.1383990099361519,-0.42975700795349764,6.013436399929451,2.865726860243448,1.183275017699867,-0.5313912367002196,5.824046858881572,5.457028325618673,-0.2941893795077721,1.0402393934634246,3.399171664149448,1.9897813116918375,-0.2793753888667981,-0.05055075983932333,2.9250751050442414,2.207852186865429,-0.33459443195212907,0.030309698387725542,8.994122969766082,2.160786877390805,0.42151690899305727,-0.5564434485885061,3.173168381966664,5.181841156826321,-0.6003078686784504,-0.7534055285890257,3.6597167200557794,5.918737776783303,-0.7992331420751512,-0.4855419396397481,4.310802178181144,5.5939626092774954,-0.6844824709301459,0.6225522992758283,7.787032234173817,8.665902823100117,0.6272126970910337,0.03331227167555649,3.3188958876635715,3.9427637789245984,-0.2445942322913642,0.16982975003110462,5.144143570942612,5.931226735942987,-0.6470593532749156,-0.04284741429701315
104,7.18483506924807,2.2168809316861786,0.307754869293142,-0.18115092728026294,7.515471811393881,0.9192081129315699,-0.7128311452129632,-0.11696955479036483,4.407245835192615,7.257887296442052,-1.4683135329680264,0.30668447776656765,2.1422482063970274,1.0984394093731895,0.3884125392531753,-0.00487613817436397,6.677561307414707,8.17299270634489,0.7981269204363073,0.2777537547936266,7.8454300262910595,1.4566418584892695,-0.19893205467219072,-0.42427819085654656,3.5739091553122435,2.449165909814198,-0.11898813917988477,-0.12359375315753929,3.546107674219257,5.3981261859674055,-0.7093243876280761,-0.5853663246699399,3.630339321912252,4.904665207467943,-0.09065186561860837,-0.40207574801086576,6.072600150814444,2.8391572984084372,1.1693650484651597,-0.5007283217637696,5.809337389906184,5.509040295291844,-0.281873239393863,1.0111127111992582,3.385202894706108,1.9872537736998712,-0.2987804485928496,-0.0412736228692504,2.908345383446635,2.209367671784815,-0.3630058549723054,0.040541931703638685,9.015198815215735,2.13296470496138,0.3818423891324242,-0.5288865215604948,3.1431529885327416,5.14417088039687,-0.6071174157389193,-0.7393390497705005,3.619755062952022,5.894460679801315,-0.7619330037581487,-0.5057062763502663,4.276578054634637,5.625090224241287,-0.6978109531420335,0.6902561377689059,7.818392869028369,8.667568436683895,0.5951457698765683,-0.0020088892774491537,3.3066661760490033,3.9512552664261538,-0.2368774378376884,0.15364765510862471,5.111790603278866,5.929084365228136,-0.6270799968498865,-0.1394283817383083
105,7.2002228127127275,2.2078233853221656,0.3149146374315639,-0.22070763866471602,7.479830254133232,0.9133596351920517,-0.7207804550667581,-0.09281306050528289,4.333830158544214,7.273221520330381,-1.4708333350502003,0.294362532441045,2.1616688333596863,1.0981956024644712,0.388154109215638,0.04337157149362217,6.717467653436522,8.186880394084572,0.7896982865354997,0.22936444302405462,7.8354834235574495,1.435427948946442,-0.21280218796058542,-0.4011882716430296,3.5679597483532492,2.442986222156321,-0.12304167785773995,-0.12517669949867605,3.5106414548378533,5.368857869733908,-0.6925811741452348,-0.6093451125335239,3.625806728631322,4.884561420067399,-0.04015522779450008,-0.36690787676420955,6.131068403237702,2.814120882320249,1.15698224125937,-0.47124750427019907,5.795243727936491,5.559595930851807,-0.2691295293340322,0.9801135975080373,3.3702638722764653,1.9851900925564088,-0.32016793536107485,-0.030217542608037405,2.8901950906980196,2.2113947683699973,-0.3938834763390323,0.05305814990411612,9.034290934672356,2.106520378883355,0.3421059399958242,-0.5006274090867123,3.112797117745796,5.107203927908345,-0.6149493216307135,-0.7264034532186746,3.5816584127641145,5.869175365983802,-0.7133286663164039,-0.5285345841129105,4.241687506977535,5.659603031129732,-0.724562808056997,0.7656360217131873,7.848150157522197,8.667467992220024,0.562312484099737,-0.03653030188581858,3.294822304157119,3.958937649181585,-0.22866990821040328,0.13849162029708828,5.080436603436372,5.922112946141221,-0.5901997144782304,-0.2394283817383083
106,7.215968544584306,2.1967880033889298,0.3202874749545969,-0.2588056966338948,7.443791231379895,0.9087189821667875,-0.7267489543111758,-0.06896805469035208,4.260288491791704,7.287939646952434,-1.4731819940800692,0.2823735333176093,2.1810765388204683,1.1003641810391522,0.3869311085809061,0.09042527876534456,6.756952567763297,8.198348616235775,0.7794850511811215,0.18149047966173795,7.824843314159421,1.4153685353642906,-0.22582823778008976,-0.3776149049327092,3.5618076644603622,2.4367273871813873,-0.1276524228181789,-0.12714380431344022,3.4760123961305913,5.338390614107232,-0.6721283210123896,-0.6364835038494283,3.623798967241597,4.866216026229189,0.012053207502412552,-0.32279840633173584,6.188917515300671,2.7905585071067387,1.146490640349061,-0.4428684900581015,5.7817872514697894,5.6086016107272085,-0.25599972892721257,0.9473616798810988,3.3542554755084115,1.983679215426007,-0.3436144632035387,-0.01706554905887811,2.870500916881068,2.2140476758652032,-0.42729587734602503,0.06831928950765136,9.051396231672147,2.0814890084290196,0.30240829611480824,-0.47175255812087324,3.08204965166426,5.0708837552474115,-0.6229584359750748,-0.7151010431540278,3.5459919794482944,5.842748636778156,-0.650591271428134,-0.5546034851018266,4.2054593665746856,5.697884832215392,-0.7693255343781259,0.8472406403029131,7.8762657817271835,8.665641477125734,0.528812166042635,-0.07018365695578518,3.283388808746599,3.9658622301964397,-0.22011995036121068,0.12496892531557882,5.05092661771246,5.910141527054305,-0.5375493434922887,-0.3394283817383083
107,7.231982918332036,2.183847718557235,0.32357296775299327,-0.2953833364552044,7.407453783664336,0.9052705794322699,-0.7307662899368161,-0.04548714136953134,4.186629392087701,7.302058323618314,-1.475368388283997,0.27071778451420825,2.2004230942495138,1.1048854449774195,0.3847682976890035,0.13619421442653984,6.795926820322353,8.20742314021886,0.7675529009942641,0.13423995427591903,7.813551902270416,1.3964877901176551,-0.23799663088420503,-0.35362790171103925,3.5554250433194534,2.430370196965715,-0.1329489214789983,-0.12957623345744818,3.442405980079972,5.306566438914761,-0.6545865424055833,-0.6577665804512199,3.6244016276167175,4.850076105912603,0.06444469430508107,-0.2680847067719737,6.246242047318123,2.7684150826038336,1.13823985701241,-0.41552241310367255,5.768987265023429,5.655969694721263,-0.24252534970722833,0.9129782762010636,3.3370747523482347,1.982825937973063,-0.3691842758391151,-0.001437156626160268,2.8491361230137664,2.217463640340586,-0.46327749089981024,0.0868669605052517,9.066516646477886,2.057901380522976,0.2628478284808281,-0.4423480099064634,3.0509017298655063,5.03512870308971,-0.6303604228728991,-0.705700566780259,3.5134624158768877,5.8150184625230645,-0.5710213265401352,-0.5848011135821183,4.166993089855779,5.740246864230538,-0.826911750771934,0.9298932505115118,7.902706390029315,8.662132294277944,0.4947435747267113,-0.1029043523942881,3.2723828112285385,3.9721106764622185,-0.211386679966441,0.11348715887845885,5.024049150537846,5.89317010796739,-0.4847397324947999,-0.43942838173830834
108,7.248161566719685,2.169078551734475,0.32446022390989027,-0.3303699390205681,7.370915469167495,0.9029962223637933,-0.7328663197860376,-0.02242083074500523,4.112860972673501,7.315594212844024,-1.4774011975345867,0.2593948756690643,2.2196615091339638,1.1116951556987464,0.38169222929794616,0.18059286349929188,6.834304465372066,8.214135137932656,0.7539703419341253,0.08771696582559128,7.801652070726206,1.3788063950321032,-0.2492962435662672,-0.32929653630757927,3.5487775972455036,2.4238913852928428,-0.1390904418134752,-0.1325699351577572,3.4096766529596927,5.2736781098922,-0.6439685497133905,-0.6689996231422879,3.6276238623319714,4.836671870574004,0.1138024594744966,-0.1983817048771585,6.303154040168744,2.74763896194865,1.1325837067431637,-0.3891699553617531,5.756860997538068,5.701618608531317,-0.22874783064542567,0.8770860534133267,3.318615538556279,1.9827540801417551,-0.3960333212182741,0.016696935449665936,2.825972248468776,2.2218069883658482,-0.5018122075134762,0.10933428278670296,9.079659037901928,2.0357839800276527,0.22352035179741048,-0.4124991940021116,3.0193837087218616,4.999843674750697,-0.6363034993801614,-0.698264264017283,3.484911349549881,5.785778406843959,-0.49222805214643806,-0.6162658652322553,4.125647502317182,5.7867415267561135,-0.8811349979199516,1.0083614438641382,7.927443568765651,8.656987076658229,0.46020466777857916,-0.13463157130443898,3.2618134772302163,3.9777850344061414,-0.20264110542047645,0.10431027705248982,4.999812163913106,5.871198688880475,-0.43190648841351764,-0.5394283817383083
109,7.264384577915179,2.1525600547834465,0.3226142895144234,-0.3636705911681526,7.334272153178193,0.901875180826543,-0.7330869331641864,0.00018253996733155406,4.038990912796772,7.328563956627478,-1.4792888799518245,0.24840372310188225,2.238746120598861,1.120724798873711,0.3777311418724428,0.22354106080915875,6.872002982468772,8.218520986223936,0.7388084645980043,0.04202145220083196,7.7891872585478925,1.3623415682167244,-0.2597183743540673,-0.30468938528492817,3.54182307515483,2.417262888534955,-0.14622570902610085,-0.13619074409385387,3.377478225474023,5.240228128735085,-0.6395966278282667,-0.6720477918858293,3.6333139853056964,4.826752785330146,0.15431485108333842,-0.1413566425916507,6.359783225505902,2.728180464180562,1.1298940025992616,-0.3638191230158101,5.745423606005796,5.745472911201983,-0.21470843618590002,0.8398086905047805,3.2988138724953653,1.9835889269142384,-0.42055501159883496,0.035884014547844595,2.8008816380931023,2.227273702505183,-0.5428121082346523,0.13645665814231264,9.090835055491798,2.0151590203275473,0.1845189424598762,-0.3822907284706024,2.9875685337528535,4.964930461549833,-0.6403847082334418,-0.6927860229789492,3.460299946942559,5.7549651135823465,-0.4140105698712833,-0.6485867938995964,4.081590752421185,5.83715959894932,-0.9318876046549314,1.076830238453661,7.95045380215458,8.650255498093006,0.4252923745673335,-0.16530834886085033,3.2516814219591925,3.983000548258766,-0.19406413514057297,0.09758410136892288,4.97821683949243,5.84422726979356,-0.37918222610303043,-0.6394283817383083
110,7.2805152923909,2.134376525225039,0.3176655824331533,-0.39514911955104104,7.297617806519984,0.9018843078249096,-0.7314698654084164,0.02227687848872243,3.9650264687991803,7.340984142782572,-1.4810396519168119,0.2377426117677019,2.257632677692483,1.131901851914169,0.3729148510593321,0.2649640710275307,6.908943405698673,8.220622058833978,0.7221407083404511,-0.002750965997872376,7.776201339830189,1.347107098952478,-0.26925671126325673,-0.2798741716970744,3.534511789703525,2.410453351330262,-0.15431954708030743,-0.1403114879648535,3.3454983940826097,5.206625739140794,-0.6403876522525722,-0.6685720597283359,3.641029727859863,4.8196849532005634,0.19801082421685579,-0.09989979185355607,6.416277925635865,2.7099895080297713,1.1305707985954232,-0.3395444409471531,5.734688184196501,5.787463345727222,-0.20044815701124893,0.8012705465354146,3.2777861219154234,1.9853831276416307,-0.4434735764168361,0.05454967432994462,2.77374103268137,2.234096535412299,-0.5860901716515179,0.16908157511276234,9.100061002614792,1.9960444839040172,0.1459337674762868,-0.3518062265923757,2.9555492983411815,4.930291160400885,-0.6425925906833851,-0.6892663205481357,3.439599418448995,5.722535773887366,-0.3565222091607389,-0.6711833681015746,4.034996372188439,5.891001110872003,-0.9785219581837741,1.122469346837705,7.971718420882946,8.641990080649965,0.3901023770169225,-0.19488162805009027,3.2419782152021637,3.987879753327212,-0.18555258381344053,0.09227289996078636,4.9592577281872785,5.812255850706644,-0.32669630412927164,-0.7383010412747442
111,7.296398571512558,2.114619069247487,0.31619535275021066,-0.41355872266536137,7.261044313249563,0.9029981517493457,-0.7280605070136302,0.04381840219716021,3.8909744862033397,7.352871273370957,-1.482661471360462,0.2274092375943194,2.2762784202454496,1.1451500554655456,0.3653607824125582,0.3031914810802559,6.945050441115695,8.220484510534085,0.7040426248278416,-0.04650912737211121,7.762738504267026,1.3331133903676242,-0.2717913975675004,-0.2646311395314603,3.52679581234951,2.4034377769320194,-0.16359070721266142,-0.14504040612449548,3.313479011469981,5.173197136154377,-0.6450464652567615,-0.6602662799251594,3.650930269070706,4.8146899636078855,0.24432379772630314,-0.06707015465549879,6.472806465565636,2.6930122859824137,1.1350495883931258,-0.31650914458640206,5.7246657763459385,5.827526873053992,-0.18600761372549937,0.761596334439021,3.2556124430945816,1.988110611358128,-0.4647677895853901,0.07265898258112254,2.744436524098794,2.242550614167937,-0.6313256972251968,0.20817608833181733,9.107357690988607,1.9784541725743985,0.10785192451113743,-0.32112811043992817,2.9234196688070124,4.895827844373478,-0.6428999074530038,-0.6879085876405825,3.421773307990958,5.688976605482288,-0.3039098578087792,-0.6819511749076512,3.98607027427925,5.947124578213889,-0.9959105381015366,1.1216782961697653,7.9912235397337925,8.632245999247461,0.35472889846885347,-0.22330230438744714,3.2327005860114917,3.9924933983252515,-0.17709338179137726,0.08302757448230942,4.942922912980815,5.775340798642907,-0.2745745746395992,-0.8331033133684234
112,7.312208339150069,2.0939411331142193,0.31811111490484645,-0.4207278770815809,7.224641287898882,0.9051890718592037,-0.7229077079151927,0.06476569561666523,3.8168414126353167,7.3642417352506735,-1.4840984133853736,0.2178345688521837,2.2945464593660776,1.1603096295195583,0.3496559612354372,0.333378778505677,6.980252572357087,8.21815905416548,0.6845916416321963,-0.08916645729699942,7.749148934388651,1.3198818333910511,-0.2697676493136394,-0.25601005785622677,3.518616276988877,2.3961857566257945,-0.1742141766801107,-0.15041548239970473,3.281226688207143,5.140183822158119,-0.6516399698647924,-0.6497301205260906,3.663146458957021,4.811336455875111,0.2867608983666229,-0.03934411987460798,6.529558944985292,2.6771868287530936,1.1431150279434144,-0.29450719385523083,5.7153653956596635,5.865606689775944,-0.1714269636293654,0.7209108012786987,3.2323740536153123,1.991743560487184,-0.48419058023961115,0.0892671671837632,2.7128702392375343,2.2529594185845276,-0.6780210686815642,0.25482994972243367,9.112750287214164,1.962397767052402,0.07035729320142603,-0.29033743162481085,2.891274673434362,4.861432414991449,-0.6407425833642583,-0.689644358906125,3.406577815100519,5.654879046736905,-0.25582914660075984,-0.6859496291129179,3.9362747473741733,6.0032084930223775,-1.007702161718634,1.1110969144352767,8.008959984657235,8.621080884028089,0.31926450094194386,-0.2505252597462449,3.2238459169219227,3.996644777049367,-0.16845769866166838,0.07174964834132908,4.929194184248835,5.7336856329744865,-0.22293914762684544,-0.9236897760565738
113,7.328113894895311,2.07290473926014,0.32036876176232865,-0.4225908882812804,7.188495902503122,0.9084273566400369,-0.7160635775266819,0.08507976069518973,3.742636491966048,7.375133463693283,-1.4853666303936304,0.20901189753952445,2.3120292574278496,1.1769785684448422,0.32769929297790407,0.3567319946607842,7.014482154438697,8.21370073130063,0.6638668264543726,-0.13064108115533513,7.735660551922969,1.3070813304982398,-0.2651945963204284,-0.25129623386271044,3.5099055681548714,2.388664982505809,-0.18637139589126098,-0.15645318501305422,3.2486446897139034,5.107697316131814,-0.658919447029517,-0.6387139881773151,3.6774845038753523,4.809369249881381,0.3117589624094311,-0.01811110366292907,6.586714696382463,2.662461469060332,1.1545370995965394,-0.27342948124806316,5.706794047478195,5.901652229839878,-0.15674581075132105,0.6793384156112868,3.208164524603332,1.9962069188463722,-0.496484011932697,0.10461100997588908,2.678969185803456,2.2657009160706494,-0.725448685387089,0.31025158335348374,9.116268151874236,1.9478808954711615,0.0335303978631796,-0.25951369950397163,2.8592375442661493,4.826950197046143,-0.6358242640120495,-0.6948864195646994,3.393786357770481,5.62058156528126,-0.21205095270482247,-0.6861978361492965,3.8858896392882416,6.058763338744141,-1.0199472058313335,1.099867127118933,8.024923209704331,8.608554621040776,0.28503000321791605,-0.2760275781086819,3.215423031988839,4.000232259466434,-0.15951281125384328,0.06005914925737204,4.918047226867492,5.687501144171658,-0.1719081698528115,-1.0099288188940994
114,7.344132332983428,2.051775194846076,0.32041257926187106,-0.4228469043150949,7.152692723626788,0.9126813446747964,-0.707583281128096,0.10472405990770946,3.6683681604463665,7.3855840585702595,-1.4864903686522097,0.2008640931182517,2.328414222076745,1.1948151681778814,0.3016095582204819,0.3747710444832739,7.047675495761415,8.207168677242864,0.6419486525519139,-0.17085592327396998,7.722400822106947,1.2945165188051042,-0.25924907758634635,-0.24886226804153128,3.5005869983603084,2.3808423232551563,-0.19938235517414132,-0.1624122284602683,3.2156987173624274,5.075761616722948,-0.6661710380819704,-0.6283291468964861,3.693072451995824,4.808463694698235,0.32521907605936273,-0.0021561076149162334,6.6444415513622905,2.6487899949979288,1.1693999302279516,-0.25350673679265207,5.698956756940629,5.935619150620442,-0.1420031192861544,0.6370030625823635,3.183340324006697,2.001437469345167,-0.5002272221134401,0.11920515975200964,2.6426967515341016,2.2812134952383234,-0.7725871922254042,0.37575294559017863,9.117944671767395,1.934905210495963,-0.0025517183246142675,-0.2287347171070914,2.8274463310655467,4.792205876067908,-0.6280018406057154,-0.7036782600385232,3.38318381013524,5.586271673473795,-0.17275675473373664,-0.6835852767885592,3.834892278996675,6.113756695100088,-1.0323333965911945,1.088249860226266,8.039174709865227,8.594753242135342,0.25533131196567954,-0.2985172111845448,3.2074473914261468,4.003235216929302,-0.1502258989432578,0.04903158434092629,4.909451818374852,5.637004703226953,-0.12159561865406127,-1.0917026612205454
115,7.360152961946521,2.030632849630321,0.31579130184790183,-0.42383087553528476,7.117313559570383,0.917917547670182,-0.697524833195658,0.12366455223817821,3.594043642013756,7.395627263226172,-1.4874899545016391,0.19332261961992925,2.3434946999877693,1.213553720402045,0.2732929365739733,0.38897081096181724,7.07977292838901,8.198625881079165,0.6189187659308808,-0.20973879163675066,7.70943836822763,1.2820734054030276,-0.25259942160494087,-0.24779682468318526,3.4906178806016013,2.372721711832143,-0.21224630296336028,-0.1673764094010223,3.182390165458329,5.044345159378124,-0.6730229832318112,-0.6192816740661624,3.709333405798792,4.808355889317489,0.3322367945122435,0.010119418730828571,6.702911547873688,2.6361146581582964,1.1880143438753528,-0.23526396962438176,5.691856600976322,5.96746930374956,-0.1272371305807386,0.5940277473401351,3.1583289629010247,2.0073977273327674,-0.4979696937181002,0.13249826172777857,2.604067391922831,2.300001142517832,-0.81804681130406,0.45271799623754694,9.117817085851165,1.9234684746406083,-0.037815607602371265,-0.19807642502137324,2.796046239035261,4.757021963065982,-0.6171868996891016,-0.7158485651201245,3.374545972398553,5.552092409634367,-0.1379613069224782,-0.6790429991506669,3.783275609167115,6.168169188111402,-1.0445829159616569,1.076497344019502,8.051941275463511,8.579827381576115,0.22910182458847764,-0.3184093177624766,3.199936096478984,4.005686796146349,-0.14063347808050458,0.039389236131275485,4.903372037442149,5.582419570165926,-0.0721111108106478,-1.168907335441595
116,7.375942527038916,2.009441305853557,0.303853037433238,-0.4270182327357366,7.082437317910601,0.9241007752820909,-0.6859488882587107,0.14186972211061596,3.5196691442886743,7.405293394207169,-1.4883824881856924,0.18632651143132267,2.3571593468164678,1.2330022609501359,0.24397941047061464,0.40030926383565585,7.110718866685555,8.188138941497327,0.5948597548439938,-0.24722244848227687,7.696808397147383,1.2696835641688684,-0.2455925392347079,-0.2476847155146857,3.480005565453433,2.364352891362092,-0.22436853562253384,-0.17089225581583248,3.1487390162967386,5.013381075674816,-0.679309502927732,-0.6120262728967456,3.725945245524404,4.80886186025403,0.33711609572898743,0.020755435121061885,6.762312265067456,2.624351459677077,1.2108712759638722,-0.2195311109841092,5.6854947444472845,5.997170691116567,-0.11248528379474282,0.5505343073225065,3.1334304782151197,2.0140226404191566,-0.4942701741193167,0.14517996223725696,2.563165051357628,2.3226370423297094,-0.8599851914633488,0.5425481122799639,9.115926305471046,1.9135646533895396,-0.07219152035237283,-0.1676127534450303,2.7651868940508058,4.721229534809975,-0.6032939937881218,-0.7311054053442552,3.3676479070524294,5.518140259676834,-0.10749479423504615,-0.6735811119093283,3.731046463369032,6.2219940553123765,-1.0564445423415558,1.064859112256988,8.063396366692935,8.56390691568799,0.20543414858336806,-0.33604908883199835,3.192904422574959,4.007656257952912,-0.1308236025432632,0.03162673128845344,4.899766481901617,5.523974203393846,-0.023559726616684512,-1.2414526361540672
117,7.391135178910578,1.98809039421677,0.28132704409092957,-0.43338782241703355,7.048139873497665,0.9311942613876217,-0.6729185298621979,0.15931060135564734,3.44525001987939,7.414609719778735,-1.4891824060009222,0.17982147162478818,2.3693583173399984,1.2530177241419187,0.2143317432132463,0.4093085338339705,7.1404618544277545,8.175777819073213,0.5698549221194517,-0.283244666927573,7.684528770185648,1.2572993283931342,-0.2383692452313629,-0.248470921937021,3.4687871386723064,2.3558082785713004,-0.2357900829729073,-0.17308293898376476,3.114773541150352,4.9827797620299785,-0.6849790710758482,-0.6068669974697154,3.7428010503108537,4.809899632010083,0.3434680734852506,0.03225964667407475,6.82285582886565,2.6133749041278715,1.2386330676968833,-0.2075209458228281,5.679870480257548,6.024697406482693,-0.09778414035194508,0.5066431339369682,3.1087169695091537,2.0212816385310193,-0.48927162635321697,0.15688476377134072,2.5201657917844607,2.3497644479437074,-0.8960172075137828,0.6425481122799639,9.112316729453427,1.9051840157172881,-0.1056134962646184,-0.13741548259554248,2.7350221943613997,4.684674264542762,-0.5862147498567388,-0.7490912051650214,3.362273167340677,5.484461204081367,-0.08099506321699998,-0.6682890593478432,3.678224236251954,6.275237010925226,-1.0676867552843416,1.053586727607364,8.073668074122104,8.547104461246391,0.18356030745250268,-0.35172465134948544,3.1863632424477957,4.009237594517335,-0.1209261806851257,0.02609328858025281,4.898588495570783,5.461901571586142,0.0239581507494563,-1.3092620360101235
118,7.405201531115124,1.9664210030959184,0.2435603850141836,-0.4437739429426874,7.0144939470045555,0.9391597914554041,-0.6584990582049512,0.1759607843142764,3.370790899579344,7.423600793359975,-1.4899019371668245,0.17375907926362757,2.3800749045006606,1.2734831508336173,0.18482686483399852,0.4163601588293999,7.168954600533727,8.161615585726834,0.5439880608259131,-0.31774827379053106,7.67261030792408,1.244875782296283,-0.230938048586284,-0.2503722789423048,3.456997634523661,2.347154131622112,-0.24655561894148345,-0.1740728160157134,3.08052458759656,4.9524364121564926,-0.6900341912286156,-0.6040228697335617,3.7599744539851163,4.811512614343787,0.3543635481077156,0.04768651647636357,6.884787482250494,2.60299885683673,1.2721642868645522,-0.201010243844321,5.6749812732399505,6.050029563179541,-0.08316931228573043,0.4624729041177622,3.0842533881914926,2.0291258767195863,-0.48315089302948544,0.16743998282655817,2.4753649314087713,2.381891853557706,-0.9000905288529714,0.7425481122799639,9.107036054640197,1.898313241587511,-0.1380194439781769,-0.10755411163367931,2.705711456868563,4.647219704284511,-0.5658060640187457,-0.7694124013537746,3.358223414179827,5.451046751113975,-0.0578937741489321,-0.6643427186155713,3.6248398984877372,6.327916347305594,-1.078091474366495,1.0429375690319518,8.082846089494728,8.529518228678917,0.1628344500177281,-0.365677911160594,3.1803169334135393,4.010542258946347,-0.11097716924380958,0.0212575051789046,4.899786403108256,5.396438469785636,0.0703469804979853,-1.3722725692793931
119,7.417379550365833,1.944232305948784,0.1955677351070184,-0.448358401748644,6.9815689940943075,0.9479578306711179,-0.6427577770144802,0.1917964361955506,3.2962958027210028,7.432288747323156,-1.4905514762951486,0.16809609309663742,2.3893162477423604,1.2943011587750872,0.1558056247984451,0.42175864871945773,7.196154003575023,8.145728172037307,0.5173432337594144,-0.3506811788145962,7.661063405494765,1.2323571683491679,-0.2232236527615021,-0.25380804666923484,3.444669853576587,2.3384504908213266,-0.25670240403107014,-0.1739762569733689,3.0460228780351293,4.922235268669814,-0.6942243299176465,-0.6039974449601521,3.777692631390502,4.813896940167605,0.3725333710152279,0.07085598138045453,6.948395696593722,2.592948344644514,1.312619488360432,-0.20271860425205104,5.670822807625664,6.0731532083854285,-0.0686753945702913,0.4181403222091939,3.0600958435400183,2.037497875860914,-0.4760979052351027,0.17679804842808647,2.4303604049661227,2.419019259171704,-0.884957725760319,0.8084594534127041,9.100135082441287,1.892935536005827,-0.16935120925823494,-0.07809573623937385,2.6774211536676256,4.608749084216822,-0.5417603630814519,-0.7918086224596729,3.3553287254723805,5.417829615183197,-0.03737242592611181,-0.6630460702194096,3.5709353247694127,6.380063225757191,-1.085512547101485,1.0313387143813075,8.090987811995614,8.511234333120887,0.14271781941886524,-0.3781136305769903,3.174768074951349,4.0116051342052925,-0.10097456763681356,0.01647738314113947,4.903303752133155,5.327824841321666,0.11551619412592742,-1.4304346841269058
120,7.427157937121184,1.921814385861352,0.13956743760740647,-0.4421651581684201,6.949431105243583,0.9575476524808955,-0.6257637802082586,0.20679629481900724,3.2217682289062455,7.440693551977988,-1.4911398880058073,0.16279384017224988,2.397106528982283,1.3153890912110602,0.12751003407194553,0.42572745295936093,7.222021165262993,8.128194113096578,0.49012858086146827,-0.3812719712811958,7.64990222285669,1.2196667660157061,-0.21572879114445923,-0.25747569184186647,3.4318347333750334,2.3297516779726584,-0.26625688477857423,-0.17289475103785507,3.011311661539247,4.892035396421806,-0.6971927173718687,-0.6073305139560835,3.7963192999412634,4.817439739236628,0.4006397189925029,0.10685008901999979,7.014026671011743,2.5828124144319116,1.3601816087771867,-0.21511873503485773,5.667389037897149,6.094060224495888,-0.054335901517023846,0.3737598725880454,3.036290948278263,2.0463377782823184,-0.4682998122365814,0.1849883190850406,2.386112518678107,2.4594422318423392,-0.87226231482294,0.8445305804896228,9.091667521978376,1.8890307491938585,-0.19955463179634603,-0.04910493495084184,2.650333135513553,4.569158653093838,-0.5137314093937131,-0.8159971682625161,3.353460104176075,5.384677311672227,-0.018248770920186678,-0.6659318031927114,3.5166596974143385,6.4316301614762565,-1.0886301670443617,1.0184322438085593,8.098123702966557,8.492328651592038,0.12276574477681178,-0.3892069819710648,3.1697193465695084,4.0124290033623495,-0.09094458814688292,0.011763620391371198,4.909079561839452,5.256303107115321,0.15938030996192604,-1.4837120646800321
121,7.434136309001555,1.8997061279529308,0.07845267918697948,-0.4266710836398507,6.918142916233171,0.9678874672218458,-0.6075877388796563,0.2209416658863886,3.147211234505955,7.4488332439866,-1.4916747568352686,0.15781767904909294,2.40348203068588,1.3366754638590281,0.10011096339607409,0.42843888871960634,7.246527594306067,8.109130514532518,0.46353452231620523,-0.40404705400474217,7.639115783299467,1.2067929814236127,-0.20905861404893208,-0.2593140521249476,3.418521889136105,2.3211069404207656,-0.2752351148959873,-0.1709178417383095,2.9764520256706537,4.861668870724002,-0.6985674401047888,-0.614448415415373,3.8163512858908883,4.8227822436876275,0.4416938252748753,0.16308206466102587,7.0820357514506025,2.5720564776801687,1.3885907369785153,-0.2387413746863301,5.6646722428212986,6.112748218125291,-0.04018320730366233,0.3294435834019026,3.012875957666434,2.0555871942365704,-0.4599306965736003,0.19208382921183814,2.34249940293696,2.50166876086682,-0.8621712556159228,0.856262425724842,9.081689790388559,1.8865755024463164,-0.22642849588701264,-0.021361974816997198,2.6246465650438675,4.528358794680712,-0.486133970012562,-0.834529158018207,3.3525476656300657,5.351380721512591,0.0012827090105335774,-0.6749569298469474,3.4622281890621203,6.4825517736666844,-1.0878767530465638,1.0056526922589208,8.104261990205398,8.472868302493485,0.10269662655040557,-0.39907643794321335,3.165172117162164,4.013017184381918,-0.08091292172510851,0.007126508252494283,4.917048577337548,5.18211750388132,0.19593878719540433,-1.487147602517112
122,7.438058942960904,1.8783725737709382,0.018516871133044656,-0.4104589480790744,6.887763529289188,0.9789345505161653,-0.5883016891337485,0.23421641194003792,3.0726274966641918,7.456724127939055,-1.4921625929070754,0.1531365283948719,2.408487578855684,1.3580974082950084,0.07372848236171728,0.43002919704783216,7.269704320421877,8.088928161832282,0.4376901255514837,-0.42019603488751534,7.628662852597021,1.1938272788173654,-0.2035005232618814,-0.25780395695060954,3.4047601333913056,2.31256104833385,-0.28364483840407995,-0.1681254580961425,2.9415236536654144,4.830946449953234,-0.6970100475340341,-0.6254600053099867,3.838435977154632,4.830936346920679,0.4799667724323191,0.2345214080762323,7.151465288299528,2.560119408945852,1.3898225548165852,-0.2530549020497078,5.662663082456115,6.129220397295386,-0.026248490691842305,0.28530080176394323,2.989879422837754,2.065191385697162,-0.45114607064756046,0.19817914599911335,2.2993908401561636,2.5444818821530624,-0.8547026090702169,0.8497474472852887,9.070368365594208,1.8855074037054667,-0.2261661339147028,-0.0031098766757838604,2.6003398665432393,4.4866323367798016,-0.47433825663239826,-0.8332368718949794,3.3526118010805925,5.3176328750202435,0.0242297404760738,-0.6928684698621042,3.407834351409792,6.532834408279631,-1.0837696280895095,0.9942910439639572,8.109396821532918,8.452914480596323,0.08293773694742113,-0.40755112164971,3.161126471075909,4.013373509794543,-0.07090468549351125,0.0025759148661108544,4.926845516697318,5.107760123755464,0.22946177564808612,-1.4823452005239628
123,7.4389847865175565,1.8578496263669846,-0.04011667341750926,-0.3935854381982179,6.858348444832501,0.9906453711131672,-0.5679788212842891,0.24660693517763002,2.998019367018838,7.4643809543587984,-1.4926090017244902,0.1487224528140307,2.41217400297377,1.3795988681474,0.04844655906205321,0.430609672831232,7.291588826699452,8.067918360087907,0.41267655664253544,-0.4307378120388184,7.618487826433927,1.180937080969835,-0.1987373848375079,-0.25332005671295205,3.390577891471102,2.304154775429043,-0.2914880621809505,-0.16459040881167933,2.9066731512887127,4.7996734496877345,-0.6897905097429428,-0.6397729288593444,3.8624343157762477,4.842662417324491,0.5058579605419982,0.3172378156372188,7.220956416040358,2.5474666638433665,1.374120493945288,-0.26121950350313755,5.661350657921523,6.143485437383583,-0.012561683977058605,0.24143798070842815,2.967322119305376,2.0751003429971178,-0.442080893210602,0.20337625235445148,2.2566557097026525,2.5869692545173266,-0.8495853070133059,0.8320315119374205,9.059060058898472,1.8853519098716776,-0.20903326406886932,0.008758666365273775,2.5766229537116194,4.444970493185052,-0.4763115557930521,-0.8190681548002651,3.353823288104396,5.282989451527138,0.053243518550555494,-0.7210014148527365,3.353645870005317,6.582548960477829,-1.0769218697913954,0.985514835913641,8.11354370838029,8.432536924513839,0.06382025989739021,-0.41449939687596543,3.1575812368012333,4.013502305537848,-0.06094437286339116,-0.0018787299562442322,4.938318605479722,5.033642863729266,0.2611281513052331,-1.4770958291850638
124,7.436978952846681,1.8381703544570738,-0.09733067153213196,-0.37610761869418513,6.829949503768287,1.0029757178720486,-0.5466932709082319,0.25810215430443223,2.9233889169326135,7.4718170769995,-1.4930188247785838,0.14455029870870909,2.4145963309268725,1.4011293517889616,0.024323504874655646,0.43027467563496885,7.3122226545315785,8.046381469485965,0.38853931171637096,-0.43654338640231727,7.608550957192051,1.1682710781341874,-0.19454173318357584,-0.24607357605170377,3.376003488362054,2.295925254988459,-0.2970474119863797,-0.16358909147165301,2.8721836258015654,4.767684803244768,-0.6754750369329227,-0.6564493104419029,3.887727213803348,4.858524308106352,0.5175152755638219,0.4097089285596746,7.289662440737622,2.5344056886682096,1.34816435388744,-0.2653811466707146,5.66072257372267,6.155557336419005,0.0008485737965850983,0.1979584781748911,2.945218074644846,2.0852691556148404,-0.43284987983003526,0.20777604853948184,2.2141764443519873,2.6285708301141977,-0.8466484886143842,0.8076318491500359,9.048608395695029,1.8857898431899411,-0.18173198441748745,0.016340309344953098,2.552807375921967,4.404017085445039,-0.490959236635096,-0.7963129986582018,3.3564854640319237,5.246939380784501,0.10066358094519039,-0.7489751087550905,3.299799776515747,6.631824702273511,-1.068056923784105,0.9803798823470339,8.11673472137516,8.411811954670041,0.045588794110185016,-0.4198255704377721,3.154534018158064,4.013408369040036,-0.05105580633529029,-0.006228448445205699,4.951375013044983,4.959788072270013,0.2910921960928219,-1.4714840581446536
125,7.432112419270075,1.8193649735223645,-0.15301402801034533,-0.35808278108225766,6.802614840222875,1.0158808255872702,-0.5245199122383655,0.2686934756151203,2.8487379756936844,7.479044591934935,-1.4933962563454048,0.14059737385004592,2.4158125061706053,1.42264308557071,0.0013992732708068799,0.42910720750434067,7.331649620117397,8.02455430016585,0.3652977358391629,-0.43835592937222934,7.598823870532872,1.1559673993316022,-0.190756218134768,-0.23614042344344097,3.361151117762735,2.2877458004148763,-0.3006495239282973,-0.16593331314690837,2.838409873954919,4.734862337722673,-0.6573485918991965,-0.6715147764640093,3.913602977581539,4.879009754534335,0.5276165128087451,0.49907516911997596,7.3570706584319945,2.5211366313346737,1.3162922445581549,-0.26699571515602283,5.660765002412499,6.165455260327749,0.013954979335830363,0.15496236825292137,2.923575580653344,2.0956579580418144,-0.4232408892978409,0.21135772723370888,2.1718440199212683,2.6689524225716994,-0.8457798070502333,0.7793816148941438,9.039521796474155,1.8866068586571887,-0.14862270507946446,0.021044938015768382,2.528259414090212,4.364201435512129,-0.5172505014537153,-0.7675548421878617,3.361518643079183,5.209490625346747,0.1680614837617329,-0.7715460600491012,3.246396930326542,6.680843696390863,-1.0580259177157965,0.9798323852578722,8.119014161080669,8.390820676148152,0.028412280374832382,-0.42346687060339305,3.1519812278412993,4.013096946617775,-0.04126209303823348,-0.010464727147052513,4.965929622849624,4.88621386936278,0.3194968749040463,-1.4655789801053194
126,7.4244617178695576,1.8014608344682517,-0.20706197389777303,-0.3395682953638929,6.776388844610957,1.0293154993680262,-0.5015341543579751,0.2783747585072801,2.7740681628764143,7.486074460627437,-1.4937449407983219,0.1368431651176531,2.4158824698341457,1.444098445945927,-0.020293027529673716,0.4271912370688012,7.349914506909355,8.002636503697238,0.3429523981232625,-0.4368084410443452,7.589286059626134,1.14416037815943,-0.1872811629918151,-0.22348937854388862,3.34611864156632,2.279449134757531,-0.302959516798929,-0.17175215540151037,2.805542444359959,4.701286598899472,-0.6388587743073095,-0.6827552563660266,3.9399838032219763,4.903963512990334,0.5361714309336356,0.5851829813448706,7.4228852706599024,2.5077868455768724,1.2813045506920908,-0.2670504935071001,5.661462751379291,6.1732033787403955,0.026731603302103044,0.11254626488356365,2.902413536188452,2.1062258444035,-0.4130613370611228,0.214095749978288,2.1295550295687566,2.7079215033164066,-0.8468929216998434,0.7490151024436428,9.032090661220181,1.887659105557977,-0.11252799328656815,0.02381713809389369,2.5023968890175263,4.325823693402736,-0.5531241570519173,-0.7344740901943485,3.3699217172672697,5.170913322344291,0.23450926317891574,-0.788355450627842,3.193495634440752,6.729835315653756,-1.0478260786490248,0.9846999486032896,8.12043477509941,8.369647332617983,0.012395435008152881,-0.42539044746809435,3.1499181231893876,4.012573710260423,-0.031585583057764856,-0.014579527760240123,4.981904466594827,4.812934920357514,0.3464743575168797,-1.4594367131134072
127,7.414108619174669,1.784482419700057,-0.2593761860679892,-0.3206214648357816,6.751312136893058,1.0432342372933903,-0.47781174064399856,0.28714227563809813,2.6993809158364983,7.49291661888332,-1.4940680539280689,0.1332690895579055,2.414867818457662,1.465458007799367,-0.04072837698156972,0.42460954960734326,7.367062126815519,7.98079608164502,0.3214907561686964,-0.43243927615352207,7.579922001476543,1.1329859092322356,-0.18406799495693088,-0.20800927323535093,3.330970665726374,2.2708615269874555,-0.3045790741416452,-0.18110385687163214,2.7735995056445937,4.667148836081171,-0.6204496264010486,-0.6914418151563273,3.966792374768658,4.933222662057577,0.543193434823382,0.667890410341343,7.486950498194507,2.4944343209015174,1.244993010690465,-0.26621500314902535,5.662799331544396,6.178830691984573,0.039153924220879335,0.07080315817780755,2.8817604693353958,2.1169306319024144,-0.40217324437181445,0.2159729013076268,2.0872103834837645,2.745372258438589,-0.8498921604251896,0.717606258350563,9.026464261555853,1.8888499624626718,-0.07526143548250216,0.02528717405473194,2.4747406811649304,4.289099988893018,-0.5955239124443457,-0.6983677847952512,3.3816471804262154,5.131495549812899,0.299672077173923,-0.8016367570623699,3.1411043305083006,6.7790703130839205,-1.0386178968541535,0.9956699421426178,8.121054546849818,8.348377810244578,-0.0024100127062933654,-0.4255902887834152,3.148338844036499,4.011844733872411,-0.02204783059421236,-0.01856529654023041,4.999228184470671,4.739963084701843,0.3721466435684142,-1.4531025000600488
128,7.401139809871269,1.768451346458268,-0.3098648879992055,-0.30129938433246334,6.727421549860859,1.0575913510752952,-0.4534285518869765,0.29499466794437745,2.624677513140095,7.499580073361215,-1.4943683710979756,0.12985827452258275,2.4128313996085837,1.4866884852797342,-0.05989102504925082,0.4214413380225596,7.383136664623954,7.959174117837344,0.30089145337583234,-0.42570577160200745,7.5707186017286965,1.122585445570468,-0.1811170515239836,-0.18953463429654852,3.3157417120192916,2.261806334143874,-0.3060744149581358,-0.19399360301226415,2.7425770243245413,4.632576745323354,-0.6025358337143558,-0.6989911897384333,3.9939520465098273,4.966617182574645,0.5486994600385506,0.7470671961595414,7.549200148729031,2.481123570744066,1.2084889127371485,-0.2649435012863214,5.66475702775544,6.182370849893464,0.051198858108430945,0.029822263477486483,2.861651807116805,2.127729276967796,-0.3904630709653115,0.21696926701998961,2.044715775462505,2.781252571356117,-0.8546448074526016,0.6858700947251208,9.022701189781728,1.8901143211654083,-0.037975550036621654,0.025873712340360067,2.4449644855427133,4.254181599653256,-0.6408375547882511,-0.6604395647185863,3.3966307842849117,5.091413711959781,0.3631841179669619,-0.8134366018582158,3.089173435665593,6.828853810191052,-1.0317376803031233,1.0132538701625893,8.120934046214503,8.327098295805408,-0.015994773946486282,-0.42408404347249345,3.1472364525067884,4.010916469045399,-0.01266955798460426,-0.02241497228132035,5.017835516649092,4.6673079596988405,0.3966262427397974,-1.4466124648882683
129,7.385646565471309,1.753386377241645,-0.3584429319169714,-0.2816588021796386,6.70475012226651,1.072341084472514,-0.42846041349727004,0.30193289475390456,2.5499590945851964,7.506072987087344,-1.4946483245298696,0.12659536318544262,2.409836848356121,1.5077605521808621,-0.07777418187066984,0.41776147941689223,7.398181237292746,7.937888829257244,0.281127518742291,-0.4169961760282083,7.5616627491524975,1.1131087138556406,-0.17847821829248894,-0.16786964806098503,3.3004379912713846,2.252106653993261,-0.3079966474511634,-0.21038148290450379,2.7124502326388233,4.597627185836433,-0.5854900362253534,-0.7068275929350276,4.021387019511755,5.003970542382621,0.5527098510362816,0.8225948363064315,7.609624594365888,2.46787639567975,1.1724922444353973,-0.2635444927133612,5.667316970660862,6.183861963067338,0.06284478383824155,-0.010311116750771093,2.8421286535685395,2.1385777403187953,-0.37782397957310415,0.2170548303274678,2.0019835350898747,2.815546076092373,-0.8609674369394961,0.6543475389585454,9.020802412279897,1.8914080067824264,-0.0013905939000838363,0.025853625326393508,2.4129226078033006,4.221159621417327,-0.6850986489854562,-0.621983758798544,3.4147899901832597,5.050741881866871,0.4246126911245793,-0.8256367032916324,3.037586551650437,6.879516503699181,-1.026949296503352,1.035207700725913,8.120134307517178,8.305894093631784,-0.028382458497484116,-0.4209098025086344,3.1466029746075583,4.009795720431333,-0.0035984523495772025,-0.026675812080647916,5.037666828786082,4.594977336454427,0.42001687617297023,-1.43999507767558
130,7.3677244188754605,1.739303437132663,-0.4050318625167952,-0.26175598611980333,6.6833271015916464,1.0874377292102093,-0.4029829071875888,0.3079601792233326,2.475226678358703,7.512402755246616,-1.4949100515894047,0.12346634220289754,2.4059481392625877,1.5286486261517067,-0.0943790321619146,0.4136406964210646,7.41223761322986,7.917039020455833,0.2621686929936313,-0.40664005694819394,7.552738838237873,1.1047152314525914,-0.17625291927756936,-0.1428105273562555,3.285038158898826,2.241587579848036,-0.3108969180796151,-0.23018358499391142,2.6831757308275557,4.562285806189681,-0.5696206662751988,-0.7162089328129237,4.049022512063569,5.045100284197943,0.5552482336089729,0.8943666174592505,7.668249206587658,2.4546991710440818,1.1374224809074094,-0.26222781285123914,5.670459209852774,6.1833464072297994,0.07407156427953579,-0.04951571813201595,2.823237454589884,2.149430481835169,-0.3641455479336904,0.2161844058434981,1.9589351632429,2.8482634530403006,-0.8686243555600822,0.6235163503790397,9.020732882584893,1.892700688048746,0.03405504276594393,0.025409395021346228,2.378667675354028,4.1900604334774,-0.7245288939590582,-0.5843896124255497,3.4360206247394887,5.009460046702289,0.4833940877572604,-0.8400742266426032,2.9862390868252695,6.931276888735477,-1.019701278097817,1.0540795508497474,8.118715184592304,8.284848603506353,-0.03962120520023127,-0.4161229133457046,3.1464230519900793,4.0084619298273,0.005405379275362063,-0.03022027426117352,5.058667672594731,4.522977582570648,0.4424141755259415,-1.43327237372863
131,7.3474728257496205,1.7262156378266729,-0.44955996252183095,-0.24164659345601486,6.663177956232267,1.102835738171376,-0.3793794835093632,0.3108833740735056,2.400481175779233,7.518576072356761,-1.495155435596379,0.12045838869336517,2.401229187654492,1.54933066097276,-0.10971342535398554,0.4091462590878679,7.4253460478795414,7.896707017608423,0.24398306225622807,-0.39491734071588375,7.543926192273994,1.0975747050847786,-0.17459612773575536,-0.11416643056430044,3.2694933129948454,2.23007840059834,-0.3153907400025144,-0.253004192156608,2.6546946975137957,4.5264753595490355,-0.5551457993910554,-0.7280637391092283,4.076784923744018,5.0898186150709055,0.5563413819897562,0.9622876169924829,7.725120330633029,2.4415877804015196,1.1035177906949125,-0.261136462262205,5.674162788066751,6.180870621323199,0.08486056325020207,-0.08771442668685274,2.8050301771931996,2.1602397021273436,-0.34930802799913835,0.21429408335629022,1.9155039454648959,2.8794392705592524,-0.8773433756643205,0.5938369888584405,9.02243563472319,1.8939711577998133,0.06810605661125799,0.024661283360382008,2.342441230656075,4.160840952856122,-0.7562182578128236,-0.5489970770177848,3.4601903291273515,4.967456335370159,0.5388843341988788,-0.8581940385574454,2.9352540229203785,6.983980866277964,-1.010067086911162,1.069891585468671,8.116734124332293,8.264042457839068,-0.04977654268403979,-0.40979291009150565,3.1466933209538475,4.006950916114241,0.014193111240551797,-0.033609435356984345,5.080788381371028,4.451313963884216,0.4639063637800289,-1.4264609653419862
132,7.324994827623529,1.714133308153872,-0.4843744509216656,-0.21447317420939016,6.644208982056798,1.1183799068750513,-0.3640542000218772,0.30513789960259,2.325723403999414,7.5245989917914295,-1.4953861404087527,0.11755973406491828,2.3957435163867924,1.5697879739271534,-0.12379034894605384,0.40434314317625336,7.437545200992353,7.876961150572629,0.2265381508589678,-0.382066125544091,7.535196385887207,1.0918663835565636,-0.17371724867502347,-0.08177903538063053,3.2537237759947195,2.2174281909905096,-0.3241436520348008,-0.26455744904560047,2.626937407544243,4.490072172593574,-0.5421846565965771,-0.7429076922064011,4.104601992843506,5.137932995920529,0.5560190810769975,1.0262746749937364,7.780296220167775,2.4285309572884093,1.0709002895139081,-0.2603681011540728,5.678405816229262,6.176484899988856,0.09519465833590285,-0.12483437823248858,2.7875647757932427,2.170954406295158,-0.33320566412067165,0.21130992250678451,1.87163677668168,2.9091311200021743,-0.8868472331801984,0.5657517429122287,9.025840937553752,1.8952042219678324,0.1006254327860136,0.023689173332092934,2.304630317765434,4.133391099005233,-0.7785774061778632,-0.5169134172815967,3.4871345458372955,4.9245466334422865,0.5902354689188175,-0.8814069322142396,2.8847506685748203,7.037475445551397,-0.998124497308929,1.082673120344997,8.11424529719809,8.243552812334492,-0.05892545644682912,-0.40200063069999825,3.147402976515875,4.005270444346392,0.02274763645842338,-0.036838316739746954,5.10398369956003,4.379990915617117,0.484574907575736,-1.4195728790548117
133,7.300776105077445,1.7034096494434026,-0.5117840645837084,-0.18291245253676747,6.6260062720557045,1.1336368018551808,-0.35429478640822665,0.2937883419070997,2.250954096978976,7.530476978494676,-1.4956036398051995,0.11475954252888772,2.3895539989394896,1.5900051310859662,-0.13662653578775233,0.3992951206626813,7.448872108535301,7.857857844295424,0.2098015995884029,-0.3682893958727978,7.526510523453456,1.0877774317875322,-0.1727060700931547,-0.04901282130737617,3.2375165933929795,2.2042003185382297,-0.3342226414667637,-0.269049950019067,2.599828174714414,4.4529267879832535,-0.5307821780565527,-0.7608723787343669,4.132402946897356,5.1892467296702165,0.5543139842320833,1.0862563375024774,7.83384123464347,2.4155125522307057,1.0396189517810543,-0.2599895253481948,5.683165549146056,6.170243181077232,0.10505824963633559,-0.1608070449227664,2.770904492587209,2.181519902420497,-0.3171406667881191,0.20776097394620124,1.82729441502267,2.9374187071477857,-0.8968900368388948,0.5396663796564337,9.030872209193053,1.896388680634437,0.1315520046800928,0.022547390032963546,2.2657014474565407,4.107545428141153,-0.7913148864127196,-0.4889203031784639,3.5166463192832365,4.880476286831574,0.636395262217596,-0.9109292450656022,2.834844443709374,7.091609101568647,-0.9839553047294739,1.0924603878857433,8.111299024375748,8.223452780799493,-0.06715158679319543,-0.3928355783536742,3.148540358338796,4.003428528509405,0.031052815767746805,-0.03990245249954804,5.128212444938817,4.309012271664376,0.5044951349701254,-1.412616246116218
134,7.27518690184826,1.6942640268165643,-0.5338703249995858,-0.1491097344260067,6.608291532735294,1.1483262189505359,-0.3481282604282069,0.27888942229609714,2.1761739149887163,7.53621495562112,-1.49580924250938,0.11204780240377252,2.382722672150102,1.6099698871191002,-0.14826110592168834,0.39403476573159224,7.459362188514722,7.839443374501784,0.19374153641882383,-0.353760756299022,7.517875219948798,1.0853267907221633,-0.17128587785414512,-0.016861314997501604,3.2208054613196415,2.1907478210372764,-0.34422097442682115,-0.2689343663686932,2.5732890658115863,4.4148831690465355,-0.5209562314896525,-0.7818098258973624,4.16011864610896,5.24355954654534,0.5512614671055995,1.1421727717610155,7.8858221822325225,2.402513075963296,1.0096778191242137,-0.26004638605873676,5.688418461627873,6.162202828831093,0.11443726450841778,-0.19556830900020605,2.755047459247803,2.1919079511178072,-0.301656361123456,0.2038945731341677,1.7824499131807252,2.964402026130607,-0.9072850875288886,0.5159409434396258,9.037449809427057,1.8975160501360853,0.16087272346326226,0.021274769830236746,2.226135703135905,4.08309941298223,-0.7951072499526813,-0.4654694365977347,3.5484660823941163,4.834929824578294,0.6765990227462328,-0.9465109886628265,2.7856466784729004,7.146232120962934,-0.9676450307212328,1.0992962909371085,8.107941445036088,8.203811001881808,-0.0745414483088352,-0.38239356372659433,3.1500929991271835,4.001433405884427,0.03909349650319108,-0.04279788907350473,5.153437201687323,4.238381459358566,0.5237368154615721,-1.4055958694198596
135,7.24849338559828,1.686808540095264,-0.5521080262930692,-0.11446696962082276,6.590885119713883,1.1622706900653408,-0.3441813455070651,0.2617639120658981,2.101383452863247,7.5418173457413085,-1.4960041135513644,0.10941522854427982,2.3753096168540178,1.6296716254056798,-0.15873766052409866,0.3885849811952421,7.469049265335663,7.8217553366868335,0.17832672611859635,-0.3386292952827327,7.509310926056091,1.0844837249722883,-0.16946942524587788,0.014608935707894545,3.2035944125983002,2.177301102718842,-0.35349929835644517,-0.2657293870373426,2.547241254237104,4.375792677751668,-0.5127471642704042,-0.8054110402943047,4.18768171946424,5.30066818513339,0.5468994779466977,1.1939756543193338,7.936306073188733,2.3895107566603593,0.9810545331366488,-0.26056969082053605,5.6941403248532945,6.152424413381083,0.12331915838460707,-0.22905852386340278,2.7399646411916305,2.202102679774516,-0.2869346141107645,0.19981553596073331,1.7370856588042807,2.9901990733025885,-0.9179162982308192,0.49490088850353037,9.04549344560022,1.898579788627597,0.188604594263473,0.019901495435805786,2.1863803406382707,4.059825941152343,-0.791067646079713,-0.4468187955620283,3.582296033531428,4.787604275145153,0.7142067011061098,-0.9789258655574561,2.737264426936839,7.20119693550979,-0.949282625301374,1.103230145442475,8.104214372620646,8.184691323695478,-0.08118154501097306,-0.37077464669148164,3.1520476739523433,3.9992935114307517,0.04685552818082987,-0.04552118360186362,5.179624042460402,4.168101665887573,0.5423647012120676,-1.3985136863395886
136,7.220887984283626,1.6810851916142229,-0.5675645130866422,-0.07991429947276688,6.57367605243853,1.1753588856686357,-0.34147891558882926,0.24327194563430496,2.026583247185679,7.547288107168522,-1.4961892925410325,0.10685317442904968,2.3673727338278128,1.6491008744654418,-0.1680981502470982,0.382966353859212,7.477965601641593,7.8048238719226966,0.16352657348796157,-0.32302368251111147,7.500837454793797,1.085214171757683,-0.16727016925818194,0.04533458343314954,3.185919447680478,2.1640146333669747,-0.3617983242214958,-0.26043559822467405,2.5216038960235836,4.3355221257369525,-0.5062376601787988,-0.8312810801165983,4.215026693361574,5.360366967849357,0.5412683848490043,1.2416280328842917,7.9853587998455655,2.3764822721193326,0.9537125055300605,-0.2615801098848955,5.700306282772525,6.140971487187913,0.13169291175262057,-0.2612225625825191,2.7256179104860925,2.2120934565725525,-0.2730005475986893,0.1955623419433586,1.6911898438927397,3.014944117727765,-0.9287328122902352,0.4768653205052715,9.054923675313393,1.8995748633993874,0.21478295860973273,0.01845375059258437,2.146826958334285,4.037485001374241,-0.7804170692019775,-0.4331405652352942,3.6180063685867334,4.73865798186728,0.7491826899501243,-1.0081640930580629,2.68980029567177,7.256358442781914,-0.9289601674402086,1.1043174128578648,8.100155295370097,8.166152591360904,-0.087156249551122,-0.3580813811022659,3.154390450361385,3.9970174522506587,0.054325775325269714,-0.048069401044329774,5.2067422775210055,4.098175981570593,0.5604390298370161,-1.391369143626286
137,7.192509758629295,1.6770894766405846,-0.5810328303476748,-0.046082052219747316,6.5566021066590885,1.187522482950351,-0.3393084452073535,0.22398108366744915,1.9517737825586274,7.552630765889974,-1.496365709329557,0.10435355261155006,2.3589678263154576,1.6682491921584024,-0.17638151282915415,0.37719868599235257,7.48614193031599,7.788672687797141,0.14931103539426882,-0.3070555939436335,7.492473946330888,1.0874809009293405,-0.16470222110706373,0.07525556762600343,3.1678295314694034,2.150992853455741,-0.3690488555344389,-0.25374275814934194,2.4962920130146435,4.293958071731122,-0.5054690887368382,-0.8540738746619249,4.242090112604025,5.422448369493572,0.5344108203838865,1.2851041628493274,8.03304442512207,2.3634032666250877,0.9276089029119396,-0.26309079510377253,5.706890928360155,6.127910359058787,0.1395490233904722,-0.2920098540239989,2.711967883106158,2.2218715736697203,-0.2598185057494996,0.191145156667678,1.644753203278228,3.0387873837530286,-0.9397317817541487,0.4621836345057514,9.06566282324388,1.9004975509290167,0.23945392981745808,0.016956880889344224,2.1078061048741863,4.015827973112477,-0.764306714091161,-0.424615464932407,3.6554655030842396,4.688249777214376,0.781498762320273,-1.0342240502072608,2.6433522872997597,7.311574313424807,-0.9067725644623189,1.1026194232242637,8.095797482892541,8.14824852230579,-0.09254631853206402,-0.3444173496811863,3.157106739127648,3.9946139821984423,0.06149212747064648,-0.05044011009172963,5.234764229012856,4.028607524389279,0.5780081485108449,-1.3841407197043742
138,7.163458117111911,1.6747853740295973,-0.593119735671475,-0.013410356302480594,6.539636684398721,1.1987215371337234,-0.3371295935573434,0.20427427390381672,1.8769554970921496,7.557848443520552,-1.4958434898245319,0.1018617276032101,2.3501487506739998,1.68710912645802,-0.18362399518093198,0.3713004927055193,7.493607482085704,7.7733199080999595,0.13565048874817043,-0.29082255487320013,7.4842388352755345,1.0912436793106406,-0.16178029623657803,0.10431519075545309,3.1493770886926815,2.1383057155482743,-0.37511403466452214,-0.24641158505754693,2.4710185585778017,4.251254377998026,-0.5084936390682577,-0.8738498797995977,4.268810653623219,5.486703577636038,0.5263715240682743,1.3243893194830265,8.079424870267667,2.350248726869899,0.9026998759214214,-0.26510918330947497,5.713868379529679,6.1133098663575876,0.146879499957996,-0.3213744067729855,2.698976957818683,2.2314288315031043,-0.247334783177054,0.1865641851076715,1.5977666141905205,3.061896565478316,-0.9509328686145061,0.45127439330738145,9.077635519734752,1.901345394973484,0.26266953769771234,0.015437551858248081,2.0695907691696283,3.9945971998658565,-0.7450418506836541,-0.42092397232262924,3.694540441200253,4.636538574704013,0.8111339761562928,-1.0571120981950837,2.598013659076644,7.36670528458602,-0.882817251140276,1.0982030897993578,8.091170166965938,8.13102765482173,-0.09742792206658642,-0.32988597082644744,3.1601813455011807,3.992091976693856,0.06834350637407566,-0.05263137791033366,5.263664636438398,3.95940048840406,0.5937369416432355,-1.3736145835214444
139,7.133802130328337,1.6741148562144732,-0.6043031029422686,0.017780396371767086,6.522780204720854,1.2089352508289142,-0.33451446437231164,0.18441899362554987,1.802163322600923,7.562941529900712,-1.4915934115338083,0.09917131433854978,2.3409675509149532,1.705674151093296,-0.1898599320829532,0.36528802300661417,7.500390006523112,7.7587787803563,0.12047047715930534,-0.2731647975835563,7.476149820463705,1.0964594388484132,-0.1585196639350868,0.13246018438760152,3.1306213869594552,2.1259851362953968,-0.3792311452131307,-0.24033639227845502,2.4455938766243888,4.207561884008046,-0.5133544177937006,-0.8917086045965762,4.295129229826633,5.552923043610189,0.5171971831095925,1.3594795867937597,8.124559864063738,2.3369932677044254,0.8789439766704829,-0.2676380975498385,5.721212354527579,6.097241146018939,0.15367784205285553,-0.34927482106818747,2.68661021865983,2.240757040758488,-0.2354403060139783,0.18179015787143302,1.5502199707597952,3.084460285143685,-0.9623857747220081,0.44458464147683624,9.090768996619637,1.9021172725663964,0.28448462456632395,0.013925217996955952,2.0323386766354457,3.973551001249725,-0.7240013341427787,-0.42204870297799346,3.735097140008068,4.583682969794259,0.8380745627406114,-1.076842384857693,2.55387279651963,7.421615439075988,-0.8571938892401283,1.0911406161520139,8.086298770862609,8.114533356280408,-0.10187208020547713,-0.3145895482337882,3.1635985208198845,3.9894604077983393,0.07486987048624248,-0.05464176375824327,5.29335148352056,3.890719759227988,0.6076274945760393,-1.3598912489438268
140,7.103586975181224,1.6750038760330614,-0.6149687035979502,0.04724368964651196,6.506054481502238,1.2181562005101916,-0.3311085958869566,0.1646122144474881,1.7275836520242327,7.56790009561764,-1.4837099764757915,0.09629350708649795,2.3314745543108057,1.7239385522436268,-0.1951215385164815,0.35917593465530506,7.506413530381077,7.745120540477122,0.1035314815745856,-0.25385102006700233,7.468223837266951,1.1030824480677932,-0.15493609670054137,0.15964076520205758,3.1116598296987985,2.1139683166814742,-0.3817504512133142,-0.2357283727461922,2.4199261557347036,4.162976453778217,-0.5188702895643883,-0.9086932985589559,4.320989088982112,5.620897022949877,0.5069362718647071,1.3903816241230171,8.168507062897262,2.3236113628269335,0.8563043798758919,-0.2706763647081395,5.728896246630222,6.0797774049655295,0.15993902684544858,-0.37567428898907695,2.674838203359131,2.2498465486520596,-0.22373732659245418,0.17663780401151558,1.5021006820236948,3.106689517217527,-0.9741098084310029,0.442658326426967,9.104993227847954,1.9028135334662442,0.30495486161986207,0.012453129359659105,1.9961386099283067,3.9524485661008253,-0.7018460455702143,-0.4283455079043847,3.7770008681450986,4.529840850551374,0.8623137997199314,-1.093436634108249,2.5110131020576234,7.476172469883589,-0.8300040682596336,1.0815091966213553,8.081205166852335,8.098803878868718,-0.10611042927670988,-0.29872933926171535,3.1673420143441966,3.9867283196104273,0.08106221672966994,-0.05647031151517931,5.323732858249362,3.8227251967807967,0.6196864413314148,-1.3430769612718463
141,7.072838540001326,1.677366060515387,-0.6254331782744439,0.0747765285396108,6.48949905170789,1.226386811232566,-0.3266058923018655,0.14501039479420294,1.6533981532004431,7.572714770971965,-1.4722946437653905,0.09323971672990101,2.3217184773849815,1.741897348976392,-0.19943399833123873,0.3529853404001959,7.511590104459806,7.732427989473772,0.08521948079142577,-0.23304762309937502,7.460477032431924,1.111064486327896,-0.15104581948702187,0.18581068103518325,3.092572307138133,2.1021818980441647,-0.38300036042422064,-0.23275732103318358,2.393982641256484,4.11754178885027,-0.524306019399994,-0.925787063306468,4.346335902575348,5.690416104156028,0.4952136847989732,1.4158966792770662,8.211322281891057,2.3100775445915267,0.8347503149063374,-0.2742190861928411,5.736893197972495,6.060993690516075,0.16565948741309466,-0.4005405831592737,2.6636513370295085,2.2586784388526353,-0.21192279532497602,0.1709461123744183,1.4533951916021448,3.128822433538875,-0.9860262891815237,0.446204186998232,9.120240970928947,1.9034361899342271,0.3241354582772724,0.011059016581626675,1.961046307649796,3.931031290705606,-0.6789386401791838,-0.440500565241054,3.820116558131095,4.475169018845962,0.8838518693679167,-1.1069239211653972,2.4695128986446417,7.5302479297146565,-0.8013510080805509,1.069390711038583,8.0758996453885,8.083867411905633,-0.11033346018757972,-0.2824916843066402,3.17139512518068,3.9839048040346685,0.08691257964079611,-0.05811654116879635,5.354717180315933,3.755571348717204,0.6299248456814659,-1.3232833026693056
142,7.041566881087604,1.6811048869423677,-0.6359578039137066,0.10019893101846009,6.473168757092797,1.2336373309722761,-0.32073291660281095,0.12575028027173837,1.5797834210121735,7.57737675680846,-1.4574554194315603,0.09002153736450276,2.3117467774684197,1.7595466159964017,-0.20281785785855827,0.34674104921862386,7.515851078499377,7.720775608318803,0.06583928233007298,-0.21093226868422732,7.452924741457573,1.120355020379655,-0.146865458962089,0.21092724705947563,3.073422289116922,2.0905440319925055,-0.3832917277091049,-0.2315567531048341,2.3677673402864845,4.071252435684946,-0.5291856244897234,-0.9439235202205715,4.3710965868152964,5.761210938119881,0.47739877723366875,1.4220022529854859,8.253059797636373,2.2963665902818846,0.8142579717321009,-0.27825765926100327,5.745176172343149,6.0409666613581114,0.17083708889943597,-0.42384603425274286,2.6530551972632597,2.2672257444713564,-0.1997639795613975,0.1645719618631973,1.4040938771430687,3.1511326428887867,-0.9978824095089759,0.45615342786015745,9.13644774384281,1.9039891407633085,0.3420802931328945,0.009785567301507191,1.9270993756408368,3.9090062624435533,-0.6555555845315013,-0.4595621575018558,3.864309151599491,4.419822822787692,0.9026957027754026,-1.117340434460846,2.429445348240614,7.583717465266585,-0.7713392642352963,1.0548714146038267,8.07038297237912,8.0697428276903,-0.11464918034348245,-0.26602131532858664,3.1757407541627196,3.980998976976229,0.09241402793731997,-0.05958043930228503,5.386213422600006,3.689407183583739,0.6383580738194371,-1.3006267931286488
143,7.009768990891919,1.6861148334932907,-0.6467561332881079,0.12333977361666773,6.4571321112626565,1.239924844985863,-0.31323950327078204,0.1069641138204731,1.5069106500405955,7.5818778336766846,-1.4393064390966623,0.08665071319141472,2.301605884575492,1.7768836684573328,-0.20529016197393207,0.34047033515443503,7.519143042615881,7.7102289948845915,0.045667567547031065,-0.1877213807780384,7.445581468509468,1.1309013827326289,-0.14241199290156192,0.23495137223057277,3.0542577027314666,2.078966194337264,-0.38292274731315806,-0.23222837044257344,2.341308059061998,4.024056259673918,-0.5331797432222768,-0.9640065596970535,4.39496652567698,5.832311050769155,0.46007279804558754,1.427702006897274,8.293772696222979,2.2824537073188345,0.7948110538228388,-0.2827796092612254,5.753718026788121,6.019774359645474,0.175471101630086,-0.4455674976109771,2.6430669982851898,2.275454342564516,-0.1870806263840592,0.1573852103734786,1.3541997566676198,3.1739403142817944,-1.00914549726422,0.4737213854144121,9.153551758499455,1.904478419128384,0.35884126587962767,0.008680755312531976,1.8943215964142617,3.8860281545684607,-0.6320001432288728,-0.4870499681470359,3.909443936738261,4.36395580106465,0.9188588106742815,-1.124729225120995,2.390878385028849,7.636461035996777,-0.7400744364659716,1.0380416238023429,8.064650513361945,8.056441761923871,-0.1191124707018967,-0.24943586685732735,3.1803614555595856,3.9780199550111144,0.09756065857732873,-0.0608624486295145,5.418131326290978,3.6243758439273064,0.6450056591397554,-1.2752284880698352
144,6.977431184227513,1.692281822174124,-0.6571662330547859,0.14298678814644894,6.441470136099118,1.2452730506768868,-0.30389372757306027,0.0887914841366622,1.4349453280857625,7.586210369336255,-1.4179675447215578,0.08313910577924263,2.291341376476795,1.7939071852150545,-0.20686465087977784,0.33420278784142043,7.521426420993233,7.70084292584569,0.024989543337364833,-0.1636908503524649,7.43846086886439,1.1426489513441576,-0.13770269984514277,0.2578475761547438,3.0351115653658085,2.067354775815135,-0.382184103534452,-0.2348456053616631,2.314649071900884,3.975855931689065,-0.5360276509839419,-0.9869336323548759,4.41797016557926,5.903696151114018,0.44318772896969727,1.433033369077874,8.333513248914121,2.268314726855773,0.776401088476593,-0.2877682726186883,5.762491581869625,5.997495984764925,0.17956217132022118,-0.46568630929962357,2.633712966965987,2.2833236030831903,-0.17373195370318248,0.14926501432964068,1.3037424818044088,3.197626383552515,-1.0188396041823509,0.5004829652734515,9.171493821793437,1.9049124568940106,0.3744677463459001,0.007798062674006098,1.862721589252818,3.861675656161109,-0.6086766907688722,-0.5251717178736641,3.9553868772719754,4.3077193398086004,0.9323611016187501,-1.1291399449284882,2.3538746632055507,7.688363117186894,-0.7076628812302918,1.0189953992343865,8.05869488982685,8.043969968581004,-0.12374488420657707,-0.23283554891696967,3.185239488488452,3.974976832579639,0.10234758838149399,-0.06196345662530752,5.450381609247966,3.5606144195238145,0.6498911596425171,-1.2472135736546703
145,6.944572872574774,1.6994311615814466,-0.6567966845919834,0.14637455279320213,6.426275449720465,1.2497126248837198,-0.29252340639671487,0.07135297522971984,1.3640469508496846,7.590367324625217,-1.3935638566080892,0.07949866176939631,2.2809981439328064,1.8106173246071255,-0.20755120522591922,0.3279709342786926,7.522675898160101,7.692658383328066,0.004119693822721385,-0.1391863873512917,7.431575733872133,1.1555413301518946,-0.13275510913288022,0.2795839965502341,3.016002360189086,2.055612495547052,-0.38136417629913005,-0.23945611239776482,2.287847689351687,3.9265092500713212,-0.5383554728374528,-1.0102260093056254,4.440129552027745,5.9753478195679115,0.42669788023097055,1.4380295264723866,8.372333303337951,2.253926313224839,0.7590275636028957,-0.2932023567916936,5.771469690435636,5.974211669299944,0.18311228651402778,-0.4841882319520265,2.6250263692808278,2.2907868537996725,-0.15960712758143383,0.14009714153164105,1.2528005015952912,3.2226505318161878,-1.025277768912941,0.5384705454573743,9.190217209110731,1.9053023600277108,0.3890060293287273,0.007196632265542374,1.8322877547143743,3.8354170702674257,-0.5925455857630385,-0.5501933301293159,4.0020049323529125,4.251262342562176,0.9432286882629212,-1.1306285736779917,2.318491519144036,7.739312887148613,-0.674211428784339,0.9978302262211233,8.05250764561652,8.032328191135155,-0.12854768695386606,-0.21630922553324022,3.1903568679075267,3.9718786597483735,0.1067709432941118,-0.06288478329963193,5.482876167230092,3.498253740841081,0.6530420084848604,-1.21671096087971
146,6.911733038345175,1.7067498892211066,-0.6475309872895222,0.1378223148566986,6.4116492794006295,1.2532802736452058,-0.2795962062791721,0.0542538321177296,1.2943687580192802,7.594342257713687,-1.3662253418356536,0.07574138109534806,2.2706205836715103,1.8270158713210602,-0.2073546328824749,0.32181141411724756,7.522881882851237,7.685699063960501,-0.016594317741224177,-0.11461952824099178,7.424937978415489,1.1695205299794063,-0.12758695143881138,0.3001323874954503,2.9969341513741297,2.0436396899271636,-0.38075420146110855,-0.24608309281016894,2.2609299157098146,3.87599794960604,-0.5427366999863793,-1.0314572766601877,4.461464446039294,6.047249295891531,0.41055967116221403,1.4427199161358988,8.410284681518096,2.239266195385254,0.7426979345128462,-0.2990553907623159,5.780625304761338,5.950002257702343,0.18612474339968865,-0.5010633907648703,2.617046012901756,2.2977917108762544,-0.144618162187954,0.12977202938294188,1.201536613149644,3.2495740590890563,-1.0255357824952236,0.5903728701596365,9.209667510577168,1.905662191640988,0.4024987327454981,0.006941367995838277,1.8026604754262223,3.80790740376096,-0.5807027988614535,-0.5582415650158286,4.049166366766059,4.194730913878276,0.9514936824869411,-1.1292571368464364,2.284780947704819,7.7892043984596695,-0.6398271054464594,0.9746466940351056,8.046080261268827,8.021512729858493,-0.13350988353900575,-0.19993762605904372,3.1956954150722323,3.968734420583392,0.11082784536296042,-0.06362816816553496,5.515528267654335,3.4374181927970957,0.6544893582070388,-1.183852879489987
147,6.879356488980699,1.7136410049639414,-0.630980203689237,0.12097907743141333,6.3976694690866704,1.2559929652510922,-0.265519721732914,0.037173529389106466,1.2260574909274975,7.598129326768454,-1.3360863802910086,0.07187928578372751,2.260252852027387,1.8431064420269225,-0.20627281930818483,0.3157665525802556,7.522052166964176,7.679968087548452,-0.03678465295567561,-0.0904470607083054,7.418558630843548,1.1845271493541787,-0.12221610991426203,0.3194681086756605,2.9778964413010742,2.0313355352866553,-0.3806533325704442,-0.2547254026957626,2.2337930807104955,3.8244250857730306,-0.547872638776775,-1.050074127115393,4.481992429597405,6.119385291698325,0.3946479369053801,1.4468246326175356,8.44741957824374,2.224313425847138,0.7274275230713829,-0.3052950764214381,5.789931541931322,5.924949088164099,0.18860410814692294,-0.5163062000275128,2.609815104792358,2.3042803123454014,-0.12869439862219118,0.11818333311795015,1.150259824024883,3.2790927025970382,-1.0158545041364655,0.6582904780080981,9.229792447214443,1.9060092600407799,0.41498409091630695,0.007102978267899856,1.7736253354831497,3.7799953255101686,-0.5698780821820143,-0.5490505863764922,4.096741050890406,4.138268057035954,0.9571939801347032,-1.1250934145014748,2.2527895924324963,7.837936733161425,-0.6046168616200659,0.9495481745881856,8.039404767091877,8.011515848555542,-0.13861244397556882,-0.18379425046080727,3.2012368073403805,3.9655530121751155,0.11451639752185254,-0.06419575645154135,5.548252735564687,3.3782255488225963,0.6542679191649506,-1.1487744727328077
148,6.847807478796237,1.7196899588355121,-0.6086409173953486,0.09880550318686486,6.384393483000025,1.2578516417205474,-0.2505791610385103,0.01990856112738928,1.159253171912947,7.601723291057641,-1.3032853294303905,0.06792438940215913,2.2499392110619776,1.8588947696559353,-0.20429420572885232,0.3098862112199882,7.520212934316392,7.675445734513036,-0.05609023743806123,-0.06713558762239764,7.412447825347835,1.2005005547879617,-0.11666057204922937,0.3375701058576268,2.958863774672552,2.018599265151867,-0.3813736158010407,-0.26535633105110057,2.206399448771657,3.771921379417261,-0.5515233373474447,-1.0656469131175677,4.501724826442674,6.191726523329202,0.3781075968270614,1.4472199313967917,8.483790954397309,2.209048672026066,0.71323931999286,-0.3118825440745578,5.7993617473386685,5.8991337781627236,0.19055617691697715,-0.5299152805816771,2.6033803848612487,2.310189479001299,-0.1117778800728276,0.105226693158289,1.0994670988180597,3.312007226497443,-0.991941957226905,0.7431877261236914,9.250541651760258,1.906364408954175,0.4264951099689116,0.007757967945945013,1.745131431374049,3.752542796191344,-0.5564849994224869,-0.5222511031758852,4.144600749897141,4.08201338631088,0.960373036135054,-1.1182106423730211,2.222558749351493,7.885414141890834,-0.568687306125716,0.9226405013923509,8.032474144893099,8.0023261360325,-0.14382984020656794,-0.16794461484945217,3.2069626272164733,3.9623432243525385,0.11783566626336495,-0.06459008460998375,5.580966131522935,3.320786825185956,0.6515592928399369,-1.1105423164130312
149,6.817375432926469,1.7246302339948554,-0.5821404253013427,0.07382748905209544,6.3718645249481,1.258847069776917,-0.23494243011688254,0.002372152408735468,1.0940889054414276,7.605119510527749,-1.2679640888905603,0.06388866721567062,2.239724500775535,1.8743890802169347,-0.20139450622863253,0.30422981529427956,7.517408422444489,7.672088955131916,-0.07419077871889279,-0.045117879203613265,7.406614796745373,1.217379060080843,-0.11093838235603687,0.3544208828383548,2.9397950938824997,2.0053314485993123,-0.3832448918943452,-0.27792096504266683,2.1788232819042848,3.7186390337613826,-0.5537130868569059,-1.0782051941518995,4.520630206284027,6.264087519899042,0.3609941454084373,1.4439882861250226,8.519452920396951,2.193454544822338,0.7001636912052698,-0.31877151340932364,5.808889556184518,5.872638014133639,0.19198793369741268,-0.5418933686219186,2.5977914908576074,2.315450813659213,-0.09381907249533436,0.09079843600015403,1.0498700009567146,3.3491666128036277,-0.9491598926569023,0.8431877261236914,9.271866407258704,1.9067523073514723,0.43705856106079755,0.00898857464626209,1.7173071814029246,3.7264302410325496,-0.5361021354478052,-0.47748159561156406,4.192619401703894,4.026102854192229,0.9610796307850592,-1.1086872060115252,2.194124384045207,7.931546166960452,-0.5321444473646748,0.8940316495899415,8.02528265288277,7.993928905290028,-0.1491301082796444,-0.15244469445791062,3.2128544105296415,3.959113720122039,0.12078566229253491,-0.06481406517333624,5.613544096164932,3.2652597093653046,0.6459286224660571,-1.0686712532721234
150,6.788268411661402,1.7283216084474602,-0.5531583236810897,0.04809094204273131,6.360117403442255,1.2589656773973537,-0.21868029933051847,-0.015415108598095473,1.0306907009968995,7.6083139438885325,-1.23026766604065,0.0597840271103389,2.2296547754641036,1.8896005709816488,-0.1975325217279607,0.2988684595913722,7.513698883508544,7.669833061171736,-0.0908384254896381,-0.024751209132488947,7.401067877627571,1.2351001042227607,-0.1050675959750511,0.3700064651299206,2.9206328492877827,1.991435400347179,-0.3866196942816471,-0.29233193328770385,2.1511376275614396,3.6647287740537875,-0.5548050046781817,-1.0776189111180474,4.538679913554449,6.336286934205293,0.3433632612832111,1.4372193821565558,8.554461104957214,2.1775159691518717,0.6882379811191119,-0.32590736147165084,5.818488952869388,5.845543345702543,0.19290750611604487,-0.5522472162596999,2.5931005372328406,2.319990735459221,-0.07477246496093339,0.07479389150496797,1.0024120063238695,3.3913259991098124,-0.8828682615631596,0.9431877261236914,9.293719335311744,1.9072017360837854,0.4466937819174795,0.0108826081450028,1.6905020746305344,3.7025561612519713,-0.5036219588361277,-0.41468441873315154,4.240673383243147,3.9706684938916523,0.9593676279784766,-1.096606328953134,2.1675171616769733,7.976247749439949,-0.4950934418073453,0.8638314178291115,8.017826147468789,7.986306670567132,-0.15447470091444163,-0.13733953655849826,3.2188936936442683,3.9558730168633724,0.12336731925531721,-0.06487097101107996,5.645840527288235,3.2118261467016986,0.6390112348352388,-1.025293177510327
151,6.760610495477348,1.7307261555495967,-0.522915773994014,0.022784023056860322,6.34918338847573,1.2581949219674489,-0.20179821828502603,-0.03334876175266657,0.969177317694867,7.611303145244049,-1.190343743539761,0.055622281339601315,2.2197781493777056,1.9045439939612174,-0.18847483178362023,0.28773787581457255,7.509156962234062,7.668595500715111,-0.10587823978629057,-0.006287849829679396,7.395814497828819,1.2536004274792567,-0.09906623329769985,0.3843163556571013,2.9013018645737003,1.9768188036827938,-0.3918781893596968,-0.3084633050215873,2.1233973773275303,3.610847828497885,-0.5549634472084704,-1.0661191680807593,4.555848076618609,6.408147903313121,0.32527066389759446,1.427009730071988,8.58887300401317,2.161220601078289,0.6775060001261982,-0.33322609546141885,5.8281343281751905,5.817930984889558,0.19332411938996774,-0.5609874842849818,2.589361913984794,2.323730430034469,-0.056344276298069845,0.05835683596719564,0.9582685932457116,3.438485385415997,-0.7901094545857917,1.0431877261236915,9.316054024407618,1.9077458664910356,0.45541128126327957,0.013533193944388525,1.665320976688728,3.681821940315314,-0.45456984223866853,-0.3343394897954821,4.288641764642071,3.9158381774439954,0.955295726165096,-1.0820557558061739,2.142762489586606,8.019439320331404,-0.4576383502705374,0.8321511127383274,8.010102412423066,7.979439693739208,-0.15981916140289876,-0.12266284233441666,3.2250620596070343,3.9526294683128183,0.1255824706382986,-0.06476441903994674,5.677791089029997,3.1605614878261825,0.6318237783338916,-0.9818118076473805
152,6.734464706777647,1.7318653567024398,-0.4922960120212681,-0.0014343872250105888,6.3390934775614785,1.2565274838798155,-0.18428491110591502,-0.05128974331226019,0.909660130517879,7.61408425931103,-1.1483422499362925,0.05141511914535633,2.2103544077885244,1.918930887751946,-0.17855360318912794,0.26968873786642156,7.503863050244748,7.668281108223627,-0.11925266100319158,0.010136109757001889,7.390861186163934,1.2728162452621117,-0.09295223569734479,0.39734348275827774,2.8817079551057154,1.9613956384317144,-0.3981970814482608,-0.3260111594866549,2.0956492049671067,3.5575418700938473,-0.5542234879108969,-1.0474838000207853,4.572111609813489,6.47949838981672,0.3067719732934102,1.413462270834143,8.62274830401948,2.1445592963052182,0.6680173778531855,-0.3406532317041667,5.837800534144689,5.789881610675309,0.19324804856675243,-0.5681286275689824,2.5865447001698905,2.326648271832829,-0.04344220439821897,0.04515053416902183,0.918763120516422,3.4906447717221813,-0.6901094545857918,1.1431877261236916,9.338824588470782,1.908422526188255,0.4632111283035553,0.01703836536226358,1.6425924845767945,3.66510496582554,-0.3835828205040125,-0.23805077819442216,4.336406550950326,3.8617353896536866,0.9489272028271036,-1.0651274311655048,2.1198805720730793,8.061046875968321,-0.4198819024176313,0.7991032367302401,8.00211145435292,7.973306551622486,-0.16511508795644494,-0.10843786792813921,3.2313411831389494,3.949391247360821,0.12743382493856717,-0.06449835344056415,5.709382277946691,3.1114708974438137,0.624055837719849,-0.9379415924377208
153,6.709849906176584,1.7317936373411893,-0.46217008705671814,-0.0240261848666905,6.329879232006182,1.2539629967142025,-0.16613555822526713,-0.06909315895314562,0.8522430180210644,7.6166550152682975,-1.1044149343140615,0.04717408030261845,2.201426727629068,1.932415324645267,-0.16881022969562812,0.24804755803127085,7.497900417194589,7.668787913711477,-0.1309907015168297,0.024493571221399335,7.386213574379067,1.2926834194000256,-0.08674342245375437,0.409084140792782,2.8617981010333025,1.9450950804573817,-0.4055224894086007,-0.3447965495111225,2.067938030571562,3.505167680092808,-0.5525394691311487,-1.0250456035159436,4.58745020847816,6.550171503358427,0.2879225732945866,1.3966859737520643,8.656149172912139,2.12752663472001,0.6598267595018553,-0.3481025812508614,5.847462936573026,5.76147517929686,0.19269056921564257,-0.5736887735601706,2.5843725899499796,2.3289057985412804,-0.03720769241433697,0.03610964847108836,0.8842576477871323,3.547804158028366,-0.5901880731978668,1.2431877261236917,9.36198514488596,1.9092744444563683,0.4700811187656091,0.02150046615292004,1.6234133435515938,3.653202426915819,-0.28380260692174886,-0.13805077819442216,4.38385291109168,3.808479018095411,0.9403296532571483,-1.045917175251337,2.098886476952198,8.101002037804832,-0.3819252698853715,0.7648011798405091,7.993855699955098,7.96788465822608,-0.1703131841753432,-0.09467944518016908,3.2377128743858776,3.946166329688793,0.12892493920473327,-0.06407702843356626,5.740585069832684,3.0645738178219277,0.6149025361753228,-0.892713603089184
154,6.686741401823748,1.7305923280978548,-0.43353426209806245,-0.04444097969705381,6.321572454094919,1.2505083387665452,-0.1473506218383976,-0.08661126530389762,0.7970222713053613,7.619013719283428,-1.0587149459575453,0.04291052963308563,2.192986216144287,1.9448177025468307,-0.159552521053997,0.22495359338550042,7.491350882118748,7.670012592272547,-0.14118702610529182,0.03684600736117226,7.381876403256379,1.3131376264396648,-0.08045744895201033,0.4195379236695279,2.8415219765628725,1.9278552529818256,-0.4140695749790377,-0.36462847244441854,2.0403110571150047,3.453915399917011,-0.5498479353081192,-1.00092577186929,4.601846337142889,6.6200058020460295,0.26877747836250004,1.3767954284199522,8.689140510887231,2.110121505657467,0.6529928164989376,-0.3554749458032564,5.857097465033808,5.732790740618851,0.19166390672689357,-0.5776895943326565,2.582512205329263,2.330711280964835,-0.03698217566624036,0.03113395171799541,0.854748244127239,3.609963544334551,-0.4910394527081755,1.3431877261236917,9.38548920082424,1.9103494677640143,0.47599471899289936,0.027025306739748112,1.6092232132055064,3.646299888006098,-0.18380260692174885,-0.03805077819442215,4.430869393754538,3.7561831593328443,0.9295747244193742,-1.0245243571571097,2.0797902134579296,8.139242096796858,-0.34386784841037416,0.7293589162811959,7.9853400407463315,7.963150685967071,-0.1753667081757945,-0.08139654417643778,3.2441591213461143,3.942962478267115,0.1300601910518988,-0.06350499066814191,5.77133019664145,3.0199381376674683,0.60441792757511,-0.8462714594932664
155,6.665064688718845,1.728370279113002,-0.4072866347083195,-0.06230195401543229,6.314204923002999,1.2461777755013503,-0.12792799793333656,-0.10368772074615598,0.744086524007484,7.6211592457650825,-1.011396419974157,0.038635632529534586,2.185008590091587,1.9560653822161058,-0.15068680970172954,0.20178636058129754,7.484291530813483,7.671854892640606,-0.1499776204520674,0.04731717650416765,7.377853530808778,1.3341145226231412,-0.0741117662316755,0.42870765162237323,2.820818497813921,1.9096238293596046,-0.4241747515908156,-0.38527365548369263,2.0128186603495988,3.403869111323546,-0.5460765165566309,-0.9764542315088238,4.615285211061014,6.688845573467027,0.24939120437047918,1.3539104317867627,8.721790151712177,2.0923477583673042,0.6461543707450301,-0.3622485878544171,5.866680660370153,5.703906260902218,0.1901811843773242,-0.5801561726519299,2.5806630965459507,2.3322679785507345,-0.0370563210993307,0.027141500837967618,0.8301962714918303,3.6771229306407354,-0.39289407754773187,1.4431877261236918,9.409288936773885,1.9117007331010016,0.48090879074695947,0.033721005381600416,1.600033082859419,3.644397349096377,-0.08380260692174885,0.06194922180557785,4.477348129975507,3.7049569414749888,0.9167378446694016,-1.0010515665771098,2.062596821037411,8.175710042610918,-0.3058070492975383,0.6928907063612642,7.976571705337542,7.9590808587582496,-0.1802345303171409,-0.06859473189397958,3.2506621308987094,3.939787228733708,0.13084474925487338,-0.06278706127576927,5.801551093020205,2.977624564692805,0.5926581778494644,-0.7987585854795238
156,6.644700356983429,1.7252551814122303,-0.38423860154767703,-0.07736578966106417,6.307808523106332,1.2409933894640426,-0.10786307115394804,-0.120161328785149,0.6935167030087761,7.623091027391559,-0.9626140697754595,0.034360331529489606,2.1774742496065005,1.9661547002451707,-0.1419006140437858,0.17944722691826467,7.476792649790879,7.674220751465814,-0.15751758913905142,0.05606747301299188,7.374147942497195,1.3555499052042599,-0.06772358195696901,0.4365992915672236,2.79960976023438,1.89036014658542,-0.4362166660963149,-0.4064447049671974,1.9855148345217672,3.355046399748105,-0.5411488590751586,-0.9524460025642294,4.627754771279538,6.756541095056366,0.2298176435323526,1.328155571498353,8.75409787024943,2.0742353289745834,0.637854404093723,-0.36796420148979064,5.876189719589019,5.6748984522696215,0.18825637031967685,-0.5811168625273897,2.578810280490984,2.333625053592633,-0.03675709364584506,0.02365185003732531,0.8105515676144437,3.74928231694692,-0.2825418425762969,1.473149723277845,9.433334376311233,1.9133867833700817,0.4844778459107668,0.04177086483655596,1.5958429525133315,3.6474948101866556,0.01619739307825116,0.15347676048046943,4.523185022208977,3.6549043631461333,0.9018979501021298,-0.9756042848687171,2.047306468572534,8.210354577928982,-0.2678381005414975,0.6555108043986277,7.967559978821685,7.955651122163551,-0.18488323931529826,-0.05627807413205463,3.257204368361453,3.9366478756699195,0.13128454302514384,-0.0619283176415356,5.831184001912678,2.937686635418829,0.5796813770480221,-0.7503178546673916
157,6.6254884269060454,1.721386891929177,-0.3651363656673319,-0.08949396774996846,6.302415369548635,1.2349853230247851,-0.08714480911677552,-0.13586343253492428,0.6453859995200031,7.624809043968034,-0.912522787281794,0.03009532397312193,2.170379218904311,1.9751270615910839,-0.13274935145142258,0.1585482329566151,7.4689167703339265,7.677024125116463,-0.16416230144094815,0.06340643580795859,7.370761763399346,1.3773798697826212,-0.06130982287355101,0.4432218713843968,2.7777989269295644,1.8700379113370602,-0.45058041100973223,-0.4277949717118199,1.9584573915680092,3.3074240996198934,-0.5349872267122696,-0.929383454823706,4.639245653456156,6.822948873631283,0.21010994370425295,1.2996598066376868,8.785990590454116,2.0558371189000937,0.6281465506818359,-0.3726313033146438,5.885602538105003,5.645842609143252,0.18590422365252737,-0.5806031447243333,2.576972425808692,2.3348076460944993,-0.036135820604611235,0.020588095561830166,0.7964244754856289,3.822939803110812,-0.17750465643937283,1.4894603374854734,9.457558268606771,1.9154753266119096,0.48607681772900774,0.05139537388193752,1.596652822167244,3.655168648210679,0.11619739307825117,0.2457994873935383,4.568279919714083,3.6061241489026976,0.8851372082873663,-0.9482905562865914,2.033914563545459,8.243130118148914,-0.23005385788111377,0.617333173219154,7.95831581685592,7.952837218456948,-0.18928810328275086,-0.04445031517730652,3.2637685955127105,3.9335514597878425,0.13138623007802033,-0.060934074944968344,5.86016807076508,2.9001707426854595,0.5655473508219923,-0.7010912456618639
158,6.607231608622679,1.7169121935416787,-0.3506935521199216,-0.09863361413895774,6.298058129092796,1.228192151398039,-0.06574944799552275,-0.1506093351023506,0.5997598601559134,7.62631381016669,-0.8612772516760316,0.025851040776839713,2.16374175133174,1.9830544732389146,-0.12268096752021301,0.13954418177720712,7.460708655261879,7.680194446906861,-0.1708782790476977,0.07004116765289348,7.367696272255669,1.399540963351841,-0.05488709881232604,0.44858738847722257,2.7552699063790778,1.8486481627514693,-0.4676472442857969,-0.4489128209238547,1.9317080302323957,3.260954926878708,-0.5275133707993356,-0.9075376334838697,4.649751150641368,6.887931863963168,0.19032039226302494,1.2685560469697912,8.817397917988208,2.0372055537343616,0.6170867575950116,-0.3762618170901511,5.8948977492876296,5.616812451907036,0.18314023972625745,-0.5786494777100348,2.5751656347784615,2.3358370508725907,-0.035238091598212735,0.017884151913550327,0.7875492426636602,3.8974128199850857,-0.07966387590416696,1.497883061816217,9.481862109493221,1.9180450953060064,0.4851433906701215,0.06274440259481265,1.6024626918211566,3.667458622580356,0.21619739307825117,0.3384227429120726,4.612536780128451,3.558709621088368,0.8665407401427165,-0.9192206602068471,2.0224118706514034,8.273996776809872,-0.1925446260358859,0.5784712058081706,7.948851411691782,7.950614702698083,-0.19345425308127245,-0.03312737861192293,3.2703379070166116,3.930504756040594,0.13115716359701204,-0.05980986752171142,5.88844543830618,2.8651161804023664,0.550317471808993,-0.6512195072448058
159,6.589696931016683,1.7119805128347307,-0.34163755064035717,-0.10480620869696758,6.29477065669302,1.2206616846429215,-0.043632947401090694,-0.16418371150851757,0.5566959975721119,7.6276063622055315,-0.8090315474922088,0.021637626350531736,2.1576077029557292,1.990031682327775,-0.11101442667470446,0.12283417638307192,7.452164741309494,7.683696505289506,-0.17764609891231697,0.0759827156651483,7.364951917315053,1.421970332775702,-0.04847166829544784,0.45271071296426674,2.731887544164788,1.8262025217052764,-0.487799712049945,-0.469310556434489,1.905332361692429,3.2155780452045146,-0.518647696948765,-0.8870510197391513,4.65926717025452,6.9513596663116575,0.170500304748567,1.2349807317769987,8.848252255867958,2.018392462879854,0.6047330929586534,-0.37886998976298414,5.904054761273942,5.587879978021534,0.17998059483901294,-0.5752931445092829,2.573403730198551,2.3367312584682685,-0.03410438472266302,0.015483388684195845,0.7835660488684518,3.9723069730758964,0.010908128492298547,1.4999603370532153,9.506119279026727,1.921182315435747,0.48117007720468713,0.07589766355361294,1.6132725614750691,3.6843797597259598,0.3161973930782512,0.42439475270371035,4.655863817135587,3.512748588078026,0.8461963406809646,-0.8885067851383799,2.012784639349609,8.30292033710028,-0.15539799034208596,0.5390374546494139,7.9391786990377184,7.948958333767487,-0.1974824479630067,-0.022373877171735713,3.2768957651964623,3.9275142626645088,0.13060535820283392,-0.0585614300966735,5.91596131189663,2.832555205040126,0.5340544713942638,-0.6008418341740196
160,6.5726150534846655,1.7067402023998823,-0.33697656392385145,-0.10700118422929925,6.292589009322965,1.2124524990674956,-0.020723054125111294,-0.17631911817699988,0.5162444201975014,7.628688243523058,-0.7559387927837915,0.01746491968293938,2.152056981621994,1.9961733911469286,-0.09687160683113406,0.10885493108843869,7.443282436363877,7.687495641072763,-0.1844454015695014,0.08124266507277399,7.36252833390028,1.4446058684239154,-0.042079405794460775,0.45560948586794175,2.7074975585622907,1.802736993883552,-0.5114380699412182,-0.48840351592301395,1.8793999768449907,3.171225494217557,-0.5083062153367875,-0.8679973542502056,4.667792185491948,7.0131087029005075,0.15069991844131295,1.1990734093466018,8.878488910515891,1.9994489633917047,0.5911455530442167,-0.380472303576271,5.9130537910158925,5.55911532079607,0.1764420904746339,-0.5705740959442748,2.5716985109624177,2.337505427902478,-0.03277062616665102,0.013337428869027987,0.7841114552930668,4.047304989928557,0.09436282911907147,1.4970289431005148,9.53017778288696,1.9249771986134276,0.47369849224635563,0.0908646618598407,1.6290824311289818,3.7055994973611455,0.4161973930782512,0.4848747697836015,4.698173634169635,3.468323248821107,0.8241941993553997,-0.8562627052961073,2.0050147398325047,8.329872209832752,-0.1186986589755413,0.4991433692551056,7.929304576639568,7.9478396399089,-0.2014534045643006,-0.01223881663762858,3.283426033106604,3.924586191159675,0.1297394550345177,-0.05719467893845726,5.9426640354663425,2.802513113331425,0.5168222523103803,-0.550095554161891
161,6.5557662252884725,1.7013901431884173,-0.3349241163332731,-0.10396391737458584,6.291552856616709,1.2036365431586455,0.0032421470686415307,-0.18639390729898683,0.4784474805583118,7.629561489507205,-0.7021507780743541,0.013342436616160502,2.147213401280437,2.0016161377013506,-0.08270474133297312,0.09737623171691291,7.434060166285402,7.691557774326402,-0.19125504060246523,0.08583325105874617,7.360424363610557,1.4673863427173124,-0.03572577068525975,0.4573040126666142,2.6819256550652297,1.7783168180874014,-0.5390090629362432,-0.5054725423484009,1.8539846660781514,3.1278256265050466,-0.4963939172277149,-0.8504305922812629,4.675327181414014,7.073062373367837,0.1309682910298688,1.1609763181475221,8.908046188168102,1.9804253482128913,0.5763858688952442,-0.3810873845698182,5.921875895539624,5.530586615998856,0.17254209723226682,-0.5645347907321187,2.570059979654085,2.3381722993459295,-0.031268690394297756,0.01140509024256728,0.7888295967490204,4.122156437083583,0.17100334894035607,1.4902207402432643,9.55386270749928,1.9295204317064196,0.46231570438617753,0.10758437069104523,1.6498923007828943,3.7298432358503257,0.5161973930782512,0.5219416037462571,4.739383344137405,3.4255101135563018,0.8006266207112716,-0.8226034604870456,1.9990798068837277,8.354829378295507,-0.08252831591730503,0.45889904235903145,7.919231906411353,7.947227699077019,-0.20543032676590176,-0.002757910182587555,3.28991300585833,3.921726457212752,0.1285686860499023,-0.055715692983954734,5.968505148081862,2.7750083356233306,0.4986857025251082,-0.4991158265646306
162,6.539020019471809,1.696191947319688,-0.3352693079101388,-0.09566191835780825,6.291714963970142,1.1943168477936963,0.028685002024334882,-0.19337758638514335,0.4433399416545941,7.630228611338013,-0.6478176167506932,0.009279353326843737,2.1430781642137884,2.0064849492871963,-0.06893385098261837,0.08830834526872144,7.424497414255279,7.695849436879339,-0.19805319701695637,0.08976743581673714,7.358638075076294,1.4902515433506431,-0.02942577793930259,0.45781715258065,2.6549752019184174,1.7530431909699813,-0.5713659070352245,-0.5194664080744353,1.8291649702167656,3.0853040968909835,-0.4828500508535071,-0.8342100001105641,4.681875595965507,7.131111189275213,0.11135320450760747,1.120833970705053,8.936865481612864,1.9613709789844003,0.5605173129673855,-0.3807359077795861,5.930503000401237,5.50235987646225,0.16829849859477236,-0.5572200329104057,2.56849654513437,2.338742553858058,-0.029626847187485008,0.009651453367715904,0.7973797641960382,4.196667474095746,0.24122744841304783,1.4804760444303482,9.576978492718588,1.9348996502409719,0.44665254620073713,0.1259248843787676,1.675702170436807,3.7559403160376386,0.6161973930782512,0.538004939048402,4.779414675172968,3.3843799405319497,0.7755877460348581,-0.7876450400349702,1.9949533910878625,8.377774330413459,-0.04696548478808582,0.4184129652122214,7.908960390073058,7.94708980356789,-0.2094611448229834,0.006044414337927424,3.296341440160825,3.9189406725635543,0.12710283765231598,-0.05413069498096863,5.993439433208117,2.750052544295099,0.47971051085369193,-0.448035353271897
163,6.522256554076302,1.6914088514017975,-0.3377308542484439,-0.08213769657080736,6.2931492140713585,1.184647968474439,0.055946635294315275,-0.19616285153738985,0.41094906081705945,7.630692579004355,-0.5930874075149378,0.005284491028219509,2.1396314716646576,2.0109003665506324,-0.056815774505324615,0.08124192741172528,7.414594754404431,7.7003378086701755,-0.20481750037116533,0.09305897965063874,7.357166786179328,1.5131424009796757,-0.0231939705852812,0.45717420396516834,2.626406906566656,1.7270698705662595,-0.6092871267372892,-0.529057382392112,1.8050224676740902,3.0435935968854553,-0.4678949085975721,-0.8182233398437572,4.687443256190887,7.187152887810465,0.09190107442082802,1.0787927411532767,8.964891347261233,1.9423341835954209,0.5436045062654852,-0.3794404994476852,5.938917925330975,5.47449887481673,0.1637296346801346,-0.5486768070574052,2.567015202774996,2.339225126526444,-0.02787016110308146,0.008047041608699292,0.8094411366166906,4.2706912763172635,0.30548447065881457,1.4685636650095575,9.599311120028625,1.9411958944599104,0.42638374838021875,0.14568329572975064,1.7065120400907194,3.7828405629900588,0.7161973930782511,0.5513613533324728,4.818194062474711,3.344997688530201,0.7491732766735768,-0.7515040714429789,1.9926051168484582,8.39869497867407,-0.012085403647303837,0.377791792388184,7.898487332831909,7.947392024284786,-0.21358049522757278,0.014153276830730957,3.302696582043441,3.916234137814506,0.12535221374954458,-0.05244603269559729,6.0174249587508015,2.727650776631504,0.4599629847177483,-0.3969841022450701
164,6.50537001136388,1.6873019665732572,-0.3416680862202305,-0.0641240318592005,6.295946545836074,1.1748398258975696,0.08524716192352097,-0.1935768489343346,0.3812946904413126,7.630956803555766,-0.5381059094681996,0.0013663019037437616,2.1367906829393912,2.014962462921219,-0.047528194247857994,0.07576645096713291,7.404353879385872,7.704990757652707,-0.21152515510468478,0.09572250415626443,7.356007087650064,1.5360011111779341,-0.01704439397026207,0.4554027861836221,2.595942550229792,1.700617001446654,-0.6504437815546338,-0.5343314570213605,1.7816277222442116,3.0026824298932673,-0.4521065197709017,-0.800550821083344,4.692038309911928,7.2410925248681295,0.07265686457494906,1.0350004574135323,8.992071572574508,1.9233621586230365,0.5257132264487139,-0.37722563655463287,5.947104407064982,5.44706503446386,0.15885424611687585,-0.5389541117684538,2.565621694719842,2.3396274786068787,-0.026020848299162538,0.006567100168434515,0.8247153601496313,4.344119459567741,0.36424413725260973,1.4551035043862353,9.620630307447636,1.948480059246398,0.4012297560670797,0.16658603954616988,1.742321909744632,3.8104086306566822,0.8161973930782511,0.5643962384844611,4.8556527263083895,3.3074224849580522,0.7214801996812404,-0.7142975144657001,1.992000846666093,8.41758456829348,0.022040089176928818,0.337140116471717,7.887808308070531,7.948099688126323,-0.21781147442159599,0.021561842914195908,3.3089641927309184,3.913611836179726,0.12332759835021166,-0.05066816022990781,6.040423107986689,2.7078015715192505,0.4395098704580691,-0.34608904411073416
165,6.488286607052868,1.6840957649802972,-0.3446625602571013,-0.046355364523956805,6.30020890393225,1.165160983450853,0.11658710605301595,-0.18453245290853523,0.3543893949679026,7.631025118650953,-0.4830162303538425,-0.0024671437201906335,2.1344142732269984,2.0187507854695754,-0.040829449662625354,0.07207574724131226,7.393777621630638,7.70977688286052,-0.21815307166567502,0.09777354768283042,7.355154867951551,1.5587712504871152,-0.010990571844155212,0.4525327183367016,2.56342036115206,1.6739004285955859,-0.6890483021847015,-0.5381510363288976,1.7590223962556666,2.9626548888391,-0.4355431033934042,-0.7812745569423317,4.695671153140676,7.292842547738806,0.05366400728916502,0.9896059989143984,9.018357233896944,1.9045008767953049,0.5069102173616982,-0.3741175439852876,5.955047119370826,5.4201173288754365,0.15369141818099824,-0.5281027918440826,2.564320652304884,2.3399558336153006,-0.02409859510054622,0.005190962557341694,0.8429275670122618,4.416874634787053,0.41797486540096795,1.44058911973298,9.640691795250989,1.9568093612237065,0.37096006245008706,0.18828992571202718,1.7831317793985446,3.838628442580905,0.8944826037685669,0.577865910898884,4.891726736292451,3.2717076092347672,0.6926065164220285,-0.6761423612342459,1.9931028511249393,8.434441574117065,0.05534265818967391,0.2965602529721912,7.876917734349451,7.9491777802720325,-0.2221671937320128,0.02827002551382235,3.315130572648429,3.9110784281682305,0.1210402178014882,-0.04880361949412157,6.062398601509592,2.6904971193137137,0.4184181765930875,-0.29547390217414393
166,6.4710534790400125,1.6817779967540993,-0.3467280022274998,-0.0288706037924462,6.306038259234901,1.1559343608054262,0.14866548529065304,-0.1709845296964632,0.3302385834502105,7.630901761464944,-0.4279585284436739,-0.006208168958286019,2.132372800743867,2.022354572831641,-0.0351521591219163,0.06850859854868736,7.382869968047354,7.714665560244662,-0.22467800057804846,0.09922861131860183,7.354605339359344,1.5813978864039502,-0.0050454842862753865,0.4485958952204951,2.528967946042825,1.646992876779141,-0.7250616003451309,-0.5405392975111929,1.7372452410859964,2.923591160991984,-0.41826350612591684,-0.7604788223521364,4.698354353505135,7.3423228476845255,0.034964329274088185,0.942758900734209,9.04370274476503,1.8857949995960406,0.487263000435736,-0.3701440896387894,5.962731690279876,5.3937121892832325,0.1482605253282254,-0.5161753696383996,2.5631157225498566,2.3402153817431675,-0.02212084226797081,0.003901494274517414,0.8638263102823102,4.488904090773702,0.46712942139138186,1.425408749682193,9.659239798373493,1.9662238575093078,0.33539788296005507,0.21038408099096254,1.8278559095869729,3.8675217381258493,0.9526266688707933,0.5928028889050188,4.926357062113553,3.237900491173055,0.6626509747450938,-0.6371553430474137,1.995869984034423,8.449269586765674,0.08775756275415805,0.2561520357689743,7.865809374662851,7.950591281547724,-0.2266521616114335,0.03428336496801844,3.3211825835385036,3.9086382471935246,0.1185017027706073,-0.04685902187615521,6.083319510339247,2.6757234242050063,0.39675500039858524,-0.24525891617569165
167,6.453717078928637,1.680334466564477,-0.3478801517479955,-0.011707073667913466,6.313471533499434,1.147385134320603,0.17965043728221666,-0.1573139734324216,0.3088406570280268,7.63059135301703,-0.37306972850537484,-0.009849500706128566,2.1306151927877712,2.0257800027590758,-0.029944538843009367,0.06458106368227942,7.371636068018451,7.719626990810593,-0.23107667057061618,0.10010519682419247,7.3543530651450295,1.603827681164975,0.0007784525122678278,0.443626160886352,2.4927148660255685,1.6199659119035814,-0.7584519452960878,-0.5415224745731085,1.7163320657797005,2.885567219874377,-0.4003270410316332,-0.7382497947343402,4.7001025699688395,7.389460792721236,0.016597983191165344,0.8946089650112383,9.068065894786816,1.8672877951141011,0.4668396883895186,-0.36533467779099044,5.970144716546287,5.367903420801312,0.14258117625131936,-0.5032258760082484,2.562009680436458,2.3404104564568935,-0.02010303846460144,0.0026846045986830824,0.8871827813518792,4.560174528257812,0.5121360349156834,1.4098640649867074,9.676009692521495,1.976743061558856,0.29442597138321747,0.23239298876296005,1.8754872430305125,3.8971618825711003,0.9945946985884706,0.610126634086424,4.959489610850808,3.2060427240206844,0.6317128053190274,-0.5974526444121667,2.000257862172131,8.462077188554122,0.11922373805905592,0.21601262336340735,7.854476766582279,7.952305449796125,-0.2312635140036177,0.039612063277369026,3.327107668677034,3.906295296099717,0.11572405007099469,-0.04484103014990272,6.103157260359176,2.663460478396222,0.3745873581674628,-0.19556062007176528
168,6.436323071341238,1.6797491128810813,-0.3481366775249101,0.005099544712987063,6.322454055363544,1.139519435648982,0.20948910176076457,-0.1435577197507399,0.29018717060275806,7.630098877981723,-0.3184832522444241,-0.013384278737879328,2.1291179658456207,2.02900905594319,-0.02512811524697332,0.0603743111452194,7.36008223448992,7.724632250651802,-0.23732592651707052,0.10042183224050906,7.354391987770643,1.6260089892092926,0.006469404601563165,0.4376591801725112,2.454792268760764,1.592889788174926,-0.789194877622408,-0.5411297239646983,1.6963157137281188,2.84865473013766,-0.3817933287993918,-0.7146752957511084,4.700932469128397,7.434191240971797,-0.0013966150628696682,0.8453058804295064,9.091407879206292,1.8490210612245517,0.44570880164336735,-0.3597201410152895,5.977273775358853,5.3427421270009,0.13667315958801543,-0.48930968129475505,2.561004528513228,2.340544686686828,-0.018058866074535804,0.0015288184361833298,0.9127895830976633,4.630667731507147,0.5533934543298482,1.3941863880790395,9.690730991090655,1.988362710997004,0.24799336066373168,0.25378081876834957,1.925216977959936,3.9276682142754216,1.023987233047589,0.630633259228661,4.991075251116759,3.176170091800076,0.59989146269175,-0.5571496248851824,2.0062190490750837,8.472877819722292,0.14968386507444595,0.17623631617855715,7.842913590882097,7.9542860529599935,-0.2359921122462065,0.04427015323343346,3.3328938711805836,3.904053244592222,0.11271958443194588,-0.04275634066211615,6.12188662826755,2.6536824473926335,0.35198201949112196,-0.14649163407999785
169,6.418916237464992,1.6800040901167306,-0.34751708977803186,0.021515265318534867,6.332928510451582,1.1323415496614448,0.23813267353414325,-0.12975208747751918,0.2742630079905369,7.629429664044829,-0.2643287635687337,-0.01680606356707099,2.127861560083272,2.032027771500451,-0.02063795782726662,0.055956490020919195,7.348215938164067,7.729653342263828,-0.24340286971780314,0.10019808827677068,7.354715458000721,1.6478919482179182,0.012016136757345457,0.43073230857430056,2.4153325248796436,1.565833301976691,-0.81727310677733,-0.5393929859350656,1.6772260472881493,2.8129209653501044,-0.36272214177037737,-0.6898445347556217,4.700862638375254,7.476456534993273,-0.018982843318531697,0.7949988505497897,9.11369331928846,1.8310350541737872,0.42393908784489603,-0.35333263096450357,5.984107433338254,5.318276642936162,0.1305563904006658,-0.4744833267590784,2.5601015852095013,2.340621127608637,-0.016000442223256587,0.00042490115249873314,0.9404592558141558,4.700377050911099,0.5912687603494458,1.3785504172988488,9.703130659123842,2.0010517519354214,0.19612278816978948,0.2739571977584989,1.9764163396123153,3.9591998772368546,1.04413362713388,0.6550126376600799,5.021069824251346,3.148312610555817,0.5672863716168569,-0.5163605492353422,2.013703242328806,8.48168963553122,0.1790844295693036,0.1369143851149197,7.831113985269787,7.9564995606216655,-0.24082352442440152,0.04827478411849885,3.338529850402181,3.901915427559116,0.1095009203086958,-0.040611665836149495,6.139485729242106,2.6463578656886337,0.32900534588627095,-0.0981604711878452
170,6.401540382976091,1.6810798533826574,-0.34604265003101325,0.03750784404716151,6.3448351441282895,1.1258539452875689,0.26553643325878556,-0.11593270171175213,0.26104656981210017,7.628589360866475,-0.21073192897932447,-0.02010884307868815,2.1268296621919087,2.0348255960014967,-0.01642057945547469,0.05138492783871197,7.336045794678177,7.734663246677666,-0.2492849967425282,0.09945458279244837,7.355316264838588,1.6694285636466333,0.0174080270977293,0.4228844608156139,2.374468869540777,1.5388636526799377,-0.842676393009323,-0.5363468420462619,1.6590899401996304,2.778428738612323,-0.34317325109508984,-0.6638478545456443,4.699913496209327,7.516206477520762,-0.036125924330145,0.7438362317159921,9.134890273680705,1.813368422625562,0.4015993448872781,-0.34620550831244906,5.990635252858287,5.294552476598208,0.12425085754402986,-0.45880435688355675,2.5593015630983382,2.340642372666262,-0.01393849750830954,-0.0006344699704388559,0.9700226938316281,4.769304571776042,0.626097046767043,1.3630856495574983,9.712936798532331,2.0147496118233463,0.1389185461247649,0.29228457043632095,2.0286230209690093,3.991950509119859,1.058185578673314,0.6838525023720339,5.0494341428321885,3.1224945830940496,0.5339966791621068,-0.47519832641453513,2.022657463807271,8.488535354786967,0.20737577028910367,0.09813491153742683,7.819072809048567,7.95891329982759,-0.2457389046712204,0.051645609264881036,3.3440048964176157,3.8998848442673086,0.10608092382744712,-0.03841371702917671,6.15593599653642,2.6414498421292416,0.3057231340728134,-0.05067135828279637
171,6.38423825047454,1.6829552455850154,-0.3437362785532251,0.05304682014427615,6.358111965791228,1.1200573102019813,0.29165976730647647,-0.10213442037143546,0.25050997336313396,7.627583918712541,-0.15781419334572866,-0.023287037943597197,2.126008633219135,2.0373948423934323,-0.012432139693088918,0.04670795873536161,7.32358154484105,7.739635975817288,-0.2549503375985295,0.09821297401254302,7.356186666193474,1.690572786687414,0.022635079837710192,0.4141559784794587,2.3323350498903106,1.5120463105776247,-0.8654014143185728,-0.5320283692898407,1.641931277644876,2.745236345885041,-0.32320627733225854,-0.6367764800040273,4.69810719999282,7.553398289106561,-0.05279297120817165,0.6919651812266651,9.154970240925069,1.7960581472099395,0.37875824778398837,-0.33837323214928466,5.996847795735489,5.271612258754031,0.11777657203280814,-0.4423311529380255,2.558604638222923,2.3406106491677403,-0.011882534753727927,-0.001654993140767693,1.0013275461699802,4.837458854253916,0.6581823135591885,1.347885767458754,9.71988272583857,2.0293638403451624,0.07657446817122357,0.3080872813991698,2.081532299902675,4.026143134238461,1.0692129699242865,0.7176269848677637,5.0761339767902935,3.0987346667733227,0.5001210130896833,-0.4337742577911598,2.033026252321726,8.493442100363838,0.2345121164169855,0.05998263883658393,7.806785863815006,7.961495580290834,-0.250715782022944,0.054404261505660204,3.349308942608988,3.8979641584158498,0.1024726749574579,-0.03616918777778788,6.171222153240061,2.6389162742151018,0.2822004641899766,-0.004124072022404154
172,6.367051436546879,1.6856075865922293,-0.34062245973730404,0.06810355222884501,6.372694954156552,1.1149505891834095,0.31646617691982815,-0.08839126431034731,0.24261926369584752,7.626419566815361,-0.10569257128052442,-0.026335505829186815,2.1253870262344807,2.0397302403302002,-0.008636911264791354,0.04196644149150704,7.310834027961124,7.744546624517915,-0.26037759075128225,0.09649594156908149,7.35731842018536,1.711280585611387,0.027687936191447254,0.40458849704966826,2.289064979174382,1.4854448921131327,-0.885451619112568,-0.5264769912472143,1.6257709637782631,2.7133975218848394,-0.3028805447857603,-0.6087222701895867,4.695467551432412,7.587996548167895,-0.06895302710342226,0.6395313164202812,9.173908153314269,1.7791394856024754,0.3554841797460627,-0.3298712491194183,6.002736624337129,5.249495701107129,0.1111535165155069,-0.42512276819892364,2.5580105114852363,2.3405278995107017,-0.00984096983706639,-0.0026409932652145213,1.0342366618479397,4.904853142626854,0.6877991027659627,1.3330162768077276,9.723711449247132,2.0447682044151207,0.009381738653579177,0.32066247866610725,2.134992948398889,4.062024483481848,1.0803036800551473,0.7566655451696876,5.101140027444778,3.0770459538837645,0.4657572469711651,-0.39219779506733254,2.0447518581425754,8.496441232305667,0.2604516144659475,0.022538835674418542,7.794250074713859,7.964215793366117,-0.25572876959090135,0.05657390543153515,3.354432576356861,3.8961556990269606,0.09868942999964982,-0.03388473746511083,6.18533217644956,2.6387100706139814,0.2585015532190287,0.04138621047718524
173,6.350020313560013,1.6890127642036716,-0.33672714569539797,0.08265124896093896,6.388518263002544,1.1105310259678922,0.33992327687457985,-0.0747363510998578,0.2373346351318213,7.625102791523902,-0.054479454283585964,-0.029249544422777694,2.124955180671241,2.0418285624047754,-0.0050059741722618695,0.037195017643891666,7.29781514842356,7.749371421596369,-0.2655462551272181,0.09432715585029,7.358702816994932,1.7315100104638705,0.0325578834367466,0.394224812709424,2.2447923982187534,1.459121042550772,-0.9028370652509169,-0.5197343267324289,1.6106269365389752,2.68296140837536,-0.2822549398595939,-0.579777474420497,4.6920199000772405,7.619973113988909,-0.08457709917327119,0.5866783852809903,9.191682362301572,1.7626459231465044,0.3318450677896252,-0.32073588258492536,6.0082943001629046,5.228239562697183,0.10440159595605616,-0.40723876519595426,2.557518462993383,2.340395849847441,-0.007821256424806798,-0.0035956412787417134,1.068626616986238,4.97150395646724,0.7151945478590161,1.3185206705671084,9.72418053617981,2.0608013283484263,-0.05646882592261948,0.33209269116153756,2.1890081324016464,4.099857760740333,1.094668061073913,0.8010951534239596,5.124427889793337,3.057436064130398,0.4310022724728857,-0.35057630826712305,2.0577744388658727,8.497568174089388,0.285156344772643,-0.014118829005784164,7.781463636234314,7.967044488637693,-0.26075020255418935,0.05817885601552006,3.3593670478568436,3.894461462153705,0.09474458447839328,-0.03156697544080625,6.198257254110511,2.6407793811378406,0.23468961386187953,0.08576904609434093
174,6.333183956275243,1.6931453266517187,-0.3320776583551963,0.09666499439415846,6.405514426846272,1.1067942084128992,0.36200278388816315,-0.06120183255885465,0.234610662417642,7.6236403143027625,-0.004282433783369656,-0.03202489328695582,2.1247048819626277,2.04368831328697,-0.0015161064025607444,0.03242315240333512,7.284537835667199,7.754087779388884,-0.27043675697005876,0.09173123537939143,7.360330711166769,1.7512212510993417,0.037236862160434835,0.38310874923506166,2.1996505449562074,1.4331343262141505,-0.9175742461880256,-0.5118440363523952,1.5965141895459956,2.653972534654335,-0.2613877736946172,-0.5500344928701606,4.687791045118577,7.649307033252958,-0.09963818687361534,0.5335479491291308,9.208274615691053,1.746609129017258,0.3079082231827335,-0.3110042220909962,6.013514379960707,5.207877624437385,0.09754058961930293,-0.3887390553475618,2.557127400172143,2.340216067783504,-0.005829996310826571,-0.004521145392959723,1.1043863443791888,5.037429989995595,0.7405906112896261,1.3044253702184951,9.721357094883679,2.077405962906503,-0.12069658073104711,0.3424354921479168,2.243741535455342,4.139912518411531,1.1157467876632945,0.8507461248554525,5.145978003416981,3.039907248717042,0.3959517792196353,-0.30901486414925045,2.072032256104505,8.4968622326391,0.30859232778550627,-0.04991639915816783,7.768426126106604,7.969953431438469,-0.2657507128004079,0.05924425501320632,3.3641042770807634,3.8928831133816644,0.09065163652016901,-0.029222445623446492,6.209991734803605,2.6450678334425577,0.21082671910561152,0.12893884529487476
175,6.316580073357483,1.6979785763714266,-0.3267025903342612,0.11012176806914512,6.423614566040681,1.1037341167849566,0.38268049503422047,-0.04781883610362692,0.23439654072847352,7.622039069638415,0.0447958598400502,-0.034657734568472535,2.1246290766424996,2.045309470907137,0.0018511560861114757,0.027675994108606584,7.2710159978186955,7.758674341157854,-0.2750305714013936,0.0887336926867855,7.362192554274791,1.7703766885610948,0.04171747170743901,0.37128502531578483,2.153771832646806,1.4075421243965307,-0.9296859049385794,-0.5028516674150312,1.5834448008612647,2.626470810010827,-0.24033664933411597,-0.5195856421725313,4.682809135774896,7.6759844307094145,-0.11411130463351771,0.4802790779178655,9.22367002685019,1.7310589179127083,0.28374018702153997,-0.30071401340295295,6.018391409441672,5.1884406716700076,0.09059010445107839,-0.36968374133238924,2.5568359003566017,2.339990010513856,-0.0038730368341230027,-0.005418917640948104,1.14141587494367,5.10265125850652,0.7641863604422667,1.2907436641386243,9.715322265847126,2.094527737513899,-0.18317746960445747,0.3516894913817327,2.2995288748385065,4.182449824654304,1.1473170498526022,0.90500777119946,5.165775592377963,3.0244565055095793,0.360700042616534,-0.26761601536365687,2.08746187249378,8.49436641268119,0.33072952036111636,-0.08478373298422749,7.755138590466584,7.972915644189129,-0.27069974626868115,0.05979579721446293,3.368636858906772,3.891421991100492,0.08642415079970436,-0.02685761161291871,6.2205330707588855,2.6515147757073017,0.18697367268359552,0.1708149769001594
176,6.30024494384077,1.7034846647748838,-0.3206317048679614,0.1230004599162717,6.442748590792392,1.1013431749797753,0.40193625644190595,-0.034617409978382765,0.23663633372047602,7.620306182909991,0.09265790220734299,-0.03714469258473396,2.124721634446805,2.0466932706125673,0.005110314188241429,0.022975082619021543,7.257264469248626,7.763111025792194,-0.27931033646436204,0.08536086838726631,7.364278427860163,1.788940939826884,0.045992973860367,0.35879912262140223,2.107287537399877,1.3823995410257792,-0.9392008366048992,-0.4928044976102203,1.571427968394559,2.6004915279022005,-0.21915833364839074,-0.4885229265101674,4.6771035705432205,7.6999983846053075,-0.12797349898223848,0.427008058614059,9.237857036201268,1.7160232172425607,0.25940658120641946,-0.2899035493768833,6.022920914664226,5.1699564846033885,0.08356952993801123,-0.3501329625292271,2.5566422485148954,2.3397190646318085,-0.0019555567410308276,-0.006289718660988747,1.1796251929657833,5.167188441713451,0.786160186124412,1.2774788302562317,9.706163392366904,2.1121122120829856,-0.24379459480420493,0.35985605190433345,2.3568947273311367,4.227700213214277,1.1675971080111185,0.9416565155958264,5.183810594508789,3.0110757047413963,0.3253397199804611,-0.22647960063733,2.103998348511836,8.490127226031978,0.3515418023028724,-0.11865459246674019,7.741603603153149,7.975905434049852,-0.2755660286962114,0.05985950017093092,3.372958066446757,3.8900791105198462,0.0820757231309509,-0.024478842338595506,6.229881754393065,2.6600555245523094,0.1631898856243659,0.2113218581020747
177,6.2842133585973725,1.7096346877706974,-0.3138958350624835,0.13528188004704728,6.462845403614487,1.0996123044808561,0.4197539225768137,-0.021626472416010643,0.24126922883084317,7.618448948280755,0.13921140386585334,-0.039482832314167673,2.124977150156217,2.0478420247435185,0.00827257593314317,0.018338932041647774,7.243298952425408,7.7673790692115565,-0.28325995978989893,0.0816398547571562,7.366578076553181,1.806880895957954,0.05005729478020318,0.34569715493108977,2.060327495569632,1.3577593161452681,-0.9461536802172146,-0.4817513778819922,1.5604700517121393,2.5760653815766923,-0.19790863423147334,-0.4569378146339312,4.670704895594109,7.7213487875360105,-0.14120386021065745,0.37386811709805295,9.250827365261589,1.7015280397737165,0.23497196506912307,-0.278611561917958,6.027099391161126,5.152449836476928,0.07649799452664303,-0.33014674384281306,2.556544470677844,2.339404578698759,-8.214171870818778e-05,-0.007133783323800522,1.2189332022720039,5.231062383226263,0.8066719055320121,1.2646265997619033,9.693973662626693,2.130105014678202,-0.3024383481999476,0.36693922468541484,2.415274582731693,4.274783038994069,1.1648357539473186,0.9450701912164946,5.200077580507812,2.99975172470953,0.2899616553037487,-0.18570255624075216,2.1215754386269796,8.48419449640864,0.37100695339518175,-0.15146672112972948,7.7278253017183385,7.978898409058399,-0.28031798419694215,0.05946151134045273,3.3770618526033047,3.8888551684029165,0.07761994577691703,-0.02209239826709809,6.238041248674284,2.6706216174574133,0.13953325905990804,0.25038902983169176
178,6.268518566844248,1.7163987817730497,-0.30652678273997264,0.14694876352476277,6.483833099743328,1.0985309808600556,0.436121306417244,-0.008873764767751867,0.24822979902413583,7.616474806665047,0.1843694232273826,-0.04166965681890373,2.125390778952874,2.0487589713456007,0.011346420733372381,0.013783509236081747,7.229135954435913,7.771461061949414,-0.28686471594144414,0.07759840881173938,7.369080941292191,1.8241657537045086,0.05390502524239255,0.3320257386264816,2.013019811558771,1.3336717472511685,-0.9505847006477098,-0.4697425749029442,1.5505746200005657,2.5532184908449955,-0.1766422814658579,-0.4249210232383255,4.663644702583576,7.740042193390913,-0.15378352866091036,0.32098915397341193,9.262575963515046,1.6875974616778187,0.21049969788224301,-0.2668771152720636,6.030924290887459,5.135942499284787,0.06939432367571403,-0.30978484821723634,2.5565403635919086,2.3390478895325693,0.0017431493154068283,-0.00795092951307251,1.2592667975486045,5.294293713214358,0.8258647176663265,1.2521770913548607,9.678851745216695,2.1484519759124727,-0.35900652127378613,0.3729456780172084,2.4735163704290586,4.322036548554894,1.1705198483981503,0.9380209403344744,5.214575663272999,2.9904665968974924,0.25465469294400295,-0.14537873895249545,2.1401257862967387,8.476621160352154,0.3891066212044262,-0.18316191009497718,7.713809402508492,7.9818714846254215,-0.2849241107229075,0.058627947753147856,3.3809428498921505,3.8877505484895614,0.07307037354890662,-0.019704418191541617,6.245017911627279,2.683141068948998,0.11606007344550069,0.28795121762281317
179,6.25319222770725,1.723746219949288,-0.2985572171378683,0.15798577021541776,6.50563916506419,1.098087292621668,0.4510301208552215,0.003614191370340464,0.257448270185505,7.614391323824102,0.22805046359520895,-0.043703103630235975,2.1259580999895427,2.049448146807405,0.014338073126780681,0.009322625962992617,7.214792718638841,7.775340982390001,-0.29011133387117355,0.07326485595036866,7.371776192554311,1.8407670406358327,0.05753141920607669,0.3178318648421609,1.9654905765263857,1.3101846185060213,-0.9525395613668997,-0.4568296135536674,1.5417425059272727,2.5319724396830794,-0.15541281593380415,-0.39256230709102513,4.655955526150531,7.756091651089584,-0.16569569574938028,0.2684974946341418,9.273100948409157,1.6742536059142155,0.18605180746236216,-0.2547395008875217,6.034394007071245,5.120453256873925,0.06227699960974164,-0.289106633122692,2.556627521057679,2.3386503430569157,0.0035167261717091933,-0.008740652049905238,1.3005600334319207,5.356902567782101,0.8438669967313024,1.2401163218939149,9.660901419153006,2.167099259813333,-0.41340439415027885,0.3778846219539936,2.532042362848966,4.368937595571618,1.180693498370192,0.9251826105728302,5.227308397920199,2.9831976599498677,0.2195055005049915,-0.10559876070584327,2.15958111735696,8.467463064847406,0.4058262799349516,-0.21368605253326936,7.699563196972346,7.984802882013079,-0.28935331572241096,0.05738476366635998,3.384596368569596,3.8867653275799845,0.06844049076215418,-0.017320906622206304,6.250820915299554,2.697538629830139,0.09282488432380376,0.32394837814457733
180,6.238264366850356,1.7316455084600588,-0.2900205737189667,0.16837947982999446,6.528190671106952,1.0982680021901852,0.46447591166620644,0.015812133016899866,0.2688507933652654,7.61220616864259,0.2701785543957712,-0.04558154012923767,2.126675003645882,2.0499142781055544,0.017251899851783718,0.004968259798479533,7.2002871519452825,7.77900422518752,-0.29298807405693184,0.06866798501155313,7.374652763514614,1.8566586338779407,0.06093239075756274,0.303162773555882,1.9178635984580408,1.287343137828338,-0.9520690888164904,-0.4430651198008652,1.5339718651305825,2.512344324328528,-0.1342724813363871,-0.35995025628931143,4.647670741363061,7.769516525821291,-0.17692559983898623,0.2165156538934199,9.282403538782274,1.6615166308698395,0.16168886505827273,-0.24223813407441316,6.0375078570517315,5.105997925217791,0.055164122836229255,-0.26817091128496817,2.5568033573662645,2.3382133104544205,0.005235416686663148,-0.009502203561379678,1.342753383268486,5.418908383876797,0.8607939205644921,1.228427379342878,9.640231199445493,2.1859934909110326,-0.4655448039016748,0.38176772809731613,2.5910770377674757,4.415196726100259,1.192309667884198,0.910163532487362,5.238283672945449,2.9779177219145754,0.18459840114459536,-0.06644983506797617,2.1798724313537075,8.456778762220743,0.42115518064420276,-0.24298918663536684,7.685095531186226,7.987672120196397,-0.29357521493931854,0.05575764241453256,3.3880183931077035,3.8858992822488743,0.06374367911119828,-0.01494772179662553,6.255462159515744,2.713736048737368,0.06988042474653548,0.3583257316092403
181,6.223763338164408,1.7400644824515585,-0.280950953342693,0.1781183822786682,6.551414466690262,1.0990586088410301,0.4764579824047787,0.027696090643869426,0.28235972108505397,7.609927091636128,0.3106833167673314,-0.04730375795668873,2.127537598638471,2.0501626910954784,0.02009074204143248,0.0007308162080849924,7.185637748242436,7.7824376244380975,-0.2954847934873748,0.06383693571511805,7.377699383052493,1.8718167725557349,0.06410450947224645,0.2880658298896547,1.8702601440172162,1.2651898818382947,-0.9492290291764242,-0.4285026643579989,1.5272582410637632,2.494346811514063,-0.11327212306407099,-0.32717210098991306,4.6388244613711125,7.780342308515962,-0.18746051708697856,0.16516211543463066,9.290487982035188,1.6494047241661187,0.1374698666956297,-0.22941245267941357,6.040266063193543,5.092589379653543,0.04807337548303034,-0.2470358159103807,2.557065128200598,2.3377382002763514,0.006896422573859081,-0.01023466384201827,1.3857930792967106,5.480329752843941,0.8767489384490482,1.217091327275183,9.61695395925041,2.2050818773158984,-0.5153481924239102,0.38460904503217064,2.6506925211616856,4.460704902724627,1.207026446365496,0.8905544103390213,5.247513593002679,2.9745952301611767,0.15001521551694663,-0.02801563566929112,2.2009301903859178,8.444629302888975,0.43508629313588526,-0.2710255272535787,7.67041677043926,7.990460002317123,-0.2975256092036455,0.05378688233823852,3.391205577063263,3.885151896159043,0.058993186524610906,-0.012590564325128764,6.258956180753071,2.73165233531783,0.04727751444788943,0.39103378029192526
182,6.209715790497274,1.7489704015654919,-0.2713830220415287,0.18719286346655012,6.575237365810501,1.1004434133732235,0.48697931159572116,0.0392434189976225,0.29789388692342056,7.6075619037382936,0.34950001369361317,-0.0488689664881304,2.1285421357405427,2.0501992319058826,0.02285619275727515,-0.0033806577032534117,7.170863508568067,7.785629471223853,-0.2975929989124122,0.05880107955391648,7.380904608526105,1.8862200640502176,0.06704499424216917,0.27258840288119335,1.822798692558395,1.2437647486203949,-0.9440797983053183,-0.41319660750170206,1.5215946349105596,2.477988206464567,-0.09246109254522179,-0.2943135239322764,4.6294514355167635,7.788600414287694,-0.19728974740417363,0.1145511263025776,9.29736147536997,1.637934101532148,0.11345212112940703,-0.21630181798410292,6.0426697319676945,5.080237588858024,0.04102198650657084,-0.22575867064194555,2.557409949329291,2.3372264670842506,0.008497281078534992,-0.010936999083565787,1.429630526219163,5.541184319207701,0.8918250870240542,1.2060878965293278,9.591186549629214,2.224312329567507,-0.5627426342233355,0.3864249097234105,2.7110438434799606,4.505232623241579,1.2262366462705947,0.8639118516046901,5.255014353778526,2.973194448377712,0.11583511352712761,0.009623833332096737,2.222684505042712,8.431078026526297,0.4476162398636652,-0.29775348638974686,7.655540489979078,7.993149346434035,-0.30064330557401603,0.05172599715781552,3.394155236389494,3.8845223679427865,0.05420209705491023,-0.010254966485927854,6.261320056475465,2.7512040243324263,0.0250649758448432,0.42202831342852
183,6.196146639395198,1.7583300447388195,-0.2613519116395368,0.19559518666903833,6.599586331390286,1.1024055843231046,0.4960464626008781,0.050432823915922076,0.3153688876081012,7.605118455413887,0.3865695849048195,-0.050276785411394305,2.1296849453784064,2.05003019902072,0.02554882845386217,-0.007358298983773616,7.155983858622447,7.788569525201549,-0.29930588711703293,0.053589895676151675,7.3842568582382135,1.8998494841942772,0.06975170561916319,0.2567777469732194,1.7755947026431291,1.2231049182453098,-0.936686225633049,-0.3972019454059177,1.5169715802832986,2.4632725302679535,-0.07188715748168364,-0.2614584810486058,4.619586948146555,7.794327970602822,-0.20640459567072136,0.0647925066102393,9.30303408142644,1.627119010632943,0.08969114453560086,-0.2029454180244765,6.044720831293023,5.068949655325927,0.034026698815815236,-0.20439586446544533,2.557834813383218,2.3366796171300726,0.010035831799295404,-0.01160811219974655,1.474221780570366,5.601488714034167,0.9061061653897415,1.1953960084602502,9.563049417918046,2.2436335750536776,-0.6076638444967154,0.3872338551847889,2.77235567579349,4.548428215821813,1.2508715517558353,0.8278407824019959,5.260806109454882,2.973675640044317,0.08213447604826171,0.046392354697623116,2.2450653170358956,8.41619035220681,0.4587452221904109,-0.3231356827293769,7.640508324700377,7.995735646291926,-0.3029392455121182,0.049582166901057496,3.3968653412422394,3.88400961961849,0.049383301855640535,-0.007946282181894141,6.262573305267707,2.7723054400038523,0.0032895569207534205,0.45127039878597003
184,6.183079043813221,1.7681098040722714,-0.2508931214424909,0.20331946963279796,6.62438865452033,1.1049272255189007,0.5036694865519168,0.06124438516377011,0.33469736685334217,7.602604616143317,0.42183866680151166,-0.05152723644535629,2.1309623868010994,2.0496622840715313,0.0281684020595137,-0.011195287073159617,7.141018564266595,7.791249019985356,-0.30061837253315754,0.048232842653651464,7.387744443519171,1.9126883715429381,0.07222313672612694,0.24068088645574184,1.7287603913614766,1.203244820975014,-0.9271172927818232,-0.3805741583437736,1.5133772224092144,2.450199606215523,-0.05159641806337091,-0.22868903042719632,4.609266718363019,7.797567595933334,-0.214798348362095,0.01599147459445304,9.30751863865322,1.6169717397317191,0.06624056205381636,-0.18938217351888048,6.046422166233813,5.058729862102655,0.027103738351062112,-0.18300273176675275,2.5583366049731824,2.3360992115200854,0.011510188065453963,-0.012246885295576522,1.5195270888398529,5.661258514457179,0.9196677815554053,1.1849941652046052,9.53266622569321,2.262995267812917,-0.6500551679277025,0.3870565147353243,2.834899253381282,4.589820254941913,1.281204568253971,0.780073621067368,5.264912833257295,2.975995257779198,0.04898676672254965,0.08221760344568109,2.268002578145416,8.400033568070342,0.4684769393593288,-0.34713894044454185,7.625361362424772,7.998214754636979,-0.3044261786878328,0.047362617407823895,3.3993345063350215,3.8836123055093954,0.0445494712937153,-0.005669677569246453,6.262737783113744,2.794868959943151,-0.018004138969846217,0.47872636122591256
185,6.170534387741096,1.7782757775539113,-0.24004242122127226,0.21036165755579098,6.649572128847926,1.1079894447770893,0.5098618187476773,0.07165957532063214,0.35578930019341776,7.60002825432105,0.4552595976885245,-0.05262073423994073,2.132370806904075,2.049102519717873,0.03071400391608762,-0.014885728517178102,7.125987645639937,7.793660662118039,-0.3015271007864014,0.04275922760040622,7.391355600355477,1.9247224158657252,0.07445840279136871,0.22434450308376816,1.6824045267223855,1.1842161130578253,-0.9154458676877955,-0.3633690610946684,1.510797401506046,2.4387651546941633,-0.03163322923681178,-0.19608516986870056,4.598526800944914,7.798367169663057,-0.22246624574700746,-0.031751512887464146,9.31083066675591,1.6075026310557752,0.04315201627273747,-0.17565064658086318,6.047777353151366,5.049579725514317,0.0202687851508883,-0.1616334377243639,2.5589121143764553,2.3354868672553066,0.012918712334552074,-0.012852215237464286,1.5655104779176232,5.7205082227174096,0.9325782825657393,1.1748607351029892,9.500163467296826,2.282348093549683,-0.689867548661673,0.3859155231591344,2.8989594817939803,4.628823935995282,1.3128679284920002,0.7255189882677946,5.2673621715934225,2.9801061379514824,0.016462413939859748,0.11703124008829356,2.2914264251133827,8.382676621048114,0.47681850054354774,-0.36973427751000426,7.6101400534903805,8.00058288550737,-0.3051185904203742,0.045074601234668485,3.401561979899707,3.883328821630933,0.03971302824119909,-0.0034301223664602205,6.261837576165251,2.8188052780044464,-0.038773716355482726,0.5043677486078916
186,6.158532266680033,1.7887938604317009,-0.22883575570197787,0.2167194921066272,6.67506521978531,1.1115724235431208,0.5146401689221641,0.08166127476066318,0.378552280077844,7.5973972176090525,0.4867904086363582,-0.05355807649854718,2.1339065070998795,2.048358233292014,0.033184196059135695,-0.018424563009277778,7.110911290600617,7.795798623498059,-0.3020304493965496,0.03719807434156809,7.395078520495046,1.9359396410199137,0.07645722936316414,0.20781482707995447,1.6366322333379957,1.1660476600030918,-0.9017484349891638,-0.34564265588093135,1.5092157400442052,2.4289608962007283,-0.012040129085758203,-0.1637246832480992,4.587403488657563,7.796779594018684,-0.22940544982639186,-0.07834090436881955,9.312988267569548,1.598720098726732,0.02047508273105101,-0.1617889523824991,6.04879079240891,5.041498053628098,0.013536946434841192,-0.14034086920361785,2.559558049993183,2.3348442564934335,0.014259995145558556,-0.013423043147473663,1.6121393920459102,5.779251259472559,0.9448995802883222,1.1649741555806947,9.465670089863742,2.3016438697076396,-0.727059481957475,0.38383541508551094,2.9646028782185803,4.665099885408671,1.3409915764919869,0.6721172455587909,5.268185292290416,2.985957699955897,-0.015371296940069279,0.15076899180622652,2.31526735014056,8.364189907172614,0.48378033034976287,-0.39089688379771875,7.594884123969361,8.002836615569104,-0.30503262641288253,0.04272537892232238,3.403547631311767,3.88315731551261,0.034886122586761506,-0.0012323818498205332,6.259898890347477,2.844023665434841,-0.058979043959053686,0.5281712854022563
187,6.147090478894934,1.799629835037032,-0.21730915076761267,0.22239247664980302,6.700797228231418,1.115655487281154,0.5180244057954195,0.09123378277639188,0.4028918005096619,7.594719313784125,0.5163948003162747,-0.05434043336508861,2.1355657169028364,2.0474370051415502,0.035577124392688717,-0.021807486783957865,7.095809768130789,7.7976585272151375,-0.30212851532283946,0.03157799176938204,7.398901381963205,1.9463303823739113,0.07821993926368624,0.19113753171852668,1.5915448115885376,1.1487655272090451,-0.8861048234387785,-0.32745098814480106,1.5086137335899172,2.4207746620383235,0.007142226634611067,-0.13168299586834112,4.575933216166244,7.792862548800243,-0.23561500818942413,-0.12368618228092243,9.3140120217061,1.5906306511076072,-0.001742807512775165,-0.14783467392264196,6.049467639730652,5.034481010167918,0.006922731723818037,-0.11917653130157954,2.560271049750461,2.3341731043360596,0.015532837148012249,-0.01395837854765602,1.6593843710603262,5.837499967251594,0.9566878841720265,1.1553130711103596,9.429317115765869,2.3208356404619153,-0.761596948049228,0.3808425209058302,3.0316524570431795,4.698705747686611,1.3658117955626268,0.6201275184201984,5.267416727443412,2.9934961495462087,-0.04645032108284975,0.1833707216309904,2.339456366658048,8.344645062982728,0.4893760681594638,-0.4106060892344654,7.5796324926487175,8.004972884515219,-0.3041860150295272,0.04032220066469826,3.4052919374411053,3.883095696420119,0.03008060700308187,0.0009189904598193204,6.256949938149525,2.870432229704954,-0.07858230408164667,0.5501188144052422
188,6.1362250213565535,1.8107494588695223,-0.20549862156735166,0.22738183784913288,6.726698448521189,1.1202171764199735,0.5200374363245381,0.1003628249048257,0.4287115405254756,7.592002292115871,0.5440421061826025,-0.05496933611872015,2.137344573122471,2.0463466308023524,0.03789061275065633,-0.02503089005751026,7.0807033423646475,7.799237426803606,-0.30182308847327516,0.025927043560819565,7.402812378926389,1.9558872589598377,0.07974743834328736,0.1743576316734347,1.5472395704165987,1.1323929778018051,-0.8685979310896799,-0.3088500054623717,1.508970844921648,2.4141905122449066,0.0258751237846855,-0.10003303896495674,4.564152465756773,7.786678239686196,-0.24109581396881463,-0.1677019759843007,9.313924881330461,1.5832389174114752,-0.023456438207333303,-0.13382478004332501,6.049813776316843,5.028522183602838,0.00044003001448336253,-0.09819044967408315,2.5610476916078615,2.333475185408677,0.01673623386629358,-0.014457318832309921,1.7072187652689275,5.895265620807112,0.967994351442298,1.1458564201398906,9.391237268363408,2.3398777665072066,-0.7934533287837933,0.3769648605429277,3.099943046821311,4.72971212360762,1.3875757278898515,0.5697662673157723,5.265094211389269,3.0026646856277583,-0.07671394137971052,0.21478048573061964,2.3639251700660213,8.324114758521006,0.49362246169804774,-0.4288453223257991,7.564423191897241,8.006988994548454,-0.30259798736472354,0.037872288416208974,3.4067959677912594,3.88314164594311,0.025308014002527312,0.0030196594163427347,6.253020822945443,2.897938170425216,-0.0975480350912772,0.5701972269696479
189,6.125950090278186,1.822118550761979,-0.19344008272017815,0.23169048382685498,6.752700320337416,1.1252353176652148,0.5207050800759403,0.1090355565231077,0.45591364583460575,7.589253825309935,0.5697072424014814,-0.05544666522009819,2.1392391037600036,2.045095086299477,0.04012224198325458,-0.028091805457634938,7.0656121879409834,7.800533778981648,-0.30111761321463265,0.02027262115689236,7.406799750843553,1.9646051405435094,0.08104120009773924,0.15751938530017373,1.5038096738621147,1.1169504775286865,-0.8493134489907118,-0.289895419876641,1.5102646011108822,2.4091888602966587,0.04412184293942154,-0.06884512349448614,4.552097675058332,7.778293140886982,-0.2458505620832468,-0.21030815938939218,9.312752059420095,1.5765476784093089,-0.04462287111574555,-0.1197955468261844,6.0498357778175675,5.0236126611191345,-0.005897910981427484,-0.07743107875902021,2.5618845033011763,2.3327523194670614,0.01786936279051696,-0.014919064602925382,1.7556184828410424,5.952558441814106,0.9788656642832414,1.1365834818821399,9.351564601924219,2.358726009534353,-0.8226093076298714,0.3722320353868332,3.1693218332158035,4.758200436973409,1.406535341358898,0.5212085316918833,5.261258514320284,3.0134037099142894,-0.10610484536644263,0.24494657892368066,2.3886062931509238,8.302672492404715,0.49653925522776843,-0.4456020593667633,7.549293292529005,8.008882608969264,-0.30028919535396614,0.035382818472270164,3.408061368491386,3.883292628913927,0.02057953430947891,0.005065514172803515,6.248143421190878,2.9264480317736985,-0.11584316706546287,0.5883983821839303
190,6.116278086142177,1.8337030749533219,-0.18116926079026563,0.2353229590605112,6.778735574341213,1.1306870954913701,0.520055939142746,0.11724056278867058,0.4843990079546798,7.5864814920489305,0.5933706449494318,-0.05577463775364499,2.141245215859166,2.043690496026595,0.04226941688912346,-0.0309878654064738,7.050556307280252,7.801547410039492,-0.30001713731042196,0.014641321120255336,7.41085181084844,1.9724811098085182,0.08210324921247161,0.14066620100706068,1.4613440014125791,1.1024557065348544,-0.8283395841164938,-0.2706425739168977,1.5124706932578533,2.4057466041219344,0.06184770630582746,-0.038186823313364905,4.539805146954169,7.767777732917512,-0.24988370195989612,-0.25142993326939567,9.310520915864307,1.5705579010679998,-0.06520150210592918,-0.10578248248936398,6.049540882268496,5.019741107181184,-0.012078503527476778,-0.05694521599264865,2.562777971440702,2.3320063662369153,0.01893157250598325,-0.015342931412086577,1.8045617660552045,6.009387615908213,0.9893445426318426,1.1274738914780202,9.310434136542725,2.377337611303695,-0.8490527536828382,0.36667511870828373,3.2396486002837483,4.7842608635580035,1.4232948305779378,0.4735312294348911,5.255953272051962,3.0256510388604734,-0.13456919190005717,0.2738215685725886,2.413433255912312,8.280392389436377,0.498149072765001,-0.46086776467588886,7.534278832761307,8.010651749892878,-0.29728162817506587,0.03286090455588932,3.40909034520686,3.8835459046225673,0.015905996573750397,0.007052673411811912,6.242351262837605,2.955867950882895,-0.13343705065256567,0.6047190154504315
191,6.107219623102664,1.8454692229063474,-0.16872160920180046,0.23828539620375888,6.804738371298351,1.1365491236308036,0.5181212640326917,0.12496785500628663,0.5140675402021514,7.583692760161249,0.6150181943276798,-0.05595579431080288,2.1433586867036225,2.0421411027562715,0.044329423221921085,-0.03371726633750332,7.035555450414731,7.802279476095505,-0.29852824969294367,0.009058827851561198,7.414956973309064,1.9795144198588712,0.08293614409909134,0.12384054785802502,1.4199270222067544,1.0889235778390094,-0.8057667822416543,-0.2511463105564564,1.5155630785731447,2.4038372629562663,0.07902011848072468,-0.00812286782803549,4.527310961856174,7.755206236254042,-0.25320138693442107,-0.29099789240392554,9.30726084075901,1.5652687769435316,-0.08515411014356883,-0.09182025589389861,6.048936957092122,5.016893846381551,-0.01808983648242126,-0.036777922098538834,2.5637245500660013,2.331239219666311,0.019922373549939955,-0.015728358342512953,1.8540289931867966,6.065761310482114,0.9994702003157769,1.1185076301397057,9.267981498858582,2.395671367239109,-0.872778590315406,0.3603265448582309,3.3108133418126453,4.807937425029748,1.4379387238417476,0.4270037780586562,5.249224812456959,3.039342117289103,-0.16205666765691526,0.3013623170329646,2.438340709550562,8.257349001202583,0.4984772967257333,-0.4746378222038694,7.519414751352553,8.012294795120672,-0.2935985271872532,0.030313581441237313,3.4098856450355473,3.883898538293158,0.011297848445641391,0.008977489884413088,6.235679410304977,2.9861039016554165,-0.15030147923232726,0.6191606369298104
192,6.0987835426425745,1.8573834927165354,-0.15613222575107127,0.24058546502077408,6.830644434499986,1.142797516381118,0.5149348159525319,0.13220886351149058,0.5448184499185353,7.5808949704457085,0.6346411283590979,-0.05599298535964773,2.1455751578647186,2.0404552394393964,0.046299476633522414,-0.036278738355382666,7.0206290379300835,7.802732417488083,-0.2966590066604083,0.0035498032787526224,7.4191037805140185,1.9857064472517725,0.08354295849051438,0.1070838705351976,1.3796386830946716,1.0763662623111865,-0.7816874514533947,-0.2314608473452339,1.5195140844971808,2.4034311195648645,0.09560860108548491,0.021284955828444092,4.5146508925094535,7.740656341633846,-0.25581142052968314,-0.3289480777269187,9.303003135251831,1.5606777641488367,-0.10444489922500264,-0.07794262875709647,6.048032465268001,5.015054950276624,-0.023920689854673452,-0.01697244751180014,2.5647206687434982,2.3304528017491855,0.020841430750766284,-0.01607491384056459,1.9040025032025854,6.121686691989099,1.0092787514260486,1.1096649953566509,9.224342569342811,2.4136876944820207,-0.8937886491479526,0.3532199975576587,3.382710278004733,4.829287613932681,1.4505634624537909,0.38192360675149406,5.241121979074114,3.054410233140751,-0.18852053354010176,0.32752999286039974,2.463264574386849,8.23361711009239,0.49755194240553485,-0.4869114588819607,7.50473482499319,8.013810474192734,-0.28926429965369815,0.027747789143061887,3.4104505374578293,3.8843474127873785,0.006765139029300745,0.010836554261669707,6.228164336343361,3.017061933501907,-0.16641070447096337,0.6317294203335787
193,6.090976931355021,1.869412765967574,-0.14343577286360581,0.2422323186268545,6.856391175297612,1.1494079595566924,0.5105327259142943,0.13895642716654874,0.5765505063364902,7.578095321177726,0.6522359435539115,-0.05588935714649445,2.147890131696395,2.0386413025216275,0.04817676519194709,-0.038671518979922534,7.005796087597063,7.802909907652021,-0.2944188492961723,-0.0018622157481185484,7.423280928438544,1.9910606407785323,0.0839272621619041,0.09043650877579582,1.340554310522002,1.0647932199439247,-0.7561956869792373,-0.21163965493790077,1.524294514551455,2.4044953673562866,0.11158482132892432,0.04997789106308178,4.50186032148297,7.7242089377475,-0.2577231998177276,-0.3652220136858272,9.297780890290582,1.5567806327109819,-0.12304053330404166,-0.06418239165897964,6.046836430775268,5.014206327901034,-0.029560547301413276,0.0024298350155164614,2.5657627402810363,2.3296490560571574,0.02168855678885976,-0.016382299146693906,1.9544664407738879,6.177169941756932,1.0174534585293693,1.0994676114588362,9.179653136885413,2.4313486943599036,-0.912091510033897,0.3453902975774552,3.4552384511274226,4.848383794270255,1.4613000369265177,0.3385294700296544,5.231695952397109,3.070786732783771,-0.21391766110706634,0.3522900709995666,2.4881421715071257,8.209271537148291,0.4976275983500079,-0.4892929483699663,7.490271610010505,8.015197863649888,-0.2843044314905139,0.025170357698737742,3.4107887944092945,3.884889240500462,0.002317502727254511,0.01262669830478388,6.219843801119812,3.0486484045185858,-0.18174144538055279,0.6424360825599282
194,6.0838051427118405,1.881524381898917,-0.13066640073394933,0.24323653723023098,6.881917811593327,1.1563557809150198,0.5049533510871314,0.14520477957145173,0.6091623035141858,7.575300853320401,0.6678042855479569,-0.0556483371752709,2.1502989699559922,2.036707726572631,0.04995848659397033,-0.04089532986410554,6.991075145132254,7.802816796864615,-0.29181851156193755,-0.007154911130979166,7.427477291546639,1.995582466217322,0.08409310084528282,0.07393762138404107,1.30274452617304,1.0542112371970296,-0.7293869979883005,-0.1917353402223879,1.5298737556179012,2.4069942619094404,0.12692261456356402,0.07790029052728242,4.4889741614920835,7.705947837063209,-0.25894765607224685,-0.39976673105144567,9.29162886362538,1.553571513128033,-0.14091016428304223,-0.05057130391642299,6.045358403410197,5.01432781965181,-0.03499960658734794,0.02138949159842963,2.5668471681204794,2.3288299410998228,0.022463706804213536,-0.016650349670369952,2.0053391137003564,6.232143322329874,1.0222975068832347,1.0844545712531015,9.134048561383718,2.4486182092387763,-0.9277023277748229,0.33687329010286265,3.5283034529737485,4.865310267771738,1.4703035916675053,0.2969972193971411,5.2210000693417555,3.088401236333749,-0.23820855915100653,0.3756123222031033,2.513023551424626,8.184806889729794,0.5001365135148731,-0.47631882721145435,7.476056388435979,8.016456381534825,-0.27874539928227493,0.022587992567664007,3.410904669545657,3.8855205754157014,-0.0020358555148138257,0.014344997361166022,6.210756728850785,3.080770208646582,-0.19627289100622503,0.6512957546797851
195,6.077271822675143,1.8936862087604285,-0.11785767347537524,0.2436100695719559,6.907165479147684,1.1636160198935923,0.4982371288158617,0.15094953209831577,0.6425525177915836,7.572518436461638,0.6813528291332664,-0.05527361931046169,2.1527968942856908,2.034662960079426,0.051641881199638584,-0.04295035580517783,6.976484219554157,7.802459051308066,-0.28886992040389164,-0.012307267820147776,7.4316819465889035,1.999279347286524,0.08404497540617231,0.05762511490514072,1.2662751762736248,1.0446244701859102,-0.701358037004689,-0.1717995342374181,1.5362198863460794,2.4108892764358045,0.14159800091401542,0.10499968527722035,4.476026778688471,7.685959500510637,-0.25949719292085877,-0.43253477544870916,9.284583355411229,1.5510429479322119,-0.15802545315430772,-0.037140037388282816,6.04360842308083,5.0153972942317315,-0.0402287880228807,0.03986908217923116,2.56797035346069,2.327997423616304,0.023166973824985275,-0.01687903455555767,2.056453989044518,6.2863660508925285,1.0224124247564195,1.059104877864274,9.087663444994977,2.4654618737439193,-0.9406426462971408,0.3277057320711913,3.6018186325571238,4.880160128741595,1.4777433623802658,0.25743844883984757,5.209089641384205,3.1071818524439045,-0.26135739059108054,0.39747079194905266,2.5380303771003696,8.160990948369221,0.5039655879576228,-0.45211492008680737,7.462119118471866,8.017585781163207,-0.2726145818005157,0.02000726067062028,3.4108028767699166,3.8862378252837595,-0.006286173557648583,0.015988772195376644,6.200943084300474,3.1133349963805714,-0.2099866968778041,0.6583278447902458
196,6.071378939001374,1.9058667122390263,-0.1050424983964306,0.24336617226206214,6.9320773355884775,1.171163496498508,0.49042642872365594,0.1561876538630796,0.6766201592482469,7.569754755496115,0.6928931484150733,-0.05476914854933453,2.1553789883456727,2.032515442289167,0.05322426160646712,-0.044837225197350145,6.9620407235339625,7.801843687917058,-0.28558608984276046,-0.01729964763599065,7.435884195359212,2.002160603031781,0.08378782035092634,0.04153557703475277,1.2312072744233904,1.0360344934740393,-0.6722063325506971,-0.15188278505151656,1.5432997863917801,2.4161392606996657,0.15558919606929664,0.13122684443209162,4.463051919042428,7.664332761738201,-0.25938562220807476,-0.46348420190841244,9.276682082753513,1.5491859460627977,-0.174360584393084,-0.023918124263555086,6.0415969836796855,5.017390748340693,-0.04523974090605678,0.05783320926651658,2.5691287021519393,2.327153471888526,0.02379858486071619,-0.017068454738743355,2.107574610282339,6.3393212947857425,1.0190570918232367,1.0280051303506428,9.04063131268012,2.481847160347479,-0.9509402010369638,0.3179251797650546,3.675705800676137,4.893032051183588,1.483503886992206,0.22184728368635925,5.196021771854651,3.127055392041357,-0.2833319798472752,0.41784376914584553,2.563228656498251,8.138385202364882,0.5078957544745191,-0.42129558954270546,7.44848838938184,8.018586144196739,-0.2659401712575947,0.01743457708958352,3.4104885680920343,3.887037263893528,-0.010425144010625446,0.017555590165329094,6.190443749456584,3.1462513886200836,-0.22286697537507816,0.6635558932612454
197,6.066126814081552,1.9180350208521293,-0.09225305851077112,0.2425193472109858,6.95659865702466,1.178972879191662,0.48156540331171566,0.16091744875347852,0.7112648166690005,7.567016298068649,0.7024415776420019,-0.054139105508959416,2.158040201425996,2.0302735810292996,0.054703039462986464,-0.04655699141722586,6.947761419041824,7.800978705535258,-0.2819810097883559,-0.02211385231397861,7.440073586376759,2.0042373818835184,0.0833269817335461,0.025704214823861673,1.1975969577958556,1.0284403542214635,-0.6420300256155431,-0.13203445575966902,1.551079246195245,2.42270060292127,0.16887661634341078,0.15653582539489808,4.450082637932025,7.641158551642781,-0.2586280977808082,-0.49257855576800136,9.26796405353386,1.54799003984962,-0.18989227371800507,-0.01093390887347484,6.039334996634382,5.020282408804019,-0.050024847997096236,0.07524856047117179,2.5703186313949753,2.326300049151589,0.0243588975230846,-0.017218839683057388,2.158527464873501,6.390721551303274,1.0130510320624593,0.9941309338599357,8.99308430262827,2.4977434193357317,-0.9586287102925483,0.30756987693639326,3.7498809950257477,4.904124415367906,1.4879378370711915,0.18984465494689068,5.181855172862288,3.1479475804986494,-0.3041038108955873,0.436713744932846,2.588623444221977,8.117320422887746,0.5111495995048563,-0.3868693149172584,7.43519138081896,8.019457873051218,-0.2587510845237455,0.0148761924463961,3.409967310891503,3.8879150434017946,-0.014444924768383771,0.019043265755544297,6.17930040068783,3.179429183283146,-0.23490028016772585,0.6670074209084945
198,6.061514161156014,1.9301609882126787,-0.07952074837626205,0.24108527735553123,6.980676927190246,1.187018751629336,0.47169983746326477,0.16513852963695977,0.7463868955511006,7.564309342793201,0.7100190632672195,-0.053387890673220355,2.160775353399145,2.027945731458438,0.05607574992736694,-0.04811111474648982,6.933662368552406,7.7998730129195595,-0.27806953064631734,-0.02673317547117166,7.444239935463436,2.0055225926247116,0.08266819453072302,0.010164797725655981,1.1654954565150786,1.02183863143348,-0.6109276105223913,-0.11230262773748888,1.5595230770124155,2.430527394191015,0.18144287812049884,0.18088401472255414,4.437151233042984,7.616529623854381,-0.2572410474087031,-0.5197868402763296,9.258469439847959,1.5474433444059463,-0.20459976934882043,0.0017854964425122813,6.036833754234528,5.024044836827578,-0.05457722805859455,0.09208394487254433,2.5715365762711295,2.325439107167436,0.02484839702115059,-0.01733054304223446,2.209180016476624,6.440428097996271,1.0049241790180485,0.9593958385165264,8.945152867113643,2.5131219131825513,-0.9637476563141507,0.29667864372903585,3.8242778868793073,4.913616648115251,1.4913764781211447,0.16061195630142677,5.166649982317509,3.1697832677452915,-0.32364801621807343,0.4540673619023068,2.61418092419722,8.097976957141883,0.5132410834371988,-0.3507878516004191,7.422253826592772,8.020201682673537,-0.2510768745300985,0.012338180976564413,3.409245064653084,3.888867206689572,-0.018338148147171586,0.0204498604805908,6.167555386679444,3.2127795543285704,-0.24607558490211967,0.6687137706314092
199,6.057538123737201,1.9422152520804552,-0.06687611334883879,0.23908076087843555,7.00426191906341,1.195275678111184,0.46087699725274583,0.1688517898764703,0.7818878487144616,7.56163994825954,0.7156510078077017,-0.05252010844460237,2.1635791408955134,2.0255401757211136,0.05734007423330586,-0.0495014444466275,6.9197588920200905,7.798536354146001,-0.2738672456471024,-0.031142442947766205,7.448373345189972,2.0060308325109943,0.08181755955363665,-0.005050394482154224,1.134949075988959,1.0162235000466056,-0.5789976807425294,-0.09273400927646407,1.5685952209184404,2.4395715949271426,0.19327279181230117,0.20423215975353154,4.424289180672549,7.590540281840565,-0.2552421030514487,-0.5450834712825297,9.248239451380519,1.5475326192280718,-0.21846484690457038,0.01421425139778341,6.034104892831598,5.028649034071205,-0.05889073649856268,0.10831032326270461,2.572778996122187,2.3245725800153245,0.02526769342181339,-0.017404037399047376,2.2594262254275264,6.488397889922098,0.9950157178460021,0.9250135710852342,8.896965484297937,2.527955845369003,-0.9663420569094817,0.2852907666595214,3.8988467107853646,4.9216472459303215,1.494055892632185,0.13340535855446373,5.150467581506605,3.1924866358404067,-0.34194335688025845,0.46989535408519895,2.6398429783690798,8.080437564561862,0.5138762553707481,-0.31430866909684657,7.409699982866267,8.020818591722366,-0.24294764207498334,0.00982642931236255,3.4083281572457254,3.8898896997136014,-0.02209792862956875,0.021773682173122273,6.155251607434338,3.2462152428601407,-0.2563842563177343,0.6687099430589799
200,6.054194318069759,1.954169290124377,-0.05434879232616048,0.23652364411987845,7.027305768926047,1.2037182676050076,0.4491454784538317,0.17205937228590065,0.8176703991048467,7.55901394283731,0.7193671060765039,-0.05154055104501679,2.1664461446071788,2.0230651034987823,0.058493860512925815,-0.05073020071147483,6.906065529737735,7.796979231998613,-0.26939037101290214,-0.03532804188363734,7.452464223167654,2.0057783127868865,0.08078151996465065,-0.019910618879083315,1.1059991919518326,1.0115867995827823,-0.5463386801808582,-0.07337384970762115,1.5782588605090555,2.449783202914819,0.20435335046650718,0.22654439112192815,4.4115270755199765,7.563286108276438,-0.2526500296846038,-0.5684482194128838,9.23731620903529,1.548243331797961,-0.23147179809805457,0.026327823738066483,6.03116035600667,5.034064550234341,-0.06295996415738513,0.12390083233092952,2.5740423807932777,2.3237023781453723,0.025617519074646614,-0.017439908275888896,2.3091770113198264,6.534648568476359,0.9835392590715043,0.8917369549657861,8.848648381452463,2.5422203837019794,-0.9664622283491441,0.27344588990742225,3.973549505416974,4.928317513858045,1.4961412194443489,0.10752419020656112,5.133370413662592,3.2159814035446668,-0.3589721939853437,0.48419247805876303,2.665536791137617,8.06472213110702,0.5128877140673439,-0.2782340543510362,7.397552600762518,8.021309913187984,-0.23439394824492077,0.0073466259873243255,3.4072232608142468,3.8909783838222576,-0.02571786922953805,0.023013283672138986,6.142432394618451,3.2796507400130896,-0.2658200219857033,0.6670344267492827
201,6.0514768784534505,1.965995472330371,-0.041967464045677014,0.2334327533780892,7.049763042848739,1.2123212362193025,0.4365550551317585,0.17476463566040407,0.8536387544086719,7.556436915285059,0.7212011743690667,-0.05045418230930935,2.169370837632825,2.0205285934632085,0.0595351431401345,-0.05179995631612305,6.8925960111870905,7.795212829904431,-0.2646556265824691,-0.0392779380433258,7.456503299165886,2.0047827818429322,0.07956683746650518,-0.03438671167988379,1.0786822579427897,1.0079181070974013,-0.5130486604313723,-0.05426585910480814,1.588476528032381,2.4611104224709157,0.2146737131748273,0.247788236306731,4.398894574035746,7.534863697305794,-0.24948465289430144,-0.5898661401617729,9.225742619130388,1.5495597229848643,-0.24360741339444023,0.03810302114134803,6.028012357798801,5.040259591850887,-0.06479340000041055,0.13893291211780934,2.57532325674701,2.3228303827315777,0.025898726102523903,-0.017438847541856827,2.3583539742734017,6.579235416224648,0.9706257772748772,0.8600153879477543,8.800325270035007,2.5558926781973508,-0.9641635403605412,0.2611839081574767,4.048356566389192,4.933693723368373,1.4977415737715294,0.08228109258136376,5.115421803963325,3.240191027447605,-0.37472045177060115,0.49695743554777505,2.6911811768409843,8.050810428389468,0.5101914036000122,-0.24306874685771337,7.385832903350272,8.02167724448735,-0.2254467276554223,0.0049042516721311165,3.4059373673527698,3.8921290480058643,-0.029192066492934186,0.024167460928247474,6.129141393519166,3.3130024613505538,-0.27437893287117876,0.6637290234896805
202,6.049378505251167,1.9776671099992755,-0.029759796991390218,0.22982782579454497,7.071590795605327,1.2210594680023228,0.4231565286966026,0.17697211901983015,0.8896988131271252,7.553914206169593,0.7211909731891242,-0.04926612141438205,2.172347594789832,2.0179385956474025,0.060462160664605386,-0.05271361784688382,6.879363229857967,7.793248933002264,-0.2596801173268388,-0.042981682278218664,7.460481641039212,2.003063446258938,0.0791091901829519,-0.04664186941119621,1.053029824921221,1.0052048141421608,-0.4792250444751715,-0.03545213364279641,1.5992102136911224,2.4734998342862524,0.22422518343927314,0.267934624384109,4.386420341391031,7.505370390297705,-0.2457667854495451,-0.6093274923434074,9.213562248460667,1.5514648740419317,-0.25486095881317117,0.049518019050202366,6.02477268779878,5.047206237456778,-0.05123171196957604,0.1541020674868265,2.576618193052136,2.321958440354485,0.026112283893820226,-0.017401646381275795,2.4068852631371453,6.622236185622036,0.9563518875656166,0.8300985298256145,8.75211709301698,2.568951873605225,-0.9595061640007806,0.2485448612265113,4.123243645077768,4.937807777997441,1.4855302511452984,0.056470407105285086,5.096685781374795,3.2650388992249937,-0.3891775726262638,0.5081927879044148,2.716690747020985,8.038656991046583,0.5057581806133129,-0.2091237475303105,7.3745605669675,8.021922457070957,-0.216137202710049,0.0025045701498494625,3.404477764028123,3.893337421052277,-0.03251511415167157,0.02523525054377291,6.115422446875607,3.346188912525038,-0.28205932092955305,0.6588386692446953
203,6.047890515401598,1.9891585012890027,-0.01775240295334642,0.2257294395171441,7.092748622040157,1.2299080739533144,0.4090015777844962,0.17868750370611958,0.9257583617865814,7.551450900098874,0.7193780241027575,-0.04798162658605465,2.175370702823062,2.0153029147550585,0.06127337235399101,-0.053474406351172,6.8663792239916255,7.791099848888353,-0.2544812168734857,-0.04643040577311307,7.464437100548359,2.000731352788378,0.08039984850791916,-0.054554030730404275,1.0290685726974624,1.003432207460021,-0.44496439726679726,-0.016973086669572948,1.6104214728630861,2.486896565505458,0.23300118266417078,0.28695788216878565,4.374132002118554,7.474904015680535,-0.24151815305867194,-0.6268276453700967,9.200819200520009,1.5539407749944418,-0.2652241470629477,0.060552384458481975,6.022211102200301,5.0549113408311195,-0.02830921585234067,0.1691569769124906,2.577923807246827,2.321088358035421,0.026259276529227243,-0.017329187919433862,2.4547028575154264,6.663741112113317,0.9407056282687202,0.8018628328844288,8.70414178481694,2.5813791166665503,-0.9525548131991126,0.2355688306984263,4.197520157635033,4.940631298352705,1.4640167603928007,0.030124475292124434,5.077226902743482,3.2904485386202142,-0.40233646433110837,0.5179048628632692,2.7419786560516504,8.028200803670067,0.49959514713940817,-0.17658456224127805,7.363753706831998,8.02204768557845,-0.20649679906917143,0.00015262003644448937,3.4028520083205396,3.8945991835794653,-0.035682105452708175,0.026215926766589584,6.10131948082913,3.3791308459872726,-0.28886175195429004,0.6524112512971103
204,6.0470028952539305,2.00044497326486,-0.0059707942737752435,0.2211589433321919,7.113198700929383,1.2388424491386203,0.3941426093234509,0.17991757347770218,0.9617272629917193,7.549051818769571,0.7158074213105773,-0.046606078824899456,2.1784343714407615,2.0126291944375,0.0619674735039695,-0.054085837481874635,6.853655163147951,7.788778328599697,-0.24907645396068992,-0.04961680497490296,7.468457092973755,1.998003651251858,0.08292333689585268,-0.058937608196428105,1.0068203528341226,1.0025835531265423,-0.4103622036274444,0.0011326144634269154,1.6220715319962946,2.501244459613897,0.24099721894984777,0.3048357219478851,4.36205609446562,7.4435626334120295,-0.23676131951394674,-0.6423669758402603,9.18755799316686,1.556968394217366,-0.274691103209447,0.07118709568392909,6.020795641407684,5.063369189676744,-0.0003217659370974568,0.1839315450218092,2.579236771073288,2.320221898639449,0.026340900071755897,-0.017222439625449466,2.501738138928862,6.703834253757538,0.9230596457353321,0.7722577820422089,8.656514044156985,2.5931575582014714,-0.9433784807574844,0.22229583878047715,4.270720995654673,4.942137522117311,1.4375267955163062,0.0032753138378371037,5.057110079526927,3.316343781763378,-0.4141934398117662,0.5261036539783912,2.766958413408621,8.019371575558003,0.4917233034760859,-0.14560407340559312,7.35342886687854,8.022055316580271,-0.1965570625125407,-0.0021467927494999914,3.4010679030479043,3.895909979917795,-0.0386886341858397,0.02710899795747642,6.086876393231415,3.4117514085521283,-0.2947889739010847,0.6444974221251033
205,6.046704355540242,2.01150292043147,0.005560655196190006,0.21613838595307064,7.132905831395555,1.2478383278125054,0.3786326111294705,0.18067017274572994,0.9975176340572481,7.5467215148283255,0.7105276385279446,-0.045144965691308,2.18153274511596,2.009924902563406,0.06254340928999721,-0.05455170100795051,6.841201340449916,7.786297488350952,-0.2434834042941621,-0.05253511654074967,7.4726032598185474,1.9950567708420366,0.08626245440259966,-0.0604949528276216,0.9863022426527505,1.0026401838497137,-0.3755126538359084,0.018828105784775714,1.634121392943787,2.5164862457112913,0.2482108513717224,0.32154922102708516,4.350218028489923,7.411444284620017,-0.23130335161037252,-0.6558647615894401,9.173823438006389,1.5605277490015625,-0.2832583250846264,0.08140455816759382,6.020779553110829,5.072565766927835,0.029883548206157115,0.19832512311948355,2.580553816076876,2.3193607766581765,0.026358459693422636,-0.01708244559298847,2.547891121215629,6.742447142859649,0.9035030486946068,0.7413882003888332,8.60934512011911,2.604272350140495,-0.9320501695938992,0.20876574958373068,4.342597335430488,4.942301287809203,1.4089445114862946,-0.02411017480153269,5.036400407536338,3.342648964462297,-0.4247481497445798,0.5328027131584769,2.791544578582425,8.012091371887722,0.4820587186989792,-0.11689029915705113,7.343601013752913,8.021947976942796,-0.18634957737215282,-0.0043891017658869375,3.399133471338612,3.897265429815669,-0.041530794437011166,0.0279142025516746,6.072136944536361,3.4439762796583837,-0.2998458609193238,0.6351504105541537
206,6.0469823883000515,2.0223098397291235,0.016818745415090562,0.21069044515009694,7.151837461952029,1.256871836449792,0.362525006367031,0.18095416309836274,1.0330440159836454,7.54446426654376,0.7035903317616014,-0.04360386518899407,2.18465991558046,2.0071973175130084,0.0630003873174265,-0.054876039784939164,6.829027170235208,7.783670732523914,-0.23771958554359035,-0.055181083166237384,7.476916382538677,1.9920320232006554,0.09008213349325406,-0.05983012677580287,0.9675266099609551,1.0035815891389523,-0.3405084372800922,0.036078378286932236,1.646531935512373,2.5325637067626454,0.25464164993567556,0.33708279332443547,4.338652860909405,7.378651046540544,-0.22331304941314237,-0.6666539981153904,9.159660521752159,1.5645979769099423,-0.2909246386549027,0.09118861634995709,6.022273730521137,5.082482023083809,0.06040498052508629,0.2122749889154159,2.581871739061547,2.318506654378527,0.026313366602311334,-0.01691031878388332,2.593066273650359,6.77951655287909,0.8821277174655614,0.7093597138216865,8.562742611639415,2.6147106376196816,-0.9186466200075099,0.19501817301995167,4.413044561004803,4.941095779069126,1.3802178066880264,-0.052101540562761214,5.015163000049109,3.369289100120221,-0.43400350832954365,0.5380190367241146,2.8156475145173743,8.00624685692987,0.4705716255447742,-0.09099455613532502,7.334283534884306,8.021728521854502,-0.17590588670399332,-0.0065699860749904426,3.3970569316167616,3.8986611399432527,-0.04420517909643874,0.028631504536124137,6.057144651490394,3.4757338001860916,-0.3040393533273542,0.6244258307171651
207,6.047823325570806,2.0328443619866285,0.027781481740528118,0.2048383569023149,7.1699637122703805,1.26591954460471,0.3458735101958288,0.1807793782603154,1.0682235325717255,7.542284073284311,0.6950501385680967,-0.04198842978500971,2.187809934946331,2.0044535155237613,0.06333788870335279,-0.05506312823918032,6.817141190958028,7.7809116783656025,-0.23180236019417677,-0.05755191076042786,7.48142048921334,1.9890405168618652,0.09411572005248509,-0.05746131458871003,0.9505011880969505,1.005385508053299,-0.30544054450358166,0.052850323712072905,1.659264018009157,2.549417846428867,0.2602911514071006,0.35142415326178433,4.327487208438748,7.345318346634775,-0.21470923601111772,-0.6755172891178358,9.145114289819414,1.5691574077274402,-0.29769114857321055,0.1005245616823423,6.025293979547391,5.09309577252958,0.08995249167712205,0.22573834281480998,2.5831874073916627,2.317661138439333,0.026207134728514377,-0.016707233302980254,2.637172659523637,6.814984538570174,0.8590280118955056,0.6762784689177463,8.516810280639039,2.624461546270679,-0.9032480337367954,0.18109237149630783,4.482055451339204,4.938490702040988,1.3526940192119121,-0.08078517767661732,4.9934628246326325,3.396190051956427,-0.44196561257552197,0.541772945417715,2.839176095794613,8.001697129123103,0.4572797057813498,-0.06833190346469177,7.325488240549106,8.021400022550752,-0.16525741435910743,-0.008685375521951677,3.3948466726619397,3.900092715170059,-0.0467088771532881,0.029261088464583238,6.041942683824026,3.5069550917219496,-0.3073783937728855,0.6123814893497157
208,6.049212399657833,2.043086279831744,0.03842810279429201,0.19860584474785214,7.187257387780172,1.2749585135177257,0.32873198891298905,0.18015657763547333,1.1029760395001305,7.54018465179506,0.6849644743750257,-0.040304370603152485,2.1909768293814986,2.001700359111802,0.06355567767046552,-0.05511745043112965,6.80555107294832,7.778034082827581,-0.22574884335696532,-0.05964621779885693,7.486126275215964,1.9861674511324297,0.09815330869743966,-0.05383194743380888,0.9352291608717714,1.0080280242389026,-0.27039807795328363,0.06911277455586773,1.672278575579512,2.566989054091956,0.2651628112169008,0.3645642722173884,4.316751746638192,7.311542482178883,-0.20707589507260896,-0.682979050570643,9.130229732390754,1.5741836358115573,-0.3035611841469235,0.10939913684054299,6.029791604131248,5.10438268967032,0.11762599379823635,0.23867952284421684,2.5844977641280886,2.316825776774184,0.026041377161182905,-0.01647441678713679,2.680124060118412,6.848798462016061,0.8343004796710374,0.6422508558518505,8.471647878952199,2.6335161648454943,-0.88593779557283,0.1670271695782052,4.5496901522997995,4.934451443157157,1.3264984085166656,-0.10161561299332483,4.9713645440038565,3.4232786992273128,-0.44864365544452695,0.5440879588021652,2.86204008108368,7.998280533949869,0.4422418073187231,-0.04919868740512354,7.31722536983115,8.020965753774655,-0.1544353891060837,-0.01073145526755138,3.3925112288042754,3.9015557695932883,-0.049039469810975136,0.029803354033490544,6.0265737641353825,3.5375741661894353,-0.30987385982396015,0.5990771919396597
209,6.051133804797548,2.053016572069137,0.04873910461736047,0.19201704950499518,7.203693987225821,1.2839663423994994,0.3111543218867307,0.17909739858060153,1.1372242632188818,7.538169433264902,0.6733933264403613,-0.03855744182637915,2.194154613265022,1.9989444865902457,0.06365380961689637,-0.05504367775321788,6.794263630780471,7.775051771937639,-0.21957581866636638,-0.06146397805610071,7.491033940650836,1.9834758537607393,0.10203183217461631,-0.04932061647826415,0.9217092569741072,1.011483662966696,-0.2354680717054841,0.0848365383192875,1.685536716140357,2.585217267702826,0.2692619516529382,0.3764973278159479,4.306397951884562,7.27739352965035,-0.20031110520351725,-0.6889465192357103,9.115051673183409,1.5796535926535844,-0.30854024095986066,0.1178005362155828,6.035672903821159,5.116316665812531,0.14307227351693141,0.25109469920354016,2.585799832986148,2.3160020559348276,0.025817802335380946,-0.016213142965791693,2.721839084101964,6.880911004808654,0.8080435657224421,0.6073832369403077,8.427350989173558,2.6418675233244047,-0.8668021932786218,0.15286086677931437,4.616015072725633,4.929370662507491,1.3005964144917712,-0.1038230581603033,4.9489323612316305,3.450483097167421,-0.454049833210368,0.5449906644884599,2.884152171449616,7.995820599579613,0.4255519675153537,-0.0337876444875371,7.309503600375846,8.020429181011277,-0.14347077094848779,-0.012704669580706252,3.3900592553137265,3.9030459372949626,-0.051195025459336775,0.030258910242013704,6.0110800711441845,3.567528025786418,-0.3047242562469051,0.578129454120119
210,6.053570760028416,2.0626174245443867,0.05869626113786646,0.18509645953134,7.2192517033201575,1.2929212123285294,0.29319426656384634,0.17761430755801283,1.1708939295408998,7.536241561173583,0.6603990460181259,-0.036753425342517264,2.1973373037458668,1.9961923027025847,0.06363263753626007,-0.0548466464544677,6.783284839847153,7.771978573034834,-0.21329966094735398,-0.06300645683407971,7.496135532259567,1.981009822936826,0.10562665281799388,-0.04424985058299444,0.909935853388833,1.0157254898826602,-0.20073532041899633,0.0999944260522321,1.6989998137230038,2.604042134093623,0.27259570655003246,0.38722064634399994,4.296382396624386,7.242946203688565,-0.1931977453434713,-0.6930573535577242,9.099624661135415,1.5855436194643635,-0.3126359183921071,0.12571840276414525,6.042826517497006,5.128871400772708,0.16658751590951476,0.263039851580693,2.587090723102917,2.315191398786538,0.025538209924430483,-0.015924724427559305,2.7622412623880863,6.911280166655669,0.780357323423384,0.5717816813619239,8.384010879509626,2.6495105666633703,-0.8459301365528368,0.13863115362645032,4.681044893450221,4.924179509599476,1.2751595649026755,-0.09562707195514863,4.926229869571112,3.477732630391844,-0.45819924739345175,0.5445105826355917,2.9054297698253837,7.994131217355236,0.4073336521330632,-0.022200990054709255,7.302330061828422,8.019793947532241,-0.13239417977206655,-0.014601724897863334,3.38749950404076,3.904558882807063,-0.05317409354196193,0.03062856916024007,5.995843858331839,3.596434498492424,-0.29525173104687097,0.5524114359742353
211,6.0565055730853095,2.071872247520954,0.0682826409838164,0.1778688416832637,7.23391141664835,1.30180192770643,0.2749053268193173,0.17572055031453734,1.203913881841806,7.534403889906457,0.6460461392903455,-0.034898115666185954,2.20051893562268,1.9934499703798614,0.06349281680603142,-0.05453133502209819,6.7726198567997855,7.768828250193129,-0.20693626747888716,-0.0642761426174917,7.501416864900467,1.9787973304076762,0.10884444340395563,-0.03889383375848418,0.8998990873678832,1.0207252111852718,-0.16628221773540705,0.11456127524605489,1.7126295990505054,2.623403166410823,0.275172962695567,0.3967346385893108,4.2867225093572126,7.208293336010678,-0.18576144171691775,-0.6953430507235986,9.08399286521581,1.5918295396025708,-0.3158578532861477,0.1331438213084547,6.051155893292481,5.142023393351742,0.18833313155011122,0.2745441294989327,2.5883676335991384,2.31439516256516,0.025204494266631555,-0.015610510040731438,2.8012591285592556,6.939869250723765,0.7513431282674964,0.5355517065806489,8.341714372681984,2.656442124344693,-0.8234128757619997,0.12437503113545956,4.744802871695355,4.919398156001718,1.2504249540064352,-0.08235312115441903,4.90331990720144,3.504958159523624,-0.46110980163893245,0.5426800261678241,2.925796452432037,7.9930211678525005,0.3877341519227814,-0.014461880176329572,7.295710352839818,8.019063861287348,-0.12123582644768463,-0.016419592158139686,3.3848407993636616,3.9060903112650753,-0.05497569735887312,0.030913339329905747,5.9810812717794954,3.624055070291136,-0.28418990531907173,0.524463121407488
212,6.0599197051345,2.080765689605117,0.07748262068077291,0.17035917313256096,7.247656682989316,1.3105879552221569,0.2563406249019919,0.17343010123325373,1.2362161888063232,7.532658984123148,0.6304010576157143,-0.032997305168406654,2.2036935764629817,1.9907234036287564,0.06323530869610149,-0.054102841287085195,6.762273043425841,7.765614443062255,-0.20050099626200163,-0.06527667379752364,7.506859087070665,1.976852638719752,0.11161717529898106,-0.03348513678945092,0.8915849764811128,1.0264532749475745,-0.13218860431786,0.12851396714490151,1.7263882471852838,2.6432398983402887,0.2770042981710881,0.40504272941262887,4.277434437271367,7.1735261834744986,-0.17802805131766933,-0.6958389620764317,9.068199972551502,1.5984867306679935,-0.31821765001185703,0.14006930838224604,6.0605725498699865,5.155750599826689,0.20836204400277572,0.28561538697350247,2.58962785831247,2.3136146370631234,0.02486905065815434,-0.015300183989587164,2.8388262849726305,6.9666468360527976,0.7211033946819474,0.4987980269655009,8.300543728893885,2.662660875901466,-0.7993437211495515,0.11012873382267743,4.807324119395677,4.915280499943997,1.226663893492653,-0.06721479892075823,4.880264417119493,3.5320921608320153,-0.46280209390979254,0.5395339571551617,2.9451831600281757,7.992298073843684,0.36691911615152345,-0.010524594624832174,7.289648561517434,8.018242881679441,-0.11002544650698208,-0.018155508424664485,3.382092014495718,3.907635978231571,-0.05659932584650662,0.031114418822429178,5.966871776513542,3.65027822636151,-0.27323681148230167,0.4959917507737609
213,6.063793836168538,2.089283648261745,0.08628189428284598,0.16259257419141765,7.260473714234416,1.3192594602838195,0.2375527772155513,0.17075761200321585,1.267736241687109,7.531009118864728,0.613531987634723,-0.031056769643906374,2.206855341897787,1.9880182615644022,0.06286406494381364,-0.053564115054275906,6.752247993612741,7.762350609372379,-0.194008613806215,-0.06601276253146116,7.512439945835614,1.9751783818802795,0.113897056411819,-0.028220537264664697,0.8849755462652198,1.0328789733048196,-0.09853162569141313,0.14183143855816183,1.7402384620938383,2.66349203481092,0.2781019178529823,0.41215128136889073,4.2685330347054835,7.138734235370677,-0.17002359207410986,-0.694584118018635,9.052289090050909,1.6054901960871057,-0.3197288071862082,0.14648879872592147,6.070990652070125,5.170031369175364,0.22666644297179778,0.29624710691162287,2.590871310845378,2.312849627863644,0.024562195499187284,-0.015010711023271171,2.8748814547067276,6.9915867374010725,0.6897412966153684,0.46162431007428006,8.260576542836407,2.6681673125925998,-0.7738177632130097,0.09592765636487623,4.868657314070309,4.91191975999796,1.2041532937114554,-0.052121235355050574,4.857124312424004,3.5590688586897734,-0.4632993043697838,0.5351098398023963,2.963529115835752,7.991771844112442,0.34506723728576805,-0.010283739894436966,7.284147289192085,8.017335106258209,-0.09879223649867788,-0.01980697780413082,3.3792620482033926,3.9091916991726925,-0.058044924378552104,0.031233187979314746,5.953209935939427,3.6750778139001983,-0.2634259907352389,0.4681693077027074
214,6.068107930882681,2.097413276971316,0.09466747949316531,0.1545942422909715,7.2723513530951935,1.3277973408839803,0.2185937741590167,0.16771835975084579,1.2984128410688451,7.529456280382533,0.5955086417592172,-0.0290822542445976,2.2099985451449777,1.9853400558116885,0.062384233922324187,-0.05291730586932876,6.7425475629224305,7.759049971245806,-0.1874732493436379,-0.06649011563396148,7.518134798656205,1.9737673550170463,0.11565228439062637,-0.02326600336692954,0.8800489649806491,1.0399705452327277,-0.06538560001983278,0.1544946882682284,1.7541435579864875,2.6840995988793646,0.27847958629740144,0.4180695127027145,4.260031855101778,7.104005029469746,-0.1617741741833452,-0.6916210476570921,9.0363026496916,1.612814636023402,-0.32040664130617097,0.1523976285400494,6.082323974218715,5.184843724520945,0.24320952224719783,0.306423515827908,2.5920994206203374,2.3120990923124807,0.024274751069229987,-0.014736858354405772,2.909368519537496,7.014667952904786,0.6573604925137491,0.424132941037926,8.221885654675757,2.6729636954108438,-0.7469315949220073,0.08180628400896335,4.928864978755882,4.909313698230207,1.1831574821751767,-0.03818606758976206,4.833959347205514,3.5858243506798932,-0.4626270793335008,0.5294474904905622,2.9807824777000405,7.99125765711772,0.3223651343175298,-0.013582718199724128,7.279207677367151,8.016344757368001,-0.08756479312431385,-0.02137177167804886,3.376359801984465,3.9107533585716583,-0.05931288463268018,0.03127120186022209,5.940038636402664,3.6984862792853335,-0.2553604617664152,0.4418267567005734
215,6.072841304857339,2.1051429890858646,0.10262772033751955,0.14638938725255796,7.283281041803145,1.3361832588715226,0.19951486423585663,0.16432819477477695,1.328188273156806,7.528002167670303,0.5764020495615123,-0.027079459806161797,2.213117756841094,1.982694190518222,0.06179986213901424,-0.05216564387570643,6.733173900455249,7.755725465464107,-0.18090835894524807,-0.06671535406045244,7.523917412875736,1.9726040548486998,0.11686349789795729,-0.01876091669113255,0.8767796849796574,1.0476952796461392,-0.032821895925813395,0.1664867781391479,1.7680675373013575,2.7050030745145004,0.2781525582360776,0.4228094100497704,4.251943146392611,7.069423977086891,-0.1533059327596644,-0.6869955937595412,9.020282317626291,1.6204345174504045,-0.32026820755516916,0.15779251561200933,6.094484450331075,5.200164900312341,0.2579417644357189,0.3161226209812279,2.5933131581737987,2.3113622493947603,0.02400102772945071,-0.014475339376732302,2.9422365441631833,7.035874599956682,0.6240648552731318,0.386424795452295,8.184539074929656,2.677054009611292,-0.7187830364302477,0.0677981268210361,4.98802285286464,4.907404394850719,1.1639241418420294,-0.026044724139816684,4.810827993238839,3.6122967252044216,-0.46081341166220036,0.5225889253120178,2.996900734415917,7.990578521207734,0.2990025061408998,-0.02022165195689602,7.2748294377109355,8.0152761687841,-0.07637105524306222,-0.02284792826060859,3.373394157752831,3.9123169186646694,-0.06040403356950867,0.031230182424158467,5.927270613314343,3.720577617120362,-0.24936096593233437,0.4175815151101846
216,6.077972690874215,2.1124624584484923,0.11015228646203201,0.1380031679843773,7.293256785014937,1.3443996686102615,0.180366442625378,0.1606034880237327,1.3570083756348816,7.5266481946799955,0.5562843505643519,-0.025054029593075407,2.2162077499480444,1.9800859083244366,0.061114333664441266,-0.051313098143654944,6.724128482507987,7.752389697761084,-0.17432669592625827,-0.06669593121982885,7.529760587770634,1.9716660090141431,0.11752082633756264,-0.014821610446217201,0.8751385901833667,1.0560196185530966,-0.0009088204340949174,0.17779282904262383,1.7819751652131612,2.726143545016989,0.27713750691054334,0.42638563618139314,4.244277849754628,7.035074197398914,-0.14464496193611723,-0.6807567235902864,9.004268907248534,1.628324143231005,-0.31933221804467704,0.16267153643582014,6.107381538552861,5.215971031361403,0.2708065107349693,0.32531719443319085,2.5945132095602714,2.3106384824259236,0.02373769438826724,-0.014224171864459529,2.9734397869268396,7.055195839729297,0.5899582077322456,0.34859902115371005,8.148599923108144,2.6804439159523437,-0.6894708629134769,0.053935657852784626,5.046219059956742,4.906102158643728,1.1466905858739316,-0.01605127879902679,4.7877873226557295,3.6384261714700226,-0.4578885179843487,0.5145782055367107,3.011850859722962,7.989567438609889,0.275167641883889,-0.029964896098871128,7.271010884948782,8.01413377237107,-0.06523824882603109,-0.02423375149940924,3.3703739560743555,3.9138784277858774,-0.061319621571334755,0.031112010469345877,5.914802565017727,3.7414566928758712,-0.24555962076578247,0.39592166451146843
217,6.083480305197316,2.1193626168477113,0.11723216913258787,0.12946063072976982,7.3022751071462055,1.352429843011448,0.1611979443945717,0.15656107845452763,1.3848225931630993,7.5253954932003415,0.5352285889182167,-0.023011536485800784,2.2192634666312663,1.9775202534172538,0.06033066828178913,-0.050364134786991685,6.715412147711674,7.749054901200093,-0.16774028954063125,-0.06644005113190125,7.535636629087512,1.9709249284918322,0.11762145200454593,-0.011544299185803497,0.8750931491616619,1.0649092600052277,0.030288482910145142,0.188400011728165,1.7958320405586885,2.7474628268260584,0.2754524504725573,0.42881543313460085,4.237045601657822,7.001036361219399,-0.1358172505512596,-0.6729563361908641,8.9883022963463,1.6364577200527959,-0.3176189577530593,0.16703410045000563,6.12092186408961,5.232236891083063,0.2817389971389747,0.33397380004646426,2.595700094279685,2.3099272738327006,0.02348299759539745,-0.013982237967781285,3.002937697313452,7.072625790786983,0.5551440642416987,0.31075282922395897,8.11412637996247,2.683140698844983,-0.6590945361435497,0.04025025529168685,5.1035535892504384,4.905299594703777,1.1316967008654673,-0.008401006753653194,4.764892896756512,3.6641550817468582,-0.45388471311928785,0.5054612814425062,3.0256092418171567,7.988069193804946,0.25114952142611663,-0.03996627779995269,7.267748972507481,8.012922084796099,-0.054192834931318073,-0.025527809336588367,3.367307974995789,3.9154340283093445,-0.06206130978919141,0.030918717357343202,5.902524583979438,3.7612527761014447,-0.2432435502017197,0.3763037826646725
218,6.0893419136539455,2.1258356483842,0.12385967402022477,0.12078664898656655,7.3103350043659345,1.3602578969341745,0.14205774251297212,0.15221822040449334,1.4115840226090102,7.524244916376052,0.513308510436824,-0.02095747063222533,2.2222800000453558,1.9750020466779041,0.05945172306725814,-0.04932354392226324,6.707025133234642,7.745732898643499,-0.16116043137685643,-0.06595658714474227,7.54151770168774,1.970347713532542,0.11716761347466505,-0.00900747571680191,0.8766075733071692,1.074329260591636,0.06070812572186444,0.1982975327739611,1.8096046630823164,2.7689035984827886,0.2731166766782445,0.43011852107352494,4.23025473913026,6.967388544409856,-0.12684861954618312,-0.6636490666674517,8.972421348458646,1.6448094250752963,-0.3151501984236203,0.17088092152274695,6.135008813946558,5.248935581085386,0.2906615437892941,0.34204985401876903,2.5968742441594546,2.3092281619343114,0.023236219252521922,-0.013748981378768841,3.030694900525537,7.088163432248181,0.5197253788190849,0.2729812945395674,8.081171653155291,2.6851532116095673,-0.6277539403855871,0.02677214864998454,5.160138424293712,4.904879544366095,1.1192774358647535,-0.0034434137694240863,4.742198661100548,3.6894281458189835,-0.44883628208089266,0.4952858349368151,3.0381667178884624,7.986070879914948,0.22704393487507885,-0.04964271271826005,7.265039330760915,8.01164569432927,-0.043260460761907815,-0.026728931349089474,3.3642049095063293,3.916979964177212,-0.06263115674767332,0.030652476546967237,5.890362406469352,3.7800679652346783,-0.24037148234984407,0.35618654370276787
219,6.095534897354956,2.1318749808335284,0.13002841086283928,0.11200586521011893,7.317437891491583,1.3678688079543992,0.12299305081742609,0.1475925311095736,1.4372494481308513,7.523197042844441,0.49059836244517063,-0.01889722758377478,2.2252525861987187,1.972535869481791,0.05848032773783218,-0.048196314342598266,6.698967111665799,7.742435069286262,-0.15459766781443846,-0.06525500159589046,7.547376082361473,1.969897339746702,0.11616498882998887,-0.007273848716848471,0.8796429795932624,1.084244137230334,0.09029155625601538,0.20747661576429186,1.8232604969162287,2.790409524536465,0.2701506661026082,0.4303169932311394,4.223912308152951,6.934206091076484,-0.11776466118985543,-0.6528920880416474,8.956663838537464,1.6533534711514337,-0.3119491106830346,0.1742139868175447,6.149541891136023,5.266038073786325,0.2974612983354396,0.3494831996094776,2.5980360551220807,2.3085407128653728,0.02299729820469081,-0.013524198090664104,3.0566811694664913,7.1018124969751595,0.4838043003714321,0.23537716614922566,8.049783956136011,2.6864918190420664,-0.5955491231812146,0.01353036903609558,5.21610229608695,4.904707373677623,1.110058400781594,-0.0020970013456807646,4.719756846996503,3.714192437565824,-0.44277935003565916,0.48410112139016,3.049518914632216,7.983588744279035,0.20291311418425173,-0.05897732106910983,7.26287630772282,8.010309247761814,-0.03246591385940454,-0.027836205787936587,3.3610733516689457,3.9185125880045604,-0.0630316042577202,0.030315594963457305,5.8783438323518595,3.7978772924198165,-0.23696310731876102,0.33563147625824913
220,6.102036317898098,2.1374752740940344,0.13573328009933788,0.10314263440561608,7.3235875440324545,1.3752484345098779,0.1040498320579863,0.14270193849601562,1.4617793662531098,7.522252181465252,0.4671726968772165,-0.01683609693495493,2.2281766025856102,1.970126053764661,0.05741937423569581,-0.04698754143940574,6.691237228275077,7.739172319206467,-0.14806179938762215,-0.06434526716843797,7.5531843318029726,1.9695336473108596,0.11462140927552575,-0.006391892811748734,0.8841575574060632,1.0946179680185486,0.11898363071250789,0.21593047784792946,1.8367680302213591,2.811925374198022,0.26657601409966714,0.4294352072821297,4.2180240750934574,6.901561486674401,-0.10859068024357048,-0.6407449112148196,8.941066383003312,1.662064170492311,-0.30804017463990446,0.17703652317616567,6.164414956052795,5.283512233766799,0.30193879435693993,0.3561661574392513,2.599185920032315,2.3078645029608396,0.022766564852590744,-0.013307891296259918,3.080871384485063,7.113581355282621,0.447481935437923,0.19803068773229357,8.020006499976951,2.6871683374938713,-0.5625800415559873,0.0005527035409288918,5.271605216126029,4.904602523610339,1.1048029510073971,-0.00505834856706592,4.697617879494721,3.738397493635332,-0.4357517505863543,0.4719578110948292,3.059664570341429,7.980639878225579,0.1788179541735076,-0.06795445742939273,7.26125301202985,8.008917437472418,-0.021833079477559074,-0.028848976037439758,3.3579217714560596,3.9200283677527334,-0.06326546268814673,0.029910504228167694,5.866495676985921,3.814658866232729,-0.23303901295758042,0.3146998191405865
221,6.108822981903065,2.1426324058143154,0.14097045657776694,0.0942209697082005,7.328790035635354,1.3823835314346786,0.08527271114048893,0.13756462937002265,1.4851380010969706,7.521410376618504,0.44310617704234834,-0.01477925148339613,2.231047571297395,1.9677766766926907,0.056271874676169155,-0.045702358642845615,6.683834138305696,7.735955055848046,-0.1415618860091613,-0.06323779033458611,7.558915402266749,1.9692140526702722,0.11254586060925746,-0.006397078187305461,0.8901067389416886,1.105414491910945,0.14673267441694807,0.22365430184006538,1.8500968309263426,2.8333971345621283,0.26241535173154307,0.4274996734987674,4.212594541081279,6.86952424111366,-0.099351637167968,-0.6272691835885583,8.925664374271317,1.6709159966511191,-0.30344908922114494,0.17935296115877722,6.179511895770642,5.301320541638761,0.30380384807948985,0.3619292305894554,2.6003242482749447,2.3071991083960266,0.02254455407059467,-0.013100170438408876,3.103245481256959,7.123482889669236,0.410858118876823,0.1610294283604117,7.991877497899152,2.6871959726709176,-0.5289463141634377,-0.012134346239448875,5.326845363676399,4.904349606181985,1.1044584488399616,-0.012894845321007434,4.675830291965403,3.7619953841900737,-0.4277928927481929,0.4589078307534063,3.0686054680501043,7.9772421553541095,0.15481789037757143,-0.07655972207799577,7.260161358055972,8.007474988670547,-0.011384901170611245,-0.02976683651623553,3.3547584983216523,3.921523892964142,-0.0633358956471683,0.02943975177385167,5.854843726338042,3.8303938571897587,-0.22862061318713242,0.29345237476021974
222,6.1158715047319525,2.147343454299725,0.14573737044398694,0.08526449004220626,7.333053671192379,1.3892617629031798,0.06670489366578401,0.13219899812593947,1.507293309949088,7.520671414044334,0.41847338846115884,-0.012731736925788911,2.2338611650312035,1.9654915587605484,0.055040997162467,-0.04434588568314524,6.676756044005238,7.732793166331317,-0.1351062579301852,-0.061943337427375164,7.564542695297211,1.968894198760907,0.1099477379347995,-0.007312843329501102,0.8974433726625359,1.1165972070029482,0.17349053295199596,0.23064520403777808,1.8632175985129198,2.8547721182370664,0.25769226588737293,0.4245389400417838,4.20762695922288,6.838160781934232,-0.09007209346864663,-0.6125284868749166,8.91049191981026,1.679883644709058,-0.2982026805012547,0.18116889688388307,6.194702088174616,5.319417003168234,0.3026583137258052,0.3665131116882907,2.6014514759784744,2.306544099874106,0.022331872755979924,-0.012901180858482913,3.1237883872008,7.131534361087256,0.3740311928911557,0.12445812375349613,7.96543018219098,2.686589255358945,-0.494746979851812,-0.024505601534169513,5.382068286118397,4.903704863915935,1.1102460356680954,-0.026137998015953706,4.654440647327994,3.784940775727744,-0.41894362697951965,0.44500420539278185,3.076346362568983,7.973414169250209,0.1309707832910999,-0.08477996896681024,7.259592112997441,8.005986646844734,-0.001143344622643195,-0.030589628042967852,3.351591703539294,3.9229958805528344,-0.06324640412549395,0.02890599187032313,5.843412695678685,3.8450664759277697,-0.22373007587855168,0.2719493669415107
223,6.123158373254152,2.1516066788018353,0.15003268532210703,0.07629636994359139,7.336388915875668,1.3958717128094769,0.04838808985009548,0.1266235960895333,1.5282169793721458,7.520034827198044,0.3933486541518932,-0.010698462103413381,2.236613214889327,1.9632742644763912,0.053730086040230635,-0.042923188966912225,6.670000731108728,7.729695999459948,-0.12870253136876064,-0.06047296361485532,7.570040082193951,1.968528556594432,0.10683632380103225,-0.009151368468482204,0.9061178993101358,1.128129467204837,0.19921261333762527,0.2369021979259478,1.8761022118072885,2.8759990652391556,0.2524312188099782,0.4205834757374779,4.203123354549448,6.8075343575904865,-0.08077615926888837,-0.5965881346201445,8.895581785785197,1.688942089553252,-0.2923288092763089,0.18249105181296435,6.209835003860906,5.337742658752648,0.29796287126677706,0.3695214359257528,2.6025680696162734,2.3058990408311817,0.02212910582491354,-0.012711054819648576,3.142489946845358,7.137757267274931,0.33709779475793805,0.08839852819085245,7.94069283319839,2.685363975282237,-0.4600802631125683,-0.03653723958092352,5.4375805879018015,4.902397964015137,1.1238195934008874,-0.04539091178324181,4.633493465979018,3.807190985997383,-0.40924611062319277,0.43030090108928953,3.0828949017335376,7.9691751708018685,0.10733280915584623,-0.09260331037820935,7.259534945766309,8.004457165442586,0.008870635264552174,-0.03131743269024125,3.3484293833330194,3.9244411801463506,-0.06300081015274354,0.02831197658494817,5.832226191884757,3.8586639442748454,-0.2183902504697176,0.2502503033813688
224,6.130660007520257,2.155421497299015,0.15385627390216414,0.06733929162233639,7.338808320368173,1.4022028926139536,0.03036244389563469,0.12085708160872244,1.5478844120797406,7.519499904092873,0.3678058547292063,-0.008684189809282745,2.2392997191913384,1.9611281050280456,0.05234267111886279,-0.041439251162285785,6.66356560454029,7.7266723512792055,-0.12235762873284452,-0.05883794502984768,7.575381898384003,1.968070988171008,0.10322046384217967,-0.011914202157257208,0.916078529977017,1.1399745771011345,0.22385791538123387,0.24242615395681885,1.8887237727477875,2.8970282390260294,0.2466574672447999,0.4156655506906752,4.199084546586004,6.777704950859479,-0.07148744319045247,-0.5795149699545543,8.880965345321382,1.6980666421439004,-0.2858562781307335,0.18332723062660888,6.224733147424245,5.356218730548936,0.288980736457983,0.3703399048281199,2.603674524907519,2.3052634880901994,0.021936749671600336,-0.012529877668470007,3.159344836583255,7.142177193684473,0.30015265359582294,0.05292927720789113,7.917688820042761,2.6835371133031907,-0.42504334684217615,-0.048206822672673254,5.493771567571846,4.900128418425974,1.1475474453866414,-0.07147297315083222,4.613031160447858,3.8287060310518477,-0.39874367310832526,0.4148526688799026,3.0882615421913298,7.964545005282958,0.08395835741574614,-0.10001911833190644,7.259978477529537,8.002891293808075,0.01863712401612426,-0.03195056815122541,3.3452793428253824,3.925856778975598,-0.06260324001899818,0.027660546702031778,5.821306679361271,3.8711764594439138,-0.212624595506408,0.22841384299287668
225,6.138352821215365,2.158788461880132,0.15720919105441458,0.05841539933425378,7.340326442562954,1.4082457466943896,0.01266646886541017,0.11491817099970801,1.566274704816201,7.519065694602409,0.3419182536567068,-0.006693528167246825,2.2419168527472815,1.9590561424699313,0.050882468948117675,-0.03989894760165245,6.6574477231036475,7.723730454027713,-0.11607780248253156,-0.05704971438553819,7.580542921576112,1.967475278063145,0.09910841698141591,-0.015592787414437937,0.9272714257460787,1.1520958847989755,0.2473890533404082,0.24721975559210324,1.9010566461100276,2.917811516560563,0.2403969814217261,0.40981911508069885,4.195510174426482,6.748729202361751,-0.062229004615805265,-0.5613771640690536,8.866672531414846,1.7072330036752308,-0.27881473824060676,0.1836862773403799,6.239182184247144,5.374735725790342,0.2746830252177214,0.3679926870107685,2.604771362391099,2.304636994206776,0.02175516555169652,-0.012357664867299807,3.174352469263046,7.144823657544868,0.2632883964758658,0.018125761179026728,7.896436652700652,2.681126772169557,-0.3897321528207624,-0.05949332308817694,5.551148939841179,4.896554769768433,1.1850326678270007,-0.10564695828111206,4.593093976792442,3.849448664495843,-0.3874806812547714,0.39871489022302703,3.092459460062117,7.959544049366363,0.06089993494625896,-0.10701802281081559,7.260910333730343,8.001293765400513,0.028137273960745647,-0.032489581643959396,3.3421491808244324,3.9272398063106992,-0.0620581071132146,0.02695462262472593,5.8106754495859505,3.882597151593558,-0.2064571062910068,0.20649766835564345
226,6.146213280768086,2.1617092318468445,0.16009364459310335,0.04954625612431739,7.340959766006225,1.413991655244375,-0.004663012898797801,0.10882559045189714,1.5833706174990363,7.518731018194046,0.3157583279741968,-0.004730922591738584,2.2444609761946874,1.9570611950898487,0.04935337837291864,-0.038307028279220834,6.651643832979521,7.720877968308436,-0.10986866285257944,-0.055119800271122045,7.585498342425183,1.966695638692423,0.09450785817665389,-0.02016892736460746,0.9396408784130991,1.1644568725785807,0.2697722680621501,0.2512874518016135,1.913076495181114,2.9383024723145983,0.23367636407611714,0.40307967648424525,4.192398724195692,6.720660344158299,-0.053023308397548125,-0.542244015905804,8.852731794502816,1.7164173175422497,-0.2712345961524064,0.1835780298097401,6.25291633550803,5.393135360140881,0.25358318024421334,0.36087279834799174,2.6058591206686836,2.3040191109634107,0.0215845478361095,-0.012194347037479899,3.1875168890868393,7.1457299456038195,0.2265953641499181,-0.01593999014213581,7.876950045059614,2.678152106015148,-0.35424113028277854,-0.07037714393661135,5.610400573232528,4.891272421854377,1.2376613067746263,-0.14348156767073658,4.573719942729704,3.869384409006994,-0.37550240501478566,0.3819434243603736,3.09550445680943,7.954193148225822,0.03820807714496959,-0.11359190688192222,7.26231719742838,7.999669286318316,0.03735332734671121,-0.032935243378996955,3.3390462754687715,3.9285875374419357,-0.0613700944300281,0.02619719528259766,5.8003525942714,3.89292203501134,-0.1999122428172246,0.18455836347685886
227,6.154217962997741,2.1641865446530604,0.1625129638156889,0.040752802996293774,7.340726615361286,1.4194329347669699,-0.021590923791064122,0.10259802899028228,1.599158533897746,7.518494472064459,0.28939760479960774,-0.002800648335199914,2.2469286451133335,1.9551458436758877,0.04775947183497106,-0.03666810421302121,6.646150399836892,7.71812197829488,-0.10373520784440171,-0.0530597701140592,7.590223735334016,1.9656871923241928,0.0894260126801357,-0.02561522447478618,0.9531294918162065,1.1770212451686612,0.2909774297824974,0.2546354062169057,1.9247603133849198,2.9584564561388107,0.2265227697105941,0.3954841760650012,4.189747558775815,6.693548143363008,-0.043892182073207914,-0.522185753536463,8.839170064695196,1.7255962190327367,-0.2631469207708096,0.18301327277401538,6.265595494520241,5.41117900005828,0.23076153253299989,0.3519249292356007,2.6069383480604893,2.3034093936115365,0.021424903644468415,-0.012039761039065063,3.198846657294335,7.144932946096713,0.1901614366409294,-0.04919941208321686,7.859237988545475,2.6746332488183175,-0.31866305292619235,-0.08084013595611445,5.67228363857126,4.88409834347084,1.3005871184415991,-0.17217145570460854,4.554944822478965,3.888481580225013,-0.36285488397766263,0.36459445791872896,3.0974148606666785,7.9485135528817255,0.01593126595134682,-0.11973389879422415,7.264184863795715,7.998022524149365,0.04626863621312579,-0.03328853961654869,3.33597777074727,3.9298973972060653,-0.06054413679613822,0.025391317067460777,5.790356982130539,3.902149953185183,-0.19301485816455946,0.16265129704915476
228,6.1623436111885255,2.166224184802875,0.164471565946227,0.03205532055615996,7.339647069171733,1.424562836216484,-0.03808397937877679,0.09625409258907805,1.6136284141377264,7.518354439647699,0.262906503884448,-0.0009068036285953605,2.249316618705082,1.9533124384652367,0.0461049835759807,-0.034986637630417386,6.640963639444672,7.715468989789176,-0.09768185583607035,-0.050881177083168555,7.594695035968023,1.9644064311004534,0.08386990130797198,-0.03189552167594737,0.9676783633053314,1.1897530154795066,0.31097803178968064,0.2572714431423116,1.9360864518704495,2.978230664942061,0.21896382429401884,0.38707086396502766,4.187552949672154,6.667438855686186,-0.03485677563598235,-0.501273337686591,8.826012718656656,1.7347468826714376,-0.2545833507833717,0.1820036895896594,6.277133571146891,5.42877524652006,0.20787646806395624,0.3422985748551495,2.6080095932427128,2.3028074055595833,0.021276041517422777,-0.011893645755770638,3.2083547291263814,7.142472975492552,0.15407186890929064,-0.08158749850041555,7.843304835899166,2.670591242020512,-0.2830888246778139,-0.09086561031528845,5.73731299449334,4.8754897706856095,1.3749943896092303,-0.18817467819027642,4.536802078280082,3.9067113031209493,-0.34958479495393074,0.3467243570772245,3.098211423964246,7.942526857942014,-0.005884145155297813,-0.12543836114151372,7.266498295606372,7.996358097168538,0.054867679039513235,-0.03355066533971413,3.3329505639074632,3.9311669630594386,-0.05958540286702053,0.024540092819495832,5.780706239222311,3.910282518037641,-0.18579012752116786,0.14083051137345112
229,6.170567189485837,2.167826950830683,0.16597492061396243,0.023473393169538753,7.337742870202794,1.4293755408459379,-0.054110731267318996,0.08981225952542822,1.6267737393319488,7.518309099466269,0.23635418648016818,0.0009466965811820776,2.2516218678838813,1.9515631065837158,0.044394295511797945,-0.033266935377731385,6.636079546652868,7.712924930935018,-0.09171248002837608,-0.04859551084331589,7.598888531033421,1.962811655016656,0.07784667524664471,-0.038965367448816304,0.9832272648948155,1.2026165876366222,0.3297511751722281,0.25920499062904007,1.9470346430851504,2.9975842081403123,0.21102754558858147,0.3778791742273909,4.185810110890356,6.642375188801856,-0.025937523904504413,-0.47957826784912466,8.813283551117488,1.7438470671509205,-0.24557600274369273,0.18056181280297728,6.2875273945500885,5.445890175262818,0.1849866263753062,0.3320330670111205,2.609073395318584,2.302212723271795,0.02113756748566464,-0.011755641650492197,3.216058322571846,7.1383936005675315,0.11840913677934053,-0.11304288422697625,7.829150394665275,2.6660479615047477,-0.2476072945033294,-0.10043834747559281,5.806062713973802,4.866081036776095,1.4536387088381932,-0.19504228582345834,4.519322838532386,3.9240475209748107,-0.33573932094584796,0.3283895226119608,3.097917216706481,7.936254939884939,-0.027193999149154706,-0.13070087718313547,7.269241679558347,7.994680563901552,0.06313607420470817,-0.03372301657075906,3.329971293764112,3.9323939677004134,-0.05849927694414043,0.02364667088506135,5.7714167328462525,3.9173240436063135,-0.17826347799844966,0.11914861709701718
230,6.178865935516535,2.1690006204891596,0.16702951250013892,0.015025875666192684,7.335037333639428,1.4338661538222093,-0.0696416044102007,0.08329083705689694,1.6385914486559572,7.518356434295328,0.20980841075128426,0.0027561262947865687,2.2538415826594713,1.9498997598148293,0.04263192136008502,-0.03151314516391107,6.631493922651449,7.710495155392852,-0.08583044381019479,-0.046214151930506014,7.602780864795753,1.9608633866442153,0.07136401958144678,-0.04677252200065982,0.9997148236534269,1.2155768371680742,0.3472775448907376,0.26044702082074456,1.9575860203645794,3.016478166851682,0.202742264290045,0.36794959957328255,4.184513234695131,6.6183962754094,-0.017154111527223487,-0.4571723914133785,8.801004750980303,1.7528751577910693,-0.23615738002804731,0.17870097371198806,6.296776725868853,5.462491828613374,0.1621493395587125,0.32116845042605435,2.6101302736928673,2.3016249411892704,0.021008887376449237,-0.011625293425555929,3.2219787794108132,7.132741456356182,0.08325279328036594,-0.1435079165641219,7.816770029940108,2.661026044130968,-0.2123050805215125,-0.10954460218110135,5.878744649415712,4.856328922484923,1.4871357277584167,-0.19602889385099342,4.502535872485093,3.9404669971054087,-0.32136602180058244,0.3096462481156357,3.0965575167490234,7.929719896025782,-0.04795639643027693,-0.13551823442086292,7.272398483268582,7.992994413073014,0.07106059029317444,-0.03380718235767856,3.327046329916905,3.9335763012446665,-0.05729134066216478,0.022714234266938985,5.76250355894633,3.9232814744611644,-0.1704605193949965,0.09765669389906045
231,6.1872174111415426,2.1697519142724695,0.16764280228762607,0.006730862617506429,7.331555253418918,1.4380306956750541,-0.08464892889634208,0.07670791950126536,1.6490818691935214,7.518494240610067,0.183335393949422,0.004517953524097994,2.2559731787274755,1.9483241025566338,0.04082248951184007,-0.02972925437615485,6.62720240046094,7.708184447796327,-0.08003863773507006,-0.04374833038917406,7.606349065774825,1.9585247605441825,0.06443060394542945,-0.05525751612784616,1.0170787008979638,1.2285991882091114,0.3635413774283538,0.2610099877810838,1.9677231335790817,3.034875646830346,0.19413654616000048,0.3573235663499584,4.18365552911877,6.595537655838731,-0.008525440649613344,-0.4341277162189032,8.789196881978901,1.7618102064766687,-0.2263602828734338,0.17643525106626615,6.304884192846789,5.478550251134677,0.1394205183465954,0.30974536658808705,2.6111807180616897,2.3010436765179927,0.0208892145020475,-0.011502055298261933,3.2261414190748314,7.1255660605279765,0.04867933552691736,-0.17292871588227143,7.806154775914033,2.655548814021913,-0.17726640365298268,-0.11817210465028319,5.9531014358036325,4.846527477792373,1.4875475766963497,-0.1928787366840027,4.486467571395064,3.9559493095111904,-0.30651270683158394,0.29055058167518877,3.0941596969275094,7.922943984304739,-0.06813174878149822,-0.13988840553468934,7.275951512783241,7.9913040539551305,0.0786291532939173,-0.0338049364584982,3.324181762883797,3.9347120129580135,-0.05596735459487816,0.021745991887057024,5.75398053297658,3.9281643091561174,-0.16240697606163354,0.0764041972383101
232,6.195599551255924,2.1700884574033448,0.16782318604917568,-0.0013943397941281622,7.3273228069741005,1.4418660916501174,-0.09910696625930442,0.07008134779188234,1.6582486388909925,7.518720138286272,0.1569996815407281,0.006228844756939683,2.2580143032030673,1.946837639837826,0.03897072496692604,-0.02791909116044759,6.623200468574186,7.705997031276868,-0.07433951640147655,-0.04120908773833375,7.609570595972097,1.9557618847377902,0.057056559304063795,-0.06435427001085847,1.0352557697693816,1.2416496875981655,0.37853042029030276,0.2609077630153627,1.9774299608870818,3.052741825147844,0.18523911532248197,0.34604330995828414,4.183229257086289,6.573831270027786,-6.960126512541541e-05,-0.4105162269257564,8.777878867835229,1.770631969029982,-0.21621771969761552,0.17377941905240732,6.311855218764118,5.494037519464081,0.11685454431588449,0.2978049387200038,2.612225178786792,2.3004685737530797,0.02077758202257465,-0.01138529848703456,3.2285753858511774,7.116919624733863,0.014762082234104086,-0.20125522542605695,7.797291455731384,2.649640208789399,-0.14257293100486235,-0.12631005805228274,6.02747881463845,4.836883540958173,1.4879273390008525,-0.18992691713878423,4.471141936053485,3.97047683859495,-0.2912273096823089,0.2711581912754639,3.0907531094884346,7.915949564028005,-0.08768282633286327,-0.14381052678461795,7.279882970447937,7.989613807132206,0.08583085074390867,-0.033718228750903155,3.321383395154053,3.9357993125523665,-0.0545332398276183,0.02074516998100476,5.745860184173498,3.931984519018033,-0.15412862001311714,0.05543887125933086
233,6.203990710558383,2.170018740413638,0.16757995321096747,-0.009333239302015652,7.322367458661136,1.4453701590397114,-0.11299193036595183,0.06342867057648073,1.6660986229680288,7.5190315805241195,0.130864023457378,0.007885668825150086,2.2599628394514135,1.9454416852798035,0.03708143065396638,-0.0260863275322433,6.619483492754113,7.7039365768899515,-0.06873513548691296,-0.03860724267698804,7.6124234239373,1.9525441712372473,0.049253960152019716,-0.07399077461984285,1.0541822907838967,1.2546950757489337,0.39223588363713213,0.26015556889933195,1.986691916653206,3.0700439906457584,0.17607877889050141,0.33415175106052686,4.183225777023033,6.553305458681498,0.008196155736374366,-0.38640970557439097,8.767067981850348,1.7793209399826024,-0.2057628198940091,0.17074889471122928,6.317697945979913,5.508927766400081,0.09450416834007486,0.2853886581321524,2.6132640578879207,2.299899308828728,0.020672859371032516,-0.011274320565668022,3.2293134899628826,7.106856863462561,-0.018428938065206166,-0.22844125044154215,7.79016280918114,2.643324705886785,-0.10830362916381256,-0.13394913235760658,6.101875181588493,4.827387195101234,1.488278616827242,-0.18715437129490653,4.456580570569369,3.9840347481587233,-0.2755577656946869,0.25152423418154424,3.0863689681717914,7.908759037688774,-0.10657479757349046,-0.14728487398946163,7.284174512985132,7.987927895694661,0.09265593287441545,-0.03354917639485175,3.318656733162672,3.936836571051417,-0.05299505954305274,0.01971500364288616,5.738153753172842,3.9347564625809994,-0.14565120542565957,0.034806667936730325
234,6.212369708218931,2.1695520784485374,0.16692324322859153,-0.017070180472720627,7.316717862142838,1.4485415925685354,-0.12628200295428482,0.05676710692198446,1.6726418241408978,7.519425863965377,0.10498925762225983,0.00948550017976287,2.2618169109841118,1.9441373689031913,0.0351594683551219,-0.024234484308079847,6.616046735979767,7.702006214756102,-0.06322718875030654,-0.03595336036141362,7.614886121944901,1.9488446325062552,0.041037292412737396,-0.08408983470546394,1.0737940849657532,1.2677028541939004,0.404652384349565,0.2587699102286636,1.9954958555977311,3.086751578198785,0.16668435308101415,0.32169237286031777,4.183635584809852,6.533984973402778,0.016255442815999464,-0.3618795566894953,8.756779840855646,1.787858384718164,-0.19502874828624878,0.1673596849309497,6.322423154396916,5.523197199306689,0.07242041540287072,0.27253827221219734,2.6142977008564725,2.2993355928004444,0.02057377216513047,-0.011168356371554729,3.2283920430596225,7.095434800940484,-0.050827088062618916,-0.2544444867680751,7.7847476277229495,2.6366272492689045,-0.07453462754127685,-0.14108145466016664,6.176289112429855,4.818029476536489,1.4886045522418936,-0.18454399758516044,4.442802682284635,3.9966109598678004,-0.2595518920325496,0.23170323053678388,3.081040228293117,7.901394793989301,-0.1247752624672698,-0.15031283619722266,7.288807309628853,7.986250436874918,0.09909581082479982,-0.03330005477582437,3.3160069801855196,3.9378223212335612,-0.05135900066603228,0.018658728538268006,5.730871192901559,3.936496795977836,-0.13700040465285562,0.014551672519046474
235,6.220715870380361,2.1686985694249015,0.16586400111274757,-0.024590365015902935,7.310403761995124,1.4513799479146348,-0.13895734390199457,0.05011351068240939,1.6778912870220108,7.519900138974365,0.07943420087437617,0.011025621578447478,2.263574884401868,1.9429256446877874,0.03320973948001776,-0.022366937567601164,6.612885376542251,7.700208546738031,-0.05781704459086899,-0.03325772507476437,7.616937986565538,1.944640140770982,0.032695120664527434,-0.09411476309657332,1.0940267041832314,1.2806413497053335,0.41577788283509426,0.25676850410251356,2.0038300732517818,3.1028361968418006,0.1570845909695378,0.3087090997374626,4.184448356950652,6.515890995568303,0.02409275732929298,-0.336996637262786,8.747028403441334,1.7962263689647113,-0.1840486214189474,0.163628333158399,6.32604417516706,5.536824112917299,0.050652495868246536,0.25929567429491074,2.615326389464729,2.2987771749818666,0.02047892500187942,-0.011066590146954079,3.2258506886564917,7.08271257660208,-0.08236921196493334,-0.27922653906034084,7.781020896345885,2.6295731765358963,-0.041339091886394994,-0.14770059607426866,6.25071934004195,4.8088022766572305,1.4889078945549739,-0.18208042599871632,4.429825087683008,4.00819612139464,-0.24325727079772902,0.21174894139768868,3.0748014651697537,7.89387915217944,-0.14225427874477095,-0.15289688716481603,7.293762100170093,7.984585434136126,0.10514305199423854,-0.03297328825628553,3.313439030152218,3.9387552576604747,-0.0496313556120797,0.017579572802158085,5.724021172668916,3.9372243796037885,-0.12820174588580766,-0.005283964683037112
236,6.229009070435998,2.1674690511741064,0.16441393194172824,-0.03187986949432389,7.303455894800024,1.4538856234487552,-0.1510000963186259,0.043484336581518734,1.6818629970657297,7.520451420053288,0.05425554740113393,0.012503526191715544,2.265235371375869,1.9418072978094074,0.031237165834138086,-0.020486926476533374,6.609994524312707,7.698545660484292,-0.052505780906451416,-0.030530315754634683,7.618572742598764,1.9399344026161531,0.02445890997899087,-0.10367884369114132,1.1148155983249861,1.2934797749104592,0.42561361289761135,0.25417020835394566,2.0116843028002585,3.1182716518286737,0.14730811202814584,0.295246177510528,4.185652994817117,6.499041163705164,0.03169350037271416,-0.3118310919300207,8.737825972370386,1.8044077856226313,-0.17285542585261293,0.1595718659678347,6.328576799960472,5.5497888966320446,0.02924772328348077,0.2457027956450258,2.616350335714823,2.298223845474519,0.020386826544506183,-0.010968168607946721,3.221732228058245,7.068751249649063,-0.11299571504953337,-0.3027529288283798,7.778953941751565,2.622188146732183,-0.008787108054031982,-0.15380155531636774,6.325164734769699,4.799698255357295,1.489191056825835,-0.17974981577167864,4.417662224143121,4.018783568464524,-0.2267211353636976,0.19171425141072887,3.0676887512325153,7.886234307821199,-0.1589843814591664,-0.15504055476772652,7.299019252769805,7.982936769723312,0.11079137260737928,-0.032571440762795584,3.310957462371614,3.9396342363005825,-0.04781850418281085,0.016480749138105235,5.717611085374625,3.9369601813696367,-0.11928055257630372,-0.024660090136366226
237,6.237229767033084,2.1658750576993904,0.16258545449720252,-0.03892566044824457,7.295905889984093,1.456059840277831,-0.16239438656508645,0.036895608056444325,1.6845757744357863,7.521076596362874,0.029507774762536815,0.01391691913570578,2.2667972296675756,1.9407829514855808,0.029246670602736533,-0.018597562131570863,6.6073692352673845,7.697019144696561,-0.047294219979278684,-0.027780785076276866,7.619795688097714,1.9347504604315962,0.0163468667589314,-0.11276853536310368,1.1360962789698668,1.3061882853281566,0.4341640050014778,0.25099494873883565,2.0190497084016656,3.1330339607042,0.13738333358286484,0.28134805558992315,4.187237669835753,6.483449609108663,0.03904399294672656,-0.28645219363741753,8.729183201077756,1.812386378921023,-0.16148193862188942,0.15520773962413853,6.330039186124646,5.5620740364142955,0.00825143877366354,0.23180149977565073,2.6173696770420483,2.2976754370441217,0.02029591624996567,-0.010872214614504641,3.216082442305768,7.053613603207644,-0.14265063252710608,-0.3249930925045669,7.778514586348863,2.6144980689663644,0.02305442391223797,-0.15938073908722866,6.399624287610991,4.79071076456871,1.4894561634389079,-0.17753967780146956,4.406326167374936,4.028369281035061,-0.20999026013852262,0.17165105631994884,3.059739532159557,7.878482280082812,-0.17494059590884004,-0.15674838846265218,7.304558821400174,7.9813081976851725,0.11603562757520593,-0.032097206236002186,3.3085665371624735,3.940458273757488,-0.04592689565024353,0.015365447133648319,5.71164705774581,3.935727176862818,-0.11026188473482286,-0.04353860254165452
238,6.245359039757944,2.163928774676978,0.16039165415893564,-0.04571560695458143,7.2877861706558384,1.4579046206806534,-0.17312631931458894,0.03036288690304298,1.6860511631739132,7.521772442319659,0.005243057571401796,0.015263718440616964,2.2682595631977125,1.9398530733790023,0.027243159642381665,-0.016701837270992205,6.605004524268421,7.6956301054427465,-0.042182961218293825,-0.025018440881262576,7.62061303143566,1.9291120336634409,0.008376477344425932,-0.12137178763403912,1.1578044792199407,1.3187380327650984,0.4414366032705035,0.24726364509321852,2.025918875080809,3.147101363483696,0.12733840431864552,0.2670592712735571,4.189189869483089,6.469126999426792,0.04613148945545685,-0.26092819007230444,8.721109104146661,1.82014676590223,-0.14996065000730252,0.15055378677411516,6.330451758063329,5.573664111403078,-0.01229305793161694,0.21763347931389745,2.6183844728545465,2.2971318263133966,0.020204592102240057,-0.01077784112603417,3.208949910679413,7.037363948582416,-0.1712816877801156,-0.3459203697667784,7.779667307544475,2.606529032012003,0.05412188534948627,-0.16443593937552714,6.474097095782937,4.781833780678637,1.4897050902915312,-0.1754387185301491,4.39582665436801,4.036951833851058,-0.19311085395556776,0.1516101554779115,3.0509925023641147,7.870644860659679,-0.19010044404362392,-0.15802592492828538,7.310360602778934,7.979703337373373,0.12087179773731845,-0.03155339897047164,3.3062701923799613,3.9412265461141702,-0.043963031070533364,0.014236825806457562,5.706133963509069,3.9335502467357353,-0.10117048220793826,-0.061883501911469685
239,6.253378622465891,2.161642994329249,0.15784623519288243,-0.052238490647139244,7.279129854690109,1.4594227650258056,-0.18318396777894114,0.02390124475833555,1.6863133160524832,7.522535628241689,-0.018488811126861193,0.01654205546506612,2.2696217211798317,1.9390179815154527,0.025231503248073578,-0.014802636526615804,6.602895376207506,7.694379183398683,-0.03717241272690067,-0.02225223070109107,7.621031855302881,1.923043444281739,0.0005644804983857953,-0.12947803725979343,1.1798763093834659,1.3311012150197592,0.4474419765702999,0.24299813666689474,2.0322857952967412,3.160454327047374,0.1172011399520745,0.2524243364261254,4.191496443955862,6.456080589923177,0.05294418856910208,-0.23532615611222563,8.713611071646296,1.8276744552409356,-0.13832368876152554,0.14562816339628204,6.329837105166748,5.584545785368773,-0.032344570816199555,0.2032401556142489,2.6193947024596587,2.2965929342570948,0.02011123867080133,-0.010684165115907373,3.200385826290407,7.020067930094077,-0.19884034007048212,-0.3655119823661732,7.78237340181195,2.5983072350432264,0.08435502419102277,-0.1689663078089001,6.548582350297513,4.77306184475213,1.489939498849799,-0.17343670248021484,4.386171111670231,4.0445323416249535,-0.17612845727684048,0.13164114951612524,3.0414874801619334,7.862743564413265,-0.2044439444852661,-0.1588796520111211,7.316404192665799,7.978125667424849,0.12529697457644015,-0.030942943870989358,3.304072040826435,3.9419383874044933,-0.04193344586619034,0.013098006394612453,5.7010754393986725,3.9304560716401618,-0.09203071003238872,-0.07966093229068533
240,6.261270934225535,2.159031069796892,0.1549634725655832,-0.058484013229996655,7.269970656301162,1.4606178272637225,-0.19255735923339806,0.017525236449988196,1.6853888754961401,7.5233627310149425,-0.04164049075159611,0.017750274767802512,2.2708832963422356,1.938277849689122,0.0232165184991007,-0.012902746982174345,6.601036755571161,7.693266571863629,-0.032262821020299384,-0.019490728478459132,7.6210600793278,1.9165695424187494,-0.007073157619864407,-0.13707820117581876,1.2022484082119809,1.343251121853104,0.4521936240294251,0.238221106838496,2.038145852294345,3.1730755438686806,0.10699896118387114,0.23748762677169555,4.194143653384318,6.444314282117566,0.05947124148126752,-0.20971185252596802,8.70669488720822,1.8349558634107497,-0.12660274992187473,0.14044929613595947,6.328219876625938,5.594707793149485,-0.05186406323383856,0.1886625813088068,2.6204002643931985,2.2960587260012995,0.020014254839803444,-0.010590321131475105,3.190443809286883,7.001792330975769,-0.2252818218341392,-0.3837490037261662,7.786591153021501,2.5898589196527815,0.11369702984814713,-0.1729723271829999,6.6230793252400035,4.764390009628119,1.4901608650993474,-0.17152433100398357,4.37736468880639,4.05111439910076,-0.15908784338019244,0.11179234331468885,3.03126528293767,7.854799581812709,-0.21795360630575814,-0.1593169711045652,7.322669041394621,7.9765785202313,0.12930934250024054,-0.03026886665156796,3.3019753685331255,3.942593287724224,-0.039844692714279574,0.011952065403547317,5.696473903897053,3.9264730250256275,-0.08286650595570808,-0.09683921815564189
241,6.269019107853814,2.156106869135392,0.15175816341598428,-0.06444280152166479,7.260342788339492,1.4614940890862218,-0.2012384559820462,0.011248875237453682,1.6833068509585603,7.524250244753333,-0.0641671563578955,0.018886933449307836,2.2720441222671908,1.9376327123400132,0.021202952305281225,-0.01100486878134074,6.599423614520146,7.6922920354397055,-0.02745429895608253,-0.016742123667444327,7.620706421446807,1.9097156323599584,-0.014521265986404302,-0.144164665900794,1.2248580894134522,1.3551621771950288,0.45570787536064644,0.23295600741414,2.0434958003535386,3.1849499252072655,0.09675883403499269,0.22229327401756113,4.197117215458381,6.433828689491268,0.06570275759920605,-0.1841495911390863,8.700364749712127,1.8419783282175477,-0.1148290253313114,0.13503583014865425,6.325626673464246,5.604140922214926,-0.0708147069139961,0.17394134597196514,2.6214009771351887,2.2955292099447258,0.019912080579942048,-0.010495474207234864,3.179179718195176,6.98260488078946,-0.25056516570352866,-0.40061631959624394,7.792276004513909,2.5812103032936315,0.1420945978033658,-0.17645578030322495,6.697587368494971,4.7558137930779205,1.4903705042333848,-0.16969313513258857,4.36941029663738,4.056704016266494,-0.14203292368776854,0.09211065439449806,3.020367602622382,7.846833733257481,-0.23061441671952473,-0.1593461580906454,7.329134508519633,7.975065076898721,0.1329081587895048,-0.029534284002954634,3.2999831338974115,3.9431908909944013,-0.03770332477650111,0.010802027921272274,5.692330578599268,3.9216310641178453,-0.0737013302058635,-0.11338889454324784
242,6.276607016024613,2.1528847290593087,0.14824557831371135,-0.07010641007296622,7.25028086554039,1.4620565328480946,-0.20922113191389466,0.005085609964107564,1.6800984931406655,7.525194591425798,-0.0860265540971584,0.01995079997685602,2.2731042698824546,1.9370824689009463,0.01919546522717861,-0.009111625615178991,6.598050899572342,7.6914549292563335,-0.022746851890340966,-0.01401421266090087,7.619980358147488,1.9025073990649188,-0.021765488749731058,-0.1507312735047053,1.2476434831814844,1.3668099775657359,0.4580037863485137,0.22722698270829664,2.0483337420552883,3.1960645889081434,0.08650721266187651,0.20688506101535084,4.200402353338341,6.424621209934314,0.07162980771049293,-0.1587021066555617,8.694623298445562,1.8487301197249804,-0.1030331369807075,0.12940657757069177,6.322085938118546,5.612837989513524,-0.0891619243440651,0.1591164850652725,2.622396581164186,2.2950044362343642,0.019803222180899777,-0.010398831862816508,3.1666514599099997,6.962574064809648,-0.27465322142159804,-0.4161025800602543,7.799380734404076,2.5723875142784705,0.16949798398508364,-0.17941971627748687,6.77210589370664,4.747329136321291,1.490569591771032,-0.16793538069012962,4.3623086504529915,4.061309548986219,-0.12500665737920474,0.07264152683902533,3.0088368817864057,7.838866425352949,-0.24241382285718274,-0.1589763229743122,7.335779916459108,7.973588362698573,0.13609373131528685,-0.028742393753927703,3.2980979676585864,3.943730992390465,-0.03551587930538141,0.00965086121254524,5.688645512088975,3.915961619390683,-0.06455811758487578,-0.12928273097577453
243,6.284019294940299,2.1493794085556606,0.1444414124304553,-0.07546732140668096,7.239819808944695,1.4623108133462999,-0.21650114480749177,-0.0009516958654985381,1.6757971654358075,7.526192131424641,-0.107179049002045,0.020940852507592228,2.2740640431438135,1.9366268876201873,0.017198616148591528,-0.0072255747701161326,6.5969135569778246,7.6907542186232885,-0.018140401916029513,-0.011314392142282465,7.618892083710001,1.8949708353896835,-0.028792302779008655,-0.15677330425376684,1.27054367249891,1.3781713267011506,0.45910302987328266,0.22105879360156402,2.052659102688382,3.2064088419589107,0.07626998473800076,0.1913063201531519,4.203983843723866,6.416686104601536,0.07724442467499965,-0.13343043530627752,8.689471641596526,1.855200448603515,-0.0912450732755404,0.1235804667318067,6.317627841901342,5.620793813766788,-0.10687342457109737,0.14422739231631726,2.623386742273231,2.2944844946412233,0.019686275390718173,-0.010299654933183865,3.15291879883892,6.9417689358066355,-0.29751266283245686,-0.43020014321367384,7.807855633603331,2.5634165284645962,0.19586104901775014,-0.1818684144016342,6.846634373295192,4.738932367286784,1.4907591816781107,-0.16624398407885344,4.356058317584031,4.06494162532817,-0.10805096541913561,0.05342885083645317,2.9967161906435464,7.830917609204233,-0.2533417077996005,-0.15821736834066072,7.342584603024872,7.9721512430108765,0.13886739413095062,-0.027896465051119035,3.2963221736933175,3.9442135354510923,-0.033288861659098445,0.008501468601733207,5.6854176062097315,3.9094974828418945,-0.0554592319538981,-0.14449574926112993
244,6.291241365561821,2.1456060424853267,0.1403617367484964,-0.08051894393187042,7.22899475170432,1.462263228553025,-0.22307610454896423,-0.006850783074274753,1.6704382129857052,7.52723917405002,-0.12758766514906653,0.021856276725117887,2.274923973951243,1.9362656088816814,0.015216847885848409,-0.005349216624222921,6.596006536882023,7.690188499016174,-0.013634809423883235,-0.008649653995141116,7.6174524685710505,1.8871321701769952,-0.035589032735679996,-0.16228745605034006,1.2934988239925742,1.3892242663812289,0.4590297828440611,0.21447674176572898,2.056472601925282,3.2159741579665684,0.0660724194805672,0.17559983515996958,4.207846064957616,6.410014582836222,0.08253960169611746,-0.10839380047408655,8.68490938793275,1.8613794719401053,-0.07949412832055072,0.11757649221996704,6.312284170672787,5.628005183382604,-0.12391923248159366,0.1293127356734227,2.624371056042767,2.293969511894564,0.019559946035819734,-0.01019726704456618,3.1380431656972974,6.920258928645952,-0.3191139851544902,-0.44290501083810724,7.817648686054218,2.5543231077445143,0.22114129246463726,-0.18380734578198413,6.921172332379098,4.730620168082842,1.4909402219641166,-0.16461243734782055,4.350655769313074,4.067613067869993,-0.09120664911462019,0.03451488791684776,2.9840491052535665,7.8230067407872,-0.26339036106131486,-0.15707994676541476,7.34952797273142,7.97075641975832,0.1412314810479346,-0.026999828581495768,3.2946577306103624,3.944638608881179,-0.031028729755709108,0.007356683653160101,5.6826446446120364,3.902272695378838,-0.046426423169732674,-0.15900523526191201
245,6.298259452399246,2.141580095288733,0.1360229494275103,-0.08525560759041345,7.217840946476872,1.4619206893993113,-0.22894543743488113,-0.012600013863167822,1.664058829728252,7.528331987886276,-0.1472181182699074,0.022696463205936428,2.2756848163455357,1.9359981480504702,0.013254473745288781,-0.0034850033768219265,6.5953247964108295,7.689756016316417,-0.009229893646306168,-0.006026582335688863,7.615673016934267,1.8790177973744782,-0.04214386368648702,-0.16727182079136454,1.3164503131347773,1.3999481034695154,0.45781060941588686,0.2075065942417859,2.0597762228993104,3.224754149724567,0.0559391183927245,0.15980774649123392,4.211973045042422,6.404594892812518,0.08750928823001981,-0.08364950542443467,8.680934681516723,1.8672582965511038,-0.06780884430624698,0.11141366590409385,6.306088209048707,5.634470820166276,-0.14027171163289978,0.11441037696580969,2.625349053344558,2.2934596485423357,0.019423067752701754,-0.01009106257639672,3.122087466439573,6.898113678104046,-0.33943149276139156,-0.4542167564138956,7.82870575067745,2.545132740455415,0.24529987720280783,-0.18524313284182123,6.995719343477304,4.722389546215451,1.4911135681489283,-0.1630347413350024,4.346095436857343,4.069338812265835,-0.07451331330416981,0.01594020194314133,2.9708795872005007,7.815152743448929,-0.27255444372198734,-0.15557541730869828,7.356589546783817,7.969406428329245,0.14318929730666657,-0.02605586686098527,3.293106294122577,3.945006443063837,-0.028741878995756746,0.006219264656796983,5.68032332345355,3.8943224336157423,-0.037480786525286636,-0.17279074473952175
246,6.305060599870622,2.1373173149092124,0.13144172744767765,-0.08967255729766323,7.206393674605128,1.461290688706153,-0.23411034673727768,-0.018188386924652876,1.6566979238147566,7.529466811046573,-0.1660388408998546,0.023461004332921705,2.2763475400328,1.9358238978816291,0.011315665087571161,-0.0016353468880693951,6.594863301728514,7.689454687199632,-0.0049254499969440995,-0.003451351689936648,7.613565823749942,1.8706542063349099,-0.04844585128168466,-0.17172585777373756,1.3393408436055716,1.4103234331816046,0.45547434086630684,0.20017450855152708,2.0625731788189468,3.2327445370491286,0.04589396878337644,0.14397146045131673,4.216348509453923,6.400412417541296,0.09214838359633433,-0.05925283324983885,8.67754423930141,1.8728289798463085,-0.05621695707149946,0.10511096901556757,6.299074623467062,5.640191339014566,-0.15590558072421926,0.09955729538670344,2.626320206732193,2.292955095413516,0.019274616564791566,-0.009980512999666825,3.1051158918015034,6.875402840283352,-0.3584432777152342,-0.46413844582319397,7.84097074453759,2.535870583813324,0.26830164409136253,-0.18618350686070742,7.0702750218847505,4.714237809148701,1.4912799949271438,-0.16150534582514076,4.342369771192135,4.070135822362992,-0.05800929426619414,-0.0022564041010145544,2.9572518650144013,7.807373972583495,-0.2808309484134897,-0.15371580122148618,7.36374901164915,7.968103634986196,0.1447450894563104,-0.02506800461203378,3.291669200172789,3.945317406296677,-0.02643462768041392,0.00509188942621005,5.678449284127286,3.885682896378766,-0.028642724739027414,-0.18583410339203643
247,6.311632686243006,2.132833687044329,0.12663497864377202,-0.09376594424325572,7.1946881572682635,1.4603812693599203,-0.23857376971352712,-0.02360555062494289,1.6483959817697638,7.53063986126322,-0.18402100016837836,0.02414969077371751,2.2769133232871788,1.9357421305372255,0.009404439916659462,0.00019737453036621465,6.594617029228667,7.689282119615135,-0.0007212663038998089,-0.0009297269361822455,7.611143531185858,1.862067913446223,-0.054484929527786156,-0.17565036427957284,1.362114560648887,1.4203321586091808,0.4520519525069266,0.19250695851792027,2.0648678772581155,3.239943110071694,0.03596010011828026,0.1281315621961694,4.22095592863374,6.397449775878804,0.09645272835791593,-0.035256954116046846,8.674733391447836,1.8780845282970868,-0.044745344906854986,0.09868730538449422,6.291279344430851,5.645169203783902,-0.17079792380917347,0.08478951490466032,2.6272839375604327,2.2924560697635323,0.019113722147514996,-0.009865171536322282,3.0871937279157415,6.852195917992192,-0.3761311893133273,-0.47267655110622514,7.854385826742158,2.5265614084702888,0.29011511711469634,-0.18663726369701691,7.144839021631108,4.706162541857443,1.4914402063041254,-0.16001909579642934,4.339469306478825,4.070023002157941,-0.04173159242090743,-0.020037945498924403,2.943210317593727,7.79968818252242,-0.28821915437839957,-0.15151373699318266,7.370986266121966,7.9668502347555945,0.14590401355894647,-0.02403969925215363,3.2903474687887684,3.9455720007679873,-0.02411320295046528,0.003977150414745793,5.677017147890335,3.876391191209164,-0.019931912531111477,-0.19811940121638943
248,6.3179644351751945,2.1281453898321665,0.12161979424134482,-0.09753281512196424,7.182759468782587,1.4592009918286732,-0.2423403312485271,-0.028841814265414017,1.6391949317613448,7.531847345801905,-0.20113850835293937,0.0247625075426611,2.2773835452830116,1.9357519992637438,0.007524652498961564,0.002010810373784043,6.594580965913472,7.689235633268326,0.003382863594050458,0.001532935750295345,7.608419284709469,1.8532853952322443,-0.06025191618953091,-0.1790474434783279,1.3847171582742333,1.429957506535077,0.4475764380043651,0.18453066096377482,2.0666658822640294,3.246349688181503,0.026159843247853053,0.11232773274627246,4.225778565051636,6.395686928173001,0.10041909354146715,-0.01171283987747504,8.672496124202492,1.8830188935663115,-0.033419980653647915,0.09216145592165877,6.282739448240393,5.6494086795291345,-0.1849281943651933,0.07014203569620149,2.6282396236678083,2.2919628111867163,0.018939675734783792,-0.009744676135355108,3.068387168450075,6.82856209043688,-0.39248079492717997,-0.4798408576426226,7.868891582597893,2.517229545285438,0.31071249920221844,-0.1866142178452669,7.219411031946314,4.698161587067622,1.491594844433525,-0.1585711829410642,4.337382726857779,4.069021104882995,-0.025715809886087397,-0.03736930735163395,2.928799359874807,7.792112495672761,-0.294720577823153,-0.148982434867533,7.378281466799913,7.965648249792987,0.14667210183537588,-0.022974431514740396,3.289141808641245,3.9457708582887245,-0.021783727269564315,0.002877550155002623,5.676020552263779,3.8664852211483445,-0.01136726381654589,-0.2096329813366535
249,6.324045424887261,2.123268749076068,0.11641340200236887,-0.10097109936809691,7.170642452220161,1.4577589011154026,-0.24541629432086828,-0.033888157438311015,1.6291380063436978,7.533085471179039,-0.2173680263324654,0.025299629665446816,2.2777597779079595,1.9358525397824329,0.005679984021978772,0.0038026334032649437,6.594750109093175,7.689312280055841,0.007387127968972558,0.0039316866163989364,7.6054066888999925,1.844333023058328,-0.06573851586091257,-0.18192046978641516,1.4070959801744516,1.4391840395832656,0.4420826814831003,0.1762725034521882,2.067973874426422,3.2519660748188164,0.016514692548890833,0.09659867012713252,4.230799519728709,6.395101286179127,0.10404516777453478,0.01133081389042261,8.67082512516981,1.8876269663623944,-0.02226588714450386,0.08555203443193297,6.273493038522133,5.652915781313944,-0.19827821334778972,0.05564876968069251,2.6291866074545474,2.2914755773799484,0.01875193469372036,-0.009618750798516446,3.0487631287037162,6.804570047554749,-0.407481332427403,-0.4856443651378445,7.884427207558004,2.5078988343931745,0.33006965894476575,-0.1861251549805681,7.29399077416799,4.690233027920569,1.491744497349509,-0.15715710174045544,4.336096936363475,4.067152639515413,-0.009996092933585582,-0.054217290294278436,2.9140633309836494,7.7846633739293845,-0.30033891779584154,-0.1461356309525416,7.3856150718916815,7.96449952821725,0.1470562278709972,-0.02187569622263212,3.2880526222777666,3.9459147357964746,-0.019452205473309704,0.0017954970257161714,5.675452189072952,3.856003572081512,-0.0029669015385166506,-0.22036342345087
250,6.32986609498738,2.1182201941076633,0.11103312008376398,-0.10407959447027135,7.158371637504118,1.456064493243487,-0.24780950748827962,-0.038736237496222056,1.6182696050270744,7.534350452662311,-0.23268896009162093,0.02576141746630622,2.2780437771090583,1.9360426714525962,0.00387393426357871,0.005570536276173723,6.595119465491623,7.689508864386661,0.011291687475798437,0.006261979018965415,7.602119763106947,1.8352369995690072,-0.07093732075003588,-0.1842740518281044,1.4292001142486066,1.447997664755875,0.4356073277798562,0.1677594732259818,2.0687996090538667,3.256796008325173,0.0070452710092830245,0.08098201474160541,4.236001778117436,6.395667826873648,0.10732954241792204,0.03382765841381652,8.669711830812584,1.891904568083991,-0.011307096021454247,0.07887744483964618,6.263579127854744,5.655698219797979,-0.21083216136990823,0.04134248022633076,2.6301242041892334,2.2909946398400227,0.018550123916026978,-0.0094872053442966,3.028389062082346,6.780287829297857,-0.4211256545028025,-0.4901031828015793,7.900930690505242,2.498592576644146,0.34638091675596283,-0.18377371270737075,7.368577999035465,4.682375172833546,1.4896361749012326,-0.15553731164663087,4.335597131716796,4.0644417750007,0.005394920619818888,-0.07055065039497772,2.8990463850938575,7.777356592381757,-0.305079997824655,-0.14298754104825617,7.392967883285231,7.963405743406119,0.14706407050113954,-0.02074699323403972,3.2870800120041013,3.9460045106477604,-0.017124512403787543,0.0007333013492743798,5.675303843996026,3.844985400908968,0.005251869842103213,-0.23030152205888946
251,6.335417750991568,2.1130162143841495,0.1054963117081183,-0.10685794944647119,7.145981162129703,1.4541276813686759,-0.24952934959070353,-0.04337839515908954,1.6066351570224933,7.535638523535626,-0.2470834504409664,0.02614841149798052,2.2782374738222373,1.9363211982664048,0.0021098142798655125,0.0073122293866515345,6.5956840498654135,7.689821963337609,0.015096667090383882,0.008519665161229033,7.598572897069444,1.826023296977602,-0.0758418092272788,-0.1861139931442854,1.4509804806375994,1.456385638417174,0.4281886512154855,0.1590185874968001,2.0691518726043308,3.260845109062253,-0.002228701723206815,0.06551427906539864,4.241368255238332,6.397359209794339,0.11027169477578828,0.05573375478939953,8.669146476011512,1.8958484403259732,-0.0005666099586196273,0.07215583990108672,6.253037519786249,5.657765343809295,-0.2225765651581043,0.027254726084126317,2.6310517103850346,2.290520279572808,0.018334034222659345,-0.009349933721355824,3.007332779357206,6.755782670157777,-0.4334101651952485,-0.49323641911087607,7.91824973634304,2.4894038910087777,0.3591654524362885,-0.1792048816406345,7.443059807780527,4.674598307251214,1.4838511992707892,-0.15356512355080076,4.335866877747787,4.06091424248095,0.020426149066722223,-0.08634013326742385,2.8837923852026246,7.770207215329345,-0.3089517035582585,-0.13955281431419653,7.400321086810289,7.962368393744417,0.14670407649585085,-0.019591818579605545,3.286223786383912,3.9460411757152243,-0.014806381147320167,-0.0003068281778206574,5.675566437488132,3.8334703248060236,0.013272589192053855,-0.23944025964308124
252,6.340692566576974,2.107673316911826,0.09982034074165433,-0.10930664656209034,7.133504694650168,1.4519587616107215,-0.2505866718718461,-0.04780765828664478,1.5942809845004449,7.536945944110525,-0.2605363561313492,0.026461327135197218,2.2783429645362308,1.9366868097357375,0.0003907400939523488,0.009025439830231586,6.596438883219933,7.690247946595671,0.018802150097557296,0.010700990843843312,7.594780806608081,1.8167175973203877,-0.08044634219071554,-0.1874472507979916,1.4723899131983738,1.4643365677920142,0.4198664232457744,0.15007682522778298,2.0690404375181704,3.264120823015523,-0.01128843831490761,0.050230781744243024,4.246881839977122,6.400145897533809,0.11287196946866306,0.07700762960955841,8.66911814551358,1.8994562323210276,0.009933631692697727,0.06540508147389214,6.2419086915283435,5.6591280801135015,-0.23350027844817073,0.01341580959491118,2.6319684120961675,2.29005278288674,0.018103618080071222,-0.009206911034236953,2.9856622710974436,6.731120849202234,-0.4443347489841264,-0.4950660665554365,7.936208008964854,2.480443646926746,0.3690680211202541,-0.17294456702093333,7.517252367744066,4.666920051073674,1.4744867575938538,-0.15125339687824982,4.336888185201123,4.056597235817579,0.03506810950090342,-0.10155850244207136,2.868344800024712,7.763229574613635,-0.31196391665396034,-0.13584648689586773,7.407656290635082,7.961388802815437,0.1459854221644415,-0.018413655808447147,3.285483467326546,3.9460258343063335,-0.012503391891255006,-0.0013227877201115144,5.676230066947735,3.8214983118238695,0.02107966088365046,-0.247774774982521
253,6.345683583614057,2.102207984583721,0.09402252827008165,-0.11142698137620283,7.120975361056575,1.4495683786963893,-0.2509937377219833,-0.05201774384811342,1.5812541666938773,7.538269010467285,-0.27303523055337,0.02670104885273854,2.2783625015409283,1.937138081727249,-0.0012803726947487862,0.01070791158150214,6.597378990724811,7.690782996137862,0.022408173254629085,0.012802589334923987,7.590758489498545,1.8073452347804881,-0.0847461573069982,-0.18828189202749443,1.4933832343606626,1.4718404090534034,0.41068177934726735,0.14096106054674928,2.068476015602425,3.2666323621027353,-0.020116109737507864,0.03516558615845281,4.252525438450555,6.4039962790142875,0.11513155805727648,0.09761032317223982,8.669614827098215,1.9027264863947222,0.02017278382762873,0.05864270240762471,6.230233677605935,5.659798870593247,-0.24359445749309025,-0.00014527079728389805,2.632873593000171,2.289592437335028,0.017858982921378736,-0.00905818943327718,2.9634455336482373,6.706367545874461,-0.4539026927652942,-0.49561688176610574,7.954661410020867,2.4717964185756993,0.37663553250207615,-0.16543675328853596,7.590976705623759,4.6593573812297615,1.461646798960665,-0.14861555056363565,4.338641590676168,4.051519310695475,0.04929295555156328,-0.11618056205418412,2.852746604192014,7.756437250268841,-0.31412844516337396,-0.13188393562721168,7.414955561743303,7.9604681200250145,0.14491797400007772,-0.017215967560118686,3.2848582977319833,3.9459596949203277,-0.010220961413723183,-0.0023125812034005596,5.6772840499919175,3.8091095730747435,0.028658374309977,-0.2553023267893671
254,6.350384710027561,2.096636635514911,0.08812011025844416,-0.11322104120355728,7.108425674170476,1.4469674915039836,-0.2507641602461875,-0.05600305812482873,1.5676024051662087,7.539604062909922,-0.28457029222451186,0.026868624209503318,2.278298482906191,1.937673477306324,0.0008416233819444824,0.00888280867049769,6.598499399387542,7.691423125604609,0.025914724615814864,0.014821474894805805,7.586521181633195,1.7979311401791134,-0.08873736118989697,-0.1886270490992647,1.5139173233280259,1.4788884620807408,0.40067708548810854,0.13169799791967196,2.0674702101155495,3.268390641410658,-0.02869486827875585,0.020351443507946737,4.258282016353419,6.408876795172899,0.1170524770075029,0.11750543032183028,8.670623466289596,1.9056586215151035,0.030131123079954747,0.051885870114329234,6.218053954731281,5.659791607053383,-0.25285253136576635,-0.013400863703661357,2.63376654214624,2.289139527863364,0.01760038245957107,-0.008903893073265117,2.9407503990099726,6.681586701786156,-0.4621206010794725,-0.49491626143011963,7.97349318664597,2.4635245809112725,0.38232945384333,-0.15705539759250414,7.6640590455717925,4.65192660370158,1.4454416223993212,-0.1456655169146912,4.341106238453746,4.045710282592767,0.06307451017720436,-0.13018317391988887,2.8370401819338453,7.7498430534874805,-0.31545895066841734,-0.12768083192303234,7.422201460443307,7.959607321647009,0.14351224848441196,-0.016002187378477327,3.2843472496612973,3.945844065860158,-0.00796433321840152,-0.0032743228803070908,5.678716968707416,3.7963444567352753,0.03599492074843624,-0.2620222528635857
255,6.354790715540483,2.0909755834547332,0.08213019637642238,-0.11469168208178736,7.095887466158167,1.4441673385977423,-0.2499128378629816,-0.05975869518500588,1.5533738905549832,7.540947494120397,-0.2951343892774918,0.02696525756021713,2.2783405640752883,1.938117617739849,0.005854784114258326,0.004281419085031956,6.599795135618333,7.6921641993493495,0.029321741469145013,0.016755034837030575,7.5820843135737,1.7884997877241502,-0.09241691958245579,-0.188492872514172,1.5339511776024313,1.4854733619767244,0.3898958045270606,0.12231410920690472,2.066035466701612,3.2694082135860554,-0.03700886758212886,0.005819740458307179,4.264134640203794,6.414752066688991,0.11863754408883045,0.13665913398475038,8.672130022443595,1.9082529150208198,0.03979007189140355,0.04515135187234708,6.205411328162993,5.6591215638682,-0.26127016724789287,-0.02632470361038619,2.6346465612692187,2.2886943332097007,0.017501446130590875,-0.008826708408420453,2.9176443689559988,6.656840888714649,-0.4689983049538831,-0.4929941143981179,7.992609659338137,2.4556718110316473,0.3865367101411454,-0.14811465214963485,7.736331126691758,4.644643327855845,1.4259874582546093,-0.14241769523056128,4.344259963962607,4.039201123896772,0.07638829354832552,-0.14354526908381557,2.8212672344004246,7.7434590118913285,-0.3159708724229262,-0.12325309597238944,7.429377072867528,7.958807212278085,0.14177937117163766,-0.01477571178247671,3.2839490330003773,3.9456803497161426,-0.005738568324428596,-0.004206239562282468,5.680516714744838,3.783243344092096,0.04307640759015907,-0.26793592496897545
256,6.358897225359304,2.0852409993506438,0.07606973006580506,-0.11584250433505279,7.083391824265018,1.441179403838492,-0.2484558881387404,-0.06328043367336653,1.5386171710911085,7.542295756998408,-0.30472295817358597,0.026992303516639355,2.2786333032810013,1.9383316886941004,0.012801406610016188,-0.0022472386909888724,6.60126122269179,7.693001951091201,0.032629111070753614,0.018601021758106687,7.577463467594578,1.7790751440984416,-0.09578264561222591,-0.18789048272095843,1.5534459678287842,1.4915890674370698,0.3783823628763185,0.11283557271715747,2.0641850233225054,3.269699200608971,-0.04504327973222066,-0.008399548623861256,4.270066517408236,6.421585023388229,0.11989035330060607,0.1550402314802929,8.674119526038165,1.9105104826144372,0.04913221917486622,0.038455481911128665,6.192347819800598,5.65780532868768,-0.26884523090455176,-0.038891945360183755,2.635521633575748,2.2882529977892796,0.017634581528437766,-0.00886113904464135,2.8941944537083044,6.6321911829947435,-0.47454876472873475,-0.4898827303883409,8.011936494845195,2.4482660784241657,0.389579245620235,-0.13887762760963268,7.807630499604489,4.6375224430943165,1.403406044157517,-0.13888690529624786,4.348079378640023,4.032023860442582,0.08921154605972563,-0.15624785393384438,2.805468690779278,7.737296357092709,-0.31568134875690135,-0.11861685134070502,7.43646604142611,7.958068426688961,0.1397310351704717,-0.01353989260792993,3.283662104584156,3.9454700377380285,-0.0035485367197589965,-0.005106672520007694,5.6826705351243465,3.769846547843647,0.04989086995896772,-0.27304669963957146
257,6.362700711862595,2.0794488741338912,0.06995544992201211,-0.11667782682678211,7.070969029858081,1.4380153821548236,-0.24641058006294778,-0.06656473196155564,1.5233810231824292,7.5436453721742405,-0.31333397687408404,0.026951260180250472,2.279273373611502,1.9382193267595509,0.0207962114378532,-0.00986088579589189,6.602892678245328,7.693932002179106,0.03583667173562726,0.020357544563279744,7.572674335313967,1.7696806199623936,-0.09883318619229566,-0.18683192049128977,1.5723650859726002,1.4972308460729276,0.36618201775552733,0.10328821436663663,2.0619328593358945,3.2692792231777776,-0.05278430940960484,-0.022277904830121258,4.276061035073266,6.429337034962243,0.12081524842186521,0.17262015370348496,8.676576136996909,1.9124332567099938,0.05814133759651379,0.03181413031925984,6.17890555825537,5.655860731419671,-0.27557774255167444,-0.051079194307210404,2.63640336265217,2.2878099408370476,0.01798538257710845,-0.009000243217015844,2.870467015471868,6.607697046475327,-0.47878796724683037,-0.48561664569281304,8.031415457126206,2.441322197043684,0.39172239785402746,-0.1295638817445715,7.877800801812365,4.630578097829504,1.3778241967672151,-0.13508834087221586,4.352539955943009,4.024211467745889,0.10152324652446994,-0.16827401098991296,2.789684623341433,7.731365514525674,-0.3146091360014698,-0.11378838008488172,7.443452593184634,7.957391432058565,0.13737945914140576,-0.012298029633290635,3.2834846777481683,3.9452147041120282,-0.0013989094843950747,-0.005974079054884086,5.685165078622295,3.7561942128616685,0.05642727974958075,-0.27735986513098015
258,6.366198484358695,2.0736149827925523,0.06380385245664946,-0.11720265999538058,7.058648500854934,1.4346871455567458,-0.24379526496870313,-0.06960872170835662,1.507714324338725,7.544992935183253,-0.32096791271163566,0.026843762168479696,2.280313184183395,1.9377262824697563,0.02901528203745741,-0.017737648109258507,6.60468451183211,7.69494987940727,0.03894421530978273,0.022023059187714977,7.567732676004352,1.7603390239378292,-0.1015680066438331,-0.18533009611056042,1.5906741868603764,1.5023952567912593,0.35334072535556516,0.09369745104308592,2.059293643865414,3.2681653279362717,-0.060219205145723875,-0.035788303259665095,4.282101797494359,6.437968042647418,0.12141729528184135,0.1893729772923965,8.679483203876735,1.9140239632259568,0.06680239750968299,0.025242673812409903,6.165126671127786,5.653306771704311,-0.2814698283303577,-0.06286453216716092,2.6373026317810258,2.2873599286761968,0.018486235482804654,-0.009211573137484316,2.846527617109526,6.583416214190686,-0.48173481779015176,-0.4802325062887025,8.051001577018907,2.4348440029564555,0.39318222497140004,-0.12035579426178171,7.946692011650725,4.623823680785893,1.3493733804512773,-0.13103752329554405,4.357616118269233,4.015797767196394,0.11330412561244631,-0.1796088944847452,2.7739541665413596,7.72567609552143,-0.3127745251930317,-0.10878407848210227,7.450321566141704,7.956776530576901,0.13473734492514028,-0.011053363501497514,3.2834147322739486,3.9449160001592842,0.0007058484118841373,-0.006807033745088556,5.687986442609774,3.7423262196051197,0.06267555212053103,-0.2808825847360047
259,6.3693886769815276,2.067754849792783,0.05763115630311586,-0.11742267776769715,7.046458737606499,1.4312067094713279,-0.24062930630165727,-0.07241019988158368,1.4916659287031433,7.546335123291677,-0.3276276652110633,0.026671573456552553,2.281763948285268,1.9368394000642934,0.03670422188419145,-0.025110497206552868,6.606631722597599,7.696051032366656,0.04195149107450462,0.023596358730417707,7.562654275672161,1.751072519132301,-0.10398737361860139,-0.1833987375381211,1.6083412231281546,1.5070801293434135,0.3399050102212132,0.0840882362667074,2.056282683608128,3.2663759127732885,-0.06733626771491591,-0.04890524696639504,4.288172662258451,6.447436691512038,0.12170225284926345,0.20527542990732653,8.682823323752219,1.9152860969165773,0.07510157758103163,0.018755968392433067,6.151053179711268,5.650163545095952,-0.2865256676081947,-0.07422753859484467,2.638226943555166,2.2868993500193224,0.01904849642335434,-0.009452541352197403,2.8224408762200186,6.5594045888762516,-0.48341102715177303,-0.4737689287554627,8.070660688267477,2.4288262132433664,0.3941319144887871,-0.11140397005951387,8.014160680673289,4.617271804621116,1.3181892740513197,-0.12675025530610848,4.363281324549855,4.006817322472156,0.1245366746069121,-0.19023972086473184,2.758315440281708,7.720236891597325,-0.3101992568148009,-0.10362041346918009,7.457058433387961,7.956223862401826,0.13181783491642793,-0.009809068948916016,3.283450024694543,3.94457564847203,0.002761484634467353,-0.007604229370400712,5.691120220215801,3.7282820903683196,0.06862654948283359,-0.28362383668807617
260,6.372270234796684,2.0618837159043983,0.051453267922278986,-0.11734418844571733,7.034427272291416,1.4275861994772487,-0.23693300843886578,-0.07496761929620917,1.47528454544259,7.547668701964505,-0.33331850411622616,0.026436580057002383,2.2835991593794773,1.9355838752039658,0.04319599825253814,-0.031307162174821455,6.608729297151324,7.6972308503031766,0.04485821034741728,0.02507656327852777,7.5574549069912305,1.741902582255395,-0.10609233640239088,-0.18105233768971637,1.6253364736392153,1.5112845411567488,0.3259218361518312,0.07448500823213064,2.052915870222382,3.2639306504249688,-0.07412485570701383,-0.06160479632230758,4.294257774900914,6.457700463007404,0.1216765432392954,0.22030688876365231,8.68657840263127,1.916223895336199,0.08302627215682239,0.012368323923424629,6.136726896330859,5.64645216816621,-0.29075143633325984,-0.08514930853141839,2.639179368376334,2.2864267229517123,0.019588682752684952,-0.009682993981694352,2.79827032486243,6.535716142438479,-0.4838409942348784,-0.4662663593948322,8.090367283991917,2.4232560147403905,0.3947073919454018,-0.1028317966879703,8.080070144375854,4.610934291855811,1.284411336860233,-0.12224257520816993,4.369508158280201,3.9973053364289197,0.13520514956248514,-0.20015575434900695,2.742805477440968,7.715055870923866,-0.30690643383304334,-0.09831387988537571,7.463649325133782,7.95573340895438,0.12863446929562053,-0.008568248351395297,3.2835880989262662,3.94419543700351,0.004763965330456268,-0.008364477520717343,5.694551547689943,3.714100898533916,0.07427208303077724,-0.28559435087950585
261,6.374842898192798,2.0560165064821123,0.04528574886020522,-0.11697410466236777,7.022580621869473,1.4238378185124383,-0.23272754475688995,-0.07728007772576506,1.4586186202367788,7.548990530967355,-0.3380480028857323,0.026140782558799584,2.2857589592921044,1.9340185170952247,0.04792888422113863,-0.03578225140943687,6.610972207668695,7.698484678467103,0.047664051862193586,0.02646310894694342,7.552150290171111,1.7328499653709093,-0.10788470668253912,-0.17830610099367644,1.641632565446807,1.5150087915683554,0.31143847890863063,0.06491164030775153,2.0492096274370315,3.2608504106088536,-0.08057538833002202,-0.07386459382690631,4.300341602062879,6.468715807445586,0.12134722073745341,0.23444937257380163,8.69072971623911,1.9168423115323703,0.09056509542426583,0.006093480645160316,6.122189324514196,5.642194702739639,-0.2941552466711779,-0.09561246537309065,2.640158802513968,2.2859425732526275,0.020046229252143714,-0.009873745752412351,2.774078275150686,6.512402824468737,-0.4830516845730267,-0.4577669319463288,8.110102653589188,2.418114424905992,0.39501223719333334,-0.09473926865169607,8.144290711218867,4.6048221630954025,1.2481823749137952,-0.11753071147441459,4.376268415758325,3.9872975487114695,0.14529557095765155,-0.20934828769401337,2.7274601557493154,7.710140176929597,-0.3029204332837927,-0.0928809586074935,7.470081048598563,7.95530499653681,0.12520114322804224,-0.0073339255964403015,3.283826297192789,3.943777213127474,0.0067094802974593006,-0.009086708893850066,5.698265151841482,3.6998211809899404,0.07960491186631521,-0.2868065426244296
262,6.377107185635808,2.050167801248994,0.03914378460487761,-0.11631991250248765,7.010944244631628,1.41997381462615,-0.22803488514586634,-0.07934730564634153,1.4417162200924922,7.550297570095295,-0.3418259679257102,0.02578628854790934,2.2881554035031613,1.9322294045247528,0.050456246322447204,-0.038131882526348825,6.613355410261804,7.699807833914449,0.05036866816923598,0.02775573678060994,7.546756054836984,1.7239346603212256,-0.10936703686467769,-0.17517588937081321,1.6572044893922384,1.518254373583743,0.29650240100613057,0.05539139406090156,2.0451808580205304,3.2571571809175084,-0.08667934549818747,-0.08566388440308433,4.306408963099752,6.480438276074277,0.12072193994005921,0.2476875270667881,8.695257971010323,1.9171469855646284,0.09770788242963117,-5.5412360955954705e-05,6.107481562180637,5.637414079470984,-0.2967470831598148,-0.10560117002239255,2.641161113976575,2.285448885965007,0.020391501439971132,-0.010010408671629837,2.749925690922035,6.48951447787142,-0.4810725051671341,-0.44831432428555085,8.129853265448855,2.413377461473407,0.39512200586263707,-0.08720617973611071,8.206699829964556,4.598945627521681,1.2096481086738677,-0.11263103789598271,4.3835331943062075,3.976830134326769,0.1547957189440326,-0.2178106183195221,2.712314134085126,7.705496128999222,-0.2982668166636907,-0.08733807566184491,7.476341105759965,7.9549383002569884,0.12153206413891439,-0.006109040289480693,3.284161771207662,3.943322877682782,0.008594447476961121,-0.009769973288852684,5.7022453974347975,3.685480853858719,0.0846187397733878,-0.2872744436985315
263,6.379064374866052,2.0443518056238696,0.03304215508378268,-0.1153896398849486,6.999542500374335,1.416006449343833,-0.22287772316322607,-0.08116965267458917,1.4246249216962068,7.55158688452269,-0.34466436383247434,0.025375304930894366,2.2906782158192835,1.9303228103984353,0.05044279712663638,-0.0380861975607985,6.615873843670266,7.70119562075348,0.05297169216103276,0.02895448101538725,7.54128770299375,1.715175865852685,-0.11054259702555644,-0.1716781677860374,1.6720296094425449,1.521023943286788,0.2811611288539214,0.04594687486945346,2.040846890745621,3.252873986697354,-0.09242926526632372,-0.09698353123029063,4.312445060096755,6.492822652427616,0.11980892311075622,0.2600086042660154,8.700143365131805,1.9171442149465805,0.10444568702130175,-0.006065816743532223,6.092644208022646,5.632134020969865,-0.2985387356195579,-0.11510112589202917,2.6421806890485735,2.2849483655314256,0.02062392868411522,-0.01009247210946568,2.7258720656636783,6.467098761657143,-0.4779351760349563,-0.43795361448642656,8.149609365741986,2.4090171524866015,0.3950880437412277,-0.08029477463846525,8.26718223539825,4.593314075626882,1.168956743152654,-0.10756002937832557,4.391272980253409,3.965939603410793,0.16369512430336,-0.22553801996015807,2.697400793251941,7.70112922521613,-0.29297223937588174,-0.08170156239331879,7.482417708966911,7.954632848242515,0.11764170916894463,-0.004896442301203981,3.2845914935815097,3.9428343790183393,0.010415516776231752,-0.010413439301745615,5.706476334423467,3.6711171316737925,0.08930820970311777,-0.2870136308892198
264,6.380716482620241,2.038582323629622,0.026995206839202927,-0.11419182430159183,6.988398614216173,1.4119479667101034,-0.21727940301728715,-0.08274807276301477,1.407391703504583,7.552855649769235,-0.34657723492175513,0.02491013018293501,2.2932003556756153,1.9284185005203953,0.04764515670478616,-0.03547995086420875,6.618522428278317,7.702643344804249,0.05547274492989254,0.030059657373681214,7.535760573142472,1.7065919574633832,-0.11141535059025151,-0.16782994951745395,1.6860876658852408,1.5233212870302606,0.26546213250300216,0.03659999017263931,2.0362254274823046,3.2480248101358398,-0.09781873867651111,-0.10780602717580906,4.318435506252293,6.505823082640917,0.11861692685233564,0.27140243571759504,8.70536564948287,1.916840924109404,0.11077077679210647,-0.011925822485641691,6.077717271241668,5.626378964675263,-0.2995437290599079,-0.12409957993986889,2.643211885482779,2.2844437419259522,0.02076136646928637,-0.010128243184254955,2.7019753068619305,6.445201080932821,-0.47367359886816507,-0.4267311366215665,8.169363767929047,2.405002413754678,0.39494087199122907,-0.0740519425295812,8.325630072555883,4.587936074157966,1.1262585414977857,-0.10233421847886989,4.399457736468577,3.954662702412785,0.17198505523134414,-0.23252771001397937,2.682752181283147,7.697044147096464,-0.2870643594786088,-0.07598761676735122,7.488299794425358,7.954388026127455,0.11354478291287683,-0.0036988866619104936,3.2851122694203214,3.942313707053252,0.012169573224328224,-0.0110163937310941,5.710941744908623,3.6567664501293313,0.09366889603517102,-0.2860411522908945
265,6.3820662429622015,2.0328727324145426,0.02101682691302819,-0.1127354800081066,6.977534644065309,1.4078105630719526,-0.21126384656708863,-0.08408410821754325,1.3900628417584953,7.5541011562783815,-0.3475806233242227,0.0243931465413474,2.2955826135108546,1.9266445029771848,0.044156927370023184,-0.03223966263801618,6.621296065524812,7.704146327672933,0.05787144309433037,0.031071850478000977,7.5301898056129595,1.6982004599875105,-0.1119899288232653,-0.16364874128611998,1.699360772510391,1.5251512865388925,0.24945270823872107,0.02737191040607189,2.031334490548479,3.242634508777049,-0.102842402088278,-0.11811550189461381,4.32436635259491,6.519393204426796,0.11715520819259868,0.28186139987222014,8.710904188322475,1.916244632985122,0.1166766251010878,-0.017624163542339595,6.062740084788673,5.62017398567827,-0.2997772508252002,-0.13258531982178254,2.6442499538062436,2.2839373297667396,0.020822764955429174,-0.01012673158248374,2.678291626918522,6.423864524101743,-0.46832372319045623,-0.41469433666711186,8.189110811528609,2.401299816628199,0.3946932113133593,-0.06851102765771067,8.381942999630773,4.582819363234022,1.0817054030264075,-0.0969701527784548,4.408056989230144,3.943036316912086,0.1796585000753703,-0.23877881276655474,2.6683989633092167,7.693244766258096,-0.28057174598032797,-0.07021226587604952,7.493977033571002,7.954203081794359,0.10925617554028835,-0.0025190288078463467,3.285720748081538,3.941762887366697,0.013853739469281699,-0.011578240701454502,5.715625189710382,3.642464392514787,0.09769729468466515,-0.2843754515803043
266,6.383117084307853,2.027235958414137,0.015120418467909805,-0.11103006476120451,6.9669714517369545,1.4036063576610756,-0.20485548052060187,-0.08517987260380099,1.372683810592284,7.555320813605449,-0.34769248392932417,0.02382681216534215,2.297790459879356,1.925032519845284,0.040665539002375205,-0.028993972119395056,6.624189637679529,7.705699920196833,0.06016740699280179,0.03199190137187778,7.5245903091717965,1.6900180229232045,-0.11227160422397814,-0.15915248838677573,1.711833407922327,1.526519882059196,0.2331798642497895,0.018283032658237056,2.026192370444065,3.2367287336823183,-0.10749592706805942,-0.1278977246775089,4.33022411300454,6.533486274420407,0.1154334901822243,0.29138038383368564,8.71673801957753,1.915363424808005,0.12215790026036433,-0.02315023151640595,6.047751222247412,5.613544719687181,-0.2992560752237104,-0.14054866725679868,2.645291092054015,2.2834309931876153,0.020827275016694593,-0.010097180233620674,2.654875440758999,6.403129807268388,-0.4619234104075197,-0.4018916288699647,8.208845472094277,2.3978742652453136,0.3943427037259829,-0.06369332485429487,8.436028269782094,4.577970855595099,1.0354504466630694,-0.09148435317435291,4.4170399142339125,3.931097376273758,0.18671014616021742,-0.24429231867528078,2.6543703760102004,7.689734152964293,-0.27352378692080764,-0.06439132971511198,7.499439842348017,7.9540771303539675,0.1047909213947324,-0.0013594201834790415,3.2864134350550023,3.9411839753316245,0.015465377625050507,-0.01209850051322816,5.720510054444615,3.6282456199357718,0.10139081112783398,-0.28203629050675166
267,6.383873105231248,2.021684455176077,0.009318878166636823,-0.10908544619545471,6.956728677710925,1.3993473640308856,-0.19807916400885955,-0.08603803260985843,1.355299186395818,7.556512154213716,-0.34693259646098756,0.023213653282383662,2.2998237368294747,1.9235828212393142,0.03717471489613728,-0.02575204243145219,6.627198008029169,7.707299515265427,0.06236026898465227,0.032820894515359876,7.518976728960598,1.6820603985038656,-0.112266262917615,-0.15435951995669978,1.7234924011348165,1.527434033692108,0.21669020958998444,0.009352947078082915,2.020817574090662,3.230333847448443,-0.11177600791812563,-0.1371401031360951,4.335995787513651,6.548055293612092,0.11346192710162778,0.299956739696434,8.722845914590549,1.9142059132321847,0.1272104519779062,-0.028494087382264797,6.032788418486227,5.606517286324341,-0.29799848588519484,-0.14798146770638498,2.6463324558048495,2.282926134175934,0.020790745034746608,-0.010047312297753243,2.6317792702386233,6.38303522582489,-0.45451229613618044,-0.38837225292607847,8.228562607280576,2.3946895990025987,0.393874381317516,-0.059609321354504176,8.487800792115248,4.573396637936382,0.9876476007012487,-0.08589327317840742,4.426375421541923,3.918882760339994,0.19313635484275493,-0.24907103990437227,2.64069418666416,7.686514586478538,-0.2659505974728245,-0.05854038629350774,7.504679388417753,7.9540091593447935,0.1001641581639646,-0.0002225042027013209,3.287186703936255,3.940579050305963,0.01700209047825188,-0.012576808227953838,5.725579595001006,3.6141438054104342,0.10474774642321191,-0.27904466983108706
268,6.38433904913958,2.016230182866304,0.0036245753267258943,-0.10691186793194564,6.946824719510482,1.3950454624003927,-0.1909601167086093,-0.08666178893425493,1.3379525565727686,7.557672836877836,-0.34532247496953605,0.022556256341085774,2.3016824725742815,1.9222952191177416,0.033689884424954734,-0.02252109640781626,6.630316021478402,7.708940559991195,0.06444968193704198,0.03356014481224825,7.513363415814717,1.6743424225060306,-0.11198037613335102,-0.1492884945164088,1.7343269116143156,1.5279016810460122,0.20002984663605003,0.0006004060557870342,2.015228773694756,3.223476842291638,-0.11568034692927003,-0.14583167782152284,4.341668883868732,6.563053130596914,0.11125106937259062,0.3075902357030294,8.729206437189443,1.9127812088630713,0.1318312951518586,-0.03364647127268616,6.0178884941919675,5.599118212939022,-0.2960241960920829,-0.15487707647658966,2.647371993056587,2.2824237685610465,0.020723135977064457,-0.009982116952783907,2.6090536554318144,6.363616613178586,-0.4461316511956059,-0.37418613230861447,8.248256326346452,2.3917091329348734,0.3931689427730467,-0.05616838358793248,8.53718317215031,4.569101974277461,0.9384511997718158,-0.08021325929942469,4.436032239284061,3.9064292083447754,0.19893513294282847,-0.25311956230604826,2.627396656790519,7.683587567163862,-0.25788292829373893,-0.05267473813315582,7.509687596325952,7.953998034134658,0.09539108671047916,0.0008893874290156563,3.288036808460167,3.9399502098945653,0.018461722066060594,-0.013012911998528302,5.730816982322167,3.60019157191888,0.10776728130838584,-0.27542274894604724
269,6.384520277905916,2.0108845894697067,-0.0019506671376038663,-0.10451991550953565,6.937276713675051,1.3907123729536799,-0.18352384768084315,-0.08705485626901688,1.3206864328242918,7.55880064969489,-0.34288527502421834,0.021857260190114358,2.3033669667955294,1.9211691642973507,0.03021758137991755,-0.01930695844545207,6.633538505575254,7.7106185672318075,0.06643532753319399,0.034211184085360946,7.507764397008049,1.6668779977802102,-0.11142097086139958,-0.14395834591223333,1.7443284039461182,1.5279317013488016,0.183244267231989,-0.007956703808646663,2.0094447563482922,3.2161852584005617,-0.11920763744534049,-0.15396311288197467,4.347231437337362,6.578432642382065,0.10881182826902533,0.3142830024602188,8.735798001947037,1.911098885299437,0.13601859111651746,-0.03859881034739132,6.003087284387363,5.591374359115192,-0.2933542673290858,-0.16123034135827322,2.64840814985544,2.2819246627134073,0.020630279254505265,-0.009904661178752468,2.586747072872034,6.3449073065631545,-0.4368242416382052,-0.3593837340742719,8.267914773485105,2.388900713755477,0.39149645423889534,-0.052664445962138824,8.584105732138902,4.56509131131249,0.8880155898638655,-0.07446051258447049,4.445978995931203,3.8937732302294727,0.2041061007032933,-0.2564441940479214,2.614502510375832,7.680953830257204,-0.24935207435044845,-0.0468093802110789,7.5144571506614755,7.954042503506109,0.09048693164792095,0.001974038030446477,3.28895989456347,3.939299564294639,0.01984235763797847,-0.013406671154268522,5.736205346387586,3.5864204344715778,0.1104494584553724,-0.2711937644085557
270,6.3844227445490365,2.0056585936942297,-0.007395589978642187,-0.10192048222785606,6.928100521291009,1.386359630140229,-0.17579608508699962,-0.08722144244807413,1.3035421690730808,7.559893512704395,-0.33964569889010976,0.02111934830206453,2.3048778458645254,1.920203816375078,0.026765015276768285,-0.016114450012050436,6.636860271951914,7.712329126436075,0.06831692439715722,0.03477574745232413,7.50219334846498,1.6596800804845986,-0.11059559978091356,-0.13838822978687124,1.7534906173077176,1.5275338661583693,0.16637825269643938,-0.016301386941608986,2.003484374476025,3.2084871027564628,-0.12235754483118602,-0.16152668287136138,4.352672028750813,6.594146792505076,0.1061554405196177,0.3200394744592209,8.742598931502863,1.9091689447820674,0.13977162644418015,-0.04334322476704714,5.988419571020909,5.583312842047278,-0.2900110262949334,-0.1670375819267232,2.649439663818165,2.2814294296544695,0.0205151544826544,-0.009816678343346317,2.5649058607901236,6.326938119859441,-0.4266341881917506,-0.3440159304650163,8.28748959619705,2.38626749145737,0.38888285556116514,-0.049107685818020184,8.628506511632095,4.561368285683267,0.8364947422041845,-0.0686510513891416,4.456184300966367,3.8809510205270765,0.20865045643738941,-0.2590529110904826,2.60203490665831,7.67861336124665,-0.2403897844350059,-0.04095896939172102,7.518981497243871,7.954141205407631,0.0854669027451505,0.0030293488982689786,3.289952012445369,3.9386292307369257,0.021142323015433253,-0.013758054051118924,5.741727819310355,3.57286074625115,0.11279516297041334,-0.2663819476121363
271,6.384052965050104,2.000562569582837,-0.012699513080810562,-0.0991247349894446,6.919310717036659,1.3819985580178253,-0.1678027069388001,-0.08716622683198241,1.2865598841285752,7.560949480119499,-0.33562989897179335,0.02034524106074067,2.3062160966283636,1.9193980938744755,0.023339764031326538,-0.012947680370449296,6.640276118171772,7.714067913808692,0.07009423656757421,0.0352557597665874,7.496663568475934,1.652760668995255,-0.1095123105502862,-0.1325974706998626,1.7618095299425396,1.5267187968112887,0.14947577785619853,-0.024417561236725636,1.9973664972344658,3.200410768612895,-0.12513068543877207,-0.16851625582880847,4.3579798007767945,6.610148766228037,0.10329343289327268,0.3248663271520974,8.749587512825073,1.9070017835437152,0.14309078941085995,-0.04787253180034308,5.9739190197061625,5.574960962950942,-0.28601798061831213,-0.17229656562756626,2.6504654215422976,2.280938595737302,0.020378820615185103,-0.009718996001008496,2.543574151380536,6.30973732333619,-0.4156068254773618,-0.32813386261080635,8.306933738975108,2.383812107166469,0.3853558557147809,-0.04550818356259916,8.670331248742304,4.55793573311381,0.7840418767613359,-0.06280067544223478,4.466616823788236,3.8679983749725526,0.21257093802637492,-0.26095529972186,2.5900154174365597,7.676565412777064,-0.23102817158157327,-0.03513779539231938,7.523254842381129,7.954292672852545,0.08034615723582952,0.004053341899319809,3.2910091285961407,3.93794132803437,0.022360183364356714,-0.014067135697662396,5.747367577458875,3.5595416488705434,0.1148061012264398,-0.26101244182460603
272,6.383417989396063,1.9956063328333646,-0.017852349130478118,-0.09614408022642379,6.910920581689719,1.3776402466762263,-0.15956967303158803,-0.08689433800017281,1.2697783891799856,7.561966742172536,-0.33086537980420955,0.019537688129694725,2.30738308482993,1.918750709855953,0.019949552065986934,-0.009810261832112697,6.643780830000151,7.715830701797021,0.07176708131274678,0.03565332166145563,7.49118795294842,1.6461307954602618,-0.10817961455097222,-0.12660551001556203,1.7692833188353496,1.5254979187494524,0.1325799192552226,-0.03229007770711034,1.9911099629625273,3.1919849558214546,-0.12752860366909047,-0.174927272755141,4.3631444724214585,6.626392082585642,0.10023758685628724,0.3287724098415039,8.756742052295616,1.9046081569536981,0.14597754423726228,-0.05218024809588901,5.9596181206752465,5.566346134669564,-0.28139973351786907,-0.17700648078107142,2.651484362573057,2.2804526459372516,0.020221095943526772,-0.009611847552435942,2.522793810106668,6.2933306302056495,-0.4037885613603533,-0.31178880662678915,8.326201531760846,2.381536697988339,0.3809448237256534,-0.041875899649018604,8.709533342580372,4.554795699341699,0.730809096099048,-0.05692493126552778,4.4772453706895545,3.8549506099864597,0.21587178143454233,-0.2621624963597267,2.578464008857481,7.6748085230074485,-0.22129962458838895,-0.029359753319423493,7.52727215024292,7.954495339947511,0.07513976310737869,0.0050441617030986844,3.2921271377643584,3.9372379712494867,0.02349474139701851,-0.014334095167914486,5.753107882520197,3.546491026779313,0.1164847781186396,-0.2551112188127337
273,6.38252537193954,1.9907991288220435,-0.02284461549620194,-0.09299012999500489,6.902942098038139,1.3732955297762177,-0.15112295820470925,-0.08641133082207848,1.2532351201897751,7.56294362657902,-0.3253808988683859,0.018699460919273075,2.3083805624332294,1.9182601967643476,0.016602088860634672,-0.00670547020719001,6.647369184065788,7.7176133678800936,0.07333533668968013,0.0359706956643438,7.485778972220871,1.6398005199594836,-0.10660645517526539,-0.12043185467161929,1.7759123147981108,1.523883414864097,0.11573276767463059,-0.03990473736264361,1.9847335327790727,3.1832385921836974,-0.129553747230054,-0.1807567236187432,4.368156351764273,6.642830703077718,0.09699990338799323,0.331768674645795,8.764040929507479,1.9019991445489037,0.14843440321947743,-0.05626059015454544,5.9455481339993534,5.557495810630511,-0.2761818976433913,-0.18116790664167004,2.652495417370233,2.27997205355963,0.020041055048671944,-0.009495099546518391,2.5026043820386503,6.27774118987431,-0.39122673678257663,-0.29503204238584535,8.345248772947128,2.379442903005888,0.3756806778969672,-0.038220652374371056,8.746073797385325,4.551949452778422,0.6769470302614139,-0.05103907900463288,4.4880389597612815,3.841842485168473,0.21855867641243965,-0.26268712483234213,2.5673990276280616,7.673340535341477,-0.2112367208410803,-0.023638317809869223,7.5310291383982895,7.954747548032666,0.06986266343904955,0.006000077657034801,3.293301874834209,3.936521266491091,0.02454503502045288,-0.01455921281216612,5.758932121426129,3.533735465838676,0.11783447283546829,-0.24870499527159662
274,6.38138314116473,1.9861496223222932,-0.02766744432995649,-0.0896746683188054,6.895385950127904,1.3689749632351138,-0.14248848706592346,-0.08572316297843609,1.2369660752463558,7.563878599624984,-0.3192063665064473,0.017833345168787738,2.309210666876261,1.9179249232539881,0.013304950557440055,-0.0036363650053561772,6.651035950900272,7.71941190266331,0.0747989489576008,0.03621029218338646,7.480448649462107,1.6337789272259027,-0.10480217574757378,-0.11409602693623622,1.7816989531818423,1.5218881779959648,0.09897534508541529,-0.04724830533252078,1.97825584541757,3.1742007560027603,-0.1312094406928207,-0.18600312002886749,4.373006346933672,6.6594191368100075,0.09359256803926586,0.3338681018053751,8.771462649668452,1.8991861150411764,0.15046489686654405,-0.06010847304149574,5.931739039117184,5.5484374152984275,-0.27039100833198076,-0.18478278065380105,2.653497470122667,2.279497298582304,0.0198373911738908,-0.00936841718974435,2.4830430451995213,6.262989587755017,-0.3779694864158435,-0.2779147252343582,8.364032806841976,2.3775318703871693,0.369595773654684,-0.03455209653246715,8.779921148898396,4.549397498828191,0.622604493329473,-0.045158060722096535,4.498966893581904,3.828708128926856,0.22063871956230316,-0.26254323135224283,2.5568371915860078,7.672158619450984,-0.2008721406259834,-0.017986518804755255,7.534522271570242,7.955047551915517,0.06452964185466019,0.006919485307864764,3.294529126585232,3.9357933058504826,0.025510334449808852,-0.014742867277391672,5.764823845067903,3.521300216075096,0.11885921323907965,-0.24182114927195614
275,6.379999768948232,1.981665888906353,-0.03231259090412669,-0.08620961785952339,6.888261525774608,1.364688805086192,-0.13369207031009556,-0.08483617100382956,1.2210057569210335,7.564770266883424,-0.3123727452063862,0.016942133659766344,2.309875914404133,1.9177431050037204,0.01006549244615396,-0.0006058796274135037,6.654775898348151,7.72122241727248,0.07615793942395023,0.03637465554040511,7.475208540674728,1.628074125879091,-0.10277648716763628,-0.10761751525755868,1.786647720436113,1.5195257627293388,0.08234752614174382,-0.054308522259744405,1.971695373382929,3.164900600001317,-0.13249985745094311,-0.1906664647196918,4.377685975335636,6.6761125419002765,0.0900279163157867,0.3350856215993511,8.778985894511779,1.8961806913891017,0.15207354216438532,-0.06371950738088591,5.918219488700585,5.539198276265737,-0.26405443650924704,-0.18785436304902461,2.654489339681361,2.2790288777228165,0.01960867859794255,-0.009231384113162166,2.4641445708787293,6.249093851493299,-0.36406560046632225,-0.26048776090569353,8.38251259552471,2.375804265560546,0.3627237903237155,-0.030879702955674916,8.811051373564869,4.547139595792086,0.567928152245177,-0.03929647019911204,4.509998829560019,3.815580967359244,0.222120364942389,-0.26174621739706516,2.5467935845547087,7.671259293510746,-0.19023858311416125,-0.01241691898024448,7.537748753662974,7.95539352618091,0.059155289151282944,0.007800907573281399,3.295804643307722,3.935056162486613,0.026390138805879787,-0.01488553234895617,5.770766805729856,3.5092091586114984,0.11956374895051207,-0.23448763693412766
276,6.378384139403026,1.9773554080133768,-0.03677244020311773,-0.08260700699092641,6.881576922259103,1.3604469965360007,-0.12475934275549856,-0.08375704592114211,1.2053871196607142,7.565617373566412,-0.3049119485225605,0.016028619075548495,2.310379189026441,1.9177128110223496,0.00689078387306008,0.002383111204233482,6.658583795319349,7.7230411500495,0.07741241091544002,0.036466450079549226,7.470069716316346,1.622693250116213,-0.10053943536282828,-0.10101572630350748,1.7907650967432003,1.5168103366163517,0.06588796430895058,-0.06107411300045615,1.9650703805103817,3.1553672767653325,-0.13342999018838042,-0.19474821799317335,4.382187371151425,6.692866822980244,0.08631839946529633,0.33543803314396436,8.786589571619999,1.8929947160200575,0.15326580908761422,-0.0670899946791876,5.905016766875122,5.529805558113286,-0.25720030146125167,-0.1903871989327331,2.6554697736112582,2.2785673085171583,0.019353559813487436,-0.009083587871351367,2.445941290855413,6.236069463448015,-0.3495643879494994,-0.2428016838721596,8.400648785040897,2.3742602804127624,0.3550996171418845,-0.027212738976971323,8.839447781177128,4.545174772282131,0.5130622084546648,-0.03346852428739692,4.5211048478071385,3.802493656489391,0.22301337238906688,-0.26031277071238634,2.5372816553990005,7.670638447561735,-0.1793686841885697,-0.00694159285433458,7.540706518120539,7.955783571559574,0.0537539711608535,0.008642995568792965,3.297124150248016,3.9343118858691652,0.027184172216924436,-0.014987773625538072,5.776744993177382,3.497484776764792,0.119953523236061,-0.226732909531565
277,6.37654551739287,1.9732250576638306,-0.04104001179237367,-0.07887893734939555,6.875338955121328,1.3562591442399436,-0.11571570321399123,-0.08249280853801227,1.1901415222345861,7.56641880452019,-0.29685673989281447,0.01509558702178669,2.310723728220094,1.9178319665825612,0.003787559545435414,0.005327741631359,6.662454415865121,7.724864472553477,0.07856255332124959,0.03648844607860913,7.465042744548205,1.6176424638010376,-0.09810136863522138,-0.09430993828516368,1.794059494958648,1.5137566309663288,0.049634022706622816,-0.06753479266700074,1.9583988810009627,3.145629865865674,-0.13400561996375443,-0.19825126127301862,4.38650329112469,6.7096387246374425,0.08247655074527876,0.3349439203459639,8.79425286207438,1.8896402162860981,0.1540480854823514,-0.07021692102657953,5.89215675180206,5.520286198166649,-0.2498573836981831,-0.19238707801172628,2.6564374516019327,2.2781131291235908,0.01907087550649612,-0.008924679467103222,2.428463071457938,6.223929379254407,-0.3345155417444313,-0.22490653936219981,8.41840376589799,2.372899643463914,0.34675923881378995,-0.02356024984034614,8.86510089159986,4.543501346067761,0.45814809287830244,-0.027688035847976904,4.532255516426591,3.7894780179537717,0.22332875373722186,-0.25826079465133184,2.5283132211895722,7.670291367919018,-0.1682949362783325,-0.0015721075841218382,7.543394216678581,7.956215721338014,0.04833979789730658,0.00944452909548355,3.2984833588588622,3.9335624971878884,0.027892379445678277,-0.015050245039333042,5.782742669339185,3.4861481312882137,0.12003464379209491,-0.2185858312217311
278,6.374493516803251,1.9692811107963608,-0.04510896299139043,-0.07503755193142565,6.8695531699606285,1.352134503813043,-0.10658625630413285,-0.08105078447465783,1.1752986852399454,7.567173583871279,-0.2882406316075057,0.014145809221680048,2.310913106197366,1.9180983536641292,0.0007621830631070478,0.008225118733014292,6.666382543531184,7.726688894857408,0.0796086494478736,0.036443506244646685,7.460137676116444,1.6129269668867794,-0.09547290498739758,-0.0875192556515197,1.796541196093979,1.510379891332979,0.03362170973358086,-0.07368127005938058,1.951698600002775,3.135717302802023,-0.13423328401927312,-0.20117985792588483,4.390627118661954,6.7263859206547405,0.0785149522445984,0.3336235652850535,8.801955266348498,1.8861293702347692,0.1544276404445011,-0.0730979492285887,5.879663882617151,5.510666844266063,-0.24205503812553814,-0.19386099211641278,2.6573909953772574,2.2776668951502357,0.018759750589808444,-0.008754412988749617,2.4117372943707163,6.2126840522862965,-0.31896900572461623,-0.20685176925530863,8.43574172783868,2.371721630971897,0.3377396209010431,-0.019931041084694165,8.888008296243775,4.542116944275362,0.40332417467021253,-0.0219683883088239,4.543421954113453,3.776564978221205,0.22307871712070032,-0.25560933606502273,2.5198984743756556,7.670212762539812,-0.15704961035537984,0.0036804945364714344,7.545811206573446,7.956687947792788,0.04292659403744621,0.0102044167950849,3.2998779778311462,3.932809984935922,0.02851492106317096,-0.015073685233719297,5.788744401528789,3.4752188397271273,0.11981385252613784,-0.21007559759581412
279,6.372238068653681,1.9655292331997896,-0.048973590380950824,-0.0710950038055315,6.864223857145422,1.34808196458931,-0.09739575630898595,-0.07943857899154222,1.1608866536595701,7.567880874332363,-0.2790977841795976,0.013182036899021617,2.310951215350521,1.9185096096007799,-0.00217938035745414,0.011072297770180664,6.670362976003577,7.72851107016964,0.08055107955946074,0.03633457200545653,7.4553640308670746,1.6085510041042035,-0.09266489950918134,-0.08066256523800391,1.798222281580658,1.5066958278300098,0.017885619528098407,-0.07950524853528342,1.9449869358018113,3.1256583099057287,-0.13412024242349446,-0.20353961150924685,4.394552866274184,6.743067098918993,0.07444620232957182,0.33149885929980094,8.809676648370724,1.8824744727733398,0.15441258631889115,-0.07573140942298119,5.8675611307108735,5.500973794660243,-0.23382310773296383,-0.19481709067345282,2.658328982906748,2.277229174500798,0.01841964626053204,-0.00857266991799056,2.3957888440844854,6.202341463823531,-0.3029748442509354,-0.1886861020526842,8.452628708883733,2.3707250789176624,0.3280785953390804,-0.016333661923332635,8.908174504977286,4.541018524859921,0.3487254841851291,-0.01632251186852976,4.554575889969487,3.763784511417954,0.22227660953524878,-0.252378511956743,2.5120459938578867,7.670396787266635,-0.14566468023980517,0.008805711873010158,7.547957536275319,7.957198168632542,0.037527870779339105,0.010921695979457502,3.301303723884305,3.932056300674236,0.029052168191612125,-0.01505891381064757,5.794735094155096,3.4647150598473364,0.11929849443234948,-0.20123165523249076
280,6.369789389134634,1.961974483009513,-0.05262882967829372,-0.06706342550295616,6.859354069329973,1.3441100356397329,-0.08816855317295741,-0.07766405168431785,1.1469317644505903,7.5685399761773136,-0.26946290635836845,0.012206994361375453,2.3108422463326486,1.919063224489289,-0.00503158412871489,0.013866266539163799,6.67439052998155,7.730327798769913,0.08139032531564798,0.036164649961687306,7.450730785891616,1.6045178758423033,-0.08968841190545203,-0.07375849394569722,1.799116562557063,1.5027205654032456,0.002458877303419057,-0.08499942437414022,1.9382809236806364,3.1154813293302666,-0.1336744436575621,-0.20533742160821009,4.398275176390663,6.759642041883983,0.07028288378180941,0.3285932120509671,8.817397277686668,1.8786879023021907,0.15401183944531016,-0.0781162882394424,5.855869975324225,5.49123294012657,-0.22519183800489,-0.19526463428627586,2.6592499652197747,2.2768005410048984,0.018050385781576445,-0.008379471620944282,2.3806401018719385,6.192907158720897,-0.28658311429978506,-0.17045744710698713,8.469032638650686,2.3699083958214957,0.31781474636391416,-0.012776389638293417,8.925610779186542,4.540202399266494,0.2944834505254973,-0.010762861368470933,4.56568972044625,3.7511655858201167,0.22093685784663178,-0.2485894351110077,2.5047627598458964,7.6708370728602855,-0.1341717493512314,0.013793597539794252,7.549833929814286,7.957744253431515,0.03215679911759105,0.011595532142233096,3.3027563322938853,3.9313033549837035,0.029504696839184334,-0.015006827460068338,5.8007000188767135,3.454653477085712,0.11849648565959046,-0.19208362243426091
281,6.367157947650719,1.9586213117343652,-0.05607025401725067,-0.06295489914843136,6.854945641671325,1.340226833055517,-0.0789285407245571,-0.07573529111229522,1.1334586191326719,7.569150325895382,-0.25937115602222105,0.011223372794922899,2.310590667126213,1.919756537816247,-0.007789315017199868,0.016603937238740443,6.6784600462473325,7.732136031267998,0.08212697380764702,0.035936798978928666,7.446246365296343,1.6008299511450184,-0.08655467424304301,-0.0668253680226032,1.799239506422234,1.4984705941845387,-0.012626910414463559,-0.09015748269568741,1.9315972014977583,3.105214458249856,-0.1329044892547193,-0.20658143742592616,4.401789320579754,6.776071702486531,0.06603753269191713,0.3249314588351046,8.825097869658933,1.8747820878902186,0.15323507977777148,-0.08025221656193463,5.844610383423981,5.481469708412256,-0.21619179225068563,-0.19521394658209465,2.6601524845088536,2.2763815674238512,0.01765216003620863,-0.00817498276665111,2.366310946156949,6.184384286365548,-0.2698437404867861,-0.15221279327980075,8.484923375968883,2.369269576339581,0.3069872971247794,-0.009267215005571847,8.940334951712817,4.539664256198071,0.24072565399689344,-0.00530139585124224,4.5767365633385815,3.7387361140645665,0.21907490842639207,-0.24426413890652393,2.498054172378335,7.671526752737275,-0.12260198003427247,0.018634771785226233,7.5514417697701655,7.958324030038627,0.026826184570438342,0.012225218160990646,3.3042315671358446,3.9305530136107003,0.02987328185008821,-0.014918395983726965,5.806624843159693,3.4450492959639987,0.11741628087006957,-0.1826612113179056
282,6.364354434949857,1.9554735667769436,-0.05929407067353798,-0.05878142738901229,6.850999214635097,1.3364400684999023,-0.06969910720443441,-0.07366058942536237,1.120490061331561,7.569711494535128,-0.2488580421785814,0.010233824281728223,2.310201201375353,1.9205867346781842,-0.010447903530350501,0.01928214460769469,6.682566394937715,7.733932871216944,0.08276171999631718,0.03565411707499258,7.4419186315841905,1.597488682743888,-0.08327505899243057,-0.05988117401272226,1.7986081609015108,1.4939627200497543,-0.027341700632657652,-0.09497409099826057,1.9249519770350223,3.0948853863785595,-0.13181959760280365,-0.2072810092941788,4.405091197214349,6.792318275428286,0.06172260816981761,0.32053976641951126,8.83275962364782,1.870769477062122,0.15209270950330803,-0.08213945595576594,5.833800793811447,5.471709011083151,-0.20685376804532413,-0.1946763644848023,2.661035092510664,2.275972818285519,0.017225517759652278,-0.007959507893948876,2.3528187591326097,6.176773646701558,-0.2528063932333627,-0.1339981121805266,8.500272740825121,2.3688062155893026,0.29563599725071316,-0.0058138287645725815,8.952371234412661,4.539399186405509,0.18757559375519095,5.044018147690871e-05,4.5876903087599015,3.7265229071192403,0.21670716559704178,-0.23942550151937475,2.4919240733766213,7.672458491326537,-0.11098602557685944,0.023320432680672923,7.552783078998687,7.958935290946677,0.02154844338917046,0.012810173198923653,3.305725231228349,3.929807093811514,0.030158890493621523,-0.014794658225643966,5.812495657203197,3.4359162353981034,0.1160668399861377,-0.17299415142337352
283,6.36138973141618,1.952534495407493,-0.06229711627837499,-0.05455490517570762,6.847514259274876,1.332757039028634,-0.0605030881705034,-0.07144841705282211,1.1080471592226318,7.570223185749215,-0.23795932829097718,0.009240956049376114,2.3096788061988356,1.921550841908569,-0.01300313076608835,0.021897649278072424,6.6867044809375304,7.735715577070694,0.08329536930174634,0.035319728972756446,7.437754878634569,1.594494624043252,-0.07986104743747582,-0.05294352143303184,1.7972410758698778,1.4892140154998412,-0.04165705381936073,-0.09944489038653018,1.918360997154882,3.0845213359138506,-0.1304295670190491,-0.2074466382721603,4.40817732762284,6.808345263749262,0.057350462929040794,0.31544553766722,8.840364259122985,1.8666625042643337,0.15059581078626177,-0.08377888382334664,5.8234581054091805,5.461975192858911,-0.19720871496446998,-0.193664187073487,2.6618963683986467,2.2755748428908213,0.016771344461016347,-0.007733482941514547,2.3401784394709417,6.170073741092532,-0.23552037031005787,-0.11585826612553479,8.515054540687657,2.368515524151074,0.28380101163068666,-0.002423609142084376,8.96175001410042,4.539401708414583,0.1351524708845388,0.0052817338030061636,4.598525667039754,3.7145516320432717,0.21385092906735925,-0.23409716971963798,2.4863747720977782,7.67362451296057,-0.09935396503079605,0.02784236512427038,7.553860501168146,7.959575799606623,0.016335580276008177,0.013349941315505837,3.3072331757530304,3.929067360900232,0.030362675716441277,-0.014636717921553723,5.818298999202504,3.4272665278269345,0.11445759442212895,-0.16311211499790998
284,6.358274875602262,1.9498067501487077,-0.06507685056640722,-0.050287092449263035,6.8444891048663505,1.329184618175993,-0.0513627218444096,-0.06910739751603194,1.0961491928080829,7.570685233551683,-0.22671093714511661,0.008247324962128492,2.3090286496605312,1.9226457243724726,-0.015451232342867414,0.024447145496866173,6.690869249402618,7.737481563519332,0.08372883905365205,0.034936773841785076,7.433761826262695,1.5918474479716005,-0.07632419852391385,-0.046029607232801875,1.7951582231789098,1.4842417709805147,-0.055546168924814586,-0.1035664845625974,1.9118395188039297,3.0741490040002426,-0.1287447382058814,-0.20708992400245682,4.411044850769292,6.824117540632622,0.05293331479885886,0.30967731521768727,8.8478940496623,1.8624735600731663,0.14875610276338344,-0.08517197735434841,5.813597669660957,5.452291983505236,-0.18728765379052387,-0.1921906231862426,2.6627349356216974,2.2751881687437456,0.01629083333946096,-0.007497463229403307,2.328402420955439,6.164280827786255,-0.2180344819767523,-0.09783692094146648,8.529244591269192,2.3683943436939696,0.271522810658034,0.0008963895617530525,8.968507637644647,4.5396657951047334,0.08357098710126498,0.010382118983543508,4.609218213493121,3.70284677355729,0.21052433053692618,-0.22830348246109622,2.4814070738462384,7.675016631216784,-0.0877352409344421,0.032192948175076216,7.554677280181947,7.960243296672398,0.011199167632202005,0.013844189796176172,3.3087513095388523,3.928335525004154,0.030485969082456474,-0.014445739479501628,5.8240218789236105,3.419110922077039,0.11259841289725506,-0.15304464410452456
285,6.355021033073942,1.9472923955262447,-0.06763134870654272,-0.045989587778040304,6.84192096877413,1.3257292483001915,-0.04229960695604188,-0.06664628242502947,1.084813645950827,7.571097599799789,-0.21514885745717513,0.00725543226193864,2.3082560880433878,1.923868081647316,-0.01778889984538306,0.02692727243953831,6.6950556913553,7.739228402211421,0.08406315954603705,0.03450839353043346,7.429945616336499,1.5895459676099604,-0.07267611821459725,-0.03915618208399508,1.792380914732669,1.4790634467523849,-0.0689839135180837,-0.10733642665829661,1.9054022818936356,3.06379450780012,-0.12677595619549525,-0.20622351099381553,4.4136915165092345,6.8396014063935064,0.048483219214608894,0.3032646844852248,8.855331854800468,1.8582149612054488,0.14658589791411136,-0.08632079633751676,5.804233286971431,5.442682452345924,-0.1771215973585152,-0.19026973792849558,2.6635494772886705,2.2748132955822755,0.015785450930435155,-0.007252109124012916,2.317500696856601,6.159388981739182,-0.20039693992600421,-0.07997646372168606,8.542820731802093,2.368439163172057,0.25884206218062095,0.004139447320849766,8.972686186999711,4.540184901053911,0.03294115923536168,0.015341790200059886,4.619744430019968,3.6914315994342353,0.20674626964708556,-0.2220693944597189,2.4770203117995164,7.6766262786255375,-0.07615860002792,0.03636516073680122,7.555237238563557,7.9609355061622065,0.006150326353800962,0.014292707211540988,3.310275607992975,3.927613238030179,0.030530273425030195,-0.01422294370369695,5.829651799568473,3.4114586898718127,0.1104995669244477,-0.14282107969597901
286,6.351639465638614,1.9449929161373427,-0.06995929226675884,-0.04167380299247499,6.8398059884263285,1.3223969341789399,-0.03333466313527234,-0.064073926717512,1.0740562030779683,7.571460371412886,-0.2033090524185694,0.006267718566848216,2.3073666430511186,1.9252144452692928,-0.020013280117122157,0.02933462851754818,6.699258849332602,7.740953821887943,0.08429947439603344,0.034037721170470804,7.426311810425769,1.5875881585057605,-0.06892842941670377,-0.03233951854582645,1.7889317190567648,1.47369662541947,-0.08194684907420904,-0.11075320399019685,1.8990634840838607,3.053483332250429,-0.12453453188985408,-0.20486103350038412,4.416115677469965,6.854764640617768,0.04401204273296804,0.29623817623302967,8.862661149696175,1.853898921388573,0.14409805792916264,-0.08722796490272003,5.795377207103505,5.433168965449499,-0.16674147320283048,-0.1879163982442266,2.6643387498351925,2.274450690126075,0.015256899718489512,-0.006998170393553405,2.3074808498603008,6.155390158553098,-0.18265525022158294,-0.06231792563004648,8.555762834911125,2.3686461355380994,0.24579952538849817,0.007299187662064685,8.97433324496148,4.540951990563913,-0.01663185040164724,0.020151514338704497,4.6300817435023225,3.680328129711249,0.2025363494531486,-0.21542039995222328,2.4732123817981204,7.6784445366623775,-0.06465203704172487,0.04035258561404542,7.5555447548812475,7.961650141522783,0.0011997081882794197,0.014695401217031258,3.3118021216642264,3.9269020908449943,0.030497255236333443,-0.013969603473588643,5.835176777914695,3.4043176358870135,0.1081716960687174,-0.1324704927873858
287,6.348141501025276,1.942909225987719,-0.0720599588662032,-0.0373509388571037,6.838139255269565,1.3191932378430642,-0.024488093892631957,-0.061399264196619875,1.0638907504570398,7.571773757341229,-0.19122737036228585,0.005286559133480206,2.3063659790452626,1.9266811766951701,-0.022121972640251748,0.03166578807235786,6.703473823052404,7.742655707946466,0.0844390404690816,0.033527870367023496,7.422865388954934,1.5859711825784693,-0.06509274254322113,-0.025595381140902044,1.7848343766030543,1.4681589652199603,-0.09441325145763604,-0.11381622082215384,1.892836757489368,3.0432402805754095,-0.12203220330136519,-0.20301705916680396,4.418316279606613,6.86957654942942,0.039531437615331684,0.28862916897592633,8.869866052592632,1.849537523143437,0.14130594919905232,-0.08789665226294943,5.787040133443364,5.423773145537288,-0.15617804815764158,-0.1851462177072431,2.6651015948211167,2.274100781606397,0.014707079524471395,-0.0067364700653095595,2.2983480873492215,6.152274262271596,-0.16485611040995718,-0.04490090983139371,8.56805281118055,2.369011094921203,0.23243594686072688,0.010369585876447117,8.973501652441398,4.541959566280848,-0.06504788769581939,0.02480264089838286,4.64020856097498,3.669557109713638,0.19791481158994234,-0.20838245682126574,2.4699797799460343,7.68046216594308,-0.053242741630114804,0.044149411967516525,7.555604740290661,7.962384911583635,-0.003642520338988595,0.015052296104355425,3.313326984426043,3.926203610671315,0.030388736818791538,-0.013687039389973801,5.840585362718131,3.3976941112476444,0.10562577306706926,-0.12202161785226744
288,6.344538503081966,1.9410416790448637,-0.07393321056999455,-0.03303196181763551,6.836914850574933,1.3161232746332332,-0.015779352223219384,-0.058631283421956275,1.0543293819389254,7.572038085297903,-0.17893945772636297,0.0043142593895292534,2.3052598804132503,1.928264466098788,-0.02411302512773117,0.033917319976043574,6.707695775075858,7.744332101464817,0.08448322668198804,0.032981924644493926,7.419610751827773,1.584691413521424,-0.061180626768033784,-0.018938998374736185,1.7801137140301726,1.4624681541788525,-0.10636312665879184,-0.11652577922333641,1.8867351473243,3.0330894276170692,-0.11928109659786389,-0.20070703160781234,4.42029285148738,6.884008007878216,0.03505281751880382,0.280469791459668,8.876931350052585,1.8451426905302895,0.13822339804237188,-0.0883305525269163,5.779231231035482,5.414515834651926,-0.14546185505557535,-0.18197550068807364,2.6658369487973403,2.2737639581031317,0.014138049066677715,-0.006467888409729698,2.2901052818287235,6.150029216780026,-0.1470453109680681,-0.02776352461363212,8.579674608523586,2.3695295742150253,0.2187919589826786,0.013344976166314816,8.970249258056606,4.543199698325767,-0.1122119444316331,0.02928711050822251,4.650104301554477,3.6591379868725746,0.19290247129968338,-0.20098191126870157,2.4673176428645287,7.682669636541456,-0.04195704851119069,0.04775043619811572,7.555422614273712,7.963137526388853,-0.008366692423545603,0.015363530116453888,3.3148464212669824,3.9255192587018164,0.030206688223597355,-0.013376615399765363,5.845866651371485,3.3915930303550312,0.10287306890029052,-0.1115027885585586
289,6.340841842553466,1.939390080953982,-0.07557948108402561,-0.028727581857011266,6.836125882963772,1.3131917104621353,-0.007227108860810563,-0.05577900400616771,1.0453824090526074,7.572253798267379,-0.16648067448043244,0.0033530507413433814,2.3040542291568635,1.9299603320975902,-0.0259849274936426,0.03608580768401417,6.7119199364099575,7.745981197697041,0.08443351276418551,0.03240292763203649,7.416551720489371,1.5837444636026872,-0.05720358203086808,-0.012385036724872213,1.774795557697233,1.4566418652176856,-0.11777822185127466,-0.11888305811243403,1.8807710924944068,3.0230540760366784,-0.1162936870536967,-0.19794721208987848,4.422045492363321,6.8980314974512,0.030587334330650816,0.27179282545887634,8.883842519954703,1.8407261629039435,0.1348646457916108,-0.08853386365362662,5.771958138282703,5.405417059617522,-0.13462312166066664,-0.1784211860501153,2.6665438512506743,2.2734405636826454,0.013551988799756576,-0.0061933475472013095,2.2827530162803202,6.148641040549344,-0.12926764123620135,-0.010942321751736078,8.59061420647272,2.370196823023341,0.20490798093442975,0.016220057734244703,8.964638660835025,4.544664053851179,-0.1580342800298119,0.033597461775570214,4.659749425119461,3.6490888913091397,0.18752065248770602,-0.19324542321289837,2.465219790438969,7.685057158351362,-0.030820390866164393,0.051151061293031146,7.555004279652534,7.963905702894675,-0.012963653905141214,0.015629352537989003,3.316356755678162,3.924850427931828,0.029953219001236053,-0.013039734410837207,5.8510103048165,3.3860178909271035,0.09992511790501356,-0.10094187595256181
290,6.337062868499265,1.9379537018611313,-0.07699976180878089,-0.024448231490858535,6.835764527520732,1.310402760261827,0.0011507767980960884,-0.05285145336721897,1.0370583753285858,7.5724214508044465,-0.15388601217133427,0.0024050866608883465,2.3027549827821816,1.9317646224817908,-0.027736604232288537,0.0381678703725013,6.716141612048167,7.747601344078643,0.08429148723734439,0.031793873774154414,7.413691541387828,1.5831252117664436,-0.05317301184521144,-0.0059475766203179944,1.7689066466046692,1.450697712312064,-0.12864203184729844,-0.12089009058124588,1.874956408141722,3.0131567154321846,-0.11308276000663905,-0.1947546204808734,4.423574859079853,6.9116211387241435,0.026145856178404613,0.26263160912945527,8.890585752244283,1.8362994697212622,0.13124430385201288,-0.08851126562085188,5.76522698219967,5.396496000315016,-0.12369170196299174,-0.17450079052638576,2.667221450690662,2.273130896305285,0.012951165789735965,-0.005913797009686167,2.2762896342185104,6.148093924461757,-0.1115667999702111,0.0055277598501466615,8.600859605519442,2.3710078259100533,0.1908241224399304,0.018989899822560555,8.956736946833534,4.546343926939957,-0.20243052737695716,0.037726836484963666,4.669125457743847,3.6394266201484946,0.1817911229677789,-0.1851998925803185,2.463678770895661,7.687614711416013,-0.01985725704098578,0.054347294670078386,7.554356096957277,7.964687170521575,-0.01742477461863805,0.01585012057369463,3.317854416628224,3.9241984412112862,0.029630569788874798,-0.012677833908132832,5.856006560711751,3.3809707971294753,0.09679368301236778,-0.09036622919031856
291,6.3332128804088255,1.9367312902865883,-0.07819558681270722,-0.02020404592921709,6.835822066360637,1.307760187593466,0.00933728308768208,-0.049857643984228525,1.029364074720019,7.572541705137491,-0.14119001473376247,0.0014724390555913226,2.3013681525705674,1.9336730160004159,-0.02936740528438247,0.04016018476868714,6.720356186410035,7.749191037767351,0.08405884518664258,0.03115769964182932,7.411032890795568,1.5828278329354277,-0.04910019695911905,0.0003599095734345458,1.7624745450123043,1.4446532077830017,-0.13893980103879344,-0.12254973959305633,1.8693022701413902,3.0034189844081407,-0.10966137191812361,-0.1911469756318688,4.424882151888773,6.924752719180616,0.021738946644137946,0.25301994114462256,8.897147967436883,1.8318739064402196,0.12737730884642592,-0.08826789787976244,5.7590423971015205,5.387770960788697,-0.11269700995360707,-0.17023235192562416,2.667869008980149,2.272835206454801,0.01233790117618477,-0.005630200498047203,2.27071129422,6.148370312454264,-0.09398531063278011,0.02161344521636167,8.610400811641439,2.3719573209011813,0.17658009045545744,0.021649945714332895,8.946615420464687,4.548230268764205,-0.24532178284034922,0.04166898317218336,4.678215013892236,3.630166625519479,0.1757360300546307,-0.17687238665552085,2.4626859080436114,7.690332076149517,-0.009091150584271217,0.05733574455946688,7.553484858226345,7.96547967655026,-0.021741958179534608,0.016026296027162622,3.319335945117668,3.9235645495158797,0.02924110375931948,-0.012292381581968983,5.860846244862369,3.3764524856699594,0.0934907211972756,-0.07980261890724998
292,6.32930310106819,1.9357210879901274,-0.07916901678701342,-0.016004844427889534,6.836288930515021,1.3052673053942545,0.017316249778033168,-0.04680655120239479,1.022304573983331,7.57261532709027,-0.12842670220170163,0.0005570949237745092,2.299899782306348,1.93568102523885,-0.03087709540981926,0.0420595073588133,6.724559128669367,7.750748922749442,0.08373738482003154,0.030497275628875508,7.408577880947612,1.5828458284140994,-0.04499626991556594,0.006524577553894067,1.7555275549603646,1.4385257208033488,-0.1486585209208828,-0.12386567215311842,1.863819201545484,2.9938616356265473,-0.10604281163180446,-0.1871426353528871,4.42596909922098,6.9374037162378475,0.01737684520778195,0.24299198583658702,8.903516832879204,1.8274605115462315,0.1232788779563486,-0.08780933616814811,5.753407546603841,5.379259343192416,-0.10166795598954953,-0.16563437231356565,2.6684859040389584,2.2725536964298985,0.011714540540068905,-0.00534352396962642,2.266012028688361,6.149450984715082,-0.07656444152885937,0.03728316904879596,8.619229816164212,2.373039818186898,0.16221509896449648,0.02419601570925453,8.93434933132267,4.550313717922814,-0.28663468059871416,0.04541825910101017,4.687001815394967,3.621323006186703,0.16937783665689174,-0.16829006864739238,2.462231350514398,7.69319886337749,0.001455446353627956,0.06011361496494548,7.552397760317368,7.966280991351618,-0.025907650214862153,0.016158441792859694,3.3207980003056337,3.9229499304367814,0.02878729795603085,-0.011884870979188906,5.865520780922233,3.372462354724597,0.0900283492200298,-0.06927718330828231
293,6.325344650228839,1.934920845768733,-0.07992262204493018,-0.011860112849272122,6.837154743003923,1.3029269778341348,0.025072399093406285,-0.04370709163014633,1.015883238873246,7.572643181836459,-0.11562949744610793,-0.0003390467023858584,2.298355927535857,1.9377840006067908,-0.0322658421273332,0.04386269672826628,6.7287459979103685,7.7522737865308855,0.08332900446291387,0.029815398539269147,7.406328067451834,1.583172057291794,-0.04087219055570388,0.012534229060908519,1.7480946289143204,1.432332437195693,-0.15778692330332295,-0.1248423320501963,1.8585170609638937,2.984504503858903,-0.10224056192284797,-0.1827605361418003,4.426837941481369,6.949553315529677,0.013069448940724489,0.2325821795583908,8.909680776777021,1.823070044737824,0.11896446456640719,-0.08714156875462473,5.748324148804363,5.370977624576738,-0.09063288584970942,-0.16072576131199454,2.669071631065962,2.2722865202314173,0.011083427334808738,-0.005054725115331142,2.262183806611918,6.151315143167522,-0.059344130875954706,0.05250711617237851,8.627340571112438,2.3742496189723608,0.14776778203467086,0.026624309090017284,8.920017597292734,4.552584630877864,-0.32630145145601913,0.048969630673685864,4.695470707227812,3.6129085027543333,0.16273925801895966,-0.15948012762282832,2.4623041228320792,7.696204544125737,0.01176110624454032,0.06267869924888844,7.551102377806625,7.967088913441261,-0.02991484505385766,0.016247218174346423,3.3222373652034354,3.9223556868878218,0.028271734538426147,-0.011456817187523413,5.870022198383234,3.368998495559183,0.08641880973922196,-0.05881537705202071
294,6.321348519126593,1.9343278401262693,-0.08045946462943149,-0.0077789874490504255,6.838408362958593,1.3007416232526274,0.03259135405144997,-0.040568102169198095,1.0101017640009406,7.572626229501339,-0.10283115605389981,-0.0012141775252016527,2.2967426354294904,1.939977135443204,-0.03353420220603545,0.04556673567525634,6.732912448133514,7.753764556457849,0.08283569839123282,0.029114784601432388,7.4042844579240485,1.5837987687448394,-0.03673872250504946,0.018377327836362877,1.7402052827491543,1.4260903205931832,-0.16631546932389987,-0.12548491126946446,1.8534050328677514,2.975366477051813,-0.09826826142753589,-0.17802013282260842,4.427491413928405,6.961182424507596,0.00882629546732401,0.22182513847255803,8.915629000005342,1.818712966300093,0.11444971431632343,-0.08627097218601906,5.743792504511878,5.362941336511138,-0.07961952257339143,-0.1555257796546788,2.6696258024327024,2.2720337839756506,0.01044687941132533,-0.0047647442277176915,2.2592166000681204,6.153940498976141,-0.04236291688555051,0.0672572566952495,8.63472896021417,2.3755808344268616,0.13327611028067962,0.028931405096987835,8.903702524719932,4.555033112411548,-0.3642599663403947,0.05231867230929215,4.7036076701287595,3.604934496373192,0.1558431992553337,-0.15046970995225986,2.462892178144306,7.699338479088182,0.021805486022295817,0.06502937238832047,7.549606635553933,7.967901274349978,-0.03375709089634114,0.01629337904181384,3.3236509519303565,3.9217828460284454,0.027697091961371476,-0.011009752563201575,5.874343138870195,3.366057726706582,0.08267443787238427,-0.04844192299389496
295,6.317325545895121,1.9339388907538169,-0.08078307959420794,-0.0037702399017110876,6.840037930661166,1.2987132181441676,0.039859654137809064,-0.0373983197156982,1.0049602061982457,7.572565520625079,-0.09006369945288162,-0.0020665824606910686,2.2950659253191885,1.942255472226967,-0.034683106796784845,0.047168752966129796,6.737054233053076,7.755220295687921,0.0822595528142754,0.028398063278530603,7.402447521798796,1.5847176351366574,-0.03260641067927215,0.024043013569778608,1.7318895092829594,1.41981607502971,-0.17423633438570407,-0.12579932017812542,1.8484916197963746,2.9664654704106823,-0.0941396670397995,-0.17294133824604185,4.427932728701771,6.972273681431224,0.004656547208406748,0.2107555679649751,8.921351485721159,1.814399417690792,0.10975042166107571,-0.08520428660974198,5.739811528383208,5.355165047528405,-0.06865491116435712,-0.15005398313551596,2.670148146403269,2.2717955467642645,0.009807168557646838,-0.004474496410377904,2.257098454223843,6.157303361810904,-0.02565787291771654,0.08150737591461775,8.641392765728204,2.377027404681711,0.11877731086545151,0.031114262931059077,8.885489526402912,4.557649046027013,-0.4004537647240208,0.05546156382732406,4.711399830091526,3.597411010875579,0.14871269381575095,-0.14128585240439856,2.463982452445421,7.702589947707597,0.031569353539996084,0.0671645819511445,7.547918781009116,7.968715943302068,-0.0374284934801279,0.016297767842158726,3.325035806528425,3.9212323584002853,0.027066136112397114,-0.010545222511518966,5.878476860763814,3.3636356305568875,0.07880762827786945,-0.038180766844592304
296,6.313286391915411,1.9337503787587313,-0.08089745552329142,0.0001577364255673907,6.842030913368056,1.2968433021583827,0.04686476833688056,-0.03420636156811281,1.0004570212256017,7.572462191502044,-0.07735835137675415,-0.0028946418289802337,2.2933317699793494,1.9446139098752735,-0.03571384521687983,0.04866604439472954,6.741167210693789,7.756640198851847,0.08160274108620558,0.027667771504175303,7.400817201264832,1.5859197858151464,-0.028485559842876623,0.029521113840268044,1.7231776925636741,1.4135261090208038,-0.18154338914765342,-0.1257921565858962,1.8437846364443846,2.95781840349838,-0.08986861685818766,-0.16754446320183292,4.428165556062192,6.982811459829472,0.0005689769172941197,0.19940817387390036,8.926839006804213,1.810139203360305,0.10488248703641835,-0.08394859074240678,5.73637878282499,5.347662348371629,-0.05776536623411519,-0.14433016708019553,2.670638504831151,2.2715718219437457,0.009166502927333158,-0.004184865059715353,2.255815560577957,6.161378730606635,-0.009264547756864548,0.09523309901176366,8.647331631271477,2.378583117828264,0.10430779115990242,0.03317022080653608,8.86546683816671,4.56042212421838,-0.43483206823220516,0.058395086376631954,4.718835464782313,3.590346718255359,0.14137084301401945,-0.13195541702035313,2.4655609201224205,7.705948176805155,0.04103461065469811,0.06908383784392712,7.54604735633511,7.9695308316941755,-0.04092371827207916,0.016261313474890474,3.326389113334045,3.9207050972747095,0.02638171142974368,-0.010064781329720416,5.8824172421777075,3.3617265922146577,0.07483080282853656,-0.028055034791537488
297,6.309241519139246,1.9337582655800096,-0.08080701435516228,0.003996938944418184,6.8443741517849,1.295132984079977,0.05359510554563074,-0.031000706574927813,0.9965891036567639,7.572317459410595,-0.06474547775389766,-0.0036968332569104305,2.2915460777185053,1.94704721209501,-0.03662804746814629,0.050056093039159276,6.7452473477481,7.758023587427056,0.08086751904174186,0.02692634878403547,7.399392923272688,1.5873958415071598,-0.024386214250692817,0.0348021540700708,1.7141005231062916,1.407236501191509,-0.18823217670458978,-0.1254706737830274,1.8392912056014752,2.9494411803382885,-0.08546899376351663,-0.1618501566881141,4.428194004908057,6.992781868523167,-0.003428045484561725,0.18781757571519006,8.932083131156034,1.8059417738231847,0.0998618747232247,-0.0825112765552306,5.733490514513284,5.340445840017619,-0.04697642264921841,-0.1383743114684193,2.6710968299775177,2.27136257869076,0.008527012149755035,-0.003896696509545464,2.255352333190114,6.166140385557223,0.006783088957260441,0.10841191059169436,8.652547020829472,2.380241628868591,0.0899030661698284,0.0350969940777985,8.8437252347551,4.563341878537211,-0.4673497797408749,0.061116616952638814,4.725904006933014,3.583748947404341,0.1338407567477919,-0.12250502788989784,2.4676126506551554,7.709402368697351,0.050184312957682595,0.0707872008845123,7.544001170421506,7.97034389736792,-0.04423799121053131,0.016185026047198552,3.3277081989055324,3.9202018582082236,0.025646732023875584,-0.00956998812118804,5.886158782319134,3.360323840475081,0.07075637894474232,-0.018086994122697556
298,6.305201168421489,1.9339581125272305,-0.08051659057742815,0.007739767059233792,6.847053907062182,1.2935829487512307,0.06004002240331995,-0.027789677052652152,0.993351829769069,7.57213261774775,-0.052254530093170694,-0.004471733294569903,2.289714675345098,1.949550016746968,-0.037427665542857716,0.051336588450746706,6.749290723700187,7.759369904866258,0.0800562198165029,0.02617613285974919,7.398173612560154,1.5891359492106634,-0.0203181383987064,0.03987736550952781,1.7046889142710622,1.4009629675023576,-0.1942998860997336,-0.12484274765876557,1.8350177559132994,2.941348672503883,-0.0809546897040669,-0.15587934667923364,4.4280226026338285,7.002172747308927,-0.007326564768664416,0.1760182220757628,8.937076224892195,1.8018162099954231,0.09470457150026987,-0.08090002374587782,5.731141693380823,5.333527124444198,-0.03631278923835876,-0.13220652682923698,2.6715231805850057,2.271167743865283,0.007890734929095847,-0.0036107957403811388,2.2556914876379768,6.171560981086808,0.02245269612292446,0.12102316913459739,8.657042174137963,2.3819964785724808,0.07559768982660652,0.036892672465263024,8.820357745768057,4.566397709384844,-0.49796746829124733,0.06362412154830392,4.732596044770403,3.577623696009846,0.12614549553068496,-0.11296100994515304,2.4701218663030398,7.712941728741576,0.059002686176455724,0.07227527025447307,7.5417892708609795,7.97115314867028,-0.04736709802984198,0.0160699925215117,3.328990535506726,3.9197233588021643,0.024864172824579825,-0.00906240278954468,5.889696601266371,3.359419490768946,0.06659673865097161,-0.008298016883599775
299,6.301175338892617,1.9343451008801922,-0.08003140985824948,0.011379032123817967,6.850055908182347,1.292193464898598,0.06618982857570288,-0.02458142150199607,0.9907391032644105,7.571909031083021,-0.039913992429577154,-0.00521801874814563,2.2878432920679552,1.9521168461695053,-0.03811495362189335,0.052505444622720616,6.753293534691013,7.760678711509246,0.07917124813955398,0.025419355800199883,7.397157705640218,1.5911298174861397,-0.016290798907392913,0.04473869127782321,1.6949739199660754,1.3947208301194194,-0.19974532231823733,-0.12391684300315273,1.8309700214280962,2.933554705169921,-0.07633957076169462,-0.14965318152885493,4.427656274395395,7.0109736584127145,-0.011119050956953135,0.1640443083380332,8.941811453467208,1.7977712088081292,0.08942654617108087,-0.07912277406537079,5.729326053918905,5.3269167981027365,-0.02579830560614755,-0.12584700102736318,2.6719177173314606,2.270987204078264,0.007259608894612055,-0.003327923031263438,2.256814122444123,6.1776121395435375,0.037713605387053734,0.1330481164374486,8.660822058629293,2.383841112195744,0.061425190226540596,0.038555716407846434,8.795459372353495,4.569578915462259,-0.5266513401785083,0.06591614698669579,4.738903319546938,3.5719756455125884,0.11830801395213626,-0.10334932987930212,2.4730720006118627,7.7165554922543,0.0674751392823653,0.07354916988797354,7.539420915959488,7.971956648296356,-0.050307382200643555,0.015917372268849036,3.330233744147955,3.919270238662687,0.024037060775206773,-0.008543582120889437,5.89302643819892,3.359004589924766,0.062364198417183325,0.001291453409827309
300,6.297173768399705,1.934914052486383,-0.07935706718060669,0.014907966144139454,6.853365399611133,1.2909643938234983,0.07203578953776794,-0.02138389814747475,0.9887434036429317,7.571648130145614,-0.02775133188234053,-0.005934467732145543,2.2859375443868606,1.9547421184006413,-0.03869244728952352,0.05356081662141457,6.75725209709799,7.7619496792992555,0.07821507507412838,0.02465814114949435,7.396343165694849,1.5933667520500308,-0.012313347557365493,0.04937879048813742,1.6849866538501634,1.3885249879692618,-0.20456887291602915,-0.12270197909478328,1.8271530428900113,2.9260720460934784,-0.07163744306862149,-0.1431929721405376,4.427100321847547,7.019175873829616,-0.014798408578612966,0.15192969688855748,8.946282780775762,1.7938150701048607,0.08404371004637093,-0.07718770556751173,5.728036138638598,5.320624448051368,-0.015455902091645728,-0.11931594705346316,2.6722806977761913,2.2708208079267007,0.006635462480668168,-0.0030487914442700907,2.2586998027134757,6.1842645453654095,0.05253686017927246,0.14446988213489204,8.66389331814062,2.3857688980161362,0.047418008891909835,0.04008495257070209,8.76912680534457,4.572874722811593,-0.5533731965978597,0.0679918114852571,4.744818720244544,3.5668081790186235,0.11035110567422454,-0.09369553929023458,2.476445757575981,7.720232950748699,0.075588274345186,0.07461053385500031,7.5369055468494555,7.972752516909798,-0.0530557415221005,0.01572839254119914,3.3314355971867156,3.9188430595566426,0.023168466095006602,-0.008015075961976708,5.896144648119779,3.3590691625952576,0.0580709798426123,0.010661931988127708
301,6.293205915040675,1.93565945079359,-0.07849950454525936,0.018320229233643362,6.856967189088021,1.2898951989161245,0.0775701269043421,-0.018204859323061477,0.9873558370488147,7.571351406759007,-0.01579295286771088,-0.006619960444675094,2.2840029220223843,1.957420159231712,-0.03916294183197914,0.054501115654312884,6.761162850851696,7.76318258635673,0.07719023248817494,0.023894501335548518,7.3957274983169805,1.5958356915744376,-0.00839460549382029,0.05379104048999921,1.6747582102043619,1.3823898890145228,-0.2087724714430806,-0.1212076946766152,1.8235711707365803,2.9189123974864515,-0.06686201964097095,-0.1365201350331061,4.426360401418616,7.0267723586740445,-0.0183579846323389,0.13970783995447356,8.950484966278081,1.7899556848264853,0.07857187845935103,-0.07510320684693572,5.727263343534015,5.314658650698695,-0.005307562900991082,-0.1126335519263422,2.6726124709002246,2.270668368354487,0.006020008614934808,-0.002774065030089366,2.2613266457224395,6.191488039472154,0.06689524958821809,0.15527348339880578,8.666264218585216,2.387773145644671,0.03360744411507852,0.041479568538466745,8.741458145514677,4.5762743133858566,-0.578110378256281,0.06985079400388763,4.750336275528255,3.562123402054112,0.1022973500683803,-0.08402472014119548,2.4802251712932404,7.7239634774414485,0.08332989318323027,0.07546149079813148,7.53425275977335,7.973538936536858,-0.05560962340501941,0.015504343876068359,3.3325940204914657,3.9184423057585436,0.02226149362987341,-0.007478423501734579,5.8990481971119095,3.359602259194664,0.0537291812363626,0.01979491996844602
302,6.289280939813412,1.9365754622552722,-0.07746498830784422,0.02160991583054932,6.8608456954332375,1.2889849559499713,0.08278601636290751,-0.015051836723889848,0.9865661894054292,7.571020408736773,-0.004064154998741125,-0.007273479670061049,2.2820447749307853,1.9601452150144276,-0.039529469813442686,0.05532502255896975,6.765022362476105,7.764377311423507,0.07609930673935673,0.02313033576779296,7.395307768042289,1.5985252435989377,-0.0045430486129703,0.057969537265594125,1.6643195866322078,1.376329504280692,-0.21235955782466565,-0.11944401242116437,1.8202280697545317,2.912086390734796,-0.06202688819134012,-0.129656136423009,4.425442502187,7.033757750671768,-0.021791575263275152,0.12741170520152031,8.954413560201049,1.7862005244841386,0.07302673338689068,-0.07287785133045534,5.726997965388966,5.309026973102378,0.004625707565126329,-0.1058199268097656,2.6729134713309715,2.2705296651029827,0.005414840014690139,-0.0025043576578488783,2.2646714082018504,6.199251713642094,0.08076333711149189,0.16544581992578447,8.66794459079097,2.3898471240715944,0.020023598435438182,0.04273910672561054,8.712552626601862,4.579766853086051,-0.6008456973817471,0.07149332243083925,4.755451143031674,3.557922166047052,0.09416906058849661,-0.07436143262265678,2.4843916659524017,7.727736551981355,0.09068900086446045,0.07610464748304688,7.5314722786031,7.974314153730662,-0.057967018887060094,0.015246575446212851,3.3337070951729593,3.918068384583457,0.021319274311131044,-0.006935149663093552,5.901734656173728,3.3605920051930864,0.0493507501456626,0.028672928419286044
303,6.28540769039802,1.9376559580467996,-0.07626008621500131,0.02477155968944852,6.8649849962513825,1.2882323641137767,0.08767758326774795,-0.011932127541389852,0.9863629816554921,7.57065673475327,0.007410905305673664,-0.007894111013700671,2.2800683014401133,1.962911466142376,-0.03979527804320373,0.056031499508455464,6.7688273278130735,7.765533828211897,0.07494493303092965,0.022367429597169947,7.395080615611641,1.6014237204622173,-0.0007667941404069924,0.06190909402057416,1.6537016087409746,1.3703573036596337,-0.21533503586810337,-0.11742140298540826,1.8171267253449646,2.9056035839136456,-0.05714547997884763,-0.12262243744058156,4.424352923423836,7.040128335931844,-0.02509343116685717,0.11507370421750474,8.958064896870393,1.7825566319176158,0.06742378724509346,-0.07052037168476963,5.7272292507672224,5.30373597676189,0.014323915176843267,-0.09889505844128756,2.673184213331706,2.2704044472200904,0.0048214258963721794,-0.0022402323714956762,2.268709575057425,6.207524004638383,0.0941174843227133,0.17497566433109168,8.668945770712742,2.391984079407875,0.0066953302875011195,0.04386345753672958,8.682510341732774,4.583341519207593,-0.6215673575834358,0.07292016066210737,4.760159596061099,3.5542040944159194,0.08598823497043906,-0.06472966549172855,2.488926115995625,7.731541784355508,0.09765580612070182,0.07654307152384407,7.528573927658747,7.975076482502972,-0.06012645542353723,0.014956490367413564,3.3347730588885156,3.917721627100302,0.020344956741282557,-0.0063867616116642205,5.904202193681011,3.3620256516140508,0.044947456879139175,0.03727949935893395
304,6.28159468608727,1.938894536031272,-0.07489164420370988,0.027800137662298875,6.86936887541477,1.2876357577367072,0.09223989595906013,-0.008852781496642627,0.9867335269207758,7.570262029202585,0.018609249489974937,-0.008481042874574159,2.278078537537953,1.965713041117799,-0.03996380409326142,0.05661979991250403,6.77257457446462,7.766652199691755,0.07372978946131756,0.021607453023690295,7.39504227590462,1.604519175163246,0.002926411591874647,0.06560523801351571,1.6429348569475695,1.3644862335103634,-0.2177052280658935,-0.11515074875449315,1.8142694513460222,2.8994724620416163,-0.05223103975118909,-0.11544044059165728,4.423098251865493,7.045882021142719,-0.02825826173469144,0.10272562399508572,8.961436086232649,1.7790306133333773,0.061778347923373944,-0.06803963440189993,5.727945446526064,5.298791223839825,0.02376810332935446,-0.09187876196499707,2.6734252846265245,2.2702924356015157,0.00424110992757668,-0.0019822011941295734,2.273415449273561,6.216272787854938,0.10693586951087544,0.18385364807645177,8.669280537227117,2.3941772522847113,-0.006349790152826124,0.04485285181075662,8.651431973853603,4.586987527240699,-0.640268862036628,0.07413259463151665,4.764459007809621,3.550967611141333,0.07777650734136173,-0.0551527889575169,2.49380890630166,7.7353689379317,0.10422171874337599,0.07678027334491369,7.52556760488757,7.975824307021343,-0.06208698849938479,0.014635540976968727,3.33579030672558,3.917402289019719,0.019341698924902465,-0.005834745387362881,5.9064495665249686,3.3638896265819973,0.04053086906891467,0.04559922370404245
305,6.277850103877085,1.940284542914387,-0.07336676302716322,0.03069107228660435,6.873980870212723,1.287193118661875,0.09646895687492014,-0.005820588784160608,0.9876639893952746,7.569837977058856,0.029509107806404495,-0.009033566161391537,2.27608034733329,1.9685440311134241,-0.040038652558789176,0.057089476439913994,6.776261063937686,7.76773257234294,0.0724565911546203,0.02085196110111928,7.395188596484214,1.6077994370639217,0.006529204166200281,0.0690542056715823,1.6320495955442749,1.3587286960726388,-0.21947782786906864,-0.1126433073718874,1.8116578993584629,2.8937004400120334,-0.0472965968292749,-0.10813143757035466,4.421685338778759,7.051018302342474,-0.031281237960412725,0.09039856151768344,8.964525003628816,1.7756286316132823,0.056105485116584655,-0.06544461462189005,5.729133851692532,5.294197285741576,0.032940376990110785,-0.08479063525451064,2.6736373401229034,2.2701933255418094,0.00367510926402939,-0.0017307253031048284,2.2787622427491048,6.225465470258761,0.11919850135852673,0.19207224306735013,8.668963047719476,2.3964198948752493,-0.0190855209078639,0.04570785258409116,8.619418530751771,4.590694156972274,-0.6569489104845317,0.07513241735003544,4.768347833176689,3.548209971693457,0.06955510231558522,-0.04565351017293122,2.499019992238829,7.739207951598945,0.11037934403518156,0.07682018744164698,7.5224632554626005,7.976556084070191,-0.06384819210977732,0.014285224095366485,3.336757391671825,3.917110551750351,0.01831266016207866,-0.0052805626646399125,5.908476109978414,3.3661695877671995,0.03611232731174792,0.05361775619212591
306,6.274181765725727,1.9418190965287172,-0.07169277476952098,0.03344023320114644,6.878804318056469,1.286902089222667,0.100361691527986,-0.0028420689357490283,0.9891394447855948,7.5693862987507865,0.04008994654119838,-0.009551073758852027,2.2740784147053508,1.97139850493542,-0.04002357117422961,0.057440387086544836,6.779883893495417,7.768775170397996,0.07112808402208502,0.020102394042587353,7.395515056692524,1.6112521473475008,0.010034610897188077,0.07225293604316342,1.6210757041508215,1.3530965307040443,-0.22066184960699964,-0.10991067515196055,1.809293069516999,2.8882938681335157,-0.0423549373810306,-0.10071655852310546,4.420121276880738,7.055538230418358,-0.03415799412615426,0.0781228615422285,8.967330277884646,1.772356400882188,0.0504199980101567,-0.06274437125037566,5.730780870542037,5.28995775397885,0.04182392355102483,-0.07765001480687388,2.673821095586105,2.270106789276654,0.003124514537318707,-0.0014862155172240595,2.2847221678170313,6.235069082412128,0.13088722773620956,0.19962573906328487,8.668008771674083,2.3987052875044537,-0.0314869839186437,0.04642934620856543,8.586571085227545,4.594450777839776,-0.6716112855661464,0.07592191301401248,4.771825588292468,3.5459272961848107,0.06134479114709973,-0.036253831385566385,2.504538959440588,7.743048960971027,0.11612247439783353,0.07666715300259967,7.519270845857112,7.97727034527496,-0.06541014815866157,0.013907076283361878,3.337673024679929,3.916846523617119,0.017260993121013188,-0.004725647646516616,5.910281726344001,3.368850475576806,0.031702921925838054,0.06132182730874716
307,6.2705971269872505,1.9434911081887745,-0.0698772193107519,0.036043937412108464,6.883822402632868,1.2867599857758796,0.10391593542253791,7.653938841266188e-05,0.9911439421126547,7.568908745062844,0.0503324915381064,-0.010033059750972542,2.2720772361466395,1.9742705242897471,-0.03992242703477614,0.05767269930370999,6.783440297696521,7.769780290100125,0.0697470391739656,0.019360078192983285,7.396016787237383,1.614864794149659,0.01343605944948568,0.07519906264127607,1.6100426116704716,1.3476009969464464,-0.2212675762318097,-0.10696475046910217,1.8071753226479474,2.8832580402073607,-0.037418577926919216,-0.0932167228581116,4.4184133771744305,7.059444373495469,-0.0368846282928512,0.06592805766236573,8.969851277785153,1.7692191823196692,0.04473638436859799,-0.05994802242659441,5.7328720667195885,5.286075253238507,0.05040303050544076,-0.07047593328229176,2.673977321312971,2.270032478500793,0.002590290672277103,-0.0012490330398720899,2.291266529203842,6.245050369365292,0.141985739701054,0.2065102170516529,8.66643442247815,2.401026754814882,-0.043530696551884365,0.04701853286096763,8.552990520949239,4.598246873490477,-0.6842647289945093,0.07650384024301501,4.774892827849823,3.5441146046155323,0.05316585000203743,-0.026975010792453354,2.51034508316048,7.746882318621157,0.12144607814133125,0.07632589395592443,7.516000338449179,7.977965699089128,-0.06677343482604929,0.01350266910641897,3.3385360743359795,3.9166102412347934,0.016189836105569164,-0.004171404097184812,5.911866872440293,3.3719165669422435,0.02731347085629658,0.06869925225697256
308,6.267103266021713,1.94529330505938,-0.06792782080152823,0.038498948434793574,6.889018199403995,1.2867638127453003,0.10713041899090607,0.002929287676809682,0.9936605666895599,7.5684070920752955,0.060218748043738723,-0.01047911840889291,2.2700811147949005,1.9771541592549327,-0.039739183021750835,0.0577868921486982,6.78692764965522,7.770748294009774,0.06831624695339386,0.018626227248807956,7.396688590209857,1.6186247472817228,0.016727385260732884,0.07789090373432798,1.598979232858881,1.3422527594229914,-0.22130650506698202,-0.10381769721543535,1.8053043937516016,2.878597204064455,-0.03249974011570803,-0.08565259168843482,4.416569145759788,7.062740776378588,-0.039457701620065344,0.05384281672564395,8.972088097003583,1.7662217811983396,0.03906881107305286,-0.05706472139528176,5.7353922182448605,5.282551456574392,0.058663099977118716,-0.06328707875880704,2.674106835846585,2.269970026848799,0.002073278421723192,-0.0010194904113494474,2.2983658161888947,6.2553758802178745,0.15247957079743676,0.2127235187426535,8.664257887650557,2.4033776814579304,-0.05519459890949739,0.04747691648153836,8.518777284499514,4.602072065502628,-0.6949228081232478,0.07688141450875743,4.777551120349925,3.5427658540759097,0.04503802040773394,-0.017837526135704225,2.5164173870675466,7.750698613318954,0.12634628560524694,0.07580149850290957,7.512661666707876,7.978640832544449,-0.06793911395635566,0.013073604418191206,3.339345566141258,3.9164016710299343,0.015102305532708709,-0.0036192025174700214,5.913232545983108,3.375351529555092,0.02295449875867905,0.07573893701322044
309,6.2637068749816365,1.9472182524811197,-0.06585246420675826,0.04080247433838129,6.89437472035354,1.2869102771291407,0.11000475063150869,0.005710525909525742,0.9966715040917469,7.567883136154851,0.06973201690788498,-0.010888942950987851,2.268094155643813,1.9800435038623676,-0.03947787466223036,0.05778375651474207,6.790343462002889,7.771679605372214,0.06683851142018754,0.017901944120931195,7.397524959472894,1.6225192924684393,0.019902837778075215,0.08032745114345041,1.587913907605532,1.3370618745622196,-0.2207912917406955,-0.10048190841693745,1.8036794067458162,2.8743145744800334,-0.027610326804959836,-0.0780445219908547,4.414596260678785,7.06543291721487,-0.04187423654336703,0.041894886668184285,8.974041537557236,1.7633685451285754,0.03343108614897486,-0.05410363283368544,5.7383253732437165,5.279387102636452,0.06659066013574112,-0.0561017557652037,2.6742104997676712,2.2699190523282313,0.0015741965328122537,-0.0007978526355601853,2.3059897947287666,6.266012056155007,0.16235609176715735,0.21826521234874996,8.661498157705083,2.4057515272820074,-0.06645807696679039,0.0478062941794424,8.484031144093352,4.605916136228066,-0.7036037734512817,0.07705828981724874,4.779803021370311,3.5418739777691246,0.03698047192828295,-0.008861041068392696,2.522734701347809,7.754488688244099,0.1308203726872114,0.07509939820133026,7.509264711010058,7.9792945127653585,-0.06890871752133922,0.012621509674403099,3.3401006814178937,3.916220710904061,0.014001488633905837,-0.0030703774670051455,5.9143802709210425,3.379138476405753,0.0186362172863612,0.08243088151991972
310,6.260414251771299,1.9492583761980387,-0.06365917197485374,0.042952164723292316,6.899874957885116,1.287195803424617,0.11253939793361896,0.008414909967231876,1.000158104937141,7.567338689007301,0.07885690718031824,-0.0112623240835082,2.2661202619107015,1.9829326916881047,-0.03914258754488859,0.05766439342445391,6.793685387573898,7.772574702578261,0.06531664454346703,0.017188223018870862,7.398520101361798,1.6265356650256118,0.022957085519332152,0.08250835760800895,1.5768743430184973,1.3320377791413727,-0.2197356924848987,-0.0969699700953634,1.8022988904055681,2.8704123483804906,-0.022761899476691074,-0.07041252255649298,4.4125025488516165,7.067527661548279,-0.04413171383953599,0.030111047820347014,8.975713091864684,1.7606633634868911,0.027836632320316183,-0.05107390968264082,5.741654906250504,5.2765820148481914,0.07417337354045517,-0.04893784814954343,2.674289209594312,2.2698791596964534,0.0010936444581838242,-0.0005843384468800342,2.3141075993171243,6.276925316772444,0.1716045007856413,0.2231365548178374,8.658175253856744,2.4081418419909797,-0.07730198157537736,0.04800874514369499,8.448850955420788,4.609769050718929,-0.7103304076258066,0.07703853970675587,4.781652044966726,3.541430925715705,0.029011767109798907,-6.437431242469968e-05,2.5292757199821696,7.758243658154166,0.13486674187811362,0.07422534666103314,7.505819275133991,7.9799255882490785,-0.06968423321230728,0.012148033288164214,3.340800755849589,3.916067192030711,0.012890436393741255,-0.0025262250365082253,5.915312081785361,3.3832600204817487,0.014368506603954587,0.08876618007141847
311,6.257231293172556,1.9514059844342033,-0.06135608088822994,0.04494610666273462,6.905501927781796,1.2876165489229785,0.1147356671765977,0.011037408108721548,1.004100950296157,7.566775572803126,0.08757934515367094,-0.01159914833033805,2.264163132533457,1.9858159113593274,-0.038737435480650007,0.057430210479359416,6.7969512198010715,7.773434113729205,0.0637534608920504,0.016485952089020362,7.3996679556377645,1.6306610829060122,0.025885219972612478,0.08443392278309492,1.5658875583942524,1.3271892806366046,-0.21815450498114505,-0.09329462546078636,1.8011607954317335,2.866891722252666,-0.01796565701461663,-0.06277621180301318,4.41029596315964,7.069033213939297,-0.04622806861194232,0.018517067727035194,8.977104923480699,1.758109668002759,0.02229846212200158,-0.0479846705282881,5.745363574927526,5.274135122440715,0.08140004245971201,-0.04181278383486164,2.6743438918172213,2.2698499427741092,0.000632105544366775,-0.00037912169462059277,2.3226878243564064,6.288082144513336,0.18021580934924528,0.2273404506943258,8.654310154777974,2.4105422792481646,-0.0877086433763327,0.04808661909839265,8.413334435039499,4.613620977704266,-0.7151298665123401,0.07682663762448218,4.7831026333222155,3.541427707000084,0.021149828731956234,0.008534528377315075,2.5360190570760754,7.761954925487218,0.13848490090752527,0.07318539791374012,7.502335063473375,7.9805329899134865,-0.0702680892171978,0.011654840037395302,3.341445277669276,3.9159408807788854,0.01177215673799603,-0.0019880004731062215,5.916030507115559,3.38769832948532,0.010160898145392224,0.09473701895532996
312,6.254163489128145,1.95365328976734,-0.058951419148834616,0.04678281964188263,6.911238711140626,1.2881684193284146,0.11659568119366794,0.0135733065217559,1.0084799175538406,7.566195615386609,0.09588657990973903,-0.01189939616078837,2.2622262607594243,1.9886874218832955,-0.038266539531589226,0.05708291652117734,6.800138892845674,7.774258411333656,0.06215177230396325,0.01579591628739548,7.400962216636395,1.634882779045167,0.02868275835076245,0.08610507793478371,1.5549798331451952,1.3225245493635653,-0.21606350793377302,-0.08946873951683534,1.8002625125810026,2.863752911662515,-0.013232415865402313,-0.05515477751197914,4.407984559729043,7.069959067325648,-0.04816168523043965,0.007137659516505308,8.978219846586798,1.7557104344763446,0.016829154597844086,-0.044844977578587596,5.749433577050512,5.272044483248972,0.0882606112221363,-0.03474350150767305,2.67437549709444,2.269830986689378,0.00018995063086898556,-0.0001823328219188787,2.3316986148238685,6.299449167048052,0.18818282394679506,0.2308814077868574,8.649924722609157,2.4129466102030843,-0.09766188367832569,0.04804252434136363,8.37757794171388,4.61746230958549,-0.7180335129076458,0.07642743674499845,4.784160124758813,3.5418544334189495,0.013411909395785139,0.016918619435592412,2.5429433021214516,7.765614195382905,0.14167543910650632,0.07198588451847684,7.498821659012515,7.981115731915356,-0.07066313823893527,0.011143606534675212,3.3420338855061757,3.91584148075523,0.01064960798266009,-0.0014569159611979932,5.916538552022828,3.392435180433086,0.006022558631784033,0.1003366714169651
313,6.251215918170703,1.955992430749434,-0.056453483750703616,0.048461249529895105,6.91706849520031,1.2888470846545024,0.11812235569236992,0.016018213954192586,1.0132742465493276,7.565600645578569,0.10376718543402125,-0.01216313992465159,2.2603129337828447,1.9915415677093544,-0.037734008066243795,0.05662451459054125,6.803246481460873,7.775048207148026,0.06051438286073149,0.01511880067281323,7.402396354553933,1.6391880329419062,0.03134564521952715,0.08752336940072254,1.5441766577485065,1.3180511123877237,-0.21347939955013243,-0.08550526415783113,1.7996008917877324,2.8609951727869163,-0.00857259160238181,-0.047566938548713404,4.40557647546752,7.070315950301473,-0.049931391261944694,-0.004003556158078901,8.97906130431669,1.7534681855974152,0.01144083360648556,-0.041663815276308885,5.753846607611619,5.270307308173588,0.09474616565935068,-0.02774641927907703,2.6743849946259832,2.269821870048282,-0.00023255799033972601,5.939574563082711e-06,2.3411077560212084,6.310993237437395,0.19550012365603298,0.2337654898253399,8.64504162842524,2.4153487364201527,-0.107147021364328,0.04787931540551434,8.341676266068498,4.6212836814227405,-0.7190767434767881,0.07584614929344062,4.7848307202286025,3.542700364390729,0.005814563471188446,0.025071771896469537,2.5500270740767768,7.769213489608829,0.14444000159824405,0.0706333954633108,7.495288502100569,7.9816729122420895,-0.0708726408120863,0.010616016769429658,3.342566365905309,3.9157686349571703,0.009525692554362551,-0.0009341385609047126,5.916839679954418,3.3974520140039344,0.001962275360652554,0.10555949001967105
314,6.248393243983168,1.9584154932259288,-0.05387061818965379,0.04998076162160257,6.9229746129849286,1.289647995352212,0.1193193741256202,0.01836806543451397,1.0184626058210287,7.5649924885823365,0.11121105937042206,-0.012390541604016246,2.2584262333795326,1.9943727934388815,-0.0371439179536357,0.05605729328434727,6.806272200603909,7.775804147181667,0.058844084073638704,0.01445519389171478,7.403963636814909,1.6435642014119423,0.033870253020695816,0.08869094088517594,1.5335026877709999,1.3137758491798321,-0.21041973510624842,-0.08141720383400995,1.7991722622076134,2.8586168258594804,-0.003996181906273313,-0.04003090861574937,4.403079905904423,7.070115772493569,-0.051536450429586,-0.01488408558958975,8.979633345997016,1.7513849948335998,0.006145147753416371,-0.038450069587640676,5.758583915894587,5.268919987209634,0.10084892970757936,-0.020837405352426716,2.674373366726466,2.2698221670270105,-0.0006352623066549221,0.0001856471178680448,2.35088276220401,6.322681511928662,0.20216403381267295,0.23600026629339318,8.639684277357023,2.4177427021904285,-0.11615087589898437,0.04760008038220787,8.30572242889466,4.625075988887413,-0.7182988094994326,0.07508832543630922,4.785121448402162,3.5439539529855524,-0.0016263785787828016,0.032978798997235756,2.557249074156689,7.772745159381994,0.14678126142992207,0.0691347539232277,7.491744870059964,7.982203713080561,-0.07090024797531122,0.010073757731978557,3.343042650533027,3.915721928029125,0.008403250991815795,-0.0004207883057157697,5.91693779372245,3.402729988504918,-0.002011557225280098,0.11040089647876694
315,6.2456997130736855,1.9609145313070089,-0.05121119055825345,0.05134113278719261,6.92894058169121,1.2905663986239377,0.12019116120880827,0.020619125092941837,1.0240231587895499,7.564372961502135,0.11820941849482779,-0.012581850391585157,2.256569037481851,1.9971756581030988,-0.03650029699805149,0.055383816621283326,6.809214404807591,7.776526906876253,0.05714364993670203,0.013805591932639857,7.405657149465944,1.647998748456201,0.03625338151378646,0.0896105146590162,1.5229817010156874,1.3097049889881316,-0.2069028637745862,-0.07721758185788972,1.7989724531122997,2.856615280428693,0.00048724902643842386,-0.03256436208473765,4.400503083382944,7.069371568214089,-0.05297655463988143,-0.02548259289491763,8.979940603384687,1.7494624913542178,0.0009532519626576624,-0.0352125080029984,5.7636263623799655,5.267878116942013,0.10656225924045394,-0.014031750725744987,2.6743416036111336,2.2698314493829037,-0.0010181040541226087,0.00035677996916654004,2.360990963894644,6.334481525243332,0.20817259590625686,0.23759475962518178,8.633876733562074,2.420122706209539,-0.12466176651686353,0.04720812794597027,8.269807488419689,4.628830405159228,-0.7157426320128191,0.0741598318023725,4.785040129473223,3.545602892935414,-0.008895833486182735,0.04062547099074165,2.564588137228185,7.776201897078155,0.14870288976181253,0.0674969949329884,7.488199857661199,7.9827074009671595,-0.0707499833574253,0.009518515128540161,3.343462813082618,3.915700888613839,0.007285056236946798,8.206353949570977e-05,5.916837215861186,3.4082500333288563,-0.0058909496849660695,0.11485736905133626
316,6.243139153545773,1.9634815879463685,-0.04848357207216399,0.05254254276958889,6.93495013975165,1.2915973548785848,0.12074285517960258,0.02276798809632272,1.0299336297142911,7.563743868982556,0.12475479099269732,-0.012737400105454785,2.2547440226319484,1.999944848934163,-0.03580710772692798,0.05460691254078607,6.812071587304426,7.7772171864728845,0.05541583273716527,0.013170402207179467,7.407469818541633,1.6524792741891519,0.0384922561619981,0.09028537173629751,1.512636557826958,1.3058441098952371,-0.2029478648884499,-0.07291940742158746,1.7989968155636216,2.8549870623244558,0.004868584640598052,-0.025184401945461836,4.39785425565095,7.068097438569343,-0.054251815118845484,-0.03577892730363834,8.97998826598282,1.747701865954068,-0.004124209302715651,-0.031959760284003075,5.768954475341988,5.267176529405726,0.11188063321073771,-0.007344143951349234,2.6742906984084276,2.269849288381362,-0.0013811199561001763,0.0005193650938041551,2.3713995936899566,6.3463612632245905,0.2135255338629695,0.23855938995794218,8.627643645236232,2.4224831126068374,-0.13266950767954824,0.04670697411968309,8.234020356819048,4.6325383967493465,-0.7114546119396223,0.07306682969569343,4.784595337798914,3.547634166484951,-0.015979486074450718,0.047998529186916813,2.5720232817162754,7.779576746824804,0.15020952423183093,0.06572734303269703,7.484662358493328,7.983183326723586,-0.07042622473504825,0.008951969195857801,3.343827065894465,3.9157049917908138,0.0061738082234699876,0.0005733960593412009,5.9165426683769375,3.4139929017814232,-0.009668328440096673,0.11892642756839442
317,6.240714974942165,1.966108715084848,-0.04569611607183113,0.05358556467045729,6.94098728251063,1.292735754283401,0.12098027889810502,0.024811581711886726,1.036171369263926,7.5631069989772834,0.13084100563188306,-0.012857606450498694,2.252953667245602,2.0026751945612022,-0.03506823258791921,0.05372966016633053,6.814842378941284,7.777875706583243,0.05366335858935688,0.01254994765662308,7.4093944313497335,1.6569935427759668,0.04058452549021998,0.09071933109999926,1.5024891645825356,1.3021981395241577,-0.19857448381503054,-0.06853564339154805,1.7992402447956515,2.853727842227183,0.009139168741837594,-0.017907529904456064,4.395141664895007,7.066308492204161,-0.05536275269923575,-0.04575414686990372,8.979782055517685,1.7461038779398679,-0.00907711716636129,-0.028700299987975145,5.774548507002525,5.266809322208158,0.11679964218366327,-0.0007886479694990001,2.6742216424106227,2.2698752566360523,-0.0017244367777789595,0.0006734644885513967,2.382075870383105,6.358289232722488,0.21822421688099866,0.23890591763332064,8.621010169852253,2.4248184613128214,-0.1401654008968737,0.046100328819188165,8.198447626222068,4.636191738234131,-0.7054844357882235,0.07181575306217541,4.783796363495191,3.550034092944297,-0.022863807764296546,0.05508569725071075,2.5795337579278668,7.782863113976439,0.15130673561569435,0.0638331899425805,7.481141047256576,7.9836309251833795,-0.06993368511983708,0.008375790623671157,3.3441357563056386,3.915733661593781,0.005072128769737734,0.001052240107341823,5.916059251954933,3.419939223159843,-0.01333654535213659,0.12260661619989778
318,6.2384301691385735,1.9687879933183707,-0.0428571375413262,0.05447115466688,6.947036296455535,1.2939763333689953,0.1209099098856959,0.026747165516820822,1.04271341954552,7.562464118654758,0.1364631779276074,-0.01294296413665289,2.2512002556162063,2.005361677569519,-0.03428746062239809,0.052755375954735687,6.817525546870752,7.778503203966075,0.0518889235553142,0.011944471220585336,7.411423657624245,1.6615295093309668,0.04252825744483131,0.09091672805026771,1.492560440391784,1.2987713573545803,-0.19380306760622554,-0.06407917494370564,1.7996972032327434,2.85283246573196,0.013290816778944654,-0.01074961865961179,4.3923735272600455,7.064020784860666,-0.05631028730231912,-0.055390538628753365,8.979328199659367,1.7446688629404692,-0.013895891810159015,-0.02544242679863791,5.780388489111708,5.266769889809683,0.12131597434923885,0.005621320972683344,2.6741354205717336,2.2699089298604798,-0.0020482662211504504,0.0008191733692508534,2.392987081227155,6.370234528604153,0.22227161898891967,0.23864738364191979,8.614001899807409,2.427123477753781,-0.14714222301456711,0.04539208221590641,8.163173404432657,4.63978252588724,-0.6978848775107607,0.07041328627025611,4.782653173106977,3.5527883778068325,-0.029536072696710096,0.061875689789942546,2.5870990947086514,7.786054773473568,0.15200099290438163,0.06182207232213516,7.477644363000584,7.984049714714563,-0.06927739343316858,0.007791636592799522,3.3443893627441255,3.915786273599148,0.00398255678179011,0.001517679563994068,5.915392424687326,3.4260695539698376,-0.016888886020275287,0.12589748404669257
319,6.236287312261507,1.9715115510517147,-0.03997489318390433,0.05520064100171601,6.9530817919498205,1.2953136916448365,0.12053884940135173,0.028572330772351853,1.0495365784419004,7.561816970447926,0.14161769340185892,-0.012994043864526973,2.2494858825850863,2.0079994463672555,-0.033468475665063405,0.05168759890713226,6.820119993048518,7.779100427527104,0.05009518983686233,0.011354140221922075,7.413550070496487,1.6660753457334803,0.04432193478685179,0.09088239174902944,1.4828702870114727,1.295567398607395,-0.18865450059310307,-0.059562779098580425,1.8003617440716906,2.8522949847989794,0.017315825693269442,-0.003725886371127479,4.38955801289493,7.061251257929229,-0.057095726658577324,-0.06467163522645702,8.978633405068859,1.7433967416005374,-0.018571504294945904,-0.02219424968906417,5.78645428782917,5.267050955858317,0.1254273991052159,0.011873012311234898,2.674033007260676,2.2699498885289424,-0.002352899695356643,0.0009566183256917253,2.404100662176601,6.38216689778625,0.22567227550194016,0.23779804820622066,8.60664478865668,2.429393081864576,-0.153594211077076,0.044586290955658726,8.128279160557119,4.643303190200752,-0.6887115971007638,0.06886634176547936,4.781176369472141,3.5558821622963297,-0.035984371486402586,0.06835821827256676,2.5946991443538705,7.789145877089674,0.15229962692181248,0.059701649667344495,7.474180493328926,7.984439296544203,-0.06846267482586721,0.007201146936140511,3.344588490583215,3.915862157577348,0.0029075437716168354,0.0019688524339616575,5.914547980386312,3.432364428172172,-0.02031907680833016,0.12879956365681774
320,6.234288567602312,1.9742715831018005,-0.03705756209156469,0.05577571229151392,6.959108734419888,1.2967423081834542,0.11987479065440192,0.03028499898270255,1.0566174631119933,7.5611672682546995,0.14630218804443515,-0.013011489188862583,2.247812458801833,2.010583826312612,-0.03261484606721866,0.050530074920675794,6.822624752540361,7.7796681345382,0.04828478190160182,0.010779051000465946,7.415766167235829,1.6706194653209316,0.04596444955170967,0.09062162203519647,1.4734375619818176,1.292589259652466,-0.1831501400862931,-0.054999095212224076,1.801227535356354,2.852108690480423,0.021206982342788748,0.0031491266567937526,4.386703226562001,7.058017676167906,-0.057720754312673275,-0.07358222806264621,8.977704829854112,1.7422870291160841,-0.023095486738087707,-0.01896367094023318,5.792725657784431,5.267644606473879,0.12913274830642038,0.017954358063890948,2.6739153622759084,2.269997719445227,-0.0026387029923791495,0.0010859554491320785,2.415384275951698,6.3940568001965605,0.22843223655466285,0.2363733276973092,8.598965078102827,2.431622396412359,-0.1595170438804857,0.04368716427137747,8.09384358070208,4.646746507289026,-0.67802293650724,0.0671820376576464,4.779377150897821,3.559300073209958,-0.04219762262461099,0.07452399431865052,2.6023141256999613,7.792130959573042,0.1522107926065466,0.05747968239811828,7.470757359587632,7.98479935389101,-0.06749513070016547,0.006605940429415986,3.3447338677717955,3.9159606001990457,0.0018494496947434238,0.002404951783270067,5.913532026545896,3.438804406355013,-0.023621290611632983,0.13131434756657306
321,6.232435689497734,1.9770603687163761,-0.03411322704357378,0.05619840519656259,6.965102473952609,1.2982565581325893,0.11892598625262246,0.03188341966086359,1.063932572514215,7.560516693795257,0.15051552608744231,-0.012996013270428486,2.246181716498472,2.013110330058646,-0.03173001598984867,0.04928674050916269,6.825038991635441,7.780207087088224,0.04646028381362683,0.01021923361393588,7.418064389713415,1.6751505464226915,0.047455096610478975,0.09014016558483674,1.464280054977503,1.2898393048918548,-0.17731175234067065,-0.05040059647528018,1.8022878844734935,2.8522661468132626,0.0249575705118369,0.009861579074944775,4.3838171888463675,7.054338564764774,-0.058187416958770395,-0.08210837698986453,8.976550055517208,1.7413388455690724,-0.02745994085941362,-0.015758371035900307,5.799182295199753,5.268542324377074,0.1324318952798317,0.023853987641952512,2.6737834271262892,2.2700520172176835,-0.0029061108928512924,0.0012073684335688556,2.426805887779431,6.405875466581426,0.23055901789231262,0.23438973008060499,8.590989225908803,2.4338067546259277,-0.1649078203361175,0.04269905002681411,8.059942433876717,4.650105609171908,-0.6658797134358023,0.06536767529809556,4.7772672697665906,3.5630262729258906,-0.048165581555648165,0.08036473041790076,2.6099246653302886,7.795004943692947,0.15174343008185784,0.055164010186454344,7.4673826030526245,7.98512965091248,-0.06638061849054161,0.006007611218019224,3.3448263402565326,3.916080847788209,0.0008105391103628149,0.002825226517760872,5.9123509620153145,3.4453701237333414,-0.026790151377832423,0.13344426296944248
322,6.2307300281455555,1.9798702889762043,-0.03114985646655375,0.056471091498256264,6.97104877326524,1.2998507291156325,0.11770121498425147,0.03336616732461385,1.0714583488185871,7.559866893131735,0.15425777520926323,-0.012948395526983094,2.2445952156989795,2.015574667084104,-0.030817298222442776,0.04796170595441845,6.827362005826122,7.780718048768921,0.044624235476393465,0.009674656453752652,7.420437144543938,1.6796575547019332,0.048793566368899775,0.08944419149064803,1.4554144673604694,1.2873192750680909,-0.17116144893847302,-0.04577956246872933,1.8035357629990854,2.85275922576701,0.028561376520801877,0.016398347366000036,4.380907817998429,7.050233145915281,-0.058498111152933414,-0.09023741662374579,8.975177058474237,1.7405509270172774,-0.0316575449108612,-0.012585794451825167,5.8058038899637445,5.269735023759171,0.13532573170814166,0.029561240585402795,2.6736381215816465,2.270112385639362,-0.003155621729121234,0.0013210666560557816,2.4383338386740467,6.417594953085456,0.23206154910513446,0.2318647890850751,8.582743834891998,2.4359417071272684,-0.16976503477065732,0.041626420727686395,8.026648448204927,4.653373992936813,-0.6523450135998824,0.06343071690338939,4.774858990688808,3.5670445094467857,-0.0538788474568479,0.08587313812887312,2.6175118368343813,7.79776314420227,0.15090722463876993,0.052762530574086725,7.464063572128097,7.985430031473381,-0.06512523125940795,0.005407725385833857,3.3448668672120507,3.916222109114097,-0.0002070223336451335,0.0032289820044312423,5.911011454446423,3.4520423368818136,-0.029820737398347796,0.13519264461832373
323,6.229172535322228,1.9826938435511172,-0.02817528708635029,0.056596464629416185,6.976933834014453,1.3015190374818633,0.11620974803195819,0.0347321377476182,1.0791712375790503,7.559219473355386,0.15753017928782,-0.012869478193947768,2.2430543507878573,2.0179727523818247,-0.029879868517174692,0.04655923805806017,6.829593217599942,7.781201781591609,0.04277913005359805,0.009145231054971498,7.422876822862383,1.6841297642764657,0.04997993664183387,0.08854026633485193,1.4468563949135458,1.2850302969446543,-0.16472162374047863,-0.041148052821154045,1.8049638318251255,2.8535791431353097,0.03201269345326314,0.022747042502091558,4.377982912440782,7.045721275084094,-0.058655569449845416,-0.09795795932430537,8.973594181228695,1.7399216372946862,-0.035681559008874056,-0.009453136354762156,5.812570176549151,5.271213085788442,0.13781614248754429,0.03506617723616194,2.6734803404951903,2.270178438972165,-0.003387791931105671,0.0014272832401623589,2.4499369161293036,6.42918819253971,0.23295011949290498,0.22881699728923194,8.574255583153466,2.4380230281636526,-0.17408854929349338,0.04047385953596983,7.994031197524933,4.656545528781982,-0.637483981976271,0.06137876328030564,4.772165048315966,3.5713381663532293,-0.05932886775662853,0.09104292382102641,2.6250571980663198,7.8004012707309744,0.1497125657565546,0.050283177926562145,7.4608073105651265,7.985700417742673,-0.06373527716282626,0.004807817671408065,3.3448565160953683,3.916383558214319,-0.0012011710893287907,0.0036155805376404428,5.9095204175765055,3.45880196911273,-0.032708583389905704,0.13656370606855933
324,6.22776377096791,1.985523666782588,-0.025197207299485515,0.056577525703551464,6.9827443214160505,1.3032556443692442,0.11446131471601159,0.0359805434917359,1.0870477465434414,7.558575999445688,0.1603351288263897,-0.012760162805420848,2.2415603573619984,2.0203007142847276,-0.028920761400509552,0.045083742645874,6.831732174102622,7.781659043144357,0.04092741129237014,0.008630816823086428,7.425375819694475,1.6885567775932082,0.051014663742022376,0.08743532882922413,1.4386203137265219,1.2829728943035965,-0.15801489055008794,-0.03651788200859632,1.8065644664977887,2.8547164952604143,0.035306324021110856,0.028896024391365797,4.37505013396829,7.040823377117879,-0.058662846011452274,-0.10525989491579159,8.971810103278251,1.7394489804769482,-0.03952582889215945,-0.006367330223996159,5.819460983673529,5.27296639465025,0.13990597866819152,0.04035958736918859,2.6733109508986352,2.270249803134173,-0.0036032305781732556,0.0015262731064712412,2.461584422103949,6.440629042404172,0.2332363217482184,0.22526573831557214,8.56555115568879,2.440046721140451,-0.17787956336633193,0.03924604632222698,7.96215699842612,4.659614466945998,-0.6213636136092502,0.059219531705540535,4.7691986049281345,3.5758903125442805,-0.06450794043027251,0.0958687820255537,2.6325428263541477,7.802915429627302,0.1481705052847977,0.04773390276879048,7.457620546706985,7.985940808626244,-0.062217258840510575,0.004209388336378335,3.3447964575409017,3.916564337241201,-0.0021699485702862333,0.003984441652508325,5.907884988407011,3.4656301544161576,-0.03544968138817879,0.13756250937099324
325,6.226503910602936,1.9883525430677655,-0.0222231412895765,0.05641756908925982,6.988467387151851,1.305054671543831,0.11246606786288378,0.0371109087478816,1.0950645029847608,7.557937991305417,0.16267612917827562,-0.01262140660612223,2.240114319291973,2.0225549014170214,-0.027942867403543105,0.04353974691719365,6.83377854466724,7.782090583985511,0.03907147109337818,0.008131225666197216,7.427926552881576,1.6929285440346695,0.051898572823101584,0.08613666409539988,1.4307195691990175,1.2811470002031666,-0.15106402163010582,-0.03190059533429965,1.8083297826988443,2.8561612964799825,0.03843758209112923,0.03483441412715295,4.372116991667717,7.035560382372089,-0.058523301735394356,-0.11213438721917991,8.969833811833643,1.7391306139657483,-0.04318478813084055,-0.0033350364056124126,5.826456282606938,5.274984374018709,0.1415990285881037,0.045432996805799174,2.6731307893697265,2.2703261167894966,-0.003802593977738492,0.0016183110140197427,2.47324623819136,6.451892329319951,0.23293299364841671,0.22123121832303078,8.556657177520474,2.4420090234565626,-0.18114058071411576,0.037947743789987776,7.931088817745657,4.662575443531275,-0.6040525444964643,0.05696083401194377,4.765973207906621,3.5806837516455583,-0.06940921411768383,0.10034638646541524,2.6399513516183877,7.805302124765742,0.14629271491044332,0.04512265154514671,7.454509683764959,7.986151278043063,-0.06057785278334571,0.003613900190545816,3.3446879601123873,3.9167635593238264,-0.003111503686496412,0.004335042288160413,5.906112504337601,3.4725082798847073,-0.03804048047802031,0.1381949333256949
326,6.225392753538458,1.9911734215222285,-0.019260433911666507,0.056120167576066596,6.994090690544995,1.306910216981225,0.11023454889429414,0.03812306351389433,1.1031983094436746,7.557306920975111,0.16455776669929842,-0.012454218904792525,2.238717175921796,2.024731888762881,-0.02694893165294142,0.04193188176391781,6.835732118221909,7.78249714526882,0.037213647357597704,0.007646226718309373,7.430521481522732,1.6972353772394395,0.05263284751779874,0.08465187765784818,1.4231663681175122,1.2795519704364517,-0.14389188720674803,-0.027307446121838896,1.8102516618034008,2.85790301718634,0.041402292899344356,0.04055210405856701,4.369190826580947,7.02995366301113,-0.058240588951209246,-0.11857386747769404,8.967674572427102,1.7389638621454677,-0.04665345881632422,-0.0003626316071282656,5.833536234036344,5.277256023859,0.14289998731334758,0.050278672038071515,2.6729406596708394,2.2704070323401977,-0.003986580293774308,0.0017036895984793275,2.484892887873781,6.462953890236102,0.23205415794673953,0.216734396984514,8.547600148484769,2.443906410646062,-0.18387537371978918,0.03658378370524897,7.900886190520834,4.665423485231872,-0.5856208430774749,0.054610554931423055,4.762502747200736,3.585701070968829,-0.07402668611183418,0.10447237883921635,2.6472659873639097,7.807558257343,0.1440914430322358,0.04245734684517206,7.451480791125792,7.98633197305259,-0.05882388873050867,0.003022775777518148,3.3445323849280624,3.9169803114382344,-0.004024095053375617,0.004666916803789925,5.9042104803137,3.479418026550992,-0.04047788538714533,0.13846764040810156
327,6.224429731842874,1.9939794299010318,-0.016316236364980332,0.05568915717798005,6.99960241798971,1.3088163701569198,0.10777765273026202,0.039017137138887034,1.1114261977786395,7.5566842100298715,0.16598567295934996,-0.012259657379480747,2.2373697293391492,2.026828482851077,-0.0259415537347204,0.040264864192838146,6.837592800589789,7.782879456604736,0.03535622175442092,0.007175550816303134,7.433153123898622,1.701467971122332,0.053219018913070695,0.08298886922099677,1.4159717737571749,1.2781865981303597,-0.1365213960898989,-0.02274937415135392,1.8123217764483681,2.8599306223892684,0.04419679198212628,0.04603976570637784,4.366278797133387,7.024024969637246,-0.057818635732290284,-0.12457202476169738,8.965341899486285,1.7389457305651113,-0.04992745076434372,0.002543800662407807,5.8406812334020115,5.279769957460903,0.1438144244989901,0.05488962289752253,2.6727413306561507,2.270492216820122,-0.004155924247330686,0.001782717412874143,2.496495595771118,6.473790610085328,0.23061496065348322,0.21179691813365256,8.53840637979878,2.4457355998313246,-0.18608894544853546,0.03515905326315366,7.87160514836696,4.668154012978444,-0.566139802832719,0.05217663074288551,4.758801412895145,3.5909246899107896,-0.07835519827083655,0.10824435543750892,2.6544705595155214,7.809681124685258,0.1415794711637074,0.039745868133833885,7.448539596689266,7.9864831118414665,-0.05696232914703419,0.002437394724339794,3.3443311801753937,3.917213657278424,-0.004906092876866595,0.004979656850808296,5.902186586044342,3.486341408571397,-0.042759253972347144,0.1383880424801338
328,6.223613920024625,1.9967638877599307,-0.013397492672182132,0.0551286216209055,7.004991300626223,1.3107672270138642,0.10510659259809498,0.039793551264470185,1.1197254814266069,7.556071227160897,0.16696648714615195,-0.012038824345039792,2.2360726516524134,2.028841726060719,-0.024923188764127864,0.038543479942071246,6.83936061167751,7.783238234145551,0.0335014182822388,0.0067188950808645675,7.435814074844275,1.7056174145833818,0.05365895390466634,0.08115580630092202,1.40914570395268,1.2770491294227921,-0.12897543753295415,-0.018236985364826465,1.8145316160474745,2.8622326106745875,0.04681792285559029,0.051288855552846985,4.363387865346772,7.017796368399161,-0.05726162987146629,-0.1301237934449064,8.962845526948067,1.7390729205982316,-0.053002959266621893,0.005378478704223301,5.847871954626961,5.282514438605779,0.14434875078670817,0.059259603305392074,2.6725335344437844,2.2705813526907654,-0.004311391903492334,0.0018557169741642576,2.508026343803792,6.484380455992011,0.22863160789769146,0.20644104026160137,8.529101932526352,2.4474935524944823,-0.18778748944976364,0.03367848162284761,7.843298158225324,4.670762844515588,-0.5456817364863884,0.04966702827173283,4.7548836529816025,3.596336907682665,-0.08239043091058429,0.11166085167374612,2.661549533073707,7.81166841809195,0.1387700699843116,0.036996033023166244,7.445691480231915,7.986604981577684,-0.0550002488313203,0.00185909125804709,3.34408587553155,3.9174626401209642,-0.005755980517136862,0.005272911104641731,5.900048623345725,3.493260810695404,-0.04488239362945104,0.137964265399345
329,6.222944045391015,1.999520318840976,-0.01051092698079142,0.05444287655981287,7.010246630256128,1.3127569045770877,0.10223286483740646,0.04045301219406654,1.1280738057839146,7.555469285943645,0.16750781679588553,-0.011792862993011157,2.234826492214207,2.0307689000578226,-0.02389614954692148,0.03677256636181795,6.841035682591621,7.7835741788995945,0.03165140128232877,0.006275927216754991,7.438497022539509,1.7096752048984278,0.05395484297418942,0.07916109778079665,1.4026969320760323,1.2761372801545507,-0.12127682444970828,-0.013780532862583818,1.816872512190254,2.86479705345223,0.04926303347726238,0.05629161873888845,4.360524783853199,7.011290178726916,-0.056574002567832155,-0.13522533784913096,8.960195378984736,1.7393418445334428,-0.055876761429432216,0.00813593029333739,5.855089392166296,5.285477418771049,0.1445101828559858,0.0633831101458211,2.67231796484861,2.2706741385394738,-0.004453775567545758,0.0019230228244732218,2.5194579241986768,6.4947025080050915,0.2261213015591608,0.2006895670410173,8.519712558053865,2.449177476575625,-0.18897834748733974,0.032147026640391325,7.816014071401005,4.673246195929175,-0.5243197722916342,0.04708972428550175,4.750764131436073,3.6019199502663524,-0.08612889473866123,0.11472132461548362,2.6684880365729224,7.8135182197431075,0.13567695515649142,0.03421557911993072,7.442941467790349,7.986697936140586,-0.05294481470063168,0.0012891518916008384,3.3437980765056934,3.9177262856761965,-0.006572355734208195,0.0055463848600023164,5.897804503664252,3.500159023965371,-0.046845556660196484,0.13720511263937557
330,6.222418499041976,2.0022424626689665,-0.007663031700005011,0.05363645357119529,7.0153582734979985,1.3147795551867911,0.09916821378923991,0.0409965027222618,1.136449196623709,7.554879642793995,0.16761819698651037,-0.011522953613920629,2.233631684736861,2.0326075283759137,-0.0228626097640808,0.03495699569760914,6.842618252655738,7.783887975260432,0.029808274238943083,0.005846289799023251,7.441194764688218,1.7136332597874677,0.05410918743221275,0.07701336745792212,1.396633090853547,1.2754482535114215,-0.11344823809971116,-0.009389899209485169,1.8193356638641172,2.8676116343891747,0.051529971526253694,0.06104109070639675,4.357696083724807,7.004528911834459,-0.055760411872110206,-0.13987403415963764,8.957401540913263,1.7397486410481096,-0.05854621114000571,0.01081099939596307,5.862314901309095,5.28864657427834,0.14430670724656472,0.06725538030697589,2.6720952760702326,2.2707702896806974,-0.004583888804328964,0.0019849796106381815,2.5307639892766347,6.504736986357142,0.22310217385934916,0.19456577805029385,8.510263640679497,2.4507848279076443,-0.18966996535035208,0.03056966182843932,7.789798082786423,4.67560068214345,-0.5021276528605328,0.044452685328247095,4.74645768669914,3.6076560164971267,-0.08956792089375976,0.11742613360449332,2.675271884330747,7.815228998699104,0.13231424302440598,0.03141214648171819,7.440294227055317,7.986762393735166,-0.05080326580113198,0.0007288132811706412,3.343469458718983,3.9180036049191966,-0.007353931619559909,0.005799839493717273,5.895462225831243,3.5070192795973396,-0.04864743463109965,0.136120028034907
331,6.222035347456976,2.0049242853475264,-0.0048600564837862886,0.05271408396589363,7.020316684187461,1.3168293803229043,0.095924596855184,0.04142527345676702,1.1448301064730344,7.554303495113299,0.1673070481303799,-0.011230309811824832,2.2324885542486568,2.0343553781607944,-0.02182460803002718,0.033101658768781024,6.844108666367685,7.784180289750384,0.027974078522652147,0.005429604370250864,7.443900224059829,1.7174839281603638,0.05412478617135004,0.07472142764866745,1.3909606789485613,1.2749787585509473,-0.10551217434733971,-0.005074580065557527,1.8219121624404297,2.8706636889244943,0.053617078540327066,0.06553109682787012,4.354908063131202,6.997535210126477,-0.05482572593736172,-0.14406844971775884,8.954474230356263,1.7402891910179077,-0.06100923270424125,0.013398851945289766,5.869530236671424,5.292009343293689,0.14374704307023922,0.07087238593873725,2.671866081630016,2.270869538661229,-0.004702561598122003,0.0020419401896408706,2.5419190979696022,6.514465275259656,0.21959322109813492,0.18809335986673592,8.50078014241198,2.4523133109990662,-0.18987184689807074,0.028951363570185143,7.764691700143397,4.677823316409863,-0.47917953698448,0.04176384803421004,4.741979290654451,3.6135273231773515,-0.09270564915813416,0.11977651905723906,2.681887596481967,7.81679960602319,0.12869640630773144,0.028593260711661135,7.437754063765261,7.986798834399225,-0.048582893587368205,0.0001792602562721954,3.343101762138005,3.9182935968938826,-0.008099537218442312,0.00603309179943935,5.893029854099688,3.513825280999085,-0.05028715176107976,0.1347190577639517
332,6.221792344632787,2.007559989545821,-0.0021079980687230392,0.05168068246679652,7.0251129140302195,1.3189006439957427,0.09251414981000636,0.04174083366610394,1.1531954588795534,7.553741979622708,0.1665846325031864,-0.01091617472074664,2.2313973238471556,2.0360104610992336,-0.02078405276624898,0.031211449189116797,6.845507370293817,7.784451769968896,0.0261507921262161,0.0050254753704476575,7.446606463368396,1.7212199995427973,0.054004721973428364,0.07229425291599934,1.3856850702311942,1.2747250295476695,-0.09749089159352826,-0.0008436691522043646,1.8245930163674462,2.8739402437658876,0.05552318295023297,0.06975625006954066,4.352166776834333,6.9903317876405895,-0.05377500612130166,-0.1478083198015279,8.951423768721051,1.7409591336151722,-0.0632643132015209,0.015894980682393388,5.876717588824936,5.295552962590626,0.14284060373020543,0.07423082797893717,2.67163095355011,2.270971635670711,-0.0048106356671472564,0.0020942637665154586,2.552898759024509,6.523869943252993,0.21561423672130267,0.18129633769264125,8.491286550067077,2.4537608791775756,-0.18959450649372056,0.027297098613816222,7.7407327232941725,4.679911508811573,-0.45554980487317714,0.039031099959203286,4.737344008196545,3.6195161491302135,-0.09554101441366479,0.12177457953965491,2.688322416797354,7.818229269058773,0.12483822990141276,0.025766316719651197,7.435324919085892,7.986807797412038,-0.04629102251444568,-0.00035837597620672534,3.342696785277083,3.9185952514838545,-0.008808117848303754,0.0062460131987840785,5.890515496511634,3.5205612338872827,-0.05176425737623263,0.13301281167968304
333,6.221686944729351,2.010144023669161,0.0005874090271730838,0.0505413307952621,7.02973862152072,1.320987685679048,0.08894915244882022,0.041944941686565526,1.1615246905047127,7.553196170886671,0.16546200964634677,-0.010581817232415858,2.2303581212088432,2.0375710335586894,-0.019742727753514974,0.029291248130807947,6.846814909900128,7.7847030437374185,0.024340329083118062,0.004633494003489795,7.449306699467067,1.7248347121885972,0.05375234741502635,0.06974095398252626,1.3808105256515177,1.2746828460900592,-0.08940636047269375,0.0032941554384788583,1.827369175514958,2.877428056269365,0.05724759205354041,0.07371194673809978,4.349478026528268,6.982941371650513,-0.05261348998579969,-0.15109452200890836,8.948260553060976,1.7417538826492918,-0.06531049360460796,0.018295209071206197,5.883859619011446,5.299264503989573,0.14159745776599691,0.07732812800328523,2.671390421766753,2.2710763488590366,-0.004908959945031097,0.0021423140699583826,2.563679470860574,6.532934760137626,0.2111857439011459,0.17419900767323207,8.48180682474239,2.4551257341082664,-0.18884941998223398,0.02561181187243106,7.717955233050514,4.6818630638095335,-0.43131286722219564,0.03626226096598619,4.7325669574758615,3.6256048781071963,-0.09807373141491184,0.12342324721236728,2.6945643282924245,7.819517584894756,0.12075476688948271,0.02293856317566237,7.43301036796017,7.986789878613228,-0.04393499098437781,-0.0008830194535143593,3.342256379384668,3.9189075521437937,-0.00947873511937256,0.006438528833646594,5.8879272836428225,3.527211874471267,-0.05307871747160398,0.1310124241031112
334,6.22171631518071,2.012671090208924,0.003220700940843612,0.04930126120934905,7.034186079143161,1.3230849327633762,0.0852419946471387,0.04203959492235031,1.16979779098703,7.55266708002505,0.16395099077967018,-0.010228528244491494,2.2293709848211676,2.0390355959652298,-0.018702298270381654,0.02734590970570392,6.848031926354284,7.784934718437593,0.022544538289486556,0.004253241766300932,7.451994316837819,1.7283217598877234,0.05337127041565083,0.06707075189010002,1.376340207627883,1.2748475538619832,-0.08128021540089628,0.007330643587275517,1.830231555117635,2.8811136536062696,0.058790082971889576,0.07739436036477106,4.346847352028978,6.975386645550068,-0.051346574238382,-0.15392904836160048,8.944995028380745,1.742668643102852,-0.06714735871461408,0.020595694298592704,5.890939491899745,5.303130910389737,0.1400282889415681,0.08016241845707724,2.6711449737695014,2.2711834645625344,-0.004998386242710757,0.002186457573331055,2.5742387580556314,6.541644710521287,0.20632892780968975,0.16682587006007651,8.472364353743279,2.456406324701888,-0.18764897436730024,0.023900414553045982,7.696389589689404,4.6836761768578326,-0.40654297850030574,0.033465065197701496,4.727663270905116,3.6317760404678148,-0.10030427795509353,0.12472626174441269,2.7006020666368986,7.820664513053539,0.11646129487809738,0.020117087678474116,7.4308136184109514,7.986745727640552,-0.041522132686275526,-0.0013936509039487984,3.3417824426286993,3.919229478585476,-0.010110566664043896,0.006610616544640584,5.8852733477692425,3.5337624956764224,-0.054230905421150465,0.12872951418675446
335,6.221877350227752,2.0151361532693914,0.005786692034104428,0.04796584003609567,7.038448178875519,1.3251869125094937,0.08140514290937717,0.04202701947302405,1.1779953405260135,7.552155653612825,0.16206409236054464,-0.009857616938184204,2.2284358699076483,2.040402891450515,-0.01766431767837299,0.02538024696931359,6.849159153268758,7.785147380525908,0.020765203140626777,0.003884293949420963,7.454662880358602,1.7316752974822285,0.052865339472722116,0.06429295246502811,1.372276196857838,1.275214086041347,-0.073133708054712,0.011257984143756058,1.8331710592662294,2.884983371624508,0.06015089263714617,0.08080043378393031,4.344280023317059,6.967690193131988,-0.04997979765968525,-0.15631497525045304,8.941637660445014,1.7436984278177816,-0.0687750259628585,0.02279292937261654,5.8979409063468236,5.307139031312591,0.13814435569333502,0.08273253132951622,2.670895054457366,2.271292787441201,-0.005079765101840125,0.0022270617673261594,2.584555204446116,6.549986004024291,0.20106556776076717,0.1592015633680668,8.462981905024915,2.45760134542954,-0.18600641634278428,0.02216777263696446,7.6760624407643885,4.685349430117718,-0.38131405482840763,0.03064714367120897,4.722648057007361,3.6380123535550353,-0.1022338765032334,0.12568814279512605,2.7064251313808034,7.821670367437463,0.11197327274977298,0.017308802660776418,7.428737511776638,7.986676045095355,-0.03905975836816486,-0.0018893090194885731,3.3412769142954972,3.919560009412708,-0.01070290558230001,0.006762305740775599,5.882561802498185,3.54019897138576,-0.05522159187827928,0.12617614595804885
336,6.222166684829457,2.0175344452711963,0.008280481597681622,0.046540551239150255,7.042518436020988,1.3272882634831449,0.0774511074784418,0.041909659422625076,1.1860985451440407,7.551662772765916,0.15981448892494807,-0.009470407093923345,2.2275526540237296,2.0416719037989806,-0.016630234400204606,0.023399018615455368,6.850197413425789,7.785341595223379,0.019004041028685192,0.0035262228725010353,7.457306147332238,1.7348899451054798,0.05223862862732748,0.061416921145857756,1.3686195114551025,1.2757769852485348,-0.06498766285368009,0.015068814577356397,1.8361786038980867,2.8890233933137046,0.06133070685334162,0.08392786946669867,4.341781033434074,6.959874444369465,-0.048518824059859966,-0.15825643134618028,8.938198909146871,1.7448380742864125,-0.07019413313311026,0.024883744334043296,5.90484812413149,5.311275657879067,0.13595745005395388,0.08503798533400155,2.670641066202274,2.2714041405295675,-0.005153941844948894,0.002264493488326437,2.5946084828341545,6.557946082192694,0.19541796939354342,0.1513507996682071,8.453681584207775,2.4587097340613884,-0.183935799832963,0.02041869573240237,7.656996738022968,4.686881787301278,-0.3556994968020562,0.027816007519884486,4.717536363182199,3.6442967606947914,-0.10386447439278203,0.12631416116521055,2.712023795018292,7.822535807570501,0.10730629793746145,0.014520432049324976,7.426784523858229,7.986581579644381,-0.03655513807629128,-0.0023690915548799972,3.340741769016382,3.919898124699747,-0.01125515961093962,0.006893676165645645,5.879800722904271,3.5465077786836625,-0.05605193391042702,0.123364788149594
337,6.222580708909341,2.0198614728331536,0.010697459692084138,0.04503098006203823,7.04639099139491,1.3293837464542761,0.07339241007600639,0.04169016582480352,1.194089269590288,7.551189252411219,0.15721596534434004,-0.00906823345342353,2.2267211423037194,2.0428418547297533,-0.01560139913922401,0.021406916353404214,6.851147615477224,7.785517906367004,0.017262702749234284,0.0031786009043665605,7.459918078763605,1.7379607911627726,0.0514954222043859,0.05845205822850409,1.3653701283124184,1.2765304259774026,-0.0568624345125372,0.01875622928975734,1.8392451392407538,2.8932197867870397,0.062330648482539316,0.08677511817293798,4.339355092231081,6.9519616228021555,-0.046969425305881086,-0.15975856360138818,8.934689202490215,1.7460822615031146,-0.0714058250591986,0.02686530659800284,5.911645996634188,5.315527557145767,0.1334798561663239,0.08707897166005094,2.6703833691100267,2.2715173652039837,-0.0052217528362775234,0.002299117310974124,2.604379381303832,6.565513622176105,0.18940889706609834,0.14329830115242378,8.444484794216127,2.4597306688480085,-0.18145193269503027,0.01865792631886191,7.639211763182866,4.688272587677273,-0.32977201758929253,0.02497903191316511,4.7123431394625594,3.6506124687530517,-0.10519872264383384,0.12661030871905513,2.717389109915165,7.823261829172967,0.10247606431358328,0.011758498696507892,7.4249567669544145,7.986463125066637,-0.03401548389579411,-0.0028321562543379124,3.340179011035835,3.920242808508029,-0.011766850024907483,0.007004856565542002,5.87699812620875,3.5526760180911423,-0.05672346341207535,0.1203082739214554
338,6.223115581893945,2.0221130218362555,0.013033312130132391,0.043442796786256135,7.050060611898711,1.3314682547455163,0.06924155233993573,0.04137138541837094,1.201950067857505,7.550735840738548,0.15428286863093485,-0.00865243813620138,2.225941072346758,2.0439122005474237,-0.014579072263689903,0.01940855298696917,6.852010750614686,7.785676836412223,0.015542772567722917,0.002841003377665678,7.462492849873824,1.7408833940741977,0.050640199370449536,0.055407774581219635,1.3625270065867916,1.2774682374418904,-0.04877786772278867,0.022313786597904867,1.8423616716648807,2.8975585426956867,0.06315226480387372,0.08934136598785455,4.337006620965787,6.943973694622086,-0.04533746446060201,-0.16082750147185043,8.931118911237256,1.7474255268330148,-0.07241173935430191,0.02873512044452829,5.918319989442504,5.31988150572877,0.13072430850074981,0.08885633836461408,2.670122281468213,2.2716323210695326,-0.0052840219559316575,0.0023312940087141425,2.6138498261571366,6.572678537233726,0.18306150662335552,0.1350687381003645,8.435412197581375,2.4606635651639515,-0.17857032273596343,0.01689012940132896,7.6227231623034015,4.689521539272931,-0.3036034766148428,0.02214344067781399,4.707083203330368,3.6569429841890044,-0.10623995350262738,0.12658326718114057,2.722512913130844,7.823849754107792,0.09749832078545842,0.009029312597387944,7.423255992759625,7.98632151725392,-0.031447933224618634,-0.003277721607422182,3.3395906685345897,3.920593051336306,-0.012237610279498792,0.007096023265026844,5.874161953038146,3.558691431787215,-0.0572380748414064,0.11701976057864628
339,6.223767247500452,2.0242851616755684,0.015284024607999205,0.0417817406422135,7.053522689515708,1.333536824016435,0.0650109850220768,0.04095634910753716,1.2096642112890517,7.550303218831737,0.15103005942200395,-0.008224367118276218,2.2252121187335736,2.0448826281967722,-0.01356443126769554,0.017408451216819356,6.852787889243072,7.785818886581106,0.01384576788463472,0.002513011166909096,7.465024859842346,1.7436537828032586,0.049677618551850614,0.05229346787954603,1.3600881132006521,1.2785839267717856,-0.040753259016502515,0.025735514400124317,1.8455192849050743,2.9020256109950795,0.06379751409596841,0.09162651981196587,4.3347397477427565,6.935932319548494,-0.043628879073190206,-0.16147031948654764,8.927498324269541,1.7488622828552411,-0.07321399122937967,0.030491025678395595,5.924856204867542,5.3243243226470005,0.12770394988639924,0.09037157347241304,2.669858080370416,2.271748885769968,-0.005341557293963257,0.002361379087616669,2.6230029014883045,6.579431974138744,0.17639927869901603,0.12668666837172562,8.426483681444576,2.461508071634018,-0.1753071231941357,0.015119882590937182,7.60754298847266,4.690628711306822,-0.27726471912078116,0.019316291643563716,4.701771205655236,3.6632721475480614,-0.1069921567833415,0.12624037590987625,2.727387829170117,7.824301219737662,0.09238883068475273,0.006338959904004741,7.421683596098394,7.9861576311735485,-0.028859532610483064,-0.0037050674360435062,3.338978788020615,3.9209478524995576,-0.012667184402663057,0.007167398655610709,5.871300049296075,3.564542419816147,-0.057598012326474005,0.11351268938460377
340,6.224531448730851,2.026374248707679,0.017445885993594035,0.04005360390980629,7.056773238766811,1.3355846414718118,0.0607130780063145,0.040448260240928305,1.2172157142601518,7.549892000475824,0.147472863271719,-0.007785366780458661,2.224533897170189,2.045753050757613,-0.012558578202361342,0.015411033153223563,6.853480177637304,7.785944537139452,0.012173139281657346,0.0021942131994207147,7.467508740769939,1.746268456197236,0.04861250175529054,0.04911849940896122,1.358050450249827,1.2798707024917917,-0.03280732085856654,0.02901591454079352,1.8487091606098727,2.906606936985678,0.06426875149375105,0.09363119137550477,4.332558303789097,6.927858803574166,-0.04184966465931218,-0.1616949982971978,8.923837624708073,1.7503868341391609,-0.07381515745919474,0.0321311954803049,5.931241402361862,5.3288429013206216,0.12443228946615557,0.09162678685660547,2.669591002505718,2.271866954724349,-0.005395148070026684,0.0023897213987858316,2.6318228654232554,6.58576630755733,0.16944595270622664,0.1181764785410518,8.41771832528487,2.462264065763565,-0.1716790778340137,0.013351666627301868,7.59367975251662,4.691594525889,-0.2508254218725339,0.016504462733475174,4.696421597816069,3.6695841663435553,-0.10745995509828116,0.1255895987524407,2.7320072707043543,7.824618167732862,0.08716333203460104,0.0036932927464626304,7.42024061946787,7.985972377801747,-0.026257222178639315,-0.004113535314930725,3.3383454288004817,3.9213062224323383,-0.01305542514704948,0.0072192496032674035,5.868420148679752,3.570218054285377,-0.057805856187311384,0.1098007455689657
341,6.225403743030531,2.0283769289031692,0.01951549078302901,0.03826421624410373,7.059808892667127,1.337607054483858,0.05636009120339107,0.03985048272321583,1.2245893574237379,7.5495027321368005,0.14362702187663615,-0.007336780533290867,2.223905968260071,2.046523602415274,-0.011562546995284723,0.013420610539588065,6.854088834601387,7.786054247799423,0.010526270429924229,0.001884208607414722,7.469939365857703,1.748724381167684,0.047449818832264824,0.04589217148044217,1.3564100842068987,1.2813214982188315,-0.024958148007037703,0.03214996589194569,1.8519225981845602,2.911288496554453,0.06456871417134921,0.09535667985042526,4.330465820556131,6.919774053659306,-0.040005858408098116,-0.16151038433886533,8.920146866835113,1.751993393913176,-0.07421825955519103,0.033654133472970485,5.93746301683517,5.333424240663452,0.12092316068170197,0.09262469097251204,2.6693212451022164,2.2719864407942882,-0.005445561779429122,0.002416661832123905,2.6402951630585667,6.591675131484383,0.16222546166650945,0.10956232678521552,8.409134371393169,2.46293164909493,-0.16770346579990947,0.01158985635628009,7.581138481422994,4.692419749025674,-0.22435394525769092,0.013714638817029924,4.691048600061155,3.6758636462811776,-0.10764857806338897,0.12463949008416632,2.7363654373060844,7.824802832370185,0.08183749877399125,0.0010979198680990568,7.4189277583589375,7.985766701036,-0.023647820676065464,-0.004502528828255671,3.3376926575431294,3.9216671849125015,-0.013402291911819575,0.007251885780593645,5.865529855870386,3.5757080915638255,-0.05786450892081164,0.10589781862525707
342,6.226379517569683,2.0302901397153743,0.021489740737744113,0.03641942926026922,7.062626897227297,1.3395995786200188,0.05196414637552493,0.03916652899284384,1.2317707085175698,7.549135893110136,0.13950864435825105,-0.006879945525351108,2.223327840910307,2.0471946329422535,-0.010577310621138545,0.011441375708054402,6.854615148122884,7.7861484582297935,0.00890647843474519,0.0015826088658192194,7.472311856799316,1.7510189897417061,0.046194671727926545,0.042623705501613686,1.3551621768065467,1.2829289965134287,-0.017223186174650677,0.035133126172967065,1.8551510338931276,2.9160563305469744,0.06470050590327305,0.09680495313503398,4.328465527635726,6.911698534442363,-0.038103523151516105,-0.16092614823374815,8.916435953857354,1.7536761005868244,-0.07442674620513941,0.035058670027118675,5.943509174869255,5.3380554752120775,0.11719067939319433,0.09336858051837943,2.6690489670132447,2.2721072738858945,-0.00549354156760932,0.0024425320958366037,2.648406436141892,6.597153247823644,0.1547618680210196,0.10086808762692252,8.400749198103172,2.4635111419127442,-0.16339804637207275,0.009838712175465607,7.56992078416011,4.693105480966525,-0.19791719200353766,0.010953299341662134,4.685666171157985,3.682095620785386,-0.1075638355666234,0.1233991601357177,2.740457312244784,7.8248577283635905,0.07642690301481021,-0.0014418019201715734,7.417745367325134,7.9855415745945875,-0.02103801115560935,-0.004871513665460154,3.337022542947538,3.922029779201531,-0.013707848444602804,0.007265657929478567,5.862636630424345,3.581002982495088,-0.05777718069550609,0.10181796299121876
343,6.22745400460657,2.032111111178388,0.023365845716633766,0.03452510141042032,7.065225104546073,1.3415579050696609,0.047537199940346976,0.03840004789892312,1.2387461407354823,7.548791895833868,0.135134158723134,-0.006416189441276609,2.22279897537925,2.047766701727656,-0.009603787979973985,0.009477393189986943,6.855060472044621,7.786227588673085,0.00731501383109511,0.001289039492087565,7.474621590385713,1.7531501750167868,0.04485227875411607,0.039322220743554806,1.3543010174978143,1.2846856528220771,-0.009619203018055729,0.03796133253223304,1.8583860591882913,2.920896578203726,0.06466758105647041,0.09797862788790142,4.32656035147815,6.903652227030675,-0.0361487316303284,-0.15995274207041177,8.912714616547097,1.7554290340881804,-0.07444447503995114,0.03634395783373074,5.949368708838914,5.342723904237997,0.11324920223519513,0.09386231109816885,2.668774289934864,2.2722294004906862,-0.005539803837153512,0.0024676535850467465,2.656144529542943,6.60219665220499,0.14707930056250074,0.0921172986306238,8.392579295784568,2.4640030775215176,-0.15878100376543214,0.008102371958280775,7.560024924559933,4.693653145933609,-0.17158047271759402,0.008226706756135951,4.680287979379654,3.688265578792172,-0.10721209018711847,0.12187823971076986,2.7442786573955247,7.824785638267582,0.07094697840267372,-0.003920775463405701,7.416693466767353,7.985297998911315,-0.018434327321474462,-0.005220017559663906,3.336337150525308,3.922393062098005,-0.013972260334286892,0.00726095606018989,5.85974777138957,3.586093880644649,-0.05754737440353114,0.09757535920146826
344,6.228622296892402,2.0338373662489087,0.025141323719206812,0.032587083183666966,7.0676019645430905,1.343477907464607,0.043091016800109655,0.037554812509868314,1.245502848671639,7.548471086361804,0.13052026361799926,-0.005946827395490584,2.222318785980251,2.0482405713871557,-0.008642850497089622,0.007532592061387356,6.855426222736176,7.786292040647689,0.0057530611971386494,0.0010031418042632657,7.476864204323419,1.7551162860539646,0.043427958925331044,0.03599671384069337,1.3538200573469115,1.2865837194486889,-0.002162261474939032,0.04063100091708495,1.8616194382411149,2.9257955095981214,0.06447372806607966,0.09888094838910959,4.324752914896634,6.895654589927155,-0.03414755108929161,-0.1586013556905744,8.9089923927951,1.757246231979867,-0.07427569378837973,0.0375094667701097,5.955031168950674,5.347417019792905,0.10911328530766293,0.09411027696216757,2.6684972997430063,2.2723527831699384,-0.00558503608351588,0.0024923363414716335,2.6634984945710682,6.606802517136521,0.1392018926203923,0.08333310914016526,8.384640245596296,2.4644081961194315,-0.15387089210802732,0.006384843466086896,7.551445900924053,4.694064481271416,-0.14540737843379015,0.00554089573689376,4.674927374870298,3.6943594907777104,-0.1066002288531846,0.12008684439610642,2.7478260063156585,7.824589599494412,0.06541298464830361,-0.0063341701632585595,7.415771750401279,7.985036998033332,-0.015843140555303913,-0.005547630072348923,3.335638537508594,3.9227561099010146,-0.014195792305617374,0.0072382075928097344,5.856870402669393,3.5909726486047227,-0.0571788703171168,0.09318427559898347
345,6.229879363078362,2.035466720408092,0.026814000157423943,0.030611202659056404,7.069756515383096,1.3453556480901006,0.03863714523852739,0.03663470788579257,1.252028861852539,7.548173744992029,0.12568388049368504,-0.005473158927246013,2.2218866434553965,2.048617200990225,-0.007695328341977977,0.005610758938303919,6.855713875796033,7.786342197737902,0.004221739301658719,0.0007245742237300397,7.479035602269685,1.7569161217459992,0.04192711639538035,0.03265603905854458,1.3537119442731644,1.2886152694945432,0.0051323045371448875,0.043139024260984975,1.8648431246444188,2.930739557017577,0.0641230524478075,0.09951576430806779,4.3230455373421695,6.8877245221426255,-0.032106028232704927,-0.15688387211505694,8.90527860810568,1.7591217053183725,-0.07392502088049771,0.03855497808849487,5.960486833216057,5.352122533641014,0.10479764329773106,0.0941173879018209,2.6682180479388307,2.272477399987012,-0.005629894959275199,0.002516878105406591,2.670458589202088,6.61096917259353,0.1311537216254303,0.0745382311403916,8.376946700990896,2.4647274382927358,-0.14868658073264404,0.004689997256302168,7.544175532002363,4.694341526058261,-0.11945966032528735,0.0029016632262422724,4.669597363427639,3.7003638329975157,-0.10573563382713128,0.11803553836503265,2.7510966555480736,7.824272890986249,0.05983997329178606,-0.008677428056956583,7.414979593373514,7.984759616529714,-0.013270647639983927,-0.00585400222831766,3.334928747893313,3.923118020280655,-0.014378805326828887,0.007197875446963599,5.854011459153537,3.5956318623846717,-0.05667571039685397,0.08865903068855713
346,6.2312200630862336,2.0369972805410446,0.028382006375387618,0.028603251439601945,7.071688372645022,1.3471873834843902,0.0341868929239844,0.03564371884604404,1.2583130558772233,7.547900087045667,0.12064210628843368,-0.004996465102218813,2.2215018770382975,2.04889773893714,-0.006762016238658597,0.0037155316396404927,6.855924962761116,7.7863784264490885,0.0027221017556481298,0.0004530135907728476,7.481131958089454,1.7585489236989265,0.04035522503136508,0.029308889361347772,1.3539685595000217,1.2907722207075925,0.01224991205261406,0.045482769518994784,1.8680492772668091,2.9357153452329805,0.06361995939982694,0.09988750745807926,4.321440235930535,6.879880328536872,-0.03003017456980968,-0.15481282223970097,8.901582357061656,1.7610494542227972,-0.0733974255608418,0.039480577956995125,5.965726715380944,5.356828403036105,0.1003171091247783,0.09388904537557748,2.667936553190867,2.272603243892282,-0.005675004566115564,0.0025415634628135958,2.6770162752833597,6.614696084150549,0.12295875017379136,0.06575489231776187,8.369512371954263,2.4649619381555508,-0.14324719991137533,0.0030215600930968457,7.538202548986098,4.694486609219573,-0.09379711672341264,0.00031455928901482277,4.664310581736282,3.7062656099157674,-0.10462615310459634,0.11573529787374547,2.754088654212663,7.823839019583401,0.05424275475756069,-0.010946269077904004,7.414316060991514,7.984466916418298,-0.010722859196158662,-0.006138846005206296,3.334209807626972,3.923477914053003,-0.014521753541746072,0.007140456085781598,5.8511776736336945,3.6000648139190994,-0.05604218229880494,0.084013956211894
347,6.232639163405003,2.0384274431130245,0.029843777437508646,0.026568970993986214,7.073397717291222,1.3489695694266923,0.02975130405420867,0.03458591776257475,1.264345161191645,7.547650263790556,0.1154121667370794,-0.00451800572549918,2.2211637762263647,2.049083515519122,-0.0058436787981416905,0.0018503934618155657,6.8560610678488985,7.786401077128627,0.0012551370954469294,0.00018815614367034226,7.483149719341022,1.7600143681669937,0.03871781316046174,0.025963778308934527,1.3545810551026525,1.2930463591835422,0.019176748618853642,0.04766007358490188,1.8712302752368004,2.9407097206058843,0.06296913604692639,0.10000116761857027,4.319938727202044,6.8721396874248875,-0.02792595217790507,-0.15240133893094124,8.897912485783614,1.763023483120647,-0.07269820757197608,0.040286650383561634,5.970742570837182,5.361522855304884,0.09568659419790504,0.09343111794273556,2.6676528029625612,2.272730322065423,-0.005720954970411115,0.0025666630868041588,2.6831642127920494,6.617983828766437,0.11464076870437982,0.0570047913878469,8.362350011958695,2.4651130161602057,-0.1375720871588067,0.001383108865830907,7.533512693149928,4.694502337184024,-0.06847748756077156,-0.0022151212078475578,4.659079274081052,3.7120523748094545,-0.10328007031555694,0.11319747454882786,2.756800791950541,7.823291706129506,0.04863586675346149,-0.013136695503185351,7.4137799180317066,7.984159974118038,-0.008205588844329067,-0.00640193368210192,3.333483719949885,3.9238349368572925,-0.014625181037973266,0.00706647752001174,5.848375564518754,3.604265511729694,-0.055282803127215,0.07926336102042607
348,6.234131352276878,2.0397558916627236,0.03119804920713817,0.024514039430911877,7.074885282493932,1.350698865314821,0.02534113767386736,0.03346545240907708,1.270115769528499,7.54742436350428,0.11001137040878788,-0.0040390166704419705,2.2208715922864575,2.049176035192213,-0.004941055404355132,1.8668144496238872e-05,6.856123824703671,7.786410484935811,-0.00017823004201853333,-7.028160904879366e-05,7.485085609999046,1.7613125570824404,0.03702044852375259,0.022629022809428245,1.355539892533595,1.2954293628627873,0.025899789490805694,0.049669238125363814,1.8743787320391467,2.9457097789868127,0.06217553337934878,0.09986226750640381,4.3185424295931485,6.86451962047834,-0.025799259909373547,-0.14966311064930124,8.894277575405015,1.7650378156398252,-0.07183297646892989,0.040973869554571496,5.975526900547077,5.36619441120202,0.09092104937139169,0.09274991608227577,2.6673667552140405,2.272858655219763,-0.005768300938493682,0.0025924330744160205,2.6888962512272685,6.62083406833583,0.10622333989626909,0.04830905575038539,8.355471407600755,2.465182171603497,-0.13168073422527385,-0.00022193498098613154,7.5300888187718895,4.694391581123631,-0.04355635633538797,-0.0046823460905109195,4.653915270565275,3.717712248536896,-0.10170607421348205,0.11043375856234885,2.759232585288214,7.822634871354347,0.04303354406257087,-0.015244995595139917,7.41336963858949,7.983839877433932,-0.005724443103304819,-0.006643097052062144,3.332752460897986,3.924188260733293,-0.014689718462940423,0.006976497278171664,5.845611424362393,3.6082286797807153,-0.054402302979167795,0.0744214958182151
349,6.235691254737235,2.0409815936342692,0.03244385473893319,0.022444058729429443,7.076152339377626,1.3523721379352749,0.02096684719289906,0.03228653389501041,1.2756163380489385,7.5472224126707586,0.10445706357186095,-0.003560707327447429,2.2206245395162396,2.0491769685994377,-0.0040548645411935536,-0.001776484622093606,6.85611491320157,7.786406970855358,-0.0015771388645365212,-0.00032256220851488904,7.486936632425233,1.7624440082229118,0.03526872347005999,0.01931272675163729,1.3568348820081353,1.2979128247690555,0.032406812469411815,0.05150902336835195,1.8774875087081142,2.950702892362133,0.061244347938343296,0.09947683697799509,4.3172524665976795,6.8570364649458755,-0.023655920067110536,-0.1466123347273749,8.890685926581568,1.7670865091175538,-0.07080763062452991,0.0415431916203472,5.980072953015647,5.370831907006134,0.08603542668004642,0.09185216647347065,2.667078340167116,2.272988276873484,-0.005817560888791,0.002619114378468054,2.694207418222082,6.623249521123349,0.09772974488660016,0.0396882015253908,8.348887370889491,2.4651710748544478,-0.1255927348971823,-0.0017903105037973166,7.52791100095512,4.6941574638191055,-0.019087059671737062,-0.00708235254808808,4.648829966854601,3.7232339364650135,-0.09991322783817014,0.10745614178915974,2.7613842624913425,7.82187262157459,0.037449689772068875,-0.01726774644603765,7.413083416434325,7.983507722581329,-0.003284812033695352,-0.006862226503568089,3.332017974974839,3.9245370855972017,-0.01471607949968847,0.006871100348577554,5.842891309213435,3.611949754571626,-0.053405608327003716,0.06950251884350833
350,6.237313447474182,2.0421037965707405,0.033580520009415506,0.02036454244690679,7.077200681737271,1.3539864646300255,0.016638561129770288,0.031053424712772722,1.2808391912275314,7.5470443773043865,0.09876658597983522,-0.003084258176351661,2.22042179628918,2.049088144368333,-0.003185807614291623,-0.003532073061203478,6.856036056258343,7.786390842744932,-0.0029407913131352494,-0.0005689267832358713,7.488700068598736,1.7634096445604936,0.03346824042140035,0.016022765538267536,1.3584552226316058,1.300488275937473,0.038686410399825774,0.053178640884951965,1.8805497261050315,2.9556767342110324,0.060181003299914576,0.09885138654403058,4.316069670594324,6.849705848209506,-0.02150166557113065,-0.14326367042687346,8.887145545050341,1.7691636686985712,-0.0696283359850676,0.041995845960592075,5.984374724349649,5.375424515329808,0.08104464193255632,0.09074498581467996,2.6667874621226764,2.2731192325924074,-0.005869216052960508,0.00264693233235372,2.699093905466412,6.6252339311996185,0.08918293140243229,0.031162096016645095,8.342607734144632,2.465081559329258,-0.1193277337167299,-0.003318921801085751,7.5269566479715335,4.693803346191701,0.004879395466161049,-0.009410652978999515,4.6438343054626925,3.7286067435544714,-0.09791093743670734,0.10427688103889449,2.763256746979946,7.821009234252288,0.03189784797867299,-0.019201816036675097,7.41291917583264,7.983164611256151,-0.0008918606330678524,-0.0070592699761562365,3.3312821709998546,3.9248806406146306,-0.01470505721436046,0.00675089709902787,5.840221028797085,3.6154248805138014,-0.05229782528369584,0.0645204625536237
351,6.238992473474652,2.043122023693086,0.034607659011288434,0.01828090392462364,7.078032609793759,1.355539135865664,0.012366065100237505,0.029770426925353446,1.2857775205265232,7.546890164395569,0.09295722766868049,-0.0026108184857146837,2.2202625059084653,2.048911540715273,-0.002334572212732597,-0.005245276605605648,6.855889016692687,7.786362396405771,-0.0042684515434949525,-0.0008095946955425154,7.490373480619806,1.764210782837407,0.03162459764028204,0.012766771538352937,1.360389543151597,1.3031472079817206,0.04472800135080586,0.05467774540521611,1.8835587762700272,2.960619303538234,0.05899113140760071,0.09799288027847021,4.314994587315767,6.842542664688163,-0.019342127637382477,-0.1396321918970661,8.883664128251088,1.771263460996601,-0.06830150463503049,0.04233332596327996,5.988426956446276,5.379961764620542,0.07596353823705339,0.08943585425617535,2.6664940013200282,2.2732515792090253,-0.005923709843835913,0.0026760962682553556,2.7035530520365336,6.626792036000451,0.08060546389315211,0.022749922641804577,8.336641347458796,2.464915613239204,-0.11290537572854586,-0.004804842039682492,7.527200617744842,4.693332813542751,0.028294406874791032,-0.011663040017767941,4.638938758590857,3.733820587606416,-0.0957089212256857,0.10090846145291296,2.76485163937888,7.820049143450454,0.026391178005681824,-0.021044364521431505,7.4128745828009865,7.982811647757343,0.0014494790126282132,-0.007234231795670761,3.3305469181391367,3.925218185469582,-0.014657520287416426,0.006616521179845483,5.837606137532901,3.6186509036414827,-0.05108422279565316,0.05948920137387742
352,6.240722856425217,2.044036068889317,0.035525168238091015,0.01619844500928029,7.0786509130487705,1.3570276572119317,0.008158785068618623,0.02844187052083772,1.2904253819099571,7.546759623471283,0.08704618685035503,-0.002141504141902736,2.220145777297829,2.0486492768849924,-0.0015018348224195431,-0.006913448641075033,6.855675594115512,7.786321916670993,-0.005559445251725725,-0.0010447634078976952,7.49195471050182,1.7648491214143247,0.02974337532763819,0.009552120474590536,1.3626259432191374,1.3058810952519815,0.05052183650201188,0.05600642571026127,1.8865083328404073,2.9655189475521575,0.057680553804344906,0.09690870820318877,4.314027480933898,6.83556105509331,-0.017182823988050176,-0.13573334115443678,8.880249053019336,1.773380127294765,-0.06683377322878162,0.04255737935099917,5.992225133358129,5.384433557333351,0.07080685052910662,0.08793258852209666,2.6661978158278363,2.273385384022438,-0.0059814474208117465,0.0027067992252418666,2.7075833252311914,6.627929532132541,0.07201947574309786,0.014470148361293463,8.330996078672369,2.46467537113722,-0.10634525735577462,-0.006245316967811601,7.528615338088581,4.692749661541863,0.05111184450953986,-0.013835590748119667,4.634153312529573,3.738866010679062,-0.09331717807634783,0.09736356015398374,2.7661711982791637,7.818996925224383,0.020942430162068752,-0.022792844753977318,7.412947056751618,7.982449936167559,0.0037345148187645297,-0.007387171394757012,3.3298140421247657,3.9255490115285743,-0.0145744091406101,0.006468627415895086,5.835051926393118,3.6216253637101765,-0.049770215806602326,0.05442242056724073
353,6.242499114837122,2.044845991139781,0.03633322058669529,0.014122345307008972,7.079058852302201,1.3584497507379736,0.004025771875039636,0.027072101959121506,1.2947776912524749,7.546652548264188,0.08105052898331602,-0.0016773956104718206,2.2200706855567076,2.0483036044529386,-0.0006882629817165355,-0.00853411869971103,6.855397621852926,7.786269678500599,-0.006813158571344041,-0.001274608447567122,7.493441879268202,1.7653267274380542,0.027830122078709753,0.0063859187585763085,1.365152035044238,1.3086814165374945,0.056059005771060724,0.05716519464416726,1.8893923605306246,2.970364382962317,0.05625526281265149,0.09560665822909319,4.313168339734496,6.828774388035588,-0.01502914761085774,-0.13158288120063052,8.876907364357896,1.7755079962623148,-0.06523198134610138,0.04266999808911719,5.995765475884585,5.3888301867594555,0.06558917116826589,0.0862433147957295,2.6658987434567956,2.2735207239837,-0.006042795448218348,0.0027392177460195907,2.7111842990183463,6.628653039550605,0.06344662363706208,0.006340493631190625,8.32567881580458,2.4643631052888293,-0.0996668785030013,-0.00763776791763828,7.531170930314058,4.692057882004457,0.07328811018623298,-0.015924670110168192,4.629487453625756,3.743734188686761,-0.09074595620267921,0.09365501023389547,2.767218319787267,7.817857282986684,0.015563923069531811,-0.024445002069405912,7.413133782492555,7.982080577597822,0.005958801032215887,-0.007518201924376938,3.329085321667735,3.925872442899369,-0.014456731971755383,0.0063078896930938355,5.832563415602787,3.6243464847385387,-0.048361348435288616,0.04933358627733527
354,6.244315775866457,2.0455521084051314,0.037032258705989224,0.012057651984771245,7.079260140895953,1.3598033558359297,-2.431295137140816e-05,0.025665472935146105,1.2988302177016406,7.5465686784836645,0.0749871470958271,-0.0012195360319719021,2.2200362724076217,2.047876898517953,0.00010548309860855456,-0.010104994116154932,6.855056963924358,7.78620594807822,-0.008029037458831913,-0.0014992834859282244,7.494833385372138,1.765646023375983,0.025890341722685416,0.0032749917842759624,1.367954985332791,1.311539676269703,0.061331441217128316,0.058154978290449945,1.8922051236712571,2.9751447158737716,0.05472140271123954,0.09409488773384202,4.312416882353953,6.822195243975556,-0.012886356083124988,-0.12719684939278333,8.873645765290592,1.7776414961667706,-0.06350314982741616,0.042673407910404776,5.999044934442998,5.393142352499242,0.06032491666512341,0.08437644144121627,2.6655966036843846,2.2736576848710013,-0.006108082038012234,0.002773511759305565,2.7143566302001996,6.628970064232165,0.054908044144319434,-0.0016220951015628766,8.320695471879429,2.4639812168929476,-0.09288959597815782,-0.008979794301299767,7.53483533582337,4.691261648498949,0.09478218960973493,-0.017926933511295207,4.624950155815622,3.748416939198456,-0.08800572193066143,0.08979576516142443,2.7679965159407436,7.816635032883213,0.010267522578903125,-0.02599887334006385,7.413431722544166,7.981704667501603,0.008118143803284069,-0.0076274887622694906,3.3283624850691473,3.926187837384024,-0.014305560709270507,0.00613499884482287,5.830145348181023,3.6268131640524053,-0.04686327720874122,0.04423591679325933
355,6.246167388801756,2.0461549910043697,0.03762298782083405,0.01000927013232194,7.079258925248385,1.361086629482687,-0.0039832100868097825,0.02422632938187228,1.302579575056432,7.546507701682066,0.0688727234330671,-0.0007689294539083209,2.2200415465625523,2.0473716488121454,0.0008787494652522195,-0.011623961186240029,6.8546555120514165,7.786130983903924,-0.009206586702346937,-0.0017189206701933558,7.496127902458272,1.7658097729651967,0.023929480570364908,0.00022587318743668523,1.3710215573936475,1.3144474251842253,0.06633191826261657,0.05897710435896514,1.894941193806819,2.9798494602604637,0.053085250955331266,0.0923818948553994,4.311772564549797,6.815835401505916,-0.01075956147455843,-0.12259151117713073,8.87047060779922,1.7797751665622907,-0.06165445914333285,0.04257005749093738,6.002061180276255,5.397361174571303,0.05502829559663881,0.08234063163357652,2.6652911995824837,2.2737963604589666,-0.006177596870314274,0.0028098245448012985,2.7171020324074155,6.628888959477087,0.046424312579802694,-0.009401470350075531,8.316050992080521,2.4635322271778826,-0.0860325783201779,-0.010269175605575631,7.539574445303857,4.690365301823384,0.11555569677218373,-0.019839328652118623,4.620549869719089,3.7529067274565273,-0.0851071286249374,0.08579886369018043,2.7685098920696887,7.81533508921621,0.00506462229286633,-0.027452785323781807,7.4138376297343305,7.98132329306349,0.01020860600249502,-0.007715247924403787,3.3276472070336838,3.9264945873262653,-0.01412202689841836,0.005950660543525939,5.827802184320586,3.6290249598920683,-0.04528175439176928,0.03914235508059197
356,6.248048538192798,2.0466554545109856,0.0381063680610428,0.007981953696221952,7.079059764744044,1.3622979459517808,-0.007843074011483778,0.022759000735092433,1.3060232112280854,7.546469255209371,0.06272369249413655,-0.000326539200216418,2.220085484035815,2.0467904507528334,0.0016308878613092825,-0.01308908581143587,6.854195182716299,7.786045037870414,-0.010345369044742089,-0.00193363098771668,7.49732437648679,1.7658210666245686,0.02195291509254569,-0.0027552049239422957,1.3743381533067784,1.3173962804021735,0.07105405477892479,0.05963328983004133,1.8975954563545856,2.9844685550032337,0.05135319948654261,0.09047648957958324,4.311234586476068,6.80970582594706,-0.008653720840998204,-0.11778331429338745,8.867387884842053,1.7819036694368375,-0.059693227851783034,0.04236260731218066,6.004812595056086,5.401478206152982,0.0497132777632035,0.08014477596752473,2.664982319738968,2.273936851686207,-0.006251591483032646,0.0028482827772770294,2.7194232480364056,6.628418885959583,0.03801540419403808,-0.01698230597962146,8.311749363164513,2.4630187683976037,-0.07911476211370211,-0.011503872891491348,7.545352230142466,4.689373335390778,0.13557291078154698,-0.021659096580643217,4.616294513287842,3.7571966706410365,-0.08206098584702984,0.08167739534281396,2.768763123184332,7.81396244995002,-3.387429246680049e-05,-0.028805352324556638,7.414348060034455,7.980937530667269,0.012226511287217471,-0.007781744385579057,3.326941105688763,3.9267921203534417,-0.013907317531064339,0.005755593202649364,5.825538096600997,3.630982077646098,-0.04362261145219978,0.03406554261875813
357,6.24995385659585,2.047054552195797,0.03848360632569424,0.005980296995693666,7.07866761104347,1.3634358959885353,-0.011596483312823886,0.021267789481027397,1.3091593958527923,7.54645292824936,0.05655620552009658,0.0001067136207679494,2.2201670284288806,2.0461359964622616,0.002361255678310686,-0.014498613675344609,6.853677914264062,7.785948356321028,-0.011445004189070277,-0.0021435047876081988,7.498422022241417,1.7656833063783715,0.019965940050246052,-0.005662320765505398,1.3778908560457246,1.3203779448936757,0.07549230808666876,0.06012562790344322,1.9001631163289128,2.988992379482213,0.04953173617708533,0.08838776469852398,4.310801900434019,6.803816660232391,-0.006573627319590571,-0.11278884355379495,8.864403223449465,1.7840217998024466,-0.05762689119466362,0.04205391824416552,6.007298258944247,5.405485444951358,0.04439356463661248,0.0777979651140403,2.6646697401648165,2.274079265825071,-0.006330279723843987,0.002888996646964845,2.7213240182461074,6.627569770660602,0.029700657736468076,-0.024350117042553538,8.307793625058828,2.462443574753029,-0.07215480986658777,-0.012682029806245228,7.552130875681543,4.688290380561746,0.15480080519874567,-0.0233837719893244,4.612191463995491,3.761280540408177,-0.07887822881700762,0.0774444665449062,2.7687614294697087,7.812522182333793,-0.005017570018898765,-0.030055473187002635,7.414959385598816,7.98054844344799,0.014168447424815628,-0.007827290315413921,3.3262457398122094,3.9270799000135743,-0.013662670830648118,0.005550525893935885,5.8233569660283875,3.6326853547770357,-0.04189174270014011,0.029017794580768662
358,6.251878036912134,2.0473535670455814,0.038756147713576786,0.004008726828438029,7.078087786877829,1.3644992854625866,-0.015236449696601801,0.01975696100647626,1.3119872061287972,7.546458263930399,0.05038609648917227,0.0005299514692282395,2.220285091212796,2.0454110657784943,0.003069216362299839,-0.01585096990373354,6.853105664054609,7.785841181081648,-0.012505167682368777,-0.002348612397040122,7.49942031924393,1.7654001903400962,0.017973757096272545,-0.008489870698719565,1.381665471450058,1.3233842262888478,0.07964196992477184,0.06045657430043495,1.902639703137767,2.9934117677171392,0.047627426451648136,0.08612506671554225,4.310473219068039,6.798177218054701,-0.004523901834115638,-0.1076247762969588,8.86152187888973,1.786124495714655,-0.05546297988434277,0.0416470398845703,6.009517937176078,5.40937534320706,0.03908256114377821,0.07530946259197417,2.6643532261786245,2.274223715657419,-0.006413838354982318,0.002932060051819859,2.7228090511329306,6.6263522648084745,0.021498741429852232,-0.03149127706396328,8.304185884565499,2.4618094732627167,-0.06517106952036708,-0.013801973115901532,7.559870915941481,4.68712119196228,0.17320906997856056,-0.025011182771336953,4.608247552554641,3.7651527637354225,-0.0755698882481184,0.07311316747858909,2.768510550968764,7.811019408674443,-0.00987658866643877,-0.031202327647076106,7.415667807970056,7.980157078932219,0.016031268880755806,-0.00785224323603896,3.325562606270677,3.927357426308271,-0.013389372003914633,0.005336196284933613,5.821262378893381,3.6341362445060743,-0.04009508913825144,0.024011076387182043
359,6.253815844297813,2.0475540033870034,0.03892566655094805,0.0020714951728745545,7.077325964392998,1.3654871335129104,-0.01875642571250319,0.01823073377008634,1.3145065109532559,7.54648476150386,0.044228849670220824,0.0009423415874251057,2.220438552030911,2.0446185172833076,0.0037541402847063696,-0.01714475830581719,6.85248040567049,7.785723750461796,-0.013525590111222792,-0.002549004783454218,7.500319007098743,1.7649756968051602,0.015981463866022755,-0.011232576081689614,1.3856475699462967,1.3264070550038696,0.08349915944670566,0.06062893296774328,1.9050210744603495,2.997718021052916,0.04564689512890415,0.08369796677038874,4.310247023976333,6.792795979239854,-0.0025089854174786138,-0.10230783861265906,8.858748729895513,1.7882068477088835,-0.05320909912879324,0.04114519868835455,6.011472065233267,5.413140816336659,0.03379334882667326,0.0726886777201746,2.6640325342608753,2.27437031866001,-0.00650240780148742,0.0029775508570956837,2.723883988204423,6.624777700955276,0.013427621386560623,-0.038393032792231385,8.30092733108948,2.4611193746069215,-0.05818153565813543,-0.014862212768300808,7.568531369440409,4.685870632823713,0.19077012612588318,-0.0265394488538259,4.604469058142235,3.768808422109352,-0.0721470606214089,0.06869653972256765,2.768016721535442,7.809459292292089,-0.014601587922743037,-0.03224537206268023,7.416469371414094,7.979764466770417,0.01781209868173545,-0.007857004107859826,3.324893137670481,3.9276242361225178,-0.01308874897077286,0.005113348601421558,5.819257624436468,3.6353367983254334,-0.03823862255865964,0.019056981661983156
360,6.255762127625361,2.047657578145647,0.03899405704810108,0.00017267249162906321,7.076388143107374,1.3663986702014148,-0.022150311203765528,0.01669326981208998,1.316717953436767,7.546531878583232,0.038099568780520225,0.001343097073993969,2.2206262590451464,2.0437612793680167,0.00441540601070107,-0.01837876013488727,6.851804126164929,7.785596300222623,-0.01450605589352915,-0.002744714443926987,7.501118080292044,1.7644140680010758,0.013994043573788539,-0.013885489153338613,1.389822527918632,1.3294385016522567,0.08706081430577921,0.060645841232617806,1.9073034192167948,3.0019029193914357,0.04359680852309965,0.08111623165707522,4.31012157470546,6.787680587309221,-0.0005331321566722173,-0.09685476242972443,8.856088274939074,1.7902641076433012,-0.05087290794242159,0.04055178592233276,6.013161732674601,5.416775250222668,0.028538660414636464,0.06994513881369006,2.663707413870801,2.274519196202865,-0.006596093036360515,0.0030255312196359276,2.724555369273751,6.622858049315664,0.005504532490776683,-0.04504351643463286,8.298018254306575,2.4603762639685063,-0.05120381246865868,-0.015861441496600345,7.578069875746703,4.6845436603810215,0.20745913319457632,-0.027966980327324264,4.600861705111164,3.7722432490954803,-0.06862087896474683,0.06420754474175028,2.7672866421393048,7.807847023688955,-0.019183770725973593,-0.03318433454877655,7.417359976348181,7.979371616565024,0.019508329565488695,-0.007842015349795077,3.3242387002219425,3.9278799035525886,-0.012762168083449843,0.004882731619284971,5.8173456933085355,3.6362896474085327,-0.03632832992071201,0.014166711613946286
361,6.257711830477766,2.0476662117702285,0.038963423616447904,-0.0016838583605174675,7.075280627547185,1.3672333336920193,-0.02541245849346507,0.015148665618618305,1.318622931875793,7.546599033436932,0.03201294778888659,0.0017314778194300387,2.2208470293456815,2.0428423413612724,0.005052401969373133,-0.019551932438323094,6.851078823370252,7.785459064500427,-0.015446402148420855,-0.0029357562819594084,7.5018177824707335,1.7637197935434088,0.01201635512919513,-0.016443997957992167,1.394175568633921,1.3324707937138875,0.09032467989475915,0.06051075445845112,1.9094832596429498,3.0059587309742897,0.041483856844617986,0.07838979500466857,4.310094918097626,6.782837849187734,0.001399597236157697,-0.09128224355483153,8.853544629541952,1.7922916969394178,-0.04846209878788726,0.03987034547874063,6.014588665695333,5.420272507163352,0.023330855840833886,0.0670884666855672,2.663377609218983,2.2746704727638467,-0.006694964592384987,0.0030760479713545295,2.72483059589829,6.620605873493933,-0.0022540482360790676,-0.05143175540399372,8.295458063683142,2.4595831918936764,-0.04425507851977355,-0.01679853397477163,7.5884428324064315,4.6831453113646555,0.22325398977123745,-0.029292474891850596,4.597430661162927,3.7754536263325678,-0.06500248419794778,0.05965903328614692,2.7663274536030062,7.806187806961516,-0.02361489498931653,-0.03401920954256375,7.418335392826456,7.978979515797534,0.021117624430443765,-0.007807758800412301,3.32360059181777,3.928124040133553,-0.012411029845882968,0.004645096690198255,5.8155292768125,3.63699798298923,-0.03437019804231645,0.009351055862955378
362,6.259660001658588,2.0475820188522027,0.0388360708779658,-0.0034944076225894086,7.074010004622512,1.36799076697295,-0.028537676322912698,0.013600943355453199,1.3202235792652373,7.546685607327904,0.025983243400092497,0.0021067913035452005,2.22109964944415,2.0418647447393563,0.0056645284320950475,-0.020663405935419026,6.850306503262831,7.785312276686328,-0.016346517629008597,-0.0031221284948996625,7.502418600227193,1.7628975936455091,0.010053123786782085,-0.018903830319646032,1.398691802628659,1.33549633143681,0.09328929680825014,0.06022743025055705,1.9115574524851808,3.009878220724523,0.03931473693679062,0.07552872868942938,4.310164897959433,6.778273737009992,0.0032853412245585616,-0.08560690074573662,8.851121524602558,1.7942852142133547,-0.0459843775923602,0.039104561581432475,6.015755208487375,5.423626930497631,0.018181899730339766,0.0641283485136132,2.6630428609893637,2.2748242751624144,-0.0067990596908813665,0.0031291330579420805,2.724717893486486,6.618034285723733,-0.009832425775990371,-0.057547679608033975,8.293245309757154,2.4587432651949377,-0.037352053388438916,-0.017672545537247137,7.599605531894993,4.681680687620063,0.23813532710049562,-0.03051491464144547,4.59418053695303,3.778436577996875,-0.06130299710290686,0.05506371575507927,2.7651467088535404,7.804486846484387,-0.027887281719260967,-0.03475025182513434,7.419391274047978,7.978589127857513,0.022637916099861235,-0.00775475362638959,3.3229800403254757,3.928356294968063,-0.012036764644046632,0.004401195805290496,5.813810766910384,3.6374655357823777,-0.032370198636078984,0.004620374726704372
363,6.261601805202487,2.0474072984710734,0.03861449339890464,-0.005255483507208264,7.072583120806366,1.3686708141407227,-0.03152123256039046,0.012054042484820681,1.321522741435242,7.546790946893081,0.020024249251546042,0.0024683932560089,2.221382875865755,2.0408315744425853,0.006251199826711412,-0.021712482538414735,6.849489177381381,7.785156170261583,-0.017206341593906754,-0.0033038136867398252,7.502921256416532,1.7619524021295268,0.008108932340106397,-0.021261056877363568,1.4033562674690716,1.338507702949338,0.09595398659916696,0.059799912261714216,1.9135231893320204,3.0136546571589946,0.03709613538454739,0.0725432145445595,4.310329165020661,6.773993391972705,0.005120442620159026,-0.079845235897982,8.84882230572294,1.7962404422924263,-0.043447444179751604,0.03825824641786018,6.016664303473893,5.426833347923311,0.0131033403830059,0.06107451212924412,2.6627029080048197,2.2749807318153117,-0.006908383479407865,0.0031848040283431888,2.724226272197687,6.615156901743331,-0.017215708756813695,-0.06338212631846325,8.291377707087731,2.4578596379180753,-0.03051096618908823,-0.01848271047572382,7.611512298250018,4.680154941887991,0.25208649602209426,-0.031633562210070854,4.591115387097885,3.781189763784629,-0.05753349097474711,0.05043413357907295,2.7637523447675774,7.80274933389313,-0.0319938215434835,-0.035377970026784236,7.420523169852971,7.978201390176194,0.024067406416467145,-0.007683554184716402,3.3223782020932733,3.9285763547583272,-0.011640828497641498,0.004151779700779933,5.81219225697858,3.6376965545187128,-0.03033427371989168,-1.5417020797743076e-05
364,6.263532529872432,2.047144524295713,0.03830136517962508,-0.006963796475655182,7.0710070591783465,1.3692735162649636,-0.03435885570112398,0.010511811777565345,1.3225239538978193,7.546914366555882,0.014149271848213012,0.0028156881814021405,2.2216954358570904,2.0397459503156647,0.006811847289949705,-0.02269863242559842,6.848628860301686,7.7849909795772465,-0.018025862563788776,-0.003480779915355533,7.5033267030335375,1.7608893492856585,0.006188212870130636,-0.023512093195339045,1.40815396679903,1.3414976985624236,0.09831883590329021,0.05923251364696605,1.9153779961012478,3.0172818178862224,0.034834712028768255,0.0694435164315878,4.31058518715167,6.770001130177806,0.006901453127808075,-0.07401359541955686,8.846649933513953,1.7981533546133193,-0.040858973158477356,0.03733532772942361,6.017319470493043,5.429887073529773,0.008106290270029511,0.057936700783200255,2.662357488830849,2.2751399720167287,-0.007022910369416767,0.0032430645711472336,2.723365486759846,6.611987795427408,-0.02438982859867647,-0.06892684266211171,8.289852158778277,2.456935502394289,-0.02374752603625018,-0.01922843992689547,7.624116623051123,4.678573263777487,0.2650935474029017,-0.03264795630287698,4.588238712549147,3.7837114704635826,-0.053704965007034075,0.045782631668079096,2.762152653690403,7.800980435391791,-0.03592797966780232,-0.03590311964383004,7.421726540173794,7.977817212466958,0.025404564684908267,-0.007594747845019069,3.321796160668391,3.9287839437433663,-0.011224698843286373,0.0038975960093689138,5.810675543292586,3.637695783667673,-0.028268321430018856,-0.004546864911429057
365,6.265447598131413,2.04679633447193,0.03789952893233026,-0.008616262911122904,7.06928911639329,1.369799106853842,-0.0370467351819382,0.008978001731779345,1.32323141749023,7.547055150964952,0.008371108256834441,0.0031481297505205085,2.222036028221588,2.0386110186943847,0.007345921449091136,-0.023621490755918063,6.8477275671734965,7.784816940581479,-0.01880511711537096,-0.003652981810654881,7.503636113677044,1.7597137446258917,0.004295239056054001,-0.025653700963171724,1.4130699085941945,1.344459324244772,0.10038467900831248,0.05852980021693231,1.9171197317026862,3.020753993707802,0.03253708391842223,0.066239952735079,4.31093025980806,6.7663004504068285,0.008625137266215478,-0.06812813286334742,8.84460698485603,1.8000201209997904,-0.03822659530228561,0.03633983639215331,6.0177247850065445,5.432783908568934,0.0032014080589200036,0.054724648440484365,2.6620063433123784,2.275302125245286,-0.00714258546331727,0.003303905092624016,2.722145995329912,6.608541453294303,-0.031341556172600635,-0.07417448578137281,8.288664782476465,2.455974080397944,-0.01707689447176039,-0.019909319365598508,7.637371300421267,4.676940865962343,0.2771452062591337,-0.03355790663783777,4.585553464298796,3.7860006020469865,-0.049828318461077,0.041121331970912396,2.760356254707013,7.7991852794096,-0.039683799285154454,-0.036326695595382735,7.42299676840804,7.977437475074707,0.0266481254805972,-0.007488952778352362,3.321234925726227,3.9289788235438348,-0.010789870359046013,0.0036393874609912187,5.809262127221085,3.6374684404221016,-0.026178182263093135,-0.008964988062242593
366,6.267342574578029,2.0463655213263743,0.03741198517826876,-0.010210008194514798,7.0674367796341935,1.370248006940431,-0.039581520536479245,0.007456257407694077,1.3236499729030717,7.547212557452478,0.0027020255756197995,0.003465221059957409,2.222403324294042,2.037429944156589,0.007852895390668538,-0.024480854015194748,6.846787311317728,7.784634291490946,-0.01954418866110147,-0.0038203617657664645,7.503850875629847,1.758431059577733,0.0024341190551539606,-0.027682988303820245,1.41808914254461,1.3473858142556185,0.10215307894595096,0.057696573338531995,1.9187465858986072,3.024065991344556,0.030209809730762933,0.06294286933990395,4.311361516671371,6.762894043763661,0.01028847566834317,-0.062204772882494326,8.842695655090916,1.801837112819398,-0.035557879459602496,0.03527589401899121,6.01788485540949,5.435520140990958,-0.0016011178225868276,0.05144805565437836,2.6616492140392127,2.275467320499917,-0.00726732606295905,0.0033673033324476526,2.7205789175212822,6.604832729005235,-0.03805851598568,-0.07911862071599712,8.287810937752877,2.454978614429664,-0.010513659881292211,-0.020525105718516734,7.651228560734224,4.675262970630451,0.28823283977545266,-0.03436348832366733,4.583062048375742,3.788056668645532,-0.04591432566625128,0.03646210818700467,2.758372064742755,7.797368944629831,-0.043255903462903283,-0.03664992434903706,7.42432917468207,7.977063027435789,0.02779708584468163,-0.007366815718739775,3.3206954322082747,3.929160792916884,-0.010337850839803452,0.003377890136299541,5.80795321810793,3.6370201910189897,-0.0240696257717655,-0.013261290972007227
367,6.269213173836943,2.0458550209166484,0.036841881195727996,-0.011742369188544098,7.065457703607369,1.3706208198108156,-0.04196031941920193,0.0059501116873814895,1.3237850741818527,7.547385818505476,-0.0028462578092065633,0.0037665147622820846,2.2227959690635757,2.036205901455829,0.008332267739771134,-0.02527667597542479,6.845810101884673,7.784443273402657,-0.020243206191896443,-0.003982851124111447,7.503972581582604,1.757046910162542,0.0006087889566362813,-0.02959740920854462,1.4231967964919077,1.350270642922545,0.1036263071876277,0.05673785263154936,1.9202570763851454,3.0272131348115514,0.02785937468799907,0.05956261314777057,4.311875940454788,6.759783805119537,0.011888667767252125,-0.056259176569004206,8.840917761117936,1.8036009075203474,-0.03286031502473073,0.03414770061417779,6.017804799518361,5.438092543773677,-0.006291584077203281,0.04811656606682378,2.661285847736065,2.2756356856665394,-0.007397023249464747,0.003433225013054163,2.718675991721998,6.600876797969435,-0.04452919791300088,-0.08375371606280241,8.287285254758812,2.4539523591437384,-0.0040718139194063285,-0.021075724114198002,7.665640202722996,4.6735447962142675,0.29835041943821583,-0.035065035700756544,4.580766332092429,3.789879774054882,-0.041973611895143495,0.03181656166776736,2.75620926956961,7.795536448412379,-0.0466394955379955,-0.03687425564486156,7.425719028974304,7.976694686649852,0.028850701885962445,-0.007229009703671612,3.3201785396662844,3.929329687423699,-0.009870157132644348,0.003113831776072686,5.806749736819342,3.636357126470389,-0.021948337737063336,-0.017427773838872146
368,6.271055267896729,2.0452679024572213,0.036192499849805056,-0.013210896137236371,7.063359687636409,1.3709183253951847,-0.04418069452851534,0.004462978966557486,1.3236427612913924,7.54757414424359,-0.008262589173351313,0.004051613069398738,2.2232125824505644,2.0349420676570578,0.008783565856454494,-0.026009063356884004,6.844797941575078,7.784244130846452,-0.020902343007946612,-0.004140371400145241,7.504003021030436,1.7555670397021148,-0.0011769931870563369,-0.03139476211989134,1.428378111851289,1.3531075355541224,0.10480732202589765,0.055658858508894966,1.9216500451195453,3.03019126546894,0.025492175996977395,0.05610950618709074,4.312470373843151,6.756970846291087,0.013423133874517499,-0.05030670823114512,8.8392747453667,1.8053082925510564,-0.030141295002081774,0.032959522309437224,6.0174902203145,5.440498372077018,-0.010860785880897844,0.04473974357982212,2.6609159965735913,2.275807346917192,-0.007531543525024879,0.0035016245174020765,2.716449531826348,6.5966891121662945,-0.05074296650217454,-0.08807513747414757,8.28708166406284,2.4528985729380284,0.0022352700431356324,-0.021561264285690954,7.680557723694907,4.6717915444292295,0.3074944775099713,-0.03566313567260937,4.578667651497671,3.7914706021382703,-0.03801663015414776,0.02719599854104349,2.75387729479271,7.7936927356301355,-0.04983035805255314,-0.037001353847417845,7.4271615640686015,7.976333236164669,0.029808484811599544,-0.007076231799683295,3.319685031809652,3.9294853790125024,-0.009388311141064708,0.0028479301495107634,5.805652319932489,3.6354857377784455,-0.01981990783879933,-0.021456941406635417
369,6.27286489288922,2.0446073576503596,0.03546724833454086,-0.014613353989239984,7.0611506529099834,1.3711414743435126,-0.04624065946154792,0.0029981492845356315,1.3232296318327248,7.54777672489706,-0.01353639660886943,0.004320167631931759,2.223651760743387,2.0336416144892135,0.009206349066888844,-0.026678271133214814,6.843752824424681,7.784037112276445,-0.021521815273151522,-0.004292835543268734,7.503944171371083,1.7539973015961203,-0.0029196527495482225,-0.03307318768543303,1.433618477952584,1.3558904784795671,0.10569974572524178,0.05446499460772806,1.9229246539193943,3.0329967407782945,0.02311450883651127,0.05259382036755848,4.313141530536877,6.75445551087953,0.01488951665968309,-0.04436240366031001,8.837767680616595,1.8069562686665284,-0.027408099692437224,0.031715679210779724,6.016947181020456,5.442735359256009,-0.015300028679307024,0.04132705023982845,2.66053941939734,2.2759824281430623,-0.007670730509198094,0.0035724455927709366,2.7139123835012393,6.592285355292587,-0.05669006788183636,-0.09207913906005206,8.287193427564997,2.4518205097237438,0.008394856441412604,-0.02198197664261108,7.695932447570406,4.670008387645599,0.31566405808133735,-0.03615862055591397,4.576766819989964,3.7928304020653223,-0.03405363892693904,0.0226114080883183,2.7513857768900825,7.791842667937765,-0.052824850265401846,-0.037033088955798064,7.4286519883091815,7.9759794245746845,0.030670196409380828,-0.006909200819035525,3.319215616252599,3.929627775519978,-0.00889383590644294,0.0025808914841727155,5.8046613245405485,3.6344128907081137,-0.01768981784364924,-0.025341810350607424
370,6.2746382553059465,2.0438766899508978,0.03466964685753375,-0.01594772315460042,7.058838619936906,1.3712913818077395,-0.048138673534933396,0.0015587828971479244,1.3225528120022814,7.547992733278657,-0.018657702385566216,0.004571879297727954,2.2241120781967316,2.0323077009325528,0.009600211911429396,-0.02728469757287444,6.8426767336610235,7.783822470499281,-0.022101880957539555,-0.0044401491555454845,7.503798188733606,1.7523436422118486,-0.004615803340010173,-0.034631165706536446,1.4389034652388462,1.3586137282099535,0.10630784052703755,0.05316183015781809,1.9240803793612198,3.0356264317966724,0.020732552915064345,0.049025752928046805,4.313886006369861,6.752237390696514,0.016285682040533236,-0.038440939933167925,8.836397275631974,1.8085420526270672,-0.024667881028028582,0.030420533383815063,6.01618217958649,5.444801711768,-0.019601138443053733,0.03788782487438508,2.66015588287188,2.276161050422701,-0.0078144066771983,0.003645622074043361,2.7110778801071476,6.587681398339584,-0.06236163431075119,-0.09576285276262357,8.287613170387068,2.4507214108916133,0.014394865004624845,-0.02233826802989397,7.711715650474472,4.668200456617804,0.3228606629446443,-0.03655256047795445,4.575064138043617,3.7939609724697383,-0.030094680905025175,0.018073442400558637,2.7487445343768124,7.789991013489975,-0.05561990427779796,-0.036971527301850236,7.43018549812965,7.975633964533733,0.03143584400518858,-0.006728655033404742,3.3187709244572767,3.9297568200941866,-0.008388251774834064,0.0023134089600943385,5.803776833648366,3.6331458001905834,-0.015563430328780893,-0.02907591521746354
371,6.276371737648823,2.0430793037931676,0.033803317296615475,-0.017212199705853755,7.05643168626016,1.3713693209525968,-0.049873635607830355,0.00014790529623356832,1.3216199268830031,7.548221327243543,-0.02361713452632341,0.004806497752799408,2.224592088792303,2.030943466053909,0.009964787356129684,-0.027828878956719483,6.8415716396131465,7.783600463041504,-0.022642838210755564,-0.004582211670993283,7.503567398566606,1.7506120839265218,-0.006262251033836723,-0.03606751130789869,1.444218857265198,1.3612718197178444,0.10663648359447532,0.05175508233263655,1.925117007006973,3.038077719443075,0.01835235961956232,0.04541540262360403,4.314700290471888,6.750315343699856,0.017609719495212943,-0.032556606790053615,8.835163881580572,1.810063079296258,-0.02192764758099908,0.029078477004497574,6.015202122664338,5.446696103011719,-0.02375647039100851,0.034431262517478224,2.65976516253802,2.276343331526403,-0.007962375135427312,0.0037210786246621333,2.70795979839161,6.582893255701453,-0.06774968640923856,-0.09912427577498066,8.2883329136373,2.4496044974901188,0.020223886212653214,-0.02263069719088827,7.7278586836217045,4.666372828593906,0.3290881925411653,-0.036846255350554136,4.573559403998366,3.794864644589766,-0.026149562736341798,0.013592397334772166,2.7459635391629225,7.788142437124883,-0.058213019814220675,-0.03681892196686162,7.43175729032991,7.975297531782063,0.03210567492007771,-0.0065353498903671595,3.318351511868535,3.9298724905421913,-0.007873072656749297,0.0020461612704074914,5.802998662131928,3.63169200442971,-0.013445977957175148,-0.03265331293677174
372,6.278061903513654,2.042218693807875,0.03287197185757633,-0.018405195035439248,7.053938004479768,1.3713767162174084,-0.05144487694506758,-0.0012315973219007947,1.320439070156687,7.548461652131183,-0.028405936607597763,0.005023821048249772,2.2250903281601095,2.0295520221060728,0.010299749937103286,-0.028311484066226834,6.840439497702609,7.783371352457954,-0.023145024138270014,-0.004718917719408768,7.503254286014914,1.7488087083611268,-0.007855998026967587,-0.03738137035496054,1.4495506814449217,1.3638595738344763,0.10669114098390955,0.05025059862769001,1.9260346249879512,3.040348489574255,0.015979839774160186,0.041772746694452204,4.315580776446648,6.748687513360353,0.018859941808424333,-0.026723279625684236,8.834067499201522,1.811517003146483,-0.019194250267575205,0.027693920701203488,6.014014299144788,5.448417666137593,-0.02775891619415679,0.03096639465730808,2.659367043781249,2.276529385457636,-0.008114421421253808,0.003798731490197633,2.704572314071148,6.577937041912704,-0.07284713311948687,-0.10216225608012228,8.289344107947933,2.4484729626305746,0.02587119472796931,-0.02285996995278298,7.7443130932487625,4.664530515826379,0.3343528822404116,-0.03704122645014396,4.572251925861549,3.7955442644565047,-0.022227835819612955,0.00917819478962897,2.7430528881722114,7.786301491026539,-0.06060225770153832,-0.036577702946993106,7.433362574075914,7.974970764287545,0.03268017045208164,-0.00633005573832202,3.3179578582356974,3.929974798605712,-0.007349802387179561,0.0017798112505625777,5.8023263632340685,3.6300593387828717,-0.011342553319037607,-0.03606858592505357
373,6.279705502106533,2.041298434056103,0.0318794017612716,-0.019525334982520463,7.051365760632515,1.3713151363513134,-0.052852153159854295,-0.0025769821378223805,1.3190187733263072,7.548712843183596,-0.033015975800524455,0.0052236950169318695,2.225605315656965,2.0281364479027615,0.010604818805049735,-0.028733308427338056,6.839282246495696,7.783135406571984,-0.02360881357648396,-0.004850158282410954,7.502861486113566,1.7469396398433787,-0.009394245717685594,-0.03857221414757609,1.454885238494117,1.3663721037658607,0.10647784072962174,0.048654339309535534,1.9268336169766591,3.0424371269089776,0.013620752025844195,0.038107618656970155,4.316523773537069,6.747351349379069,0.02003488426506742,-0.02095439412344894,8.833107786688144,1.812901699181543,-0.016474368768034438,0.026271282112980507,6.012626353335079,5.449965985870459,-0.03160190967624885,0.0275020703373485,2.6589613227101863,2.2767193220321458,-0.008270315321106338,0.0038784892613001986,2.7009299574151737,6.572828929108698,-0.07764776944595587,-0.10487647618819788,8.290637667684331,2.4473299641329356,0.03132676081487083,-0.02302693415265311,7.761030737360783,4.6626784545038715,0.3386632342158239,-0.037139207633867674,4.571140534070568,3.7960031741959863,-0.018338778168961484,0.004840366314777419,2.7400227752871347,7.7844726058791895,-0.06278623209213746,-0.03625046709770414,7.434996582598518,7.974654261500629,0.03316003940848526,-0.006113555565352109,3.3175903681163383,3.93006378916824,-0.006819931192707193,0.0015150045780377608,5.801759235568117,3.628255909486619,-0.009258099351960548,-0.03931684380628643
374,6.281299472194597,2.040322167306977,0.030829465987730554,-0.020571458443336053,7.048723152974522,1.3711862872444223,-0.05409563527690868,-0.003885653340041176,1.317367974536281,7.548974027934443,-0.03743974917210899,0.005406012583776287,2.2261355565972174,2.0266997824813946,0.010879760624823124,-0.029095268336234,6.838101805816872,7.782892898657863,-0.024034617330444128,-0.004975821838967771,7.502391773827681,1.745011029136,-0.010874397221068227,-0.03963983341948885,1.4602091305305982,1.3688048207313375,0.10600314512923135,0.0469723599777657,1.9275146545779513,3.0443425078418263,0.011280691871800707,0.03442968695368903,4.3175255177503225,6.746303629672896,0.02113330330577337,-0.015262922559705332,8.832284068249741,1.814215263287192,-0.013774498680313291,0.024814974687710097,6.011046257851267,5.451341089387326,-0.03527943103080321,0.024046938138744627,2.658547806944131,2.276913246495211,-0.008429812695965915,0.003960253641667888,2.697047568942876,6.567585105299288,-0.08214627203146443,-0.1072674351533713,8.292204005725075,2.446178617425303,0.03658125976277991,-0.023132574322644543,7.777963899071574,4.660821494122178,0.34202994518624985,-0.03714213622187292,4.57022359516212,3.796245192511725,-0.014491377370027259,0.0005880380648230774,2.7368834636825277,7.782660082524305,-0.06476410147871779,-0.0358399678872799,7.4366545845689425,7.974348583722362,0.03354621121484859,-0.0058866427573606534,3.317249371556703,3.930139539397142,-0.006284932272128679,0.0012523685441996487,5.801296330600518,3.626290067296305,-0.007197400350762826,-0.042393723775675844
375,6.282840945493984,2.03929359438481,0.02972608010412484,-0.021542615480174953,7.0460183712106765,1.3709920045774202,-0.05517589995813705,-0.005155165306859944,1.3154959870776755,7.549244328563631,-0.04167038826990259,0.005570712973907259,2.2266795446284586,2.0252450190645828,0.011124392300305506,-0.02939839469972992,6.83690007495035,7.782644107565915,-0.02442288087291842,-0.005095795656780443,7.5018480539666275,1.7430290374650255,-0.012294059322572078,-0.04058433167423486,1.4655092877870597,1.3711534387302258,0.10527412231702668,0.04521079428101628,1.9280786891715413,3.0460639921895107,0.008965081341543694,0.030748434496347506,4.318582182915611,6.745540483544911,0.02215417465979901,-0.009661351799746682,8.831595343315726,1.8154560120215775,-0.011100939422865046,0.023329396742789,6.009282286299727,5.452543436294263,-0.03878600957730308,0.020609429069262483,2.6581263163093327,2.2771112591772944,-0.008592657307424437,0.004043920218722218,2.692940255341303,6.5622217335416195,-0.08633819262872039,-0.10933642895394487,8.294033068713214,2.4450219887091706,0.04162607933495405,-0.02317800615300456,7.7950653963308865,4.658964387311085,0.34446583029687555,-0.03705214357609337,4.569499026293618,3.796274594414966,-0.010694314645643988,-0.003570082894669345,2.733645258608592,7.78086808412994,-0.06653555855040327,-0.03534910498937203,7.438331895129685,7.974054251584494,0.0338398286275316,-0.00565011888065562,3.3169351249430967,3.9302021578243522,-0.005746258496582865,0.0009925108997623925,5.80093646058298,3.624170381107521,-0.005165073576215129,-0.04529538963631482
376,6.28432724949919,2.038216463610801,0.028573205202639926,-0.022438064944984536,7.04325957621277,1.3707342463120773,-0.05609391893414245,-0.006383225341158141,1.3134124676641803,7.549522864212326,-0.04570166201732108,0.005717780822825524,2.2272357642434737,2.023775099329596,0.011338583505799063,-0.029643826709847523,6.835678930906704,7.782389317783076,-0.024774083141767364,-0.005209966877801037,7.501233351000499,1.7409998208813138,-0.013651043878485642,-0.04140611788906349,1.470772993902911,1.3734139784442765,0.10429831721230405,0.043375836826741176,1.9285269432386185,3.047601413914328,0.006679159344863607,0.027073139133055292,4.319689891648601,6.745057415954924,0.02309669097170959,-0.004161663002387732,8.831040296344582,1.8166224818587169,-0.008459782900152242,0.02181892080977165,6.007342985820862,5.453573907747726,-0.04211672508256345,0.017197740381170536,2.6576966834439615,2.2773134551882306,-0.008758582635686211,0.004129379232691177,2.6886233457098667,6.556754912093922,-0.09021994953096629,-0.11108552932162069,8.29611437267996,2.4438630884015202,0.046453325268416924,-0.02316447075179896,7.81228868784573,4.65711178013228,0.34598574341677,-0.03687154540590363,4.568964310561336,3.7960960902702325,-0.006955950045945219,-0.007625720925336505,2.730318480681072,7.779100628880472,-0.06810081894159983,-0.03478091374419363,7.440023886561061,7.9737717456404615,0.034042240076860415,-0.005404791493974828,3.3166478120182674,3.9302517833693402,-0.005205339234745378,0.000736018775075562,5.800678206904169,3.621905611625705,-0.0031655614701542006,-0.04801852954099862
377,6.285755909759322,2.0370945603635517,0.027374836973431804,-0.02325727163447343,7.040454880266063,1.3704150850450194,-0.056851047685852384,-0.0075676959613317375,1.3111273845633142,7.549808753253467,-0.049527977950379345,0.005847245193086085,2.227802693418764,2.0222929079941037,0.011522258983248795,-0.029832805368771257,6.834440226749616,7.782128819439186,-0.0250887350618581,-0.005318223654460746,7.500550798806574,1.7389295149868607,-0.014943368672194939,-0.04210589861933582,1.4759879097635262,1.3755827702856136,0.10308372192940692,0.041473726323120415,1.9288609012058617,3.0489550708709805,0.004427972694746664,0.023412855067604526,4.320844726197186,6.7448493328048045,0.023960258939172918,0.001224686954536593,8.830617307199574,1.8177134278992055,-0.005856902941950072,0.020287883283222768,6.005237149566733,5.454433794766785,-0.04526720767624906,0.013819820337607737,2.6572587543121773,2.277519924149865,-0.00892731368047303,0.004216516341179567,2.6841123482333185,6.551200635627841,-0.09378881702908425,-0.11251756110771974,8.298437038943382,2.4427048648639302,0.051055824855205864,-0.023093328720240978,7.829587975016569,4.6552682028619845,0.34660649413292494,-0.03660283183102841,4.568616513059038,3.795714804223966,-0.0032843087746248015,-0.01157104279800031,2.726913439733992,7.7773615831932625,-0.06946060892664047,-0.03413855451767127,7.4417259985649045,7.973501506065762,0.0341549916683872,-0.005151471994759417,3.3163875450565303,3.930288584308094,-0.004663577308212363,0.00048345767625650236,5.800519928830661,3.619504685148655,-0.0012031244828042487,-0.05056035247397453
378,6.287124651607994,2.035931696781828,0.0261349949369473,-0.023999902994362637,7.037612327881771,1.370036700246953,-0.05744901342143423,-0.008706596752648099,1.3086509856657953,7.5501011155131215,-0.05314438183006785,0.005959178502033082,2.2283788063679264,2.0208012677256653,0.011675400591602046,-0.02996666692879083,6.833185789996524,7.781862908256463,-0.025367377840139146,-0.005420456195554176,7.4998036303729645,1.7368242200558939,-0.01616925773636527,-0.04268466953662869,1.4811420958599966,1.3776564566017697,0.10163874573555144,0.039510728990023315,1.929082299840599,3.050125713624361,0.002216367812520484,0.0197763952559574,4.322042739144145,6.744910567152531,0.02474449598002039,0.006486782320043781,8.830324462052477,1.8187278220633667,-0.0032979455254525548,0.018740574392813174,6.002973789182921,5.455124785783665,-0.048233636392386106,0.010483353944181088,2.6568123886281536,2.2777307499669237,-0.009098568735585625,0.004305213374927746,2.679422907381864,6.545574757572455,-0.09704291296592184,-0.11363607827586225,8.300989830186142,2.441550198427918,0.05542712863915404,-0.022966054062592445,7.846918299723215,4.653438061270433,0.34634676172263407,-0.03624865723201028,4.568452297620307,3.795136252084066,0.0003129313400274873,-0.015398667321534188,2.72344040928766,7.775654655467379,-0.0706161521147011,-0.03342530198745151,7.4434337481483235,7.9732439324660245,0.03417981886993365,-0.004890973504289431,3.3161543661911197,3.9303127571919068,-0.004122346081755819,0.00023537055797023479,5.800459772606521,3.6169766675249564,0.0007181654835373595,-0.05291858350977355
379,6.288431401354841,2.03473170163211,0.024857711858941325,-0.024665825391168423,7.034739877210699,1.3696013704093204,-0.05788990239441191,-0.009798105784278225,1.305993766574292,7.550399074438223,-0.0565465556678882,0.006053695365273691,2.2289625763975067,2.0193029343792257,0.011798049090296643,-0.030046836225209695,6.831917421104516,7.7815918854466855,-0.025610581773592673,-0.005516557841403466,7.498995167486147,1.7346899865790624,-0.017327141152250855,-0.04314370643444089,1.4862240331467742,1.3796319930512708,0.09997218464171885,0.03749312227444584,1.929193118231225,3.051114533387159,4.898312061309574e-05,0.01617231480193243,4.323279963943146,6.745234906268533,0.02544922644749874,0.011614263584026958,8.830159564776205,1.8196648507830073,-0.0007883197870126174,0.01718122851645576,6.000562107363302,5.455648953480875,-0.05101273637142909,0.007195749659746074,2.656357460191374,2.27794601063567,-0.009272061134792604,0.0043953490849718575,2.674570761733568,6.539892953658661,-0.09998118446176577,-0.1144453386120319,8.303761186618098,2.440401895724788,0.05956151026636552,-0.022784227949584512,7.8642356378093465,4.651625628408832,0.34522700638726816,-0.03581182991839002,4.568467944187308,3.794366318717989,0.0038284512237500476,-0.01910167362498472,2.7199096016819246,7.773983390368007,-0.0715691552007436,-0.032644534384193076,7.44514273909182,7.97299938379081,0.03411863791227048,-0.004624108796094302,3.315948248887032,3.930324525719805,-0.0035829866926901568,-7.723026549518342e-06,5.800495680880698,3.6143307383494676,0.002594431011927417,-0.05509145788849265
380,6.289674286947788,2.0334984103625517,0.023547023370543138,-0.02525509997056817,7.031845382090978,1.3691114651201064,-0.05817614660951155,-0.010840560598235974,1.3031664387908977,7.550701759206487,-0.05973081420518788,0.006130951360678197,2.2295524788520216,2.017800592567965,0.01189030562362663,-0.030074819958699792,6.8306368920158365,7.781316057554616,-0.025818944659794143,-0.005606426020972848,7.498128810428534,1.7325328012573402,-0.018415654338398403,-0.04348455573596621,1.4912226423788602,1.3815066491649932,0.09809319071089319,0.03542717890428274,1.9291955673872556,3.051923149127256,-0.002069757873527907,0.012608895371118183,4.324552425265521,6.745815619447734,0.026074477413340066,0.01659734086061046,8.830120148786854,1.8205239122088301,0.0016668101717799552,0.015614014851025251,5.99801147054473,5.4560087409638625,-0.053601774760015056,0.0039641270975614646,2.6558938571346347,2.2781657780899187,-0.009447500954595012,0.004486799874462933,2.6695717025104795,6.53417068672806,-0.1026033918877988,-0.11495027724410764,8.306739262131417,2.439262684327309,0.06345396453129887,-0.022549532354245286,7.88149698812871,4.649835036912912,0.34326937803097984,-0.03529530164453022,4.568659366748496,3.7934112350367397,0.007255300782029486,-0.022673608102545144,2.7163311439218876,7.772351163648797,-0.07232179282934828,-0.031799722716047474,7.446848670987434,7.972768178351005,0.03397353693137405,-0.004351688271843348,3.3157690995523974,3.930324139568478,-0.0030468054231467512,-0.00024532769785119837,5.800625402431295,3.611576165455043,0.004421994488398862,-0.057077713948969336
381,6.290851638116315,2.0322356553640235,0.022206957814707558,-0.025767978122005007,7.028936574760502,1.3685694370901946,-0.058310509963247666,-0.01183245877738408,1.3001798980806383,7.551008306774521,-0.06269409988988535,0.006191141717784397,2.230146994133203,2.01629685157003,0.011952332903281307,-0.03005219994031151,6.829345944782847,7.781035736253567,-0.025993090509078828,-0.0056899631910364255,7.497208027711615,1.730358573470542,-0.019433636842011656,-0.0437090245388673,1.4961273019144048,1.3832780081102074,0.09601124116673387,0.0333191513126876,1.9290920794935793,3.0525535938958117,-0.004135652800616917,0.00909413063906945,4.325856149136188,6.746645486490765,0.0266204740389166,0.02142680554631931,8.830203489295442,1.8213046129513815,0.004062532681070246,0.014043028455939365,5.9953313818067295,5.456206947318741,-0.0559985553479578,0.0007953057252820849,2.655421482086905,2.278390118083642,-0.009624596670768674,0.0045794405142176794,2.6644415329160895,6.528423172865854,-0.10491009116702657,-0.1151564790638514,8.309911960357983,2.4381352077095966,0.06710020366394294,-0.022263743578915578,7.8986604570302585,4.648070271830686,0.3404976228676305,-0.03470215700272094,4.569022131787597,3.7922775546316125,0.010586907973292547,-0.026108490034104093,2.7127150542804204,7.770761177512995,-0.07287669162923599,-0.030894420003645038,7.448547347834002,7.972550593937413,0.03374676688021936,-0.004074517988708415,3.31561675928124,3.930311873183585,-0.0025150712186102014,-0.0004769729448039685,5.800846502155714,3.6087222797575946,0.0061973828004287,-0.058876584963212866
382,6.291961986007051,2.030947256457923,0.0208415263393415,-0.026204896569729512,7.02602104926234,1.3679778141513255,-0.05829607386661658,-0.012772458100557894,1.297045193086144,7.55131786386041,-0.0654339763969524,0.006234499937561255,2.230744610778367,2.0147942415730147,0.01198435608871313,-0.029980626354018828,6.828046290257393,7.780751238094015,-0.02613366795870464,-0.005767077734052021,7.496236345869514,1.7281731222435985,-0.0203801306471886,-0.043819170232355945,1.5009278639727415,1.3849439656758418,0.0937361073844013,0.031175256463621633,1.9288852968535484,3.053008300427765,-0.006144725959844886,0.005635712786894141,4.3271871728381335,6.747716826768081,0.027087634555320393,0.026094040262733903,8.830406615929496,1.8220067643741784,0.0063941951021988545,0.01247228168360306,5.992531454039332,5.4562467126050045,-0.05820141198430194,-0.002304205430434221,2.6549402522533665,2.278619090109353,-0.009803056761708517,0.004673144840031379,2.659196028357738,6.522665348912661,-0.10690261448455415,-0.11507015014499129,8.31326697054118,2.4370220205306508,0.07049665190694263,-0.021928725692083498,7.91568533817364,4.64633516398055,0.33693698813828754,-0.03403560272284556,4.569551477186262,3.7909721301299073,0.013817086732818961,-0.029400815897117707,2.7090712196989584,7.769216456512813,-0.07323691347705315,-0.029932250552262542,7.450234686178013,7.972346868037977,0.03344073223801512,-0.00379339774197224,3.3154910057203093,3.930288024536345,-0.001989013355629195,-0.0007022137413382838,5.801156371295736,3.605778450509434,0.007917331418436811,-0.0604877899172279
383,6.293004062324018,2.0296370116294367,0.019454713256322816,-0.026566472110955888,7.023106245569009,1.3673391912462975,-0.058136222397493165,-0.013659376293708905,1.2937734942662964,7.551629588857288,-0.06794862074161807,0.006261296347549237,2.2313438285828027,2.013295210255314,0.011986663333738174,-0.029861811013047593,6.826739606859458,7.780462884207313,-0.026241348816833824,-0.005837684758316634,7.495217339337154,1.7259821637319808,-0.02125437801513108,-0.0438172897221602,1.5056146693419616,1.3865027284990228,0.0912778238437102,0.029001661107500593,1.928578060555556,3.05329008606711,-0.00809323315809061,0.0022410200544255472,4.328541554565899,6.749021528781218,0.027476564873716806,0.030591027097372325,8.830726325684605,1.8226303784583586,0.008657409631096577,0.010905696009435313,5.989621383440117,5.456131502333482,-0.060209200816367596,-0.00532821707157081,2.654450099415281,2.2788527473513542,-0.00998259125070792,0.004767786427772814,2.6538508976335105,6.5169118414054115,-0.10858304949122598,-0.11469808825144305,8.316791803136528,2.4359255842460468,0.07364043843470745,-0.021546423893474928,7.932532187580555,4.644633383844408,0.33261412522000905,-0.033298956907460264,4.570242331522903,3.7895020893350515,0.016940043753423985,-0.03254556238847072,2.7054093740251055,7.7677198439851995,-0.07340593804960177,-0.028916899287155497,7.451906722789914,7.972157198150879,0.03305798154466544,-0.003509119206432688,3.315391555052528,3.930252913849278,-0.001469819261176179,-0.000920631085597234,5.801552237866658,3.602754061013573,0.009578787863993627,-0.061911523284984525
384,6.293976797986834,2.028308688023889,0.018050466684531252,-0.02685349602222728,7.020199434449134,1.3666562224316121,-0.05783462703043128,-0.014492190386779744,1.2903760632292154,7.551942653674666,-0.07023681403667473,0.006271836597443596,2.2319431617494896,2.0118021197046616,0.011959606004649617,-0.029697520688278422,6.825427539418616,7.780170999969397,-0.02631682664057852,-0.0059017068739242685,7.494154620436397,1.7237912992458728,-0.022055818872257004,-0.043705908299138466,1.5101785605341471,1.3879528115543978,0.08864665712307539,0.02680446749412353,1.9281733988976515,3.053402137069831,-0.009977665861480573,-0.0010828946416985767,4.3299153828095855,6.750551080136087,0.02778805284776501,0.034910354160487954,8.83115919616616,1.8231756632588303,0.010848058309016402,0.009347094272912752,5.986610923399298,5.455865091479904,-0.06202129139767084,-0.00827086790810288,2.6539509698527457,2.2790911366727427,-0.010162913180115321,0.004863239243988996,2.648421745158949,6.51117693699284,-0.10995421708651962,-0.11404765252987102,8.320473825058263,2.434848263051373,0.07652938866951076,-0.021118857825601373,7.949162893841555,4.642968435999035,0.32755699140434175,-0.0324956382306525,4.5710893337105745,3.787874811215628,0.019950384131681834,-0.035538188177797116,2.7017390771226255,7.766273999020842,-0.07338764472414404,-0.027852101177295478,7.453559621867147,7.971981742190557,0.03260119778805444,-0.003222464139926702,3.3153180640894693,3.930206882294998,-0.0009586324856954192,-0.0011318324618963568,5.802031177259858,3.5996584848493236,0.01117891456986543,-0.06314844384375418
385,6.29487932132106,2.026966013222778,0.01663268949389368,-0.027066928155439502,7.017307703097613,1.3659316129122732,-0.057395230991552214,-0.01527003568678954,1.2868642225273816,7.552256245504538,-0.07229793094750091,0.006266460100221721,2.232541142049722,2.0103172436702477,0.011903598578019075,-0.029489570490119493,6.824111698086587,7.779875914625701,-0.02636081540494259,-0.005959074917702881,7.493051829492784,1.721606003830916,-0.02278408776291694,-0.04348776818738687,1.5146108933903009,1.389293034929104,0.08585307501084716,0.024589699568312143,1.9276745156045774,3.0533479923377462,-0.011794754664390561,-0.00432931402055566,4.331304785451974,6.752296597844111,0.028023062210277706,0.03904522047928224,8.831701599081612,1.8236430179724759,0.012962297245910467,0.00780019333977967,5.983509858829414,5.455451548084499,-0.06363755671240058,-0.01112663193104272,2.65344282419374,2.279334298634942,-0.010343740017137002,0.0049593782726062964,2.642924034304623,6.505474554366346,-0.11101964786820286,-0.11312673248070969,8.324300294491739,2.4337923201600926,0.07916201405235723,-0.02064811484969096,7.965540743411772,4.641343654087502,0.32179475062101615,-0.03162915512849629,4.572086852917159,3.786097901806738,0.022843115891099653,-0.038374634416419175,2.6980696948864185,7.764881393961978,-0.07318629388669876,-0.026741630771964082,7.45518968175655,7.971820618983561,0.03207318867149706,-0.0029342026520672894,3.3152701324651845,3.9301502906719032,-0.00045655083144874624,-0.0013354522260740091,5.802590122988351,3.596501062657136,0.012715091138430445,-0.06419966258034213
386,6.295710955795755,2.0256126668150056,0.015205230566310715,-0.02720789074526586,7.014437941548035,1.3651681111279337,-0.05682223328606904,-0.015992204378332143,1.2832493259800066,7.55256956850955,-0.07413192790046474,0.006245538423936771,2.233136321978623,2.008842765145742,0.011819118206962869,-0.029239817362073393,6.82279365731634,7.779577960879816,-0.02637404797901137,-0.006009728567847618,7.491912625104638,1.7194316154215465,-0.023439010384129714,-0.04316581680768123,1.5189035471408432,1.3905225199075195,0.08290771580861696,0.022363289671910733,1.9270847778713578,3.0531315266367183,-0.013541472082574092,-0.007491865678337067,4.332705938562488,6.754248858868076,0.028182726206608163,0.04298943925470544,8.832349713943907,1.8240330276394647,0.014996560063609606,0.006268597194292637,5.980327980993795,5.454895216487946,-0.0650583621657679,-0.013890324683638808,2.652925637192883,2.279582267548572,-0.010524794976438514,0.005056080109835927,2.637373051911213,6.499818217742311,-0.11178355733762771,-0.11194371630145272,8.328258395194357,2.432759914417608,0.08153750032895878,-0.020136343303614294,7.9816304809428225,4.639762196331078,0.3153576733787628,-0.030703095008317364,4.573229008711714,3.784179170085917,0.02561365339620281,-0.04105132402863119,2.6944103801920836,7.763544312423379,-0.07280650770837925,-0.02558929187382275,7.456793341190124,7.971673908850958,0.0314768767883835,-0.002645091541054561,3.315247304923612,3.9300835180605995,3.537536265599674e-05,-0.0015311519149924806,5.803225877545273,3.5932910795281185,0.014184916006356655,-0.06506672973890598
387,6.29647121732407,2.0242522722777423,0.013771876388182586,-0.02727766194995795,7.0115968298837315,1.3643685009090172,-0.056120072445744074,-0.01665814376336921,1.2795427295849835,7.552881845430747,-0.07573933010223574,0.0062094736393083745,2.233727277888971,2.0073807742776384,0.01170670397124024,-0.0289501537070326,6.821474954917389,7.779277474451424,-0.026357274799297455,-0.006053616994996518,7.490740674585432,1.7172733245811624,-0.02402059972040488,-0.042743194791999756,1.523048932931274,1.391640684391115,0.0798213578989154,0.02013106577399858,1.9264077042672292,3.0527569333528013,-0.015215034678642056,-0.010564530259622541,4.334115074872819,6.756398330830811,0.028268340947504658,0.04673743950954484,8.833099541947087,1.8243464574991795,0.016947560567751485,0.004755790469093336,5.977075062885506,5.4542007002537645,-0.06628455359102003,-0.01655710853759237,2.652399397444061,2.279835071554064,-0.010705808262630274,0.005153223530687516,2.6317838740443316,6.494221031927238,-0.11225081995064644,-0.1105074586954754,8.332335270210805,2.4317530972524275,0.08365569441351435,-0.019585745759065326,7.997398364611761,4.638227041580662,0.3082770361910133,-0.02972111350332168,4.5745096913815235,3.7821266038844854,0.02825781967395065,-0.043565159814496844,2.6907700548066646,7.762264847829688,-0.07225325044980098,-0.02439890737120503,7.458367185029544,7.9715416542739055,0.030815289730669042,-0.0023558727011869823,3.315249073691745,3.93000696046485,0.0005161447789867495,-0.001718620481122804,5.803935123345591,3.590037743041173,0.015586207524738622,-0.06575162106205487
388,6.297159811143479,2.0228883891802445,0.012336342988091905,-0.027277669147669572,7.0087908262614445,1.3635355937208486,-0.05529341004321204,-0.01726745415283452,1.2757557630798717,7.553192319112712,-0.0771212174292113,0.006158696628235829,2.234312613087533,2.0059332665922867,0.01156695579804458,-0.02862250111990591,6.820157091177424,7.778974793601675,-0.026311262194659638,-0.0060906992897274016,7.489539644599412,1.7151361648415624,-0.024529051797312837,-0.042223223784691115,1.5270400008262197,1.3926472376798151,0.07660488964743482,0.01789873924935445,1.925646952533297,3.05222870683982,-0.01681290452960189,-0.01354164856218003,4.335528491920194,6.758735202806288,0.028281358504362197,0.050284266159876516,8.833946919975475,1.824584247022634,0.018812294659130833,0.003265132419038282,5.973760835205955,5.453372844826885,-0.06731744432522643,-0.019122496983488006,2.6518641070309297,2.280092732730598,-0.01088651822699591,0.005250690023977026,2.6261713330467993,6.488695658992464,-0.11242694210499563,-0.10882724823889389,8.336518054931481,2.4307738099644745,0.08551708989513362,-0.018998572294871046,8.012812216421311,4.636740985905496,0.30058502074951066,-0.028686923798430106,4.575922582365221,3.7799483458937604,0.030771847661264295,-0.04591352139564428,2.6871573922841745,7.761044902461128,-0.07153180835341623,-0.023174309251468208,7.459907949516077,7.971423860638846,0.030091550157426483,-0.002067271603463465,3.3152748809306942,3.929921029440794,0.000984806521502591,-0.0018975744533123926,5.804714433721828,3.5867501619880704,0.016917004465145165,-0.06625672327777778
389,6.297776628292884,2.021524505722861,0.010902268232033042,-0.027209482010563512,7.006026155759284,1.362672221013207,-0.05434711401962896,-0.017819886423154775,1.271899702208411,7.553500253944124,-0.07827920924775689,0.006093665358341824,2.234890960877435,2.0045021415362916,0.011400533081609593,-0.028258804306204928,6.818841528067691,7.778670258637188,-0.026236791433013208,-0.006120945022721132,7.488313192009546,1.7130250036523278,-0.024964741072997097,-0.041609394065585184,1.5308702453085914,1.393542174642283,0.07326927970749399,0.015671893223391423,1.924806307306817,3.051551624411711,-0.018332790047591124,-0.016417927581524515,4.336942559845412,6.761249416114282,0.02822337976992952,0.053625578545176036,8.83488753470843,1.824747503643586,0.02058804149680632,0.001799851344061871,5.970394962989693,5.452416719977711,-0.06815880140710011,-0.021582357946892266,2.6513197811195797,2.2803552672317973,-0.011066672428870796,0.005348364290616562,2.6205499859415493,6.48325429658052,-0.11231803415560947,-0.10691277439698821,8.340793909426239,2.429823881349731,0.08712281125367861,-0.01837711380288397,8.027841467458787,4.635306639715575,0.292314613103568,-0.02760428605240254,4.577461174748285,3.7776526698239783,0.03315238039971022,-0.04809426103772678,2.6835808018665035,7.759886186998554,-0.07064776918331658,-0.0219193288162968,7.461412527023948,7.971320497058673,0.029308865849188334,-0.0017799958514300666,3.3153241212567695,3.9298261507181285,0.0014404613585080662,-0.0020677580249944434,5.805560283945085,3.5834373258241814,0.01817556596322968,-0.06658481888545247
390,6.298321741704486,2.0201640316223326,0.0094732044874054,-0.02707480537901592,7.003308800058303,1.3617812266920493,-0.05328624187152743,-0.01831533925133494,1.2679857417460232,7.553804937212041,-0.0792154482272658,0.0060148631286245854,2.2354609875315155,2.0030892013209813,0.011208153014878791,-0.02786102518961719,6.81752968849604,7.778364211386052,-0.026134656932710866,-0.006144334537636318,7.487064954955896,1.7109445339490486,-0.02532821548729595,-0.04090535202999517,1.5345337092939662,1.3943257693034525,0.06982554779193309,0.013455971499954082,1.9238896678044373,3.050730728032635,-0.01977264616630662,-0.019188445503979946,4.3383537288339085,6.763930695041541,0.02809614710759676,0.056757647455443365,8.83591693678327,1.8248374962107892,0.02227236392689212,0.00036303946491227264,5.966987022919338,5.451337602080366,-0.06881083095111387,-0.023932916143752717,2.6507664474981363,2.2806226854463283,-0.011246028604036163,0.005446134707430468,2.6149340842337687,6.47790865786067,-0.11193078154969546,-0.10477409428053296,8.345150049988924,2.4289050256595868,0.08847459685352212,-0.017723695342459392,8.042457198113965,4.633926425412954,0.28349950309690014,-0.02647699694052957,4.57911879376827,3.775247956772092,0.03539647020054181,-0.05010569838526811,2.6800484134073375,7.7587902205577395,-0.06960700147158588,-0.020637787118875983,7.462877970316407,7.971231497266102,0.028470519773262565,-0.0014947338141888399,3.3153961443246946,3.929722762816879,0.0018822628082846432,-0.002228943071251165,5.806469062243247,3.580108084879909,0.01936037091269923,-0.06673907029474084
391,6.298795401928857,2.0188102913533816,0.008052611665813366,-0.026875471958230607,7.000644487964727,1.3608654597294825,-0.05211602374207938,-0.018753856042752714,1.26402496933466,7.554105680368472,-0.07993258320916759,0.00592279679125444,2.2360213951822594,2.0016961500615005,0.010990588632677338,-0.027431137202483306,6.816222955649405,7.7780569946591696,-0.026005665164158923,-0.006160859369411658,7.485798544181531,1.7088992663475489,-0.02562019118855484,-0.04011488756013095,1.538024986683563,1.3949985678784502,0.06628473597499247,0.011256268086544194,1.922901035496122,3.0497713057574356,-0.021130673906935245,-0.021848655659420176,4.339758536189288,6.766768577414314,0.027901536812397515,0.05967735069659106,8.837030554979615,1.8248556481840348,0.02386310819248377,-0.0010423517456187407,5.9635464813717824,5.450140956273178,-0.06927616275300953,-0.026170754490824403,2.6502041460679346,2.2808949921817,-0.011424355537189042,0.005543893755251542,2.609337545156284,6.472669953146643,-0.11127241517354028,-0.10242159923099661,8.3495737798316,2.428018840892464,0.0895747807852353,-0.017040669559038227,8.05663217326881,4.632602575565928,0.27417398430764006,-0.025308879341322414,4.580888617278297,3.7727426718528285,0.037501576805353355,-0.0519466141465266,2.6765680633337583,7.757758331201796,-0.06841563352969014,-0.01933348564184995,7.464301496305071,7.971156760575393,0.02757986018461198,-0.0012121533382500806,3.315490257465109,3.9296113156633163,0.002309418068420546,-0.002380929096288992,5.8074370807888815,3.576771131365172,0.020470116823523947,-0.06672300337158339
392,6.299198032512147,2.0174665177554703,0.006643850653542598,-0.02661343485951738,6.9980386867776225,1.3599277669273448,-0.05084184546118873,-0.019135621566256703,1.2600283401742016,7.554401820208034,-0.08043375119595367,0.005817994954497007,2.2365709246138934,2.0003245932013765,0.01074866658202316,-0.026971119783762182,6.814922672391197,7.777748951690699,-0.02585063322692395,-0.0061705224802275395,7.484517534622103,1.7068935219695422,-0.025841546958564006,-0.03924192132193835,1.5413392234823124,1.3955613812827774,0.06265788058399553,0.009077917329719668,1.9218445018007753,3.0486788729744645,-0.022405319338632393,-0.02439438944721444,4.341153613029908,6.769752444949143,0.027641551406809257,0.06238216723807143,8.838223710389238,1.8248035305967538,0.025358402941618428,-0.00241351577454876,5.960082673234132,5.448832418548637,-0.06955783418248002,-0.028292814588859922,2.649632928291075,2.2811721868694623,-0.011601433831248084,0.005641538406150311,2.6037739243976072,6.467548873185093,-0.11035068100291476,-0.09986598132199732,8.354052518870862,2.427166807414512,0.09042627362652184,-0.016330410181846444,8.070340872484191,4.631337131598862,0.26437285473036926,-0.0241037721897441,4.5827636961185645,3.7701453411455024,0.03946556456954327,-0.05361624276779045,2.6731472816572737,7.756791656919703,-0.06708003228266284,-0.018010197233952377,7.465680489314301,7.97109615290848,0.026640290786244497,-0.0009329005396743399,3.31560572836853,3.929492269208502,0.0027211887900323414,-0.0025235431130227436,5.808460586630058,3.5734349811965926,0.021503718159296314,-0.06654049044576803
393,6.299530225044824,2.0161358460124945,0.0052501771374140645,-0.026290760008376414,6.995496594504563,1.358970985849032,-0.049469231577965136,-0.019460958311566214,1.256006652614404,7.554692719955759,-0.08072255852504719,0.005701006171680377,2.2371083579429945,1.9989760372121883,0.01048326465982634,-0.026482953126839723,6.813630140729851,7.777440425566687,-0.025670387675457866,-0.006173338486195606,7.483225457274175,1.7049314259034454,-0.025993318356351564,-0.03829049202080023,1.5444721175115121,1.3960152771492633,0.05895598473783604,0.006925884671599396,1.9207242358338437,3.047459153502104,-0.023595271949769774,-0.026821858251165294,4.342535690600249,6.772871553311046,0.02731831179432972,0.06487016998927334,8.839491630536319,1.8246828548080263,0.02675665755154354,-0.0037477948233914805,5.956604781525009,5.447417777819194,-0.06965927341933123,-0.030296396298217492,2.649052856599513,2.2814542637897697,-0.011777056576854211,0.005738970472836055,2.5982563903474616,6.462555574118993,-0.10917380914862103,-0.09711819986264551,8.358573832552189,2.4263502869054197,0.09103254219481309,-0.015595305615186855,8.08355951522071,4.630131942989375,0.2541313184317611,-0.022865520518601953,4.584736974347042,3.7674645290071127,0.04128669869761505,-0.0551142641381564,2.6697932800431405,7.755891147058006,-0.06560678198298699,-0.016671657322147624,7.4670125038536135,7.971049507881496,0.025655260972374687,-0.0006575986777173558,3.3157417878080317,3.9293660920528506,0.0031168916984327805,-0.00265663945659743,5.809535772538022,3.5701079566743044,0.02246030416961557,-0.06619573283466908
394,6.299792733901695,2.014821308012076,0.0038747358325548877,-0.025909618441365186,6.993023132925665,1.3579979379334537,-0.04800382842816916,-0.01973032258432734,1.2519705246881516,7.554977770264343,-0.08080306129292349,0.005572397121047918,2.237632521175986,1.9976518895558464,0.010195309114460862,-0.025968613145795877,6.8123466213460775,7.777131758642377,-0.025465763090411698,-0.006169333770249588,7.481925791356358,1.7030169013024055,-0.026076691601798017,-0.037264743648885726,1.547419916748404,1.3963615713828432,0.05518999158637055,0.0048049580366078355,1.9195444722363553,3.0461180605895457,-0.02469946244728214,-0.02912765436139934,4.343901606189966,6.7761150618105095,0.026934049293645134,0.06714001725360003,8.840829463413897,1.8244954650668568,0.02805655978886649,-0.005042683106576755,5.953121817854043,5.445902958004282,-0.069584282089805,-0.03217915642836896,2.64846400377067,2.2817412123134115,-0.01195102991795591,0.005836096916583846,2.5927976998900304,6.457699664125861,-0.10775048238817736,-0.09418944798647251,8.36312545966193,2.4255705216246604,0.09139758836483074,-0.014837752637239146,8.096266081142298,4.628988666963445,0.2434848884037923,-0.021597965708764016,4.586801309281922,3.764708815800205,0.04296364056106118,-0.05644079436734371,2.666512940943991,7.755057564191898,-0.06400266286009637,-0.015321555415053117,7.468295266902232,7.97101662794761,0.024628256176885993,-0.0003868471109600944,3.315897632392953,3.9292332600800206,0.0034958990621481245,-0.002780099533800183,5.810658787746503,3.566798170032571,0.023339216234278606,-0.06569324293773318
395,6.299986470693323,2.0135258270900076,0.002520555117473659,-0.025472278513508303,6.990622941504257,1.3570114218042373,-0.04645138727817318,-0.01994430035449053,1.2479303716235055,7.5552563901203955,-0.08067974509529026,0.005432750781252079,2.238142286631709,1.9963534588985565,0.009885771719056543,-0.025430066685083817,6.8110733331915565,7.776823291953865,-0.025237600715259326,-0.006158546600495437,7.480621956776268,1.7011536641199612,-0.026092997220217445,-0.036168912756217086,1.5501794163277225,1.3966018192846736,0.051370758301847105,0.002719739855812069,1.918309499113991,3.044661677871476,-0.025717060002482278,-0.03130875092324963,4.345248308654647,6.7794720626731895,0.026491097575991825,0.06919094291134538,8.84223229140334,1.824243330911528,0.029257072826377472,-0.006295829695623924,5.9496426037495524,5.444294000182864,-0.06933701735996861,-0.03393910656452107,2.6478664522747724,2.282033017159241,-0.012123173513623861,0.0059328301143860215,2.5874101757706214,6.4529901917265375,-0.10608980427387321,-0.0910911194075472,8.367695339080171,2.4248286339927985,0.09152592702511088,-0.014060150219702165,8.108440325562487,4.627908768678007,0.23246929083044326,-0.02030493596787553,4.588949491309975,3.7618867760818375,0.04449544213117713,-0.057596375680455954,2.6633128078009864,7.754291486421145,-0.062274629760320555,-0.0139635269123306,7.469526679711077,7.970997285592062,0.023562788348853583,-0.00012122033667747519,3.3160724273460604,3.9290942551033305,0.003857639012524512,-0.002893831510431368,5.811825748558217,3.5635135078856846,0.024140004736901043,-0.06503782595613403
396,6.300112498449197,2.012252213164332,0.0011905420806880593,-0.02498109803774443,6.9883003721403485,1.3560142067865129,-0.044817747585856695,-0.020103602873938815,1.243896384368741,7.5555280276594585,-0.08035750414936556,0.0052826646071485114,2.2386365752176616,1.9950819555643022,0.009555666689932999,-0.024869266998915337,6.809811453155794,7.77651536462384,-0.024986747575447332,-0.006141027183938916,7.479317306915258,1.6993452184821503,-0.02604370346917191,-0.035007315776742945,1.5527479542428149,1.3967378062774642,0.04750903087047082,0.0006746397344446755,1.917023646113867,3.0430962403253132,-0.0266474689626842,-0.033362500935150176,4.346572863533447,6.782931609818757,0.025991884528045756,0.0710227453845131,8.84369514504466,1.8239285394267468,0.03035743163847853,-0.007505040912178475,5.946175752881554,5.4425970448546375,-0.06892197354315363,-0.03557461005619845,2.647260293599091,2.28232965866496,-0.012293320898136234,0.00602908808461334,2.5821056855569275,6.4484356357561605,-0.10420126690645623,-0.08783477542312887,8.372271635431426,2.424125626481813,0.09142256324797195,-0.013264893481010514,8.120063790104009,4.626893521879613,0.2211203709754185,-0.018990237056237362,4.5911742634165345,3.7590069572978146,0.04588153956063752,-0.05858196547482202,2.6601990763129706,7.753593310075529,-0.0604297908308889,-0.012601145233638497,7.470704819128519,7.9709912245752275,0.022462386576079747,0.0001387328860254959,3.3162653092966865,3.928949563527809,0.004201595716486128,-0.0029977699388122705,5.813032748795062,3.5602616165878778,0.02486242548637221,-0.06423456129173052
397,6.300172025553231,2.011003158262445,-0.00011252201797159523,-0.02443851637759088,6.986059484761055,1.3550090266428159,-0.043108820417652696,-0.020209062079514672,1.2398785091612727,7.5557921608898155,-0.07984161986435075,0.005122748710444383,2.239114358552158,1.9938384922143564,0.009206047409849361,-0.024288149485481483,6.808562115777021,7.776208313264643,-0.024714054907747373,-0.006116837614168651,7.478015121741799,1.6975948526933131,-0.025930409568851988,-0.033784336439865115,1.5551234057863383,1.3967715382641865,0.043615419729124326,-0.001326132233528063,1.9156912726657327,3.041428115278556,-0.027490325048874872,-0.03528663531944507,4.347872457759849,6.786482747087983,0.025438924062358377,0.07263577543857326,8.845213016626584,1.823553287381138,0.03135713879821109,-0.008668282274080102,5.942729654204396,5.440818314351827,-0.06834396327835908,-0.03708437819417258,2.646645627554184,2.2826311130691908,-0.012461319736152238,0.00612479467009865,2.576895622211605,6.444043896985004,-0.10209471846253998,-0.08443211223980214,8.376842763593825,2.4234623818077625,0.09109296874769875,-0.01245436778523689,8.13111980865278,4.625944010026801,0.20947400088969328,-0.01765764327747045,4.593468340394566,3.7560778590240735,0.04712174594903345,-0.05939892458512779,2.657177586771426,7.7529632528138475,-0.05847538630029225,-0.011237914279632886,7.471827938457324,7.970998161219529,0.02133058787675314,0.00039249032900260284,3.3164753890825107,3.9287996750308687,0.004527309405317401,-0.0030918753277075785,5.81427587006938,3.557049888523291,0.02550643570526434,-0.06328878367904676
398,6.3001663994523325,2.0097812324435655,-0.001385985869366481,-0.023847046513846813,6.983904043740172,1.3539985735388402,-0.041330572059689145,-0.020261625797766282,1.2358864281680553,7.556048298325337,-0.0791377389260879,0.004953624049640007,2.2395746609226506,1.9926240847400822,0.008838003017395896,-0.023688627671872117,6.8073264130316335,7.775902471383935,-0.02442037726387692,-0.006086051764488928,7.476718601263356,1.6959056358713198,-0.025754838757367126,-0.03250441329696737,1.5573041767727946,1.3967052316525101,0.039700376289135315,-0.003278571501637598,1.914316756413289,3.0396637835125837,-0.02824549106050406,-0.03707926009179473,4.349144403962967,6.790114535859912,0.02483480789699305,0.0740309228778206,8.846780873566495,1.823119873267434,0.0322559596998541,-0.009783679999653747,5.939312456040478,5.438964095442119,-0.06760809833632653,-0.03846746560355686,2.6460225615673765,2.2829373528026955,-0.01262703198008551,0.006219879680534527,2.5717908862884777,6.439822291373014,-0.0997803305624555,-0.08089492869750077,8.381397412031209,2.4228396634185008,0.09054305770181245,-0.011630942998155074,8.141593508697264,4.625061127862928,0.19756598912867263,-0.01631088875053211,4.595824427692018,3.753107912794817,0.04821624332881788,-0.060049004803988865,2.654253817456411,7.752401357099866,-0.05641876740588328,-0.009877261236393327,7.4728944678511615,7.971017785735979,0.02017092817846948,0.0006395570036902008,3.3167017545527764,3.9286450812644835,0.004834376262636682,-0.003176133657033483,5.815551191854643,3.553885449339339,0.026072189604968255,-0.06220606410345077
399,6.300097100158864,2.0085888801178733,-0.002627331819431548,-0.023209267105752374,6.981837515137188,1.352985492248952,-0.039489007859630526,-0.020262352767862823,1.2319295412217508,7.556295979527819,-0.07825185096162075,0.004775920633579646,2.2400165610735203,1.9914396533564886,0.008452654885693538,-0.023072589493338395,6.80610539416844,7.77559816879571,-0.02410657108774165,-0.006048755220572679,7.475430859325488,1.6942804152064714,-0.025518831192247262,-0.031172027391542404,1.5592891955872514,1.3965413030774283,0.035774170385823215,-0.0051788844574605745,1.9129044818602639,3.0378098205079938,-0.02891305210922034,-0.03873885265653703,4.350386144357817,6.793816082003803,0.024182197325605972,0.07520960219249032,8.848393671551488,1.8226306892674513,0.0330539172319605,-0.010849522076402855,5.935932051123662,5.437040722161941,-0.06671977010964888,-0.03972326488222108,2.645391209968372,2.2832483467867224,-0.012790333924646714,0.006314278990659362,2.566801869760355,6.435777544938139,-0.09726856556371677,-0.07723509446315742,8.3859245649163,2.422258116268593,0.0897791620102041,-0.010796967911287215,8.151471808153698,4.6242455834254015,0.1854319926594533,-0.014953658978573566,4.598235239858459,3.7501054625546177,0.049165573909235115,-0.060534335705915585,2.651432879086117,7.751907494038046,-0.0542673755180838,-0.008522529733535684,7.473903014260085,7.971049763586164,0.018986933502951015,0.0008794657856881038,3.316943473365908,3.928486274581632,0.005122448175009697,-0.003250555839806982,5.816854801334892,3.5507751461341663,0.02656003356791642,-0.060992190558047055
400,6.299965733567893,2.0074284167625858,-0.003834179156071583,-0.022527814566575686,6.979863064744206,1.3519723746105587,-0.03759015633442414,-0.020212407499212534,1.2280169486736698,7.5565347755594985,-0.07719026584895006,0.0045902757427967004,2.240439193817805,1.9902860238818216,0.008051152976315524,-0.02244189379632849,6.804900065614053,7.7752957310346815,-0.023773493915186256,-0.006005045105654985,7.474154917765876,1.6927218138368942,-0.02522433671936199,-0.029791690100510644,1.5610779041065426,1.3962823588545552,0.03184686868937108,-0.007023493160633884,1.911458829254803,3.0358728778751667,-0.02949331040406745,-0.04026425725693128,4.3515952542240965,6.797576562113428,0.023483814998761086,0.07617373721709872,8.850046367413086,1.8220882131636311,0.03375128592651458,-0.011864258901234097,5.932596062618179,5.435054558917829,-0.06568462984279737,-0.0408515005149098,2.6447516932721395,2.2835640607362553,-0.012951116169625932,0.006407934600423935,2.5619384414821695,6.431915790214981,-0.09457014386354039,-0.0734645187629289,8.390413523016809,2.421718267873029,0.08880800606663142,-0.009954764844095675,8.16074340778667,4.6234979004764725,0.17310743112914276,-0.013589582729037663,4.600693518553921,3.747078745769322,0.04997063061681987,-0.06085741082328417,2.648719510310213,7.751481367551369,-0.05202872150896459,-0.00717697336515849,7.474852360935232,7.971093736875448,0.01778211137387436,0.0011117779556268233,3.3171995957746585,3.9283237467896415,0.005391232348916805,-0.0033151771338685676,5.818182803013288,3.547725536606264,0.02697050095777845,-0.059653148691019814
401,6.299774024610089,2.006302026034257,-0.005004286979747044,-0.02180537517311404,6.9779835569274855,1.350961754235598,-0.03564005357769885,-0.02011305498035884,1.2241574353812223,7.5567642893466385,-0.07595959073669208,0.004397332172699369,2.240841751466621,1.9891639291920051,0.0076346721321976455,-0.021798367135545248,6.803711390918293,7.774995478779399,-0.023422003218609388,-0.005955029805448353,7.472893700929908,1.6912322293318687,-0.02487340753031824,-0.02836793117327582,1.562670247541011,1.3959311841965236,0.027928314109365693,-0.008809039435084206,1.9099841637345996,3.03385966501232,-0.029986779611270338,-0.04165467961067432,4.352769444974035,6.801385248974283,0.022742436736773328,0.07692574486061067,8.851733931709411,1.8214950002185695,0.03434858561062492,-0.012826503500253548,5.929311831126039,5.433011983892084,-0.064508568657343,-0.041852222094575744,2.6441041374636582,2.2838844574662764,-0.013109283485836433,0.006500794651269277,2.5572099342889927,6.428242564276834,-0.09169601129195913,-0.06959511971904817,8.39485392332014,2.421220529630824,0.08763668111662258,-0.009106624433805707,8.169398779343128,4.62281842134002,0.16062740365544137,-0.012222224238293706,4.603192050084762,3.7440358752281577,0.05063264697194189,-0.06102107322345376,2.646118074234765,7.751122518883111,-0.049710365411278164,-0.005843749581656866,7.475741466503926,7.971149325773229,0.016559942464267237,0.001336083656852849,3.3174691573921042,3.928157987932948,0.005640490798038711,-0.003370056505979086,5.819531328061177,3.544742879171713,0.02730430657897413,-0.05819510239427314
402,6.2995238102611015,2.005211757275601,-0.006135556659940437,-0.021044677228072482,6.9762015542486004,1.3499561014865802,-0.03364472799905566,-0.019965655255728458,1.2203594558443878,7.5569841559552735,-0.07456670683761817,0.004197736502497471,2.241223485073231,1.988074010835228,0.007204408317889734,-0.021143800820527907,6.802540290757363,7.7746977272891264,-0.02305295509545855,-0.0058988287186728895,7.471650030553392,1.6898138327732048,-0.02446819072920217,-0.026905286993970587,1.5640666632464792,1.3954907322247694,0.024028106222137018,-0.010532388319771692,1.908484824754036,3.031776931031786,-0.030394178812282985,-0.04290968076243144,4.353906566810873,6.805231536217313,0.021960883393838348,0.07746851796999209,8.853451360989942,1.8208536750435569,0.03484657458781622,-0.01373503133704443,5.926086402693172,5.430919372787355,-0.063197697426918,-0.042725796883462765,2.6434486732893663,2.28420949719884,-0.013264754595545398,0.0065928134047893066,2.5526251337243946,6.424762808290882,-0.08865730667500855,-0.06563879435435714,8.39923575737597,2.420765198409134,0.08627261927519743,-0.008254800621662745,8.1774301495259,4.622207310128106,0.14802660829075961,-0.010855075752995741,4.605723682433359,3.740984821566985,0.05115318634164383,-0.06102850053656089,2.643632555964201,7.750830331404028,-0.047319896412261496,-0.004525913959329896,7.47656946362714,7.971216129956072,0.015323872498965588,0.0015520022706591793,3.3177511819320062,3.927989485107649,0.005870039705060282,-0.003415275950952169,5.820896543390125,3.5418331240519993,0.027562340807245473,-0.05662437438321758
403,6.299217032428104,2.0041595234141973,-0.007226033880679607,-0.020248483293724175,6.974519317848648,1.3489578187237938,-0.03161018542593429,-0.01977165788676294,1.2166311205025069,7.557194042780399,-0.07301874605917938,0.003992137393618869,2.2415837054891257,1.9870168207942016,0.006761574830543683,-0.020479948232426708,6.80138764300259,7.7744027858531926,-0.02266720357973128,-0.005836571946107043,7.470426621016932,1.6884685684235063,-0.024010920829288216,-0.025408289091214793,1.5652680685575862,1.3949641128087809,0.020155582746815646,-0.012190630883754279,1.906965115813422,3.0296314469936645,-0.03071642608424214,-0.04402917018636795,4.355004610980565,6.809104962115813,0.021142012792634828,0.07780540738948745,8.855193689719332,1.8201669234767046,0.03524624237655121,-0.014588779719164913,5.922926517821826,5.428783082943182,-0.06175832655561025,-0.043472901747391164,2.6427854355595892,2.2845391378690794,-0.013417461868342764,0.006683951182937123,2.548192268390644,6.4214808685731635,-0.08546532964525184,-0.06160738932448576,8.40354938833973,2.420352458378051,0.08472356727701635,-0.007401505843738849,8.184831479940438,4.621664556340456,0.1353392643010563,-0.009491550419234501,4.608281341750441,3.737933396540157,0.05153413060967337,-0.06088318948378172,2.641266561143588,7.750604035706062,-0.04486491322469205,-0.003226414853606956,7.477335657252088,7.971293730069605,0.014077304426635807,0.0017591827099782292,3.3180446839172593,3.9278187213101012,0.006079748662411215,-0.003450939768535969,5.822274660430487,3.5390019053328383,0.02774566341336262,-0.054947426816452725
404,6.29885573073407,2.003147099249511,-0.008273910279250436,-0.019419582514664392,6.972938808577351,1.3479692358294557,-0.029542394597143314,-0.019532596313882242,1.212980183199548,7.55739364965008,-0.07132306753310752,0.00378118392120597,2.241921784230653,1.9859928233825803,0.006307398490139436,-0.01980852236141394,6.8002542828236034,7.774110957255887,-0.022265599623901296,-0.0057684000047241125,7.4692260749754675,1.6871981539689456,-0.023503912200049097,-0.02388145291854297,1.566275847694927,1.3943545812645932,0.016319802092821963,-0.013781086412837875,1.90542929450921,3.027429988484346,-0.03095463172737161,-0.045013398172799965,4.356061711620197,6.812995232485288,0.020288711747976806,0.07794020327857043,8.85695600183816,1.8194374844907464,0.035548802034098305,-0.01538684681338977,5.919838601494045,5.426609437855813,-0.06019694571251789,-0.04409451449751272,2.642114562466172,2.2848733354282262,-0.013567350938055937,0.006774174270576803,2.5439190019083817,6.418400499106939,-0.08213150877455153,-0.05751267243447526,8.40778556670358,2.419982383085864,0.08299756003060185,-0.006548906433708902,8.191598443155492,4.621189978819495,0.12259903739036866,-0.008134975529434818,4.6108580482809245,3.734889237065968,0.051777668305148065,-0.06058893995598062,2.6390233154823535,7.750442714963381,-0.04235300487578118,-0.0019480884406287806,7.47803952247342,7.971381689205104,0.012823590874866841,0.0019573036326376433,3.31834867135038,3.9276461743216746,0.006269539796565722,-0.003477173800802791,5.823661943601156,3.5362545339920155,0.027855497102308727,-0.05317084200289894
405,6.298442035220107,2.002176120123778,-0.009277524683155292,-0.01856078304684679,6.971461688847493,1.3469926060137616,-0.027447273075507275,-0.019250082135606656,1.2094140298228926,7.55758270884614,-0.06948723410503951,0.0035655239421193427,2.24223715415516,1.9850023972645097,0.005843115832526342,-0.019131193603785557,6.799141002842409,7.7738225372556515,-0.021848990013618032,-0.005694463314070681,7.468050879365465,1.6860040813230184,-0.02294955148446774,-0.0223292669274599,1.5670918377995682,1.3936655269439513,0.01252952699831108,-0.015301303976485,1.9038815629228414,3.025179318575706,-0.031110091164212244,-0.045862947534105254,4.357076147207596,6.8168922426492164,0.019403888197453634,0.07787711575195261,8.858733441939865,1.818668142150077,0.03575568209426533,-0.016128490280961093,5.916828754208419,5.424404712130937,-0.058520203574113805,-0.04459190467451277,2.6414361949192693,2.285212044141755,-0.013714380245929764,0.0068634547830904395,2.539812426469654,6.4155248654852155,-0.0786673701015056,-0.0533663049934038,8.41193544470511,2.4196549377641787,0.08110289404715518,-0.005699118244320359,8.19772839502501,4.620783230043023,0.10983896799169554,-0.00678858613583206,4.613446931696182,3.731859790068169,0.051886282231711725,-0.0601498386926651,2.6369056652385643,7.75034531054135,-0.03979173195253136,-0.0006936541508410238,7.478680702017163,7.971479554386735,0.011566026900825522,0.0021460735754556346,3.3186621483402083,3.9274723156316345,0.006439386780710329,-0.0034941246328416115,5.825054718456271,3.5335959918918705,0.027893220790497757,-0.051301303242642864
406,6.297978158985949,2.0012480809714357,-0.010235363951264382,-0.017674904609437977,6.970089325193718,1.3460301019069814,-0.02533067360541926,-0.018925799321003252,1.2059396681176406,7.557760985043246,-0.06751898884384043,0.0033458025027068676,2.2425293099467862,1.9840458375843204,0.00536996937160527,-0.018449587808285314,6.798048553341728,7.773537814089948,-0.021418216547734355,-0.0056149219233419465,7.4669034017912415,1.6848876179766454,-0.022350290006275773,-0.02075618195385755,1.5677183141494837,1.392900461745127,0.008793209275930912,-0.01674906338500885,1.9023260583646309,3.0228861711990005,-0.031184277535813435,-0.046578724665945904,4.358046341617468,6.820786098436814,0.01849046345632361,0.07762075490530379,8.860521226044579,1.817861717636029,0.03586851814784293,-0.016813125544809664,5.913902744029714,5.422175116897212,-0.056734887624888514,-0.044966623810844035,2.6407504759069726,2.2855552168809097,-0.013858520519862909,0.0069517705016966585,2.535879057964579,6.412856550235546,-0.07508450612334944,-0.049179815057272945,8.415990589407468,2.4193699818519625,0.07904810081321821,-0.0048542024935822655,8.203220343424594,4.620443800736232,0.09709140273451335,-0.005455519038245779,4.616041245807768,3.728852298133536,0.051862736639348414,-0.059570242611042525,2.634916078640938,7.750310627833808,-0.03718860834017333,0.0005342895028035994,7.479259003362205,7.971586858065508,0.010307843048948068,0.002325231010621603,3.318984117679244,3.9272976093999925,0.006589313740759905,-0.0035019587595774533,5.826449379495796,3.531030926729738,0.0278603626437263,-0.049345575846385936
407,6.2974663907883865,2.0003643357409637,-0.011146063425962846,-0.01676477117534727,6.968822791513447,1.3450838119409312,-0.023198370939394673,-0.018561498371425924,1.2025637186754485,7.557928275168382,-0.06542623162890873,0.0031226602894244,2.2427978084153666,1.983123358193906,0.0048892038506519585,-0.017765284507843704,6.796977642514341,7.7732570679937805,-0.02097411520721684,-0.005529944962752986,7.465785887290927,1.6838498088789526,-0.021708636186327443,-0.019166600937276613,1.5681579746132803,1.3920630085758765,0.005118975679114471,-0.01812237554837839,1.9007668444878403,3.020557234965703,-0.03117883402021407,-0.04716195000065527,4.358970864790285,6.82466713618208,0.017551364613228197,0.0771761102904413,8.862314651951971,1.8170210613587885,0.03588914409484539,-0.01744032370135962,5.91106599964847,5.41992678570667,-0.054847904065458586,-0.04522049520708076,2.6400575498809795,2.2859028054059944,-0.01399975419063478,0.007039104676964959,2.5321248326584116,6.410397559482682,-0.07139454531939342,-0.044964571607061875,8.419942994448128,2.4191272717272834,0.07684192017501178,-0.004016161841001813,8.208074913561319,4.6201710247843195,0.08438792918878152,-0.004138807152759588,4.618634382639735,3.7258737860029836,0.051710063981214895,-0.05885476183472885,2.633056648223929,7.750337342308948,-0.03455108348824293,0.0017332687004842256,7.479774395514652,7.971703119616039,0.009052198726115485,0.0024945443259697894,3.319313583366282,3.927122511462014,0.006719394059856456,-0.0035008617215628018,5.8278423976279825,3.528563647937419,0.02775859289864789,-0.04731048837692881
408,6.296909087617088,1.9995260971821964,-0.012008407003915707,-0.01583320381558523,6.967662872966478,1.3441557370223598,-0.02105604915600716,-0.01815899044728552,1.1992924070940032,7.558084408182853,-0.06321699587224072,0.002896732125217208,2.243042268607899,1.9822350939685138,0.004402062621354451,-0.017079815410478087,6.79592893675398,7.772980570745643,-0.020517515206820557,-0.0054397101817433985,7.464700455481611,1.6828914788320888,-0.021027147986862112,-0.017564868991225557,1.568413923397236,1.3911568897984576,0.0015146148990286099,-0.019419482249201165,1.8992079027868296,3.0181991374656705,-0.03109556589866516,-0.047614147890332026,4.359848433020947,6.8285259416966015,0.016589517082569342,0.07654852990368712,8.864109109156713,1.8161490451737206,0.03581958309780319,-0.0180098090901338,5.908323604445196,5.417665760946316,-0.052866257875952206,-0.04535560325888445,2.6393575621714476,2.2862547606398427,-0.014138074758939806,0.007125445805501902,2.5285551053924418,6.408149330902329,-0.06760912227022793,-0.0407317597054629,8.423785090456878,2.4189264636352332,0.07449327380072748,-0.0031869366985019156,8.212294310020757,4.619964084426681,0.07175931397485671,-0.0028413742668149363,4.621219885838796,3.722931047911247,0.051431551297936355,-0.05800824247129539,2.631329094049517,7.750424005743972,-0.031886525236760346,0.0029009376944658127,7.480227005450958,7.971827846832337,0.007802175903731343,0.0026538117309077313,3.319649553069275,3.9269474683759356,0.0068297490866236895,-0.0034910372125995836,5.8292303272729145,3.5261981235185726,0.02758971649058711,-0.045202914154592155
409,6.296308667266892,1.998734436991417,-0.012821326833854825,-0.014883013711878874,6.966610070508677,1.3432477874999955,-0.018909289489855857,-0.017720141475320056,1.1961315573003912,7.558229244789114,-0.060899425430417146,0.002668645514391644,2.243262371738967,1.98138110319799,0.003909784058301451,-0.016394663056300992,6.794903060993639,7.772708585236556,-0.02004923841137716,-0.005344403465318312,7.463649098082268,1.6820132353825274,-0.020308425401917612,-0.015955263841482586,1.5684896541421876,1.3901859156859975,-0.0020124343007528914,-0.020638855343632426,1.8976531244918964,3.0158184300711537,-0.030936432395104435,-0.047937135957765234,4.360677908875075,6.832353368191786,0.015607837328643875,0.0757436987508757,8.865900088311603,1.8152485547192139,0.03566203826544995,-0.018521456534935234,5.905680291551398,5.415397980783372,-0.05079703308101982,-0.04537428237137536,2.6386506584335008,2.286611032930118,-0.014273486112657555,0.007210787378814947,2.5251746492789304,6.406112742917056,-0.0637398484339931,-0.03649235667238627,8.427509754146914,2.418767116800308,0.0720112387853628,-0.0023684017799620086,8.215882275719501,4.61982201571334,0.05923544431830811,-0.0015660301851369832,4.623791463403693,3.720030635787682,0.05103072627178673,-0.05703574918736095,2.6297347677876792,7.750569052628696,-0.02920220323284423,0.004035081791846668,7.480617114246145,7.971960537418882,0.006560773155091504,0.0028028610899073097,3.319991040523606,3.9267729165153056,0.006920546752572104,-0.0034727061620565313,5.8306098130974435,3.523937977810843,0.027355665510481252,-0.0430297530668716
410,6.295667600925199,1.9979902863058232,-0.013583902650535669,-0.013916995351226211,6.965664606034185,1.3423617804262296,-0.016763558692468324,-0.017246866251535514,1.1930865860288704,7.558362677064833,-0.05848175175995856,0.002439019238523654,2.243457860941882,1.980561370045175,0.003413598104238087,-0.01571125970624017,6.79390059907307,7.7724413650632895,-0.019570098477785923,-0.005244218373280132,7.462633676812172,1.6812154721904533,-0.019555103011629556,-0.014341986648005123,1.5683890324271499,1.3891539729188158,-0.00545509380778743,-0.021779195405079898,1.8961063028721412,3.0134215732732654,-0.03070353831438607,-0.048133013953786774,4.361458300741507,6.836140553129329,0.014609225775860142,0.07476761705212534,8.867683190224875,1.814322481892467,0.03541888309616102,-0.018975288270891295,5.9031404398973475,5.413129266664804,-0.04864737326127085,-0.04527910549790681,2.637936984127868,2.2869715722990587,-0.014406001808553948,0.007295127610799491,2.5219876568572306,6.404288125083437,-0.05979828363798856,-0.03225710931587288,8.431110316086183,2.4186486967113097,0.06940502146088041,-0.0015623628926393369,8.218844047935416,4.619743714204083,0.04684527311823603,-0.0003154662698339236,4.6263429997172825,3.717178848328314,0.050511342993046,-0.05594254762934662,2.628274657626037,7.750770806718288,-0.02650527296593412,0.005133619942556828,7.4809451529038995,7.972100680473377,0.005330900035408334,0.0029415496856046446,3.3203370678612347,3.926599281207203,0.006992000104155244,-0.0034461057947455563,5.831977596372967,3.5217864901574996,0.027058491513651587,-0.04079791372095758
411,6.294988405792672,1.9972944365382619,-0.014295360754714846,-0.01293791991531017,6.9648264280995615,1.3414994371136528,-0.01462419794129086,-0.01674112255465729,1.1901624984408725,7.5584846280267595,-0.0559722713676854,0.002208462005766406,2.243628540847094,1.979775807059863,0.002914722908400616,-0.01503098638114376,6.792922094149181,7.7721791541446255,-0.019080899872269054,-0.005139355460342441,7.46165592166159,1.6804983728580531,-0.018769842617593905,-0.012729153224760889,1.5681162777367605,1.388065013148562,-0.008806655741394222,-0.0228394298266321,1.894571125956422,3.0110149225755762,-0.030399125504697908,-0.048204152160013364,4.3621887620303,6.839878933981936,0.013596559918574381,0.07362657814896657,8.869454134379684,1.8133737174789224,0.03509265171044071,-0.019371470572111114,5.900708071234284,5.410865311389908,-0.046424462354313065,-0.04507287234034654,2.63721668403744,2.2873363286795985,-0.014535644324489068,0.007378469145706688,2.518997742675331,6.402675269617643,-0.055795908340799144,-0.028036512251591386,8.434580567159227,2.4185705785666776,0.06668393147254664,-0.0007705539730498163,8.221186311591328,4.619727940890591,0.03461676758736999,0.0009077486230494054,4.6288685668669345,3.7143817209468466,0.04987736748059431,-0.05473408673731424,2.6269493939777404,7.751027487715416,-0.023802760447614653,0.006194606935019622,7.48121169790567,7.972247757957658,0.0041153718108294995,0.0030697639136847764,3.3206866678664424,3.9264269759174657,0.007044365755067378,-0.003411488671212217,5.83333052094865,3.5197465944714517,0.02670035770296648,-0.03851429597602424
412,6.294273637754936,1.9966475405424964,-0.014955072649663198,-0.011948528876913967,6.964095218202497,1.34066238098592,-0.012496412312161663,-0.016204905284572184,1.1873638848724883,7.558595051127048,-0.05337932360581917,0.0019775711557317825,2.243774276992514,1.9790242577408057,0.0024143615996609228,-0.014355172086427316,6.791968049155567,7.771922186371608,-0.01858243778899816,-0.005030021835892611,7.46071742953071,1.679861915196815,-0.017955325975880055,-0.011120785670477753,1.5676759449496909,1.3869230416572302,-0.012060790892141376,-0.023818710399132803,1.8930511696811871,3.0086047149675754,-0.030025564169465984,-0.048153179376199826,4.3628685900262285,6.843560262889384,0.012572687643281122,0.07232714617575645,8.871208766965205,1.8124051439503168,0.034686028901623,-0.019710310095123203,5.898386848116568,5.408611667772891,-0.04413550578687605,-0.044758597247980494,2.6364899018212156,2.2877052521368837,-0.014662444288202677,0.007460818749021633,2.516207947258291,6.401273444005064,-0.05174409671694449,-0.02384078734062723,8.437914763732854,2.4185320508680253,0.06385735618026905,5.365630781571304e-06,8.222917149970696,4.6197733283217435,0.022576861511980018,0.00210117180928524,4.631362435240964,3.711645016609981,0.04913296299847132,-0.053415980998509305,2.6257592559553595,7.751337218062167,-0.021101547559838344,0.0072162352028144324,7.481417466496212,7.972401246153342,0.0029169045417766007,0.003187418911848883,3.321038886154196,3.926256401483905,0.0070779422644463245,-0.003369121711280356,5.834665538833798,3.5178208796726507,0.026283531008764377,-0.03618577389041183
413,6.293525884122453,1.9960501140986506,-0.015562553345351044,-0.010951527814689391,6.96347039758689,1.3398521357216913,-0.010385260828907485,-0.01564024063985256,1.1846949186921973,7.558693929684835,-0.05071126885958039,0.001746931421933604,2.243894995072497,1.9783064991364843,0.0019136991972466197,-0.013685093196786288,6.791038927266118,7.771670685279814,-0.018075496757745488,-0.0049164305504027905,7.459819663231916,1.679305875913291,-0.017114247643665065,-0.00952080442198979,1.5670729054050838,1.3857321061372736,-0.015211556024766369,-0.024716410382754406,1.8915498914727138,3.0061970559987654,-0.02958534405385312,-0.04798297053158159,4.363497224408393,6.847176620198172,0.011540420775073765,0.07087613355650416,8.872943068410287,1.8114196284455606,0.034201840033749646,-0.019992249953629714,5.8961800728272244,5.406373737910492,-0.04178771197773917,-0.044339496852072745,2.6357567796068055,2.2880782930743346,-0.014786439690702041,0.007542186984368985,2.513620742422444,6.4000814046380325,-0.0476540906128342,-0.019679864271808196,8.441107631541868,2.4185323191495645,0.06093473544161703,0.0007638136294497899,8.224045993046294,4.619878386912208,0.010751411169506394,0.003262490044307573,4.633819083390888,3.7089742175600553,0.04828247520969991,-0.0519939926863312,2.6247041785773675,7.7516980298223075,-0.0184083580931374,0.008196836246576834,7.481563311723301,7.972560617098934,0.0017381105249229412,0.003294458125274689,3.3213927832674184,3.9260879453983413,0.00709306844670312,-0.0033192852036687663,5.835979715384236,3.51601159097813,0.025810374087659897,-0.033819179116999686
414,6.292747756455186,1.995502537707916,-0.016117459342022536,-0.009949580456828144,6.9629511345454445,1.3390701236896987,-0.00829564710195428,-0.015049180348039494,1.1821593552492182,7.558781276255932,-0.047976467172983026,0.001517113753591035,2.243990680032359,1.977622244476645,0.0014138996622096555,-0.013021972986187184,6.79013515242823,7.771424863752293,-0.017560850753975905,-0.004798800010776532,7.458963950849733,1.6788298356921916,-0.01624930795481573,-0.007933020740537826,1.5663123276038455,1.384496285618136,-0.018253400051845385,-0.025532121090787636,1.8900706242700211,3.0037979074721863,-0.02908106553070691,-0.04769663395963831,4.364074245447147,6.850720426875998,0.01050252885946337,0.06928057838729378,8.874653160411974,1.8104200159478792,0.03364304081531906,-0.02021786554043575,5.894090687228338,5.404156763067888,-0.039388274249363524,-0.043818977472942756,2.6350174576222702,2.288455402423553,-0.014907675093915345,0.007622587881356448,2.511238037891802,6.399097411424442,-0.043536974419534316,-0.015563362311358086,8.44415436831395,2.418570509831037,0.057925536830980597,0.0015032870140743427,8.224583563604769,4.620041511414423,-0.0008348450681853019,0.004389522393931123,4.636233207151373,3.7063745179257386,0.04733041720815161,-0.05047401412946128,2.6237837606727106,7.752107871634636,-0.015729744494204376,0.009134881676238148,7.481650217249547,7.972725340005198,0.000581494097136171,0.003390852811085226,3.3217474366897535,3.925921981138158,0.007090121618742374,-0.00326227180446927,5.837270234088619,3.5143206320222804,0.025283337262061126,-0.03142128477819682
415,6.291941883488085,1.9950050586850747,-0.016619586305413873,-0.0089453029633767,6.962536352190347,1.3383176646722967,-0.0062323105661026435,-0.014433795961922125,1.179760531890569,7.558857131943611,-0.04518325735640164,0.0012886741984021862,2.2440613750154697,1.9769711458273356,0.0009161031140020296,-0.012366981297343815,6.789257109890531,7.771184923751755,-0.017039262119913655,-0.0046773534187574085,7.458151485451992,1.6784331846551648,-0.015363206139078477,-0.006361129640067189,1.5653996576012532,1.3832196795635967,-0.02118116908818551,-0.026265648005163154,1.888616570993486,3.0014130757742046,-0.02851543061050472,-0.04729749837566465,4.36459937189012,6.854184455795362,0.009461733189805551,0.06754772176342239,8.87633531245274,1.8094091226708573,0.033012706977264876,-0.02038786011268756,5.892121273515869,5.4019658141942415,-0.036944353184252925,-0.04320062233616083,2.6342720738675744,2.288836531817621,-0.015026200838262165,0.007702038595697515,2.5090611891708257,6.398319243308874,-0.03940365090453484,-0.011500573239239718,8.447050645155498,2.4186456741817404,0.05483923134700602,0.0022223640300096633,8.22454182135136,4.62026098753412,-0.012158323427858438,0.005480222709703317,4.638599728011781,3.7038508172192657,0.04628145446861774,-0.04886205005479727,2.6229972734480005,7.752564615718448,-0.013072075340011832,0.010028983879541499,7.481679291954404,7.972894882645752,-0.0005505521962682531,0.003476601484437321,3.3221019427706904,3.9257588675479345,0.007069515790363892,-0.0031983855272406,5.838534400951722,3.5127495677833704,0.024704950421883195,-0.028998789850071538
416,6.291110904172815,1.9945577935369059,-0.017068866446365377,-0.007941258456119473,6.9622247366620424,1.3375959748742006,-0.004199818325892434,-0.013796173234587593,1.177501369022749,7.558921565653532,-0.042339936617302336,0.0010621528477090763,2.2441071801711696,1.9763527967624683,0.0004214232082513517,-0.01172123433619617,6.788405146784536,7.7709510560808175,-0.01651148121699321,-0.004552318127603444,7.457383325145038,1.6781151281731614,-0.014458633598847625,-0.004808703265256977,1.564340599146844,1.3819063971633385,-0.023990110398487516,-0.02691700644395232,1.8871907994629606,2.9990482008554213,-0.027891233899480825,-0.04678909959639125,4.36507245854961,6.857561841883533,0.008420701089740523,0.06568498510917953,8.877985947801603,1.808389729665223,0.03231402388312373,-0.020503060156781987,5.890274055856656,5.399805783077434,-0.034463059460146654,-0.0424881786341161,2.6335207638256612,2.2892216337474056,-0.015142072258526491,0.007780559066585729,2.5070910066255987,6.397744214646912,-0.03526481804136153,-0.0075004454881459045,8.449792606722848,2.418756792383241,0.05168526965805339,0.0029197059030114238,8.223933905179967,4.620534998669606,-0.023196627715869323,0.006532681711596357,4.640913800735212,3.7014077147165256,0.04514038975455185,-0.04716420004667621,2.622343669681,7.753066064912425,-0.010441523553438598,0.010877896323571659,7.481651764344591,7.973068712719974,-0.0016557510675804176,0.0035517293089278963,3.3224554185602084,3.9255989482715723,0.007031699803648027,-0.003127940727431467,5.839769648472815,3.511299628290867,0.02407781490955457,-0.02655830408320389
417,6.290257460850496,1.9941607306140998,-0.01746536561802958,-0.006939951804135236,6.962014745745748,1.3369061662124713,-0.002202557615272243,-0.013138406585531616,1.1753843721918837,7.558974673295917,-0.0394547407532895,0.0008380728452872698,2.244128251331582,1.9757667350456585,-6.905532896064653e-05,-0.011085794574737419,6.787579572723686,7.770723440174438,-0.01597824573244502,-0.004423925086255769,7.4566603934650955,1.6778746930098987,-0.013538267356774832,-0.0032791847257168535,1.5631410936269197,1.3805605468411408,-0.02667587525331151,-0.027486416801758846,1.8857962377679867,2.9967087458756017,-0.027211353529706262,-0.04617516704066052,4.365493493604097,6.860846091138992,0.0073820404592025895,0.06369994756688421,8.87960164899576,1.8073645766573838,0.031550276098892965,-0.020564410549492332,5.888550902883648,5.397681374145728,-0.03195143719618239,-0.04168554446878211,2.632763660212735,2.289610661700735,-0.01525534891281987,0.007858171672580749,2.5053277657235307,6.397369192372505,-0.0311309468725062,-0.0035715694977313302,8.45237687020575,2.4189027776783916,0.048473058932957044,0.0035940583191131125,8.222774073794174,4.620861632755186,-0.03392857858811026,0.007545128681667795,4.643170820222939,3.699049504714192,0.04391214802216605,-0.04538664116362118,2.621821593503328,7.753609959728604,-0.007844055373179663,0.011680513496802216,7.481568976791212,7.973246299185421,-0.0027319435866190863,0.003616287434095107,3.3228070035503907,3.925442551235201,0.006977155427124156,-0.0030512610837994548,5.840973539218293,3.5099717130867067,0.023404595408979476,-0.024106333485882765
418,6.289384192569594,1.993813733023893,-0.017809280144286243,-0.005943824672310301,6.961904617864984,1.3362492458831947,-0.00024472887660282163,-0.012462593669615574,1.1734116351542192,7.559016576938181,-0.03653582494433373,0.0006169394608067541,2.2441247985651342,1.9752124453169215,-0.0005542789640091634,-0.010461670780591074,6.786780660437064,7.770502243920125,-0.015440280540018121,-0.004292408237079527,7.455983480097257,1.6777107337736128,-0.012604763686756726,-0.0017758823915020943,1.561807299864254,1.3791862260010528,-0.029234520710768687,-0.027974299384510327,1.8844356700915013,2.9943999875235687,-0.026478742084427364,-0.04545961004983208,4.365862595627057,6.864031088517336,0.006348294591703771,0.06160032350037334,8.881179162800704,1.8063363561299093,0.030724836949560155,-0.020572969531992964,5.8869533310238396,5.395597096922289,-0.029416447840166848,-0.04079675571099618,2.6320008927670937,2.2900035702843637,-0.015366093835856902,0.007934900892238014,2.5037712183799052,6.397190613897618,-0.02701226043776885,0.00027783570664324103,8.454800523152398,2.4190824805943474,0.045211940301843015,0.004244252660054727,8.221077644864769,4.621238889189269,-0.044334239119255506,0.008515932773208452,4.645366427624047,3.6967801726560108,0.04260176135870354,-0.04353561075252583,2.621429390734669,7.754193985403444,-0.005285420088543609,0.012435870499893064,7.4814323796118805,7.9734271135571255,-0.003777091915012845,0.0036703522828608,3.323155861321747,3.925289988181011,0.006906395410504268,-0.0029686785794396735,5.842143768988742,3.5087663964124127,0.022688011858644875,-0.021649266393286654
419,6.28849372856238,1.9935165417902774,-0.018100933393341397,-0.004955250839270647,6.961892381421154,1.3356261161997138,0.0016696605376380655,-0.011770830060133606,1.1715848439070025,7.559047423911221,-0.03359124517871863,0.0003992392288250249,2.244097084616934,1.974689361777892,-0.0010332274704126757,-0.009849818113004097,6.786008646410063,7.7702876235082705,-0.014898296962440794,-0.004158003926317671,7.455353241912919,1.6776219396540377,-0.011660751940097143,-0.0003019646538284105,1.5603455738287155,1.3777875110318272,-0.03166251034365616,-0.02838126886068862,1.88311173298728,2.992127007021077,-0.02569641754145617,-0.0446465040661727,4.366180010356642,6.867111104692355,0.005321937269744427,0.05939394016660801,8.882715404648183,1.8053077076533097,0.02984115808871344,-0.02052990351355735,5.885482508631831,5.393557259136739,-0.02686495462506126,-0.03982597281098296,2.6312325880753007,2.290400315328976,-0.015474372816782002,0.008010772968825014,2.502420605358017,6.39720450568295,-0.022918713796718664,0.004039934704652781,8.45706112016749,2.41929469322735,0.04191116698917443,0.00486920699667501,8.218860932908806,4.6216646858279296,-0.05439493669065188,0.009443603940756436,4.647496515691983,3.6946033921183843,0.041214353991772174,-0.04161738949879881,2.6211651197302417,7.754815778928439,-0.00277114054759051,0.013143142294164644,7.48124352501613,7.973610631171269,-0.004789281676230198,0.003714024791822121,3.3235011810922725,3.925141554252039,0.006819961505732056,-0.0028805324849793933,5.843278169581675,3.5076839330927485,0.02193083140854619,-0.019193360144290742
420,6.287588681892713,1.993268779248314,-0.01834077211080947,-0.003976531790376206,6.961975864448036,1.3350375746967071,0.0035368020387144183,-0.011065204056714642,1.1699052816480666,7.5590673858726625,-0.030628940344883067,0.00018543915399084395,2.2440454232434135,1.9741968708722417,-0.0015049158349637875,-0.009251138332993703,6.785263731561941,7.770079723311954,-0.014352992497502581,-0.004020950273720979,7.454770204315913,1.6776068414213463,-0.010708828577887141,0.001139544846382185,1.5587624483115328,1.3763684475887927,-0.03395671393394451,-0.02870812835150117,1.8818269121102071,2.9898946818177685,-0.024867454256848193,-0.04374007670698023,4.366446107220129,6.870080801700685,0.004305368144354827,0.0570887156074359,8.884207462552618,1.804281212477632,0.028902759107013957,-0.020436481721752654,5.884139260900579,5.39156596049619,-0.024303707620732903,-0.038777467594192566,2.6304588694344617,2.290800853977417,-0.015580253711484866,0.008085815584978433,2.501274669668181,6.397406502418183,-0.018859975170600316,0.007707286638445491,8.459156678516948,2.4195381535771836,0.03857988315856799,0.005467926843229654,8.216141186074273,4.6221368660249675,-0.06409328122496519,0.010326793497182685,4.649557233391572,3.6925225226434444,0.03975512740561732,-0.039638284749533646,2.621026562702862,7.755472936043147,-0.0003065044449398692,0.013801642617329694,7.481004060932318,7.97379633241086,-0.005766723963629605,0.003747429607352241,3.323842179167559,3.9249975276277898,0.0067184224600528785,-0.0027871683464320137,5.844374711152102,3.506724265085534,0.021135860440053344,-0.016744728385536516
421,6.286671643287173,1.9930699526587952,-0.018529362526857506,-0.0030098925906059514,6.962152704549971,1.3344843144938714,0.0053530908509197795,-0.010347791628230818,1.1683738346308226,7.559076657830362,-0.027656715018946603,-2.40140170445406e-05,2.2439701774516654,1.973734313955592,-0.001968396013087809,-0.008666480068491581,6.784546081937066,7.769878675798268,-0.01380505024550997,-0.003881486604188701,7.454234762887019,1.6776638186636654,-0.009751551419882125,0.002545771520722086,1.5570646126148355,1.3749330411712177,-0.03611440615861652,-0.02895586318289169,1.8805835393973647,2.9877076779824194,-0.023994974010501772,-0.04274469377160214,4.366661375627347,6.872935237481057,0.003300908403925623,0.054692636811826574,8.885652600507969,1.8032593883915444,0.027913217204635174,-0.02029407071595918,5.882924075519542,5.38962708711648,-0.02173932940495012,-0.037655610075794474,2.6296798567488873,2.291205144756666,-0.01568380579211786,0.008160057548579461,2.500331670909651,6.397791866750105,-0.014845408225643127,0.011272854937131748,8.461085672674876,2.419811549919345,0.03522710350625381,0.006039505676128753,8.212936522013024,4.622653205699827,-0.07341317980419401,0.011164294304846379,4.651544989761852,3.6905406084059678,0.0382293455991369,-0.03760461414525312,2.6210112374806154,7.756163018174013,0.002103443606513482,0.014410822576680204,7.480715724734137,7.973983703891228,-0.00670775698965343,0.0037707142405145606,3.3241781002905615,3.9248581692104683,0.006602371986751359,-0.0026889369801358603,5.845431504174105,3.5058870286662573,0.02030593666725146,-0.014309329020390428
422,6.28574517516083,1.9929194580292648,-0.018667386252227323,-0.0020574780413540163,6.962420359092517,1.33396692491246,0.007115130437723241,-0.009620651500317302,1.1669909988798752,7.559075457129509,-0.024682222975296347,-0.0002286944566890104,2.243871757651011,1.9733009899521674,-0.002422758464988667,-0.008096639166315655,6.78385582942479,7.769684601468059,-0.01325513898878113,-0.003739852964555858,7.453747185316025,1.6777911072397016,-0.00879143411938251,0.003913993666087533,1.5552588923069046,1.3734852480120732,-0.038133264292836866,-0.029125634322618693,1.8793837906968396,2.9855704432938395,-0.023082137134671887,-0.04166484521784104,4.366826421047543,6.875669869321649,0.0023107967366462444,0.05221373819708888,8.8870482613682,1.8022446848557465,0.026876156952048327,-0.020104128781006172,5.881837109049294,5.38774430661269,-0.019178301375510062,-0.036464855326370844,2.6288956664592815,2.291613147634095,-0.015785099140229193,0.008233528492786399,2.499589400498369,6.3983555094969615,-0.010884055516383374,0.014730015811754725,8.46284702785019,2.4201135252031514,0.03186169363735105,0.006583125221097311,8.209265863022814,4.623211420415069,-0.08233984771587967,0.011955040608575525,4.653456457041809,3.6886603776987053,0.036642320519304446,-0.035522689594205764,2.621116409660941,7.756883559302847,0.004453909217792838,0.014970268930503641,7.480380336884654,7.974172239603253,-0.00761084738011758,0.0037840481838294355,3.324508218889899,3.9247237223614615,0.006472426719132252,-0.002586193477131036,5.846446801007468,3.5051715622152377,0.01944392133766948,-0.011892952818409153
423,6.284811805848219,1.9928165841271972,-0.018755635978145755,-0.0011213491243568636,6.962776115614403,1.333485892337444,0.008819736307729295,-0.008885820396531052,1.1657568877311104,7.559064022406675,-0.02171295144518998,-0.00042819785029974235,2.243750619727762,1.9728961579938515,-0.0028671335367632237,-0.007542359108565607,6.783193072475351,7.769497608819831,-0.012703912269112598,-0.0035962894017949514,7.453307613610056,1.677986806923006,-0.007830940872845672,0.005241645829017036,1.5533522290922628,1.3720289662959422,-0.04001136495830516,-0.029218771525895294,1.878229683840106,2.9834872010329474,-0.022132133745711498,-0.04050513114349498,4.366941960884375,6.878280556231503,0.001337185590039027,0.04966008045569005,8.888392069215802,1.8012394784166963,0.025795240162764604,-0.01986820021763709,5.880878193980519,5.3859210638463715,-0.016626950723293617,-0.035209730420493315,2.62810641150227,2.292024824058734,-0.015884204084097506,0.008306258592305441,2.4990451977225496,6.399092010287549,-0.00698462310429101,0.018072565527169314,8.464440112532058,2.4204426814642064,0.028492351256405195,0.00709805551325133,8.20514887063702,4.623809172445498,-0.09085981598026271,0.012698107518949306,4.655288573067774,3.6868842432189948,0.034999397702469966,-0.033398801621571474,2.6213391051218307,7.757632072749372,0.0067403545797739325,0.015479702069039815,7.479999794515648,7.9743614420124445,-0.008474591118345979,0.0037876219929601643,3.3248318402258557,3.924594412687605,0.006329224153236752,-0.0024792962192509943,5.847418997074351,3.5045769145743173,0.018552691549658898,-0.009501212698926429
424,6.283874024049312,1.9927605166709794,-0.018795010995285653,-0.00020347973518125724,6.963217102429789,1.3330416013176174,0.010463939204890903,-0.008145308441588658,1.1646712401588508,7.55904261251416,-0.01875620614589803,-0.000622141922928487,2.2436072630509236,1.9725190400384232,-0.0033006926512224605,-0.007004331457363208,6.782557876861895,7.769317794349742,-0.012152008445177415,-0.0034510354892096557,7.452916066566414,1.6782488892144567,-0.0068724813721738115,0.006526321703708084,1.5513516608443476,1.3705680277196475,-0.04174717994640465,-0.02923676621328343,1.8771230771528205,2.9814619444757726,-0.02114817509863844,-0.03927024780796296,4.3670088201638775,6.880763560254287,0.00038213773025537955,0.04703972981233349,8.88968183122394,1.8002460684058144,0.02467415590083285,-0.019587909546399728,5.880046846444354,5.384160577325347,-0.014091438083943822,-0.03389482149894678,2.627312201298065,2.2924401369883496,-0.015981190687543494,0.008378278298324868,2.498695966567335,6.399995638563907,-0.003155466363709989,0.021294726460169163,8.465864730094879,2.420797584239869,0.025127588200889568,0.007583654735048748,8.200605879838006,4.624444077821446,-0.09896093541874645,0.013392710155042292,4.657038542952898,3.6852143031379163,0.03330594215475809,-0.031239204124267516,2.621676122850819,7.758406057852824,0.008958504034661014,0.015938973706786333,7.479576064959731,7.974550823112092,-0.009297714144668392,0.0037816463364030548,3.3251483014335177,3.9244704478766423,0.006173420584690802,-0.0023686059091251235,5.848346631651834,3.504101853939371,0.017635132703004402,-0.007139533700384752
425,6.2829342734995475,1.9927503426842204,-0.018786512547051708,0.0006942462920758478,6.963740299390034,1.332634335895538,0.012044987688854168,-0.007401094734528497,1.1637334298515558,7.559011505418014,-0.015819097100475403,-0.0008101668991157697,2.2434422284183624,1.972168823465555,-0.0037226493257300273,-0.006483196403506807,6.781950276439636,7.769145242575281,-0.011600050490970503,-0.003304329818873915,7.4525724424978055,1.678575205299642,-0.005918406006836649,0.007765776566959318,1.5492643018470273,1.3691061894089833,-0.0433395711474059,-0.029181264104672127,1.8760656683978885,2.9794984320853746,-0.02013348508337793,-0.0379649737279605,4.3670279270503904,6.883115546744904,-0.0005523768970087826,0.04436073773392161,8.890915539018982,1.7992666729284943,0.023516610645042475,-0.0192649556413992,5.879342274540156,5.382465836250399,-0.011577745883769523,-0.03252476097438769,2.626513141763688,2.292859050903266,-0.016076128285662013,0.008449618091888267,2.4985381932491495,6.4010603748869155,0.0005954230161172294,0.02439115195602611,8.467121109504923,2.4211767669766213,0.021775713343620804,0.00803936883751811,8.195657833067068,4.625113713329198,-0.10663237733131743,0.014038202456435585,4.658703840060635,3.683652342931703,0.03156732450148284,-0.029050099560342234,2.622124048052552,7.759203006538163,0.011104348866726493,0.016348064298416596,7.479111179252497,7.974739905428912,-0.010079072617536869,0.0037663510162774926,3.325456972462752,3.924352017581186,0.006005689044975398,-0.002254484616204272,5.849228388286984,3.503744877254352,0.016694131098642123,-0.004813143645059308
426,6.281994947872195,1.9927850549988242,-0.018731239032535395,0.0015700378679894787,6.964342548774477,1.3322642811588115,0.013560350112706109,-0.006655123099040865,1.162942474996532,7.558970997073058,-0.01290852526582359,-0.000991935896091067,2.2432560959520758,1.9718446636453797,-0.004132260009435038,-0.00597954329434744,6.781370273915087,7.768980026084337,-0.011048645639293538,-0.0031564094160749985,7.452276522197463,1.67896349412799,-0.004971001322202498,0.00895792925437,1.547097323289657,1.3676471262037497,-0.044787784618516104,-0.0290540576332429,1.8750589941437195,2.9776001833989767,-0.019091291880752332,-0.036594155880438205,4.36700030820554,6.8853335836316,-0.001464484002916989,0.04163112113293921,8.892091369551235,1.7983034251464243,0.022326318630894796,-0.018901105810157685,5.878763387245968,5.38083959820168,-0.009091667393389702,-0.031104214909195186,2.6257093353494048,2.2932815318078603,-0.016169085082736106,0.008520308262826149,2.4985679643999554,6.402279932484717,0.004260428827358051,0.027356929998336214,8.468209895172103,2.4215787354184974,0.01844481638728154,0.008464730950588112,8.190326214200503,4.62581562345202,-0.11386463085752724,0.014634075674906424,4.66028220628571,3.6821998379536858,0.029788907434152592,-0.026837624600204415,2.6226792654958886,7.760020409753084,0.01317415131790369,0.01670708019098913,7.47860722562162,7.974928222979726,-0.010817652843221944,0.0037419839633140795,3.3257572569150007,3.924239293350376,0.005826717242291161,-0.0021372948408336307,5.850063094841916,3.503504220072099,0.01573256670263141,-0.0025270645068660447
427,6.281058385920568,1.9928635568922237,-0.018630381074514365,0.0024221990387750768,6.965020566280112,1.3319315250038595,0.01500771600673962,-0.005909298017604101,1.162297048733241,7.558921400278254,-0.010031169984286882,-0.0011671352508941957,2.243049482951604,1.9715456864806624,-0.004528824747024731,-0.005493911267128021,6.780817841633122,7.768822205613533,-0.010498384903459331,-0.0030075092421684687,7.452027972131353,1.6794113905907087,-0.004032485739667097,0.01010086368317802,1.5448579340587312,1.3661944233220875,-0.04609144382498003,-0.028857078163337723,1.8741044295496818,2.975770475604955,-0.018024819795483923,-0.03516269604478407,4.366927084005394,6.8874151396882475,-0.0023524074889349775,0.03885884310264655,8.89320768548278,1.7973583698559163,0.021106992390488178,-0.018498189835593704,5.8783088038762985,5.37928438745622,-0.00663879650055996,-0.029637870593196534,2.624900881095268,2.293707547221002,-0.016260127793740472,0.008590378706336759,2.4987809858413232,6.4036477789846336,0.007832320935777556,0.03018758570969849,8.469132135991467,2.422001971966027,0.015142752571491735,0.008859360588737557,8.184632982657627,4.626547327235765,-0.12064949710225353,0.0151799565567744,4.661771651657418,3.6808579567236754,0.027976032482251872,-0.024607836265169183,2.623337973061784,7.760855763762633,0.01516444783563463,0.01701625052550132,7.478066342979459,7.975115322177891,-0.01151257088172106,0.0037088102091340654,3.326048592777115,3.9241324286083343,0.005637205512061599,-0.0020173985983067506,5.850849723177047,3.5033778668467557,0.014753306088774362,-0.00028610448801497015
428,6.280126866866842,1.9929846668441624,-0.018485216467862522,0.0032491310856210586,6.965770952080448,1.3316360601029793,0.01638499687814055,-0.0051654807554556564,1.1617954902340266,7.558863043515709,-0.007193477271624037,-0.0013354747820870246,2.242823041714253,1.971270990917306,-0.004911687690864825,-0.0050267898744215155,6.780292922387949,7.768671830151425,-0.009949843314141843,-0.0028578617310679624,7.45182634784437,1.6799164337748675,-0.0031050055433895804,0.011192829928129908,1.5425533618674823,1.3647515694139207,-0.04725054208973607,-0.028592388036097066,1.8732031885599076,2.9740123408027155,-0.016937281282645343,-0.0336755373153202,4.366809463630948,6.88935808184338,-0.0032144716777952166,0.036051794220278835,8.894263035102304,1.7964334603641368,0.01986233350951445,-0.018058093995868427,5.877976864051271,5.37780249392656,-0.004224518211567492,-0.02813042434782485,2.624087874705581,2.2941370661563187,-0.01634932134622757,0.008659858745677354,2.499172601888112,6.405157158270119,0.011304264669418182,0.03287908270328088,8.469889273620042,2.4224449399954637,0.011877128310128493,0.009222962658556785,8.178600507802514,4.6273063250636035,-0.12698008011371786,0.01567560522740842,4.663170453281531,3.679627564910417,0.026134007135563277,-0.022366698577009316,2.6240961954535655,7.761706576288908,0.017072051562127533,0.017275923901173246,7.4774907144353735,7.975300762688348,-0.012163071837149642,0.0036671108389002708,3.326330453052718,3.924031558678419,0.005437864781982057,-0.0018951565247409578,5.851587388481486,3.503363561622355,0.01375919557350718,0.001905149191632002
429,6.279202606043449,1.9931471233984435,-0.018297105023690682,0.0040493343336989555,6.9665902019243555,1.3313777860652065,0.017690326437739625,-0.004425485679816914,1.1614358163704455,7.558796269776605,-0.004401648951817048,-0.0014966879868727851,2.24257745732971,1.971019651423585,-0.005280237453012591,-0.004578619762122742,6.779795430222242,7.768528937064872,-0.00940357964739969,-0.0027076963457876775,7.451671097567201,1.680476075271274,-0.0021906311376698236,0.012232244857750053,1.5401908347629956,1.3633219500121159,-0.04826543428831077,-0.028262172466629085,1.8723563244957753,2.9723285639369497,-0.01583186918313902,-0.032137650813980956,4.366648740047058,6.891160671554394,-0.00404910324321163,0.0332177744522137,8.89525615177778,1.7955305556643433,0.018596023619588887,-0.0175827550775473,5.877765638140692,5.376395972709169,-0.0018539998885484517,-0.026586569582104452,2.6232704086382697,2.2945700590936027,-0.01643672863694001,0.008728776980020605,2.4997378151215828,6.406801112405283,0.014669829007378355,0.035427823307749455,8.470483130035548,2.4229060881283915,0.008655287773870566,0.009555326275158699,8.172251503796828,4.628090105324974,-0.13285077480713994,0.016120912789884673,4.664477153638309,3.6785092299815667,0.024268092341336252,-0.020120069740390528,2.624949798031672,7.762570372483967,0.01889405407586903,0.017486564816139607,7.476882560843516,7.975484118230293,-0.012768528841488228,0.003617181927399488,3.3266023462918173,3.9239368008521818,0.005229414556374356,-0.0017709270065185386,5.852275348260162,3.5034588190819367,0.012753054555899722,0.00404233679050783
430,6.2782877507922645,1.9933495901151284,-0.018067483324453466,0.0048214096728608526,6.967474718246242,1.3311565117812156,0.01892206026615336,-0.003691076779180502,1.1612157339228546,7.558721435377261,-0.0016616326468261756,-0.0016505321745836896,2.2423134454570595,1.9707907204354789,-0.0056339072757581096,-0.004149793382646487,6.779325251239872,7.768393552247582,-0.008860135837856132,-0.00255723896033359,7.451561566010318,1.6810876875141614,-0.0012913535782346046,0.013217692339309375,1.53777756304858,1.3619088413887843,-0.04913682782669676,-0.02786873131630756,1.8715647310366184,2.9707216813962507,-0.014711749182913734,-0.030554022631886904,4.366446284884898,6.892821560277004,-0.00485483284029814,0.030364475692799507,8.896185952958758,1.794651417910466,0.017311715643137673,-0.01707415439719453,5.877672938146265,5.375066644230063,0.0004678167719240336,-0.025010985124657503,2.6224485722064226,2.295006497942604,-0.01652241034026817,0.008797161154487735,2.5004713065719515,6.408572503570671,0.017922993575215984,0.0378306476903481,8.470915894424241,2.4233838544421493,0.005484300430243792,0.009856323394699178,8.165608965056471,4.628896150964468,-0.13825725193294214,0.0165158986502305,4.665690558255376,3.6775032264945473,0.022383490399125985,-0.01787368987824469,2.6258945007354653,7.763444700724774,0.020627826397861676,0.017648749898478856,7.476244134401442,7.975664977326663,-0.013328441741125489,0.003559333461588973,3.326863817019636,3.923848254501856,0.005012580924451885,-0.001645065334939823,5.852913000987956,3.503660935921462,0.011737669074798686,0.006121331826432682
431,6.277384376626042,1.9935906605987714,-0.01779785940513796,0.0055640597927094585,6.96842082125955,1.3309719579422565,0.02007877493276242,-0.0029639643868604555,1.1611326522905132,7.558638908768532,0.0010208873729194677,-0.001796788537634623,2.2420317500932714,1.9705832307663464,-0.0059721750860078785,-0.003740655722534129,6.778882244447979,7.7682656902995655,-0.008320037484142388,-0.0024067116569672464,7.451496998331406,1.681748572131127,-0.0004090813799411115,0.014147923021685343,1.535320721657245,1.3605154048229688,-0.049865772940902324,-0.027414470763577496,1.8708291435774727,2.9691939802646563,-0.013580052509736236,-0.028929641027310254,4.366203543242883,6.894339784061644,-0.005630296439349476,0.027499464966240145,8.897051538740914,1.7937977101906062,0.01601302530704881,-0.016534311846156714,5.877696328984861,5.37381609497383,0.0027362230156060714,-0.023408323854691455,2.6216224516894093,2.2954463560003284,-0.016606424767793428,0.008865038055427623,2.5013674562507124,6.410464035955188,0.021058154456339236,0.04008483190511239,8.471190109445754,2.423876670611884,0.0023709495507730485,0.010125907270563252,8.158696102459825,4.629721945896979,-0.14319644019358144,0.016860707582092987,4.666809732775332,3.676609542000635,0.020485333274617632,-0.015633169338301528,2.6269258920553584,7.764327138219698,0.022271019276614835,0.017763163941719295,7.475577712314386,7.9758429439997425,-0.013842435496168119,0.003493888252605204,3.3271144460658584,3.923766001235109,0.004788094596936547,-0.0015179228876342887,5.853499884441696,3.5039670025127836,0.01071578559433544,0.00813824614448314
432,6.276494483655785,1.993868863588407,-0.017489807375494215,0.006276090135379695,6.969424760006189,1.3308237597229136,0.021159266582040853,-0.002245802112400455,1.161183696659159,7.55854906934165,0.0036404984737885395,-0.0019352621611728336,2.241733141338971,1.9703961979802198,-0.006294563389846426,-0.0033515050878595485,6.778466242573772,7.768145354716717,-0.007783793506082163,-0.002256332237971164,7.451476544262409,1.6824559682822111,0.0004543623973406412,0.015021853706153634,1.5328274330102,1.35914468128479,-0.050453652357686,-0.02690189489637491,1.8701501409519858,2.9677474982132908,-0.01243986888043089,-0.0272694839062683,4.365922028420916,6.895714757309956,-0.006374236366323801,0.024630168318612786,8.897852190006267,1.7929709945982983,0.014703522940254357,-0.01596527997290185,5.877833140135642,5.372645678781096,0.004946749561266268,-0.021783201653662904,2.6207921304510196,2.2958896079030997,-0.01668882777778903,0.008932433429303898,2.5024203639735294,6.412468277550444,0.02407012883149636,0.0421880848952817,8.471308656923293,2.424382965975412,-0.0006782783077865615,0.010364110741043982,8.151536280450145,4.630564981276084,-0.14766650561787245,0.017155606544033333,4.667833999439063,3.67582788353372,0.018578671352224192,-0.013403977587161333,2.628039443019189,7.765215296416784,0.023821562767404506,0.01783059575913254,7.474885590539577,7.976017638412372,-0.014310258302981847,0.0034211808401920676,3.327353850795705,3.9236901050907274,0.004556688975297965,-0.0013898463381740403,5.8540356737214125,3.504373914820008,0.009690105028196791,0.010089434275016265
433,6.275619993287011,1.994182668095176,-0.017144961998078724,0.006956409570001399,6.970482723335291,1.3307114696172935,0.022162549002755397,-0.0015381839838348062,1.1613657215828486,7.558452306233591,0.0061920670787035895,-0.0020657819727784997,2.241418413169479,1.9702286227258268,-0.006600639071645941,-0.002982593850118769,6.7780770528984675,7.768032538104818,-0.007251895814213157,-0.002106313722429647,7.451499262382276,1.6832070609675187,0.001297242783640188,0.01583856631595601,1.5303047503923157,1.3577995865399712,-0.050902170356697835,-0.02633359724894345,1.8695281475079644,2.9663840240179775,-0.011294239710583836,-0.02557850661068412,4.365603316602599,6.896946265725886,-0.007085502054025395,0.021763855424760496,8.89858736615328,1.7921727305996533,0.01338672556936213,-0.01536913811686297,5.878080477613705,5.371556518698412,0.007095172385745925,-0.020140186698023334,2.61995768906213,2.296336229574565,-0.01676967273557432,0.008999371926672536,2.503623870415104,6.414577681795207,0.02695415846113371,0.04413854448093401,8.471274743007903,2.4249011715124644,-0.0036572028437591494,0.010571044356586297,8.144152955169252,4.631422761603286,-0.1516668283060722,0.017400981262969933,4.668762933006674,3.6751576846543617,0.016668462644704028,-0.011191432706453886,2.6292305211575595,7.766106826204741,0.025277665122732898,0.017851933871256137,7.474170077624428,7.976188697454382,-0.014731779450884792,0.0033415563924577615,3.32758168524447,3.9236206127738185,0.004319098257708018,-0.0012611768952312163,5.854520178972822,3.504878386533759,0.008663277012225787,0.011971497086924843
434,6.274762745187107,1.994530488573676,-0.016765013236659895,0.00760403079341911,6.971590850785429,1.3306345604181018,0.02308785119649697,-0.0008426418032022943,1.1616753249367837,7.558349017134953,0.008670745222311291,-0.0021882006336910935,2.2410883812158966,1.9700794930333207,-0.006890012979386985,-0.0026341293120283557,6.777714458107757,7.767927222418697,-0.006724819441466034,-0.0019568641264461305,7.451564124521458,1.6839989892833165,0.0021179152542888913,0.016597306476247946,1.5277596418744808,1.3564829066775241,-0.05121334127484016,-0.025712252305456835,1.8689634355224352,2.9651050986874434,-0.010146151597781886,-0.023861630037723878,4.365249041499898,6.898034458497125,-0.007763050508618632,0.01890762493245799,8.899256702431748,1.7914042736938103,0.012066089325391598,-0.01474798660729281,5.878435236232992,5.370549509363511,0.009177517765710432,-0.018483789112140582,2.6191192054253514,2.2967861981708984,-0.016849010514359167,0.009065877066557235,2.5049715783381608,6.416784609019254,0.029705912027951385,0.045934772364706826,8.471091882865716,2.4254297237302938,-0.006559958570562935,0.010746894354887439,8.136569613753949,4.632292810666434,-0.15519797666302232,0.017597332597573026,4.669596356138909,3.674598113019039,0.014759562476491326,-0.009000691503796211,2.630494404413696,7.766999422898303,0.026637811012259562,0.0178281620411788,7.473433488651883,7.976355775274005,-0.01510698692433271,0.0032553696038163417,3.3277976401573555,3.923557553929057,0.0040760555856195705,-0.0011322495725165182,5.854953342823434,3.5054769613881054,0.00763789443408357,0.013781284742848158
435,6.273924494525273,1.994910690113347,-0.016351700789281335,0.008218070462326373,6.972745243345254,1.3305924283279418,0.023934614462888113,-0.00016064271712601136,1.1621088621978992,7.5582396071032685,0.011071976244632043,-0.0023023943731489446,2.240743880566927,1.9699477865677193,-0.007162339502281688,-0.002306274512083296,6.777378217135683,7.767829379212375,-0.006203022545051758,-0.0018081860787306232,7.451670020284173,1.6848288546071288,0.0029148278062122606,0.017297481716742696,1.5251989748107389,1.3551972940622512,-0.05138947749413718,-0.02504060699243503,1.868456127942546,2.963912017185557,-0.008998530088523523,-0.02212372911256094,4.364860888974468,6.898979839743747,-0.008405946496711976,0.016068390563901132,8.899860006898017,1.7906668743634457,0.010745002173596908,-0.014103941040169751,5.878894112121277,5.369625319907904,0.011190066580211471,-0.016818450999159833,2.6182767548996333,2.297239492024226,-0.016926889535844026,0.009131971222480472,2.5064568739395585,6.41908134763749,0.03232148635944579,0.04757574819018297,8.470763884937188,2.4259670684480383,-0.009381002397087257,0.010891920492339585,8.128809714920797,4.633172677296312,-0.1582616792402835,0.017745272695653635,4.6703343342627335,3.6741480784438494,0.012856713655872185,-0.006836740249438849,2.6318262949643088,7.767890831000362,0.027900759091741237,0.01776035467217528,7.472678139305667,7.976518543754196,-0.015435984762317213,0.003162983593909808,3.3280014429366362,3.923500941450431,0.003828291234689059,-0.0010033924906316161,5.8553352375451375,3.5061660256252476,0.006616488227864338,0.015515898964656065
436,6.273106909485809,1.9953215936364634,-0.015906808619995567,0.008797749062527404,6.973941974068398,1.3305843961920856,0.024702489019628217,0.0005064129963063653,1.1626624610101308,7.558124487384611,0.013391499628339,-0.002408262767536135,2.240385763591813,1.969832472842115,-0.007417315941045552,-0.001999149109109293,6.777068066008431,7.7677389699084385,-0.0056869463931718,-0.0016604764853206616,7.451815761674483,1.685693728692966,0.003686522756201833,0.01793865931003446,1.522629500936032,1.3539452637126295,-0.051433176954764674,-0.024321472181475123,1.8680062014381198,2.962805830729929,-0.007854233738002162,-0.02036962163543276,4.364440591649632,6.899783259271942,-0.009013362458831458,0.013252867992227073,8.900397257006697,1.7899616773114373,0.009426776977283634,-0.013439126645706543,5.879453615450288,5.368784397357945,0.013129357879935707,-0.015148536866223248,2.617430410422841,2.29769609058535,-0.017003355853461508,0.009197675630535453,2.508072948257531,6.421460135046999,0.03479740655258295,0.04906086268911044,8.470294834817334,2.426511664472655,-0.012115120231522081,0.0110064537404682,8.120896630958782,4.634059940931095,-0.16086079431145556,0.01784552095978831,4.670977169945527,3.6738062414313775,0.010964537149577295,-0.004704386047680937,2.633221332918896,7.768778848733971,0.02906553894170523,0.017649672082293892,7.471906340067551,7.976676692933891,-0.01571899018704127,0.0030647688102413855,3.3281928574983706,3.9234507718258995,0.0035765308535677717,-0.000874926211862543,5.855666061956531,3.5069418205734806,0.005601522440715396,0.017172694619061665
437,6.272311569054809,1.9957614810895898,-0.01543215950296872,0.009342390521567592,6.97517709851938,1.3306097168419009,0.0253913301762926,0.001157193923695743,1.1633320359915478,7.558004074246234,0.015625354986841703,-0.0025057284661307803,2.2400148977947607,1.9697325153866596,-0.0076546818480883,-0.0017128302581732203,6.776783718688772,7.767655946084172,-0.005177015173686811,-0.0015139262616395192,7.452000087812293,1.6865906616584678,0.004431638262926129,0.018520563759202066,1.5200578420882938,1.3527291901035556,-0.05134731023514114,-0.02355771422330813,1.8676134897512198,2.9617873496481577,-0.0067160484710225244,-0.018604057522451388,4.36398992352669,6.900445902671553,-0.009584578155656154,0.010467562508435127,8.900868595855561,1.789289720979152,0.008114644905444193,-0.012755672758504493,5.8801100833442845,5.368026970514634,0.014992191730716316,-0.013478324459112158,2.6165802426301683,2.298155974366877,-0.017078453261434243,0.009263010412587851,2.5098128185851603,6.423913178181454,0.03713062502499305,0.050389909955089254,8.469689078805759,2.4270619871596786,-0.014757432614103342,0.011090893856162755,8.11285359124321,4.634952216979085,-0.1629992773077476,0.017898899835580472,4.6715253968030055,3.6735710221289932,0.009087523271800116,-0.002608248850343377,2.6346746098659812,7.769661332338086,0.03013144739769077,0.017497355670479088,7.471120390558199,7.976829931374403,-0.015956330514241425,0.002961101937179917,3.328371684041049,3.9234070255153064,0.0033214937538878,-0.0007471631088361147,5.855946138078567,3.5078004553044337,0.004595389577675512,0.018749280634695477
438,6.27153996107966,1.9962286006156682,-0.014929609592317546,0.009851421571475455,6.976446665028194,1.3306675765380858,0.026001194081491298,0.0017904392954096208,1.16411330374089,7.557878787822928,0.01776988521231099,-0.0025947368653417226,2.2396321637023564,1.969646873873751,-0.00787421820974307,-0.0014473535358857765,6.776524867930087,7.767580249771091,-0.004673636089381737,-0.001368720029748343,7.452221669725439,1.687516689846428,0.005148909575091814,0.019043073948865393,1.5174904765765367,1.3515513043923901,-0.051135007241121286,-0.022752246533641617,1.8672776873276686,2.9608571467720353,-0.005586682251372377,-0.016831708458205977,4.363510694618907,6.900969280796975,-0.01011898005391315,0.007718757491757426,8.901274328100834,1.7886519373412268,0.006811749192957506,-0.012055707401868232,5.88085969293082,5.367353054291679,0.016775631340527578,-0.011811996020013295,2.615726319967097,2.298619124887506,-0.01715222344148118,0.009327994621165535,2.51166934983641,6.426432673679209,0.03931851951921144,0.051563078882695845,8.468951207175055,2.427616531852487,-0.017303399386541306,0.011145706834613777,8.104703627377823,4.635847161970863,-0.16468214624335376,0.017906330437078365,4.671979772966595,3.6734406096864762,0.007230023398093426,-0.000552754117820044,2.6361811822358656,7.77053620012161,0.031098044294922404,0.017304722988753917,7.470322574032487,7.976977986471262,-0.016148439857793996,0.0028523648139193924,3.3285377587287432,3.923369667359865,0.0030638912545659118,-0.0006204067678556912,5.856175907557451,3.5087379193361685,0.0036004062301098322,0.020243520263390786
439,6.2707934806000445,1.996721171694242,-0.014401043030675215,0.010324370868831702,6.977746724732269,1.3307570985028563,0.026532333063619296,0.0024049605480214076,1.1650017980015055,7.557749050979662,0.019821738794676438,-0.0026752557334070856,2.239238452791869,1.9695745061969567,-0.008075746612728928,-0.0012027138593474925,6.776291186125618,7.7675118137696035,-0.00417719933147604,-0.0012250359389626008,7.452479115204194,1.6884688435438713,0.005837170008796061,0.01950621997438913,1.5149337262144806,1.350413692065708,-0.05079964354636407,-0.021908021250658494,1.8669983532151,2.960015561349125,-0.004468760066035926,-0.015057157976760579,4.3630047456162115,6.901355218671563,-0.010616060459324577,0.005012503694225571,8.901614915560483,1.7880491519711335,0.0055211392610193324,-0.011341351997251618,5.881698474497846,5.3667624544906785,0.018477004480766765,-0.010153629980744143,2.6148687087950226,2.2990855246185644,-0.01722470612458894,0.009392646293760947,2.5136352758123706,6.429010827623343,0.04135889008851188,0.052580943812224556,8.468086037205728,2.4281738171942178,-0.019748823408133095,0.011171422253963106,8.096469520065655,4.636742478492717,-0.1659154452623004,0.01786882802394987,4.6723412741365,3.6734129719805853,0.005396242213049925,0.0014578738685160552,2.6377360844506117,7.771401436271048,0.03196514765122903,0.017073162734895685,7.469515152039597,7.977120604711958,-0.016295855641472137,0.0027389433638974362,3.3286909532914715,3.923338647021472,0.0028044250833423527,-0.0004949514276276988,5.8563559278689565,3.509750095349338,0.0026188089922890845,0.021653530699781973
440,6.2700734284485105,1.9972373902376834,-0.013848366609093164,0.010760867879825359,6.979073341385449,1.3308773465302572,0.026985190585990384,0.0029996426710793738,1.1659928849412393,7.557615288192991,0.02177787132445197,-0.002747274787607481,2.2388346654612326,1.9695143705039893,-0.008259128259723919,-0.000978866463108823,6.7760823261590435,7.767450561972655,-0.0036880783101478024,-0.0010830454080261072,7.4527709737046335,1.6894441545425907,0.006495351657719966,0.01991017966440261,1.5123937440371624,1.349318291003175,-0.050344826425872985,-0.021028020983415836,1.8667749152117983,2.9592627034502867,-0.003364819229704455,-0.01328489198620579,4.362473942593246,6.901605843856275,-0.011075416404465943,0.002354609347902598,8.901890972523534,1.7874820843712709,0.004245765204397189,-0.010614716209245749,5.8826223247218845,5.366254772991641,0.020093904214148667,-0.008507193102406682,2.614007473488793,2.2995551569332524,-0.017295939284633275,0.00945698252706933,2.515703220316796,6.431639874813954,0.043249955094781786,0.053444454421308324,8.46709859603532,2.428732388306916,-0.022089853330718754,0.01116863052074216,8.088173747802541,4.637635919893915,-0.16670620644016498,0.017787497345056892,4.672611086247152,3.673485865674011,0.003590230499137285,0.003419618040488301,2.639334341833173,7.772255094407792,0.03273282831289068,0.016804129679912017,7.468700359257523,7.977257551880153,-0.016399214930913848,0.002621226538091215,3.3288311745456385,3.9233138994500907,0.002543785838262972,-0.0003710814539857741,5.856486868318571,3.5108327718843273,0.0016527506698385728,0.022977682074604898
441,6.269381010118056,1.9977754336316746,-0.013273504490473962,0.011160641538372098,6.980422600914749,1.3310273286638112,0.02736039583764316,0.003573445339690843,1.1670817785074619,7.557477924453611,0.023635546193996423,-0.0028108052261193563,2.2384217090482466,1.9694654271808338,-0.008424262939482863,-0.0007757278890399797,6.775897922243536,7.767396409702254,-0.0032066295632532525,-0.0009429129157132891,7.45309574128752,1.6904396635258108,0.0071224858403988005,0.02025527481222978,1.5098765027158687,1.348266889954004,-0.04977438062452826,-0.020115250669727594,1.8666066742503131,2.9585984588509766,-0.0022773050141161842,-0.01151928975047297,4.361920171773022,6.90172357432367,-0.011496748299830484,-0.0002493688989978716,8.902103260783754,1.7869513485608086,0.0029884726510380657,-0.009877892935946897,5.883627019932592,5.36582941333652,0.02162418894299412,-0.006876533071075785,2.6131426765245616,2.300028006059606,-0.017365959337539087,0.009521019555967635,2.517865718071535,6.434312097535019,0.04499034625067366,0.054154924905634436,8.465994103368784,2.429290819832953,-0.024322985446719413,0.011137980025216824,8.079838437480532,4.638525294761168,-0.16706240997542723,0.01766352786307635,4.672790597772109,3.6736568465760353,0.0018158784725398214,0.005328673923489952,2.6409709832488177,7.773095300891788,0.033401404088882716,0.01649913954446572,7.467880398510978,7.977388613207058,-0.016459250599015825,0.0024996052745204045,3.3289583638375517,3.9232953453773916,0.0022826515116022247,-0.0002490708511158231,5.856569505852063,3.5119816559880577,0.0007042967829685942,0.024214595838307793
442,6.268717334893532,1.9983334657085932,-0.012678393008297508,0.011523518685755607,6.981790620706631,1.3312060009307958,0.027658757981539633,0.004125403834909325,1.1682635558171617,7.557337384192305,0.025392334513491138,-0.0028658792166994123,2.2380004959012725,1.9694266407863819,-0.008571087967043992,-0.000593176974141686,6.775737590765374,7.7673492640564685,-0.0027331926769824807,-0.0008047958800554388,7.45345186557954,1.6914524272664222,0.0077177032893663575,0.02054196713220027,1.5073877836846423,1.3472611274205177,-0.04909233390215247,-0.019172729561423015,1.8664928089996073,2.958022494363453,-0.0012085666058433628,-0.009764615340667963,4.36134533435803,6.90171110587872,-0.011879858356799729,-0.0027941342130955982,8.902252684416306,1.7864574539140112,0.0017519979985018978,-0.009132953453957404,5.884708229379742,5.365485586682967,0.023065981793083053,-0.005265371557772125,2.6122743785576845,2.3005040570374042,-0.01743480135641212,0.009584772845288539,2.520115235384069,6.437019843780301,0.046579102739931294,0.05471402249179914,8.464777954096448,2.429847718834214,-0.026445064626493223,0.011080174215777772,8.07148531698176,4.639408471154321,-0.16699294290620748,0.01749818887478268,4.672881391695737,3.6739232802722097,7.69096703594561e-05,0.007181454364315347,2.642641053453262,7.773920257869011,0.033971433399692726,0.016159763838205807,7.467057435981027,7.977513593470784,-0.016476787338087984,0.0023744714761936144,3.329072496413132,3.9232828918348357,0.0020216860785123338,-0.00012918280968266446,5.8566047206912115,3.513192385779973,-0.00022457763340421927,0.025363142552731595
443,6.268083415243117,1.9989096416428809,-0.01206497555194928,0.011849422300608604,6.983173558605708,1.3314122711225413,0.027881260082244588,0.004654629754398119,1.1695331725428362,7.55719409023147,0.027046114259513494,-0.0029125493444496697,2.2375719415029205,1.9693969819376749,-0.008699577005299247,-0.0004310559255681427,6.775600931131525,7.767309024262466,-0.0022680905584898346,-0.0006688444501680761,7.453837750744008,1.6924795256230323,0.008280234087508713,0.020770853957140924,1.5049331669895347,1.3463024909424466,-0.04830290239627476,-0.018203483354151735,1.8664323806693153,2.9575342635964197,-0.00016085339524207288,-0.0080250095667319,4.36075134144019,6.9015713991680645,-0.012224648791595148,-0.005274656972093368,8.902340284316232,1.7860008062413133,0.0005389640306515512,-0.008381942726677779,5.885861528469396,5.365222318105078,0.02441766934956229,-0.0036772977496233776,2.611402638489864,2.3009832956796687,-0.017502499291810178,0.00964825718614248,2.5224441905210653,6.439755544904891,0.0480156644513308,0.05512375532604564,8.463455700865124,2.4304017275450027,-0.02845328436315588,0.010995968601511648,8.06313566983645,4.640283380598061,-0.16650755648877966,0.017292824541538687,4.672885237179255,3.6742823529904256,-0.0016231246079477719,0.008974593609311387,2.6443396251232465,7.7747282460609215,0.03444370846751027,0.015787624675741223,7.4662335966141224,7.977632317044593,-0.01645273753218578,0.0022462170096387065,3.3291735807170575,3.9232764326943514,0.0017615381524706784,-1.1669292157541947e-05,5.856593491809542,3.5144605429076097,-0.0011319909313251475,0.02642243910969904
444,6.2674801664655195,1.9995021127579113,-0.011435197549489006,0.01213836952837589,6.984567621609821,1.3316450026102613,0.028029052735478066,0.005160311516312414,1.1708854782558118,7.557048462764247,0.028595068675601566,-0.002950888020964431,2.2371369626526554,1.9693754291413965,-0.00880973889794209,-0.0002891713507751721,6.7754875266036,7.767275582039957,-0.0018116295112825629,-0.0005352014253854224,7.454251762448384,1.6935180683208892,0.008809407357474087,0.02094266369362756,1.502518021869721,1.345392316774739,-0.047410475843288606,-0.01721053647815868,1.866424337999553,2.9571330131180833,0.0008636884016087884,-0.0063044823987925755,4.360140109000611,6.90130766631946,-0.012531119819628692,-0.007686181326583432,8.902367232517765,1.7855817091049795,-0.0006481240829988321,-0.007626874883945247,5.887082411936873,5.365038453217597,0.025677899762646846,-0.0021157623577839346,2.6105275135252737,2.301465708538976,-0.01756908619765547,0.00971148679918171,2.524844973743632,6.442511732671194,0.04929986436309549,0.055386459783206485,8.462033036646966,2.4309515259750785,-0.03034518594483577,0.01088616769206274,8.05481029201201,4.6411480218251375,-0.165616822374522,0.01704884884443882,4.672804080948858,3.674731082670891,-0.0032808503034732336,0.010704950737271733,2.646061810546622,7.775517627294708,0.034819248075133154,0.015384389582742727,7.465410959737513,7.977744627895075,-0.016388097003085907,0.002115232726057202,3.329261657624681,3.9232758492297437,0.0015028397093837882,0.000103229344453665,5.856536892262976,3.515781664863095,-0.0020161574527145613,0.027391845396360463
445,6.266908406588045,2.00010903123433,-0.010791001558210361,0.01239046951969747,6.9859690742465945,1.331903018186077,0.028103447422175083,0.005641714659792853,1.172315231689592,7.556900918363199,0.030037683945638657,-0.002980986857205178,2.2366964757077583,1.9693609705738577,-0.00890161639265155,-0.00016729537229794462,6.775396945128036,7.767248821968688,-0.0013640992003631392,-0.0004040021329111083,7.4546922328162575,1.6945652015055706,0.009304650710471556,0.02105825105180918,1.5001474980775564,1.3445317899508311,-0.04641960269813642,-0.016196904565680074,1.8664675224196334,2.9568177889981437,0.0018630187870264869,-0.004606905886134913,4.359513553009629,6.900923357253131,-0.012799367449982411,-0.010024230929781025,8.902334826313615,1.7852003653607822,-0.0018068824038846244,-0.006869728880464339,5.888366306925006,5.364932665099707,0.026845580242030397,-0.0005840721063664052,2.609649059215391,2.301951282878935,-0.017634594453262445,0.00977447543864838,2.5273099669617864,6.445281055660354,0.05043192011593774,0.055504787240623174,8.460515777349725,2.4314958343596818,-0.03211865677606578,0.01075162188384627,8.046529450893285,4.642000464267359,-0.1643320877218988,0.01676774047841261,4.672640038433684,3.6752663302077546,-0.004893075045090694,0.0123696124530098,2.6478027729503784,7.7762868467738455,0.035099289921396694,0.014951766305379848,7.464591554887359,7.977850389531378,-0.016283940643383055,0.0019819075070411397,3.32933679961015,3.923281010696966,0.0012462048819928857,0.00021528468837997875,5.85643608439034,3.517151257132913,-0.0028753898337409395,0.02827096042808109
446,6.266368856510135,2.0007285547103146,-0.010134322472839954,0.012605921087415081,6.987374246617703,1.3321851039190666,0.028105909609865982,0.006098181945895501,1.173817115886874,7.5567518690203395,0.031372746162235815,-0.0030029560024875104,2.2362513948881255,1.9693526058052429,-0.008975284908375217,-6.516672137578129e-05,6.775328740168018,7.767228621862043,-0.0009257729477973056,-0.00027537442955309556,7.455157465351781,1.695618114058161,0.009765489461250401,0.021118592066802194,1.4978265179426495,1.343721944722547,-0.045334975192004814,-0.015165587109818038,1.8665606733589848,2.956587443703837,0.002835206691804726,-0.0029360075802967152,4.35887358463713,6.900422145706642,-0.013029581090028202,-0.01228461383958221,8.90224448219342,1.784856878916759,-0.0029350514565407546,-0.006112444339860588,5.889708585937107,5.364903461494389,0.02791987396002274,0.0009146152946601679,2.6087673294927276,2.3024400066508672,-0.01769905597449391,0.009837236493956064,2.5298315629675834,6.448056295022385,0.0514124248140512,0.05548169036214642,8.458909844510922,2.432033415453874,-0.033771927871652986,0.010593224301605047,8.038312846507191,4.6428388512912795,-0.1626654293796549,0.016451037699425977,4.67239538468143,3.675884810830405,-0.006456792042409047,0.013965895249011234,2.649557737446448,7.7770344350891145,0.03528528260131582,0.014491497635994185,7.463777357855189,7.97794948490673,-0.016141417950165066,0.0018466273366853324,3.3293991098542497,3.923291774931385,0.0009922288260133065,0.00032428057534700895,5.856292314898653,3.518564805154317,-0.003708101011609853,0.0290596179705178
447,6.265862140386493,2.0013588507646856,-0.009467082860708298,0.012785010192140516,6.988779542098197,1.3324900130163615,0.02803805162430918,0.006529133263196097,1.1753857531949858,7.556601721220215,0.032599337613553936,-0.0030169234519947857,2.2358026306427066,1.9693493474691741,-0.009030851208068619,1.7508117074548307e-05,6.775282451520628,7.767214853140565,-0.0004969077411620937,-0.00014943851682824505,7.455645739824844,1.696674043661501,0.010191545616483604,0.02112477892879086,1.4955597691830493,1.342963665367056,-0.04416141436678116,-0.014119560328938347,1.8667024336935751,2.956440643324822,0.0037784323519959415,-0.001295364467389139,4.3582221055826285,6.899807915014663,-0.013222040970447891,-0.014463426599313937,8.902097729620595,1.7845512566997659,-0.00403049907687079,-0.005356917590570769,5.891104579635108,5.364949192259123,0.028900196384460192,0.0023772956909269764,2.6078823766940027,2.302931868475565,-0.017762502424703643,0.009899783094504804,2.532402184208286,6.450830379540493,0.05224233709442198,0.05532040893753002,8.457221248117339,2.4325630766689543,-0.03530357054791035,0.010411907604210237,8.030179575038208,4.64366140317625,-0.16062960727666237,0.01610033313871799,4.672072545079309,3.6765831055928557,-0.007969183427181718,0.015491346943980114,2.651322001576514,7.777759009970914,0.03537887723943348,0.014005356267579714,7.462970286957681,7.978041816273564,-0.015961748472669058,0.0017097744018208358,3.32944872129555,3.9233079889601523,0.0007414866592282403,0.0004300133534189171,5.856106909848072,3.520017786052843,-0.004512805935447703,0.029757881673323387
448,6.265388786243458,2.0019981012742925,-0.008791188432697841,0.01292810726652927,6.990181444679412,1.3328164696795213,0.02790162531436662,0.006934065342699435,1.1770157200756635,7.556450875047615,0.03371683241318352,-0.003023034325258145,2.2353510880823033,1.969350222875028,-0.009068452070763944,8.105371722232276e-05,6.77525760613357,7.767207381214724,-7.774429935693402e-05,-2.630696965474276e-05,7.456155317105668,1.6977302826079406,0.010582536644182837,0.021078014639062805,1.4933516984647104,1.3422576873506091,-0.04290385512420808,-0.0130617702498061,1.866891355311175,2.9563758751014526,0.004690989353952859,0.00031160258664650006,4.357561003534106,6.899084743684697,-0.01337711540113202,-0.01655705750545342,8.901896204666752,1.7842834108202374,-0.005091222878051262,-0.004604997899163542,5.892549589454331,5.365068057043669,0.02978621106338667,0.0038011225390504524,2.6069942515727673,2.3034268576302903,-0.017824965400301075,0.009962128202719217,2.535014301063007,6.45359639998737,0.05292297050574837,0.05502445532262365,8.455456069589943,2.4330836720491646,-0.03671249233758212,0.010208640763496285,8.022148094674375,4.644466419833186,-0.1582380171527955,0.015717268597779156,4.6716740859079495,3.6773576729400546,-0.009427623047229028,0.016943747608452235,2.6530909454384854,7.778459277784293,0.035381918805094906,0.01349513968928561,7.462172199534048,7.978127304993655,-0.015746217187235036,0.0015717262219862539,3.3294857956285115,3.9233294896278235,0.0004945324745477785,0.0005322921106006691,5.8558812695513,3.521505680136509,-0.005288122983660569,0.030366039738632535
449,6.264949226821822,2.002644506637619,-0.008108523658235882,0.01303566438857796,6.99157652594513,1.3331631729466562,0.027698514533111847,0.007312551287057201,1.1787015616963226,7.556299723331351,0.03472489149878848,-0.0030214501180599166,2.234897665478765,1.969354275560889,-0.00908825295011379,0.00012582455581982795,6.775253718918602,7.767206065866241,0.00033149259524870413,9.391525840001327e-05,7.456684443937877,1.6987841833398938,0.010938274032148384,0.02097960750925598,1.4912065057085,1.341604598838119,-0.04156733132678238,-0.011995126021829814,1.8671259047788726,2.956391455230785,0.00557128634998086,0.0018816338754997196,4.356892147764049,6.898256890809424,-0.013495257868622918,-0.018562189072441115,8.901641643522849,1.7840531609252792,-0.0061153523365100855,-0.003858483906065074,5.894038900007501,5.365258113170622,0.03057782488437883,0.005183410476743507,2.6061030033027524,2.3039249640404265,-0.017886476609976897,0.010024284707311953,2.5376604495882944,6.4563476227535,0.053455982239055545,0.05459759952574611,8.453620444973064,2.4335941040873394,-0.03799793215614229,0.009984425824789665,8.014236193816735,4.645252283263075,-0.15550464276383366,0.015303529837516993,4.671202704755588,3.678204860320477,-0.01082967871820719,0.01832110988895261,2.65486004137874,7.779134034768758,0.035296437138516226,0.012962665134779922,7.461384888674686,7.978205891304754,-0.015496169812755199,0.0014328548106429667,3.3295105222522388,3.9233561042333536,0.00025189842783625787,0.0006309388654693199,5.855616863402116,3.523023982123441,-0.006032775090829494,0.030884599148125642
450,6.2645438006389105,2.003296289857048,-0.007420947532053706,0.013108212314409102,6.9929614516717855,1.333528800511009,0.027430727458102537,0.007664239919449277,1.180437806271262,7.556148650825448,0.035623457026220356,-0.0030123479302284766,2.234443252831259,1.96936056678868,-0.009090446629257962,0.00015220378746440472,6.775270293548364,7.767210761629161,0.0007305940608272566,0.00021113081837369012,7.457231357639484,1.6998331637153565,0.011258661643804345,0.020830965521096662,1.489128139142161,1.3410048425370273,-0.040156960986481804,-0.010922493473928423,1.8674044690963716,2.95648553692456,0.00641784844772328,0.0034116353756649858,4.356217384870618,6.897328781355802,-0.01357700398592371,-0.02047579970649048,8.901335875906023,1.783860236729976,-0.007101150501312294,-0.003119120268046156,5.89556779125172,5.36551728369446,0.03127518283218772,0.006521638409646596,2.6052086794722533,2.304426178275792,-0.01794706801705543,0.010086265497664167,2.540333248700247,6.459077502729787,0.05384336125276566,0.05404385398548397,8.451720548365257,2.434093325378579,-0.03915945474839451,0.009740294657641972,8.006460961678544,4.646017459754951,-0.1524440076917139,0.014860841374766938,4.670661220819678,3.679120915814925,-0.012173113939792833,0.01962167874341935,2.656624863235666,7.779782168025497,0.035124637716589274,0.01240976459491365,7.460610080184048,7.9782775340452865,-0.015213008079669252,0.0012935258690282881,3.3295231171736304,3.9233876511766272,1.4093901106164718e-05,0.0007257887211897491,5.855315224647575,3.5245682120808475,-0.006745590587860034,0.031314279473034834
451,6.264172753262308,2.0039517004727685,-0.006730289499880492,0.013146357381123025,6.9943329880446905,1.3339120125069814,0.0271003887736357,0.007988854957813906,1.182218979122573,7.555998033428937,0.03641274618671947,-0.002995919671797658,2.2339887304997963,1.969368176978053,-0.009075251844829494,0.00016060198942318993,6.775306823251405,7.76722131817008,0.0011193668171011325,0.0003252500070257286,7.457794290721675,1.7008747119914114,0.011543693880088524,0.02063359056386819,1.4871202910928367,1.340458717863331,-0.03867793157637179,-0.00984668892466999,1.8677253615187577,2.9566561186933433,0.007229318277147192,0.004898682753637365,4.355538534671322,6.896304991370478,-0.013622968305620422,-0.0222951646020075,8.900980818380956,1.7837042807165737,-0.008047015331153142,-0.0023885945112125536,5.897131550393329,5.365843365614942,0.031878662269090426,0.007813452118035233,2.6043113260714006,2.3049304915506754,-0.01800677197175098,0.01014808353619954,2.543025416762885,6.461779695429062,0.0540874158355354,0.053367458084914034,8.449762575627837,2.434580340111461,-0.0401969444454501,0.009477305705110992,7.998838761293958,4.64676050182369,-0.14907112688948754,0.01439096129899185,4.670052565122688,3.680101999752096,-0.013455889084043327,0.02084393060180203,2.6583810951214955,7.780402656255243,0.034868892187364206,0.011838279905707088,7.459849429780064,7.978342210338738,-0.014898184965378562,0.0011540980139273732,3.3295238218686856,3.9234239406126865,-0.00021839525852525643,0.0008166899833534838,5.854977945118182,3.526133926054499,-0.007425503759737754,0.03165600629195097
452,6.263836238787314,2.004609018341825,-0.0060383455496814805,0.013150778290383068,6.9956880074833725,1.334311455254872,0.026709731737635287,0.008286194020420802,1.184039616431909,7.555848237445347,0.03709324447564055,-0.0029723712500020426,2.2335349679075547,1.9693762070775243,-0.00904291190890518,0.00015145591003693838,6.7753627915922605,7.7672375806704315,0.0014976332559532104,0.0004361906718827796,7.45837147541568,1.7019063915196049,0.011793453656356069,0.020389072566767686,1.4851863945140182,1.3399663834170974,-0.03713548549904831,-0.008770473255458195,1.868086827432615,2.956901052831025,0.008004456739716202,0.006340024858721277,4.3548573862560405,6.895190233140378,-0.013633841007359895,-0.02401785587587038,8.900578467614398,1.783584850991013,-0.008951480663994652,-0.001668534097629674,5.898725483506784,5.366234038220844,0.03238886676299011,0.009056666387690043,2.603410987472813,2.3054378957274855,-0.018065621309447628,0.010209751911945102,2.545729787554662,6.464448068333308,0.05419076065060398,0.05257286244689462,8.447752728405565,2.4350542053967166,-0.04111059826320828,0.009196540739749178,7.991385204949483,4.64748004988864,-0.14540145808808755,0.013895676121674205,4.6693797706684865,3.681144196282186,-0.01467616206483807,0.021986571966866594,2.6601245397308637,7.780994570250528,0.03453172870207829,0.011250057922243388,7.459104520531795,7.978399915239434,-0.014553199908745956,0.001014922040531405,3.3295129021057592,3.9234647751118543,-0.00044510742391865195,0.0009035042421601618,5.854606669930195,3.5277167263690967,-0.008071555125848858,0.03191090424171163
453,6.26353432150983,2.005266557256344,-0.005346874474487742,0.013122222783458795,6.9970234940702545,1.334725764955893,0.026261090155600783,0.008556127469067995,1.185894278655691,7.555699618882847,0.037665698441871814,-0.0029419217395718344,2.2330828223121095,1.969383779873026,-0.008993693376159812,0.0001252272089510858,6.775437673255058,7.767259390204026,0.001865231137096683,0.0005438781709711621,7.458961148098497,1.7029258451479432,0.012008110203516685,0.02009908354318502,1.4833296202390658,1.3395278597543245,-0.035534905744717,-0.00769654625566502,1.8684870502696007,2.957218054073961,0.00874214344502812,0.007733086704294002,4.354175694205672,6.893989340346584,-0.013610384470791824,-0.025641741956381674,8.9001308935812,1.7835014242861316,-0.00981321682518721,-0.0009605037081083328,5.900344926844933,5.366686871540228,0.032806619488869565,0.010249266670308383,2.6025077064073407,2.305948383323083,-0.01808776654578014,0.010252262043254476,2.5484393255871924,6.467076711455652,0.054156303305707004,0.0516647130546134,8.445697198492404,2.435514032433704,-0.0419009183744089,0.00889910163425864,7.984115132045079,4.648174833694723,-0.14145085318949885,0.013376795670542,4.668645962565245,3.682243524880529,-0.015832288498402857,0.02304853747130005,2.6618511261659674,7.78155707314664,0.034115822073456106,0.010646945788601998,7.458376860536358,7.97845066134146,-0.014179594016115729,0.0008763402214355355,3.3294906467345635,3.9235099503239623,-0.000665605797030896,0.0009861064195382824,5.854203092173903,3.5293122715811824,-0.00868289144840786,0.03208028972699838
454,6.263266977786106,2.0059226683955167,-0.004657594312299666,0.013061504218481672,6.998336548578035,1.3351535713293463,0.02575689028377304,0.008798597096447959,1.1877775635777845,7.555552522795868,0.03813110794775819,-0.002904802538777374,2.2326331376433015,1.9693900412334735,-0.008925943811912725,8.416938095302931e-05,6.775530934811913,7.767286584112575,0.00222201325483009,0.0006482452677399062,7.4595615536086735,1.7039307993251025,0.012187916702857404,0.019765371563775006,1.4815528749518299,1.3391430324415412,-0.03388150177049635,-0.006627541247728031,1.868924157441852,2.9576047084091757,0.009441376840857954,0.009075471941580615,4.3534951749821325,6.892707253248765,-0.013553429745119541,-0.027164986245190516,8.899640232739939,1.7834533991007262,-0.010631030880690001,-0.00026600274308095093,5.901985257819376,5.367199334873743,0.03313295622969458,0.011389410279892051,2.601603318080052,2.306460996425246,-0.018067443860629643,0.010272070232097955,2.551147140752478,6.469659947108383,0.05398723049280593,0.05064783524102198,8.443602152573684,2.435958987515417,-0.04256870398717147,0.008586107154555989,7.977042589385604,4.64884367347825,-0.13723550976815463,0.012836148040383934,4.667854348140325,3.683395951754094,-0.01692282136596645,0.02402898740820551,2.66355691726964,7.78208942043607,0.0336239837887943,0.01003078631349605,7.457667880835552,7.978494478352532,-0.01377894527102939,0.0007386856427157493,3.329457366444712,3.9235592556449395,-0.0008794789422555484,0.0010643847818765499,5.853768947601483,3.5309162860675323,-0.009258765475088282,0.03216566331454868
455,6.2630340980704915,2.0065757436064406,-0.003972178967980083,0.01296949806067034,6.9996243930922235,1.3355935011841686,0.025199642683351984,0.00901361466447076,1.1896841189751723,7.55540728266893,0.03849071796989273,-0.0028612565136538507,2.2321868404527057,1.9693942497025212,-0.008838111870347365,3.053486691128197e-05,6.775642035474655,7.767318996375962,0.0025678473557098087,0.0007492320613493664,7.460170949443817,1.7049190679032913,0.012333207764205805,0.019389754674992276,1.479858799863305,1.3388116553791547,-0.03218059563126942,-0.005566019999350299,1.869396226283895,2.9580584820062548,0.010101274043179476,0.01036496483117433,4.352817503494877,6.891349003936505,-0.013463872926412079,-0.028586045071888163,8.899108681195905,1.7834400989635721,-0.011403866542742221,0.00041353695709101467,5.903641905630861,5.367768805387738,0.03336911800327679,0.012475427132560368,2.6006999458870204,2.3069745999368507,-0.018005851517508126,0.01026928938719964,2.553846502277118,6.472192338870434,0.05368699374196311,0.04952721759013382,8.441473717374326,2.436388292873145,-0.043115042663678965,0.008258689782760268,7.970180813897197,4.649485480880269,-0.1327719227993703,0.012275574611803456,4.667008207072026,3.6845974011245044,-0.017946510190594938,0.024927304753010072,2.6652381164590797,7.782590959751745,0.0330591519060654,0.009403413460796258,7.4569789335720005,7.978531412634668,-0.0133528637595299,0.0006022815779103617,3.329413392497599,3.9236124748840333,-0.0010863412443570095,0.0011382409191075039,5.853306009327729,3.5325245692332596,-0.00979853542248069,0.032168701838092735
456,6.262835489122092,2.007224218509474,-0.0032922550214877604,0.012847138296258094,7.000884375226391,1.3360441819173923,0.024591934047232013,0.009201260300551874,1.191608654873667,7.555264219843247,0.03874600997160451,-0.0028115371328114847,2.2317449348591882,1.9693957764458667,-0.008729128714409713,-3.377156514370539e-05,6.77577042784244,7.767356457979029,0.00290261600988461,0.0008467858800407244,7.460787609832027,1.705888555637041,0.012444396757263335,0.018974114779519675,1.4782497700817416,1.338533354379187,-0.030437508391096917,-0.004514467929062686,1.869901289986054,2.9585767302478136,0.010721070373340812,0.011599531718674247,4.352144309848557,6.889919701682911,-0.013342671453809523,-0.029903664962305395,8.898538487868768,1.7834607758114267,-0.012130803736041432,0.001076753171616384,5.905310361531025,5.368392576744366,0.0335165433419452,0.013505820038212253,2.599799653311145,2.307488064406211,-0.01790424877779003,0.010244117204161726,2.5565308519642165,6.47466869974994,0.05325929483365935,0.04830799579241533,8.439317965241141,2.4368012273622828,-0.04354130111330586,0.007917992577373039,7.963542217757229,4.650099259610859,-0.1280768367303852,0.011696925148836544,4.6661108815624965,3.685843766362155,-0.01890229974119279,0.02574309169567401,2.666891074054383,7.783061130424785,0.03242438086093274,0.008766647963630228,7.456311290384024,7.9785615267135634,-0.012902986922640327,0.0004674409006183186,3.3293590754353812,3.923669386929989,-0.0012858332915502853,0.0012075896909529915,5.852816082556605,3.5341330043251644,-0.010301664207500566,0.03209125024026182
457,6.2626708763710175,2.007866575424287,-0.002619398726237776,0.012695413780804488,7.002113971928753,1.3365042449324198,0.023936419020306646,0.00936168075906978,1.1935459553722474,7.555123642986606,0.03889869287834876,-0.0027559075952060335,2.231308478423468,1.9693940878676095,-0.008598341902950148,-0.0001071403206984676,6.775915558642934,7.767398797273032,0.0032262162494933583,0.0009408611331666034,7.461409829669891,1.7068372613760168,0.01252197300608389,0.018520391494746408,1.4767278946621867,1.338307630982734,-0.02865754684285056,-0.0034752896105338816,1.8704373435047212,2.959156706833747,0.01130011861014016,0.01277732202190872,4.351477176275866,6.888424518434795,-0.013190840335706019,-0.03111687924278247,8.897931947681966,1.7835146134700075,-0.012811057833151306,0.0017223551383858911,5.906986188698122,5.369067867746277,0.03357686025213873,0.014479264553391422,2.5989044408722557,2.308000270266419,-0.01776394254277671,0.010196826071779132,2.5591938167058994,6.477084099539561,0.05270807091370827,0.04699543649566447,8.437140900185476,2.437197126991151,-0.04384911549503287,0.007565166077663594,7.957138375920709,4.650684105868301,-0.12316719800612631,0.011102052985914317,4.665165766575437,3.6871309209469385,-0.019789328277549208,0.02647616570288883,2.6685122930974297,7.783499462822967,0.031722831212163224,0.008122293070241343,7.4556661410378915,7.978584898758594,-0.012430974847274161,0.0003344655363138058,3.329294783770804,3.9237297664145365,-0.0014776221844528387,0.0012723591412045678,5.85230099934623,3.5357375668371773,-0.010767718434338755,0.031935313177781435
458,6.262539906434705,2.008501346113327,-0.001955133200815311,0.012515364532496579,7.003310792879768,1.3369723289703732,0.023235812033936327,0.00949508755537336,1.195490890016165,7.554985847606846,0.03895069368749539,-0.0026946399532086834,2.2308785613283204,1.9693887308515745,-0.008445456918142519,-0.0001882109529986171,6.776076869455409,7.76744584032969,0.00353855937491816,0.0010314192342001254,7.462035928320195,1.7077632809507541,0.012566498856790764,0.01803057600514368,1.475295017320044,1.3381338665022073,-0.02684599056233261,-0.0024508045801456425,1.8710023494352281,2.959795572934843,0.011837887965086167,0.013896668738265654,4.350817634259081,6.886868674472656,-0.01300944831692057,-0.032225004003841845,8.897291394790308,1.7836007312269269,-0.013443978568493362,0.0023491251730571204,5.908665031710729,5.369791830973947,0.03355187788122256,0.015394608405595573,2.598016243745117,2.308510111570008,-0.017586284237396617,0.010127758700212076,2.561829220251585,6.4794338713643445,0.052037479354671824,0.04559492119185134,8.434948444410724,2.4375753852950344,-0.04404038126443343,0.007201365259003464,7.950980016020403,4.651239208517596,-0.11806010815814794,0.010492810314193055,4.664176300161559,3.688454729232083,-0.020606925351143737,0.027126555130684092,2.670098434658038,7.783905577476479,0.030957759352460625,0.007472130429278091,7.455044592295528,7.97860162203541,-0.011938505606485532,0.00020364595386536136,3.3292209026615813,3.9237933843715966,-0.001661401771803956,0.0013324903809724682,5.851762613424514,3.537334332496066,-0.011196367144987257,0.03170304641626241
459,6.262442149774665,2.009127114339952,-0.0013009258167128016,0.012308077980944349,7.004472583481465,1.3374470833481418,0.02249287917467452,0.00960175497987168,1.1974384247005396,7.5548511156091855,0.03890414774421748,-0.002628014233273273,2.2304562884824133,1.9693793203039245,-0.008270485850429074,-0.0002758323988802344,6.776253797424155,7.7674974112914,0.003839570769924568,0.0011184283319699,7.462664253263035,1.7086648097510113,0.012578606628714746,0.01750670492404415,1.4739527177919274,1.3380113262732,-0.025008079321720483,-0.0014432434514907776,1.8715942438334825,2.9604904063717563,0.012333962789633179,0.014956088481658882,4.350167161843235,6.8852574242724645,-0.012799613997765507,-0.03322763344776778,8.896619195861883,1.7837181874855796,-0.014029048640868947,0.0029559200690156013,5.91034262560479,5.370561561394227,0.03344357791894893,0.016250870500111127,2.597136929533247,2.3090164995050184,-0.01737266655560355,0.010037324039078185,2.5644310942193185,6.481713617423937,0.05125188240732701,0.04411193017939436,8.432746425347503,2.4379354535579845,-0.04411724260086137,0.006827746545615679,7.945077010612496,4.651763849033306,-0.11277277756135372,0.009871043576800045,4.663145953894002,3.689811056988617,-0.021354609177204508,0.027694494408527257,2.671646322625661,7.784279183997943,0.03013250721122018,0.006817916121663301,7.454447667015204,7.978611804333103,-0.011427270659598454,7.526069713733859e-05,3.3291378325729912,3.9238600088906455,-0.0018368928140101723,0.0013879374418931652,5.851202795067264,3.5389194848168795,-0.01158738034178372,0.03139674804083692
460,6.262377103483829,2.0097425182389994,-0.0006581857842108231,0.012074685181849681,7.005597227440198,1.3379271710971354,0.021710430106809425,0.009682017999869116,1.1993836320877505,7.554719714897522,0.03876138871530278,-0.002556317556453208,2.230042764189892,1.9693655286839804,-0.008073702506976099,-0.0003690285234178822,6.776445775962651,7.767553332707998,0.004129189562434979,0.0012018633077957885,7.4632931835944705,1.7095401449972136,0.01255899545919865,0.016950854179959254,1.4727023138258413,1.3379391641006255,-0.02314900088571782,-0.0004547443396019212,1.8722109419729642,2.9612382107958393,0.012788041023653798,0.015954281059621607,4.349527181143347,6.883596042600076,-0.012562501915797008,-0.03412463464558598,8.89591774342984,1.7838659834890305,-0.014565882015013866,0.003541672279642481,5.912014804500737,5.371374104919232,0.03325410576102909,0.0170472395212498,2.596268296205467,2.3095183657069724,-0.0171245200240429,0.009925993365999397,2.566993688339685,6.483919213932906,0.050355831685279136,0.042552026639269186,8.430540563217459,2.438276840885265,-0.04408208145071757,0.0064454648869150845,7.939438371734428,4.652257401212146,-0.107322479959084,0.009238588982056394,4.662078223435142,3.6911957817090433,-0.022032083594235915,0.02818041881659763,2.673152947986222,7.784620079804026,0.029250491975129595,0.0061613768456656864,7.453876303482224,7.97861556736796,-0.010898970322367344,-5.042404305713395e-05,3.329045987932291,3.92392940576274,-0.002003843075731728,0.0014386671003384038,5.850623426050175,3.5404893222189213,-0.011940627290797798,0.031018849508756406
461,6.262344194194619,2.010346252498092,-2.8261937979625522e-05,0.011816357007780014,7.006682748945539,1.3384112719971288,0.020891310067704286,0.009736270056916931,1.2013217015235156,7.554591899019699,0.03852493829275041,-0.0024798432609704694,2.229639079064543,1.9693470772578094,-0.007855602953003755,-0.0004669684907374605,6.776652235440773,7.767613425873388,0.004407368585640425,0.0012817054775535832,7.46392113336743,1.7103876877062116,0.012508428052348667,0.016365132942166363,1.4715448637815554,1.3379164268836454,-0.02127387921231092,0.0005126504031184413,1.8728503440241469,2.9620359248488204,0.013199932394849814,0.016890128601931117,4.348899056047557,6.881889810867797,-0.01229931860088332,-0.03491614172983931,8.895189449329088,1.7840430671030125,-0.015054221933203,0.004105390884831147,5.913677509788789,5.372226466895294,0.0329857614622599,0.017783072140609743,2.595412070204265,2.3100146653752724,-0.016843309462489495,0.009794296544029664,2.569511479923949,6.48604681526487,0.04935405252526414,0.040920840862198674,8.428336459144923,2.438599114129611,-0.043937506222825176,0.006055670903317973,7.934072247736474,4.652719330661249,-0.10172650785296763,0.00859726814323933,4.66097661925543,3.692604802649873,-0.022639234627898512,0.028584958878444932,2.6746154725849784,7.784928148646309,0.028315195851913222,0.005504206261263857,7.453331354966106,7.978613046165807,-0.010355309316918032,-0.00017315481648959725,3.3289457957785045,3.924001339117757,-0.0021620273488752286,0.0014846586737177806,5.850026394685635,3.542040264694359,-0.012256074615232074,0.030571906569875813
462,6.26234278109772,2.010937070348481,0.0005875592765563012,0.01153430032510746,7.007727314448924,1.3388980854999746,0.02003839195430973,0.009764960767538881,1.203247948438153,7.55446790685665,0.03819749565897359,-0.0023988900289836457,2.229246298916893,1.9693237288332726,-0.00761687092903448,-0.0005689411879856105,6.776872603870055,7.767677511147266,0.004674073818162714,0.0013579424584942207,7.464546554770047,1.7112059443533199,0.012427727342021957,0.015751677599868393,1.47048116982094,1.3379420594038014,-0.0193877630785249,0.0014569971381197995,1.8735103406438893,2.9628804312789168,0.013569556379206798,0.017762694253033832,4.348284090117513,6.8801440037813055,-0.012011308614052996,-0.035602549550372356,8.894436738232427,1.7842483366472541,-0.015493938648399838,0.004646162344190994,5.915326797861902,5.3731156205023245,0.03264099050655735,0.01845789084568256,2.5945699047311406,2.310504380202474,-0.016530530341044045,0.009642818383066161,2.571979182550212,6.48809285730798,0.04825142826503632,0.039224054662956746,8.426139583833782,2.438901897674777,-0.043686340172003284,0.005659508107093492,7.928985922343825,4.653149194068411,-0.09600212884960643,0.00794888385293754,4.659844657524035,3.694034050593795,-0.023176126676733952,0.02890893439170457,2.676031232377574,7.7852033589593725,0.02733015590183943,0.004848061499357903,7.45281358950026,7.978604388424983,-0.00979799241079902,-0.0002926912604786076,3.3288376944110607,3.924075572051443,-0.00231124740750082,0.0015259037900118239,5.849413590954874,3.5435688600228525,-0.01253378418832848,0.03005859008069535
463,6.262372159061548,2.0115137853647362,0.0011880556155737822,0.011229754166982268,7.00872923404664,1.3393863335383516,0.0191545685185808,0.009768593535252995,1.2051578232211018,7.554347962355201,0.037781926745309315,-0.0023137610196440465,2.2288654553704412,1.9692952817738734,-0.007358347438371346,-0.0006743332864668766,6.777106307560963,7.767745408270191,0.004929284426210035,0.0014305680489563523,7.465167941137148,1.7119935282333132,0.01231777307932256,0.015112645808772461,1.4695117816670136,1.3380149092607074,-0.017495615150052757,0.0023764535787383252,1.8741888184628497,2.9637685659915682,0.013896939932967735,0.01857122044135416,4.34768352468681,6.878363876303787,-0.011699750580391226,-0.0361845068210675,8.893662041300008,1.7844806447644637,-0.015885026890883707,0.005163151039854765,5.91695884738723,5.374038515044608,0.03222237442109171,0.01907138140277705,2.5937433782140884,2.310986521121627,-0.016187705100327042,0.009472195096625925,2.574391753963464,6.490054060041128,0.04705298448000103,0.03746738601654035,8.423955266825182,2.4391848730801318,-0.04333160950689491,0.0052581102035163165,7.924185815901345,4.653546638261058,-0.09016654305169686,0.0072952159995351845,4.6586858511901985,3.6954794973133804,-0.023642998337778758,0.029153348119936605,2.6773977401726663,7.785445762034341,0.026298953960887703,0.004194559840846437,7.45232368987972,7.978589753861959,-0.0092287201540407,-0.00040880640632665754,3.3287221320406855,3.9241518672409437,-0.0024513318962885835,0.0015624061317142258,5.8487869017454575,3.5450717895268875,-0.01277391083555941,0.02948167673731972
464,6.262431561842327,2.0120752730730853,0.0017720706479244337,0.010903985911997444,7.009686962472569,1.3398747632151142,0.0182427446888593,0.009747723081855408,1.2070469195583673,7.554232274304218,0.03728125331533921,-0.0022247630104654747,2.2284975379985226,1.96926156510955,-0.007081004070272889,-0.0007826104424292236,6.777352771782274,7.767816936672639,0.005172992153083554,0.0014995818645727765,7.465783829791114,1.7127491605237517,0.01217949835483561,0.014450210618454262,1.4686370009095109,1.3381337319396442,-0.0156023015120961,0.0032692811154960864,1.874883665459498,2.9646971270136357,0.01418221500693663,0.01931512673933391,4.347098537157791,6.876554650962734,-0.01136595322603587,-0.03666290878611934,8.892867789955464,1.7847388023164563,-0.01622760308068452,0.005655599612266464,5.918569966108285,5.374992084114747,0.03173262126149631,0.019623389968829983,2.5929339929590722,2.3114601308764584,-0.015816379426603862,0.009283110803973494,2.576744403187464,6.491927429341955,0.04576387321892903,0.03565657394962696,8.421788686349837,2.4394477785903077,-0.04287653125798422,0.004852598477260841,7.919677488748761,4.653911399061035,-0.08423684157661102,0.006638017632835555,4.65750370127331,3.6969371647193774,-0.024040257890605626,0.029319379168983577,2.6787126878707106,7.785655490026383,0.025225206678705158,0.003545275570049351,7.451862253872018,7.978569313541643,-0.008649184722674346,-0.0005212869453773242,3.328599565445871,3.9242299875475295,-0.0025821361543378906,0.0015941811553990273,5.848148206203679,3.5465458733637534,-0.012976699856138755,0.028844039752326734
465,6.262520165374723,2.012620472368685,0.0023385151654273808,0.010558287477969787,7.010599099707012,1.340362149369207,0.01730583003358439,0.009702952905954626,1.2089109822241342,7.5541210361536955,0.036698641904255085,-0.002132205548967242,2.228143487795009,1.9692224345874285,-0.006785919507549747,-0.0008933012719913396,6.777611421389929,7.767891915765867,0.00540520133933033,0.001564989295866722,7.466392804708856,1.7134716710546745,0.012013886065762522,0.013766554693372091,1.467856885833906,1.338297195995419,-0.013712581677213224,0.004133846829888063,1.8755927762098448,2.9656628833506025,0.014425615854223885,0.019994007328760787,4.346530239496489,6.874721505523428,-0.01101125142908843,-0.03703888943499223,8.892056409801429,1.7850215822970696,-0.0165219022985131,0.006122829092768238,5.92015659717136,5.375973253613188,0.031174555994838066,0.020113919867224668,2.592143173987742,2.311924286416657,-0.01541811854161031,0.00907629409340014,2.5790325968484105,6.493710258039437,0.044389357278183834,0.03379736371934505,8.419644859786938,2.4396904085141706,-0.04232450094152905,0.004444079268652955,7.91546564666993,4.654243299942676,-0.07822996628077308,0.0059790111853045644,4.65630168837878,3.6984031336778265,-0.024368478458767388,0.029408376071504528,2.679973948204646,7.785832753804885,0.024112555693674962,0.0029017370064200643,7.451429794635884,7.978543249194374,-0.00806106587670703,-0.0006299334549359073,3.3284704586381544,3.9243096966052993,-0.0027035419761952473,0.0016212557881624173,5.847499371210872,3.5479880753513697,-0.0131424843741147,0.02814863950011528
466,6.262637091132994,2.0131483867425835,0.002886368393372936,0.01019397154001283,7.0114643912086905,1.340847297014505,0.016346731382969205,0.009634932676746723,1.2107459143193469,7.554014425876247,0.03603739264515972,-0.002036400116480324,2.2278041918196316,1.969177769523829,-0.006474258887015906,-0.0010059837165242605,6.777881681456895,7.76797016523066,0.005625928643705828,0.0016268012476967513,7.466993499012144,1.714159998789343,0.011821965338029171,0.013063864639870837,1.4671712567500454,1.3385038883369136,-0.011831099084422179,0.004968625198631498,1.876314057002556,2.9666625837170404,0.014627476142811622,0.020607628086603658,4.345979676925034,6.872869561051678,-0.010637002293999566,-0.037313813295677976,8.891230314686503,1.785327723751708,-0.016768275028194213,0.006564238837226802,5.921715324971101,5.376978949606549,0.030551110806692514,0.020543128043237414,2.5913722680606615,2.312378101121327,-0.014994503496589347,0.008852514587096804,2.5812520647123196,6.495400126225404,0.042934794552909945,0.03189549230994611,8.417528634739861,2.4399126124776034,-0.04167908005484034,0.0040336415440671205,7.911554148355892,4.654542250501941,-0.07216267076338959,0.00531988485487978,4.6550832644558415,3.6998735524814017,-0.024628392867998606,0.02942184960354,2.6811795759893298,7.785977840655207,0.022964657966573758,0.0022654237179564087,7.451026741342049,7.978511752521627,-0.007466027040082221,-0.0007345605843920793,3.3283352815393448,3.9243907593947074,-0.0028154573121203343,0.0016436681022182341,5.846842246992166,3.5493955073263757,-0.013271682529500882,0.02739851415482829
467,6.262781409552663,2.0136580853195842,0.0034146790027062943,0.00981236778180988,7.012281727777839,1.3413290436483423,0.015368345623535453,0.009544355571004127,1.2125477839516048,7.553912605870423,0.035300928012781105,-0.0019376593059331417,2.2274804788752807,1.9691274703380028,-0.006147255635847502,-0.0011202735522415125,6.778162977889081,7.7680515052930454,0.0058352024276214646,0.0016850338912043955,7.467584597279045,1.7148131920213365,0.011604807913324747,0.012344325450973687,1.4665797017958244,1.3387523195968452,-0.00996237210225788,0.005772199491081622,1.8770454308096967,2.9676929651213704,0.014788225884549103,0.02115592330717856,4.345447826810334,6.871003870386894,-0.010244581258715184,-0.03748926683625908,8.890391900935093,1.7856559356935693,-0.016967183683887013,0.006979306265341983,5.923242880511436,5.378006106008711,0.029865315358263526,0.0209113212151818,2.590622542885832,2.312820726850682,-0.014547127520039574,0.008612579544928712,2.583398804439965,6.496994900840901,0.041405622502572445,0.02995667427648377,8.415444680737119,2.4401142945548067,-0.040943983437965,0.0036223545644242937,7.907946014817722,4.654808244744685,-0.06605148271823875,0.0046622891547523655,4.653851844812442,3.7013446449615786,-0.02482088822085213,0.029361465357095825,2.6823278088876585,7.786091111841104,0.02178517629341589,0.0016377639191882724,7.450653439990044,7.978475024492408,-0.006865711509681256,-0.0008349972019745281,3.3281945086737386,3.9244729427998184,-0.002917815909706813,0.0016614669689522497,5.846178662865691,3.550765433034117,-0.013364794520067114,0.026596770344423183
468,6.262952143502798,2.014148703708675,0.003922565925822868,0.009414819188711966,7.013050145059015,1.3418062614268924,0.014373552679630136,0.009431955561213226,1.214312830352244,7.553815722905126,0.03449278151459906,-0.001836296015358437,2.2271731160934882,1.9690714566603909,-0.005806195514449775,-0.0012358147053458826,6.778454738010462,7.768135756987606,0.006033062915528881,0.0017397085265866371,7.468164837674712,1.7154304082938852,0.01136352451089287,0.011610115080199289,1.4660815831907115,1.3390409295713992,-0.008110785546936637,0.0065432628632239144,1.877784842103924,2.968750761286729,0.014908388192386116,0.02163899207702259,4.344935597747399,6.869129407045081,-0.00983537824357791,-0.037567049505086485,8.889543541750898,1.7860049010068364,-0.017119198935617,0.007367586410661221,5.92473614627935,5.37905167206947,0.029120287019028517,0.021218951737719476,2.58989518650983,2.3132513558279286,-0.014077592407149989,0.008357330453537948,2.585469085565094,6.498492734554725,0.0398073427671111,0.027986587963083138,8.413397481565221,2.440295412283028,-0.04012306653637442,0.0032112656554123737,7.90464344068181,4.655041359202422,-0.05991266769730821,0.004007833634990943,4.6526108004013995,3.7028127182294335,-0.02494700020771433,0.02922903609280391,2.6834170677023295,7.7861730000370635,0.020577770017170528,0.0010201320560944622,7.45031015441456,7.978433274632309,-0.0062617387999400935,-0.0009310865026564295,3.3280486178782533,3.924556016148266,-0.0030105768990733198,0.0016747116937623641,5.845510423139688,3.5520952715513383,-0.013422399504545459,0.025746573843891125
469,6.263148271799089,2.0146194446681105,0.0044092189783547725,0.009002678390986965,7.013768822692997,1.3422778592049531,0.013365208695263623,0.00929850466273959,1.2160374694279739,7.553723908104359,0.03361658635883961,-0.0017326226587832737,2.2268828063177657,1.9690096659251235,-0.005452402548949406,-0.0013522712407483476,6.778756391156238,7.768222742413935,0.006219561432403026,0.0017908512290918882,7.468733013900256,1.7160109140478952,0.011099261173738474,0.01086339915506682,1.4656760439133647,1.3393680927145604,-0.006280582725242777,0.007280619152334947,1.8785302615135433,2.9698327108905804,0.014988575877815833,0.022057094319352575,4.34444382883522,6.867251054569827,-0.0094107938506723,-0.037549164440102555,8.888687581804117,1.7863732803273695,-0.017224995846843994,0.007728711286684122,5.926192160630301,5.380112619656356,0.02831922109987871,0.021466613194155774,2.5891913068894725,2.3136692223506055,-0.013587504988633694,0.008087639635904212,2.5874594527034493,6.499892063952879,0.03814550596877985,0.02599086212182633,8.411391328238402,2.440455975565799,-0.03922031259872872,0.0028013980827146824,7.9016478072969445,4.655241750884172,-0.05376219434510533,0.0033580837803366954,4.651363450391014,3.7042741700340738,-0.025007907174352858,0.029026513896726547,2.684445956203188,7.786224006639868,0.019346085957097754,0.0004138465797800361,7.4499970674745635,7.978386720307176,-0.005655701129168254,-0.0010226860778163403,3.3278980890332996,3.9246397517329545,-0.003093724323931403,0.0016834716330298351,5.84483930316446,3.5533826002435327,-0.013445152378111665,0.024851140330011314
470,6.263368732748007,2.01506957858766,0.004873899289758839,0.008577304065233311,7.01443708312776,1.3427427844380901,0.012346139428807182,0.009144810147824759,1.2177182987459159,7.553637276971419,0.032676064128187646,-0.00162695039608411,2.2266101861903183,1.968942052363086,-0.005087226677149058,-0.0014693207493938342,6.779067369227858,7.76831228497539,0.0063947605109336185,0.001838492776730077,7.4692879769589435,1.7165540840056486,0.010813195608735704,0.010106325840362161,1.4653620147771025,1.339732123672177,-0.004475858010223926,0.007983183377060145,1.879279690307434,2.970935565606548,0.015029487900628845,0.022410646525431753,4.343973289142687,6.865373596347823,-0.0089722356219804,-0.03743780887798053,8.887826332011775,1.7867597158917037,-0.017285349837951252,0.008062389074779795,5.927608121685295,5.3811859503160635,0.027465381111160068,0.021655035734836858,2.5885119316400407,2.3140736043324006,-0.013078473679557744,0.007804406854556538,2.589366728001888,6.501191607058971,0.03642569673348912,0.023975062956693233,8.409430312608466,2.4405960454699347,-0.03823981984318319,0.002393749035195893,7.89895969757969,4.655409655073189,-0.04761570115746424,0.00271455808796132,4.650113055032296,3.70572549572891,-0.02500492396630616,0.028755982165319105,2.685413260501043,7.786244698968857,0.018093749573483878,-0.00017983208976675674,7.449714282418105,7.978335586003285,-0.005049160053165872,-0.0011096679473406195,3.327743402817103,3.924723925314606,-0.0031672666209203487,0.001687825794581203,5.8441670455455546,3.554625157260033,-0.013433780431077336,0.023913726219368776
471,6.263612427712495,2.015498443790922,0.005315939545931915,0.008140057401646023,7.0150543900992,1.3432000249454814,0.011319133872274014,0.008971711734125948,1.2193521019523252,7.5535559294516155,0.03167501348740488,-0.0015195883833054617,2.2263558248564608,1.9688685863256163,-0.004712032900118334,-0.0015866489756095707,6.779387107253404,7.768404209614227,0.006558733499681707,0.001882668347771665,7.46982863673938,1.7170594002976667,0.010506533529923642,0.009341020860637449,1.4651382218765914,1.3401312828410301,-0.002700549956267435,0.008649981948286378,1.8800311647024655,2.97205609793282,0.015031905683176996,0.022700217190560566,4.343524677361588,6.863501705903923,-0.00852111436437913,-0.03723536429381132,8.886962064519878,1.7871628353454427,-0.017301132489663733,0.008368403139956368,5.928981390740853,5.382268702102805,0.026562089069409715,0.02178508117901554,2.5878580079560627,2.3144638246751286,-0.012552105117280828,0.007508555919504912,2.5911880128385625,6.502390360206805,0.034653518964158705,0.021944681615383904,8.407518321616307,2.4407157329216944,-0.03718578862502949,0.0019892877186582815,7.896578912521816,4.6555453829775875,-0.041488464813651434,0.0020787253284444665,4.6488628088339805,3.707163294837176,-0.024939495570524727,0.028419647442455034,2.6863179479797172,7.786235707364368,0.01682435638456759,-0.0007597034090243266,7.4494618244154465,7.978280102605918,-0.00444364325124063,-0.001191918554932257,3.327585039486057,3.9248083166043353,-0.003231236049674745,0.001687862423011213,5.843495356524,3.5558208435710017,-0.013389079901773588,0.02293761961066728
472,6.263878224689791,2.0159054466610042,0.005734744047476265,0.007692298644485327,7.015620346792814,1.3436486105321876,0.010286938106082158,0.008780078755400045,1.2209358526266956,7.55347995003245,0.030617298952321216,-0.0014108430448560886,2.226120223211455,1.968789253876836,-0.004328191749154798,-0.0017039455604592427,6.779715043928388,7.768498343031616,0.006711563828554046,0.00192341725896378,7.470353963415876,1.7175264513406985,0.010180505014060058,0.008569582690804949,1.465003194378778,1.3405637819384444,-0.0009584349586343006,0.009280152596789304,1.8807827599866243,2.973191108792348,0.014996689301409872,0.02292652197274757,4.343098621643369,6.861639937689232,-0.008058840549162938,-0.03694438630205137,8.886097007895394,1.7875812555024406,-0.01727330720048855,0.008646610880816573,5.930309495194324,5.383357956161756,0.0256127158759252,0.02185773789775268,2.5872304027001984,2.3148392524711037,-0.012010000907065051,0.007201031301960597,2.5929206887867706,6.5034875942875745,0.03283458139722784,0.01990512215021559,8.405659032185055,2.4408151973076273,-0.036062508637721674,0.0015889535624461241,7.894504489281133,4.655649319244009,-0.035395370125540275,0.0014520019926956194,4.647615834055454,3.7085842772092987,-0.024813190574722047,0.02801983113224927,2.6871591657989455,7.786197722193918,0.015541463651440502,-0.0013246283650760308,7.449239642252884,7.978220506678172,-0.003840641469230588,-0.0012693387274657453,3.327423477683573,3.9248927097254858,-0.0032856880761579802,0.0016836785712440099,5.8428259025289115,3.556967724551535,-0.013311912434624727,0.021926131351634893
473,6.264164961892165,2.0162900615932284,0.00612978858761719,0.007235383712749527,7.016134693698119,1.3440876144699576,0.009252249399364396,0.008570807321806977,1.2224667175743116,7.553409407880207,0.029506839746896125,-0.0013010173689096923,2.2259038136239973,1.968704056598813,-0.003937070902940599,-0.0018209007272354868,6.780050622119816,7.768594513894564,0.006853345292315815,0.0019607828244655313,7.470862988666579,1.7179549304752386,0.009836360877268253,0.0077940779230666725,1.4649552726308464,1.3410277895682838,0.0007468785389486733,0.009872944024208942,1.8815325944516947,2.9743374348909852,0.014924773564978984,0.023090418592403496,4.342695679615911,6.85979271837413,-0.007586820793416225,-0.036567594349350876,8.88523334253537,1.7880135860464814,-0.017202924712318553,0.008896942420305379,5.931590130988121,5.384450843056644,0.024620671789604264,0.021874115495573835,2.5866299026548454,2.3151993040362018,-0.0114537544686253,0.006882794759904975,2.594562417856632,6.504482850395085,0.030974483472059843,0.017861689967638008,8.403855906753169,2.44089464498575,-0.03487434617853396,0.0011936545408426263,7.892734720774857,4.6557219193436445,-0.02935088164259775,0.0008357499270193977,4.646375174526718,3.7099852687659114,-0.024627694464888113,0.02755896111119251,2.6879362389815173,7.786131490775664,0.014248582345680175,-0.0018735309387039006,7.449047610179423,7.978157039741799,-0.003241605623642682,-0.0013418435992985707,3.3272591932797653,3.924976893654048,-0.0033307007118549376,0.001675379659713462,5.84216030690718,3.5580640311191165,-0.013203201454400144,0.020882586250051655
474,6.264471451321546,2.016651830778866,0.006500620154135901,0.006770660907695911,7.016597306168086,1.344516154836048,0.00821771056504936,0.008344817477165237,1.2239420595616564,7.5533443570117615,0.028347598774225862,-0.0011904102272498002,2.2257069600788504,1.9686130115624512,-0.0035400278999384725,-0.0019372028025226664,6.780393289384432,7.768692553035787,0.006984181464338627,0.0019948120716607475,7.471354806710442,1.718344634371392,0.009475369081361098,0.007016536817794846,1.4649926165577938,1.3415214367694943,0.002411955286488656,0.010427715284451118,1.8822788331299436,2.975491955820605,0.014817163998705345,0.02319290149163616,4.34231633857624,6.857964338656662,-0.007106454430190277,-0.03610786122971276,8.884373196299753,1.7884584331674966,-0.017091118518351614,0.009119399144104924,5.932821164577601,5.385544548831423,0.023589397015751516,0.021835439308705056,2.5860572149314143,2.315543443774197,-0.01088494800806071,0.006554821985068377,2.596111142030235,6.505375934893467,0.029078801541527963,0.015819580784249325,8.402112189444242,2.440954327712792,-0.033625731509231635,0.0008042656108730901,7.891267176692727,4.655763706839996,-0.023369016946414953,0.00023127415800332316,4.645143789803474,3.711363216821471,-0.02438480278136324,0.027039563262831537,2.6886486680988013,7.786037814228728,0.012949169413435265,-0.002405399377078384,7.448885529898241,7.978089947561834,-0.002647944070521403,-0.0014093625025169232,3.3270926582441724,3.925060662637034,-0.0033663738114690766,0.0016630790245430603,5.84150014683446,3.5591081604316193,-0.013063928467594616,0.01981031444762892
475,6.264796482329253,2.016990363824251,0.006846856460022608,0.006299467713486752,7.0170081916963385,1.3449333957099063,0.007185904578093807,0.00810305036033502,1.2253594395003677,7.553284836500399,0.027143571726505118,-0.0010793157207091223,2.2255299586838535,1.968516151422325,-0.003138403731880278,-0.0020525364805523616,6.780742498457649,7.76879229363937,0.007104185227527992,0.0020255555111014837,7.47182857516451,1.7186954612122818,0.009098811178158464,0.0062389490453471485,1.4651132143221182,1.3420428225337169,0.0040335379189927675,0.010943934903126715,1.883019691329879,2.976651600895187,0.014674932737676104,0.023235096271907008,4.34196101585473,6.856158945595176,-0.006619130174061435,-0.0355682024521922,8.883518640373836,1.788914403124702,-0.01693910016745301,0.009314052093758721,5.934000634428388,5.386636320796859,0.022522352431771073,0.021743044737769043,2.5855129675310113,2.3158711848734503,-0.010305149594746694,0.006218099264616637,2.5975650821073115,6.50616691393268,0.027153075450579232,0.013783870105526253,8.40043090286878,2.440994540993336,-0.03232114634121555,0.0004216272678006792,7.890098725845406,4.655775270547896,-0.017463321663530252,-0.0003601790916049094,4.643924549664406,3.7127151949846127,-0.02408641415376428,0.02646425295790161,2.6892961265694733,7.785917544259874,0.01164662034863228,-0.002919287277146731,7.448753132694715,7.978019479436708,-0.002061020042169049,-0.0014718388241565874,3.326924339553599,3.925143816588261,-0.0033928283318132206,0.0016468974561026292,5.8408469504110805,3.5600986761540008,-0.012895129301823212,0.018712642974641615
476,6.2651388251522535,2.017305337209925,0.00716818530787681,0.005823127696863577,7.017367486925243,1.345338548227923,0.006159349464399539,0.007846465377732642,1.226716618086693,7.553230870714364,0.025898776358041824,-0.0009680225512638482,2.2253730384972594,1.9684135245982974,-0.002733517264191219,-0.00216658172522184,6.7810977077190255,7.768893571414925,0.007213478738844431,0.002053066970019823,7.472283515723418,1.719007408664549,0.008707978799832502,0.005463259625166151,1.4653148912180678,1.3425900192788731,0.005608551097468057,0.011421179743124293,1.8837534379667626,2.9778133557087823,0.01449921434817583,0.023218253928942,4.341630059346027,6.854380535472567,-0.006126222888260322,-0.034951765491035375,8.882671685365464,1.7893801057293899,-0.016748154479031007,0.009481040221810906,5.935126752049976,5.387723473033747,0.02142301046985078,0.021598371432834666,2.584997710051274,2.316182089836681,-0.0097159103694612,0.0058736201896584395,2.5989227358798406,6.506856107437956,0.025202795508050404,0.011759503241810625,8.398814845551719,2.441015622356726,-0.03096511147362679,4.654421927789297e-05,7.889225559762229,4.655757261593316,-0.011646846220351614,-0.0009374241953679643,4.642720228956717,3.7140384076325077,-0.02373452323490187,0.025835726502437845,2.689878457586905,7.785771579896017,0.010344262086915771,-0.003414314481270655,7.448650081692606,7.9779458874955,-0.00148214925434921,-0.0015292298314989483,3.3267546981370084,3.925226161461066,-0.0034102055546200894,0.0016269627293118622,5.84020219394599,3.561034308302733,-0.012697890294027113,0.01759288750235992
477,6.265497234417647,2.0175964935947683,0.007464363793384609,0.005342947511372272,7.017675454398463,1.3457308714968097,0.005140493467102385,0.0075760373937944925,1.228011556904595,7.553182469586801,0.024617241944473844,-0.0008568134217529335,2.2252363626340497,1.9683051955120363,-0.0023266604056895804,-0.0022790132262292514,6.781458381655968,7.768996224763426,0.007312192910884018,0.0020774033147760947,7.472718914663409,1.7192805716458073,0.00830417020301931,0.004691365067876317,1.4655953187729411,1.3431610782660293,0.007134105101683982,0.01185913362486412,1.8844783986841713,2.978974268405229,0.014291201586568875,0.02314374490387135,4.3413237482016145,6.852632947198015,-0.0056290904591690715,-0.034261818947776995,8.881834277641513,1.7898541577404805,-0.016519634682400954,0.009620568516427392,5.936197902573469,5.388803391605388,0.020294846175899085,0.021402957348679245,2.584511914532801,2.3164757708461643,-0.009118761864053476,0.005522382390805011,2.600182875655243,6.507444082600047,0.02323338987545834,0.009751285874424077,8.397266589978038,2.44101794956769,-0.02956217461187467,-0.0003202158212013273,7.888643217451212,4.655710390383548,-0.005932124359093599,-0.0014993377238079408,4.641533502794972,3.7153301939576298,-0.0233312135536266,0.025156752575965922,2.6903956706912506,7.785600864171953,0.009045346230870588,-0.0038896677870986288,7.448575974229889,7.977869426003926,-0.0009125976861194421,-0.0015815064665973704,3.3265841878592775,3.925307509597532,-0.0034186662760272565,0.0016034091270505976,5.839567299431288,3.561913952677851,-0.012473344438171373,0.016454344309448657
478,6.265870452607317,2.017863640970337,0.0077352173534850415,0.004860214011276093,7.017932479071819,1.3461096733664994,0.004131710496076657,0.007292753946010461,1.2292424190018187,7.553139628915713,0.023302998950349964,-0.0007459644641016532,2.225120029613765,1.9681912448507248,-0.0019190939436372924,-0.002389500291403646,6.781823991301512,7.769100094929165,0.0074004671852087,0.00209862425684949,7.47313412317356,1.719515139899201,0.007888686874126864,0.0039251097254558165,1.4659520240280253,1.3437540349472725,0.008607498878050844,0.012257585710202645,1.8851929587634997,2.980131455650423,0.014052141108131659,0.02301305296960512,4.341042293678656,6.850919856250626,-0.005129070783584473,-0.03350174165437249,8.881008295907392,1.790335186166302,-0.01625495749448909,0.009732906003123933,5.937212644882265,5.3898735394728226,0.01914132846312154,0.021158432688045625,2.5840559764395983,2.3167518899657047,-0.008515213465307734,0.005165384344085809,2.6013445451490163,6.507931646893768,0.02125021239491095,0.007763875183117644,8.395788481247445,2.4410019387766297,-0.0281168983929823,-0.0006779232212167639,7.888346611233257,4.655635423497357,-0.00033115342881616383,-0.002044859853548491,4.64036694211729,3.716588031586428,-0.022878650306295937,0.024430163681399695,2.6908479380027943,7.785406380782598,0.007753042616009254,-0.004344601474077713,7.448530344345583,7.977790350680595,-0.0003535795339595424,-0.001628653111239597,3.326413254545476,3.9253876800538845,-0.0034183899655126967,0.0015763769580225818,5.8389436322093795,3.562736669893323,-0.012222667502976965,0.015300282477604276
479,6.266257213474991,2.0181066516709008,0.007980638665099482,0.0043761914799038855,7.018139064596623,1.3464743110638,0.0031352958656588074,0.0069976124909365426,1.2304075689493363,7.553102330692508,0.021960068926217997,-0.0006357446968372573,2.2250240749165835,1.9680717698361547,-0.0015120439302318662,-0.0024977072264235002,6.782194014660773,7.769205026142007,0.0074784490219292985,0.0021167920965839892,7.473528557517267,1.719711395385474,0.007462830202949191,0.0031662823539261413,1.4663823989719278,1.3443669142327828,0.010026222547254326,0.012616428659345542,1.8858955658189063,2.981282108298903,0.013783329137688956,0.022827768971435864,4.340785840139477,6.849244769167908,-0.004627478873741582,-0.03267501174593366,8.880195548032669,1.7908218314664581,-0.015955598149568997,0.009818383631361989,5.938169711305421,5.3909314611072245,0.017965911577723665,0.020866513750556138,2.5836302157663327,2.317010159182909,-0.007906749979952754,0.004803622216463679,2.602407055768762,6.5083198406529235,0.01925853087668859,0.005801771544407835,8.394382636327796,2.440968042615569,-0.026633848643032587,-0.0010258873966788114,7.888330053561816,4.65553318050468,0.005144623539102064,-0.00257299558573601,4.6392230096019755,3.717809539770498,-0.02237907310626446,0.023658847627757718,2.6912355901335947,7.785189150708894,0.0064704332259422695,-0.00477843764941458,7.448512665368885,7.977708918025034,0.00019374465861164356,-0.0016706673235992592,3.3262423350472003,3.925466498901786,-0.003409573897070922,0.001546012070402633,5.83833249883423,3.5635016840172034,-0.011947074130066975,0.014133936330782393
480,6.266656245408246,2.018325461244896,0.008200586400539842,0.003892118976787795,7.018295829389905,1.3468241916883468,0.002153462324761197,0.006691617687374444,1.2315055723956472,7.553070543457666,0.02059245465531345,-0.0005264155125942172,2.224948472720072,1.9679468844748336,-0.0011066986315977011,-0.002603293989430965,6.782567937111869,7.769310865746836,0.0075462938362632756,0.00213197159074198,7.473901699027414,1.7198697095031703,0.0070278982313656205,0.0024166128923710636,1.4668837100992904,1.34499773566575,0.011387959377532595,0.012935656570484356,1.8865847322757907,2.9824234967474745,0.013486107113736991,0.022589584440796832,4.34055446619579,6.847611018580611,-0.004125604084685817,-0.031785195731069874,8.879397768125191,1.7913127506480262,-0.01562308539453572,0.009877392053886285,5.939068006884307,5.391974786794752,0.016772026793302915,0.020528996704783788,2.583234878267335,2.317250340293732,-0.007294829342592916,0.004438086806792015,2.6033699823125964,6.508609929230144,0.017263515865434502,0.003869310808707998,8.393050943895645,2.4409167482457352,-0.025117582890849168,-0.0013634576597012756,7.8885872847387715,4.655404530725393,0.010484333966394388,-0.0030828157749849617,4.638104055946663,3.718992482151886,-0.021834788710468036,0.022845739066253284,2.691559111794892,7.784950228826424,0.00520050646408694,-0.005190566416682815,7.448522352601816,7.977625384658854,0.0007282696952034343,-0.0017075595478718386,3.3260718563523466,3.9255437995053057,-0.003392432255426415,0.0015124653625781187,5.837735145127727,3.5642083808337426,-0.01164781392272227,0.012958498131437046
481,6.267066274728273,2.0185200671937356,0.008395083845931444,0.0034092078075498456,7.0184035025061435,1.3471587725727154,0.001188336382721901,0.00637577872267406,1.232535195128413,7.553044222682036,0.01920413056886597,-0.0004182301962151704,2.224893137788492,1.967816719775362,-0.000704205904026346,-0.00270591719728115,6.782945251803683,7.769417464326373,0.007604164408846884,0.0021442296306963585,7.474253093938983,1.7199905401477888,0.006585182483564273,0.0016777694614700427,1.467453108068167,1.3456445184942742,0.012690587230685776,0.013215362712196333,1.8872590376314775,2.9835529759695145,0.013161857317539603,0.022300285100995198,4.340348185991556,6.846021758794058,-0.003624707468172097,-0.03083593758721287,8.878616613855463,1.7918066202507206,-0.015258996463004392,0.009910379306769069,5.939906608223972,5.393001236629991,0.01556307434954838,0.020147751300779358,2.582870136800205,2.3174722446340716,-0.006680880429477386,0.0040697605469548846,2.604233158105868,6.508803394770579,0.015270229902270045,0.001970657162539618,8.391795064751102,2.4408485753627502,-0.023572639160862777,-0.001690023947656485,7.889111501437092,4.655250389936644,0.01567769007415664,-0.0035734579705383645,4.637012316511139,3.720134769105199,-0.021248163741800878,0.02199381109971706,2.691819137118096,7.78469070050559,0.003946151788213137,-0.005580445870645828,7.448558766086576,7.97754000668146,0.001248947244233906,-0.0017393527982286175,3.3259022347395755,3.9256194227734347,-0.003367195220080333,0.0014758922922732194,5.837152754431591,3.5648563057403146,-0.011326167535236024,0.011777111046248371
482,6.26748602892057,2.018690527584113,0.008564217389186913,0.002928639120100866,7.018462919325279,1.3474775615088492,0.0002419549334216791,0.006051106687872752,1.2334954016568562,7.553023311172225,0.017799033447941395,-0.00031143347396409287,2.2248579274932907,1.9676814239154978,-0.00030567102287684124,-0.002805231355644613,6.783325460024125,7.769524675807908,0.007652230769290455,0.002153635198115538,7.474582353063161,1.7200744286208625,0.006135964883879532,0.0009513555841106202,1.4680876374297012,1.3463052866298841,0.013932179489066299,0.013455737058939302,1.8879171304973545,2.984667990224564,0.01281199849846281,0.021961744283586604,4.340166950618148,6.844479961914698,-0.0031260192568594997,-0.029830947907624628,8.877853664032314,1.792302139216059,-0.014864952041274969,0.009917848398195065,5.94068476194145,5.39400862419503,0.014342415649904454,0.0197247145401131,2.582536092778731,2.3176757326614195,-0.0060663010075401435,0.0036996146118413627,2.6049966696009816,6.508901927628706,0.013283617298521112,0.00010979658050369839,8.39061643279306,2.4407640741653673,-0.02200352506689892,-0.0020050174342635643,7.889895385940799,4.655071717038117,0.020715001444308826,-0.004044127071765488,4.635949908324049,3.721234459660185,-0.02062161742557424,0.021106066984678595,2.692016444707507,7.784411678212058,0.0027101547130759626,-0.005947601922218066,7.448621213448788,7.977453039041548,0.0017547871803006202,-0.001766082318456791,3.3257338749785714,3.9256932173880483,-0.0033341080299793473,0.0014364523853194959,5.836586446054829,3.5654451612926272,-0.010983442772630114,0.010592862392860811
483,6.267914239790029,2.0188369595401183,0.008708134884246143,0.002451561630319231,7.0184750170719505,1.3477801168432428,-0.0006837378206028323,0.005718612007134787,1.2343853533292533,7.553007739498527,0.016381053428617766,-0.0002062610942787486,2.224842643942147,1.9675411623477157,8.784510780076291e-05,-0.0029008902655935794,6.7837080715625895,7.769632357567814,0.007690669795885659,0.0021602589986574527,7.474889151307354,1.720121996400068,0.005681514767978013,0.00023890763003150267,1.4687842464041545,1.3469780734828312,0.0151110054729106,0.013657063640233204,1.8885577304222776,2.9857660774387433,0.012437981506569086,0.021575916273860747,4.340010649655305,6.842988414519317,-0.002630736482159302,-0.02877399312605808,8.87711041643025,1.7927980316359686,-0.014442611238931287,0.009900354814068492,5.9414018827239445,5.394994859922036,0.013113365731877758,0.01926188432021154,2.582232777728354,2.3178607133920117,-0.0054524557984921935,0.0033286061173484396,2.605660850465908,6.508907417457731,0.011308494435110228,-0.0017094691298876674,8.389516256539714,2.440663823293654,-0.020414707227382024,-0.0023079110238363215,7.890931136013015,4.654869510684529,0.02558718580502182,-0.004494095800535578,4.63491882745277,3.7222897630094187,-0.019957614357898744,0.020185531944766792,2.6921519524431607,7.784114298115947,0.0014951921853466755,-0.006291627957824385,7.448708952807802,7.977364734925626,0.0022448587498550693,-0.001787795218683671,3.3255671695770723,3.9257650400073145,-0.003293430031580684,0.0013943087453089328,5.836037273916197,3.5659748044122703,-0.010620970710251275,0.009408777178192312
484,6.268349646534241,2.0189595376216345,0.008827043898455938,0.0019790894799818783,7.0184408301809205,1.3480660474435995,-0.0015868931431102862,0.005379301926695591,1.2352044060006842,7.552997426443813,0.014954025326157378,-0.00010293944040063626,2.224847036197537,1.9673961178344361,0.00047532745225052305,-0.0029925486316188204,6.7840926050523835,7.769740370517747,0.007719664571546447,0.002164173339580113,7.475173227045754,1.7201339417815695,0.005223085992764355,-0.0004581075141559149,1.4695397966778,1.3476609266648427,0.016225530358436126,0.013819717714347406,1.889179629497606,2.986844873252436,0.012041284943226552,0.021144829603669073,4.339879112831197,6.841549714863014,-0.0021400207286844746,-0.027668884844261634,8.876388285868304,1.793293049376672,-0.013993666576543037,0.0098585039485496,5.942057551010539,5.395957954138047,0.011879186022676982,0.018761313069457216,2.5819601549384292,2.318027143697879,-0.0048406746508639666,0.002957675434702868,2.6062262751876633,6.5088219440012365,0.00934954060003831,-0.0034835276889705067,8.388495521178346,2.440548427742462,-0.018810601021185785,-0.00259821973008409,7.892210495303266,4.6546448058945025,0.030285778053106196,-0.0049227049934070025,4.633920946734875,3.723299039606657,-0.019258657323351195,0.019235245113391097,2.692226712052428,7.783799716718056,0.0003038283340279337,-0.006612184337735006,7.448821195745295,7.977275345164692,0.0027182915622199254,-0.0018045500906087523,3.3254024980754933,3.92583475544458,-0.003245433713067032,0.001349627565335324,5.835506225380684,3.56644524327118,-0.010240101842500321,0.008227811937908369
485,6.2687909987291635,2.0190584920956334,0.008921209850099886,0.0015123002293271513,7.018361485523765,1.3483350125399343,-0.00246576023800355,0.0050341780682495426,1.2359521072669921,7.552992279471793,0.013521720292686955,-1.6851751337658828e-06,2.2248708025701496,1.9672464904028553,0.0008558079867731632,-0.003079863753812881,6.784478588280961,7.769848579184726,0.007739404500492337,0.002165451969647156,7.475434381345392,1.7201110364058618,0.004761914150011074,-0.0011382945488137225,1.470351073195722,1.34835191255056,0.017274414608141234,0.013944162777508175,1.8897816937447673,2.9879021147326195,0.011623410840201161,0.020670580309547548,4.339772111794763,6.8401662706208,-0.001654996027841099,-0.026519469286694956,8.875688602539476,1.7937859745740996,-0.013519839002617159,0.009792948467633506,5.942651510311673,5.3968960197915194,0.010643077391876518,0.01822510138917122,2.581718121205886,2.3181750274696142,-0.004232250841064678,0.002587743619907309,2.606693752217665,6.508647767616788,0.007411289374755417,-0.0052089611112515356,8.387554991127287,2.440418516755958,-0.017195560702076017,-0.00287550094111607,7.893724784205921,4.654398670644832,0.034802937530475905,-0.005329363716955313,4.632958013868707,3.7242608018623264,-0.018527280178772587,0.018258251622937878,2.6922419034691294,7.783469107501169,-0.0008614894014711981,-0.006908997738253307,7.4489571103234065,7.977185117660162,0.0031742764074010154,-0.0018164166026890189,3.3252402263898397,3.9259022368228464,-0.003190403727437268,0.0013025776429977903,5.834994220288559,3.5668566338680754,-0.009842202269667491,0.007052848885686043
486,6.269237059221669,2.0191341071071,0.00899095404320661,0.0010522329862388486,7.018238197511865,1.3485867214433467,-0.0033186884226667,0.0046842340514479065,1.2366281932816265,7.5529921952130366,0.012087837821737894,9.729508210243986e-05,2.224913592969488,1.9670924972151647,0.001228366619403425,-0.0031624973582800144,6.784865558505985,7.769956851783208,0.007750084831067799,0.0021641698866850067,7.475672477052893,1.720054121678421,0.004299213888344724,-0.0018003316388197,1.4712147939261289,1.3490491206894355,0.018256512925707624,0.014030947419804058,1.8903628642867774,2.9889356437480967,0.011185880377393338,0.0201553251737699,4.33968936199337,6.838840297156466,-0.0011767468926971122,-0.025329616905956774,8.875012610589346,1.7942756219974814,-0.013022872951598062,0.00970438561386894,5.943183664181267,5.397807274860978,0.00940817351178937,0.017655391718218748,2.581506508663833,2.3183044146506098,-0.003628439474102841,0.0022197099718435395,2.6070643166864027,6.508387319561225,0.00549812057860451,-0.006882549878753102,8.386695213092183,2.440274741708902,-0.015573869888391042,-0.0031393545725470367,7.895464931082445,4.6541322024589835,0.03913145357577863,-0.005713549209931378,4.632031649859769,3.725173714443473,-0.017766040819500055,0.01725759485696252,2.692198828999056,7.783123657614256,-0.0019984337644179256,-0.007181860342914318,7.449115824143776,7.977094296830027,0.003612065902547016,-0.0018234750767407773,3.325080706203468,3.9259673657049965,-0.003128635907165572,0.0012533298998053638,5.834502110175076,3.5672092763123597,-0.00942864993154921,0.005886690379924504
487,6.2696866069238295,2.0191867187564116,0.009036651606860398,0.00059988667365443,7.0180722630907315,1.348820933145919,-0.0041441290021182724,0.00433045318989569,1.2372325851727135,7.552997059967142,0.010655998111830838,0.0001938050458455613,2.224975011300458,1.9669343723472505,0.0015921318365418593,-0.003240117418314833,6.785253062747539,7.770065060277543,0.0077519061845837175,0.0021604030967839875,7.47588743774731,1.71996410509648,0.003836176347844983,-0.002442972065203491,1.4721276195724142,1.3497506680604257,0.01917087274881451,0.014080702039098772,1.890922158305647,2.989943410006785,0.01073022964905521,0.019601274965612828,4.339630524648736,6.837573816311168,-0.0007063164958621028,-0.024103212161520324,8.874361466941766,1.7947608412781748,-0.01250453145434793,0.0095935544602794,5.943654072856856,5.398690044446889,0.008177534535224693,0.01705436203556717,2.5813250866901276,2.318415400149202,-0.0030304560027002896,0.0018544497213946838,2.607339222715333,6.508043192067288,0.003614252778920489,-0.008501276524289012,8.385916519597764,2.4401177739802744,-0.013949732443293034,-0.0033894231108394356,7.897421503761234,4.653846524998487,0.043264749376122576,-0.0060748066562906315,4.631143347818794,3.726036594186321,-0.016977514243762423,0.01623630888107921,2.692098907310835,7.782764564597111,-0.003104800794787312,-0.007430628888113159,7.449296427438903,7.97700312307619,0.004030974969295877,-0.0018258160474345082,3.32492427440811,3.9260300321999866,-0.0030604362730820797,0.0012020569060852456,5.8340306776784985,3.567503610831356,-0.009000830896209728,0.004732053714592786
488,6.270138439504173,2.019216713090094,0.009058729346314808,0.0001562184364190314,7.017865056640626,1.349037455805414,-0.004940636846026889,0.003973806264753658,1.237765385078305,7.553006750219434,0.009229734800117111,0.0002876590227898384,2.225054617892285,1.9667723664763348,0.0019462811527155093,-0.0033124000590031696,6.785640658056768,7.770173080432382,0.0077450741139513096,0.002154228469551482,7.476079246564702,1.71984195649322,0.0033739667111368824,-0.003065045651830633,1.4730861632098549,1.3504547031623806,0.020016732294029452,0.01409413542436161,1.8914586697880997,2.990923473755066,0.010258005487982051,0.01901068769972526,4.339595208823942,6.836368655703092,-0.00024470499171623707,-0.022844143493429885,8.873736240369048,1.7952405190011889,-0.011966591312150028,0.009461233121494926,5.944062949583618,5.399542762548667,0.006954141099294665,0.016424219615686318,2.5811735638899926,2.3185081226352717,-0.0024394748457658316,0.0014928118624988763,2.607519935354279,6.507618128241074,0.0017637363727820577,-0.010062328628989658,8.385219032975598,2.4399483028247326,-0.012327263759601494,-0.0036253915492431496,7.89958474123004,4.653542784665673,0.04719688414751849,-0.00641274879346608,4.6302944721066055,3.7268484096303753,-0.016164285730369474,0.015197411067450583,2.6919436672710955,7.782393033152705,-0.004178512564986418,-0.007655223568824753,7.449497976187368,7.976911832273818,0.004430381144619664,-0.0018235398061690266,3.3247712525944557,3.926090135045291,-0.0029861200400827653,0.001148932412458626,5.833580636133688,3.5677402135170855,-0.008560135711924866,0.003591566239944546
489,6.270591375971488,2.019224524011915,0.009057663513265693,-0.00027785781156961013,7.017618024798325,1.3492361461186515,-0.005706871671332514,0.003615249379765437,1.238226871818311,7.553021133170573,0.007812488075916651,0.0003786821376959016,2.2251519319499207,1.9666067464733847,0.0022900413497323143,-0.0033790314303189305,6.786027911762465,7.77028079185586,0.007729799315291796,0.002145723688825274,7.476247944900259,1.7196887042106284,0.002913721874476851,-0.003665459968629092,1.4740869998245563,1.3511594099335986,0.02079351816874199,0.014072031219895132,1.8919715700624988,2.991874008140052,0.009770761356813085,0.018385861928070846,4.339582973574356,6.83522644852842,0.00020713201606565386,-0.021556293511637913,8.873137910803441,1.7957135806572635,-0.011410838344871208,0.009308235930029362,5.944410656638582,5.400363973529451,0.005740888662924808,0.01576719485121358,2.5810515901477045,2.3185827632283966,-0.0018566281108456841,0.0011356171215870727,2.607608122172918,6.507115011809624,-4.955275515020866e-05,-0.011563101239762067,8.384602669787618,2.4397670332472705,-0.010710482461893973,-0.0038469872189096817,7.901944585437416,4.653222147226,0.05092255367618922,-0.006727055360571427,4.629486257820087,3.727608280183748,-0.015328944144201924,0.01414389492695996,2.691734741642846,7.782010271974264,-0.005217619538943568,-0.007855626810298293,7.449719495244599,7.97682065528351,0.004809724728137106,-0.001816755930816592,3.3246219465924516,3.926147581665914,-0.0029060106222257307,0.0010941308889074605,5.833152629348092,3.5679197918290826,-0.00810795583000662,0.0024677608178760397
490,6.271044259147152,2.0192106311213367,0.009033977502677036,-0.0007014726994495804,7.017332681214758,1.3494169085876397,-0.006441599033890443,0.0032557219012400414,1.2386174962221068,7.5530400672774585,0.006407598182820907,0.000466710527172342,2.2252664340174073,1.9664377949018688,0.0026226885763774195,-0.003439709583574053,6.78641440172823,7.770388078040301,0.007706296683119316,0.0021349669081821305,7.476393630993983,1.719505431212197,0.002456548241955476,-0.004243201313378011,1.4751266757329933,1.3518630114945933,0.021500842565851642,0.014015244281979413,1.8924601081303394,2.9927933012364556,0.00927005331520339,0.017729130081458492,4.33959333017516,6.8341486338528386,0.0006482848611322942,-0.020243529420657148,8.872567368886198,1.796178992453765,-0.010839062723494011,0.009135410585546705,5.944697701071728,5.401152333272012,0.004540582184715976,0.015085535156813455,2.5809587587421623,2.318639544084476,-0.0012830044255227296,0.0007836560889974498,2.6076056445351603,6.506536856747636,-0.001821918995816123,-0.01300119871369269,8.384067145664524,2.439574683886325,-0.009103302537230136,-0.004053979517961445,7.904490713121225,4.652885794457971,0.054437089256274364,-0.007017472391515494,4.628719810612877,3.728315474930096,-0.01447407538336264,0.013078723162312981,2.6914738606658988,7.781617490633749,-0.006220302557139321,-0.008031881911812932,7.449959981481006,7.976729817486969,0.0051685087692050725,-0.0018055828028325667,3.32447664606134,3.926202288210359,-0.0028204386397149154,0.001037827072413918,5.832747231556592,3.5680431798699765,-0.007645680105856512,0.0013630716157593907
491,6.271495958022285,2.0191755574863643,0.008988239483569926,-0.001113802570603631,7.017010601263063,1.3495796946827017,-0.007143691033206083,0.0028961444862283686,1.238937876131248,7.553063402803817,0.005018299316862763,0.00055159150156762,2.225397568446226,1.9662658094226901,0.0029435482933887333,-0.003494146306841603,6.786799716562386,7.77049482638571,0.007674785385434601,0.0021220367526279624,7.476516458406081,1.719293271146528,0.0020035196455609403,-0.0047973354745866345,1.4762017178612858,1.3525637737086922,0.022138500057611706,0.013924696939461852,1.8929236107960996,2.9936797577405283,0.008757436071241909,0.017042851876191263,4.339625744418217,6.833136457381806,0.0010778910550320877,-0.01890969369817182,8.872025415750024,1.7966357629830423,-0.010253054396789082,0.008943635284851039,5.944924730180964,5.401906610029853,0.0033559311468050537,0.01438149896764528,2.5808946085208864,2.3186787268889257,-0.0007196478598175364,0.0004376874952808638,2.6075145485853697,6.505886796811952,-0.0035498521985775078,-0.014374435997675643,8.383611980537662,2.439371984910427,-0.007509525904528173,-0.004246179541489628,7.907212567584039,4.652534920838395,0.057736455062666926,-0.007283811358284514,4.6279961068437085,3.7289694110882117,-0.013602255981183817,0.012004820954464769,2.6911628455380416,7.781215896538159,-0.007184874451032814,-0.00818409156876397,7.450218406919466,7.976639538346828,0.005506298897426016,-0.0017901471132211056,3.3243356241293545,3.92625417956398,-0.002729740930211301,0.0009801955241104555,5.832364947551299,3.5681113334507644,-0.007174691385235158,0.0002798302416509601
492,6.271945369996464,2.0191198673578343,0.008921059971183807,-0.001514070513230213,7.016653416711403,1.349724501907013,-0.007812126734954093,0.0025374172018388912,1.2391887910970911,7.553090982378896,0.0036477139270965154,0.0006331836752850982,2.2255447458608955,1.9660911021073482,0.0032519950416779395,-0.0035420688743376763,6.7871834558316575,7.770600928223342,0.00763548831302271,0.0021070120914787123,7.4766166343883596,1.7190534043727987,0.0015556753934713621,-0.005327008278481602,1.4773086428641664,1.3532600085556652,0.02270646400566314,0.013801375169802288,1.8933614825996616,2.994531900334338,0.008234459125091454,0.01632940780085208,4.339679638970968,6.832190972696897,0.0014951363819315474,-0.017558595045196992,8.871512763030184,1.797082944747285,-0.009654598621443048,0.0087338158402089,5.945092526738304,5.402625684978235,0.0021895449293801213,0.01365734984531429,2.5808586261278954,2.3187006112636896,-0.00016755694215472828,9.843664659552569e-05,2.607337055975441,6.505168075012068,-0.005230032273780327,-0.01568083935277481,8.383236504242435,2.4391596759333525,-0.005932835431300657,-0.004423439615634715,7.910099390337172,4.6521707302704804,0.060817244000758997,-0.007525948169905516,4.6273159940446495,3.7295696521359347,-0.012716046875601062,0.010925069493906975,2.69080360181549,7.780806691959721,-0.008109781291186113,-0.008312416279511702,7.450493721864337,7.9765500309911666,0.00582272300051843,-0.0017705833588428626,3.324199137082844,3.926303189340185,-0.00263425956684599,0.0009214101968335438,5.832006212982037,3.568125324962847,-0.00669636318236468,-0.0007797377771441509
493,6.272391422995024,2.019044163832173,0.008833089347898395,-0.0019015472508646296,7.016262810374656,1.3498513727671049,-0.008445992316575387,0.002180417738343585,1.2393711767934459,7.55312264156266,0.002298847423782265,0.0007113570659056985,2.2257073456129794,1.9659139986636314,0.0035474521385842257,-0.0035832217243051017,6.787565230247309,7.770706278827916,0.007588631696685194,0.002089971885611776,7.476694418158033,1.7187870539588748,0.0011140184485701086,-0.005831445923592728,1.4784439660644495,1.3539500773141553,0.02320488260486926,0.013646324702035561,1.8937732055559162,2.9953483707243804,0.007702663012416659,0.015591192697705888,4.339754395790065,6.831313042944637,0.0018992558480209563,-0.01619399962430109,8.871030033099112,1.7975196355392953,-0.009045471604488686,0.008506882793470684,5.9452020039847735,5.4033085524705005,0.0010439285395237954,0.012915350703622484,2.580850248280788,2.3187055330960193,0.0003723162144131572,-0.0002334059780574503,2.607075554361752,6.504384033044429,-0.00685933321660664,-0.016918646534002307,8.38293986247087,2.4389385039525706,-0.004376788405142464,-0.00458565273907245,7.91314025253721,4.651794432861985,0.0636766720777421,-0.007743822032840263,4.62668019170087,3.73011590561063,-0.011817987357704925,0.009842299767476975,2.690398112750931,7.780391071145745,-0.008993603274208006,-0.008417072643568837,7.450784858014363,7.976461501823224,0.006117470753789968,-0.001747033330541001,3.3240674241045016,3.926349259850027,-0.002534340885239283,0.0008616440139282866,5.831671394822919,3.56808633807399,-0.006212056456102878,-0.0018135161710735191
494,6.272833077462419,2.0189490864696293,0.008725015340267143,-0.0022755518937751084,7.015840510758827,1.349960393654022,-0.00904448094181878,0.0018259997184310673,1.239486119164635,7.5531582094159555,0.0009745832982331331,0.0007859931625725661,2.2258847182199086,1.9657348375774162,0.003829391263579216,-0.0036173680888612696,6.787944661832143,7.770810777422197,0.007534445032463744,0.002070995116578313,7.476750119080461,1.7184954816626952,0.000679513738807723,-0.006309955106879876,1.479604210194693,1.354632393549257,0.02363407457908107,0.013460647058038499,1.894158338706537,2.9961279303592656,0.007163575654746005,0.014830609452636232,4.339849358582466,6.830503342963421,0.002289534486503287,-0.014819622601314583,8.870577759518888,1.7979449796789688,-0.008427436266404588,0.008263788533300405,5.94525420041175,5.403954320005681,-7.85213029095796e-05,0.01215775816585968,2.5808688640915083,2.3186938627971165,0.0008990667131428704,-0.0005571859688836783,2.6067325877009218,6.503538100717729,-0.008434826555177851,-0.018086306437317186,8.382721023050614,2.438709221315617,-0.0028448104660600063,-0.004732751935385149,7.916324086141097,4.651407241760343,0.06631257134279872,-0.007937434178776875,4.626089292332985,3.730608020599004,-0.010910589210567203,0.008759286610472955,2.6899484325872205,7.779970217513567,-0.009835055254426388,-0.008498331557825763,7.4510907315520525,7.976374150156698,0.006390293005728408,-0.0017196455945495753,3.3239407070602396,3.926392342050723,-0.0024303345217556306,0.0008010684601035742,5.8313607920001145,3.567995662265436,-0.005723116490041729,-0.002819500760711789
495,6.273269328229432,2.0188353088749404,0.008597560459456909,-0.002635452552485653,7.015388286711736,1.3500516936399436,-0.009606892370639662,0.0014749911046705011,1.2395348483295465,7.553197509074084,-0.000322321342736722,0.0008569849641579868,2.2260761877830877,1.965553969172973,0.004097331947064671,-0.0036442914403735133,6.788321384083766,7.770914327178025,0.007473160629793314,0.00205016063286068,7.476784094767401,1.7181799839073513,0.0002530866006679852,-0.0067619229457758665,1.480785913923647,1.3553054259021589,0.023994524547425414,0.013245495543386276,1.8945165174892744,2.9968694608318973,0.006618708823486075,0.014050062806949058,4.339963835306791,6.829762361833356,0.002665308019403501,-0.013439120004841962,8.870156387705567,1.7983581691056338,-0.0078022381327613735,0.008005504422650706,5.945250274346604,5.404562207913974,-0.0011755197206309294,0.011386817064781908,2.5809138174271653,2.3186660034986724,0.0014118375710492096,-0.0008722860666193328,2.606310846373163,6.502633785395863,-0.009953784227243266,-0.019182478226714178,8.382578782527311,2.438472583718848,-0.0013401900044417974,-0.004864709519942359,7.919639714708238,4.651010370051404,0.06872338144603457,-0.008106846465982974,4.625543762872456,3.7310459849295277,-0.009996331048713676,0.007678743032975341,2.689456679824499,7.779545300935675,-0.01063298692695379,-0.008556516317617347,7.451410246202339,7.97628816787697,0.006641001024483923,-0.0016885749686315983,3.323819190334152,3.9264323954737286,-0.002322592465145968,0.0007398531850896663,5.831074636175613,3.5678546872274004,-0.0052308698819918675,-0.0037958019451814168
496,6.273699206252405,2.0187035362473162,0.008451479412316278,-0.0029806668149939897,7.0149079420932035,1.350125443195177,-0.010132632311385462,0.0011281927069578743,1.2395187322624097,7.5532403583222925,-0.0015892398259279112,0.0009242369877973392,2.2262810543804408,1.9653717546009544,0.004350840977703614,-0.003663796908336656,6.788695042115256,7.771016835209669,0.007405013195711517,0.0020275470161707195,7.476796749097435,1.7178418877600625,-0.00016437864336527416,-0.007186816700932262,1.4819856401510183,1.3559677006793283,0.024286878080113445,0.013002071198955268,1.8948474529304487,2.997571963972245,0.006069554723870776,0.013251953303772478,4.340097100707761,6.829090405833114,0.0030259633777649664,-0.012056080916777878,8.869766275798929,1.7987584443267663,-0.007171601361793199,0.0077330179434339985,5.945191498360572,5.405131548767214,-0.0022448968746519513,0.010604755095816423,2.5809844093057177,2.3186223891953412,0.0019098203292515702,-0.0011781270806546999,2.605813157161801,6.501674661484528,-0.011413680891119098,-0.020206029955282957,8.382511773027089,2.4382293482428508,0.00013392697180110197,-0.004981536285047174,7.923075883780539,4.650605027728105,0.07090813986833251,-0.008252179860561964,4.62504394632002,3.7314299220811766,-0.009077652867880062,0.006603314828388984,2.6889250304781513,7.7791174751197945,-0.011386382669531944,-0.008592000629519564,7.451742296253562,7.976203739128539,0.006869465610256244,-0.0016539819943752095,3.3237030607108946,3.926469388132983,-0.00221146812364716,0.0006781656208008365,5.830813092681513,3.5676648971301415,-0.004736621647918165,-0.00474064684813752
497,6.2741217802230205,2.0185545029065666,0.008287556490205513,-0.0033106620895584074,7.014401310477634,1.350181852830525,-0.010621211522685995,0.0007863767914263917,1.2394392702711132,7.553286570171682,-0.0028236795436824805,0.000987665248435293,2.226498596429326,1.9651885647555376,0.0045895317537229755,-0.003675712496148497,6.7890652927750414,7.771118212560477,0.007330239839120086,0.002003232553108196,7.476788530165266,1.717482546925016,-0.0005720399727993827,-0.007584183304845311,1.483199984055024,1.356617804239276,0.02451193646311571,0.012731618724276564,1.895150930666642,2.9982345616374335,0.005517582704687147,0.012438671381157933,4.34024839887665,6.828487601787275,0.003370939082118872,-0.010674020005903288,8.869407695730839,1.799145095223938,-0.0065372249147673265,0.007447329865141083,5.945079253516839,5.405661786522004,-0.0032846008005208488,0.009813777633413102,2.5810799003221803,2.3185634828413084,0.002392255581337351,-0.0014741686513548252,2.605242473117245,6.5006643599867635,-0.012812195677829935,-0.02115603669507075,8.382518469375679,2.4379802714285983,0.00157454149864905,-0.005083280607224512,7.926621290773956,4.6501924187350765,0.07286647087645792,-0.008373612804111518,4.624590063676626,3.7317600878225963,-0.00815695081394549,0.0055355754713348375,2.6883557113446748,7.778687875088319,-0.01209436105122825,-0.008605206542830188,7.452085769534075,7.97612104002882,0.007075616078823065,-0.0016160324070536494,3.3235924873047122,3.926503296414023,-0.0020973154095229605,0.0006161706126565025,5.830576261599117,3.5674278647877347,-0.004241652444991326,-0.005652381123656773
498,6.274536158047531,2.0183889698020887,0.008106602942616746,-0.0036249558152212312,7.0138702499015,1.3502211716700963,-0.01107224467292555,0.0004502857920158002,1.2392980862939291,7.553335953434104,-0.004023285168928361,0.0010471972100878078,2.226728073017012,1.9650047791307301,0.004813063544726476,-0.0036798901868171,6.7894318047669975,7.771218374188132,0.00724907918515892,0.0019772949696964305,7.476759928166627,1.7171033377597735,-0.0009690988223892073,-0.007953648701908202,1.4844255808781799,1.35725438517549,0.02467065119134263,0.01243542238346744,1.8954268098018765,2.9988564952064913,0.004964236099173437,0.011612591623349322,4.340416945830755,6.82795390078698,0.003699725485419506,-0.009296370415508633,8.8690808344851,1.7995174617171952,-0.0059007788755126075,0.007149451443946905,5.944915023476813,5.406152475403675,-0.004292699886056398,0.009016062719830343,2.581199513101247,2.3184897744087407,0.002858433408888795,-0.0017599098458742897,2.6046018633333534,6.49960655815201,-0.014147213392645209,-0.022031778191475625,8.382597196450611,2.437726107398237,0.0029788058448962846,-0.005170027480634794,7.930264614317779,4.649773738094871,0.07459857325970937,-0.008471379474420917,4.624182216135929,3.732036866596163,-0.007236572179189575,0.004478021311136063,2.6877509932921133,7.778257614761177,-0.01275617401670832,-0.008596602306734265,7.452439550338016,7.976040238408467,0.007259439121650089,-0.0015748966044292045,3.323487621534236,3.926534104944656,-0.0019804878429427472,0.0005540300656637827,5.830364178976867,3.567145245731552,-0.0037472159180178626,-0.006529470425167706
499,6.274941488194662,2.0182077220113275,0.007909454342492175,-0.003923115542518591,7.013316637667854,1.3502436859596971,-0.01148544896560242,0.00012063112561190787,1.2390969220354826,7.553388313294608,-0.005185841454683889,0.0011027717095779327,2.2269687261942486,1.9648207846213892,0.005021140746901672,-0.0036762069387142457,6.789794258726255,7.771317238936617,0.007161771787604772,0.0019498114814369236,7.4767114732255076,1.7167056553246782,-0.0013548011008072992,-0.008294917005782403,1.485659113437747,1.3578761562946633,0.024764118210206087,0.01211480190436785,1.8956750216068352,2.999437124787659,0.004410929202035849,0.010776067181033034,4.340601932105026,6.827489082266204,0.004011864880932348,-0.007926477014859093,8.868785795541324,1.7998749342893925,-0.005263900924952306,0.006840401658619725,5.94470038848251,5.4066032785396665,-0.00526738499245226,0.008213756235003606,2.5813424347716913,2.318401778916447,0.0033076937304258266,-0.002034889601517852,2.6038945026637212,6.498504969242436,-0.015416825175395523,-0.0228327360587327,8.382746136742856,2.4374676060242053,0.004344027228740735,-0.005241897480691755,7.933994542980765,4.64935016912115,0.07610520690618836,-0.008545767945962315,4.62382038752697,3.73226076766172,-0.0063188106332676955,0.0034330670662639116,2.687113184591278,7.77782778464584,-0.013371205755423317,-0.008566700160183651,7.452802522294099,7.975961493578246,0.007420977548209381,-0.0015307491158527285,3.323388597142089,3.926561806447939,-0.0018613376770032354,0.0004919026058142377,5.830176818180966,3.5668187722102935,-0.003254536173106245,-0.007370501541331732
500,6.275336960911786,2.0180115662342017,0.007696967950014182,-0.0042047588870954555,7.012742365219574,1.3502497175159778,-0.011860642539280066,-0.00020190788861193076,1.2388376299627484,7.553443451880087,-0.006309275620373203,0.0011543388535555932,2.2272197832315936,1.9646369742744534,0.005213512057866661,-0.003664565485675691,6.790152347315636,7.771414729510689,0.007068559164735781,0.001920858644718995,7.476643733170468,1.716290909474389,-0.0017284380752089863,-0.008607769480304983,1.4868973193482573,1.3584818963898817,0.0247935719256196,0.011771108381287079,1.895895568066937,2.99997592814671,0.0038590443870787656,0.009931424370716282,4.340802525349073,6.8270927584154615,0.004306951477843815,-0.0065675900231870095,8.868522600495076,1.8002169543723234,-0.004628192975967228,0.006521204489315859,5.944437019232888,5.407013966351417,-0.006206971221473072,0.0074089672554979715,2.5815078194582126,2.3183000344363713,0.0037394265663184133,-0.002298687018045426,2.6031236614049513,6.4973633324395,-0.01661932863009547,-0.023558590533829655,8.382963338104293,2.4372055111501707,0.005667671063376813,-0.005299045662045707,7.937799803326074,4.648922880723852,0.0773876782783561,-0.008597118257029123,4.623504446995306,3.7324324210150333,-0.00540590169554591,0.0024030416242357185,2.686444624303507,7.777399449637831,-0.013938971265628666,-0.008516054061529957,7.45317357117151,7.975884956122453,0.007560328916300556,-0.0014837680729795771,3.323295530258239,3.9265864015782297,-0.0017402150456048591,0.00042994325729676924,5.830014091372311,3.566450247133227,-0.002764805382022364,-0.008174183203528734
501,6.275721809309287,2.017801328289847,0.007470020081491925,-0.004469553359201612,7.01214933309261,1.3502396221215471,-0.01219774265120176,-0.000516685005294206,1.2385221661817296,7.5535011688227645,-0.007391659328283573,0.0012018598896598727,2.2274804588344868,1.9644537460001696,0.005389969629031113,-0.003644895007855829,6.790505775273872,7.771510772442925,0.006969684077218517,0.0018905122497078041,7.476557311266707,1.7158605210003737,-0.0020893471224986337,-0.008892063350450037,1.4881369979445382,1.359070451808946,0.02476037900262226,0.011405720191522407,1.896088520286291,3.000472499365246,0.003309929369490523,0.009080957462704877,4.341017872922965,6.826764378914302,0.004584631247630179,-0.005222859013769582,8.868291190846278,1.8005430145967891,-0.0039952179733943795,0.006192886245098042,5.944126670671814,5.407384414714191,-0.007109899332287247,0.006603763609892465,2.5816947907865284,2.318185100085469,0.004153072225253531,-0.0025509214959800186,2.6022926949734466,6.4961854029128085,-0.017753227435489426,-0.024209216806902377,8.383246721657462,2.4369405588670685,0.006947363734075141,-0.005341660395164079,7.941669187239992,4.648493024811001,0.07844782484895417,-0.008625820390454349,4.623234151910529,3.732552573096245,-0.004500018454683983,0.0013901841505925725,2.6857476757402257,7.776973646934755,-0.014459114623690334,-0.008445257364942145,7.453551587617325,7.975810767718804,0.007677644056318907,-0.0014341346833886184,3.323208519505959,3.9266078987410946,-0.0016174671357989355,0.00036830313597770615,5.82987585110321,3.5660415379730503,-0.0022791815202828055,-0.008939346570317478
502,6.276095310313361,2.017577850621887,0.007229503489807671,-0.004717216072287369,7.01153944596005,1.3502137878712823,-0.012496763653977231,-0.0008230879243378922,1.2381525832153155,7.553561261817247,-0.008431210254445246,0.0012453070527276631,2.2277499573159383,1.964271501249777,0.0055503481820798955,-0.0036171516623165847,6.790854259477733,7.771605298055411,0.0068653898782183405,0.0018588473282837774,7.476452843910582,1.7154159178328512,-0.0024369123484180195,-0.009147730450140699,1.4893750168946693,1.3596407378185222,0.024666031972885808,0.011020038935548636,1.8962540167547655,3.000926547238381,0.002764894616374286,0.008226923666466974,4.341247104485347,6.826503235963614,0.004844601644477275,-0.003895327304529637,8.868091429947608,1.8008526589090441,-0.003366496863445959,0.005856472945762387,5.9437711757052,5.407714602894686,-0.007974736812277365,0.005800167637288363,2.581902444397791,2.31805755401067,0.004548121394561991,-0.002791252733669823,2.6014050336016723,6.494974942072464,-0.018817230449173293,-0.02478468094681371,8.383594089844166,2.4366734758473103,0.008180894910347547,-0.005369962145799382,7.945591578482439,4.648061733791478,0.07928799855959141,-0.008632312174901381,4.623009150987794,3.732622082303775,-0.0036032675406047292,0.0003966405097299067,2.685024720009041,7.776551384066507,-0.014931406969636397,-0.008354940450615212,7.4539354698201405,7.975739060984635,0.007773125495546053,-0.001382032708354993,3.323127646149169,3.9266263138978936,-0.0014934373861241537,0.0003071291595483734,5.829761892027196,3.5655945706445347,-0.0017987862416316734,-0.009664945394927677
503,6.276456785487852,2.0173419898182727,0.0069763247627118025,-0.004947513334147984,7.010914607777352,1.3501726334750654,-0.012757814775055307,-0.0011205390578922455,1.2377310227025933,7.553623527169884,-0.009426293259132171,0.0012846633869946222,2.2280274747250424,1.964090643666661,0.005694524094312749,-0.0035813189540378986,6.791197528971644,7.771698240421824,0.00675592017970793,0.0018259379462339477,7.476330998293162,1.7149585313103441,-0.0027705650758831813,-0.00937477571396297,1.4906083184933137,1.3601917397652996,0.024512142671386215,0.010615485410495399,1.8963922614855842,3.0013378934217045,0.002225210908662229,0.00737153832147826,4.34148933456757,6.826308469598387,0.005086611203284106,-0.0025879267404862565,8.867923105104436,1.8011454825563322,-0.0027435057363127202,0.005512987763297374,5.943372438864586,5.40800461127655,-0.008800178606937019,0.005000152154974652,2.582129850467519,2.3179179913739865,0.004924115163454686,-0.0030193805882250545,2.6004641720792137,6.493735708025123,-0.01981025031892635,-0.025285235441210016,8.384003134589683,2.4364049777400205,0.009366219397877948,-0.005384202201680893,7.949555978410419,4.647630118182732,0.07991104836534035,-0.008617077113761088,4.622828987610764,3.7326419143292613,-0.002717685353240744,-0.0005755400004876821,2.6842781496605594,7.776133637043976,-0.01535574422037458,-0.008245768315734073,7.454324126094918,7.975669959349217,0.007847025788651723,-0.0013276479459887523,3.3230529742798627,3.926641670355871,-0.0013684647123517377,0.00024656377468982335,5.829671952715114,3.565111323374788,-0.001324702891146121,-0.010350055882496836
504,6.276805601725988,2.0170946141515653,0.006711401745068796,-0.005160260124281377,7.0102767170385984,1.3501166065221708,-0.012981097708971505,-0.0014084961932968963,1.2372597080396366,7.553687760339233,-0.010375421163065812,0.0013199225452730807,2.228312200929758,1.963911577718959,0.005822414477089185,-0.0035374079408610156,6.791535324980629,7.771789537319136,0.00664151877257828,0.001791857215015273,7.476192470039368,1.714489792524646,-0.0030897842042906854,-0.009573275520064333,1.4918339256268829,1.3607225140358243,0.024300435522491892,0.010193495626229624,1.8965035220310174,3.0017064703377785,0.0016921070571020384,0.006516970300948089,4.341743665127734,6.826179073261363,0.005310459019009587,-0.0013034728722826172,8.867785929817622,1.801421131944497,-0.0021276731451992416,0.00516344852802958,5.942932429934239,5.408254618884299,-0.009585047514699482,0.0042056366406255504,2.582376056225692,2.317767022344575,0.005280644940653208,-0.003235044792278256,2.5994736595632673,6.492471446253062,-0.020731401615812647,-0.025711314370879382,8.384471445559576,2.4361357676299367,0.010501458535944242,-0.005384661350800876,7.953551530828686,4.647199264327044,0.0803203019295466,-0.008580642148712044,4.622693103343102,3.732613137329237,-0.0018452345517093378,-0.001524407599224145,2.6835103624495407,7.775721348628189,-0.015732144522420225,-0.008118438133098434,7.454716477384351,7.975603576951918,0.007899645760690866,-0.0012711677209107587,3.3229845510442453,3.926653998544605,-0.0012428827619583272,0.00018674470155387535,5.829605717570557,3.5645938205806633,-0.0008579746588186347,-0.010993876244389444
505,6.277141171813241,2.0168366011453513,0.006435660990960088,-0.005355319461326064,7.00962766215315,1.350046181712506,-0.013166904032602138,-0.0016864530526716987,1.2367409369814832,7.553753756466497,-0.011277255136253276,0.001351088566127094,2.2286033216536123,1.963734707321916,0.005933976199454453,-0.0034854572817480446,6.791867400919258,7.771879130179887,0.006522429296980875,0.0017566772250727264,7.476037980829153,1.7140111287486428,-0.0033940964417982903,-0.009743375891728256,1.4930489474030075,1.361232188817136,0.02403274069564147,0.009755516873044257,1.8965881273838725,3.0020323188528257,0.0011667677745591928,0.005665337635127474,4.342009188078685,6.826113899617749,0.005515994111333727,-4.466053393287336e-05,8.867679546160362,1.8016793043708985,-0.0015203776045228552,0.00480886530423524,5.942453177558504,5.40846490071633,-0.010328294253250561,0.003418483633747751,2.5826400884727247,2.317605270104961,0.00561735231046639,-0.003438024552124659,2.5984370894824766,6.491185880534518,-0.021579998504479468,-0.026063528238703972,8.384996518486373,2.4358665345623964,0.011584901147064225,-0.005371648515688667,7.957567545925163,4.646770232219609,0.08051954653373432,-0.008523575365004822,4.622600841615516,3.7325369169492757,-0.0009878008068331177,-0.0024481146579909845,2.6827237552234195,7.7753154267215345,-0.016060745456363792,-0.007973676784239329,7.455111459672386,7.975540018565872,0.00793133266895739,-0.001212780381594762,3.322922406906147,3.9266633357796827,-0.001117019198543882,0.00012780469580961048,5.829562818837616,3.5640441267684437,-0.00039960287507146043,-0.011595725957528492
506,6.27746295486279,2.016568835172285,0.006150035251341417,-0.005532601664633935,7.00896931695152,1.3499618590598723,-0.013315612453869589,-0.0019539397500788914,1.2361770742246705,7.553821310894803,-0.012130604707203388,0.0013781756300965799,2.228900020463585,1.9635604344578286,0.006029204927600963,-0.0034255331874246064,6.792193522384107,7.77196696404114,0.006398895052538374,0.0017204690137417292,7.475868276007063,1.7135239599540564,-0.0036830764128574665,-0.009885290565300419,1.4942505844377896,1.361719964660788,0.023710987150656074,0.009303003849622946,1.8966464657726005,3.002315585734582,0.0006503317064371608,0.004818703360200014,4.342284987784252,6.826111666591052,0.005703114678802226,0.0011859401781388447,8.867603527280137,1.8019197476361102,-0.0009229452695004056,0.004450238039715685,5.941936762845842,5.408635824898018,-0.01102899720455112,0.0026404953604403196,2.5829209560882482,2.3174333688773547,0.005933928783626576,-0.003628138014150573,2.5973580895572526,6.489882704122583,-0.022355551966890087,-0.02634265847390574,8.385575763543727,2.435597952136612,0.012615004046566373,-0.005345499348077251,7.9615935232518495,4.646344053451359,0.0805130092679935,-0.008446483645518511,4.622551451575174,3.7324145112163762,-0.00014718981919951274,-0.0033449180212905853,2.6819207179506015,7.774916742882323,-0.01634180100565271,-0.007812238373768963,7.455508026305834,7.975479379546792,0.007942478290115506,-0.0011526748064593767,3.32286655594622,3.9266697260144734,-0.0009911950173098914,6.987132845507389e-05,5.829542838693862,3.5634643404705675,4.945455072908722e-05,-0.012155044737228084
507,6.2777704566253565,2.0162922050890533,0.005855461002735797,-0.005692063514205793,7.008303536328826,1.3498641620723684,-0.013427685904523833,-0.0022105231474192195,1.2355705439893103,7.553890219676308,-0.012934427401039108,0.0014012077960515077,2.229201480709965,1.9633891577984572,0.006108134134950176,-0.0033577291518825567,6.792513467136733,7.772052987491827,0.006271158461674376,0.0016833024332526894,7.475684122186419,1.7130296954257913,-0.003956346643535657,-0.009999298932303956,1.4954361337953224,1.362185114853269,0.02333719559255621,0.008837414859604561,1.8966789823579224,3.002556520902592,0.0001438896205817776,0.003979071598057925,4.342570143518192,6.826170963599958,0.005871767246805668,0.002385887523743614,8.867557380016661,1.802142259538096,-0.00033664779884224976,0.004088554293548536,5.941385312985614,5.40876784966604,-0.011686361846436032,0.001873410584881204,2.5832176525274297,2.3172519619766474,0.006230115500043253,-0.003805241637915323,2.596240311958908,6.488565571198888,-0.023057766596479234,-0.026549651632630716,8.386206513746055,2.435330677169208,0.013590392120713264,-0.005306574788366889,7.9656191737152495,4.645921729269083,0.08030533656756186,-0.008350010280606857,4.6225440920842145,3.7322472653153116,0.0006748753957603516,-0.004213181013862723,2.6811036279003186,7.774526130963634,-0.016575678302568505,-0.007634901731599776,7.45590515022034,7.975421745806469,0.007933516939072268,-0.001091039919748385,3.3228169961953546,3.926673219580896,-0.0008657238926103952,1.3066783544867999e-05,5.829545311421398,3.562856588233706,0.0004882845480723064,-0.012671391232541376
508,6.278063229675493,2.016007601913343,0.005552876022216973,-0.005833707313376767,7.0076321520336,1.3497536359149973,-0.013503668487777055,-0.002455807110450842,1.2349238226192583,7.553960280066111,-0.013687828015760928,0.0014202187187823177,2.2295068874167123,1.9632212713408632,0.006170834086095981,-0.003282165613296435,6.792827025059817,7.77213715261349,0.0061394611260281425,0.001645246186850746,7.475486304854242,1.712529730479176,-0.004213577427414729,-0.010085743863719151,1.49660299357495,1.3626269855962494,0.022913471355532206,0.008360208084712583,1.8966861768389516,3.0027554744824947,-0.00035151724239331525,0.003148383871568892,4.3428637318805325,6.8262902579761455,0.006021945713912009,0.0035528713352629337,8.867540547626719,1.8023466872527734,0.00023729959822322232,0.0037247870459362724,5.940800994893292,5.408861520195284,-0.012299719879262426,0.0011189016903099614,2.583529158302432,2.3170616998947517,0.006505702805481068,-0.003969229431911244,2.595087423629084,6.487238088617256,-0.023686536980411423,-0.026685613316202797,8.386886033352091,2.4350653484297893,0.014509857982890085,-0.005255259594279087,7.9696344405436275,4.645504228755052,0.07990157316147102,-0.00823483254070419,4.622577835854003,3.7320366062646184,0.0014767569548942072,-0.0050513751365673255,2.68027484398519,7.7741443858770545,-0.016762854164547262,-0.007442467909550394,7.4563018260672935,7.975367193810482,0.007904923426079824,-0.0010280642181890026,3.322773710000724,3.9266738729200736,-0.0007409115584851164,-4.249232606372366e-05,5.829569725648802,3.5622230186720794,0.0009160201591051197,-0.01314444145362877
509,6.278340873476604,2.015715916547674,0.005243217013704282,-0.005957579858782944,7.006956968609211,1.3496308455594748,-0.013544182291687627,-0.002689432666538121,1.2342394312184701,7.55403129100205,-0.014390057546612099,0.001435251348954732,2.2298154291210173,1.9630571630601983,0.006217410820090773,-0.0031989894098217748,6.793133998116119,7.772219414922832,0.006004043413579481,0.0016063677389211465,7.475275625982872,1.71202544328599,-0.004454486575087971,-0.010145029424518202,1.4977486671427267,1.3630449960004851,0.022441997235452413,0.00787283794204389,1.8966686009768319,3.002912893676073,-0.0008348986578454882,0.0023285156592469476,4.343164829166228,6.826467901542909,0.006153690301223679,0.004684715832684911,8.86755241260663,1.8025329266050703,0.0007977399298591738,0.003359892593780449,5.940186008899328,5.408917465279799,-0.01286852805665205,0.00037857199164078724,2.583854443442706,2.316863238423156,0.006760529772932841,-0.004120032111532308,2.5939030967800636,6.485903807951446,-0.02424194368825412,-0.026751801828604007,8.387611526251236,2.4348025854500754,0.01537236121821067,-0.005191960843072553,7.973629519201701,4.645092487128017,0.07930714049911355,-0.008101659218597552,4.622651673701747,3.73178403750779,0.0022569042865603086,-0.005858081453669653,2.6794367012769627,7.773772262481577,-0.01690391143422012,-0.007235757678723248,7.4566970722385975,7.975315790599573,0.0078572109585645,-0.0009639353093692481,3.3227366644228,3.9266717483037703,-0.0006170552229814467,-9.669512489097181e-05,5.829615526656757,3.561565796599398,0.0013318416684919483,-0.013573986941107638
510,6.278603034327289,2.015418037554735,0.004927417290348872,-0.006063771322270521,7.0062797594946264,1.3494963739261479,-0.013549924079280996,-0.0029110780659470908,1.2335199283411395,7.554103053569498,-0.015040511769152583,0.0014463576165758651,2.2301262996620217,1.9628972135897071,0.0062480051190573,-0.0031083731823450494,6.793434200286797,7.772299733309778,0.005865144225675255,0.0015667333016198422,7.475052901654117,1.7115181918147642,-0.004678839050500846,-0.010177618486637978,1.4988707670044994,1.3634386378975873,0.021925026289985786,0.007376751532730127,1.8966268560439397,3.0030293194590354,-0.0013053167448053718,0.001521273192554139,4.343472513681289,6.826702137334543,0.006267086409567787,0.0057793820393331734,8.867592299603123,1.8027009212347593,0.001343576004208698,0.002994808535313677,5.939542582496496,5.408936393879381,-0.013392366729908761,-0.00034604671878741904,2.5841924699313528,2.3166572368175795,0.006994483646281851,-0.004257616158715483,2.592690999595651,6.484566217860015,-0.024724248885949717,-0.02674962159490466,8.388380144312146,2.4345429874079216,0.016177027227691005,-0.005117106411660491,7.977594876226656,4.644687404167088,0.07852781472041134,-0.007951228148191828,4.6227645189160755,3.7314911334351066,0.0030138560425475324,-0.006631991675003002,2.678591505705252,7.7734104745976405,-0.016999535136739786,-0.00701560903389291,7.457089932786526,7.975267593834104,0.007790928994171864,-0.0008988394627245309,3.322705811661651,3.9266669135475256,-0.0004944430169691494,-0.00014943662293237205,5.829682118740181,3.5608870972523423,0.0017349775897463485,-0.013959932687765459
511,6.2788494051918065,2.0151148489886213,0.0046064045175430975,-0.006152414049523954,7.005602263290663,1.3493508200228506,-0.013521661866455292,-0.0031204587487044908,1.2327679027526819,7.554175371450326,-0.015638729492263026,0.0014535980991340915,2.2304386999179746,1.9627417949305899,0.0062627914503588155,-0.0030105145876938404,6.793727457498081,7.772378069974859,0.005723000813775363,0.0015264077877375935,7.474818959701592,1.7110093108904323,-0.0048864464975906866,-0.010184030248643465,1.4999670183189986,1.3638074754742238,0.021364874625067188,0.006873385188794098,1.8965615902066995,3.003105383118663,-0.0017618871329466474,0.0007283904983805281,4.343785868001767,6.82699110643651,0.006362263389450246,0.006834969801233526,8.867659478403333,1.802850661661525,0.001873771826874821,0.00263045184682412,5.938872964160001,5.408919091543442,-0.013870938116192437,-0.0010534963914340186,2.584542194113667,2.3164443560096437,0.007207499182927362,-0.004381982795327995,2.5914547871513536,6.48322873678027,-0.025133891594482292,-0.026680616362476282,8.38918899567353,2.4342871320873387,0.01692314568388884,-0.00503114343892604,7.981521266962677,4.644289842759678,0.07756970423492893,-0.007784303706499774,4.622915211718203,3.7311595338513563,0.0037462417439186545,-0.0073719089371688485,2.677741528948415,7.773059694145946,-0.01705050846811092,-0.006782874710986501,7.457479479236235,7.975222651860968,0.0077066610514926115,-0.0008329611739725111,3.3226810895108025,3.926659441716379,-0.0003733534780497094,-0.00020061784571050292,5.829768867619668,3.5601891006179542,0.0021247055087981683,-0.014302294823404057
512,6.2790797254176836,2.014807228286145,0.004281098520831593,-0.0062236812802903725,7.00492618019734,1.3491947970854152,-0.013460231398752043,-0.003317327219228091,1.2319859662780688,7.554248051355283,-0.016184390492872826,0.0014570416755869313,2.2307518394904924,1.962591269201205,0.006261976926025138,-0.002905635439726646,6.794013607538769,7.772454390364246,0.005577848580082699,0.0014854547917132462,7.474574637376713,1.7105001093780001,-0.005077166660877008,-0.010164837670382221,1.5010352620502518,1.3641511447336634,0.020763914186046596,0.0063641611246246475,1.8964734958500522,3.003141802643582,-0.002203779969522381,-4.847331142013029e-05,4.34410398117124,6.8273328549265715,0.006439393228811741,0.007849719413988022,8.867753166994676,1.8029821842538662,0.0023873538139638014,0.0022677170542085203,5.938179417254191,5.40886641672387,-0.014304064300994264,-0.0017423947054674978,2.5849025690728133,2.316225256869877,0.007399557936429019,-0.004493166878467498,2.5901980925716295,6.481894705962146,-0.025471482613086686,-0.02654646220687135,8.390035152957724,2.4340355749153924,0.017610168610612514,-0.004934536774480804,7.985399752174423,4.643900627574353,0.07643922697478255,-0.007601674305479527,4.623102523805398,3.730790938404498,0.004452783162649133,-0.008076748288593035,2.6768890035250092,7.772720550410397,-0.017057708628355935,-0.0065384197235680295,7.457864812288809,7.97518100380227,0.007605022484894901,-0.0007664827437824982,3.3226624218369,3.9266494108240932,-0.00025405507006084265,-0.0002501459463618461,5.829875102895108,3.559473985876784,0.0025003527858993477,-0.014601198073932287
513,6.279293780343725,2.0144960442221302,0.00395240916274402,-0.006277785795163813,7.004253168627402,1.3490289307244538,-0.013366532538075236,-0.003501472831116835,1.2311767467534251,7.554320903439062,-0.016677313144736725,0.0014567651673806185,2.2310649383367935,1.9624459874292188,0.006245800234503669,-0.0027939807356140763,6.794292499967773,7.772528663103831,0.005429920668541905,0.001443936541800235,7.474320779043669,1.709991867494481,-0.005250902703837214,-0.010120664830955901,1.5020734577595543,1.3644693527898946,0.020124565571438855,0.005850484199087453,1.8963633068515762,3.003139378978011,-0.0026302207673513586,-0.0008077365022217198,4.34442595083268,6.8277253408972705,0.006498689163715551,0.008822012861920574,8.867872534685375,1.8030955701065767,0.0028834118218083763,0.0019074745017912465,5.937464214039141,5.408779296988597,-0.014691684985885566,-0.002411436820671543,2.5852725469696347,2.316000598525954,0.0075706874378275784,-0.004591235728673207,2.588924518440975,6.4805673828518024,-0.025737799127239766,-0.02634896036425034,8.390915661388254,2.4337888480766683,0.01823770809995841,-0.004827767418049381,7.989221713523162,4.643520543859079,0.0751430873855525,-0.0074041498802185435,4.623325162963531,3.730387100990068,0.005132295441551571,-0.008745536883888697,2.6760361180935917,7.772393629424219,-0.017022102513424536,-0.006283118924057564,7.458245063413054,7.975142679665081,0.007486658229833409,-0.0006995838714123026,3.322649719083397,3.926636903526775,-0.00013680573857656334,-0.0002979342998826215,5.830000120534403,3.5587439259730873,0.002861297117301011,-0.014856873006138792
514,6.279491400801862,2.014182154932372,0.0036212342923065766,-0.006314978493964686,7.003584842000499,1.348853857082898,-0.013241525570418458,-0.003672721484660291,1.2303428810961883,7.554393741697431,-0.017117451754071845,0.0014528529676905166,2.231377228348519,1.962306288392438,0.0062145305314071685,-0.002675817578255072,6.794563996001201,7.772600859930921,0.005279447952121566,0.0014019139253599695,7.474058233908477,1.709485834252933,-0.005407602429071236,-0.01005218421833928,1.5030796860381261,1.3647618769998489,0.01944929088673119,0.005333738793877129,1.8962317958132087,3.0030989921529003,-0.0030404910953108102,-0.0015478969299747244,4.344750885290866,6.8281664415403664,0.006540404217174741,0.009750374675119864,8.868016705276466,1.8031909438316662,0.0033610999949218877,0.0015505687205488805,5.9367296297898475,5.408658725147563,-0.0150338549929021,-0.0030593968962318386,2.585651081341526,2.31577103673952,0.0077209603220639005,-0.004676287897413506,2.587637628484613,6.47924993483359,-0.025933779022006297,-0.02609002991217767,8.391827546793252,2.433547459705766,0.018805533680544155,-0.0047113309535925406,7.99297886789244,4.643150336365069,0.07368825321861627,-0.007192559379825402,4.623581777735609,3.7299498241458737,0.005783687955574818,-0.00937741389358048,2.6751850129679204,7.772079473478016,-0.016944742279795543,-0.006017854595225947,7.458619396324546,7.97510770047151,0.007352240524936215,-0.0006324412639919083,3.322642878796468,3.926622006811781,-2.185250270424872e-05,-0.00034390257969946377,5.830143185390268,3.5580010823227806,0.003206966958452879,-0.015069653069855306
515,6.279672462516477,2.013866406007674,0.0032884577707232034,-0.006335546910807633,7.002922765721978,1.348670221008665,-0.013086227445607928,-0.0038309352397873715,1.2294870085084846,7.554466384345815,-0.017504893615311743,0.0014453966600742277,2.231687954875089,1.9621724975135253,0.006168466349872832,-0.0025514339939914717,6.794827968398807,7.772670955627189,0.005126658694750221,0.0013594463908428527,7.473787853787023,1.708983225042016,-0.005547257404414792,-0.009960113958960681,1.5040521505824627,1.3650285639395427,0.01874058665521262,0.004815285813299349,1.8960797712584432,3.0030215973064016,-0.0034339291131529003,-0.0022675340057783603,4.345077905501725,6.8286539602741225,0.006564829671388177,0.010633472410834371,8.868184760276211,1.8032684722676937,0.003819637434153047,0.001197816897583099,5.935977937040202,5.408505755302752,-0.015330741537278529,-0.0036851293778514273,2.586037129357629,2.3155372223446493,0.007850493363530015,-0.004748451879118715,2.586340939533513,6.477945433337982,-0.02606051492158557,-0.025771700320496214,8.392767823477278,2.4333118931580864,0.01931356935136537,-0.0045857359822019965,7.996663280553371,4.6427907083960775,0.07208193218738956,-0.006967748267241558,4.623870962133387,3.7294809534511946,0.006405964918143587,-0.009971630135820244,2.674337775853931,7.771778580748254,-0.016826760795723716,-0.005743514077304971,7.458987008350793,7.97507607840831,0.007202466617086849,-0.0005652282620784747,3.322641786171333,3.926604811682796,9.056891661770194e-05,-0.0003879768167711852,5.83030353373819,3.557247599669288,0.0035368418107826942,-0.01523997144946357
516,6.279836885405014,2.0135496286621333,0.0029549475764486556,-0.006339813670994591,7.002268454349697,1.3484786742466757,-0.012901707959991635,-0.00397601184732462,1.228611763827719,7.554538654178819,-0.01783985580063546,0.001434494627729117,2.2319963781925827,1.9620449258138257,0.006107934506049638,-0.002421137701130708,6.795084301333545,7.7727389279467305,0.004971778560262281,0.001316592070934125,7.473510490916802,1.708485219344068,-0.005669901999302066,-0.009845214995520695,1.5049891799152233,1.3652693282302077,0.018000976802265187,0.004296459810251318,1.8959080748027854,3.0029082206061126,-0.003809929952810664,-0.0029653104123619697,4.345406146985295,6.829185633894665,0.006572293478703318,0.011470116766468213,8.868375742147919,1.803328363112573,0.004258308687416148,0.0008500074483900877,5.935211399963338,5.4083214988338595,-0.015582621280563279,-0.004287570055189952,2.586429654025806,2.315299799750693,0.007959446434142129,-0.004807884780717002,2.585037913787434,6.476656848321957,-0.02611924797612036,-0.025396103893826353,8.393733501944848,2.433082606358976,0.01976189029621472,-0.004451502557712245,8.00026737716274,4.642442320982715,0.07033154854889698,-0.006730576034022759,4.624191260379295,3.7289823719444035,0.006998225736759218,-0.010527547437270057,2.6734964378141446,7.771491405044389,-0.016669366993054203,-0.005460987435843949,7.459347131681648,7.975047816995206,0.007038056455621356,-0.0004981144820528792,3.3226463146171636,3.9265854128419573,0.0002002344317133667,-0.0004300894414668573,5.83048037582873,3.5564856010968144,0.003850452374408153,-0.015368357736906991
517,6.279984632783836,2.0132326379785837,0.002621553992604148,-0.006328134894899845,7.001623368951698,1.3482798736543093,-0.01268908589290171,-0.004107884201573973,1.2277197710376873,7.554610378910205,-0.018122681697287802,0.0014202516545424669,2.232301774917885,1.9619238689287692,0.006033288945623766,-0.0022852547954458234,6.795332890261558,7.772804757550277,0.0048150301013363825,0.0012734076109274406,7.473226995816837,1.7079929585942921,-0.005775612335806127,-0.009708288221269309,1.5058892287553365,1.3654841512207203,0.01723300572900341,0.0037785662427462386,1.895717578305145,3.0027599550854944,-0.0041679459486940965,-0.003639973573766539,4.34573476165923,6.829759139732988,0.006563158616657096,0.012259261332184104,8.86858865758229,1.8033708634849925,0.004676464065762301,0.0005078986931829402,5.934432268899309,5.4081071203311,-0.015789877176422693,-0.004865736892150398,2.586827626347513,2.3150594055116573,0.008048021401918102,-0.00485477095005805,2.583731951388628,6.475387043127266,-0.026111361416987822,-0.024965468127022005,8.394721596459659,2.4328600312310904,0.020150719294064378,-0.004309160628879223,8.003783954590185,4.642105792181014,0.06844471967089827,-0.006481913735966304,4.624541171666133,3.72845599457254,0.007559665122614088,-0.011044637730844072,2.6726629694644917,7.771218355672597,-0.016473841133462116,-0.005171165175226205,7.459699034504429,7.975022911271103,0.006859750381649772,-0.00043126547587272513,3.322656326338749,3.926563908369884,0.0003069318866401016,-0.00047017930850320913,5.83067289844745,3.555717183209969,0.004147380569416013,-0.015455434438540657
518,6.280115710483466,2.0129162312338384,0.0022891078794146503,-0.006300898554029987,7.000988914657053,1.3480744794442308,-0.012449525107589066,-0.004226519717348776,1.2268136369528229,7.554681391492932,-0.01835383730702225,0.0014027785191161745,2.232603439365166,1.961809606188997,0.005944909601799402,-0.00214412835364829,6.795573641766625,7.772868427930824,0.004656632844348811,0.001229948269756842,7.472938215200047,1.7075075441832286,-0.005864505158899334,-0.009550171578885411,1.5067508790417867,1.3656730795328575,0.016439231490567516,0.0032628788649031576,1.8955091810077103,3.0025779564068062,-0.00450748671979842,-0.004290356880105085,4.346062919590063,6.830372102799597,0.006537821392465259,0.01300000199184093,8.868822480785578,1.8033962584196517,0.005073519787931235,0.0001722176382349916,5.933642775040488,5.407863833486492,-0.01595299512168419,-0.0054187306330488565,2.587230027417609,2.3148166669641546,0.0081164609364833,-0.004889320569403631,2.5824263833177787,6.4741387697209145,-0.026038373901893303,-0.02448210799465321,8.395729132424362,2.432644573199646,0.02048042284122722,-0.004159248491872742,8.00720619057373,4.641781696494216,0.06642923264347725,-0.006222641555276211,4.624919154922264,3.727903762685998,0.00808957295948069,-0.01152248189848557,2.6718392774078183,7.770959797413836,-0.016241530002877185,-0.004874936002534308,7.4600420220235115,7.97500134799731,0.006668306818388418,-0.0003648424086419434,3.3226716729330814,3.926540399404459,0.0004104613191143908,-0.0005081917052599885,5.83088026747592,3.5549444114880417,0.004427259428612673,-0.01550191332829121
519,6.280230165877437,2.012601186306137,0.0019584190340733703,-0.006258522784444615,7.000366438401674,1.3478631534583634,-0.012184230627176974,-0.0043319196347252785,1.2258959450874718,7.554751530418888,-0.018533907322270116,0.0013821915829391887,2.232900684845256,1.9617023997713146,0.005843201260489265,-0.0019981170149935825,6.795806473408843,7.772929925344312,0.004496802931085562,0.0011862678642511712,7.472644989942102,1.7070300356042842,-0.0059367366305757025,-0.009371737132007934,1.5075728406163151,1.3658362234761028,0.015622219093770009,0.002750637255899292,1.8952838066717204,3.002363438562801,-0.0048281191067534,-0.004915380669850758,4.346389810659686,6.831022102899189,0.006496709702336592,0.013691575981675886,8.869076156774975,1.8034048693015634,0.005448957956881528,-0.00015634113707221529,5.932845125284404,5.4075928969548395,-0.016072560425373073,-0.0059457351881944615,2.5876358504644332,2.314572200935684,0.00816504791031621,-0.004911768578854677,2.581124464622684,6.4729146643211815,-0.02590193267113368,-0.023948418195276072,8.396753153566424,2.432436610775053,0.02075150700147583,-0.004002311256719214,8.010527652205903,4.641470564416452,0.06429302099256454,-0.005953646394763469,4.625323633570238,3.7273276385910736,0.008587333937619077,-0.011960768367608916,2.6710272009076745,7.770716050613709,-0.01597384204772321,-0.004573184646221631,7.460375437364431,7.974983105876878,0.006464499968254481,-0.00029900175440227054,3.322692195999037,3.926514989819196,0.0005106351860602117,-0.0005440783438265972,5.831101630447351,3.554169315821627,0.004689772864905892,-0.015508591659701636
520,6.28032808682914,2.0122882601669145,0.0016302746401670985,-0.006201454162713796,6.999757226870315,1.3476465574766272,-0.011894444696006234,-0.004424118254874001,1.2249692497213582,7.554820639998034,-0.018663590993869234,0.0013586123738688232,2.2331928449082805,1.961602493920565,0.005728592382112256,-0.0018475934753503663,6.796031313555397,7.772989238737525,0.004335753213642393,0.0011424188486657688,7.472348153110573,1.706561448747684,-0.00599250105256292,-0.009173888117355176,1.5083539515710036,1.3659737553388978,0.014784533928166019,0.002243044489958261,1.8950424007163826,3.0021176695293086,-0.00512946696723501,-0.00551405297265253,4.346714646144803,6.8317066816982726,0.006440281250979957,0.014333360616785383,8.869348604672819,1.8033970522447098,0.0058023263721382265,-0.0004771164870923285,5.9320414972631355,5.40729561019543,-0.016149254108665533,-0.006446017802878793,2.588044102859949,2.314326612506741,0.008194112839152837,-0.004922378048105553,2.5798293679891273,6.471717243411418,-0.025703806536388304,-0.02336686537089671,8.397790728916497,2.4322364952122166,0.020964613000615143,-0.003838899331214853,8.013742303255531,4.641172882096714,0.06204414155131595,-0.0056758195093753565,4.625753000267119,3.726729600172693,0.009052426958905293,-0.012359291470257964,2.6702285088052884,7.770487391381398,-0.015672242466440892,-0.004266789733810429,7.4606986623628435,7.974968155789158,0.006249117522327924,-0.00023389501049698956,3.32271772775834,3.9264877859020046,0.0006072785530346086,-0.0005777973371658916,5.831336119090596,3.553393886238642,0.004934655316720255,-0.015476348249506063
521,6.280409600561149,2.0119781874587788,0.0013054378085233045,-0.006130165949565133,6.999162504635515,1.3474253515638834,-0.011581442836546836,-0.004503182110432195,1.2240360701716648,7.554888570616728,-0.018743697805372696,0.0013321671660678908,2.233479274527386,1.9615101142467974,0.005601534346523395,-0.0016929425380550799,6.796248101216079,7.773046359679958,0.00417369263497557,0.0010984521556590813,7.472048528057945,1.7061027543418161,-0.006032029522424005,-0.00895755598523872,1.509093178267412,1.3660859075633958,0.013928735343967704,0.0017412649500260073,1.894785927368021,3.001841966880676,-0.0054112108334376935,-0.006085470016209633,4.347036660207352,6.832423349729112,0.006369021736651406,0.014924871696062948,8.869638720991427,1.8033731964203552,0.006133238182121309,-0.000789481600519259,5.931234034557702,5.406973309305286,-0.016183849048812274,-0.006918929014225529,2.5884538085019067,2.3140804936043358,0.008204008668242049,-0.00492142574959268,2.578544177662308,6.470548900142873,-0.025445878723333735,-0.022739980321638664,8.398838959566529,2.432044550245656,0.021120512582272297,-0.003669566925706293,8.016844510333097,4.640889091121245,0.05969075154361716,-0.005390054180135034,4.626205621615065,3.7261116355991803,0.009484424319815287,-0.012717949574421758,2.6694448966819664,7.770274051894707,-0.015338248269571328,-0.003956621732593942,7.46101111823896,7.974956461038634,0.0060229583876289,-0.00016966843080335112,3.322748091685992,3.9264588960351463,0.0007002292478694857,-0.000609313159812136,5.8315828518564325,3.5526200688261667,0.005161691275076973,-0.015406139445416122
522,6.280474872451575,2.0116716791613003,0.00098464621107017,-0.0060451563063383985,6.998583432493687,1.3472001924583619,-0.011246529911833903,-0.0045692090739642465,1.2230988852813962,7.554955178975032,-0.0187751429691039,0.0013029865575272966,2.2337593512447125,1.9614254671198947,0.0054624995067503145,-0.0015345603289141927,6.796456785847828,7.77310128228774,0.0040108265684102905,0.001054417330836427,7.471746926581824,1.705654876542554,-0.006055588527907144,-0.008723697436131788,1.5097896150346104,1.3661729708108972,0.013057370389553931,0.0012464222873671594,1.894515366826349,3.001537693379866,-0.0056730874355672275,-0.006628816501246189,4.347355111294185,6.833169593313915,0.006283443007053617,0.015465761596816612,8.869945382900532,1.8033337223403292,0.006441371380924427,-0.001092844794892786,5.930424842105261,5.406627362854575,-0.01617720598018369,-0.007363902400781414,2.5888640089353188,2.313834422316856,0.008197348536447196,-0.004910425548501517,2.5772718837261412,6.469411901126791,-0.02513013958926456,-0.02207035023518482,8.399894985195642,2.4318610718993705,0.02122010314188645,-0.003494870582007416,8.019829047910278,4.640619588412238,0.05724108593223254,-0.005097243435352283,4.626679842831056,3.7254757381204593,0.009882990679305249,-0.013036742997305822,2.668677984268488,7.770076220808077,-0.014973423321457402,-0.003643540957073328,7.461312266158341,7.974947977617093,0.005786830437491525,-0.0001064627780758323,3.322783103148385,3.9264284303771557,0.0007893379789509025,-0.0006385965935493072,5.831840936420186,3.551849761853896,0.005370714696182963,-0.01529899499080467
523,6.2805241047621285,2.011369421345983,0.0006686108090320673,-0.0059469464893184085,6.998021105998095,1.3469717320046637,-0.010891036203147408,-0.004622327408131918,1.222160128132941,7.555020328302908,-0.018758942759228393,0.0012712050462850358,2.23403247622005,1.961348739103449,0.00531208341884794,-0.0013727500274104422,6.7966573271762485,7.773154003154282,0.003847356314297919,0.0010103625153418008,7.471444147155429,1.7052186916707475,-0.006063478484447165,-0.008473291460789427,1.5104424835540882,1.3662352919252656,0.01217296772064058,0.0007595975288997125,1.8942317124545707,3.0012062525548036,-0.005914889095559925,-0.007143365649116315,4.347669283444538,6.833942881393756,0.0061840811913541315,0.015955817070811264,8.870267451469578,1.8032790801005845,0.0067264681543021945,-0.0013866502054056737,5.929615981806252,5.406259167734536,-0.016130269365648778,-0.007780454130137855,2.589273876362141,2.313588901039431,0.008202255822794756,-0.00490484492053617,2.576015376746678,6.468308383615032,-0.02475867923673878,-0.021360610950088215,8.400955990352736,2.43168632837027,0.021264402656054587,-0.0033153677295867353,8.02269110220689,4.64036472624047,0.0547034350822735,-0.004798277823738743,4.627173992365021,3.724823900970594,0.010247881819008414,-0.013315771710681731,2.667929313102415,7.769894043760224,-0.014579373376372395,-0.0033283956466092423,7.461601607680215,7.974942654478189,0.0055415482901385316,-4.441309558948336e-05,3.322822570047333,3.926396500547478,0.0008744684186356207,-0.0006656246585435199,5.832109472154996,3.5510848121043557,0.005561608303573611,-0.015156013798944962
524,6.28055753530258,2.0110720740215173,0.0003580146765172346,-0.005836079026958063,6.997476554187938,1.3467406156342572,-0.010516313512398482,-0.004662694761260489,1.2212221809949797,7.555083888555223,-0.018696209697177016,0.001236960606430007,2.2342980803909924,1.9612801016020784,0.005152175938458405,-0.0012065558920017461,6.7968496949919635,7.773204521280049,0.003683479296962432,0.0009663344160699696,7.471140973231207,1.704795027097708,-0.006056032220753935,-0.008207336391240293,1.5110511319401203,1.3662732718017105,0.011278031692476174,0.00028182733367553003,1.8939359679997927,3.000849084272348,-0.006136462995463887,-0.007628479027036572,4.347978487504106,6.834740672247296,0.006071494813529482,0.016394956753964022,8.870603774877294,1.8032097475903142,0.00698833407989321,-0.0016703783686685034,5.9288094683379695,5.405870145028029,-0.01604406315152678,-0.008168182310258428,2.5896839891532806,2.313343658793404,0.008213763024640169,-0.004902237173548472,2.574777442784841,6.4672403530675275,-0.024333680044052973,-0.020613439271531062,8.40201921048554,2.431520559983791,0.021254544424513806,-0.0031316152720215515,8.025426273961004,4.640124812349283,0.05208612278873284,-0.004494043243827155,4.627686386455972,3.72415811238506,0.010578943203520728,-0.013555232848729974,2.6672003444335965,7.769727623977893,-0.014157741121610877,-0.0030120201165140894,7.461878685094723,7.97494043382341,0.005287931120375647,1.6351501779901355e-05,3.3228662934682647,3.926363219314551,0.0009554972523808397,-0.0006903805304289978,5.832387552570174,3.5503270114144083,0.0057343027840390135,-0.01497835964940474
525,6.280575436036406,2.0107802700701694,5.351192029269964e-05,-0.005713115884933433,6.996950738512318,1.346507480896194,-0.010123731298410418,-0.00469049711204052,1.220287370510121,7.555145736585544,-0.018588147604778858,0.0012003942649556193,2.2345556891879155,1.9612197738074784,0.004984203184039784,-0.0010354774553400898,6.797033868956811,7.773252838000853,0.0035193885718886775,0.0009223783308130855,7.470838171620169,1.7043846602781458,-0.0060336134174419215,-0.00792684696977791,1.511615033524744,1.3662873631683943,0.010375036645714271,-0.00018589760049029483,1.8936291448500195,3.000467660320996,-0.006337710325131351,-0.00808360615638604,4.348282062244782,6.835560420084994,0.005946262892172048,0.016783228402360944,8.870953191581288,1.8031262286718808,0.00722683718695867,-0.001943546702336247,5.928007265180393,5.405461735912516,-0.015919686419343694,-0.00852676615055063,2.5900946773045126,2.3130985469347265,0.008228550876625468,-0.004900981821987409,2.573560758782638,6.466209681103951,-0.023857409133092467,-0.01983154535756263,8.403081937706766,2.4313639792201895,0.0211917716421214,-0.002944168206571532,8.028030580100442,4.639900110187091,0.04939748471482498,-0.0041854188338539934,4.628215333616148,3.7234803507426233,0.010876108348872704,-0.013755418029050314,2.666492457377516,7.769577022972067,-0.01371020123977747,-0.002695232985554776,7.4621430816507415,7.9749412513985,0.0050268005091314676,7.570801695401007e-05,3.3229140683308835,3.926328700288029,0.001032314194235836,-0.0007128534438709717,5.832674267709376,3.549578093431938,0.005888775881733867,-0.014767256819105656
526,6.280578111632421,2.0104946142759226,-0.00024427330371751716,-0.00557863662389202,6.9964445519473974,1.3462729560405922,-0.009714672855991055,-0.004705947667147897,1.219357963129882,7.5552057562987915,-0.018436046540447715,0.0011616496805020333,2.2348048993471177,1.9611679999347114,0.004809276637628239,-0.0008593241945100887,6.797209838385406,7.773298956917394,0.0033552729138345123,0.0008785381579192149,7.470536490949297,1.7039883179296569,-0.005996615003660829,-0.0076328514428739835,1.5121337853570298,1.3662780682883697,0.00946642139589023,-0.0006426339796361607,1.893312259333763,3.0000634800131767,-0.006518585314068472,-0.008508283909934182,4.348579375389391,6.836399581505113,0.005808983031814745,0.017120805867663028,8.871314533440636,1.803029051336764,0.007441906881147798,-0.0022057098817406277,5.927211280859426,5.405035397604988,-0.01575830894758637,-0.008855964939059869,2.5905061048483438,2.3128534978436273,0.008244416748095867,-0.004900016198592102,2.5723678883259833,6.465218103836073,-0.023332210794795836,-0.019017665193264588,8.404141526288871,2.431216770809861,0.02107743181822748,-0.0027535782795777004,8.030500454336183,4.639690839245398,0.046645847285792956,-0.003873274926020574,4.628759139033591,3.7227925798411707,0.011139397007582073,-0.013916710497740811,2.6658069473155273,7.769442261322789,-0.01323845550218588,-0.002378835482578141,7.462394421676198,7.9749450367993475,0.0047589783353674565,0.00013353974049429572,3.3229656840405952,3.9262930576158355,0.0011048219694135143,-0.0007330385831508148,5.832968706503463,3.548839730590983,0.006025051395026244,-0.014523985660440537
527,6.280565897967235,2.010215682444728,-0.0005347476769282269,-0.005433236554664304,6.995958818304598,1.3460376586572347,-0.00929053154638615,-0.004709285715597492,1.2184361608028598,7.555263838782817,-0.01824127763371291,0.0011208727249974154,2.2350453631789993,1.961125033724986,0.004628294398508312,-0.0006781163243939769,6.797377602031098,7.77334288382529,0.0031913167243658442,0.0008348564094639634,7.470236660199114,1.7036066753575132,-0.005945457516680664,-0.007326388686718207,1.5126071064268243,1.366245936589388,0.008554583935697501,-0.0010874872053021527,1.8929863300680596,2.9996380658176798,-0.006679094152469338,-0.00890213570425265,4.348869824540982,6.837255621798496,0.0056602695107359395,0.017407985825326648,8.871686628784692,1.8029187658426769,0.007633532740014808,-0.0024564601149040573,5.926423365412047,5.404592599358035,-0.015561166696574624,-0.009155616842479985,2.5909183256857484,2.3126084970336978,0.008259913354962253,-0.004898653368778187,2.5712012777862436,6.46426722057641,-0.02276049889212388,-0.0181745531696801,8.405195397879783,2.431079091895882,0.02091297106082564,-0.002560392680242281,8.032832746700473,4.6394971754990975,0.04383950708069967,-0.003558471068798341,4.6293161088839705,3.722096744316284,0.011368913178951539,-0.014039582109641418,2.665145024540418,7.76932331954866,-0.012744227904934633,-0.0020636098347120244,7.462632370592966,7.974951713786372,0.004485284714674733,0.0001897364009036798,3.323020925139066,3.926256405686678,0.0011729362647261664,-0.0007509369603389773,5.833269959073214,3.548113531307961,0.006143198080781981,-0.014249878138694288
528,6.2805391605833885,2.0099440206169947,-0.0008173495075493745,-0.005277524895607549,6.995494291727279,1.3458021943714549,-0.008852707087381404,-0.004700775443667974,1.217524096921174,7.555319882419067,-0.018005287833295355,0.0010782110691791602,2.2352767778989246,1.9610911279087662,0.004442009793187506,-0.0004920170178390916,6.797537167867316,7.773384626645763,0.003027699798952943,0.0007913742099351156,7.46993938732328,1.7032403559231772,-0.005880587429365835,-0.007008505370859141,1.5130348356236092,1.366191562229123,0.007641876358519867,-0.0015196125153774072,1.892652375360436,2.999192959032467,-0.006819293806625012,-0.00926487049393831,4.3491528380165185,6.838126021089763,0.005500751370104547,0.017645184269379503,8.872068305421694,1.8027959428369316,0.007801763185207309,-0.0026954273175340466,5.925645307077218,5.404134818515911,-0.015329557229469217,-0.00942563753596697,2.5913313213534965,2.312363564365259,0.008274103327204404,-0.004896458673237132,2.5700632528416376,6.463358492917926,-0.022144749260031737,-0.017304974783702066,8.406241046432825,2.4309510722618697,0.020699928242813238,-0.002365152775191304,8.035024722054509,4.639319251945658,0.04098671076251921,-0.0032418541206916175,4.629884554542918,3.721394765210802,0.011564842953517814,-0.014124590155000161,2.664507813145171,7.769220139056925,-0.012229259858859205,-0.0017503177393361346,7.4628566348287,7.974961200606417,0.004206535988660901,0.00024419429545159867,3.3230795719523023,3.926218858838661,0.0012365856477324693,-0.0007665552816395621,5.833577118977253,3.5474010374010265,0.006243328470906263,-0.0139463133408406
529,6.280498293108011,2.0096801443722145,-0.0010915494232126679,-0.005112122936640552,6.99505165637291,1.3455671555992714,-0.0084026019109858,-0.004680704714247703,1.2166238325295093,7.555373792972525,-0.017729594583803954,0.0010338137729438612,2.235498878388584,1.9610665270578742,0.0042510777305542384,-0.00030128603905623123,6.797688552857263,7.7734241953562595,0.0028645974578449924,0.0007481313273616024,7.469645357951812,1.7028899306546343,-0.005802475450442192,-0.006680253166179754,1.5134169294415352,1.3661155816033541,0.006730600010932428,-0.00193821597468753,1.8923114106701049,2.9987297155077703,-0.0069392907340456176,-0.009596281574621194,4.3494278755850235,6.839008280303232,0.005331070509212103,0.017832932787767704,8.872458393580954,1.8026611714710548,0.007946704037419922,-0.002922279189811022,5.924878829215745,5.403663536639113,-0.015064835082299999,-0.009666018670010568,2.591745026519857,2.312118741431597,0.008286392593178982,-0.004893166105871111,2.568956015378636,6.4624932441787415,-0.021487492121511596,-0.0164116994744493,8.407276042844966,2.43083281462311,0.02043992906759905,-0.0021683928860659852,8.037074057592635,4.639157159239623,0.03809563558459148,-0.0029242564186155715,4.630462796690594,3.720688535703052,0.01172745220077256,-0.014172374043950844,2.6638963501522284,7.769132623169958,-0.011695305444173321,-0.0014396989217578659,7.463066961628133,7.97497341032119,0.003923542769010717,0.00029681640163356504,3.3231414012346887,3.926180531074579,0.0012957114555017936,-0.0007799058025067855,5.833889285400798,3.5467037217339845,0.006325597606075501,-0.013614712967586531
530,6.280443715636851,2.0094245382253826,-0.0013568509672155227,-0.004937662214408721,6.99463152627736,1.345333120363559,-0.007941617596281649,-0.004649383814453766,1.2157373528003192,7.555425483661173,-0.017415780445966603,0.000987830881441509,2.2357114322751115,1.9610514627559215,0.004056085930964716,-0.0001062479406994018,6.797831782730155,7.7734616019226275,0.0027021800241762138,0.0007051661463182079,7.46935523417929,1.7025559179963254,-0.005711614802418232,-0.006342686003190206,1.5137534594420818,1.3660186708046198,0.005823000881138377,-0.002342555316226457,1.8919644461334026,2.9982499014290394,-0.0070392395037641485,-0.00989624520205217,4.349694429110484,6.83989992694262,0.005151879791416721,0.01797187463252274,8.872855728782826,1.8025150575115643,0.008068516960364187,-0.0031367211969872324,5.92412558746163,5.403180235705612,-0.014768407095736335,-0.009876826181863153,2.592159346149516,2.311874083126303,0.008296417379675732,-0.004888621757055526,2.5678816407725606,6.461672659205019,-0.020791304538304387,-0.01549749361096861,8.408298039298346,2.4307243949788067,0.02013468005115817,-0.0019706391122308133,8.038978839371865,4.639010946418693,0.03517437050920562,-0.0026064940237897067,4.631049169300633,3.7199799170008547,0.011857084109462132,-0.01418365186029027,2.6633115848800197,7.769060638223871,-0.011144126740207445,-0.0011324697802707214,7.4632631387665835,7.974988251141271,0.0036371080398801435,0.0003475124694223543,3.3232061868074636,3.9261415357844536,0.0013502676539575646,-0.0007910061721482244,5.834205565281102,3.5460229860856054,0.006390201691688246,-0.013256536820311712
531,6.280375873088491,2.0091776551146623,-0.0016127910990602948,-0.004754782702891087,6.994234445397546,1.3451006511728363,-0.0074711513846676255,-0.004607144175369057,1.214866563778021,7.555474875205245,-0.017065487675115683,0.0009404130277943341,2.2359142365716598,1.9610461503588865,0.0038575758446896206,9.272977111499992e-05,6.797966891731364,7.773496860229943,0.002540613189575845,0.0006625157168719603,7.46906965343917,1.7022387836961659,-0.005608519481968786,-0.005996857386359952,1.5140446094861388,1.3659015430388084,0.004921265229561842,-0.0027319406342901954,1.8916124841582145,2.997755089168937,-0.007119341327404604,-0.010164719034860822,4.349952023100055,6.840798520674246,0.004963841165293178,0.01806276059918948,8.873259154630844,1.8023582214517149,0.008167417800141288,-0.003338496456009513,5.923387167106843,5.402686394396519,-0.014441727721131014,-0.010058198459244405,2.5925741670184994,2.3116296520384503,0.008303967693045002,-0.004882745648199101,2.5668420755456456,6.46089778452447,-0.020058802914373584,-0.014565113645388796,8.409304773300905,2.430625863023195,0.019785962437459313,-0.0017724082005263553,8.040737557897325,4.638880621717503,0.03223089797174293,-0.0022893650477879566,4.631642023506106,3.71927073440784,0.011954156589932515,-0.01415921679611134,2.6627543785430094,7.769004014734858,-0.010577489240230283,-0.00082932212001638,7.463444994168578,7.975005626764742,0.003348025322055312,0.000396199094512359,3.3232737001901613,3.9261019854758463,0.0014002206688131964,-0.0007998792680423568,5.834525075365686,3.54536015924459,0.006437376681145492,-0.012873278294299809
532,6.280295233533538,2.008939915979518,-0.001858940600190925,-0.00456413102362538,6.993860887828313,1.3448702939640678,-0.006992592784353233,-0.004554337067725329,1.2140132893942652,7.555521895856635,-0.01668041277242112,0.0008917110432847152,2.236107115363894,1.9610507868474423,0.0036560565968917205,0.00029525165479591655,6.7980939223908425,7.773529986015786,0.0023800577626881076,0.0006202157681445388,7.468789227465071,1.701938940826848,-0.005493722507524539,-0.005643817769942477,1.5142906727476169,1.365764946007094,0.004027515467071871,-0.00310573493111177,1.8912565170918443,2.997246853217194,-0.00717984250669464,-0.010401740408844132,4.35020021515832,6.841701658704205,0.004767623805344182,0.018106444730108254,8.873667525520851,1.8021912966289144,0.008243674826523033,-0.003527385530563767,5.922665080720787,5.402183484473557,-0.014086294313151494,-0.01021034436423647,2.5929893654031515,2.3113855147560405,0.008308935600969208,-0.004875506051533036,2.565839135399927,6.460169528842201,-0.019292635569695297,-0.013617299444921063,8.410294071422777,2.430537242613169,0.019395626063974998,-0.0015742064638339342,8.042349102795912,4.638766153465113,0.0292730763214438,-0.0019736480611267553,4.632239731335602,3.7185627735680344,0.0120191595481175,-0.014099933478886157,2.662225504080998,7.768962548628857,-0.009997157360902035,-0.0005309219768177401,7.46361239543468,7.975025436719467,0.0030570769020763955,0.0004427997728015783,3.323343711223602,3.9260619915124444,0.0014455491891625513,-0.0008065530211087734,5.834846944199744,3.544716495329875,0.006467396791637081,-0.012466459889387433
533,6.2802022865035285,2.0087117094283364,-0.002094904386045658,-0.004366358679584092,6.993511258189095,1.3446425771106816,-0.006507320270585042,-0.004491332277334269,1.2131792687556442,7.555566481408799,-0.016262301023106135,0.0008418755758183671,2.2362899181937386,1.961065549430182,0.003452014097050774,0.0005009047939347279,6.798212925278977,7.773560996804194,0.002220669513749456,0.0005783007194150108,7.468514541339695,1.7016567499383508,-0.005367774158736463,-0.00528461200046954,1.5144920485209705,1.3656096592605385,0.0031438062855702487,-0.0034633545189270837,1.8908975249665096,2.9967267661967516,-0.007221032803183915,-0.01060742445089071,4.350438596348587,6.842606980940711,0.004563902276480691,0.018103879856256104,8.874079709262178,1.8020149273523862,0.008297606882744892,-0.003703206137114142,5.921960766005129,5.401672967255346,-0.01370364242106865,-0.01033354112545564,2.5934048121832,2.311141739453464,0.00831128036254256,-0.0048669022757147655,2.564874503621442,6.459488663869955,-0.01849547540134803,-0.01265676781535154,8.411263852725977,2.430458532289977,0.01896558319373416,-0.0013765287500575071,8.043812756611985,4.638667471062057,0.02630862296747279,-0.0016601005865125992,4.632840689313008,3.71785777689409,0.012052652040873047,-0.014006734202601316,2.661725646212953,7.768936002530016,-0.009404890055456428,-0.00023790853189904526,7.463765249279784,7.975047576708107,0.0027650321292918335,0.00048724493639729197,3.32341598868306,3.926021663861389,0.0014862439448311302,-0.000811060232178433,5.835170314039326,3.5440931723354057,0.0064805729576635,-0.01203762874886212
534,6.280097541284226,2.008493391494357,-0.0023203217257535473,-0.004162120316584767,6.993185892175566,1.3444180104968149,-0.006016698087700154,-0.004418516764033676,1.212366153704489,7.555608575187589,-0.015812941035592974,0.0007910567174304765,2.236462518898591,1.961090594669879,0.0032459169787645062,0.0007092660552563274,6.798323958754665,7.773589911840165,0.0020625993194580685,0.0005368036693726599,7.468246152631758,1.7013925193383272,-0.0052312402123992794,-0.004920276830808572,1.514649238835249,1.365436491534592,0.0022721210449384833,-0.003804269279719239,1.8905364733263506,2.996196394974207,-0.007243243735994226,-0.01078196204086401,4.350666791462411,6.843512174933523,0.00435335472632542,0.018056112992424985,8.874494589606314,1.8018297670455306,0.008329581450494858,-0.003865812764674348,5.921275583884076,5.401156290199073,-0.01329534109050499,-0.01042813210673375,2.593820376201327,2.310898394339678,0.008311005001726771,-0.004856953191065536,2.5639497298513745,6.458855825479187,-0.0176700126482852,-0.011686206227908965,8.412212131885664,2.430389705852474,0.018497802330089366,-0.0011798574629659096,8.045128187760358,4.638584466032731,0.023345098256547424,-0.001349457678610986,4.633443321915052,3.7171574401839598,0.012055259322439393,-0.013880615074526368,2.6612554017101804,7.768924107103421,-0.008802436539244708,4.910688183872708e-05,7.463903500886248,7.975071938954927,0.0024726457835716914,0.0005294719714711249,3.3234903008803016,3.92598111084978,0.0015223074586350983,-0.0008134383804185792,5.835494342687209,3.5434912908979626,0.006477251227560162,-0.01158835223712647
535,6.279981525197938,2.008285285478528,-0.0025348663710036095,-0.003952072015961454,6.992885057271181,1.344197084658613,-0.00552207315871094,-0.004336293307872261,1.2115755066527094,7.555648128023461,-0.015334159295209879,0.0007394036415627528,2.2366248147475294,1.9611260579726417,0.003038220332106175,0.000919907200575832,6.798427088720638,7.773616752023633,0.0019059928128561192,0.0004957564276929202,7.467984590621137,1.701146505496787,-0.00508470017932367,-0.004551838510387949,1.514762844887496,1.365246278070606,0.0014143684196085858,-0.004128002785194268,1.8901743111395508,2.9956572968721638,-0.007246846813476326,-0.010925617629960745,4.350884459198727,6.844414980583145,0.004136661109232849,0.017964280600549023,8.87491106867884,1.8016364764072967,0.008340012636844255,-0.004015096211202765,5.920610816829551,5.400634883593736,-0.01286298818715276,-0.01049452446066628,2.594235926451413,2.310655546680125,0.00830814063721488,-0.004845689632333511,2.5630662292189603,6.458271515167792,-0.016818947775545566,-0.010708266760614059,8.413137022002168,2.430330712979326,0.01799430203005136,-0.0009846616361764494,8.046295442673186,4.638516993148801,0.0203898901059765,-0.0010424305919406406,4.634046084881174,3.7164634094302333,0.01202766979186441,-0.013722632089146787,2.6608152798832183,7.768926562447513,-0.008191532135799647,0.0003295416815627978,7.464027133175427,7.975098412553501,0.0021806565161713374,0.0005694252183271172,3.3235664162532332,3.925940438930759,0.0015537537747318912,-0.0008137294243722834,5.835818205248587,3.5429118732861062,0.00645781110831525,-0.011120213566312053
536,6.279854781879387,2.0080876818777296,-0.0027382465958080164,-0.0037368696220622635,6.992608953613245,1.3439802699932195,-0.00502477210772721,-0.0042450791462047945,1.210808798687949,7.555685098205539,-0.014827814745747384,0.0006870642507981508,2.236776725764135,1.9611720533326704,0.0028293679333877804,0.0011323985679318326,6.798522388361281,7.773641539845018,0.0017509906353468062,0.0004551895456986646,7.467730355612171,1.7009189135712675,-0.004928745546543934,-0.004180310455900825,1.5148335633084764,1.3650398779313464,0.0005723793072995928,-0.004434132279833123,1.889811968798877,2.9951110159906658,-0.007232251704681385,-0.011038726924227901,4.351091292254188,6.845313194613173,0.003914501445751784,0.01782960373598888,8.875328069310681,1.8014357215967367,0.008329359089908658,-0.0041509830396562804,5.919967667420193,5.400110157370703,-0.012408205753658077,-0.010533186675483648,2.594651333483274,2.3104132621985083,0.00830273606769585,-0.004833149421611703,2.562225281830183,6.457736101829761,-0.015944984493003717,-0.009725560264431768,8.41403673710367,2.430281479897517,0.017457144731689085,-0.0007913960613993128,8.047314937178484,4.638464871619203,0.017450199413528475,-0.0007397055382405177,4.634647468370767,3.715777277825776,0.0119706318512477,-0.013533897140715375,2.660405703276428,7.7689430395315915,-0.007573894251092609,0.0006028428440891867,7.464136166001236,7.975126883814417,0.0018897853659970592,0.0006070559540830209,3.32364410394197,3.9258997524595403,0.0015806081642796834,-0.0008119795962760886,5.8361410958040025,3.5423558626077907,0.006422663863982573,-0.010634807481675182
537,6.2797178695495965,2.0079008383966266,-0.002930205149064785,-0.003517167107970641,6.992357715007858,1.3437680160359093,-0.0045260984001212765,-0.004145304605309335,1.2100674079506617,7.555719451418079,-0.01429579341178343,0.0006341848356987451,2.236918194160804,1.961228673261067,0.0026197935186549914,0.0013463116749918129,6.7986099378930485,7.773664299322303,0.0015977283615815788,0.00041513234339254104,7.467483918334844,1.7007098980484725,-0.00476397802913539,-0.0038066910064999066,1.5148621822738413,1.3648181713173548,-0.00025209599825070034,-0.004722288530143025,1.8894503562136429,2.9945590796444543,-0.007199904356572628,-0.01112169444206348,4.3512870173264755,6.8462046747999725,0.003687554121084675,0.017653383091541353,8.875744537265177,1.8012281724447539,0.008298121850054362,-0.004273434956870457,5.91934725713251,5.399583498036929,-0.011932635410532863,-0.010544646023778921,2.595066470286659,2.3101716047274277,0.00829485090760454,-0.004819374152160599,2.5614280326055328,6.4572498238165394,-0.015050822923086543,-0.008740650763752501,8.414909594340255,2.430241910094447,0.016888430610710766,-0.0006005004719011692,8.04818744714916,4.638427886342291,0.014533026263126735,-0.0004419425344030371,4.635245999963329,3.71510058296874,0.011884950684666733,-0.013315573985771873,2.6600270085638735,7.768973181673796,-0.006951218483163737,0.0008684876233484918,7.464230655269535,7.975157236612121,0.001600734353286694,0.0006423223583992278,3.323723134350184,3.9258591534797262,0.0016029068096519443,-0.0008082391903213587,5.836462228997202,3.541824122233707,0.006372250772987424,-0.010133736015238455
538,6.279571359292143,2.0077249800412282,-0.003110519122000597,-0.0032936149826761595,6.992131410087852,1.343560750805644,-0.004027329604936162,-0.004037411730070753,1.2093526182800725,7.555751160659864,-0.01374000307430421,0.000580909745349848,2.237049183836737,1.9612959888448167,0.002409921384742688,0.0015612211922097859,6.798689824311127,7.773685055939473,0.001446336185980472,0.0003756128680626999,7.467245719433388,1.7005195634981476,-0.00459100783579571,-0.003431961267194263,1.5148495774739288,1.3645820568908478,-0.0010573903694304802,-0.0049921555434956,1.8890903609958143,2.9940029949223512,-0.007150285062904884,-0.011174990954642597,4.351471395032529,6.847087343954549,0.0034564942259198797,0.01743699395386502,8.87615944335768,1.8010145006969103,0.008246842143471622,-0.004382448118555137,5.918750625361984,5.39905626573574,-0.011437933811601651,-0.01052948592167811,2.5954812128320395,2.3099306360198195,0.008284551100189084,-0.0048044071428181255,2.5606754914593783,6.4568127912783515,-0.014139152931184791,-0.007756050099929128,8.41575401587079,2.430211885070852,0.016290291480927654,-0.00041239878198697004,8.048914098462317,4.638405789215571,0.01164515694295121,-0.00014977434181588325,4.635840247497563,3.7144348042694513,0.011771484967622186,-0.013068874166850167,2.659679447639715,7.769016606054963,-0.006325174873805357,0.001125984176016093,7.464310691987199,7.975189352730041,0.0013141851524791147,0.0006751894627223006,3.3238032796906665,3.92581874152021,0.0016206964684791934,-0.0008025623455247965,5.836780841535851,3.541317435432945,0.006307041349607197,-0.009618604316758452
539,6.279415833336043,2.0075602992920945,-0.003278999732740356,-0.0030668587427441227,6.9919300436076055,1.3433588802191405,-0.003529714783630367,-0.003921852915199867,1.2086656181263573,7.555780206147132,-0.013162368011732508,0.0005273810701704137,2.237169679905974,1.9613740499044272,0.0022001665354424017,0.0017767064173327333,6.798762141120426,7.773703836582876,0.001296939281843614,0.00033665796039465424,7.467016169041598,1.700347965434788,-0.004410451952216692,-0.003057083043855015,1.5147967079554572,1.364332449113673,-0.0018419221413351408,-0.005243470160189008,1.888732846742669,2.993444245374619,-0.007083906490687403,-0.01119915081830208,4.351644219743825,6.847959193652243,0.003221991942831507,0.01718188108690175,8.876571785464854,1.8007953782909825,0.008176099124928282,-0.00447805236380552,5.918178728671403,5.398529791439656,-0.0109257681641174,-0.010488343207070374,2.595895440387049,2.3096904156626787,0.00827190605148667,-0.004788292187640567,2.5599685338128193,6.456424988773355,-0.01321264763177286,-0.006774212825791942,8.416568530444836,2.4301912651317528,0.015664884752862335,-0.00022749838314087845,8.049496356309465,4.63839830049848,0.008793151790122248,0.00013619450229261225,4.636428821745944,3.713781360561109,0.011631143516792076,-0.012795052908437066,2.659363188896025,7.769072905263764,-0.005697404308473021,0.0013748720958086376,7.464376401244824,7.975223112203177,0.0010307978458085198,0.0007056290835413087,3.3238843145140904,3.925778613402934,0.0016340341188116414,-0.0007950068238723436,5.837096193603331,3.5408365052171074,0.006227531534879016,-0.009091016570702364
540,6.279251883349406,2.007406956354957,-0.0034354920304066035,-0.0028375373713536976,6.991753557868424,1.3431627875733805,-0.003034472008844881,-0.003799089541375581,1.2080074997257706,7.5558065752006405,-0.012564823818039342,0.0004737383375070759,2.237279688232746,1.9614628852252938,0.0019909345685348565,0.0019923524452799685,6.798826988084518,7.773720669480896,0.0011496573927662816,0.00029829323525501657,7.466795646443987,1.7001951112825953,-0.0042229324461376515,-0.002682996872931266,1.5147046118483904,1.3640702756056635,-0.0026041971430186043,-0.005476021522606343,1.8883786514181347,2.992884287833704,-0.007001311670118093,-0.01119476920798347,4.351805319340967,6.848818287706588,0.0029847109812555553,0.01688955355672788,8.8769805904211,1.8005714756727922,0.008086507576489847,-0.0045603103826282534,5.917632440263198,5.398005374279302,-0.01039781182329124,-0.010421905345523631,2.5963090356896235,2.3094510010532967,0.00825698681949405,-0.0047710728130533125,2.5593079014312305,6.456086278132065,-0.012273957082518277,-0.005797531358258356,8.41735177468248,2.4301798902125955,0.015014387464296366,-4.618949731097425e-05,8.049936013898972,4.638405110223594,0.005983333873756623,0.0004153885611529397,4.637010378921783,3.713141607915687,0.011464881889813676,-0.012495404996067178,2.6590783186806015,7.769141648868555,-0.005069515070089481,0.0016147228571663343,7.464427941137114,7.975258393657354,0.0007512097589234702,0.0007336197401830362,3.323966016220031,3.9257388630617402,0.0016429865867145822,-0.0007856337843973939,5.837407570180075,3.540381954388572,0.006134241862145011,-0.00855257200750579
541,6.279080108747886,2.0072650794863893,-0.0035798745212993646,-0.002606281887391162,6.991601834267981,1.3429728330963118,-0.002542786016469935,-0.0036695906196089,1.2073792585348686,7.5558302621175155,-0.011949312309159169,0.00042011822048488537,2.2373792349611725,1.9615625028475578,0.0017826213641271916,0.0022077510649617057,6.798884470954157,7.773735584142658,0.0010046051993142734,0.00026054314087341516,7.46658449982168,1.7000609614389488,-0.0040290747978300335,-0.0023106201486709763,1.5145744019912395,1.3637964745295332,-0.0033428104643066447,-0.00568965042556277,1.8880285858346288,2.992324549373305,-0.0069030719538363,-0.011162499260877074,4.351954554890029,6.849662765384425,0.0027453070638619277,0.016561579512091112,8.877384915799924,1.8003434601536608,0.00797871556895008,-0.004629316820070905,5.917112549672033,5.397484279012026,-0.009855739970575449,-0.010330907572497869,2.596721885030598,2.309212447412644,0.008239865024069,-0.004752791878991656,2.5586942035771045,6.455796401564152,-0.01132570217791562,-0.0048283313953486106,8.418102494055695,2.43017758073773,0.014340990396062365,0.00013115541233104527,8.05023518059266,4.638425879651652,0.003221778525824815,0.0006872622822860358,4.6375836230162735,3.7125168376658837,0.011273698944717775,-0.012171260649235436,2.658824842927097,7.769222385011413,-0.004443079551894357,0.0018451401692505481,7.46446550162506,7.975295074644363,0.0004760343795960464,0.0007591465576998774,3.324048165549367,3.92569958137252,0.0016476301576229153,-0.0007745075538496308,5.837714282273183,3.5399543257881967,0.006027715602392158,-0.008004861016962373
542,6.278901115021821,2.0071347653920197,-0.0037120587198437756,-0.0023737139470993047,6.991474694967158,1.3427893535653312,-0.002055805993882239,-0.003533831447032951,1.2067817929194107,7.5558512680285395,-0.0113177765284559,0.00036665426054449744,2.237468366029379,1.9616728904008058,0.0015756126905236611,0.002422501552570224,6.798934701214122,7.773748611299702,0.0008618920913473666,0.0002234309207638385,7.466383046081789,1.6999454304315154,-0.0038295062596147822,-0.001940845350334871,1.5144072614680242,1.363511992008255,-0.0040564479597049365,-0.005884248552138772,1.8876834322369371,2.9917664244102613,-0.006789784951286262,-0.011103049139428387,4.352091820243222,6.85049084436003,0.002504426466950019,0.01619958093467843,8.877783851578371,1.8001119943126571,0.007853402092657611,-0.004685197320620918,5.916619762673504,5.396967733633401,-0.009301225384619303,-0.010216129980433959,2.597133878281802,2.3089748078186942,0.008220612207014427,-0.004733491388620093,2.558127918468209,6.455554984994385,-0.010370468753221729,-0.0038688676031159636,8.418819543575498,2.4301841385083467,0.01364689228587345,0.0003041821729752928,8.05039626951895,4.638460242765766,0.0005143037269068904,0.0009513006889879345,4.638147307963509,3.711908274633422,0.011058633368524744,-0.011823981398584326,2.6586026889495025,7.769314642019876,-0.0038196311339788905,0.0020657602413897413,7.46448930334404,7.975333031972248,0.00020586036035448002,0.0007822011554283623,3.324130547057248,3.9256608559948276,0.0016480501727917439,-0.0007616953946045581,5.838015668053302,3.5395540827373484,0.005908516894477763,-0.0074494613711637665
543,6.278715512085829,2.007016079694665,-0.003831988627121326,-0.0021404445005962646,6.991371904667464,1.3426126619929797,-0.0015746435068180703,-0.003392292277222374,1.2062159040929878,7.555869600741567,-0.010672155861497317,0.00031347660405142214,2.237547146663905,1.9617940154784343,0.0013702837358082352,0.002636211298420257,6.79897779581869,7.77375978284574,0.000721622086981053,0.00018697866408094618,7.466191570768808,1.6998483881639985,-0.0036248542478603345,-0.001574538371585496,1.5142044390700389,1.3632177795806482,-0.004743887491557505,-0.006059757599486463,1.8873439429893728,2.99121127195329,-0.006662072443915389,-0.01101717902286373,4.35221704156657,6.851300823406763,0.0022627046173012456,0.015805228372920813,8.878176521683004,1.7998777344466261,0.0077112746643500886,-0.004728107516606999,5.916154701404273,5.39645692713438,-0.008735934313385613,-0.010078394559240391,2.5975449088921527,2.308738133249263,0.00819929950522538,-0.00471321243925047,2.5576093950305476,6.455361541614229,-0.009410801908700401,-0.0029213195772007797,8.419501888189792,2.4301993476169956,0.012934294152449097,0.00047255537607259634,8.050421984705295,4.638507807800216,-0.0021335386483526176,0.0012070199798165757,4.638700239631935,3.7113170755634926,0.010820760184374766,-0.011454955977576408,2.6584117073928035,7.7694179300319455,-0.003200661227631579,0.0022762519613023077,7.4644995963620575,7.975372142030019,-5.874939435503493e-05,0.0008027815218193725,3.324212949565888,3.9256227712250973,0.0016443406121872915,-0.0007472672704559841,5.838311093898026,3.5391816096687903,0.005777228865255262,-0.006887934563967711
544,6.278523912654473,2.006909057469635,-0.003939640139917343,-0.0019070725053880523,6.991293172492123,1.3424430473791185,-0.0011003705669457968,-0.0032454570080394833,1.205682296299913,7.55588527457177,-0.010014381269891558,0.0002607117533192914,2.2376156608506954,1.9619258260433554,0.00116699859232233,0.0028484963967446266,6.799013876923039,7.773769131778945,0.0005838941045168934,0.00015120730825462944,7.466010328056415,1.6997696612454192,-0.003415744770750697,-0.0012125369539290136,1.513967244695461,1.3629147917006739,-0.005403999915214494,-0.0062161682992701184,1.887010839367177,2.990660413002147,-0.006520578286850571,-0.010905698036364622,4.352330176797436,6.8520910848254095,0.0020207647477263014,0.015380235672870451,8.878562085416222,1.7996413290707958,0.007553066916518612,-0.004758231964391879,5.915717904688604,5.395953007406417,-0.00816152245547123,-0.009918562198625584,2.597954873867414,2.3085024726273007,0.008175997503296988,-0.004691995249170176,2.5571388549351126,6.455215475635369,-0.008449200563409046,-0.001987788082925674,8.420148602897415,2.4302229753857993,0.012205393741645662,0.0006359587936600204,8.050315307772877,4.638568158799207,-0.004716470723547876,0.0014539680366520108,4.639241277641154,3.7107443277646137,0.010561187246407245,-0.011065596238597215,2.6582516743314217,7.769531742630011,-0.0025876164911080033,0.0024763169876135856,7.464496658892339,7.97541228110611,-0.00031725855609768554,0.0008208918761620563,3.3242951665964973,3.9255854078615746,0.0016366036651659672,-0.0007312956109246081,5.838599955341289,3.538837212940592,0.005634451744527109,-0.006321822273523649
545,6.278326930647477,2.0068137038443656,-0.004035020393325651,-0.0016741836988085615,6.991238153963775,1.3422807745287164,-0.0006340178418032779,-0.0030938118898931038,1.2051815772364185,7.555898310159436,-0.009346370653422198,0.0002084823323453328,2.2376740107803115,1.9620682508631926,0.0009661097896481044,0.0030589821513117153,6.799043071628264,7.773776692144358,0.0004488018708610613,0.00011613669570949583,7.4658395408178775,1.6997090343977228,-0.003202800894949158,-0.0008556492257849758,1.5136970446997002,1.3626039832857104,-0.006035749809551168,-0.0063535193375604685,1.8866848104528344,2.9901151281003284,-0.006365966302602582,-0.010769461126970834,4.352431215034822,6.852860096609053,0.0017792166133474598,0.01492635471938904,8.878939738762048,1.7994034174725761,0.007379536175722024,-0.004775783032190619,5.915309828565831,5.395457079296486,-0.00757963105822125,-0.009737529660628026,2.598363673742579,2.308267872864842,0.008150776195302583,-0.004669879225161944,2.556716394906942,6.455116086231223,-0.007488112246978223,-0.0010702915770644614,8.420758872584496,2.4302547733254825,0.011462380105731184,0.0007940957373675731,8.050079484236699,4.63864085720104,-0.007229495650242338,0.0016917248421170021,4.639769337003474,3.710191047952684,0.010281051731427961,-0.01065733310314856,2.6581222935068665,7.769655558479391,-0.0019818962199284274,0.002665689758363827,7.464480795964534,7.9754533256999185,-0.0005691581153108632,0.0008365425178416057,3.3243769967797556,3.9255488430810286,0.001624949290289706,-0.000713855074705383,5.838881677928516,3.5385211218269155,0.00548080097965402,-0.005752642953930768
546,6.278125179627811,2.006729994659425,-0.004118167040048973,-0.0014423494311300846,6.991206453071685,1.3421260839342217,-0.0001765730083719499,-0.0029378442571802816,1.2047142587037474,7.555908734276053,-0.008670024349189849,0.00015690686751241374,2.2377223162697937,1.9622211999707582,0.0007679577942512979,0.003267303528389427,6.799065511721808,7.773782498979143,0.0003164336748105198,8.1785516778034e-05,7.46567940077313,1.6996662519364336,-0.002986641254115795,-0.0005046523484597207,1.5133952572092226,1.3622863073188325,-0.0066381959567413835,-0.006471896179145387,1.8863665121377042,2.98957665504398,-0.006198918172243666,-0.010609365895220973,4.3525201758654894,6.853606414345022,0.0015386552704587642,0.014445370200562494,8.879308715570835,1.7991646283209666,0.007191461036154063,-0.004780999743383409,5.914930847012919,5.394970202813455,-0.006991883139763862,-0.009536226530583856,2.5987712125523443,2.3080343789035838,0.008123705023377515,-0.0046469030577652535,2.556341989294593,6.45506257165237,-0.0065299281370496415,-0.0001707630136424847,8.421331991589783,2.430294478112351,0.01070742832636049,0.0009466893604982815,8.049718009454187,4.638725443443145,-0.009667903776960543,0.0019199028073537358,4.640283389590046,3.7096581812975264,0.009981516636207137,-0.01023161255548964,2.65802319869587,7.769788842967309,-0.0013848499143005774,0.002844137417376294,7.464452338058769,7.97549515282581,-0.000813967039153457,0.0008497496637887582,3.32445824424427,3.9255131503272933,0.0016094947656224334,-0.000695022312864337,5.839155717977499,3.538233489679219,0.005316905354541424,-0.005181888561643891
547,6.277919271275808,2.0066578771878687,-0.004189147469620882,-0.0012121255608965394,6.991197624421266,1.3419791917213628,0.00027102074882809666,-0.0027780412855605455,1.204280757486288,7.555916579619429,-0.007987220775929752,0.00010609958346946755,2.2377607141595064,1.9623845651471776,0.000572870542726629,0.003473105603057806,6.799081333405549,7.773786588254982,0.00018687289453448358,4.8171355633775084e-05,7.465530068710424,1.6996410193190106,-0.0027678786020658907,-0.00016029127000313727,1.5130633474113855,1.3619627125098752,-0.007210491575727964,-0.006571429801346787,1.886056566229092,2.989046186749219,-0.0060201313293872126,-0.010426349391447433,4.352597108629013,6.8543286828550505,0.001299659919608919,0.01393909440790814,8.879668288622643,1.7989255783337974,0.006989638934635968,-0.004774146579215901,5.914581252855931,5.394493391486925,-0.006399879841622339,-0.009315612154639217,2.5991773978035133,2.3078020337506957,0.008094852936798057,-0.004623104815599922,2.5560154928877408,6.455054033501687,-0.005576978349251829,0.0007089530646366232,8.4218673630061,2.4303418125803757,0.00994269439120973,0.001093482903707295,8.04923461426534,4.638821438583513,-0.012027277961385203,0.0021381470113542647,4.640782465421856,3.7091466006697518,0.00966376728903826,-0.009789891688764311,2.657953956200155,7.769931049838179,-0.0007977750257636007,0.0030114596605175245,7.464411639706811,7.975537640309,-0.0010512328446117248,0.0008605352747926452,3.3245387189825513,3.92547839921165,0.001590364230846121,-0.0006748757323825534,5.839421563245225,3.537974395251137,0.005143405117607498,-0.004611021421779358
548,6.277709813902327,2.006597270909824,-0.004248057970853357,-0.0009840514138410163,6.991211175458708,1.3418402896570847,0.0007078660946190788,-0.0026148887775883575,1.2038813964474915,7.555921884598602,-0.007299812231128186,5.61702143588033e-05,2.2377893576866428,1.9625582204273304,0.000381163011756798,0.0036760439432786947,6.799090677050275,7.773788996822764,6.019763176351014e-05,1.531077727597471e-05,7.465391674780321,1.6996330047555104,-0.002547118413181947,0.00017672241236318373,1.5127028228325992,1.3616341410198078,-0.007751884314348022,-0.006652295342545287,1.8857555596626228,2.9885248692796464,-0.00583031686217156,-0.010221384885530177,4.352662091624993,6.855025637575446,0.0010627928143541563,0.01340936208456874,8.880017770569374,1.7986868710048367,0.006774883733065415,-0.0047555122447941215,5.91426125886385,5.394027610879193,-0.005805196918084933,-0.009076672571766722,2.5995821404503534,2.3075708785099156,0.008064288467882525,-0.004598522038861081,2.555736643970278,6.4550894811549195,-0.004631527485806345,0.0015671031484928769,8.422364497725662,2.430396486725561,0.009170310233621868,0.0012342398849348461,8.04863325036727,4.63892834593408,-0.014303498031756854,0.0023461353532364107,4.641265653786308,3.7086571060853135,0.009329007883958074,-0.009333634812318383,2.657914067448867,7.770081622821205,-0.00022191488465430156,0.003167488504036765,7.4643590780645805,7.975580667072739,-0.001280532087335643,0.0008689268713619615,3.3246182371940938,3.925444655425031,0.0015676882225251559,-0.0006534952606306481,5.839678733501105,3.537743844180048,0.004960950123210586,-0.004041471239007337
549,6.277497411003784,2.006548068339132,-0.004295022840880959,-0.0007586488065596509,6.991246568763438,1.3417095452182053,0.0011331127548932117,-0.0024488699791015674,1.203516405835935,7.55592469310932,-0.006609620848006837,7.223830517241563e-06,2.2378084158372307,1.9627420226244943,0.0001931368321968535,0.003875784977368548,6.7990936869318634,7.773789762361627,-6.35192165840936e-05,-1.6780838391563834e-05,7.465264318859662,1.6996418408761285,-0.002324957532514932,0.0005057114808453562,1.5123152286168817,1.3613015262526806,-0.008261716005563262,-0.006714710670710456,1.8854640438195143,2.98801380003537,-0.0056301974283128366,-0.009995478618782232,4.352715231265711,6.855696105679675,0.0008285982369317287,0.012858025333293041,8.880356514756027,1.798449095392597,0.006548023314197558,-0.0047254084022848525,5.913970999017946,5.393573777250604,-0.005209381368031921,-0.00882041744807942,2.5999853548737475,2.3073409524079724,0.00803207980017505,-0.00457319181983774,2.5555050675959876,6.455167836312344,-0.003695770448073859,0.0024020270975911107,8.422823013237343,2.430458198719808,0.00839237894399565,0.001368744234372436,8.047918075465683,4.639045652701742,-0.01649274440546578,0.0025435786190431166,4.641732104180506,3.7081904243446977,0.00897845804578229,-0.00886430962856169,2.657902971704634,7.7702399972464065,0.00034154319049167726,0.0033120879773167237,7.464295051460214,7.975624113416307,-0.0015014707668799302,0.000874957339830072,3.32469662160522,3.925411980661999,0.0015416032038350895,-0.0006309621113415836,5.839926781007266,3.5375417706180974,0.0047701979908795974,-0.0034746322572501696
550,6.27728265986174,2.0065101358988042,-0.0043301934442307516,-0.0005364211359257214,6.991303224401183,1.3415871017192502,0.0015459585834239628,-0.0022804644286329775,1.2031859247935348,7.555925054300846,-0.005918434718885702,-4.0639319264191664e-05,2.2378180726788406,1.9629358118733626,9.079908702141039e-06,0.004072006357698163,6.799090510971034,7.7737889233197075,-0.00018420969704190018,-4.808908525669984e-05,7.465148070983036,1.6996671264501708,-0.002101982877831635,0.0008260340165845703,1.5119021428166035,1.360965790719145,-0.00873942219371225,-0.006758934877315137,1.8851825339480985,2.987514026104431,-0.0054205051881451565,-0.009749666546489164,4.352756661177558,6.85633900694634,0.0005976015419089639,0.012286948595587802,8.880683915921736,1.7982128249724827,0.006309897196468751,-0.004684168375226325,5.913710529949544,5.3931327563782006,-0.004613948214435011,-0.008547877021054869,2.6003869588637563,2.3071122928169805,0.007998294832610837,-0.004547150874698939,2.555320279073584,6.455287937667224,-0.002771828517570166,0.0032121601900906584,8.423242632184543,2.4305266359315265,0.007610970161026017,0.0014968003753617481,8.04709343824541,4.639172831632694,-0.018591500874752587,0.002730220464821584,4.6421810270827955,3.7077472088632697,0.00861334943385101,-0.008383383487368123,2.657920048864159,7.7704056016452725,0.000891469600970644,0.003445153742504592,7.46421997792187,7.9756678612832985,-0.0017136846492172716,0.0008786647294080736,3.324773701765412,3.925380432556432,0.0015122510900559606,-0.0006073585526331606,5.8401652909068105,3.537368039005235,0.0045718122865488426,-0.002911860571939403
551,6.277066150189529,2.006483314842008,-0.004353747225394585,-0.0003178525350412451,6.9913805223303545,1.3414730784978186,0.0019456504843542043,-0.0021101468419783484,1.2028900030575904,7.555923022334882,-0.005228004190872581,-8.732394987736794e-05,2.2378185266742756,1.9631394121912475,-0.00017073390377073808,0.004264397280096475,6.799081300486182,7.773786518865444,-0.00030181094518606354,-7.860063151616362e-05,7.465042971839144,1.699708428151,-0.0018787701956841144,0.0011370842102281862,1.5114651717069179,1.3606278439752792,-0.009184531437143602,-0.006785266702077919,1.8849115086886912,2.9870265427771066,-0.005201979760410882,-0.009485011079456476,4.352786541254654,6.856953354376119,0.0003703082686694198,0.011698003712991949,8.880999410781559,1.7979786165537215,0.006061354173397712,-0.004632145827838549,5.9134798325388225,5.392705362527148,-0.004020377436257932,-0.008260099061085744,2.600786873605387,2.3068849352732457,0.007963001224993296,-0.00452043559858937,2.555181687647705,6.455448545676728,-0.0018617457092088767,0.003996034887533721,8.423623180692594,2.4306014759502945,0.0068281156502706195,0.0016182332522403993,8.046163863201672,4.639309342655935,-0.02059655657129359,0.002905837317907998,4.642611694554488,3.7073280396889015,0.00823492239210355,-0.007892319725632995,2.6579646223442075,7.7705778593323975,0.0014267939932114013,0.0035666126436194614,7.464134293689408,7.975711794519769,-0.0019168395075789728,0.0008800920408970632,3.324849314319915,3.9253500646288004,0.0014797787711117137,-0.0005827676776140958,5.840393881521138,3.5372224459766377,0.00436646072984914,-0.002354471598118281
552,6.2768484628282595,2.006467422215256,-0.004365886678418768,-0.00010340709633906012,6.991477804854572,1.3413675711557196,0.002331485191302629,-0.0019383860339185046,1.2026286028480468,7.555918656137388,-0.004540038339262568,-0.00013273986642704035,2.237809989979087,1.9633526320552523,-0.00034604508448086296,0.004452658790355853,6.799066209938923,7.7737825888338685,-0.00041626510511415997,-0.00010830315640460972,7.4649490333293596,1.6997652823615115,-0.0016558828733956926,0.0014382930639892536,1.5110059451350606,1.3602885806401754,-0.009596664394004887,-0.006794042894028343,1.8846514097006706,2.986552292223134,-0.004975366205399595,-0.009202597832733379,4.352805056668087,6.857538254561769,0.00014720332340610145,0.011093065080972006,8.881302478490229,1.7977470092623296,0.0058032499829123,-0.004569713423197408,5.913278813667009,5.392292357574094,-0.003430111056999213,-0.007958145857563229,2.6011850236666367,2.306658913493316,0.007926266424234272,-0.004493082105309178,2.555088600362245,6.455648347421105,-0.000967485399762685,0.0047522823170654946,8.423964586475108,2.4306823876129067,0.006045805076881545,0.0017328883062586837,8.045134035373108,4.63945463452183,-0.022505007123234163,0.003070238198505204,4.643023440674093,3.70693342370262,0.007844422652815139,-0.007392574099222833,2.658035962043868,7.770756189964579,0.001946506601643704,0.0036764221878502075,7.464038451714029,7.9757557991218135,-0.0021106312828585694,0.0008792870077753221,3.3249233032584704,3.9253209262449196,0.0014443376324159256,-0.0005572731780889242,5.84061220455763,3.537104722396732,0.0041548134313505744,-0.001803737697212828
553,6.276630168494338,2.0064622518604387,-0.004366838277053877,0.00010647183773316755,6.9915943791141375,1.3412706518540236,0.0027028099043664633,-0.0017656438789552058,1.2024016009310836,7.555912019144067,-0.0038562016234656273,-0.00017680207518825988,2.237792687724863,1.9635752649947702,-0.0005166086725375714,0.004636504062035591,6.799045396683668,7.773777173676049,-0.0005275191900536965,-0.00013718537093467933,7.46486623918569,1.699837197014711,-0.0014338708086752698,0.0017291289858807194,1.5105261119153603,1.359948878495474,-0.009975532698351778,-0.0067856365144248155,1.8844026413904007,2.9860921623314973,-0.004741413039862561,-0.008903532389479722,4.352812416834257,6.858092907815817,-7.124976889731201e-05,0.010474004905470088,8.881592640989375,1.7975185235911697,0.005536445011755549,-0.004497261464102699,5.913107308114159,5.391894450281216,-0.002844550393631306,-0.007643091236476078,2.6015813369878487,2.306434259388051,0.007888157674054163,-0.004465126253966461,2.555040226092257,6.455885961536959,-9.092723377963246e-05,0.0054796334736401265,8.424266876728952,2.43076903202822,0.0052659819787014995,0.0018406314007959035,8.044008785016945,4.639608146431756,-0.024314255019948026,0.0032232644637926926,4.643415661806734,3.706563794997659,0.007443098101028692,-0.006885591314158848,2.6581332873739503,7.7709400110739715,0.0024496594098821715,0.003774569961866125,7.463932920149887,7.975799763472202,-0.0022947861649872184,0.0008763018703793796,3.3249955201400914,3.925293062586015,0.0014060830752597583,-0.000530959121857839,5.840819945229197,3.5370145355118714,0.00393754116348987,-0.0012608859648347267
554,6.276411826580485,2.0064675754523256,-0.004356851369027056,0.00031136231619444826,6.991729519609356,1.3411823696600758,0.0030590227866254286,-0.0015923743127811908,1.2022087908499104,7.555903179040308,-0.0031781107297154483,-0.00021943087906439133,2.2377668572912364,1.963807090197872,-0.0006821944971263381,0.004815658689347306,6.799019020724165,7.773770314407502,-0.000635525197044442,-0.0001652370106037149,7.464794545645256,1.699923653464005,-0.001213269338389365,0.002009098277064921,1.5100273352804428,1.3596095966697528,-0.010320937634104984,-0.006760455187076309,1.8841655707384075,2.985646985712023,-0.004500870287950459,-0.008588937087725582,4.352808854345812,6.858616608061091,-0.00028460954220163354,0.0098426885716533,8.881869463239962,1.7972936605179646,0.005261802039920403,-0.004415196520427365,5.912965080594478,5.391512295719392,-0.002265053469205088,-0.007316017616272177,2.6019757448715515,2.3062110030753527,0.007848742008528798,-0.0044366036625180325,2.555035679730568,6.456159943210641,0.0007661356915532407,0.006176920145507715,8.424530175827886,2.4308610635982597,0.004490539945283772,0.001941348697204036,8.042793072265948,4.6397693096549455,-0.026022009201435915,0.0033647894769517346,4.643787816711785,3.706219515431951,0.007032195606404865,-0.006372801663473411,2.6582557703444443,7.771128739572065,0.002935367131410566,0.0038610729860620073,7.4638181808416375,7.975843578565721,-0.002469060596855526,0.0008711931438989022,3.3250658242938544,3.925266514629922,0.0013651740379514474,-0.0005039097340873004,5.841016822287371,3.5369514912136295,0.003715313668747321,-0.0007270961815230468
555,6.276193984012034,2.0064831435681354,-0.004336197038008252,0.0005108643530998533,6.9918824707486875,1.3411027509444367,0.0033995733220670028,-0.0014190223760641336,1.2020498853134247,7.555892207496354,-0.0025073316042503626,-0.0002605519576556578,2.23773274756638,1.9640478731323392,-0.0008425873398065317,0.004989860925360958,6.798987244464313,7.773762052556972,-0.0007402398263746705,-0.0001924487552088361,7.464733882178336,1.7000241083778582,-0.0009945982278389016,0.00227774551350482,1.5095112883987376,1.3592715739103989,-0.01063276861471848,-0.00671893930162545,1.88394052722401,2.9852175388576367,-0.004254487572236501,-0.008259947837541587,4.352794623868702,6.859108742489673,-0.0004924571967511127,0.00920097013391825,8.882132553341958,1.7970729006919433,0.00498018402985178,-0.004323940046683658,5.912851827921017,5.391146494838578,-0.0016929325919054442,-0.006978013108482178,2.6023681819719777,2.3059891728922266,0.00780808622901838,-0.0044075497095678534,2.5550739865151457,6.456468789217916,0.0016019993618372368,0.006843075566894521,8.424754702825151,2.43095813103312,0.0037213190077547676,0.00203494648269997,8.041491971805875,4.639937549128793,-0.02762628389083671,0.0034947182036223043,4.644139426492106,3.705900875348777,0.006612957928894082,-0.005855617775769708,2.6584025387010146,7.771321793221368,0.003402808011376051,0.003935977009748319,7.463694727811795,7.975887138222916,-0.002633241202514664,0.0008640213809045018,3.325134082995752,3.9252413191432174,0.0013217725188876901,-0.0004762091832063738,5.841202587970809,3.5369151364045535,0.0034887980084646157,-0.00020349892788206457
556,6.275977174160134,2.00650868678579,-0.004305166936842339,0.0007046004332921318,6.992052449414791,1.3410317998256334,0.003723962537155954,-0.0012460233019830475,1.2019245187332122,7.555879179898471,-0.0018453766800976203,-0.000300096432084475,2.23769061819939,1.9642973661786072,-0.0009975870428051814,0.005158861903171393,6.798950232472994,7.773752430119211,-0.0008416246369311325,-0.0002188122999388584,7.464684152266945,1.7001379956535334,-0.0007783607217062431,0.0025346538233410594,1.5089796499680017,1.3589356269453177,-0.010911001476731382,-0.006661560175343167,1.883727802845398,2.98480454146576,-0.004003012248695513,-0.007917710975892871,4.352770001008865,6.859568790996369,-0.0006943971360813316,0.008550687935697457,8.88238156254345,1.796856703689609,0.004692451964935096,-0.004223926993482477,5.9127671812914215,5.390797594183154,-0.0011294521028652601,-0.006630168669346249,2.6027585862834286,2.305768795406748,0.007766256863188531,-0.004377999523969735,2.5551540864832374,6.456810942996261,0.002415051101135247,0.00747713480238289,8.424940768775539,2.431059878357255,0.002960102243800752,0.002121350951815498,8.040110657611333,4.640112285038974,-0.029125396689998886,0.0036129867384337416,4.6444700743885505,3.7056080944599885,0.006186620704305036,-0.005335431481099916,2.6585726791015833,7.771518592071856,0.0038512244515138813,0.003999355750377316,7.46356306575167,7.975930339291962,-0.002787144641540204,0.0008548509291252092,3.325200171621696,3.925217508684057,0.001276043102705656,-0.00044794137176224326,5.841377027871232,3.5369049614581596,0.003258656955517096,0.0003088261348716954
557,6.275761915813291,2.0065439168074546,-0.0042640720956105636,0.0008922159505968633,6.992238647541648,1.3409694986605343,0.004031743088562514,-0.0010738016488138242,1.2018322498992073,7.555864175076867,-0.0011937023000380687,-0.0003380009147584152,2.23764073884725,1.9645553092737658,-0.001147008602552595,0.005322425851653132,6.798908151241148,7.773741489504214,-0.000939645720593038,-0.0002443202970581646,7.46464523423086,1.7002647283447005,-0.0005650426576573253,0.002779445061647634,1.5084340998941652,1.3586025489365505,-0.011155696595657166,-0.00658881817896388,1.8835276522329634,2.9844086559169654,-0.003747187589312457,-0.007563380166191527,4.352735281152061,6.859996325393154,-0.0008900574339364306,0.007893660367097387,8.882616185141698,1.796645507339935,0.004399462741566675,-0.004115604416494615,5.912710708686278,5.390466085749687,-0.0005758262945713107,-0.006273575308417528,2.603146899126588,2.30554989543055,0.007723320111746768,-0.004347987965007454,2.555274839038294,6.45718479973638,0.0032037715485462234,0.008078234868066822,8.425088773887728,2.4311659459048456,0.0022086126014262066,0.0022005079429963915,8.038654387776832,4.640292934375895,-0.03051796595945487,0.003719561764365836,4.644779405423765,3.7053413228859333,0.00575440951550847,-0.004813610799357434,2.658765240324159,7.771718559859375,0.004279923460619829,0.004051310079966197,7.463423708519593,7.975973081838418,-0.0029306173915838304,0.0008437496851881163,3.3252639737768313,3.925195111615469,0.0012281524906309596,-0.0004191897326461993,5.8415399607190075,3.536920402764903,0.003025547433872109,0.0008088518183763054
558,6.2755487122085105,2.0065885276049844,-0.004213241708067461,0.001073379578885757,6.992440234696076,1.3409158085780937,0.004322519219841041,-0.0009027704787188769,1.2017725647842055,7.555847275031129,-0.0005537063377797648,-0.0003742075442853129,2.2375833884171223,1.9648214305663485,-0.0012906822300861132,0.005480330302355804,6.798861168955118,7.773729273489361,-0.0010342738880670123,-0.0002689663167123391,7.464616982097977,1.700403700597783,-0.0003551116434053626,0.0030117798844381868,1.5078763150643824,1.3582731080276023,-0.01136699683291798,-0.006501240832055719,1.8833402928534977,2.984030486908656,-0.0034877510157922407,-0.007198113349292995,4.352690778280364,6.860391008411509,-0.0010790902315049617,0.007231681767873081,8.882836158278776,1.7964397271191104,0.004102067118870091,-0.003999430086447748,5.9126819173715495,5.390152406984266,-3.3217501227545136e-05,-0.005909321359838676,2.6035330651321753,2.3053324960322996,0.007679341783447296,-0.004317549594735611,2.5554350276157214,6.457588711479783,0.003966736357019084,0.008645614595102682,8.4251992045178,2.4312759713019956,0.001468509944501567,0.0022723826320182232,8.03712848947886,4.640478912464114,-0.031802907505449424,0.003814439947803557,4.645067125899541,3.7051006423459656,0.005317537054671074,-0.004291497055955754,2.6589792364971903,7.771921125363373,0.004688276933369343,0.004091967161939413,7.4632771776500135,7.976015269322677,-0.0030635354612725315,0.000830788845026652,3.325325381401363,3.9251741521288364,0.0011782690361013743,-0.00039003703107864647,5.841691238090701,3.536960845355822,0.0027901190078794737,0.0012956047944561266
559,6.275338050123107,2.0066421965839285,-0.004153021899973905,0.0012477835765909375,6.992656360657068,1.3408706700541577,0.004595946590116211,-0.0007333305837542731,1.2017448794673165,7.555828564653915,7.327398117217498e-05,-0.00040866400578714034,2.237518854305618,1.9650954470814663,-0.0014284533445483277,0.005632366235336759,6.798809455260715,7.773715825173525,-0.0011254843995047808,-0.00029274488690631656,7.464599226515807,1.700554289592005,-0.0001490162978655524,0.003231357724004853,1.5073079652227364,1.3579480459859994,-0.01154512532275813,-0.0063993808733728485,1.883165905302708,2.983670581241191,-0.003225432387636746,-0.006823069752401447,4.352636823768789,6.860752592499902,-0.0012611720655494243,0.0065665184827116444,8.88304126163472,1.796239755614788,0.0038011077298870217,-0.0038758711036108217,5.912680256496488,5.389856940916275,0.0004972656380190649,-0.005538489821703246,2.603917032221348,2.305116618552563,0.0076343872221041114,-0.004286718644831193,2.5556333644335725,6.458020992209538,0.004702617616408764,0.009178614241792499,8.425272630015025,2.4313895904335965,0.0007413883224964716,0.0023369591839570093,8.035538344103587,4.640669634461504,-0.032979430597895515,0.0038976472722444095,4.645333002752274,3.7048860674931676,0.0048772003815658535,-0.00377040212914073,2.6592136503438586,7.77212572372147,0.005075721760648559,0.004121479541663393,7.46312400087695,7.976056808764929,-0.0031858040357400455,0.0008160426516562358,3.3253842948531678,3.9251546502772823,0.001126562286708451,-0.00036056517271865755,5.841830744041095,3.5370256255955446,0.002553012423951984,0.0017681668165880102
560,6.275130399028108,2.006704585762758,-0.004083774482812517,0.0014151440254062833,6.9928861579865735,1.34083400352497,0.00485173197808491,-0.000565869759966987,1.201748543166375,7.555808131453626,0.000685964057994767,-0.000441323536890688,2.2374474316383903,1.9653770653932332,-0.0015601825570629876,0.005778338240790118,6.798753181040739,7.77370118792918,-0.001213257012142241,-0.00031565144332666554,7.464591775700914,1.700715857478205,5.2814443144256356e-05,0.0034379166678712553,1.5067307089565984,1.3576280769423308,-0.011690383108269978,-0.006283814311576906,1.8830046336833264,2.983329427753571,-0.00296095234764566,-0.006439406962058959,4.352573765165511,6.8610809184240376,-0.0014360041281640265,0.00589990507525957,8.883231317021213,1.7960459620596074,0.0034974171578313496,-0.003745402520128699,5.912705119778389,5.38958001642519,0.0010145697425375838,-0.005162155768621618,2.604298751582453,2.304902282620321,0.007588521220878608,-0.004255528974813937,2.555868495314393,6.458479922921628,0.005410185003421148,0.009676674860827322,8.42530969943115,2.4315064383927942,2.877346618023141e-05,0.0023942403655172807,8.033889372573693,4.640864516825116,-0.03404703334426681,0.003969238313704751,4.645576862771352,3.7046975473867105,0.0044345782826516,-0.0032516058328561836,2.659467436431891,7.772331797698554,0.005441759774912378,0.004140024193989404,7.462964710675163,7.9760976108975115,-0.003297357057192681,0.0007995881410075165,3.3254406229675033,3.9251366220186465,0.0010732025334601021,-0.00033085501823996424,5.841958394662293,3.537114033936374,0.0023148582071029636,0.002225675776180463
561,6.274926210303968,2.006775342964028,-0.004005875696330219,0.001575201004059776,6.993128744585478,1.3408057100369717,0.005089632864879112,-0.0004007621303149946,1.2017828413692748,7.555786065276781,0.0012831536979438654,-0.00047214491970219176,2.2373694225105374,1.9656659823052727,-0.0016857456162209848,0.005918064660008203,6.7986925181901325,7.773685405357013,-0.0012975758154848312,-0.0003376823438894017,7.464594416423071,1.7008877533115987,0.000249971956373473,0.0036312332438309908,1.506146189801185,1.357313886226752,-0.011803146635837133,-0.006155138461642432,1.882856586065944,2.9830074574054684,-0.0026950207276852643,-0.006048278067094029,4.352501964959103,6.861375913677801,-0.0016033124590493783,0.00523354070678703,8.883406187879105,1.795858691933601,0.003191816080752393,-0.003608505973474601,5.912755848265515,5.3893219086367585,0.0015176980803480958,-0.004781383842312781,2.604678177643497,2.3046895061715804,0.00754180793231514,-0.0042240140274589265,2.5561390045645638,6.458963756664669,0.0060883066617172035,0.01013933742878179,8.425311138104458,2.43162615041107,-0.0006678794895343596,0.0024442471195786574,8.03218702090648,4.641062978740801,-0.035005497445484104,0.004029295460947986,4.645798591685485,3.704534967095068,0.003990828735256283,-0.002736353438655896,2.6597395244206363,7.772538798908253,0.005785957534417988,0.004147801531153091,7.462799842822303,7.976137590304562,-0.0033981567430196474,0.000781504886495873,3.3254942830941765,3.9251200792677348,0.0010183603683261851,-0.0003009862046914519,5.842074137572649,3.537225317725183,0.002076275314615279,0.0026673265947416316
562,6.274725916519151,2.006854103014231,-0.003919714943302959,0.001727718698183424,6.9933832262287225,1.3407856719304558,0.005309456899558228,-0.00023836751700438873,1.201846999054172,7.555762458030796,0.0018636986867492467,-0.0005010924591011649,2.2372851352297265,1.965961885538273,-0.0018050333006875052,0.006051377670527612,6.798627639399358,7.773668521239819,-0.001378429181263682,-0.00035883486467750114,7.46460691502089,1.7010693149737903,0.00044206849566408985,0.0038111221137220523,1.505556032469393,1.35700612930367,-0.011883865117444437,-0.0060139699721773795,1.8827218350295598,2.9827050435021136,-0.0024283350173547637,-0.0056508288770980835,4.352421799336151,6.86163759071314,-0.0017628480713421984,0.004569085684838143,8.883565778683142,1.7956782666349274,0.0028851114877058146,-0.003465668334186536,5.912831733169533,5.389082839444643,0.0020057117853570197,-0.004397225824740108,2.605055268040113,2.3044783054702074,0.007494310773173991,-0.004192206780171065,2.55644341989765,6.459470723536109,0.006735949816047312,0.01056624174538531,8.425277744129982,2.4317483627670486,-0.00134718805502151,0.002487018103874717,8.030436746034207,4.641264443513848,-0.035854882360810345,0.00407792808372587,4.645998133122247,3.704398149423135,0.0035470864808392283,-0.0022258533397284787,2.6600288222973574,7.772746188984811,0.006107945950498684,0.004145034374402709,7.462629934985152,7.976176665548887,-0.0034881930440579583,0.0007618747429944861,3.3255452011125928,3.9251050299575003,0.000962206250986957,-0.0002710369739360631,5.842177951338379,3.53735868405492,0.0018378698489220093,0.0030923719533983273
563,6.274529930771986,2.00694048894914,-0.0038256935198605567,0.0018724854474438302,6.993648699073701,1.3407737535546056,0.005511061251208147,-7.90308637007554e-05,1.2019401839885095,7.555737403407841,0.002426522166589633,-0.0005281359477159281,2.237194883564692,1.9662644544217993,-0.0019179512915837279,0.0061781233790105545,6.798558717940295,7.773650579496585,-0.0014558095899012105,-0.00037910710015044957,7.464629018445673,1.7012598710794764,0.0006287376915814946,0.003977435678756256,1.504961839213521,1.356705430805061,-0.011933057770421963,-0.0058609428487948504,1.8826004182786922,2.9824225020582587,-0.002161578897963312,-0.0052481952216843,4.352333656932584,6.861866044997382,-0.001914387012180082,0.00390815818667103,8.883710034257527,1.795504983218218,0.002578094969283559,-0.0033173803709469884,5.9129320187588,5.388862978153406,0.0024777309025398484,-0.004010718298000968,2.6054299835787718,2.304268695131199,0.007446092325809275,-0.004160139694744245,2.556780217388452,6.459999035623378,0.007352181124864867,0.010957125110501767,8.425210384727231,2.4318727136722424,-0.0020078442076476655,0.0025226091957644375,8.028644001916167,4.641468339918035,-0.03659551890963974,0.004115271652281942,4.646175487446289,3.7042868567561484,0.003104460710944481,-0.00172127485967761,2.6603342195948825,7.772953440703531,0.006407419762341311,0.0041319668927432196,7.462455525332949,7.976214759286036,-0.0035674830457127675,0.0007407815908644002,3.325593311425142,3.9250914781088033,0.0009049100856603955,-0.00024108400843783707,5.842269844830826,3.53751330265259,0.0016002338315845442,0.0035001228616017483
564,6.274338646095993,2.007034113221512,-0.003724223344645945,0.0020093137312272784,6.993924252136261,1.3407698020114205,0.005694351851817918,7.691829206279906e-05,1.202061510096839,7.555710996610455,0.002970615812717134,-0.0005532506179675727,2.237098986000113,1.9665733605907498,-0.002024420044102195,0.006298161908439327,6.798485927460799,7.7736316241415775,-0.0015297136629778,-0.0003984980870229649,7.464660455330252,1.7014587428634143,0.000809634986361818,0.0041300635993803,1.5043651863249998,1.3564123836626212,-0.011951310944281441,-0.005696706478566439,1.882492339333794,2.9821600922971743,-0.0018954208440132652,-0.0048415003354631125,4.352237937581974,6.862061452906715,-0.002057730359318667,0.0032523311617459892,8.883838939005992,1.7953391141996706,0.0022715410851025927,-0.003164135435952959,5.913055905303928,5.388662442238505,0.0029329352623297285,-0.0036228803948684567,2.605802288195062,2.304060688146462,0.007397214237346245,-0.0041278446648266645,2.5571478264446954,6.460546891878903,0.007936166776421874,0.011311820787126864,8.425109992516848,2.4319988441320306,-0.0026486159863206315,0.002551092965097225,8.026814225970684,4.641674103500649,-0.0372280023388464,0.004141486811414794,4.646330710481836,3.7042007930131646,0.0026640328690950036,-0.001223746208278682,2.6606545905829995,7.773160039048168,0.006684136864011617,0.004108863512189209,7.462277151180663,7.976251798365579,-0.0036360703147160483,0.0007183110806800874,3.3256385569294253,3.9250794239083815,0.0008466408088395298,-0.0002112022746422166,5.842349856522405,3.53768830879567,0.0013639440400581892,0.0038899490672165966
565,6.2741524349287605,2.0071345789080737,-0.0036157256900120464,0.0021380400942975337,6.994208969728852,1.3407736479260237,0.005859282534284422,0.00022916629609152017,1.202210040887475,7.555683334079556,0.0034950408122749726,-0.0005764170815936221,2.236997764997908,1.9668882686861717,-0.002124374561003998,0.0064113674146357,6.79840944177765,7.773611699237226,-0.0016001422095360885,-0.000417007693526805,7.46470093707957,1.7016652460433832,0.0009844380045436797,0.004268932232791851,1.5037676207777857,1.3561275483386928,-0.01193927514436838,-0.0055219236604717465,1.8823975682915934,2.981918017280401,-0.0016305127941670609,-0.004431852333343236,4.352135051064009,6.862224069464803,-0.002192704155248325,0.002603129416977395,8.883952516060248,1.795180907427873,0.001966205810602914,-0.0030064281734064145,5.913202552067045,5.388481298218762,0.0033705651858684915,-0.003234711643569237,2.6061721489069294,2.3038542959132204,0.007347737116379198,-0.004095352962332633,2.5575446347835165,6.461112482918259,0.008487172333877784,0.01163025625906007,8.424977561717531,2.4321263987802855,-0.0032683488600076206,0.0025725581172072846,8.024952825853742,4.64188117784122,-0.037753184885048745,0.00415675841243861,4.646463912125291,3.7041396057027507,0.002226854571514422,-0.0007343525860155367,2.6609887974262,7.773365482223777,0.006937917488734315,0.004076007798917183,7.462095347664927,7.976287713919613,-0.003694024194379944,0.0006945503792732324,3.3256808889698672,3.9250688637946496,0.0007875659887250258,-0.00018146487417039517,5.8424180537244075,3.537882806249031,0.001129560908741048,0.0042612793105370585
566,6.27397164864426,2.0072414809127888,-0.0035006299183823757,0.002258525013962956,6.994501933855567,1.3407851062408283,0.006005854070059698,0.00037741580428936176,1.2023847929280886,7.555654513225477,0.003998928647312069,-0.0005976212570840799,2.2368915462698578,1.9672088370569034,-0.0022177641818242532,0.00651762809585948,6.798329434667173,7.77359084885255,-0.0016670995329808537,-0.0004346365534693847,7.464750158979797,1.701878692655023,0.0011528468598050931,0.004394003991369666,1.5031706570205672,1.3558514521556693,-0.011897661962092437,-0.005337268646633,1.882316042651885,2.981696424663734,-0.0013674888934569831,-0.00402034178043769,4.352025415856247,6.862354225935652,-0.0023191592803814536,0.001962026887923631,8.884050826350778,1.7950305860192028,0.0016628250652529406,-0.0028447532538336557,5.913371080326338,5.388319562636584,0.003789922023162944,-0.0028471899100653364,2.6065395357627485,2.3036495282651037,0.007297720435092737,-0.004062695186357736,2.5579689934002103,6.4616939957312125,0.009004562335456243,0.011912451292227145,8.424814144274531,2.432255026686146,-0.00386596687188659,0.0025871089081018496,8.02306516660949,4.642089015761842,-0.03817216786174893,0.004161294506408299,4.646575254853866,3.70410288807345,0.0017939456492006168,-0.0002541344387882734,2.6613356933006367,7.773569282613724,0.0071686432556789265,0.00403370131969649,7.461910646455208,7.976322441438577,-0.003741439051265435,0.0006695879176998525,3.3257202672693036,3.9250597905509412,0.0007278514370912892,-0.000151942903023774,5.842474531769844,3.5380958702145575,0.0008976274956066901,0.004613601425106471
567,6.27379661714834,2.007354407163487,-0.003379372226818401,0.002370652710400989,6.99480222655907,1.3408039770310427,0.006134113111104871,0.0005213861590420306,1.2025847393604543,7.555624632162623,0.0044814816844425545,-0.0006168542854833117,2.2367806580607668,1.9675347184616965,-0.002304552369547722,0.006616846233192243,6.798246079690524,7.773569117024876,-0.001730594038086608,-0.0004513862123013188,7.464807801322787,1.7020983928545914,0.0013145843986736299,0.00450527662540105,1.5025757739224626,1.3555845887233375,-0.011827240921512468,-0.0051434251989890475,1.8822476682072122,2.981495407574712,-0.0011069643082792361,-0.0036080393605214286,4.351909457892227,6.862452327280049,-0.0024369712669981497,0.0013304440985537544,8.884133967604042,1.7948883483565112,0.0013621133240101896,-0.002679604136816705,5.913560576427496,5.388177203141081,0.004190368526560356,-0.0024612694407901044,2.606904421784503,2.303446393505786,0.0072472224273418115,-0.004029901210022901,2.558419221516983,6.462289618295824,0.009487799656160548,0.012158515808917374,8.424620845930937,2.4323843821315507,-0.004440473561318592,0.002594864533931034,8.021156558216402,4.642297080487162,-0.038486293301819005,0.004155325301997631,4.646664952136327,3.7040901813515106,0.001366292313515871,0.00021591413622333718,2.6616941254634208,7.773770967679709,0.007376256084728082,0.003982262482959002,7.461723574502645,7.976355920834462,-0.003778433476242854,0.0006435131417176269,3.3257566598411583,3.92505219340579,0.0006676608342765789,-0.00012270531897040047,5.8425194131446245,3.538326550285813,0.0006686685155288488,0.004946462288535315
568,6.2736276485369995,2.007472939799007,-0.003252394402747564,0.0024743309018931694,6.995108932214626,1.3408300463389948,0.006244151040948745,0.0006608137154151601,1.2028088134446764,7.5555937894483485,0.004941973574026495,-0.0006341124350298483,2.2366654304422893,1.9678655607733562,-0.0023847164051653794,0.006708938115788941,6.79815954998862,7.773546547714261,-0.001790637552249277,-0.00046725896635000627,7.464873530542721,1.7023236566858615,0.001469396381920937,0.004602782433603224,1.501984411876387,1.355327417463388,-0.011728836252041767,-0.004941084665919608,1.8821923199917983,2.9813150056066857,-0.0008495341154972939,-0.0031959936466519796,4.351787609328877,6.862518849484976,-0.0025460400557484634,0.0007097458116983068,8.884202073270242,1.7947543681496705,0.0010647623136353392,-0.0025114718645905974,5.913770094853825,5.388054139669041,0.004571329062314926,-0.0020778790084716027,2.60726678290587,2.3032448984452847,0.007196299993888327,-0.003997000131535841,2.558893611499791,6.462897544086269,0.009936444638008602,0.012368647584459793,8.42439882225287,2.432514125358247,-0.004990952666335063,0.002595958496844242,8.019232243551311,4.642504846752262,-0.03869713518623297,0.004139102091431231,4.646733266752002,3.7041009770583218,0.0009448454471002329,0.0006748468329566344,2.662062938267657,7.773970080803856,0.007560756984911803,0.003922025363840703,7.461534652828832,7.976388096491548,-0.003805149442967667,0.0006164162653407097,3.325790042882872,3.9250460581398414,0.0006071553679394999,-9.381881726080156e-05,5.842552846570401,3.5385738734002397,0.0004431894412139433,0.005259467626815664
569,6.2734650288168625,2.0075966563441017,-0.003120142593711455,0.0025694905068220355,6.995421139766673,1.3408630870247655,0.006336102739768749,0.0007954521174813549,1.2030559121233777,7.555562083826597,0.005379749462159733,-0.0006493969951240157,2.236546194622031,1.9682010076791456,-0.0024582471196837163,0.0067938340227160715,6.798070018111008,7.773523184765944,-0.0018472458375308788,-0.00048225795306347356,7.464947000361817,1.7025537958075416,0.0016170516045903847,0.00468658740503684,1.501397970063785,1.355080363230092,-0.011603323597004054,-0.004730944083179429,1.8821498432860233,2.981155205924353,-0.0005957722667642014,-0.0027852289772279538,4.35166030732609,6.8625543367755615,-0.0026462896966125047,0.0001012388717678631,8.884255311385923,1.794628794556441,0.0007714397952098616,-0.002340843888828105,5.91399866130694,5.387950245718618,0.004932289663359209,-0.0016979201633590887,2.6076265979055644,2.3030450484387077,0.007145008605082224,-0.003964020223197478,2.5593904337316915,6.463515976465493,0.010350153996170059,0.012543129776091368,8.424149274619554,2.432643923283089,-0.005516568609822795,0.0025905379493497975,8.017297386792,4.642711801856834,-0.03880649029028202,0.0041128961478739965,4.6467805090243575,3.7041347193999696,0.0005305190215612121,0.0011217664269310406,2.6624409761169026,7.774166182072048,0.007722204722379118,0.003853338516492979,7.461344395356684,7.976418917304815,-0.003821751426833737,0.0005883880280189035,3.325820400651269,3.9250413671989786,0.0005464933861751664,-6.534771479651188e-05,5.842575006042462,3.5388368467815803,0.0002216756724680939,0.005552281675917671
570,6.273309021687177,2.0077251308694426,-0.002983066093894399,0.0026560852943729456,6.995737944903662,1.3409028596306396,0.00641014526851587,0.0009250725252073599,1.2033248995964856,7.555529613976841,0.005794226019154573,-0.0006627141601282718,2.236423282266047,1.9685406993802814,-0.0025251485573351854,0.006871478135927115,6.797977655819131,7.773499071868291,-0.0019004379828477167,-0.0004963870810868434,7.465027852942046,1.7027881251777934,0.0017573419557382933,0.004756790296100609,1.5008178038839348,1.354843816025933,-0.011451626667712184,-0.004513704303342955,1.882120054672685,2.9810159444754913,-0.00034623062896068865,-0.0023767434404228876,4.351527992841259,6.86255939871915,-0.0027376679963155843,-0.0004938297591935806,8.884293883375683,1.7945117523619996,0.0004827884339609582,-0.002168202932798199,5.914245275790108,5.38786534971045,0.0052727979267216145,-0.0013222655918532272,2.6079838483358184,2.302846847427548,0.0070934022133757255,-0.003930988887070133,2.5599079414315,6.464143132954297,0.010728679508782459,0.012682328293970988,8.423873446189063,2.432773450180557,-0.006016566773057502,0.0025787630193006127,8.015357062277486,4.642917446664227,-0.0388163686787643,0.004076997597677103,4.646807034975436,3.704190807721316,0.00012418864304289607,0.0015558259139736926,2.6628270863530217,7.774358848997873,0.007860714373947475,0.003776563776919352,7.4611533077853425,7.976448336706216,-0.0038284254874957355,0.0005595194559667981,3.3258477253205774,3.925038099813239,0.00048583006553509707,-3.735384285068638e-05,5.842586089826085,3.539114460865376,4.591774337847962e-06,0.005824626704725096
571,6.273159868382482,2.007857935134161,-0.002841616150088481,0.0027340914859680368,6.996058452167087,1.3409491132569,0.006466496477194872,0.0010494637924465112,1.2036146108974433,7.555496478268834,0.006184891288569148,-0.0006740749035195981,2.23629702483818,1.9688842732870777,-0.0025854376468910077,0.00694182844831499,6.797882633919989,7.773474252514236,-0.0019502363337600744,-0.0005096509660936774,7.465115720039833,1.7030259646925985,0.001890082419096046,0.004813521646375193,1.5002452225505492,1.3546181308107659,-0.011274713852660103,-0.004290068157794444,1.882102743141237,2.9808971073034702,-0.00010143810143535152,-0.00197150696959487,4.351391109441443,6.86253470723119,-0.0028201461142845436,-0.001074274771560425,8.884318022797382,1.7944033422153596,0.00019942475725525603,-0.0019940258909469702,5.9145089156864445,5.387799236430857,0.005592462759341554,-0.0009517575842265972,2.6083385184464873,2.3026502979831944,0.007041533168718431,-0.003897932611125008,2.560444375406939,6.4647772493689954,0.011071866498589135,0.01278668902446338,8.423572617850411,2.432902388331522,-0.006490273560686807,0.0025608061176292723,8.013416243843547,4.643121296544111,-0.038728983881808815,0.004031714270865457,4.646813244407588,3.704268599017015,-0.0002733097735663785,0.0019762294977729526,2.663220122071719,7.774547677186719,0.007976455772420666,0.0036920750595438164,7.460961886510968,7.976476312679014,-0.0038253783180741165,0.0005299016281459344,3.3258720168238542,3.925036232121096,0.0004253170944456021,-9.896448416519169e-06,5.842586319414802,3.5394056922006123,-0.0002076192155203096,0.006076282403622541
572,6.273017787574978,2.0079946397084596,-0.0026962447896429777,0.0028035073095373196,6.9963817769909475,1.3410015864465223,0.00650541354248563,0.0011684325966916625,1.2039238554618716,7.555462774523658,0.006551304361200476,-0.0006834948429258022,2.2361677529558355,1.9692313647094934,-0.002639143840328617,0.007004856648994686,6.797785122103301,7.773448769965932,-0.0019966666235819806,-0.0005220550282566695,7.465210224160788,1.7032666407749173,0.002015111015980501,0.0048569427371526605,1.4996814868579162,1.3544036274028761,-0.01107359479131504,-0.004060738655126286,1.8820976712361652,2.9807985319549903,0.0001381001894742586,-0.001570459551936498,4.351250102135729,6.862480993492612,-0.002893718109313485,-0.001638974084220097,8.884327994035244,1.7943036409208122,-7.806179861774738e-05,-0.001818782767810023,5.9147885388244115,5.387751648551646,0.005890953976329183,-0.0005872066128110194,2.6086905951049233,2.3024554013526384,0.006989452141420579,-0.0038648769307759964,2.5609979687318685,6.465416583820218,0.011379652114878694,0.012856734915958555,8.423248104172377,2.4330304286374034,-0.006937096261692775,0.0025368512309514634,8.011479794649457,4.643322882257654,-0.03854674278308028,0.003977370533229914,4.64679957891891,3.7043674104919035,-0.0006611812013680441,0.0023822334271922886,2.66361894486034,7.774732280939697,0.008069651849997169,0.0036002571506603682,7.460770617595064,7.976502807760421,-0.0038128362641693106,0.0004996254473806967,3.3258932826785763,3.9250357372986753,0.0003651023724695008,1.6967895763929898e-05,5.842575938454026,3.5397095063207935,-0.0004145364100678596,0.006307085143285744
573,6.272882975335496,2.0081348150739364,-0.0025474036728334063,0.0028643525088024517,6.996707047668072,1.3410600080763568,0.0065271914399511145,0.0012818035213495692,1.2042514206799317,7.555428599781512,0.006893094878794601,-0.000690994096588047,2.236035795763819,1.9695816075419432,-0.0026863087464686344,0.007060547973480195,6.797685288772122,7.773422667214519,-0.0020397577997362864,-0.0005336054114064776,7.465310979711586,1.703509487911775,0.0021322886918951163,0.00488724449654475,1.4991278071183505,1.3542005904701198,-0.01084931692187196,-0.0038264172196303442,1.882104576245639,2.9807200089773933,0.00037190361836471385,-0.00117450955229559,4.351105416230263,6.862399044788401,-0.0029584004391809814,-0.002186870227134383,8.884324090945313,1.7942127017824216,-0.0003491097524870288,-0.0016429356580241296,5.915083086523228,5.387722288221005,0.006168001755993775,-0.00022939002172025894,2.6090400677119945,2.3022621575060995,0.006937208049485102,-0.003831846391905596,2.5615669513376123,6.466059420566016,0.01165206342451453,0.012893062937605212,8.422901249359292,2.433157271198951,-0.007356522711271878,0.0025070932011465284,8.009552457510303,4.643521750784315,-0.03827223525211544,0.003914306103358104,4.646766519858842,3.704486522163263,-0.0010386725690407468,0.002773146684631714,2.6640224274528395,7.77491229379723,0.008140576886203213,0.0035015045018501386,7.460579975781855,7.97652778903279,-0.0037910443158169337,0.0004687814170642368,3.3259115377971997,3.9250365856934635,0.00030532972580669883,4.3185372460908525e-05,5.842555211633522,3.5400248605779576,-0.0006157616267129047,0.006516927108448306
574,6.272755605151854,2.0082780326993768,-0.0023955429719699755,0.0029166678098121136,6.997033407240069,1.3411240982524244,0.0065321613561237415,0.0013894190913993035,1.2045960754238714,7.555394050076682,0.007209962372545868,-0.0006965971318014158,2.2359014803264956,1.9699346349406173,-0.0027269857390417513,0.007108901050166442,6.797583300882136,7.773395986943949,-0.002079541804916636,-0.0005443089564517692,7.465417594146181,1.703753850136602,0.002241499148371937,0.004904646355109157,1.498585341272257,1.3540092696091381,-0.010602962012186667,-0.003587801973383983,1.8821231714265572,2.9806612834997783,0.0005995167110592199,-0.0007845321537658532,4.350957496208304,6.862289701277045,-0.003014231415528518,-0.002716971531265264,8.884306635457689,1.7941305549995203,-0.0006131863530130154,-0.001466937769063357,5.9153914866110275,5.38771081871992,0.006423395956225936,0.00012094917112525716,2.6093869281144686,2.3020705651865043,0.006884847989224268,-0.0037988645167417318,2.562149554508838,6.466704073712896,0.011889215321122281,0.012896340921420803,8.422533423223728,2.4332826258590083,-0.0077481207589572675,0.0024717369940093423,8.007638845747698,4.643717466089483,-0.03790822355246701,0.0038428748579000197,4.64671458623039,3.7046251794974947,-0.001405073699518226,0.0031483315270671797,2.6644294562971496,7.775087369022322,0.008189554666879123,0.0033962200263835092,7.460390423566064,7.976551228103643,-0.0037602650755129306,0.0004374594238872414,3.32592680428349,3.9250387449620865,0.0002461386393792964,6.87049925010527e-05,5.842524423552186,3.54035070693338,-0.0008109198719166501,0.006705755311623599
575,6.2726358280032555,2.0084238660898674,-0.002241110279446033,0.002960514347024517,6.997360015307875,1.3411935692069943,0.0065206890457921865,0.0014911397633944163,1.2049565735424987,7.555359220220092,0.007501675441756371,-0.0007003326058929743,2.2357651310395434,1.9702900799931256,-0.002761239537309917,0.007149927711251935,6.797479323791889,7.773368771496126,-0.002116053434923237,-0.0005541731805230735,7.465529669103599,1.7039990824543576,0.002342648621707113,0.004909395055968095,1.4980551931716477,1.3538298795104688,-0.010335642682938831,-0.0033455860652447,1.88215314726211,2.98062205689209,0.0008205097173904543,-0.0004013679163186107,4.350806784637528,6.862153852700482,-0.003061270616369407,-0.0032283531272250536,8.884275976140039,1.7940572081110673,-0.0008697882641446413,-0.0012912324881815386,5.9157126564088385,5.387716866178476,0.006656985297062306,0.0004631033592039239,2.6097311705139297,2.301880621960667,0.006832417177851276,-0.0037659537766976474,2.562744015274894,6.467348890758967,0.012091308261753543,0.012867304298297005,8.42214601718578,2.4334062127087086,-0.008111537548672313,0.0024309969590477123,8.005743434570075,4.643909609832378,-0.03745763155717953,0.003763443628320002,4.646644332545414,3.704782596073848,-0.0017597181203111729,0.0035072038817301745,2.6648389340304934,7.775257180023641,0.008216956560822629,0.003284813901548925,7.460202410312289,7.9765731010748375,-0.003720777705426973,0.00040574852699701514,3.325939111215459,3.9250421802117117,0.00018766400579806676,9.347865860904255e-05,5.842483877558591,3.5406859946989613,-0.0009996597569235047,0.006873570491948393
576,6.272523772489283,2.0085718918072186,-0.0020845495468052606,0.002995973051282076,6.997686049760165,1.341268126195164,0.006493173139828613,0.001586843870861157,1.2053316573145865,7.555324203589797,0.007768070778305243,-0.0007022332003027448,2.235627069062678,1.9706475763786881,-0.0027891457858044547,0.007183652759982436,6.797373521120143,7.7733410628371,-0.0021493304823638195,-0.0005632063394872375,7.465646801534684,1.704244552207156,0.0024356656103379794,0.004901763423417783,1.4975384110375007,1.3536626002072065,-0.010048498931891728,-0.003100456049875434,1.8821941727479796,2.9806019884962742,0.0010344791067857645,-2.5821454423134574e-05,4.350653721106709,6.861992435044121,-0.003099598258650465,-0.0037201577544576977,8.884232486726832,1.7939926464866582,-0.0011184421616154763,-0.0011162524948991124,5.916045505673692,5.387740021346436,0.0068686764144872195,0.0007964013196528166,2.610072791372822,2.301692324271832,0.006779958901815764,-0.003733135567161418,2.5633485806879817,6.467992255973882,0.012258625840566223,0.012806752738447745,8.421740440308346,2.433527762556661,-0.008446498616747079,0.00238509608247511,8.003870552992217,4.6440977820137945,-0.0369235338028931,0.0036763909923347286,4.646556346639398,3.7049579562679344,-0.0021019837463354886,0.003849233598708937,2.6652497818585346,7.775421420718718,0.008223199520750353,0.0031677023797692517,7.460016371427018,7.976593388501187,-0.0036728768569043906,0.00037373675396933103,3.325948494415749,3.925046854144642,0.00013003589145791413,0.00011746122058307238,5.842433894570744,3.5410296732235587,-0.0011816538451254138,0.007020425904486001
577,6.272419545011942,2.0087216904597827,-0.0019263000567818756,0.0030231440020656378,6.998010708417156,1.341347468388707,0.006450043408899663,0.0016764275262327434,1.2057200608535017,7.555289091929782,0.008009052042836008,-0.0007023354483375247,2.2354876117733875,1.9710067590166873,-0.0028107906296568176,0.007210113777123999,6.797266054596025,7.773312902520126,-0.002179413422147968,-0.0005714173388300018,7.465768584815201,1.704489640378327,0.002520500552698818,0.004882049094041305,1.4970359860909062,1.3535075774047127,-0.009742694667913455,-0.002853090319727284,1.8822458967033189,2.980600697423553,0.0012410479871527123,0.00034133976571574506,4.3504987411937766,6.861806427156398,-0.0031293145333335516,-0.004191596383191458,8.884176564618752,1.7939368338619133,-0.0013587052409892082,-0.0009424189202282948,5.916388939494416,5.387779841412418,0.007058432790733844,0.001120209072692491,2.610411789317913,2.301505667493474,0.006727514469640062,-0.0037004301863693342,2.56396151198001,6.4686325936108044,0.012391532209254211,0.012715546706848992,8.421318115377508,2.433647017360785,-0.008752806814248296,0.0023342652354191953,8.002024376302073,4.644281601563411,-0.036309144413570915,0.0035821060631782715,4.646451247452082,3.70515041794787,-0.0024312934364084356,0.0041739445630589005,2.665660941834572,7.775579805837706,0.008208744015277828,0.0030453066112802185,7.459832727584172,7.976612075338886,-0.00361687158533131,0.00034151090394986304,3.325954996210322,3.925052727205671,7.337931996176073e-05,0.00014061052186122816,5.842374811878488,3.541380694518783,-0.0013565989317299541,0.007146426005480299
578,6.272323230009103,2.008872847659886,-0.001766795430142055,0.0030421457464514085,6.998333210587601,1.3414312897650187,0.006391758988394379,0.0017598044805428904,1.2061205134556434,7.555253975157365,0.008224588598807743,-0.0007006795571706841,2.235347072241905,1.9713672647055436,-0.0028262702763288527,0.00722936083820255,6.797157083924918,7.773284331653184,-0.0022063451307304982,-0.0005788156601278597,7.465894609842836,1.704733742833029,0.0025971254574747886,0.004850573214340697,1.4965488513575105,1.3533649228887263,-0.00941941426320491,-0.0026041575927081475,1.8823079491026764,2.980617764411839,0.0014398664477435236,0.0006993865089872115,4.35034227546711,6.861596847337238,-0.003150538905502944,-0.004641948651820739,8.884108629356703,1.793889712915902,-0.0015901656379745843,-0.0007701405536869992,5.916741861133953,5.387835851866052,0.007226273566538092,0.0014339306286070557,2.610748165041395,2.3013206459841555,0.006675123177688615,-0.00366785682032545,2.5645810885904727,6.469268370946147,0.012490469354123589,0.012594603944194078,8.420880475036796,2.4337637306225557,-0.009030341060270074,0.0022787424193334896,8.000208919081395,4.64446070686657,-0.03561780592447459,0.003480987279769904,4.646329682780261,3.7053591151760226,-0.0027471154248637285,0.004480914669303347,2.666071379035336,7.77573207116827,0.008174091898640243,0.0029180514810540044,7.459651884004906,7.976629150884083,-0.0035530842534052805,0.0003091563582959534,3.32595866517632,3.925059757731764,1.7814073024363407e-05,0.00016288743755597706,5.842306981931902,3.5417380158190572,-0.0015242162565565827,0.007251725039188517
579,6.272234890237597,2.0090249549472086,-0.0016064626690262792,0.0030531145872223654,6.998652798537021,1.3415192799890459,0.0063188065698794585,0.0018369059421796993,1.2065317428855837,7.555218941179507,0.008414714110773098,-0.0006973092246621607,2.2352057587280885,1.9717287327474537,-0.0028356905328916766,0.007241456259412925,6.797046766668381,7.773255390870178,-0.0022301713390035297,-0.0005854114886085516,7.46602446611571,1.704976271493746,0.002665533488249614,0.004807679108897504,1.4960778806443502,1.3532347150090909,-0.009079859131944295,-0.00235431545806517,1.8823799424250636,2.9806527337372883,0.0016306118268516884,0.0010476287342626044,4.350184748521835,6.861364749904647,-0.003163409382034771,-0.005070563122776302,8.884029121074805,1.7938512058882177,-0.0018124427619328892,-0.0005998130990086692,5.917103174812279,5.387907548397482,0.007372272240970403,0.0017370086229420445,2.611081921200279,2.301137253143139,0.006622822274139881,-0.0036354335277356876,2.565205612058179,6.4698981011433565,0.012555954239848089,0.012444895883838401,8.420428957983782,2.4338776677435225,-0.009279054933105718,0.0022187720105613885,7.998428028785171,4.644634756230559,-0.03485297803657178,0.003373441200788784,4.646192327009018,3.705583160909488,-0.0030489636300166166,0.004769775661484045,2.666480083630268,7.775877973742323,0.008119784224880395,0.002786364462555262,7.459474229792235,7.9766446087019975,-0.003481849425814087,0.0002767568990235233,3.3259595558799715,3.925067902103642,-3.654549103950534e-05,0.0001842559040537145,5.842230771119074,3.5421006020710166,-0.0016842516509332154,0.007336525532040324
580,6.272154567104145,2.0091776106765695,-0.0014457212383630579,0.0030562038426079226,6.998968738865515,1.341611125286155,0.0062316985643564105,0.0019076803560742295,1.2069524785911223,7.555184075718274,0.008579525013442302,-0.0006922714515734348,2.2350639742014438,1.9720908055604245,-0.002839166340156508,0.0072464742952230736,6.796935258101431,7.773226120295748,-0.0022509397352431923,-0.000591215537063791,7.466157742790122,1.7052166554491908,0.0027257385046114027,0.004753730923054539,1.495623887687753,1.3531169992361876,-0.008725244343307181,-0.002104208982806494,1.8824614730164062,2.9807051151740014,0.0018129889053627908,0.0013854164376336346,4.350026578052733,6.861111221748508,-0.0031680817493895666,-0.00547685736032841,8.88393849893671,1.7938212152332673,-0.0020251875436973444,-0.0004318184793130843,5.9174717884243275,5.38799439882863,0.007496555264625572,0.0020289248408471576,2.611413062313986,2.3009554814667523,0.0065706469395573125,-0.0036031772335139755,2.5658334097701716,6.470520345937548,0.012588575830044165,0.012267444015131149,8.419965005237128,2.433988606344051,-0.009498975106469786,0.002154604005960247,7.996685379883343,4.644803428290598,-0.03401822633105536,0.0032598813055827527,4.6460398788275175,3.7058216496925622,-0.003336397841478523,0.005040212842186963,2.6668860728415122,7.77601729196545,0.008046399013217947,0.0026506744908163546,7.459300137320945,7.976658446546948,-0.003403512758279145,0.0002443945353371756,3.3259577286054194,3.9250771148988446,-8.959060118434134e-05,0.00020468294029511876,5.842146558536528,3.5424674283476185,-0.001836475619809052,0.0074010766999728665
581,6.272082281042227,2.0093304208686997,-0.0012849821867938578,0.003051583080140793,6.999280323793733,1.3417065093039586,0.006130971242546749,0.0019720931447659443,1.2073814548417945,7.555149462145695,0.008719178858267848,-0.0006856163497502886,2.234922015884436,1.9724531292751857,-0.0028368213358055706,0.0072445008303708884,6.796822711114669,7.773196559518895,-0.0022687006882930504,-0.0005962391729736614,7.466294029715352,1.7054543419953434,0.0027777745618435363,0.004689112244085409,1.4951876254705876,1.3530117887870472,-0.008356795276556136,-0.0018544693807841187,1.8825521224616744,2.980774385995883,0.0019867300273439838,0.001712140376584737,4.349868173965264,6.8608373788804915,-0.003164728784105401,-0.00586031783413476,8.883837239559524,1.7937996243093017,-0.0022280825990128954,-0.00026652419236237134,5.917846616187559,5.388095845070672,0.007599300532086951,0.0023092006317472773,2.611741594660964,2.3007753226050767,0.006518630273351116,-0.0035711037254959523,2.566462838561674,6.471133718138305,0.012588991994885708,0.01206331620343198,8.419490056481804,2.4340963365443486,-0.009690199638167012,0.002086493271447722,7.99498446856679,4.6449664223558775,-0.03311721097308544,0.003140726804754916,4.645873058935443,3.706073660334672,-0.0036090237885788453,0.005291964654218587,2.667288392792173,7.776149825689991,0.007954548971284848,0.002511410857214533,7.459129961683031,7.976670666273715,-0.00331842988386805,0.00021214933849544702,3.32595324907536,3.9250873490458593,-0.00014121821984795077,0.00022413866087035207,5.842054734755537,3.542837482182617,-0.001980683360335671,0.007445672774877001
582,6.2720180319328875,2.0094830000227066,-0.001124647308417965,0.0030394373271288313,6.99958687235586,1.3418051139611968,0.006017182857371439,0.0020301264128501795,1.207817413784708,7.555115181328207,0.008833892544439146,-0.0006773969468437794,2.234780174817646,1.9728153543167042,-0.0028287873463416044,0.00723563303298943,6.7967092760802545,7.773166747560246,-0.0022835064719363184,-0.0006004943168369621,7.466432918443444,1.7056887976075477,0.0028216953713833368,0.0046142247047828745,1.49476978570676,1.352919065318008,-0.007975744325615595,-0.0016057127463552851,1.8826514589630416,2.9808599930147124,0.0021515951490122392,0.0020272326759679777,4.349709937526059,6.860544362988785,-0.003153539438579883,-0.006220499652695139,8.883725835429573,1.7937862980996837,-0.002420842309086287,-0.0001042827163871469,5.918226581214163,5.388211305102259,0.007680735779700237,0.002577397215772777,2.6120675261746316,2.300596767418802,0.006466803280220357,-0.0035392276518400228,2.567092288161418,6.471736883948477,0.012557926316031098,0.01183362297698745,8.419005546499896,2.434200661207921,-0.009852896118805621,0.002014698795283117,7.993328608018136,4.645123458696116,-0.03215367543323714,0.003016401463183804,4.645692607746014,3.7063382585673827,-0.003866493092397942,0.005524822138843943,2.667686120240737,7.776275396232852,0.007844879182867033,0.0023690021282257163,7.458964040188837,7.976681273740639,-0.003226965299421544,0.0001800992852364386,3.3259461881643677,3.9250985559789027,-0.0001913311715420034,0.00024259628108046796,5.841955700587521,3.5432097658213606,-0.002116694718299606,0.007470651256158609
583,6.271961799567467,2.009634971889063,-0.0009651083465344977,0.0030199662602418235,6.9998877314987284,1.3419066202818393,0.0058909117537191405,0.0020817786163703986,1.2082591084119298,7.5550813114808655,0.008923940441310488,-0.0006676689881355431,2.234638735450329,1.9731771359683536,-0.0028152039475219633,0.007219979040012331,6.796595100756658,7.773136722844405,-0.0022954115385257733,-0.0006039934108948595,7.466574003212013,1.7059195088427868,0.0028575737242800543,0.004529486573352691,1.4943709984904792,1.3528387796806904,-0.007583327660257183,-0.0013585388543352172,1.8827590387204922,2.9809613546485108,0.002307371817570424,0.0023301673169251716,4.34955226055413,6.86023333800615,-0.003134718004732253,-0.006557026131206173,8.883604793314118,1.7937810839638644,-0.002603212819910281,5.456903316959817e-05,5.9186106180031475,5.388340174963048,0.007741136894792986,0.002833115883618283,2.6123908663386426,2.30041980603621,0.00641519487143179,-0.0035075625258306196,2.5677201844772197,6.472328565097326,0.012496164799160648,0.011579513790695444,8.418512901693957,2.4343013961476854,-0.00998729968833289,0.0019394829478440092,7.991720924246475,4.645274278769275,-0.031131435254452344,0.002887332438140064,4.645499283091394,3.706614499674325,-0.0041085031041501,0.005738628274718116,2.6680783641998804,7.776393846339263,0.007718064766731462,0.002223875090318587,7.458802691923866,7.976690278704901,-0.00312949125487651,0.00014832010996268622,3.3259366216057904,3.9251106857929567,-0.00023983825389408772,0.0002600321141331634,5.841849865851606,3.5435832983841684,-0.0022443540839136183,0.0074763910934709955
584,6.27191354415014,2.009785970202075,-0.000806746240427069,0.0029933833767091652,7.000182277086415,1.3420107092126579,0.005752754470514741,0.0021270641987704906,1.2087053054339953,7.555047928031459,0.008989652409398953,-0.0006564907360279184,2.234497975252953,1.9735381349203542,-0.002796217961125296,0.007197657541038255,6.796480330179731,7.77310652317386,-0.002304472172741298,-0.0006067494403548963,7.466716881898227,1.7061459831714545,0.0028855008799258926,0.004435331333446307,1.4939918321074663,1.3527708527379736,-0.007180782050718695,-0.0011135300277497681,1.8828744073113708,2.981077863014357,0.0024538750815421254,0.002620460510168517,4.349395524653894,6.85990548669959,-0.003108483258134368,-0.006869588198622702,8.883474632673122,1.7937838124155228,-0.0027749719621909617,0.0002097101957783912,5.918997674847887,5.388481830757229,0.007780826142559183,0.003075998091728208,2.612711626082214,2.3002444279099183,0.006363831870978554,-0.0034761207333858526,2.568344992717178,6.472907540786861,0.012404552504421873,0.011302173276618274,8.41801353670954,2.4343983702950776,-0.010093710928324992,0.001861110749602661,7.9901643524837525,4.645418645391182,-0.030054366891554093,0.002753949135064455,4.645293857936187,3.706901431088061,-0.004334796632877457,0.005933277201848318,2.668464267438217,7.776505040093779,0.007574808513042117,0.0020764537230385702,7.458646217361122,7.976697694710399,-0.003026386648196555,0.00011688516585766463,3.3259246296930955,3.9251236873986635,-0.0002866543312585043,0.0002764255606568378,5.841737648147411,3.543957117938842,-0.0023635302285915484,0.007463310806710181
585,6.271873206838118,2.0099356393709105,-0.0006499304161059813,0.0029599151496142277,7.0004699148099405,1.3421170624225964,0.0056033238400061336,0.0021660131950696506,1.2091547880544653,7.555015103494657,0.00903141172718193,-0.0006439227677526533,2.2343581643548966,1.9738980177974061,-0.0027719829889467995,0.007168797438796237,6.796365106571094,7.773076185701842,-0.0023107465509371087,-0.0006087759042104664,7.466861156942223,1.7063677497381269,0.0029055859223698914,0.004332206258104196,1.4936327930049305,1.352715176236586,-0.006769341762268027,-0.0008712500746931131,1.8829971010654478,2.981208886039865,0.0025909473343706056,0.0028976709552884744,4.349240100490987,6.859562007289659,-0.003075067585189613,-0.0071579436490258235,8.883335884075013,1.7937942979253116,-0.002935929093864824,0.0003608364067390451,5.919386716155015,5.388635630661815,0.007800170316894249,0.0033057254549263395,2.613029817675763,2.300070621873249,0.006312739024966923,-0.003444913542853913,2.568965220342399,6.473472649450692,0.012283990105053655,0.01100281749091631,8.417508851163124,2.4344914258325576,-0.010172493638096422,0.0017798491489477374,7.9886616341391745,4.645556342847935,-0.02892639664959218,0.0026166820834703985,4.645077118104543,3.7071980949481533,-0.004545161565626266,0.006108713335113468,2.668843007863869,7.7766088627799315,0.007415838503778173,0.0019271582022147558,7.458494898028712,7.976703538968692,-0.002918035928546386,8.586529508038378e-05,3.3259102969765326,3.925137508676696,-0.00033170041105406783,0.00029175909073208433,5.841619471635981,3.5443302834791774,-0.002474116084442747,0.007431866549384706
586,6.2718407103173135,2.010083635128391,-0.0004950181217918587,0.0029198001697548935,7.000750081001941,1.34222536308235,0.005443247089083956,0.002198670805964403,1.2096063586408243,7.55498290735627,0.009049652930996837,-0.0006300277718441932,2.2342195652054495,1.974256457669346,-0.0027426589330607483,0.007133537419359945,6.796249569243547,7.773045746906631,-0.002314294548191686,-0.0006100867576597167,7.467006436238342,1.7065843600510322,0.0029179550865529817,0.004220570981312018,1.493294325916817,1.3526716137328514,-0.006350235525901833,-0.0006322432953934998,1.8831266484321663,2.9813537695876295,0.0027184580931745223,0.0031613999880050194,4.349086347111728,6.859204110107208,-0.0030347160959231304,-0.007421916242672303,8.88318908762032,1.7938123397456487,-0.0030859248673413666,0.0005076601869362387,5.919776724670859,5.388800916934561,0.007799578821514555,0.003522019638815208,2.6133454546270114,2.2998983761961065,0.00626193902435183,-0.0034139511210829593,2.569579419847652,6.474022790325237,0.012135430384408594,0.010682690166665357,8.41700022648122,2.434580418290005,-0.010224072502802793,0.0016959663114351833,7.987215314306695,4.645687176952109,-0.027751489746450416,0.0024759618353285286,4.6448498600262615,3.707503530614909,-0.004739430383474158,0.0062649303720423745,2.6692137997890577,7.776705220690042,0.007241905723463233,0.0017764039351039229,7.458348996232284,7.976707832233447,-0.002804828010266967,5.532870815786955e-05,3.3258937119559797,3.925152096631233,-0.000374903703026596,0.00030601821865381307,5.841495765831758,3.5447018768066467,-0.002576028468326166,0.007382550121475597
587,6.2718159594112235,2.010229625136879,-0.00034235380879534173,0.002873288276518013,7.001022243356395,1.3423352966226483,0.005273163947334801,0.00222509694359911,1.210058841287374,7.554951405967678,0.009044859575398419,-0.0006148703439140774,2.2340824322587967,1.974613134540314,-0.0027084115283693665,0.007092025553456674,6.796133854516137,7.773015242568748,-0.0023151776263968605,-0.0006106964296802476,7.4671523339926695,1.7067953886000977,0.002922751056825569,0.004100896070794378,1.492976814140522,1.3526400015680817,-0.00592468359103912,-0.00039703356038964103,1.883262571336825,2.98151183958703,0.0028363037146724194,0.0034112916175154293,4.348934611306931,6.858833014295074,-0.0029876857249253354,-0.0076613946623550625,8.883034791376952,1.7938377227549955,-0.003224830923746331,0.0006499112816116501,5.920166703611935,5.388977017916502,0.007779501687727134,0.003724642154469559,2.613658551578229,2.2997276786400525,0.006211452527568434,-0.0033832425502354248,2.570186191366872,6.47455692483357,0.011959874681517015,0.010343058981793407,8.41648902285608,2.4346652166055764,-0.010248930661796286,0.001609730921988083,7.985827739819372,4.645810975043875,-0.026533639524263238,0.0023322178881815207,4.644612888507088,3.707816777133511,-0.004917479576961794,0.00640197019971028,2.669575895075231,7.776794040886797,0.007053781666396729,0.0016246006291653341,7.458208754831771,7.976710598668855,-0.002687155200123154,2.5340872670699495e-05,3.3258749667708285,3.9251673975421655,-0.0004161976616721656,0.00031919147065065894,5.8413669644083415,3.5450710043127205,-0.0026692077524013754,0.007315886937890752
588,6.271798841720784,2.0103732895507047,-0.0001922685583192378,0.0028206396801876586,7.0012859015537625,1.3424465514698283,0.005093724766406666,0.002245365750778034,1.210511084266144,7.554920662450482,0.009017561921362474,-0.0005985167822526211,2.2339470116823783,1.9749677358179867,-0.002669411855455818,0.007044418867620104,6.7960180956348175,7.7729847077472645,-0.0023134587920733865,-0.0006106197989884472,7.467298471545511,1.7070004334036375,0.002920132240124961,0.003973661605586404,1.49268057996097,1.3526201498900623,-0.005493894865733223,-0.0001661234605223959,1.8834043865225585,2.9816824041679055,0.0029444070503999342,0.00364703245631806,4.348785227020685,6.858449944561956,-0.002934244322962663,-0.007876331330939068,8.882873549830764,1.7938702183190762,-0.0033525495165727796,0.0007873369484528339,5.920555678696322,5.389163250024225,0.007740427535230601,0.003913394058135513,2.6139691242046075,2.2995585165125405,0.0061612981892209115,-0.0033527958472719978,2.570784185100948,6.47507407778266,0.011758369295236706,0.009985211851126587,8.41597657632299,2.434745703151676,-0.010247607185557974,0.0015214115014985793,7.984501057843159,4.645927585938284,-0.025276856833264597,0.002185877635124872,4.64436701452824,3.7081368756434965,-0.005079228964653555,0.0065199217057563775,2.6699285841585505,7.776875270918255,0.00685225594644823,0.001472151396037469,7.458074397071765,7.976711865712488,-0.002565412140207289,-4.035588699684505e-06,3.325854156887745,3.925183357115698,-0.0004555220120940353,0.00033127034580095904,5.841233504020721,3.545436798659615,-0.002753617483203872,0.00723243395859184
589,6.271789228292868,2.010514321534714,-4.507955458307004e-05,0.002762124078074276,7.001540587792083,1.3425588197573672,0.004905588655133376,0.0022595650954184846,1.210961962362212,7.55489073661137,0.008968334559738934,-0.0005810348837729008,2.2338135410896056,1.9753199567613677,-0.0026258358769311045,0.006990882896768535,6.795902422695214,7.772954176757315,-0.0023092024901467914,-0.0006098721888940144,7.467444478157517,1.7071991164839169,0.0029102720161998134,0.00383935576183164,1.4924058852176834,1.3526118437170362,-0.005059064149582371,6.000647074913979e-05,1.8835516068750784,2.9818647557907214,0.003042717043447585,0.003868351545106844,4.348638514804537,6.858056127995409,-0.002874669741736763,-0.008066741096152564,8.882705922354935,1.7939095851664988,-0.0034690130672691776,0.0009197021954189535,5.920942700073083,5.389358919727132,0.007682881482327151,0.0040881155588236425,2.6142771891140684,2.2993908767201767,0.006111492698954143,-0.0033226179887930894,2.57137210356571,6.475573338375216,0.011532001856909611,0.009610453251271973,8.415464195963713,2.434821773726751,-0.010220694469571114,0.0014312757392163386,7.9832372150014965,4.64603687982004,-0.02398515961073027,0.0020373653436741865,4.644113053080007,3.708462871728784,-0.0052246409187106215,0.006618919498652054,2.670271196955873,7.776948878488057,0.006638133915332462,0.0013194518921648731,7.457946126464754,7.976711663933053,-0.0024399947687889913,-3.274099071748731e-05,3.3258313807871405,3.925199920632988,-0.0004928227596011884,0.0003422492703958762,5.841095823146561,3.5457984203575443,-0.002829243951355286,0.00713277758643068
590,6.271786974315139,2.0106524277386177,9.891039545549074e-05,0.002698019766813259,7.001785867224839,1.342671798012138,0.0047094216347259,0.002267796042065976,1.211410379090199,7.554861684867181,0.008897793977352575,-0.0005624937407995463,2.233682249295759,1.9756695009062062,-0.00257786396674353,0.006931591244970256,6.795786962570706,7.77292368314787,-0.0023024742237373413,-0.0006084692538980445,7.467589991758326,1.7073910842720084,0.002893357967272493,0.0036984734101567765,1.4921529320102043,1.3526148440405736,-0.004621369464170963,0.0002808984623901897,1.8837037427272507,2.9820581733679767,0.003131208269043049,0.004075020075535115,4.34849478131745,6.857652790940602,-0.0028092489142340976,-0.008232699788908388,8.882532471701571,1.7939555702762697,-0.0035741836554067214,0.001046789968839792,5.9213268441472,5.389563325505073,0.0076074230119082065,0.0042486855368492156,2.614582763749016,2.299224745820737,0.006062050821437156,-0.003292714936662804,2.5719487036585553,6.476053861037779,0.011281897681302598,0.009220100586785924,8.414953161240234,2.434893337513712,-0.010168835553520073,0.0013395898422373998,7.98203795702096,4.646138748087224,-0.022662562676676157,0.0018871011654219478,4.643851821034072,3.7087938177037167,-0.005353719501504618,0.006699142542460952,2.6706031036516396,7.777014851082666,0.006412234295128463,0.0011668894973989913,7.457824126726314,7.976710026883517,-0.0023112993013056156,-6.071866871309813e-05,3.3258067396491606,3.925217033096508,-0.0005280521833904309,0.0003521255460114114,5.840954360948993,3.546155059236866,-0.002896095714094904,0.007017531538677077
591,6.271791919834912,2.010787328726958,0.00023941329562953274,0.002628612753138585,7.002021338306576,1.3427851878142414,0.004505894818190784,0.002270172302308737,1.2118552687890667,7.554833560180141,0.008806596073126524,-0.0005429635391910762,2.233553356097422,1.9760160804684548,-0.002525680462227908,0.006866725107095077,6.795671838859519,7.772893259685175,-0.0022933409376157212,-0.0006064271017161586,7.46773465965669,1.7075760079425162,0.0028695910895278694,0.0035515147278692098,1.4919218635369957,1.352628888963693,-0.0041819694855208854,0.0004961181380633436,1.8838603031407029,2.9822619243717536,0.0032098804213900097,0.004266851013839912,4.348354318871738,6.857241155951156,-0.0027382769330646676,-0.00837434266160494,8.8823537625188,1.7940079097747117,-0.003668052446172641,0.0011684012924365625,5.921707215297795,5.389775759781916,0.0075146437995439064,0.004395020976527093,2.614885866290088,2.2990601100739037,0.006012985446113828,-0.0032630916685313562,2.5725127985426206,6.476514866067118,0.011009216105443495,0.008815480605783852,8.414444719462558,2.4349603170058236,-0.010092721374196374,0.0012466179033348932,7.980904828887127,4.646233103145495,-0.021313067766946584,0.0017355001782668456,4.643584135058997,3.7091287748308397,-0.0054665095174319936,0.0067608127114280004,2.670923715366396,7.777073195557536,0.006175386830641236,0.0010148425327718262,7.457708561761249,7.976706990950082,-0.0021797212335873434,-8.791505228202219e-05,3.325780337039991,3.9252346393738087,-0.0005611688146859502,0.00036089929156055893,5.840809556163289,3.5465059358137996,-0.0029542030728876563,0.006887334698151242
592,6.271803890499693,2.010918759364615,0.0003761563473106052,0.002554195865388755,7.002246633047485,1.3428986964293568,0.0042956826179822325,0.0022668196659402645,1.212295598592723,7.554806412003181,0.008695433631562745,-0.0005225153582708317,2.2334270720743103,1.9763594167238094,-0.0024694731911208954,0.006796472812801016,6.795557171812638,7.77286293833009,-0.002281870464168105,-0.0006037621013818396,7.467878139211167,1.7077535836789097,0.002839184988808668,0.0033989838291134415,1.4917127650627198,1.3526536948705963,-0.0037420010826766333,0.0007052550756886984,1.8840207971617724,2.9824752669224455,0.00327875774925569,0.004443698628498245,4.3482174050250855,6.856822438818076,-0.0026620561291388744,-0.008491862713011795,8.882170359896492,1.7940663298393336,-0.003750639058030853,0.0012843553580213153,5.922082947487772,5.389995510830742,0.007405165509958943,0.004527076316370905,2.6151865155623937,2.298896955490477,0.005964307630733934,-0.0032337522047262792,2.573063259347893,6.476955640097407,0.010715146824777604,0.008397925872839872,8.413940083393848,2.43502264790099,-0.009993087960471981,0.001152621288299361,7.979839175498779,4.646319878154409,-0.01994065382326857,0.0015829714628770464,4.643310809583125,3.709466815466411,-0.005563095484207436,0.006804193269814725,2.6712324847079283,7.777123937684174,0.005928429967028365,0.0008636795185168364,7.45759957569957,7.976702595197468,-0.002045654369308776,-0.00011427972958995747,3.3257522785992566,3.925252684338387,-0.0005921373997405995,0.0003685733796059518,5.840661846009644,3.546850302548707,-0.0030036175084253674,0.006742848949791863
593,6.271822698317059,2.0110464691578844,0.0005088822894605907,0.002475067867949833,7.0024614171783846,1.3430120374126537,0.0040794609857334255,0.0022578754147252345,1.2127303702743013,7.5547802862352675,0.008565033760855243,-0.0005012209730256027,2.2333035984147545,1.9766992403644494,-0.0024094330387214036,0.006721029338424359,6.79544307828943,7.772832750225021,-0.002268131817353468,-0.0006004910457797718,7.468020098460607,1.7079235328703655,0.002802365062883618,0.00324138741600689,1.491525665008586,1.3526889576243808,-0.003302576966189689,0.0009079232945282575,1.8841847350492351,2.9826974518538703,0.0033378884428712507,0.004605457925255528,4.348084302218629,6.856397845682426,-0.0025808951529785796,-0.008585508906479487,8.88198282794359,1.7941305476072347,-0.0038219908734771777,0.0013944895687353562,5.92245320576327,5.390221864646561,0.007279637568114749,0.0046448427202773115,2.61548473094393,2.298735267880241,0.005916026662613654,-0.003204699644909301,2.5735990166891316,6.477375536391049,0.01040090623586475,0.007968771306705043,8.413440428995825,2.435080278965405,-0.009870713578655198,0.0010578580438813869,7.978842142807616,4.646399026727552,-0.018549267558765133,0.0014299172149263163,4.6430326548089145,3.709807025129902,-0.005643600528019892,0.006829587282463206,2.6715289062062797,7.7771671216601,0.005672208557929204,0.0007137584732863089,7.457497292981104,7.976696881210988,-0.0019094898735532017,-0.00013976550233447686,3.3257226717292694,3.925271113007367,-0.0006209288481321631,0.00037515336722130315,5.8405116651342235,3.5471874449961964,-0.003044411075392413,0.006584757008396096
594,6.271848142431532,2.0111702225512817,0.0006373496921885396,0.0023915325807834105,7.002665390227671,1.34312493118339,0.0038579056877458646,0.0022434877206257324,1.213158621962344,7.554755225186616,0.008416155302836516,-0.00047915265901582953,2.2331831267628184,1.9770352918313707,-0.0023457535036143164,0.006640595831916777,6.795329671698562,7.772802725672732,-0.0022521946253127277,-0.0005966309790614604,7.468160216713751,1.708085602241166,0.0027593676726346914,0.0030792334536552156,1.4913605361602764,1.3527343537891072,-0.002864783449908228,0.0011037616702076019,1.8843516294713787,2.982927724750133,0.0033873439747732865,0.00475206399302264,4.34795525746098,6.855968570237102,-0.002495108060899461,-0.00865558428832796,8.881791728399916,1.7942002720856713,-0.003882182295892261,0.0014986595357864905,5.922817187641676,5.390454106782575,0.007138734911041756,0.004748347273295111,2.615780532277061,2.2985750328979955,0.005868150112842072,-0.0031759362002602856,2.574119062000925,6.477773974956384,0.010067733794612777,0.007529350790041488,8.412946893316892,2.4351331718675993,-0.009726415836482668,0.0009625823273531161,7.977914679429677,4.646470522588299,-0.017142814316316108,0.001276731894517179,4.642750474782513,3.710148504494025,-0.005708185207026531,0.006837335961620946,2.671812516634176,7.777202809583764,0.005407571609139952,0.0005654262553902525,7.457401818487426,7.976689892935871,-0.001771615354268238,-0.00016432843143640688,3.3256916252868627,3.925289870675728,-0.0006475201668145772,0.0003806474216972625,5.840359444580454,3.547516682846616,-0.0030766757594142347,0.006413760243160754
595,6.271880009916141,2.011289799180321,0.0007613332041246329,0.002303898006126282,7.002858285512058,1.3432371055694212,0.0036316906197436712,0.002223815030341908,1.2135794297274858,7.554731267553666,0.00824958622186612,-0.00045638300042373026,2.2330658390876374,1.9773673216229666,-0.0022786302520490043,0.0065553790981960555,6.795217061967296,7.772772894123779,-0.0022341295454380555,-0.0005921992559589111,7.468298185097383,1.7082395639138486,0.0027104393044847784,0.002913029871822311,1.491217296987781,1.3527895418726177,-0.002429678329118326,0.0012924342782586412,1.8845209966701173,2.983165327949784,0.003427218397270593,0.004883491264282441,4.347830502057936,6.855535791022685,-0.0024050134082398943,-0.008702444013364025,8.881597619285122,1.7942752050624606,-0.003931313955563277,0.0015967390297395127,5.923174124387228,5.39069152414624,0.006983155726475319,0.0048376521056867705,2.6160739397827033,2.2984162360879825,0.005820683900463487,-0.003147463231219358,2.5746224486906555,6.4781504424958865,0.00971688839880244,0.00708099385802778,8.412460572525069,2.435181300983967,-0.00956104875391781,0.0008670438586283459,7.977057538713861,4.646534359183025,-0.01572514923603138,0.0011238014140809503,4.6424650655221615,3.710490371292106,-0.005757046267737942,0.006827816955593582,2.672082895214633,7.777231080896534,0.0051353700626756175,0.0004190179467583844,7.457313237719712,7.9766816765143,-0.0016324139732814943,-0.0001879278735549485,3.3256592492785217,3.925308903046813,-0.0006718943804095958,0.0003850662413932611,5.840205610792483,3.5478373708587743,-0.003100522798647019,0.006230576504535314
596,6.271918076576347,2.0114049940806273,0.0008806237540318552,0.002212475464383613,7.003039870043046,1.3433482963209382,0.0034014861642221693,0.002199025438013615,1.2139919090385791,7.554708448403645,0.008066140979662897,-0.00043298470164891456,2.232951907575035,1.9776950905778763,-0.0022082607134727744,0.006465591123818384,6.7951053554900245,7.772743284160981,-0.0022140076873031498,-0.000587213450045336,7.468433707062607,1.7083852154074397,0.0026558357263570353,0.002743283295901096,1.4910958130713252,1.3528541635865305,-0.0019982888777234035,0.0014736306669328816,1.8846923575899808,2.983409502512998,0.003457627599268536,0.0049997526937782,4.347710251387523,6.8551006688220175,-0.002310933351744588,-0.008726493284553362,8.881401053587345,1.7943550420139476,-0.003969511868002811,0.0016886198875042452,5.9235232821735515,5.3909334067515235,0.00681361918424543,0.004912853449085399,2.6163649739777264,2.2982588629264216,0.005773632355513489,-0.003119281283847695,2.5751082931105955,6.4785044921887875,0.009349644803400833,0.006625022472339296,8.411982520087372,2.4352246531768986,-0.009375499808825884,0.0007714873958033015,7.9762712812520595,4.6465905492537285,-0.01430006874696298,0.0009715023659193343,4.642177213208774,3.7108317621398856,-0.005790415338913983,0.006801442584812851,2.672339663717767,7.777252031793872,0.004856454625850031,0.00027485628020381574,7.457231617021049,7.9766722801206225,-0.0014922635884337299,-0.0002105265085419485,3.3256256545595013,3.9253281563588827,-0.000694040438247692,0.000388422972042614,5.840050584652551,3.548148899684001,-0.0031160819725004688,0.0060359379587676
597,6.271962107764049,2.0115156178538465,0.0009950287071810856,0.0021175787411692004,7.003209944351257,1.343458247592839,0.0031679575935393252,0.0021692960479176788,1.2143952160875622,7.554686799168562,0.007866657902960088,-0.00040903040284241357,2.2328414945393615,1.9780183701340672,-0.0021348436646380464,0.0063714485763803515,6.7949946551056595,7.772713923488479,-0.002191900876035906,-0.0005816914068959469,7.468566498848925,1.7085223795722349,0.0025958211394212782,0.0025704978096983545,1.490995898627439,1.3529278451198772,-0.0015716099667905622,0.001647066060194623,1.8848652389699443,2.9836594901476867,0.003478708525223357,0.005100898859375865,4.347594704719937,6.85466434415779,-0.0022131927631410483,-0.008728185213929577,8.881202577993944,1.7944394730083228,-0.003996926547742489,0.001774211876250512,5.923863963132764,5.391179049423978,0.006630863166255113,0.004974080628634867,2.6166536555955022,2.298102898862229,0.005726998287732389,-0.0030913901300187573,2.5755757753507655,6.478835743312405,0.008967290076887263,0.006162747886647969,8.411513745096931,2.435263227546689,-0.009170686965476448,0.0006761522349023083,7.975556277814712,4.646639124372024,-0.012871302397031199,0.0008202012904265638,4.641887692441829,3.7111718342691264,-0.005808557567641266,0.006758658030912658,2.6725824864490595,7.777265774607883,0.004571673649788393,0.00013325111044621676,7.457157003841627,7.976661753795195,-0.0013515359282739697,-0.00023209035797040536,3.325590952537589,3.925347577507485,-0.0007139531086888145,0.0003907331188222564,5.839894780553926,3.548450696581939,-0.0031235008600109648,0.005830588935382745
598,6.272011859199408,2.0116214967909047,0.0011043719771165232,0.0020195232473741915,7.003368342230933,1.3435667123952348,0.002931763521713006,0.002134812328979105,1.2147885489827102,7.5546663476484195,0.007651996550725695,-0.00038459249975193233,2.2327347523561296,1.9783369425628863,-0.0020585788098057734,0.006273172290161078,6.7948850600618576,7.772684838918134,-0.0021678814152832557,-0.0005756511853386686,7.468696289905896,1.7086509044627198,0.002530667327843011,0.0023951737524109244,1.4909173181290996,1.3530101984228868,-0.0011506023064367299,0.001812481491957489,1.8850391743962054,2.9839145350906553,0.0034906183590311317,0.005187016989099145,4.34748404508178,6.854227934897094,-0.002112118355873255,-0.008708018611860005,8.881002731666557,1.7945281836021354,-0.004013732080818657,0.0018534425155593585,5.924195506291077,5.391427753455409,0.006435642000753947,0.005021494995072877,2.616940005509889,2.2979483293557283,0.005680783054258943,-0.0030637888057532775,2.57602413985461,6.479143880706737,0.008571120106528031,0.005695467609418071,8.411055210748657,2.435297035158434,-0.008947555693688684,0.0005812717345343209,7.97491271269486,4.646680134436545,-0.011442505033980324,0.0006702539859063274,4.641597264563447,3.7115097671706723,-0.00581177020230309,0.006699939484397928,2.672811070131549,7.777272437163405,0.004281871061563671,-5.5010707679593776e-06,7.457089427045213,7.9766501492772965,-0.001210595800647124,-0.0002525887948917854,3.3255552548821545,3.925367114163426,-0.0007316328612732855,0.00039201445450229744,5.8397386055109255,3.5487422260287085,-0.0031229440704024303,0.005615283792685602
599,6.272067077798264,2.0117224729532737,0.001208494093535624,0.0019186251940711443,7.003514930407019,1.3436734530116838,0.002693554407698513,0.002095767462894201,1.2151711488102463,7.554647118023432,0.007423035087539764,-0.00035974296823159844,2.2326318234156393,1.9786506011773943,-0.0019796664079694873,0.0061709867717351635,6.794776665991093,7.772656056358867,-0.002142021942829747,-0.0005691110274869348,7.468822823272288,1.7087706631503403,0.002460652808705635,0.0022178065520314307,1.4908597880137777,1.3531008224974848,-0.0007361908126747724,0.0019696438727758005,1.8852137053141569,2.9841738859401103,0.003493533675680657,0.0052582299184309135,4.347378439163986,6.853792533966501,-0.0020080378268793157,-0.008666535711807368,8.880802045062516,1.7946208557279133,-0.004020125159198565,0.0019262568591948564,5.924517288391114,5.391678828205163,0.006228724206474657,0.005055288800778367,2.617224044662602,2.297795139915441,0.005634986633568311,-0.0030364756533105097,2.5764526958599365,6.479428654087208,0.008162436160235558,0.005224462469402281,8.410607832963972,2.435326098745161,-0.008707075986281907,0.0004870728660882729,7.974340587443161,4.646713647135841,-0.010017249349013144,0.0005220048607730382,4.641306676053332,3.711844764144892,-0.00580038112717926,0.006625792256468776,2.673025163684627,7.777272162109867,0.0039878843539201,-0.00014111757522790094,7.457028897255181,7.976637519837552,-0.0010698003363902604,-0.0002719945449952004,3.325518673239091,3.925386714886151,-0.0007470857372714288,0.00039228692399328693,5.839582458307405,3.5490229902183428,-0.003114592448384102,0.005390784806217419
