step,agent_0_x,agent_1_x,agent_2_x,agent_3_x,agent_4_x,agent_5_x,agent_6_x,agent_7_x,agent_8_x,agent_9_x,agent_10_x,agent_11_x,agent_12_x,agent_13_x,agent_14_x,agent_15_x,agent_16_x,agent_17_x,agent_18_x,agent_19_x,agent_0_y,agent_1_y,agent_2_y,agent_3_y,agent_4_y,agent_5_y,agent_6_y,agent_7_y,agent_8_y,agent_9_y,agent_10_y,agent_11_y,agent_12_y,agent_13_y,agent_14_y,agent_15_y,agent_16_y,agent_17_y,agent_18_y,agent_19_y,agent_0_vx,agent_1_vx,agent_2_vx,agent_3_vx,agent_4_vx,agent_5_vx,agent_6_vx,agent_7_vx,agent_8_vx,agent_9_vx,agent_10_vx,agent_11_vx,agent_12_vx,agent_13_vx,agent_14_vx,agent_15_vx,agent_16_vx,agent_17_vx,agent_18_vx,agent_19_vx,agent_0_vy,agent_1_vy,agent_2_vy,agent_3_vy,agent_4_vy,agent_5_vy,agent_6_vy,agent_7_vy,agent_8_vy,agent_9_vy,agent_10_vy,agent_11_vy,agent_12_vy,agent_13_vy,agent_14_vy,agent_15_vy,agent_16_vy,agent_17_vy,agent_18_vy,agent_19_vy
0,4.809800137533648,7.845002477224894,0.14360358762815043,0.07350383747409026,7.1265929783684125,4.721478994622622,-0.0806497108862016,-0.07762934381428749,8.455467624740482,5.054285036738022,0.013571018914276027,0.0816020296410015,5.744607988811906,7.8245064624102945,0.0008688945071341214,0.19346918070514313,8.546459858019393,4.088914989723272,-0.09449629252683436,-0.041801851987357724,4.105889237023177,4.8785004433284325,0.07516107092326907,-0.18374358382493744,4.698523441661524,2.5056014854323236,-0.07670413629730105,0.23449194918950622,1.1067192350018813,6.047400400015748,0.11203832094960672,-0.057130488748372205,8.126225310380681,1.7187795310843321,0.04889365255487099,0.023660755731707755,4.794863158422206,6.301148428764779,-0.0043017991603968575,-0.0019879022247691197,2.3812784655360857,4.8735167929843985,0.24103398785626395,0.24413865720938138,1.359129720136966,2.1129233516737593,0.22483712266907707,0.07802679225305958,7.093005898212648,1.020873086739605,0.04071137527290747,0.009433638518427878,1.9296990422467728,6.742578333069768,0.14318319568842686,-0.17735849041102603,6.132108272123727,8.32305479874705,0.10111034607741774,0.028603840418536586,3.7340082332857363,5.949831725428902,0.15466090982217223,-0.17868276878362027,5.654099642508045,5.349262285438631,-0.06547866883426418,-0.058871069627841305,1.0192439475361137,8.35371769208748,0.10521610002049099,-0.23923298510802748,1.557348189726842,8.959679074214877,0.07310746176430748,-0.027159866520274495,1.945988170690993,1.8637202103559167,0.1344076870461806,0.04488691654176387
1,4.816980316915055,7.848677669098599,0.24360358762815043,0.1225377835385241,7.122560492824102,4.7175975274319075,-0.1806497108862016,-0.13460313426668435,8.456146175686197,5.058365138220072,0.05833260747073579,0.08489078487654333,5.744651433537263,7.834179921445552,-0.09913110549286588,0.2588091172665754,8.541735043393052,4.086824897123904,-0.0718708433724938,-0.14180185198735773,4.109647290569341,4.869313264137186,0.17334754815039494,-0.2837435838249375,4.694688234846659,2.517326082891799,-0.17670413629730106,0.3344919491895062,1.1123211510493616,6.04454387557833,0.21203832094960673,-0.1571304887483722,8.128669993008424,1.7199625688709175,-0.05110634744512901,0.09409054484120778,4.794648068464187,6.30104903365354,-0.10430179916039686,-0.10198790222476913,2.3933301649288987,4.885723725844867,0.34103398785626393,0.3441386572093814,1.3703715762704198,2.1168246912864124,0.32483712266907705,0.1780267922530596,7.095041466976293,1.0213447686655264,-0.0576795999455349,0.10943363851842788,1.9368582020311942,6.733710408549217,0.1536493604721766,-0.277358490411026,6.137163789427598,8.324484990767976,0.19807412227633764,-0.07139615958146342,3.741741278776845,5.940897586989721,0.24259486128459157,-0.2786827687836203,5.650825709066332,5.346318731957239,-0.10051087932684831,-0.12179780111915713,1.0245047525371382,8.34175604283208,0.205216100020491,-0.33923298510802746,1.5610035628150574,8.958321080888863,0.17310746176430747,-0.1271598665202745,1.9527085550433019,1.865964556183005,0.23440768704618062,0.04949378724771446
2,4.8291604962964625,7.854804558275525,0.34360358762815046,0.16990754462124358,7.113528007279792,4.7108673707185735,-0.2806497108862016,-0.18967061911260977,8.459062806059734,5.062609677463899,0.10174217346618211,0.0879693505828885,5.73969487826262,7.8471203773088805,-0.1991311054928659,0.3220455943660627,8.538141501224427,4.079734804524536,-0.04969581817461266,-0.24180185198735774,4.11831466797686,4.8551260849459394,0.2684990242361831,-0.38374358382493745,4.685853028031794,2.534050680351274,-0.2756717956734246,0.4344919491895062,1.122923067096842,6.036687351140912,0.3120383209496067,-0.2571304887483722,8.126114675636169,1.724667096112978,-0.15110634744512902,0.1623374671625667,4.789432978506167,6.295949638542302,-0.20430179916039687,-0.20198790222476914,2.410381864321712,4.902930658705336,0.4410339878562639,0.4441386572093814,1.3866134324038737,2.1257260308990653,0.424837122669077,0.2780267922530596,7.0921574869790165,1.0268164505914477,-0.15322280688301537,0.2094336385184279,1.944540670054803,6.719842484028666,0.16340506889487375,-0.377358490411026,6.147067495541415,8.320915182788903,0.29134449392961026,-0.17139615958146343,3.7538710218410745,5.9269634485505405,0.32762019201775394,-0.3786827687836203,5.64580016509999,5.340228841901281,-0.1342508735950174,-0.18260327609056304,1.0347655575381627,8.324794393576678,0.30521610002049104,-0.43923298510802744,1.5696589359032727,8.95196308756285,0.27310746176430745,-0.2271598665202745,1.964428939395611,1.8684392455453906,0.3344076870461806,0.05400638367108084
3,4.84634067567787,7.863299935506587,0.44360358762815044,0.21555102160938008,7.0994955217354825,4.701383839762943,-0.3806497108862016,-0.24273646612021307,8.464149914733044,5.067008144993044,0.14371465881763276,0.09090948910627356,5.729738322987977,7.863222657027183,-0.2991311054928659,0.38272509527534737,8.535656710315696,4.067644711925168,-0.02802811726660464,-0.34180185198735774,4.13173961918867,4.835938905754692,0.36050341218381166,-0.48374358382493743,4.672069438248123,2.5557752778107496,-0.37095333013022774,0.5344919491895062,1.1385249831443223,6.023830826703493,0.4120383209496067,-0.35713048874837217,8.118559358263912,1.7327839694711062,-0.25110634744512905,0.22825255914486892,4.779217888548147,6.285850243431064,-0.3018075141412732,-0.3019879022247691,2.4324335637145253,4.9251375915658056,0.5410339878562639,0.5441386572093814,1.4078552885373274,2.139627370511718,0.524837122669077,0.3780267922530596,7.084496346634865,1.037288132517369,-0.24575168836485167,0.30943363851842787,1.9527109234995466,6.700974559508115,0.17239172291055144,-0.47735849041102596,6.161634720237895,8.31234537480983,0.3804606185469545,-0.27139615958146346,3.770252031441962,5.90802931011136,0.409661209789887,-0.47868276878362026,5.639087621420239,5.331098678096753,-0.16656788704020636,-0.24111906805921718,1.0500263625391872,8.302832744321277,0.405216100020491,-0.5392329851080274,1.583314308991488,8.940605094236837,0.3731074617643074,-0.3271598665202745,1.9811493237479199,1.8711395647289446,0.4344076870461806,0.058281488301572926
4,4.868520855059277,7.874077486587057,0.5436035876281504,0.25941617647796156,7.080463036191173,4.689247016456932,-0.48064971088620156,-0.29371164401727906,8.471335647673925,5.071553619448357,0.18417143474437087,0.09376337752208705,5.714781767713334,7.88235891179095,-0.3991311054928659,0.44017420440932786,8.534255304452365,4.0505546193258,-0.006923336664203965,-0.4418018519873578,4.14976478979786,4.811751726563445,0.44926044834870194,-0.5837435838249374,4.6535217717416115,2.582499875270225,-0.46229482899305274,0.6344919491895061,1.1591268991918027,6.005974302266074,0.5120383209496067,-0.45713048874837214,8.106004040891655,1.7441965974283498,-0.35110634744512903,0.2916968588269264,4.764127512841084,6.2707508483198255,-0.3958673662301597,-0.4019879022247691,2.4594852631073385,4.952344524426275,0.6410339878562639,0.6441386572093813,1.4340971446707813,2.1585287101243713,0.624837122669077,0.47802679225305955,7.072208762216623,1.0527598144432904,-0.3351117585009126,0.40943363851842784,1.9613305096450742,6.677106634987564,0.18054759359461056,-0.5760962116155167,6.180657751165243,8.298775566830757,0.46516107101653414,-0.37012321692141575,3.7907350919314564,5.884095171672179,0.488668985099073,-0.5786827687836202,5.6307592270682285,5.319042724693792,-0.19733987695573832,-0.29718753407615317,1.0702871675402117,8.275871095065876,0.505216100020491,-0.6392329851080274,1.6019696820797034,8.924247100910822,0.4731074617643074,-0.4271598665202745,2.0028697081002287,1.8740536391440232,0.5344076870461806,0.06214900514539423
5,4.895701034440685,7.887048295410954,0.6436035876281504,0.3014675546786577,7.056430550646863,4.674561434256068,-0.5806497108862015,-0.3425131235981294,8.480544219411144,5.076241788324461,0.2230400426692971,0.09655914665914717,5.69482521243869,7.904367622011416,-0.4991311054928659,0.49345280412237624,8.533909137619155,4.028464526726433,0.01356522685837433,-0.5418018519873578,4.172227812215295,4.782564547372198,0.534681993609034,-0.6837435838249374,4.630407030291959,2.6142244727297004,-0.5494559467705828,0.7344919491895061,1.184728815239283,5.983117777828655,0.6120383209496066,-0.5571304887483721,8.088448723519399,1.7587814403696962,-0.451106347445129,0.35254128815945307,4.744334144529575,6.2506514532085875,-0.4863692640178574,-0.5019879022247691,2.4915369625001516,4.984551457286744,0.7410339878562638,0.7441386572093813,1.465339000804235,2.1824300497370244,0.724837122669077,0.5780267922530595,7.055453174291578,1.0732314963692118,-0.42116039064708344,0.5094336385184278,1.9703578893248046,6.648301824406788,0.18780447995572694,-0.6706061141738315,6.20391580471607,8.280269405984686,0.5455718193213452,-0.46359669573931,3.8151685411864102,5.855161033232998,0.5646335771019115,-0.6786827687836202,5.620892233220442,5.304183347989984,-0.22645441876025535,-0.35066185321007326,1.0955479725412363,8.243909445810473,0.605216100020491,-0.7392329851080274,1.6256250551679188,8.902889107584809,0.5731074617643074,-0.5271598665202745,2.029590092452538,1.877161089401293,0.6344076870461806,0.0653931145900037
6,4.927881213822093,7.902121673144888,0.7436035876281504,0.3417029903004258,7.0273980651025525,4.657435778076161,-0.6806497108862015,-0.389063823109212,8.491696221544608,5.081069745657419,0.2602539054412378,0.09929967399332187,5.669868657164047,7.929040262217535,-0.5991311054928659,0.5414740359280992,8.534587398962074,4.001374434127065,0.03338817612805037,-0.6418018519873577,4.198961911895747,4.748377368180951,0.6166925820073784,-0.7837435838249374,4.60293423295343,2.6509490701891756,-0.632209374646184,0.8344919491895061,1.2153307312867634,5.955261253391236,0.7120383209496066,-0.6571304887483721,8.065893406147142,1.7764085047776688,-0.551106347445129,0.41066658294727076,4.720015681328682,6.225552058097349,-0.5732569151509822,-0.6019879022247691,2.528588661892965,5.021758390147213,0.8410339878562638,0.8441386572093813,1.501580856937689,2.2113313893496773,0.8248371226690769,0.6780267922530595,7.034395154759223,1.098703178295133,-0.5037666201827604,0.6094336385184278,1.979748113322591,6.614771518698096,0.19408430927045875,-0.7607695753730106,6.231194395682137,8.25708957119772,0.6223842892960675,-0.550647402313407,3.843400220041506,5.821226894793817,0.6376009326754242,-0.7786827687836202,5.6095695122824285,5.28665025532948,-0.25380940935400864,-0.4014058257381068,1.1258087775422607,8.206947796555072,0.705216100020491,-0.8392329851080274,1.654280428256134,8.876531114258794,0.6731074617643074,-0.6271598665202744,2.061310476804847,1.8804307451307931,0.7344076870461805,0.06773746956287077
7,4.9650613932035,7.919206822659909,0.8436035876281504,0.38019624529903406,6.993365579558242,4.6379825869207005,-0.7806497108862015,-0.43329267516807946,8.50470891681667,5.086034729357085,0.29575213482288565,0.10196455106365691,5.639912101889403,7.95611396401394,-0.6991311054928658,0.5833307989367229,8.536256807768476,3.9692843415276973,0.052502032684594205,-0.7418018519873577,4.229796540996116,4.709190188989704,0.6952302132395828,-0.8837435838249373,4.571323764221121,2.6926736676486507,-0.7103413601083757,0.9344919491895061,1.2509326473342437,5.9224047289538175,0.8120383209496066,-0.7571304887483721,8.038338088774886,1.7969418339250323,-0.651106347445129,0.4659632685307688,4.691352835571133,6.19545266298611,-0.6565546642500941,-0.701987902224769,2.570640361285778,5.063965323007682,0.9410339878562638,0.9441386572093813,1.5428227130711427,2.24523272896233,0.9248371226690769,0.7780267922530595,7.009206823750085,1.1291748602210545,-0.5828108574385473,0.7094336385184278,1.9894523287861139,6.5767330399294455,0.19929620436066675,-0.8464936911140848,6.262313610146941,8.22955720108205,0.6968342777134713,-0.6303390100391539,3.875280266675277,5.782292756354636,0.7076977921094059,-0.8786827687836202,5.596879041814728,5.266579964042575,-0.2793137346864424,-0.4492934575706661,1.1610695825432853,8.16498614729967,0.8052161000204909,-0.9392329851080273,1.6879358013443495,8.845173120932781,0.7731074617643073,-0.7271598665202744,2.098030861157156,1.8838176186089366,0.8344076870461805,0.06883955806850386
8,5.007241572584908,7.938216634924861,0.9436035876281503,0.4172160505921281,6.954333094013932,4.616317953162296,-0.8806497108862015,-0.4751349229759507,8.519496523557814,5.0911329569102675,0.32947963589304324,0.10451449973902383,5.60495554661476,7.985280503960776,-0.7991311054928658,0.6186190728457136,8.538881909402706,3.9321942489283295,0.07087143063905323,-0.8418018519873577,4.264558051658095,4.665003009798458,0.7702476860739906,-0.9837435838249373,4.535806696215702,2.739398265108126,-0.7836538920931523,1.0344919491895062,1.2915345633817241,5.884548204516399,0.9120383209496066,-0.857130488748372,8.005782771402629,1.8202399973515706,-0.7511063474451289,0.5183316774741955,4.658525102358628,6.160353267874871,-0.7364056909644271,-0.801987902224769,2.6176920606785914,5.111172255868151,1.0410339878562638,1.0418770340236143,1.5890645692045966,2.2841340685749834,1.024837122669077,0.8780267922530595,6.980066280878157,1.1646465421469758,-0.6581844583611814,0.8094336385184278,1.9994171390041473,6.534408355373741,0.20333250067380382,-0.9277180586174203,6.297155324032614,8.198040250580092,0.7702605319440193,-0.7024038755158918,3.9106651562807473,5.738358617915455,0.775169217468017,-0.9786827687836201,5.5829133550804055,5.244115291164041,-0.30288805679327224,-0.49420873244987684,1.2013303875443098,8.118024498044269,0.9052161000204909,-1.0392329851080273,1.7265911744325648,8.808815127606767,0.8731074617643073,-0.8271598665202744,2.1397512455094647,1.8872595965123617,0.9342409140899952,0.06829928555323553
9,5.0544217519663155,7.959077437454467,1.0436035876281504,0.453594732201975,6.910300608469622,4.592561207013499,-0.9806497108862015,-0.5145324613320541,8.535970505352466,5.096358681897219,0.36138742719342803,0.1068972825394166,5.564998991340117,8.016211457603061,-0.8991311054928658,0.6471817102205887,8.542425480934659,3.890104156328962,0.08847111416711498,-0.9418018519873577,4.303070435961795,4.615815830607211,0.8417147091373793,-1.0837435838249374,4.496624001611044,2.7911228625676014,-0.8519695763430599,1.1344919491895062,1.3371364794292044,5.841691680078981,1.0120383209496067,-0.957130488748372,7.968227454030372,1.8461565812252805,-0.8511063474451289,0.5676820717289284,4.621704817810407,6.120253872763633,-0.8131287851837777,-0.901987902224769,2.6697437600714045,5.163266107569332,1.0637674461783315,1.0575437676291373,1.6403064253380504,2.3280354081876364,1.124837122669077,0.9780267922530594,6.947157057960098,1.2051182240728973,-0.7297891191163016,0.9094336385184277,2.0095837640378376,6.48802245244287,0.20606549508704342,-1.0044246576315812,6.335668350629815,8.162920056804298,0.8434216545639321,-0.7673500673177182,3.949423617154148,5.689424479476274,0.8404336997515696,-1.0786827687836202,5.567768952240742,5.219404854541548,-0.32446578651491204,-0.5360455163670285,1.2465911925453343,8.066062848788867,0.9924382981047601,-1.1247516278961003,1.7702465475207803,8.767457134280754,0.9731074617643073,-0.9271598665202744,2.1864632912139643,1.8906745607900235,1.030763307425033,0.06568483921794652
10,5.106601931347723,7.981757174064565,1.1436035876281505,0.49206647139225734,6.861268122925312,4.566834583946896,-1.0806497108862014,-0.5514340707738102,8.554039876712137,5.10170354602419,0.3914331072208206,0.10905406098335191,5.520042436065474,8.04857054311409,-0.9991311054928658,0.6673954648598928,8.546849036643014,3.8430140637295938,0.1052874844647328,-1.0418018519873578,4.3451561714186635,4.5616286514159645,0.9096213391003398,-1.1837435838249375,4.454025522793891,2.8478474600270767,-0.893283799379285,1.205007906101246,1.3877383954766849,5.793835155641562,1.0871602596911598,-1.0334808027961864,7.9256721366581155,1.874540684811727,-0.9511063474451289,0.6139349270303991,4.581048378551218,6.0751544776523945,-0.8872950695462934,-1.001987902224769,2.722932132380321,5.216143295950789,1.0682745255322388,1.0529907587908216,1.6965482814715043,2.3769367478002894,1.1223099763563864,0.9951986319177331,6.910667602004283,1.2505899059988186,-0.7975360095178807,1.0094336385184277,2.0198870387921897,6.43780121956129,0.20734669698211644,-1.076651627487596,6.3778394333580115,8.124552553438411,0.9160950149261967,-0.8260845478353224,3.9914453021417264,5.635490341037093,0.9041567668087038,-1.1786827687836203,5.551545662914997,5.192602578723196,-0.34399429532376186,-0.5747076103173507,1.2962131074505723,8.009825267394062,0.998469230118197,-1.1194012669758664,1.8189019206089956,8.72109914095474,1.0731074617643073,-1.0271598665202744,2.238001456585216,1.8939588027509209,1.1239503310507044,0.060574849727926657
11,5.16378211072913,8.006360497634178,1.2436035876281506,0.5433127439604621,6.807235637381002,4.539262880408206,-1.1806497108862015,-0.5857939610153348,8.573611532073178,5.107156249073357,0.4195805270377652,0.11092572927777586,5.470085880790831,8.081940316357086,-1.0991311054928659,0.669589386349887,8.55211341086625,3.790923971130226,0.12131902436318374,-1.1418018519873578,4.390637238373681,4.502441472224717,0.9069604030190309,-1.1947480183518018,4.409361332824927,2.908097855332139,-0.8839346668965317,1.211882628251811,1.4420964084612429,5.742161115501753,1.0849044218335726,-1.0358486354125112,7.878116819285859,1.905237431163247,-1.051106347445129,0.6570219952417297,4.536683625073903,6.025055082541156,-0.9598167365098148,-1.1019879022247692,2.776345858656933,5.2687928338903305,1.073384631542235,1.0477811950827043,1.7526637802893237,2.426696679396176,1.110540752968859,1.0083150479861738,6.870790801528389,1.30106158792474,-0.8613442409102605,1.1094336385184278,2.0302543736412955,6.383968638186911,0.20703012900648218,-1.1445002738047183,6.4236441841043215,8.083248326046645,0.9872692508581223,-0.8793894883497149,4.036653140482161,5.576556202597912,0.904960382593526,-1.1962636439916488,5.534345948148808,5.1638671982073285,-0.36144144910789944,-0.6101058917995906,1.3461365689564821,7.953855204045269,1.002846828851978,-1.1154811687615043,1.872557293697211,8.669741147628727,1.0816309840059821,-1.0392662865879232,2.294198973137751,1.8969875452373173,1.2136599692354353,0.052615629616026165
12,5.225962290110537,8.0335261348322,1.3436035876281507,0.6433127439604621,6.748203151836692,4.509973182357439,-1.2806497108862016,-0.6175711025036756,8.594590558425066,5.112702535537246,0.4457994975988289,0.11245761289319131,5.415129325516188,8.11541978567458,-1.199131105492866,0.5979299807479752,8.55817936208441,3.733833878530858,0.13657585432386785,-1.241801851987358,4.435985258524632,4.442704071307127,0.90099432505428,-1.1992536121354742,4.3651645994801,2.9686919867447297,-0.8732569812614108,1.2195992147743486,1.4963416295529215,5.690368683731128,1.0828383888249413,-1.0380082002021973,7.825561501913603,1.9380885309253335,-1.151106347445129,0.6968876262540806,4.488692788248412,5.969955687429918,-0.9770853436125528,-1.1381143313821944,2.830015090234045,5.321181893644466,1.078935808717676,1.042064067448223,1.8081908179377666,2.4771124317954847,1.0966904615170368,1.0233621214494648,6.827723589482876,1.3565332698506614,-0.9088560071348094,1.1933066488941437,2.0406058800916194,6.326743624496675,0.20497356431981242,-1.20813698165452,6.473007646647227,8.03927885162916,1.0556850713674641,-0.9276648138473987,4.081901159611838,5.516743020398329,0.8990968990781912,-1.2006767950068749,5.516273875693414,5.133361903617349,-0.37679970871449137,-0.6421615106389881,1.3962789103990811,7.898081145607193,1.005368994107758,-1.113208509528541,1.92663884289751,8.61777783329933,1.0798411402256014,-1.0411258866612976,2.354881971599523,1.8996183267181186,1.299685583162559,0.04151957537609209
13,5.293142469491945,8.065691772030224,1.333597889303699,0.6866707141306656,6.684170666292382,4.479094627232255,-1.358357387399497,-0.6362901917342537,8.616880533305007,5.118325416181905,0.47006395569098136,0.11360103285242393,5.355172770241544,8.14531628471198,-1.299131105492866,0.49792998074797523,8.565008154800603,3.6717437859314903,0.15107614195352362,-1.341801851987358,4.481034974777346,4.382741390700353,0.8959812050291835,-1.203003607739583,4.321501750417029,3.0296719474834473,-0.8614150098986135,1.2279919302346296,1.5504835489941686,5.638468273721018,1.080946568377049,-1.0399781326133168,7.768006184541346,1.9729329122380375,-1.2511063474451292,0.7334917468065549,4.439838521067784,5.913049970860809,-0.9711393875529544,-1.143192149178463,2.8839618806699288,5.373285097016877,1.0845708131715135,1.0361979305212308,1.8630253410136184,2.528280537867958,1.0808186258173142,1.0401110989150977,6.782280789126135,1.4161986022953685,-0.8969952534660736,1.2022476929731805,2.05085455830761,6.266336775413949,0.2010360986618809,-1.2678198499107376,6.525791900215601,7.99289561093679,1.1203109322517015,-0.971013258503653,4.126856004565747,5.4567091806479855,0.8962326308860149,-1.2028163082262946,5.497433890257689,5.101253828085399,-0.39009132955246917,-0.6708348393508647,1.446547360104469,7.842420720130766,1.0062354544821528,-1.1124253728421944,1.9806308999087903,8.565721538966265,1.0782026882531015,-1.0428225942334515,2.419866250757651,1.901694305486923,1.3817734552352816,0.027242582126568694
14,5.3598223639571305,8.100025307736757,1.3150236033664147,0.7216044086542233,6.616252796922407,4.447280117645542,-1.3654660396410994,-0.6208884719390849,8.640383731089557,5.124005467824526,0.4923566199327677,0.1143149678226929,5.2902162149669,8.170212783749378,-1.3991311054928661,0.39792998074797525,8.572561961898279,3.6046536933321223,0.16484718060710266,-1.4407864008215843,4.525834035028805,4.322591210313374,0.8918573500696487,-1.206064039397056,4.278430999922099,3.0910715439951786,-0.8486034827360924,1.236879997852732,1.6045308774130211,5.586469367090352,1.0792145837770706,-1.041775351101611,7.70545086716909,2.0096074995783653,-1.304541915870751,0.7403852981632406,4.3912815516901365,5.855890363401885,-0.9674590984380477,-1.1463083759832866,2.9381904213285046,5.425094993542939,1.0892843442222346,1.0312417841768906,1.917066272304484,2.580286092813713,1.0630062865001844,1.0583088560817622,6.737431026452832,1.4763109869440276,-0.8846219224753928,1.211381052466952,2.0609063632407043,6.2029457829184125,0.19506967043036866,-1.323919454367293,6.5818074468281855,7.944344948011607,1.140037615927356,-0.9748406199326485,4.1716676361100475,5.3965683652366705,0.8962289731583835,-1.2028190336336841,5.4779293237800655,5.067712086117856,-0.40136345398164275,-0.6961176750275293,1.4968591328285765,7.7867994514886565,1.0056133972693257,-1.1129877336397043,2.034541034321445,8.513580409254592,1.0767030540510305,-1.0443708792364825,2.488954923519415,1.9030564345932515,1.4597134399228782,0.009933535963744581
15,5.425573544125451,8.136105528169468,1.2150236033664146,0.8216044086542232,6.5479794949403525,4.416235694048588,-1.372436690478986,-0.6053243185492293,8.665001562086195,5.1297212162156605,0.5126703385764977,0.11457003825920076,5.220259659692257,8.190109282786777,-1.299131105492866,0.2979299807479753,8.580804320928634,3.532614373291043,0.17292145324359895,-1.4899993862442098,4.5704269025322874,4.262288008343521,0.8885273503806794,-1.2085194030819237,4.236000825785294,3.1529155438878154,-0.8350427916256,1.2460752530060633,1.6584916066018747,5.534380599535272,1.077629190782179,-1.0434152228016162,7.6402237713755525,2.0466267644865273,-1.3148253162781032,0.721965641616127,4.342908596768234,5.798574944602721,-0.9640752419449726,-1.1491557456971369,2.992654638539616,5.4766570827517835,1.0930657705802982,1.0272327979507363,1.9702165866294932,2.633201535617801,1.04337631431101,1.0776668625947319,6.693199930329063,1.5368800395673752,-0.8717320903763754,1.2206896258296107,2.0706598467622226,6.1367498102000475,0.1869072828717938,-1.3769462907881436,6.6388093276245534,7.895602917014974,1.1464910592639646,-0.9672426019504066,4.2164790847679665,5.336427413554986,0.9046326192242529,-1.1965115228176735,5.457861151080984,5.03290620236648,-0.4106743939462842,-0.7180345045361937,1.5471398026920429,7.7311500648066716,1.0036412507968255,-1.114766450741582,2.0883761870239965,8.461361865292767,1.0753306683342565,-1.0457838943777065,2.5619405955155585,1.9035531113914388,1.4999673380220115,-0.009898730583293826
16,5.486324724293772,8.177185748602179,1.1150236033664145,0.9216044086542232,6.479357660416404,4.385969478121126,-1.3792643667812206,-0.5896013963073683,8.690635079015019,5.135449718128621,0.5310102197386373,0.11435124098113286,5.155303104417613,8.205005781824175,-1.199131105492866,0.19792998074797527,8.589450393590813,3.4581144039788327,0.17522782580306934,-1.489729911448491,4.614853270051322,4.201862038189425,0.8858449638822592,-1.2104869681101236,4.1942486862040145,3.2152193065381187,-0.8209644159714486,1.2553953272609621,1.7123730661409837,5.482209838395191,1.076178197981227,-1.044911712150782,7.574482505561647,2.0827250465673335,-1.3248836815179104,0.7033372096281759,4.294704834670986,5.741117157317864,-0.9567564668963009,-1.1552562759198097,3.047307927068631,5.52801872264932,1.0959189036373302,1.0241883404190617,2.022385402345044,2.6870848787475374,1.0221637113449524,1.0978075182879343,6.649613325810244,1.5979145208588557,-0.8583172817272327,1.2301591132403866,2.0800052109058123,6.067902495660641,0.17634810760831163,-1.427589193634983,6.696133880587752,7.847240786917454,1.1524712044067806,-0.9601094328321039,4.261710715729179,5.276601837414103,0.9190409011509635,-1.1854804182320455,5.437327431383669,4.9970044771396696,-0.41809752582715765,-0.7366415726302156,1.5973218652318841,7.675411742269593,1.0004346794728947,-1.1176450474582555,2.1421427204407095,8.409072670573883,1.0740748932374955,-1.0470735999522014,2.636938962416659,1.9030581748622741,1.4996825593624568,-0.03085808069326386
17,5.542075904462093,8.223265969034891,1.0150236033664144,0.9589877371382957,6.410394442077343,4.356489408305758,-1.3859439966321796,-0.5737240087352289,8.71718559000195,5.141167280177678,0.5473853014841792,0.1136596245690054,5.0953465491429695,8.214902280861574,-1.0991311054928659,0.1985922663655748,8.598211784880966,3.383627908406408,0.1775400223453255,-1.4894561223700487,4.659145518245435,4.141337689783919,0.8835887588777127,-1.2121348543726242,4.153200465405442,3.2779890729011667,-0.806587903140809,1.2646801787435877,1.766181976040045,5.429964252787651,1.0748503909629883,-1.0462775143558767,7.508238321485752,2.117891907048742,-1.3346917832882887,0.6845420685558543,4.246867011326171,5.683354343521873,-0.940825233005613,-1.1682670417930712,3.1021038722504977,5.579228139670273,1.0978888445474757,1.0220763596807279,2.0734935879122913,2.7419752546619343,0.9998727291813795,1.1181478101929905,6.606697461723883,1.659422476520875,-0.8443612376282368,1.239779859648846,2.088822616286228,5.996523035978892,0.16313616137899287,-1.4767892477103979,6.753757440808091,7.7992353152758485,1.1568065064026776,-0.9548815145055599,4.3076627607867275,5.2173278165025,0.9301672763904056,-1.1767705120083756,5.4164225550923115,4.960172398508159,-0.42373276953554795,-0.752012555723163,1.647343599205529,7.61952948989668,0.9960931210567545,-1.1215161586813691,2.1958464651025844,8.356718990576272,1.0729259530548174,-1.0482508761081062,2.711923090384782,1.9015152708276108,1.4990725682991024,-0.05273931145865314
18,5.5928270846304144,8.271215355891806,0.9978108775141588,0.9648658492624038,6.341097242245734,4.327803207868996,-1.3924724106392141,-0.5576921961159366,8.744554855076158,5.1468502614061284,0.5618106624364606,0.11251097649148656,5.0403899938683265,8.224831894179854,-1.0810545907399667,0.22704146489689137,8.607088785998233,3.3091551022879058,0.17986992039597033,-1.4891765549244818,4.70332495618932,4.0807309470652875,0.8814788782944862,-1.2136700487038041,4.112871070248402,3.341223081838346,-0.7920950533775826,1.2738074526453222,1.8199244955881944,5.377650377069857,1.0743879399487388,-1.046752384517325,7.441503732321338,2.1521190104765346,-1.3442278564547703,0.6656211158992881,4.199825749675891,5.6249409914322195,-0.9150162303035401,-1.1885896256829347,3.1569983144778715,5.63033195765431,1.0990972061205149,1.0207768274691968,2.1234872243713605,2.7978826451715837,0.9775611541356108,1.137705669285801,6.564479399842471,1.7214114695033171,-0.829830615898438,1.2495523794213748,2.0969794243551774,5.922683573593372,0.14378147187516596,-1.493093060845643,6.811597766128225,7.75149123955057,1.1567200928762904,-0.9549861919086922,4.354171124606248,5.158489290902081,0.9294533207418834,-1.1773344998605477,5.395235916615534,4.9225717707220005,-0.4277142015688502,-0.7642376725709277,1.6971482552583668,7.563453681962611,0.9907010500983914,-1.1262821268820458,2.249492762755325,8.304306446770868,1.0718748690854594,-1.0493256239237796,2.786876718799737,1.8988783052546783,1.4981221015178496,-0.07503445171214178
19,5.642717628506122,8.319458648354926,1.0419971503114316,0.9674082021561892,6.271473621713773,4.299918598063199,-1.3988502264766334,-0.5414961162245503,8.772645388197981,5.152475810230703,0.5743053771749007,0.11092557035724414,4.986337264331328,8.236183967424699,-1.123120556966066,0.2550775571868258,8.61608228201803,3.234696274541682,0.1822103771322986,-1.4888919969108927,4.747398900104044,4.020047444630097,0.8792707176985037,-1.215270753782036,4.073266317579523,3.4049134544706123,-0.7776435468397274,1.2826809868624889,1.8736438925856314,5.3253127578439905,1.078348962242876,-1.0426713363422402,7.3742923394985995,2.185400066271499,-1.3534770456960663,0.6466064388589466,4.154074938160714,5.565511510148073,-0.8832039994980461,-1.2124152322000312,3.2119531747838974,5.6813707990277695,1.099779089116558,1.0200421340032744,2.172365282078141,2.854767928635874,0.9573503891524261,1.1547641457846265,6.522987869047549,1.7838890884743859,-0.8146706010152056,1.2594887104859351,2.1041684979489355,5.84802892055109,0.12029220623166953,-1.4951688149235582,6.869433770772039,7.703741929955136,1.14590867609724,-0.9679324904377733,4.400643790643342,5.099622565909054,0.9150620724069729,-1.1885543334834363,5.3738502065370914,4.884359887093454,-0.43022727689079393,-0.7734138442033341,1.7466833077632864,7.507139575618509,0.9843310442623177,-1.1318535220166324,2.303086506209598,8.251840165574679,1.0709133985504238,-1.050306856497272,2.8617828238756293,1.895126582669071,1.496842565458553,-0.09727453022994892
20,5.694817486021694,8.367829058462736,1.1068736189867294,0.9693031789119119,6.201531110389942,4.2728437922519715,-1.405082549841309,-0.5251123957129991,8.801360657056726,5.158022088748565,0.5848926787466293,0.10892585150795728,4.930181236483025,8.24893784528404,-1.1846087558453053,0.27999708588368744,8.625192800874645,3.1602516746961373,0.18453667783153294,-1.488605459661794,4.79136243598897,3.9592839069409953,0.8769018715155003,-1.2169811451836932,4.034384140237536,3.4690475038137367,-0.7634568866261997,1.291175271705213,1.9275613406977752,5.273179191026879,1.0876754360063488,-1.0329385973562997,7.306618487213796,2.2177303882144463,-1.3624331838177883,0.6275155931386279,4.109914738185812,5.504890748538071,-0.8513404929458143,-1.2349977186500298,3.2669421292397254,5.732372905727933,1.1003136210397233,1.0194655145488993,2.2202328015357624,2.912506135925105,0.9432670761788573,1.1662963701379638,6.482254338996789,1.8468635239986826,-0.7987970821485288,1.2696153833153554,2.110183108260519,5.7732704798049115,0.09390246011942546,-1.4970578906587146,6.926729204576901,7.655345305433247,1.126494716551501,-0.9904593144503988,4.446396894263691,5.040194849234882,0.891664507095472,-1.2062066186131581,5.352338842692552,4.845689194883287,-0.4315367915039069,-0.779637274174788,1.7958998599764022,7.450546899517677,0.9770444630306486,-1.1381494265961527,2.3566321761371194,8.199324822749816,1.0700339774922798,-1.0512027811093592,2.936624952148557,1.8902628561575736,1.4952694564191584,-0.11903467015938925
21,5.75016116697103,8.416294217408332,1.157872212334584,0.9535889784930488,6.131276982897877,4.246588172466321,-1.4111798548301624,-0.5084991812397752,8.830605290994058,5.163468381323963,0.593599883618507,0.10653542814247803,4.87095079869076,8.262937699578224,-1.2512343084967066,0.30207647021127304,8.634419634766221,3.0858214017130474,0.18680934812380445,-1.4883219636401122,4.8352075295647445,3.8984348496818106,0.8745626653119278,-1.2186632613000594,3.9962112959062264,3.5336062673989974,-0.7499223168997033,1.2990829529386416,1.9819451124980927,5.221532261159064,1.1037042319212795,-1.0157937627486489,7.238496828022907,2.249106167871378,-1.3710998866499635,0.6083462014580656,4.067347713538521,5.44314086260557,-0.8260692063006212,-1.252042198331135,3.3219578102917113,5.783346181455379,1.1011730722499387,1.0185371200656514,2.2673961553447053,2.970820954432003,0.942362715690562,1.167027211369259,6.442314484889363,1.9103442931644503,-0.782085153819349,1.279977660811065,2.11487823126649,5.698417585271976,0.06513428442051707,-1.4985851744205356,6.983053940404476,7.605822339710727,1.1111117470905147,-1.0076858069246903,4.490980119618464,4.979884518304224,0.865476560768609,-1.2251327776041827,5.330762003117356,4.806707331174548,-0.43203040514647445,-0.7829965839475707,1.8447520831279347,7.3936394281878695,0.9688936628610633,-1.1450960964336887,2.4101338750117334,8.146764683694348,1.0694367700847471,-1.0518103416446825,3.011388424969515,1.884311122649604,1.4934581987883966,-0.13993787361439305
22,5.80805477758776,8.463973666332985,1.1854396674757819,0.919093463568808,6.060717990156369,4.221163213404332,-1.417158418424676,-0.4915913110380118,8.860285285174983,5.168795152731087,0.6004582489098362,0.10377845523692455,4.808389083265925,8.278041523088788,-1.3168537512123561,0.32188231852828264,8.643760102172411,3.011405303531042,0.18897805697303305,-1.4880481490807673,4.878935662830341,3.8375016866168075,0.872552561726137,-1.2201032853923293,3.9587151800612412,3.5985604150459296,-0.7375373709375936,1.306154135801155,2.0371303240941567,5.170742573021632,1.1282627425870102,-0.9884448308783034,7.169941833690409,2.2795234779442812,-1.3794907135739234,0.5890716180256081,4.026044253223491,5.380538752689013,-0.8127189793651266,-1.260748928446781,3.377016463904208,5.8342730374586615,1.1026769618687542,1.0169088050380397,2.3145142911292336,3.029172315000466,0.9529770510192532,1.158375906271642,6.403210227198396,1.9743431762050037,-0.7643523061321004,1.2906454013827888,2.118134945487516,5.623488326550949,0.03567541224851631,-1.4995756949753816,7.038609527759002,7.555438049364493,1.091226572316798,-1.0291863620694417,4.534253947656895,4.918627879424014,0.8409603702405946,-1.2420892301621498,5.309160482860032,4.767557501977169,-0.43229346779010547,-0.7835705452280768,1.8931967662709879,7.336384623366185,0.9599240009663759,-1.1526256601207112,2.4636057135159706,8.094174166612115,1.0702296362342205,-1.0510035802631539,3.0860613349089348,1.8773142289688844,1.4914792394683627,-0.1596548722553587
23,5.867326760961549,8.509928339511426,1.210941193883503,0.8852239405687108,5.989860069235135,4.196583647852432,-1.4230400493116129,-0.4742963399133521,8.890308197620476,5.173984075492933,0.6055025929189608,0.1006792247819747,4.742546395705307,8.294135639015202,-1.3786149017701526,0.339861540687649,8.653209005021063,2.9370028960770034,0.19098627634593746,-1.487791733492129,4.922563290916648,3.776496522347191,0.8710388517215584,-1.221184391806409,3.9218383115143616,3.6638681218359874,-0.7266859417873915,1.3122223675919304,2.0935434612235073,5.121320331477716,1.1635014789667433,-0.9467123683792248,7.100967298011713,2.308977058845562,-1.387628068459542,0.5696387834612742,3.9854083042552344,5.317501306266674,-0.8078588268117798,-1.2638687099308594,3.432150311997646,5.885118477710564,1.1046134858965717,1.0148049304055555,2.3621631436801964,3.087091110314048,0.9626109808481077,1.1503825883377425,6.3649926118917906,2.038875446274143,-0.7453332196550833,1.3017213187462928,2.1199187160999418,5.54850954180218,0.009258541555704415,-1.4999714261972663,7.093170856374842,7.503978731261021,1.0217264094799314,-1.0982145255692295,4.576301966168924,4.8565234179159065,0.8209839572867341,-1.2553825480218426,5.287545809470527,4.728378974715765,-0.4332407946075682,-0.7814325023618882,1.9411929663193066,7.27875334036015,0.9501747385632526,-1.1606756507294593,2.5171171953276814,8.041623987598957,1.0722753637273759,-1.0489163667058128,3.160635296882353,1.8693314853561165,1.4894127311714929,-0.17790367119391903
24,5.927873820655725,8.55418953653986,1.2342447160763257,0.8524318042152521,5.918708066769555,4.172868830856764,-1.4288503946654254,-0.4564937564353513,8.920583327266424,5.179018036732032,0.6087717441835929,0.09726200359143833,4.673615650616799,8.311128716049584,-1.4352026840723877,0.3563160384700305,8.66275831883836,2.862613309402397,0.19277638690908333,-1.4875608440162305,4.966115233502726,3.715437302756871,0.8699893974211794,-1.2219322601415896,3.885504014424992,3.729479240215584,-0.7174656466067019,1.3172862429780503,2.1517185351718444,5.073984713058755,1.211058848468352,-0.8850629726446076,7.031585894588736,2.3374589980186253,-1.395540499738946,0.5499697387933022,3.9450153629146456,5.254307870770131,-0.807788345102147,-1.2639137587340106,3.4873809862924747,5.935858724230842,1.1062239990914442,1.0130490925094064,2.4102936927226017,3.1446102397309352,0.9713589399400506,1.1430056035726777,6.327725950909036,2.1039615122114577,-0.7246413647741357,1.3133525392895382,2.120381643177727,5.473510970492317,-0.007680002731638869,-1.499980339057163,7.144257176848838,7.449068004982559,0.9145804342823982,-1.1889249888987192,4.617351164033261,4.793754290514815,0.8070214751491942,-1.264403550551808,5.265883769740149,4.689307349597671,-0.43635455276772134,-0.776667781027294,1.9887017032474692,7.220719557823677,0.939679736710665,-1.1691886042958917,2.57073096351405,7.989178169263666,1.0754474378975203,-1.0456638122836894,3.2351059334409276,1.8604363017964205,1.4873427676871278,-0.1944517714210768
25,5.989586056459541,8.596811126750623,1.255465384741161,0.820857276094163,5.847265547036284,4.150044143034997,-1.4346155643384884,-0.438039019446625,8.951021914475604,5.183881136911603,0.6103105365763175,0.09355171712139226,4.60185551641318,8.328944517973087,-1.4552292003947054,0.36374163126948594,8.672397138183815,2.7882352672015855,0.19429482141753962,-1.4873632785470825,5.009614703373785,3.6543406897497914,0.8693214029626739,-1.2224075827444008,3.849630732094657,3.7953435523644865,-0.7097168947068297,1.3214771770135474,2.212271477595262,5.029731564426525,1.2699093289453636,-0.7983296914543117,6.961808869601789,2.3649574849582904,-1.403257616594084,0.5299698684554535,3.9046259456595385,5.191112182833431,-0.8096653549257553,-1.262712165551972,3.542692186247047,5.986511178856312,1.1068143338383232,1.0124040845482742,2.458861639719604,3.201760519909569,1.0062625601599704,1.1124008540181465,6.291493882670329,2.1696291391759344,-0.7017093135014824,1.3257465969578344,2.1199976430411454,5.398511953539459,-0.005265405641458193,-1.499990758472675,7.189986198562958,7.389621755537623,0.8013569327212087,-1.2680012091396664,4.657702237790721,4.7305341129872245,0.7999371748055155,-1.2688973624230488,5.244066042101762,4.650473960546306,-0.44412893795872854,-0.769418918928119,2.0356856900830023,7.162260127608882,0.9284689980067422,-1.1781109114766555,2.624503335408926,7.936894978649482,1.0796285322440884,-1.041346355620682,3.309473071825284,1.8507137132253666,1.4853511702601714,-0.20912173728892772
26,6.0523593256965995,8.637853990555332,1.2747972015548865,0.7905011669237623,5.77553476881936,4.128142192062666,-1.4402676524884996,-0.41908124414636677,8.98153744130442,5.188558722767673,0.6101688884354468,0.08957434919182437,4.529094056393445,8.34713159953656,-1.4546070246808867,0.36622179584101583,8.682111879254691,2.7138671032742314,0.19549575287820045,-1.487205907265899,5.053080773521919,3.5932203106125713,0.8690814020703795,-1.2225782251354649,3.814144887359315,3.861417411215164,-0.7031599800944434,1.3249777516598467,2.27576694404253,4.989815079853809,1.3332733252312545,-0.687300691274782,6.891645988772085,2.391455978381063,-1.4108003059351892,0.5095512700142903,3.8641426779132506,5.127976574555832,-0.8120642186161317,-1.261170767518567,3.598032902938963,6.037131383083726,1.1063157976490057,1.0129488416856225,2.5091747677276026,3.2573805626104764,1.1062625601599705,1.0124008540181464,6.256408416995255,2.235916469023826,-0.6756940814411247,1.3391928570244969,2.1197343727590723,5.323512415615825,0.028647718020791878,-1.4997264111337778,7.230054045199019,7.32622169508064,0.6843342470299055,-1.3347983511909252,4.697699096530997,4.667089244866072,0.8019407989039629,-1.2676320266754362,5.221859595203826,4.6120030145999005,-0.46094564827607964,-0.7599911158838686,2.0821091399833396,7.10335458203505,0.9165699343626952,-1.187391913153515,2.6784847620211307,7.8848276608684476,1.0847088672116758,-1.0360534124225271,3.3837406303382926,1.8402576263609203,1.483510780456276,-0.22180118184989592
27,6.116099185774344,8.67737904890152,1.292447802131446,0.7613006493926,5.703521386194935,4.107188129855348,-1.4458996009738994,-0.39921716383882855,9.012045885726192,5.193037440227264,0.6084004346781726,0.08535641898932417,4.456363705159401,8.36544268932861,-1.4539019883339075,0.369010851220815,8.6918866668986,2.6395068079109363,0.1963436159012652,-1.4870942083455292,5.096534843625438,3.532091399355798,0.8695024590693843,-1.2222788035764565,3.7789868883545927,3.9276662987981563,-0.6975073286023803,1.3279621706004923,2.342430610304093,4.95545004529007,1.3879938643148861,-0.5687468968040436,6.821105973475325,2.4169335418817774,-1.4181627925147433,0.4886862939829443,3.823539466982444,5.064918036179903,-0.8145840442941493,-1.2595446934433838,3.6533486928214134,6.087778825168007,1.1051847088181435,1.0141828037363654,2.564487895735601,3.3080006053113835,1.1963226203956436,0.9048824166319623,6.222623712923198,2.302876111875051,-0.6453257117528679,1.3540881528728677,2.1211667586601117,5.248526095059137,0.1010589410917315,-1.4965918249226868,7.264270757550514,7.259481777521093,0.5657682613053064,-1.389210665989709,4.737796136476195,4.6037076435323,0.8176714579879254,-1.2575425984005075,5.198812312790022,4.5740034588057075,-0.49493764290854014,-0.7491292352730906,2.1279376367014744,7.0439849863773745,0.9040089722435001,-1.1969827810387463,2.7327202053817143,7.8330249902473215,1.0905857333305655,-1.0298654078353309,3.4579161693611065,1.8291675672684256,1.4818788180148226,-0.23245465949081862
28,6.1807215758809155,8.71544408137115,1.3086136727167266,0.7331645487739027,5.63122640614624,4.087227271663406,-1.4516791518645906,-0.3776607472874342,9.0424659074601,5.19730526117673,0.6050620984529824,0.0809255762137798,4.383668605742705,8.383893231889651,-1.4530960774778816,0.3721717206054144,8.701703847693663,2.5651520974936597,0.1968147613084975,-1.4870319262648934,5.140009966578908,3.470977459176975,0.870885165162903,-1.2212939978150974,3.7441115219244736,3.994064407328181,-0.6925167428165084,1.3305715166494487,2.411830303519837,4.927012700449868,1.4240277993611565,-0.4713224232376616,6.7501978338495885,2.4413678565809245,-1.425279165504491,0.4675246521615968,3.7828102647677366,5.001940801507734,-0.8171577446601326,-1.2578764726084852,3.7086079282623206,6.138487965354825,1.1039846293868745,1.015489014257429,2.624304026755383,3.3532447261429814,1.274342023007179,0.7912347365971558,6.190357427335555,2.370580519518694,-0.6086667127520039,1.370957633476567,2.126219705714698,5.1736965038130025,0.18741492082471767,-1.4882458289719023,7.292559170615779,7.190021244221607,0.4477539747139374,-1.431613208282136,4.7786797093755915,4.540830513612275,0.8408449355118837,-1.242167377781278,5.174065430644594,4.536546997042053,-0.5624149370493554,-0.7388163464966655,2.1731380853136493,6.984135847325438,0.8908116417765239,-1.2068366164793867,2.7872494920482427,7.781531719855555,1.0971624692384556,-1.0228560583457358,3.5320101102618477,1.8175448342938847,1.4804918517380463,-0.24113041479094033
29,6.246152259516752,8.752102308809844,1.323471611472866,0.7059907178040061,5.558642448553011,4.068344234299034,-1.4577864834087022,-0.3533533200507526,9.072719012382748,5.201351539987419,0.6002131079806677,0.07631051868341991,4.311013801868811,8.402501817919921,-1.4521766568904002,0.375743206435753,8.711544585759087,2.490800501180415,0.1968966739070263,-1.4870210825016401,5.183554224837053,3.4099127592862204,0.8733003948082552,-1.2195681286536417,3.7094856847836484,4.060592983160653,-0.6879961987318256,1.3329145623522007,2.4830316934878947,4.903446579287985,1.4392493060671647,-0.42256530262810754,6.678933875574364,2.4647440891890042,-1.4319597936678337,0.4466443208177794,3.74195237753473,4.93904697787731,-0.8196020724486315,-1.2562851757614224,3.7638071597316642,6.189262416067696,1.1031260493938522,1.0164216246955355,2.688021127905742,3.3928064629728394,1.3400521078384107,0.673988388830128,6.159924091697955,2.4391284011925225,-0.5627466479819332,1.3904374168530915,2.135590451755934,5.099284212364408,0.267107258603478,-1.4760263251044459,7.314946869351476,7.118440583807501,0.3321229371690642,-1.4627694126574409,4.820721956151186,4.4787221447232115,0.8642842744657508,-1.2259741811764269,5.145944683792127,4.49960617971722,-0.6624149370493554,-0.7349698770039642,2.2176786674024753,6.923794016501469,0.8770042406463916,-1.2169073760513764,2.8421076155101654,7.730388916938268,1.1043478363155343,-1.0150940135894793,3.60603470284875,1.8054883135543376,1.4793668856088074,-0.24793873792551627
30,6.312325840090395,8.787401844700044,1.3371770926857043,0.6796744976800346,5.485753124382575,4.050676568296496,-1.464504899635283,-0.3243846465914336,9.102729667781782,5.20516706592159,0.5939137601223256,0.07154102431148437,4.238404969024291,8.421288978241709,-1.4511356910738327,0.37974360572848287,8.72138941945444,2.4164494470553333,0.1965867295674016,-1.487062089409179,5.227219244577466,3.3489343528535382,0.8762787060353645,-1.2174299279009808,3.675085874847057,4.127238711278263,-0.6837795780351792,1.335082577469286,2.554994158791253,4.88231831415658,1.440566355171967,-0.4180533175882642,6.607335885890972,2.487076305229893,-1.437768513158597,0.42757654586017346,3.7009722739122983,4.876232719089239,-0.8213547164008034,-1.2551400040816785,3.818963462201357,6.240083497302473,1.102820378510139,1.0167532703378699,2.7550237332976626,3.4265058824143457,1.3933921422440183,0.5553902573259868,6.131786759298858,2.508650272035177,-0.5030512812042264,1.4131310655699232,2.148945814686108,5.025482896109185,0.3471327206538112,-1.4592802589809413,7.331553016209929,7.045302113174628,0.2203818262777441,-1.4837222956626643,4.863936169874473,4.41742343566439,0.896507038824692,-1.2026117949437307,5.112823936939659,4.4628576858670215,-0.7624149370493554,-0.7594012396683615,2.261528879434795,6.8629486476989,0.8626178113886712,-1.2271473063471308,2.897325007325942,7.679634216258794,1.1120555363886115,-1.0066441694995492,3.6800030471291905,1.7930913766580618,1.4785030045874534,-0.25303925668929894
31,6.37918469472468,8.821385569584045,1.3498653147660744,0.654112858757177,5.412527879400811,4.034457335966924,-1.4724553662770767,-0.2861384181158486,9.132425355787898,5.208744117137164,0.5862247580941954,0.0666480636580011,4.165848184470599,8.440276158528134,-1.4499707630172698,0.384167654019852,8.73121875593281,2.3420963425848744,0.1958908047421009,-1.487153923646605,5.271033179879234,3.288062856458489,0.878839743463423,-1.2155824551667176,3.640896895945298,4.1939928401517275,-0.6796881266285606,1.3371701651323806,2.6270224765498513,4.861415648277166,1.4341623790650293,-0.43952050063055653,6.535447460233042,2.5084551325229016,-1.4417825165571139,0.41383955218204477,3.6599045380922584,4.8134757188851545,-0.8209991409449715,-1.2553726182164473,3.8741044811268637,6.290921160819367,1.1031308312648473,1.0164164348892273,2.8246933404098633,3.454275395280645,1.4347752179338382,0.4375157985752127,6.106634195238647,2.579306825313673,-0.4230249579975738,1.4391142709705684,2.1663024507187982,4.952518883160138,0.4175073929815308,-1.4407246707146255,7.342572107523816,6.971115998391495,0.11368996413008582,-1.495685325212526,4.908761521815708,4.357292845917204,0.986322057698005,-1.1301189311299822,5.074703190087191,4.4248876238836035,-0.8624149370493553,-0.8594012396683615,2.3046597700042284,6.801591282381543,0.8476913217097204,-1.2375053224524035,2.9529277841453725,7.629302007783816,1.1202043101823227,-0.9975681948864179,3.753928197358563,1.7804394138235968,1.4778847235268482,-0.256625688437404
32,6.446677960462984,8.854091212521904,1.3616529058081752,0.6292069326574146,5.338905111086957,4.020150415061132,-1.4824630052728973,-0.2286994490532263,9.161736593692607,5.212076520320064,0.5772078815841689,0.061664070393033954,4.093349646319735,8.459484541229127,-1.4486867893533628,0.3889814730203037,8.741013296169914,2.267738646402544,0.1948223292059142,-1.487294274863849,5.314975167052405,3.227283733700153,0.88007168748626,-1.2146908351037669,3.6069124896138702,4.260851348408346,-0.6754922166137731,1.339294689489289,2.6987305955031027,4.839439623245639,1.422569959557392,-0.47570443572125837,6.463358334405187,2.529147110132004,-1.4421055225066557,0.41271256578374926,3.6188545810450097,4.750707087974332,-0.8147232674141338,-1.2594546429046334,3.929261022690106,6.341741982563828,1.1040350458320114,1.0154342014993922,2.896432101306555,3.476151185209406,1.4649936855731978,0.32216998809736924,6.085482947338768,2.651262538862201,-0.31440073379613276,1.4666806668762131,2.1871778203678747,4.880482649624407,0.4616726594627807,-1.4271854664004127,7.34825660573032,6.896331732130869,0.013689964130085816,-1.3956853252125259,4.958077624700608,4.300786899360705,1.086322057698005,-1.030118931129982,5.031582443234723,4.3819175619001856,-0.9624149370493553,-0.9594012396683614,2.3470443360897146,6.739716016258923,0.8322717547622169,-1.2479277728398468,3.0089379996544885,7.5794235980394955,1.1287194427443632,-0.987923286278269,3.8278224335349056,1.7676081294017267,1.4774864019156944,-0.25890911948831513
33,6.514760605753393,8.885551559154775,1.3726398458893367,0.6048634998715811,5.264781960823312,4.008715442608471,-1.4948089103960223,-0.12468488842139797,9.190596987771816,5.215159723839716,0.5669266808210423,0.056622945067437855,4.020915306852067,8.478933614880143,-1.4472977480873466,0.39411829237082674,8.75075441263021,2.1933739326593513,0.193400961150557,-1.487479770694728,5.358978751426719,3.1665491919449646,0.8798432154113801,-1.2148563356605435,3.573137878783182,4.327816082882811,-0.6708978822755188,1.341602039189798,2.769859093480972,4.815654401459576,1.4085462139687166,-0.5157495158644307,6.391253058279854,2.5497827384211913,-1.434858266634861,0.43724335863407043,3.578118417674303,4.6877343558291,-0.79076393208027,-1.2746342235013737,3.9844627749817065,6.392513692638798,1.1054681181869856,1.0138738775962843,2.969681785585215,3.4922596846142744,1.4851097361310133,0.21082948477115893,6.0697629106489615,2.724596572206012,-0.2033798483900719,1.4861482554808694,2.2102614533410136,4.809123376304386,0.4803246395284074,-1.409254273405766,7.348941103936824,6.8265474658702425,-0.08631003586991419,-1.2956853252125258,5.012393727585509,4.249280952804205,1.1804394366227555,-0.925506745769987,4.983461696382255,4.333947499916768,-1.0621655969592847,-1.0591526068683996,2.3886579238278256,6.677319627616931,0.8164142508443396,-1.2583591581970053,3.065373971791707,7.530027433725582,1.1375341356838997,-0.9777607530239101,3.90169675363069,1.754662673427311,1.4772769316021237,-0.26010164812283265
34,6.58339259804786,8.915794734148355,1.3829075722379587,0.5810048594004318,5.190041515303511,4.002481198187401,-1.4998203495676035,-0.02321462950192877,9.218943321812867,5.217990871093088,0.5554383439536036,0.051558979603028555,3.9485504194476997,8.498639529498684,-1.445827508078582,0.3994781807349156,8.760424460687737,2.118999944124615,0.19164844858503527,-1.4877065813375125,5.402970912197287,3.1058063751619374,0.87916354548691,-1.2153482876471606,3.539592984669406,4.394896184842301,-0.6659581073655367,1.3440609358336817,2.840286404179408,4.789866925666354,1.3938043101807156,-0.5543550711607674,6.319510144948111,2.571644906352895,-1.4157751767493552,0.49556094367931425,3.5385802210702897,4.624002644654031,-0.7683478291842409,-1.2882707841862535,4.0397361808910555,6.443207386518612,1.1073425804895194,1.0118262743350817,3.0439372723917657,3.5028011588528325,1.4963468758199105,0.10462326330216104,6.059593918229458,2.7989039849800554,-0.09755799921730142,1.4968241168516485,2.234277685317434,4.738660662634098,0.4773192044140788,-1.3829825726474971,7.344625602143329,6.761763199609616,-0.18631003586991418,-1.1956853252125257,5.071415699416646,4.203005615515706,1.0804394366227554,-0.8255067457699871,4.930353416534291,4.2809898695733475,-0.958044775011067,-1.1541881168483734,2.4294786363700425,6.61440166970708,0.8001803988113709,-1.2687439967771574,3.122250678575902,7.481139396074386,1.1465900384990826,-0.9671252677986817,3.9755606002107964,1.7416575910211693,1.4772238774837856,-0.2604027952840957
35,6.652537976659758,8.944844977118375,1.3925260199643565,0.5575583231575224,5.1150504978251305,4.001320466712305,-1.498275249633468,0.0719115869368022,9.246715239010548,5.22056882007324,0.5428009032867761,0.04650418037647125,3.8762590440437705,8.51861343853543,-1.444308471574274,0.40493584546046835,8.77000688311699,2.0446146150577396,0.189585707036612,-1.4879708531041285,5.446929089471633,3.0450389607795794,0.8804856980767051,-1.2143907672089642,3.506295079301129,4.462099231633985,-0.6699109437472537,1.3420951260799898,2.909976619688444,4.762149172108316,1.378721667160317,-0.5908693294652174,6.248721386110643,2.5964229535368606,-1.3961028393665167,0.5485406656873768,3.5001628296110776,4.559589105444719,-0.7446314637194351,-1.302122875630043,4.095103309915531,6.493798700235366,1.1095566137868749,1.0093979001374054,3.1187546161827613,3.5080323220179404,1.3963468758199105,0.004623263302161035,6.054716018268593,2.8737451908226377,0.002378659166724811,1.499998113992337,2.258143645538138,4.669511534001724,0.45882490784937074,-1.3520041587520508,7.335310100349833,6.70197893334899,-0.2863100358699142,-1.0956853252125256,5.125437671247784,4.161730278227207,0.9804394366227555,-0.7255067457699871,4.882451177783738,4.223280463730929,-0.8469694386079405,-1.2379995032568272,2.469487656310611,6.550964469868222,0.7836354905606331,-1.2790290919028369,3.179580180500856,7.4327831326844525,1.1558369167117828,-0.9560549262287181,4.049421794084986,1.7286374512569647,1.4772959728712716,-0.25999347787651
36,6.722164277657976,8.972722893276252,1.4015552742836275,0.5344556231603758,5.040136735343457,4.0049160460591455,-1.4911314786030423,0.16287084919992423,9.273855284174887,5.222894029092063,0.529072663076542,0.041487941195421804,3.8040436204650567,8.538860230808455,-1.4427796678681155,0.41034964358016757,8.77948616846882,1.970216072402533,0.1872323778377156,-1.4882688052530144,5.490953374375468,2.984319422419131,0.8883811224947334,-1.2086268990863134,3.472799532113766,4.529203987937985,-0.7064491741034957,1.3232269512099912,2.97891270304646,4.732605705635055,1.3617852343196208,-0.628920484313443,6.178916244142317,2.6238499868212295,-1.376256427502021,0.5965888414640138,3.462931256425106,4.494482961663216,-0.6265815776033612,-1.3628629889347215,4.150581140604875,6.544268595242236,1.111999129631787,1.0067064794159957,3.188571959973757,3.5082634851830483,1.2963468758199104,-0.09537673669783897,6.054834951226929,2.9487450965222544,0.10237865916672481,1.4797813692361657,2.2810848909306065,4.601911326064121,0.42947544660923176,-1.3180707557198297,7.320994598556338,6.647194667088363,-0.3863100358699142,-0.9956853252125256,5.174459643078922,4.125454940938708,0.8804394366227555,-0.8255067457699871,4.840102705853341,4.161380488568088,-0.7311828470973121,-1.309721972065319,2.508669430838643,6.48701301527308,0.7668457276413747,-1.289165478128456,3.237372026336445,7.384980386373017,1.1652299119369058,-0.9445841690011065,4.123286592728549,1.7156377773631393,1.4774646291977034,-0.259033336599159
37,6.792242041372157,8.999445674434272,1.410047125738245,0.5116318043254489,4.965580161413305,4.013059588519142,-1.3911314786030422,0.2628708491999242,9.300308917328714,5.224968426151834,0.5143104504958795,0.03653582138466291,3.731904637071651,8.559377712987462,-1.4412845024141783,0.4155706716079894,8.788847787360705,1.8958026321398824,0.18460590795300652,-1.4885968758360493,5.535372430500204,2.9238880774648153,0.9087477460277376,-1.1933890958482514,3.4374770734085915,4.595365335498484,-0.8064491741034957,1.2232269512099911,3.047001964762441,4.701159681419383,1.3423644118555664,-0.6693711868490146,6.110103422767216,2.65367942889443,-1.3565617603086169,0.6401095144335749,3.4316021775449377,4.42633981221648,-0.5265815776033612,-1.2628629889347214,4.206181097086464,6.594603919213036,1.114550900783677,1.0038806151940054,3.2533893037647523,3.5034946483481564,1.1963468758199103,-0.19537673669783898,6.059953884185265,3.0227341649840627,0.13807774522729457,1.4470417992773954,2.302558663261068,4.53600778827813,0.39266961930785704,-1.2819513292566487,7.301679096762842,6.597410400827736,-0.48631003586991417,-0.8956853252125256,5.21848161491006,4.084179603650209,0.7804394366227555,-0.925506745769987,4.803543563498476,4.095894389964822,-0.6129680237675699,-1.3690398832168769,2.5470117172207116,6.422554741366657,0.7498769248527958,-1.2991091553727556,3.2956335219332904,7.337751177922962,1.1747273584409963,-0.9327462856158901,4.197159824188434,1.7026861105331814,1.477706854898912,-0.2576479205908046
38,6.862744397659069,9.025027264650545,1.4180463592239791,0.4890240516494234,4.896023587483153,4.026203130979138,-1.4574647651957222,0.35467796409275054,9.326024439853507,5.226795217221068,0.49856926290322373,0.03167252681126437,3.6598404119509422,8.580156246567862,-1.4398701632916173,0.4204448987234497,8.798078082758355,1.82137278834808,0.181727474431102,-1.4889510149890401,5.580809817801591,2.8642186226724027,0.9435461386839541,-1.1660706171474353,3.3971546147034166,4.656526683058984,-0.9064491741034957,1.123226951209991,3.1141201853552194,4.667691122076932,1.323487435410069,-0.705961052970827,6.0422753347517855,2.685684904616109,-1.3372687111034773,0.6794942194777265,3.4052730986647695,4.363196662769744,-0.5048491400666973,-1.1628629889347213,4.261908642125648,6.644797949972736,1.1170892756768178,1.0010552183410477,3.313206647555748,3.4937258115132646,1.0963468758199102,-0.295376736697839,6.06685777144663,3.0950862549479323,0.0951471375508568,1.4479948097537187,2.322192144226461,4.471910221815297,0.3508817558218792,-1.2439132075412942,7.277363594969347,6.55262613456711,-0.5863100358699141,-0.7956853252125257,5.2575035867411986,4.03790426636171,0.6804394366227555,-1.0255067457699871,4.772895162310097,4.027442395803978,-0.4944984462836586,-1.4161466331644643,2.5845055634633516,6.357599283598019,0.7333235100142789,-1.3085246003267716,3.3543698898553402,7.291113863642167,1.1842873189859415,-0.9205778327165446,4.27104516693338,1.689803714503641,1.478000808784425,-0.25595626429643387
39,6.933646715620268,9.049478467233016,1.425590942956363,0.466573106126776,4.823150349223367,4.043937029183776,-1.4448194398398992,0.40310890124223236,9.350952902998667,5.228378843561631,0.48190437864360663,0.026917946105857543,3.587846903786361,8.601178491504035,-1.4385842656008478,0.4248238585174675,8.80716445647991,1.746925237598628,0.17861504180865853,-1.489327588826478,5.627987124735789,2.805915091815031,0.9830344623859899,-1.1329798081878988,3.351832155998242,4.712688030619484,-1.0064491741034958,1.023226951209991,3.180294557125723,4.632393069428391,1.30530136885502,-0.7390455577738162,5.975411899196612,2.719659615589995,-1.3185636823594273,0.7151152463503677,3.3800306416614347,4.305053513323008,-0.6048491400666973,-1.0628629889347212,4.3177631059094885,6.694850710889788,1.119484347358424,0.9983760794507669,3.3680239913467434,3.4789569746783724,0.9963468758199102,-0.395376736697839,6.071615128324173,3.1674859954356185,0.02295471849951074,1.4998243500152304,2.3397362320175548,4.409714561438232,0.30589065079018807,-1.2040170711873759,7.248048093175851,6.512841868306484,-0.6863100358699141,-0.6956853252125257,5.291525558572336,3.9866289290732104,0.5804394366227555,-1.106778972456382,4.748170239995914,3.9566350641457544,-0.3944984462836586,-1.4471042733817332,2.6211717389640654,6.29217305358168,0.7182605675620131,-1.3168529747414839,3.413584255804637,7.24508497200634,1.1938751082112222,-0.9081091487225764,4.344945207372601,1.6770059012888194,1.4783296624912312,-0.254050012789926
40,7.004926262768087,9.072807122539354,1.4327133091169244,0.4442213118246712,4.7509093772313715,4.0640924742458875,-1.47193406774994,0.2888080680956036,9.375048121930847,5.229724740866924,0.4643677812505078,0.02228539644980091,3.5159176905063187,8.622419684429909,-1.4355767470771037,0.4280071890462448,8.816095208570344,1.672458858157304,0.17526446051985842,-1.4895901486560887,5.677138847855089,2.749266101405636,1.004515026391616,-1.113979156785912,3.301509697293067,4.763849378179984,-1.1064491741034959,0.923226951209991,3.245559625568474,4.5954407915396995,1.3654500623125871,-0.6209236082889356,5.909483715078641,2.7554153779075135,-1.30058081522798,0.7473215794160655,3.3497881846580997,4.251910363876272,-0.7048491400666973,-0.9628629889347212,4.3737373232774095,6.744769514862326,1.1216052470280409,0.9959928061181804,3.417841335137739,3.4591881378434803,0.8963468758199102,-0.495376736697839,6.072762864249149,3.24247721293638,-0.03953779218622418,1.4994788304571156,2.355030764557064,4.349513707878863,0.25895212000291556,-1.1622352297248901,7.213732591382355,6.478057602045858,-0.7863100358699141,-0.5956853252125257,5.3205475304034735,3.931289980450391,0.48352644250374743,-1.166663247300937,4.7284453176817305,3.8842798504766676,-0.2944984462836586,-1.347104273381733,2.657084767342166,6.226330404844607,0.7046292051584723,-1.3241969956308388,3.473278011215198,7.199679514570211,1.2034655518875617,-0.8953606342809398,4.418861690497162,1.6643034006493231,1.478679140107718,-0.2520079375938371
41,7.076561928223933,9.095018188130588,1.4394403559894948,0.42191404521399467,4.677312673843875,4.078532877650668,-1.4892955252604139,0.17888219150968693,9.398266510993373,5.230839010689414,0.446013205061074,0.017784454240249707,3.4441388531524635,8.643820043882222,-1.4298391291292842,0.4295572859484003,8.824858431596336,1.5979793507244997,0.17126587990935857,-1.4860932466888936,5.72736459917467,2.6935671435663404,1.0641702865548806,-1.057138402109063,3.2461872385878925,4.810010725740483,-1.206449174103496,0.823226951209991,3.3138321286841035,4.564394611125253,1.4133601774042122,-0.5024072142475001,5.844454674317242,2.7927814568783167,-1.3210092081239597,0.710587554106958,3.3145457276547647,4.2037672144295355,-0.7990927767275778,-0.8628629889347212,4.429817585628811,6.794569155168235,1.123331957186391,0.9940449255259003,3.4626586789287344,3.4344193010085884,0.7963468758199103,-0.595376736697839,6.070785974639837,3.3174511544592358,-0.08170390261310147,1.4977731711770608,2.3679783705572097,4.291401946392619,0.21101644588301663,-1.1185410989695443,7.174417089588859,6.448273335785232,-0.8863100358699141,-0.49568532521252573,5.344723852528661,3.872956818085344,0.4543512012232127,-1.225467726932373,4.713720395367548,3.816924636807581,-0.19449844628365862,-1.247104273381733,2.69231622760009,6.160120555063065,0.6923888654061771,-1.3306380646372427,3.533451288809576,7.154911482856164,1.2130415822337177,-0.8823435384088891,4.492795647502549,1.6517030037696312,1.4764472409178837,-0.24944501560222437
42,7.148533946023408,9.116113890391288,1.4457939998670073,0.3995994368721757,4.602847897580854,4.087476987226152,-1.419739003523672,0.07888219150968692,9.420567171246427,5.231728233401427,0.42689497245032654,0.013421302805734284,3.3726468966959993,8.665297908179642,-1.421365396250357,0.4293752101827158,8.833421725591805,1.523674688390055,0.16666082896719328,-1.4789356188894889,5.780573113502413,2.6407102234608875,1.1586715652907493,-0.952617553788867,3.1858647798827175,4.851172073300982,-1.1064491741034959,0.723226951209991,3.3845001375543142,4.539274250412878,1.3814246011699156,-0.40240721424750014,5.778404213911044,2.8283108345836645,-1.3781608484883496,0.5921762201354188,3.274591088818386,4.160624064982799,-0.81793673508831,-0.7628629889347213,4.485984183488131,6.84427140144453,1.1245667686882372,0.9926477636916817,3.50247602271973,3.4046504641736965,0.6963468758199103,-0.6267125093769049,6.0667007795091825,3.3923398130180886,-0.1088354956606339,1.4960464013139112,2.3785291928513606,4.235474891444142,0.1627947687680506,-1.0729995893818447,7.130101587795363,6.423489069524606,-0.9863100358699141,-0.39568532521252575,5.367441412589821,3.8116834317387256,0.4527562877135854,-1.2840920639369464,4.703995473053365,3.7545694231384945,-0.25006639932256164,-1.147104273381733,2.7269356708703985,6.093588651831203,0.6815010470138471,-1.3362471039890154,3.594103367921262,7.11079430593572,1.2226002763560895,-0.869050380734059,4.566618009548443,1.63923075298952,1.4706452790632307,-0.2462348430784144
43,7.220823646016758,9.136093862234898,1.4498649319801231,0.37672800995619027,4.53186094740467,4.0914210968016365,-1.3777082612334461,-0.021117808490313084,9.441911919868943,5.232399298541713,0.40707071818553203,0.00920109040889828,3.3015786268834812,8.686766668688778,-1.4101373480239419,0.42740207768803806,8.841754767040165,1.4497279074455804,0.16149517070835662,-1.4682267546231227,5.838506691766951,2.5930793457714443,1.1376645405541086,-0.852617553788867,3.130542321177543,4.887333420861482,-1.0158227479666349,0.6752826420668279,3.45357136761281,4.519153889700503,1.4061068742035359,-0.44765971139921584,5.709496171486626,2.8579196455904357,-1.423182017016677,0.4738701788890535,3.2336942520639704,4.122480915536063,-0.7874698843365894,-0.6628629889347213,4.542212521922543,6.893903789629114,1.1252537562407197,0.9918689349234355,3.5372933665107253,3.3733148387048515,0.5963468758199103,-0.6034739071089136,6.061259004726151,3.4671421330837844,-0.12788060057159362,1.4945389094959851,2.386668931289763,4.181824911975049,0.1150482366356733,-1.025717855948936,7.080786086001868,6.403704803263979,-1.0362954392503954,-0.2956853252125258,5.390079226975501,3.7474788285418783,0.4651401752098451,-1.3419790310474125,4.691492153087237,3.697214209469408,-0.286628488418845,-1.0471042733817328,2.7610107232210908,6.026776296631752,0.6719383443938127,-1.3410812284620577,3.6552333817390665,7.067341786899017,1.2321453490287877,-0.8554635228148111,4.640150273501605,1.6269190108355993,1.4614799305301314,-0.24242500138860965
44,7.293316892615763,9.154930262732707,1.4504927156047374,0.3530328408132885,4.4629755343429975,4.090365206377121,-1.3684199474039456,-0.12111780849031309,9.462265455778219,5.232859353062158,0.3866012888669766,0.0051273494132890165,3.231071759482284,8.70813677257318,-1.3961412840922913,0.4236236674193175,8.849829525575583,1.3763165697144244,0.15581679358653863,-1.4540864258379915,5.895389918794656,2.550448468082001,1.0376645405541085,-0.7526175537888671,3.0797511837792113,4.921097552964823,-0.997325847891366,0.7624082067484288,3.5238767113229867,4.496770904130542,1.4106871585324414,-0.5098644336994558,5.638337070635792,2.881613154534888,-1.3610690385514308,0.3738701788890535,3.194320757847141,4.0893377660893275,-0.7583531747574026,-0.5834601253198572,4.598475209734579,6.943497236375285,1.125383114288712,0.9917221617337386,3.567110710301721,3.343141143349406,0.4963468758199103,-0.5418675721924744,6.054864974697571,3.541869078558584,-0.14477389714559924,1.4929971596440748,2.3924213431215464,4.130539019177602,0.06846222377945108,-0.9768508268243905,7.028971314039348,6.388920537003353,-1.0077346025275713,-0.19568532521252577,5.413336235735993,3.6803798769895075,0.48849742388132494,-1.3990340719856462,4.677160728666295,3.644858995800321,-0.2935025707258832,-0.9471042733817329,2.7946076404407814,5.959722235208649,0.6636391855409334,-1.345207430627175,3.7168406491905057,7.024568610758276,1.2416873583065313,-0.8415536252799034,4.713224270028111,1.6147977607661688,1.4491626964497895,-0.23804647167396115
45,7.365841528396,9.172581904773372,1.4477507866460997,0.3285903933243609,4.3945545369728,4.084309315952606,-1.3757551024808123,-0.18243239841969072,9.481595520221568,5.2331157205328225,0.36555205359505427,0.0011993400535732258,3.1612646952776697,8.729317955944147,-1.3793759095012288,0.4180641137651792,8.85762036525491,1.3036122484225248,0.1496702096457319,-1.4366416838381484,5.947273145822361,2.5128175903925576,0.9609164254409484,-0.6791103737743395,3.029884891384643,4.959217963302244,-1.0070041588484626,0.8624082067484288,3.5944110692496087,4.471277682445569,1.3963576825659676,-0.5478916155034685,5.5702836187082205,2.900306663479341,-1.4375320984728295,0.2738701788890535,3.1564030991092706,4.060164759823334,-0.7455513089151274,-0.549854850090316,4.654744365449014,6.993083344461972,1.1249980671244637,0.9921589333197686,3.5919280540927163,3.316047764739782,0.39634687581991035,-0.45196638956550084,6.047626279840291,3.6165189365407877,-0.16442713372923073,1.490960669398623,2.395844454310519,4.081696477836383,0.023661366102903224,-0.9265325500193426,6.978584583912969,6.379136270742726,-0.9230251552867877,-0.09568532521252576,5.437761106930059,3.610428173390225,0.5076439666458963,-1.4114877268782824,4.662485600130001,3.5975037821312346,-0.2845660809047656,-0.8471042733817329,2.827789599717828,5.8924618636772905,0.6564997477934157,-1.348706076633149,3.7789250171058324,6.982490929494281,1.2512301328039597,-0.8272987095139126,4.785682404850601,1.6028954371824706,1.4339058746439055,-0.23313316232075362
46,7.438229067728305,9.18901142443959,1.4417162158346157,0.30348143318032594,4.325766781848759,4.075187696031621,-1.3917477004387038,-0.2143472304001327,9.49987312290132,5.2331756875355016,0.3439941247727943,-0.002587437300153336,3.0922958998026084,8.750221161632405,-1.359856102830223,0.4107831319961348,8.865103875737196,1.2317801642306174,0.14309711381084222,-1.4160275403281044,5.995318967094409,2.4788620717038405,0.9345855924138521,-0.6785001177713502,2.97953468344222,5.002338373639666,-1.0270348776663603,0.9624082067484288,3.6642289533779073,4.443883101670396,1.3860981274117803,-0.5733515336907682,5.498407013784579,2.9140001724237936,-1.4811464212313101,0.23707652535348606,3.119125533663514,4.032672017318818,-0.7480550674304797,-0.5377754604376829,4.710994268805237,7.04269129112796,1.1241808459629852,0.9930848028088775,3.6117453978837117,3.293449445261507,0.29634687581991037,-0.35196638956550086,6.039404923153829,3.691066970010719,-0.1882440576048632,1.4881411810632943,2.397027522615664,4.035369850335416,-0.018702770714570473,-0.8748971274830964,6.9324333261486295,6.3743520044821,-0.8230251552867878,0.004314674787474243,5.463143305262354,3.5398537870463107,0.5290896371508326,-1.4035897391544299,4.648257296084763,3.555148568462148,-0.2674936905036688,-0.7577795421345609,2.8606145871074986,5.825026559845633,0.650307036623982,-1.3517029104493838,3.8414865237460303,6.941125994018585,1.2607599770205338,-0.8127018397562438,4.857377698582796,1.5912387790664329,1.4159114838658997,-0.22769136135737278
47,7.510314878520036,9.204185496098606,1.4324716340459231,0.2777909186994811,4.256179396826823,4.064470334511615,-1.4149134615620567,-0.22800003324161885,9.517072829139959,5.233046315670494,0.3220002535488202,-0.006241341222012343,3.0243030946610974,8.770760318232211,-1.3376170990310536,0.4018662606587991,8.872258731427738,1.160978787214212,0.13613440977686073,-1.3923817977506072,6.042048246715102,2.444937065815273,0.9262858573587845,-0.697100551618026,2.928182939558902,5.050458783977088,-1.0499402393797557,1.0624082067484288,3.7335338597484964,4.415215524985857,1.3781683663629758,-0.5921587236175845,5.4243496927230135,2.925853998691468,-1.482689460934398,0.2272266763257893,3.08172278029199,4.005783244296934,-0.7622306688472053,-0.5352357000900916,4.767203311103386,7.092345531268404,1.1230121585080675,0.9944062006258063,3.6265627416747073,3.275851125783232,0.19634687581991037,-0.2519663895655009,6.029992720273586,3.765474029063884,-0.2108972114527907,1.485100119925063,2.3960923840799357,3.9916249939612607,-0.05792247780059234,-0.8220437939061922,6.89128206838429,6.374567738221474,-0.7230251552867878,0.10431467478747425,5.489597787119895,3.469674300088589,0.5501232523979199,-1.3954799916771055,4.634882611559579,3.51725959135542,-0.24566990068672007,-0.6839442281317061,2.8931299389386975,5.757441414323164,0.6444525186215976,-1.3545039502497878,3.904524522597057,6.900490902030773,1.2702327571138459,-0.7978149802773555,4.928173272776091,1.5798542109985643,1.3953814416141976,-0.22171787121989228
48,7.581938460222332,9.21807504203358,1.4201063759483183,0.25160756254953315,4.18543372374872,4.053070332849534,-1.4498835459347266,-0.22391716542454035,9.5331728418174,5.232734248609393,0.29964429630899,-0.009769281898814796,2.957422239709545,8.79085363126515,-1.3127158967241899,0.3914159912403174,8.879065451916581,1.0913596973266817,0.12882146047245097,-1.3658487229715912,6.088362539583041,2.4100820382343717,0.924360145374747,-0.7200744081684293,2.875685927589914,5.103579194314509,-1.0170269256757196,1.10256801715386,3.8024422780666454,4.385607588804978,1.3695745176933665,-0.611772539825859,5.3502152196762935,2.9372153325077575,-1.4802008870237409,0.24291013575833176,3.04361124684963,3.9790214592924293,-0.7851055769703872,-0.5367065330351821,4.823353919028789,7.1420658412996945,1.1215363323303402,0.9960704067800673,3.636380085465703,3.263252806304957,0.09634687581991036,-0.15196638956550088,6.019447859700946,3.839729035060137,-0.22519027853071966,1.4830001141116804,2.393196260189906,3.950522804265951,-0.09318116385411468,-0.7680422909259529,6.855130810619951,6.379783471960848,-0.6230251552867878,0.20431467478747425,5.517103949739791,3.3999003005047337,0.5549915397745402,-1.3935510004225484,4.622599116525243,3.4830623799488345,-0.22054595055695375,-0.6197058445084711,2.9253525648697773,5.689716216810675,0.6369916848182717,-1.3580285687246714,3.9680361604527494,6.860600153016906,1.279574752159609,-0.7827441814767293,4.997942344856801,1.5687683174375697,1.3725027982489217,-0.21516784507909792
49,7.652943779019748,9.230655420161057,1.4047169347725992,0.22502251658074796,4.112939546451984,4.041874474578306,-1.4886669167347824,-0.1840402429344104,9.548155056632849,5.232245784514452,0.2769997502854732,-0.013176319907327802,2.8917864448733352,8.810424430827167,-1.2852295203783448,0.3795453489248599,8.885506524940205,1.0230672611781022,0.12119875745306874,-1.3365779459887406,6.134580546851779,2.3740783178259504,0.9237750794784942,-0.7423365025493285,2.824834581306128,5.158707595172202,-0.9789689843401153,1.1364944908357821,3.8709210039513136,4.355018961813685,1.352992583135714,-0.6476195410731123,5.2762051753251065,2.949360839295674,-1.473666256542066,0.279835244973349,3.0043559680011107,3.95218613264067,-0.8149899567177386,-0.539927224232555,4.879430735645306,7.191869361638698,1.119746901121718,0.9980815985821545,3.641197429256698,3.255654486826682,-0.0020888480409457094,-0.05196638956550087,6.0081883457744105,3.913879040765721,-0.22966583875848556,1.4823135978959923,2.3885372019972007,3.912120689719653,-0.12348035159332456,-0.7129371797024311,6.8239795528556115,6.389999205700222,-0.5230251552867878,0.30431467478747426,5.544853526728518,3.3302227504836064,0.5301739493203088,-1.4031805241885689,4.611571818997395,3.452077087723411,-0.1926123199277822,-0.5621249702861031,2.957202149110691,5.621814788374442,0.621551563888606,-1.3651643320229356,4.03201489806073,6.821462943943069,1.2886979074415383,-0.7676312287523224,5.066567484769247,1.5580099251836148,1.3474347100905897,-0.20797254654642017
50,7.723179625758378,9.241906545990094,1.386406716501833,0.19812859532688465,4.038506200615245,4.032672462431586,-1.4979055990316188,-0.0792389827656028,9.562005044147122,5.231586968519086,0.25413919689108033,-0.016466438726588217,2.827524968854418,8.82940169827341,-1.2552534433017886,0.36637138535574526,8.891566462812857,0.9562383638786651,0.1133063634017359,-1.304722796249992,6.180769300825704,2.336961492698484,0.9222640075181334,-0.7620350006468849,2.7758861320891226,5.215532319713991,-0.9311836917327504,1.175966382279258,3.938570633108099,4.322637984760029,1.3337949519348677,-0.6862878595699209,5.202521862498003,2.9633526015443414,-1.4652788463734328,0.3208705383336739,2.9636064701652236,3.9251897714290425,-0.8514036592971959,-0.5443434293474982,4.935418080701392,7.241773441567806,1.1175925042522756,1.0004933755098668,3.641092986854651,3.253056167348407,-0.09415072136971057,0.048033610434499135,5.996705053836486,3.9879947206605206,-0.22776232353335327,1.4826072723343455,2.3823631844175344,3.8764738307345317,-0.14753835023717576,-0.6567392910566157,6.797828295091272,6.405214939439595,-0.42302515528678786,0.4043146747874743,5.571362224194534,3.260063724274178,0.47792402776270837,-1.4218258063796245,4.601941203001005,3.4239708392091055,-0.16167789755603298,-0.5098449027855212,2.9882797273051214,5.553556571773295,0.5862108375973365,-1.3807088229903615,4.096449793432807,6.783081382505453,1.2975218634074852,-0.7526200993725636,5.133939220273777,1.5476112978562937,1.3203084939888174,-0.20005689568880636
51,7.792499961583469,9.251812975756438,1.3652859619129267,0.17101910192678949,3.9636109206636645,4.028710513293306,-1.4998734094449695,0.019487319977958807,9.574712003991676,5.230763646582757,0.23113344174522976,-0.019643191438387882,2.7647622966893284,8.847720267541197,-1.2228975976905383,0.35201340955888877,8.897231780982944,0.8910022240661655,0.10518309771222424,-1.2704390398136602,6.226882501201611,2.2988597426661395,0.9187849414711147,-0.7785015345980374,2.7293269475024853,5.274330638827954,-0.8422585228057606,1.2412093218958107,4.005260380704843,4.288323591781533,1.3152135048244038,-0.7212582316532047,5.129257920179331,2.9793961284610253,-1.4597763356889515,0.34504064943501533,2.921036287200364,3.8979725999616677,-0.8949502620713944,-0.5503565867402866,4.991297705914006,7.291798110343299,1.1150001829371803,1.0033815784884903,3.6363854507861655,3.255457847870132,-0.18516048026361462,0.14803361043449914,5.985316937659818,4.062125084277238,-0.2232120386509636,1.4832991558688626,2.3749862669056756,3.843636866181701,-0.16356330045506717,-0.5994119668732918,6.776677037326933,6.425430673178969,-0.3230251552867879,0.5043146747874743,5.595258425582669,3.188972433955197,0.41850409375511977,-1.4404354631534888,4.593857308123204,3.3984785940698297,-0.1268181112079496,-0.4626599243208461,3.0175902691849883,5.484521130623777,0.49893242116157094,-1.4145905552893574,4.161325886603182,6.745450377536825,1.3059898116611635,-0.7378283078313268,5.199954644973218,1.5376084530718535,1.2912251771649839,-0.1913476305730676
52,7.860764259679115,9.260363930852778,1.3414715707982303,0.14378733276908173,3.888617250191416,4.029684879292204,-1.3998734094449694,0.1194873199779588,9.586268676078937,5.229781487010837,0.20805156959350668,-0.02271001435716542,2.7036174168048013,8.865320938019142,-1.1882840869946913,0.3365913611211153,8.902490935868554,0.8274802720754825,0.09686651908203256,-1.233884307647955,6.272821748275167,2.2599346659362376,0.9128812111511522,-0.7915438754962532,2.6872140213621973,5.336391104922744,-0.7263265367479316,1.3124213355533945,4.071021055946063,4.252260680198873,1.2882534573732576,-0.7683768799006438,5.056269103394883,2.996648160932776,-1.4599807792017465,0.3441745550755618,2.8762887740967944,3.8704547706246535,-0.9474473969263465,-0.5589365702510479,5.047047715060865,7.341967189267724,1.1118963240405955,1.0068200259157598,3.6271274267729847,3.262859528391857,-0.28016023588098593,0.24803361043449915,5.97415633572727,4.136290042070681,-0.2181960641157365,1.4840453084742398,2.3668081018829223,3.8136662678380366,-0.1688624370941476,-0.5408213264184325,6.7605257795625935,6.4506464069183425,-0.22302515528678787,0.6043146747874742,5.616183630270425,3.1169506607975226,0.3761923726605264,-1.4520603633293085,4.587516402562807,3.375345597853787,-0.08603821384419255,-0.4216298973747659,3.042536890243067,5.413791602859309,0.38205876369873937,-1.4505278698049864,4.22662537718624,6.708558962145259,1.3140751406153934,-0.7233301630767472,5.264515903831467,1.5280410715432,1.2602565440185494,-0.18178358826129576
53,7.927837838219027,9.267553297491231,1.3150862602886029,0.11652547910853261,3.8186235797191674,4.035659245291102,-1.2998734094449693,0.2194873199779588,9.596671254558613,5.228645986292979,0.18496029507870115,-0.02566996178133926,2.6442032124550665,8.882150506075197,-1.1515443074584115,0.32022403842870173,8.907334261822657,0.7657860566930847,0.08839342554307138,-1.1952173884724488,6.318465808832724,2.220357472161425,0.9043929906869084,-0.8011729008492033,2.650897694524801,5.402012171700414,-0.6080593125717951,1.3712271410655188,4.135433728814726,4.213841836203841,1.1882534573732575,-0.8683768799006438,4.983270064434796,3.013856888686554,-1.462315112948944,0.33411750992894307,2.828916404250477,3.842507942112101,-1.0124778086473438,-0.571381312192011,5.1026425312628945,7.3923081905635115,1.108222370966751,1.0108625903102921,3.6131194149789354,3.275261208913582,-0.3801602358809859,0.34803361043449915,5.963246532521483,4.210492307494393,-0.21362967503663005,1.4847095210659031,2.358364980028215,3.786625201517115,-0.15910806903021957,-0.48063677998281773,6.749374521798254,6.480862140657716,-0.12302515528678787,0.7043146747874742,5.634993248903451,3.044347642631057,0.3567557899645462,-1.456957551312588,4.5832144918705975,3.354264102985049,-0.035392486346533615,-0.3898705037071044,3.061639828428004,5.34126520936906,0.27128677652443833,-1.4752638695782458,4.29232913421701,6.672392453991422,1.321775462258992,-0.7091612139492882,5.327528731032395,1.5189518921301353,1.2274580468623848,-0.17132526946131507
54,7.993592151233457,9.273379571446657,1.286258059550402,0.0893246060855212,3.7536299092469187,4.04663361129,-1.1998734094449692,0.3194873199779588,9.605919269312547,5.227362488203912,0.16192483765938043,-0.028525264562697356,2.586625997082146,8.898161707996632,-1.1128181650050712,0.303027418867311,8.91175393309981,0.7060251872694623,0.07980046008184741,-1.1545986663317183,6.36368545836707,2.180298827118965,0.893312188402216,-0.8074951863182117,2.6204947288962113,5.47057352875369,-0.4956663119031205,1.4157382905199531,4.194846401683389,4.170422992208809,1.1544899748569935,-0.9576810001011289,4.910154308787349,3.0305627641830015,-1.462539080605468,0.3331357646691694,2.77829251381811,3.8139388765025006,-1.0969339453859162,-0.5891878733307216,5.158053649811232,7.4428513200790265,1.1017688048381495,1.0135437229229574,3.594111403184886,3.2926628894353067,-0.4801602358809859,0.4480336104344992,5.952565048769651,4.284727783547688,-0.20978034265568402,1.4852582966727583,2.350409576576704,3.762593362517974,-0.12673712853549016,-0.4181830394495173,6.743223264033914,6.51607787439709,-0.023025155286787863,0.8043146747874742,5.652831038401678,2.9714997650654276,0.3539926261620612,-1.4576313733666983,4.58144486755327,3.3347705777996937,0.03297626415354866,-0.3748579183335823,3.075204167254226,5.267502015890147,0.17128677652443833,-1.484895329166836,4.358417907329959,6.6369343932939575,1.3291051749959957,-0.6953268539319214,5.3889016333755135,1.5103856286570696,1.1928795224161408,-0.159960481903077
55,8.057905054210977,9.277845801750933,1.255119619497967,0.06227326822290136,3.6936362387746704,4.062607977288898,-1.1261497286420212,0.33713313106721265,9.614015511195516,5.2259362249757775,0.13900720254183496,-0.031277665607458316,2.5309850888318923,8.913313078939998,-1.0722514036519697,0.2851139919894436,8.915743956103903,0.6482952539528763,0.07112343593483532,-1.112188742610024,6.408351067787181,2.1399240678030544,0.8797040483396574,-0.8106572028765813,2.5957114133010553,5.541360443279688,-0.44506409050511553,1.4324517288002605,4.252570900426239,4.122538942203752,1.1613429458542073,-0.9493590269832968,4.837027354757075,3.04721955241646,-1.4557349506084745,0.361712252456207,2.7234458165488142,3.7844794828359647,-1.1969339453859162,-0.6140142098390071,5.2131420900531396,7.493528506225174,1.0918812633808443,1.0142407985063029,3.570103391390837,3.315064569957032,-0.5801602358809859,0.5339633068260468,5.9420760316368675,4.3589906983813265,-0.20668046558823205,1.4856928300103731,2.3440727201499296,3.741684210545498,-0.05711819124816374,-0.35219005800790426,6.7420720062695745,6.556293608136464,0.07697484471321214,0.9043146747874742,5.670530669709781,2.8986181963970927,0.36026057897323266,-1.456094885382773,4.583093680760948,3.3160276818830146,0.13297626415354866,-0.3949652549782981,3.083768506080448,5.193257249431806,0.14445291039312563,-1.4838733430998334,4.424873166079759,6.602168050597362,1.3360861400971302,-0.6818165634834283,5.44854560949632,1.5023876045619158,1.1565793245472398,-0.14769678079212117
56,8.120661035185876,9.280959465162079,1.2218080043601922,0.03545818589903857,3.6373287523425692,4.079464633842258,-1.1043603822726102,0.3335483412471586,9.620965871322609,5.224372341695404,0.11626788282487739,-0.03392837354846983,2.4773725186492936,8.92756877853947,-1.0299953839383549,0.26659211990239845,8.919300127900645,0.5926858168223752,0.06239745698945206,-1.0681490843465729,6.452336270204164,2.0993912076592256,0.86366893675069,-0.8108285969598273,2.5734582087757993,5.6129830297197,-0.4264423819547981,1.4381053142495226,4.31063804771895,4.075070990854587,1.1805627604785789,-0.9253494305240577,4.764240607226651,3.06530516503927,-1.4380072542730822,0.4267729333708868,2.6635991192795183,3.753778772344014,-1.2969339453859163,-0.6478254350376543,5.267736153222182,7.54424054615049,1.0786448493396728,1.0129689037738279,3.5410953795967877,3.3417627352983343,-0.6801602358809858,0.588563735533125,5.931742008357456,4.433275339881845,-0.20428498483160612,1.486024106457345,2.3412168105875213,3.724074707645103,0.04288180875183627,-0.2803291720753351,6.7459207485052355,6.601509341875838,0.17697484471321215,1.0043146747874743,5.688543698658443,2.825813452127954,0.3703616919532279,-1.4535584670502741,4.589742493968625,3.2962794191340996,0.23297626415354866,-0.49496525497829813,3.0909911516001043,5.119063582276814,0.15518971918127694,-1.489207011965977,4.491677473084615,6.56807722242319,1.3427437398742943,-0.6686099378773798,5.506374575723682,1.4950027655223097,1.1186257337793846,-0.13455976772809178
57,8.181751435403886,9.28273237445703,1.1864639934358592,0.008963851855238396,3.5821107332289386,4.096142050904616,-1.1039098139125039,0.3259439035838791,9.626779265463853,5.222675923017981,0.0937656574166288,-0.0364781463071436,2.4258727494523757,8.94089838453459,-0.9862049544896783,0.2475643785397466,8.922420000750117,0.5392783626050466,0.053656780551946344,-1.0226413697388477,6.495519717041699,2.058849777811234,0.84532344003347,-0.8081886934026181,2.5521360896780596,5.684888295432176,-0.41923332799465907,1.4402233912482196,4.3696661857428785,4.028803519328384,1.199344635027309,-0.9008731577926002,4.692340244512997,3.0866438117078143,-1.4190727919238946,0.4860374586606702,2.5987524220102225,3.7213875005921313,-1.343823963733628,-0.6664361593545481,5.321668395689166,7.594888991339181,1.062184493251214,1.0097534042994767,3.5070873678027383,3.3711909220749905,-0.7801602358809858,0.601216348798512,5.921527759115875,4.507576545204713,-0.20253819853381447,1.486263192753786,2.3433609010251133,3.710058249041336,0.14288180875183626,-0.1991352731172197,6.754769490740896,6.651725075615212,0.27697484471321215,1.1043146747874744,5.707061783256105,2.75313552877544,0.3814225580719427,-1.4506952926765342,4.601391307176303,3.2715311563851848,0.33297626415354864,-0.5949652549782981,3.098750637559168,5.044603231678515,0.1792734612620063,-1.4892484769463894,4.55881466007833,6.534646725529321,1.34910371635712,-0.6556822115258334,5.562305862412652,1.488274777135905,1.079102664478817,-0.12058537530581316
58,8.241074635075679,9.283180567049792,1.1492311373728366,-0.01712851550229439,3.5269152425333132,4.11243924608381,-1.1114063550370101,0.31809355890674623,9.631467548334683,5.220852015702624,0.07155620686069616,-0.03892723721731279,2.376562501727892,8.953276603461576,-0.9410358270219651,0.22812763041306316,8.925102839777715,0.4881462941181042,0.04493505507240831,-0.975826318296435,6.537785889043373,2.018440343141103,0.8247942575842876,-0.802915038477719,2.5311744232783266,5.7568994649945875,-0.41546183944975323,1.4413158779258028,4.4296334174942436,3.9837598614387537,1.2157112866073456,-0.8786615205046322,4.621386604916802,3.1109456846408476,-1.399468650270054,0.5398958204240089,2.531561223823541,3.688065692624404,-1.3446874709332601,-0.6646921133239903,5.374777620351726,7.645376661554154,1.042659615406375,1.004628344566971,3.468079356008689,3.401251739514916,-0.8801602358809858,0.558861697793956,5.911400849189184,4.581889704842402,-0.2014042809306738,1.4864172750687468,2.350504991462705,3.700101485385475,0.24288180875183626,-0.11627442918703117,6.768618232976557,6.7069408093545855,0.3769748447132122,1.2043146747874744,5.726132911159702,2.6806007641416136,0.39201282265452714,-1.4478694509086205,4.61804012038398,3.24178289363627,0.4329762641535486,-0.6949652549782981,3.1077143106222684,4.9701408078311955,0.2074352781142872,-1.4855876296582604,4.626269845896186,6.501862614953029,1.3549838412098907,-0.6434429190379595,5.616260995636592,1.4822455083706143,1.0381193017895982,-0.1058116985517213
59,8.29853619194432,9.282324141274676,1.1102556521539206,-0.04274094874718141,3.4713449247814627,4.1283439240291475,-1.121292371965659,0.31095339132145294,9.635045358677718,5.218905653841758,0.04969231474306096,-0.04127570236411382,2.329510710376794,8.964682984982229,-0.8946440984654862,0.20837454263899327,8.927349592531336,0.4393549782032824,0.03626496447255435,-0.9278633711076123,6.579025601922587,1.9782945912172172,0.8022105915303177,-0.7951802613095652,2.510401331305839,5.828965258890878,-0.41238589086177696,1.442198972755888,4.490418981824611,3.9398267854135223,1.2292300967376688,-0.8596472353671019,4.5514131724033,3.137940475662048,-1.3796265557758114,0.5887534004981814,2.464326850276878,3.6548310869582044,-1.3970676542805887,-0.5460787208479505,5.426910601122045,7.695608078782503,1.020258649975391,0.9976369262688977,3.42407134421464,3.429194824404614,-0.9801602358809858,0.458861697793956,5.90133063514265,4.656210568595839,-0.2008614841836197,1.4864907211858247,2.362649081900297,3.6942877639261233,0.34288180875183627,-0.21627442918703116,6.787466975212218,6.767156543093959,0.47697484471321216,1.3043146747874745,5.745733552292428,2.6082072915961825,0.40147189602917044,-1.4452751698893687,4.639688933591657,3.207034630887355,0.5329762641535486,-0.7949652549782981,3.118086074527983,4.895861426348283,0.23685814868995025,-1.4811813587130946,4.69401903795668,6.469690469001131,1.360027822711012,-0.6327118787030507,5.668166960726072,1.4769549234430281,0.9958085930968074,-0.09026369681457316
60,8.354048974552017,9.280187093837318,1.0696859076218999,-0.06779890766028576,3.41528030618318,4.14389159359522,-1.1316893688356762,0.30576417111550186,9.637529974414871,5.216841868723552,0.028223761866160983,-0.043523336440775495,2.2847785054535197,8.975101712114178,-0.8471854175712121,0.1883935973515476,8.929162840754964,0.3929618096479018,0.027678275269545853,-0.8789102937905228,6.619136131499103,1.9385355781517388,0.7777013926164645,-0.7851507944550414,2.48978203676275,5.901075207528672,-0.4091524790929213,1.443119623888511,4.551880486661495,3.896844423645167,1.2397173907756593,-0.8444529536974756,4.482431844614509,3.167378145686957,-1.2796265557758113,0.6887534004981813,2.3944734675628485,3.6275271509158067,-1.437540773837792,-0.42834159680544903,5.477923533620815,7.745489925095948,0.9951918031873567,0.9888278375122945,3.3750633324205905,3.452137909294312,-1.0801602358809859,0.35886169779395605,5.89128756093347,4.73053510465513,-0.20089741685952459,1.4864858653546527,2.3797931723378887,3.683474042466772,0.44288180875183625,-0.3162744291870312,6.8113157174478784,6.832372276833333,0.5700496764895129,1.387459320605185,5.765807147093887,2.535943533101714,0.40952631930767464,-1.4430135805994027,4.666337746799335,3.16728636813844,0.4329762641535486,-0.894965254978298,3.1299289819624803,4.821802358412628,0.2668533584586931,-1.4760722492748504,4.762020429092231,6.438054875065979,1.36434005286366,-0.6233588213476934,5.717957390380913,1.4724417386022994,0.9523244481365006,-0.07393462781246268
61,8.407533269933111,9.276797148454303,1.0276716259072725,-0.09223171649111365,3.358695837741396,4.159179802150995,-1.1427637009607756,0.30571725347770135,9.638941162508178,5.214665701901514,0.007196685038312483,-0.045669562931836806,2.242419234574959,8.984521391981755,-0.7988135954902984,0.16826798815140248,8.930546754518442,0.34901629495837566,0.019205761354983454,-0.829122411837369,6.658021201129927,1.8992780384289867,0.7513935236279227,-0.7729845087776874,2.469324412808104,5.973231188723098,-0.4055422119540488,1.4441383293588663,4.613866356200278,3.854621775960293,1.2471833399608967,-0.8333868948597536,4.418450516825718,3.201815815711866,-1.1796265557758112,0.6693982498120642,2.322596428870959,3.606110071075534,-1.4669244160432837,-0.313261484412098,5.527683123780182,7.794931316971563,0.9676832947962112,0.9782492544677083,3.321055320626541,3.4700809941840096,-1.180160235880986,0.25886169779395607,5.8812426900904935,4.804859397922862,-0.20150648269532878,1.4864034235131987,2.4019372627754807,3.6676603210074203,0.5428818087518362,-0.41627442918703117,6.8398182012723545,6.9017452428635915,0.6160768343836978,1.367643716080969,5.786283463059271,2.4637928540717438,0.4160835712416444,-1.4411365173857746,4.687986560007012,3.122538105389525,0.33297626415354864,-0.8175202880941194,3.1432716498854147,4.747998745948886,0.2976607609455629,-1.470169402277611,4.830237431735414,6.406886933998594,1.3680050900405605,-0.6152739825663996,5.765573612787738,1.4687450072116763,0.9078353342172429,-0.05675818091795848
62,8.458916851228475,9.272185562629748,0.9843635972660312,-0.1159733984201261,3.301557652693357,4.17446566482488,-1.1563229120735727,0.31822003429276596,9.639300996760094,5.212382223754922,-0.013346369093528671,-0.047714387518495986,2.202478554800444,8.992934791389324,-0.7496805265753034,0.14807829370671324,8.93150704258619,0.3075601743665072,0.010875555428480803,-0.7786514578242294,6.695590877311322,1.8606288129901023,0.7234014143009327,-0.7588228763863798,2.4490473022104013,6.0454381051910415,-0.40153870287723237,1.4452566104646156,4.6762255231983225,3.8129524312173055,1.2521485083907595,-0.8259080535597143,4.359469189036927,3.235285728202469,-1.0796265557758111,0.5693982498120642,2.249250208068795,3.5904469968549293,-1.3669244160432836,-0.213261484412098,5.576067288519993,7.843843779694948,0.9379702428966221,0.9659489853746972,3.262047308832492,3.4830240790737075,-1.280160235880986,0.15886169779395606,5.871167365955727,4.879179569098522,-0.20267158282148479,1.486245009921525,2.4290813532130726,3.646846599548069,0.44288180875183625,-0.5162744291870311,6.870622042991539,6.97012742866764,0.6577490219563072,1.3480972606290398,5.8070876416213535,2.391736028202455,0.42112402965115814,-1.4396716818949975,4.704635373214689,3.0816620909848194,0.23297626415354863,-0.7175202880941194,3.1581546879326927,4.674490275835005,0.32955977464130354,-1.4633490202061754,4.898637686237442,6.376123234870274,1.3710956389028777,-0.6083557750046508,5.8109653794986,1.4659070981657785,0.8625121552853524,-0.03855641721825834
63,8.508135031091776,9.266386892708741,0.9399090845109744,-0.13896679476546983,3.2437415070896782,4.190376666539518,-1.1755639222395429,0.36172441726078497,9.638633678305418,5.2099965043789975,-0.03336306968368363,-0.049655834546426504,2.164994528471679,9.00033870607466,-0.6999358576079546,0.12790263408557,8.932050820357615,0.2686276014752957,0.0027140478462255226,-0.727646779952118,6.731760948026369,1.8226876691707834,0.693830840888016,-0.7428014474366997,2.42897036706654,6.117700935714272,-0.39718458773347404,1.4464592642957457,4.73883294861786,3.7716570285393196,1.2561501466806348,-0.8198090076317894,4.305487861248137,3.2637556406930726,-0.9918432459843385,0.47969842635203735,2.180903987266631,3.5797839226343244,-1.2669244160432835,-0.11326148441209799,5.622965800664824,7.892141228963683,0.90630604562445,0.9519832872252129,3.198039297038443,3.4909671639634055,-1.3801602358809861,0.05886169779395606,5.8610337868146525,4.953491819594598,-0.2043671532593317,1.4860128083797517,2.4512254436506646,3.6210328780887173,0.34288180875183627,-0.6162744291870311,6.903509494089355,7.037532291699092,0.6954500452744594,1.3290407196650342,5.828143843103911,2.319752444107705,0.42462603948402755,-1.438642668139698,4.716284186422366,3.0457860765801135,0.13297626415354863,-0.6175202880941194,3.174632676664758,4.601322824824696,0.36084683300727005,-1.4559497117375393,4.967192468182586,6.345705446120042,1.3736743069215906,-0.6025104965919574,5.854090987262867,1.4639792773048657,0.8165033857993678,-0.018985367620848827
64,8.555130485317324,9.259438552970467,0.8944547750805784,-0.16115892404521198,3.184963310977701,4.208462887402558,-1.2009636543782942,0.46172441726078495,9.636965524821234,5.207513712651676,-0.0528144728601434,-0.05149205842985896,2.129997735591281,9.006733837778938,-0.6497259969596929,0.10781533305522067,8.932186522749927,0.23224526247768978,-0.0052537454729433344,-0.6762541462612245,6.76645249007077,1.7855475967989485,0.6627870276512642,-0.7250453001498476,2.4091111376798664,6.19002389892906,-0.3925258038060884,1.4477304629475698,4.801640455951892,3.73066657815773,1.2611058917905096,-0.8121649645800193,4.25589569894892,3.2877405620106743,-1.0056024803197865,0.43021241772195945,2.1175577664644667,3.5741208484137195,-1.1669244160432835,-0.026783495838398702,5.668281102946047,7.939740393324944,0.8729421173152672,0.9364006603830999,3.1290312852443933,3.493910248853103,-1.4801602358809862,-0.04113830220604395,5.850815429151686,5.027792460013585,-0.20657261004059174,1.4857078302213451,2.4683695340882563,3.5902191566293657,0.24288180875183626,-0.6661602174930679,6.938281996353078,7.103984327682344,0.7954500452744594,1.2290407196650341,5.849375145078112,2.24782031070072,0.42630910516074105,-1.4372874188414548,4.722932999630044,3.0149100621754075,0.07719235911894529,-0.5175202880941194,3.1926750183151213,4.528525339237819,0.3835979724552884,-1.4501215795677933,5.035876183528665,6.315579921290444,1.3757905741036562,-0.5976623597044841,5.894916156552836,1.4630300089238233,0.7699151702768192,0.0025669175296453087
65,8.599853224071353,9.251380606768207,0.8481468695630634,-0.1825006212989841,3.1249151282587864,4.231549108265597,-1.193245135213152,0.5617244172607849,9.634324801178227,5.204939109730183,-0.07166432245689336,-0.053221654076355276,2.0975114357432965,9.0121246044317,-0.5991946415712306,0.0878880498141648,8.93192383547628,0.19843255516462854,-0.013004698873577473,-0.6246157223190163,6.799591841453333,1.7492953317914561,0.6303739719527425,-0.7056704323504457,2.389484847489562,6.262410422076439,-0.3876047504651696,1.4490557468285454,4.864695750541418,3.690058329928729,1.2676869352041407,-0.8018539981272982,4.2056155749329305,3.309251182896772,-1.0542683441993275,0.39615532499040185,2.0592115456623024,3.5727816736217997,-1.0669244160432834,-0.028665933996483192,5.71192820881181,7.986560426344099,0.8381239700948864,0.9192432253522583,3.055023273450344,3.491853333742801,-1.4940521545481926,-0.13344721611897084,5.840486798649656,5.102077851524652,-0.20926820117030542,1.4853305423302063,2.480513624525848,3.5569111457547122,0.14288180875183626,-0.6401693046547274,6.978054498616801,7.165436363665596,0.8954500452744594,1.129040719665034,5.870690600336149,2.1759559397586474,0.42592781844765754,-1.4351613955170677,4.726792617585991,2.9890340477707014,0.06107060738447445,-0.4229259622642602,3.211854916937886,4.4560192602594295,0.3773214972077078,-1.4517673669513769,5.104665712233848,6.28569680330522,1.3774831329193233,-0.5937509734920573,5.933411915066677,1.4631583548003055,0.7227551137789925,0.027171758358559017
66,8.642260567549506,9.242255575703258,0.8011260887597029,-0.20294506783667854,3.065252871498129,4.259635329128636,-1.0932451352131518,0.6617244172607849,9.630741585055382,5.202278027026365,-0.0898751441496903,-0.05484615236731364,2.067551703664735,9.016519006922408,-0.5484812350929411,0.06819109990875452,8.9312736005326,0.16720176904867773,-0.020518156419032763,-0.5728701927596975,6.83111054005097,1.714011810173934,0.5966947487053836,-0.6847852388381223,2.3701046099663037,6.334863209417866,-0.3824559838587801,1.4504231866633313,4.928080097301625,3.649965630022364,1.2754937321394584,-0.7893768043671894,4.152902157722964,3.329058949146292,-1.1181718439024781,0.36954526646942926,2.0058653248601384,3.5713483769219754,-0.9669244160432834,-0.047974728233197164,5.753834407316554,8.032522587611712,0.8021036117011437,0.9005440008074788,2.9803206657229344,3.485180972936852,-1.4841687383003208,-0.21735490850687872,5.83002338859114,5.176344378641162,-0.21245081524783005,1.4848786654472925,2.48765771496344,3.5249026805219756,0.04288180875183625,-0.6148249723575484,7.0228270008805245,7.221888399648848,0.9954500452744593,1.029040719665034,5.891986991258532,2.104197869982794,0.4239213063271624,-1.4343572153336341,4.7298461479552145,2.9678877496574882,0.06339535492001692,-0.33923405637284276,3.2307209917982713,4.3834308919118605,0.26388899750759565,-1.4766050917542024,5.173539868879814,6.256009254630618,1.3787805215545295,-0.5907319810047695,5.969549670755627,1.4645169427182334,0.6748247314356486,0.05671723965654493
67,8.682316871987492,9.232108322311424,0.7535314716578256,-0.22244790441387435,3.0105906147374712,4.292721549991675,-0.9932451352131518,0.7617244172607849,9.626247827847898,5.199535719407999,-0.10741162629085288,-0.05636737958240831,2.0401276419100878,9.019928561917846,-0.4977225271472287,0.04879139771081391,8.93024769271165,0.13855825941069286,-0.02777450226603817,-0.5211528213573815,6.860945277486239,1.6797725482320278,0.5618618866773272,-0.6624940100143603,2.350981810773365,6.407384368751032,-0.3771117616082922,1.4518218620948955,4.991854783908598,3.6104967898040043,1.2838527154511947,-0.7757075512257139,4.09699356552784,3.3475362124697634,-1.1883868298229388,0.3478401110556218,1.9575191040579742,3.5689496405103154,-0.8860670549861659,-0.06949227361004705,5.793939587901612,8.077549787652087,0.7651185788352431,0.8803325476623496,2.906112228807918,3.4743132275115083,-1.3841687383003207,-0.31735490850687875,5.8194008478287484,5.250588311913527,-0.21614811730849104,1.4843449704782223,2.489801805401032,3.4941614319040983,0.04729295236279588,-0.6093162325920571,7.0725995031442475,7.273340435632099,0.8954500452744594,0.929040719665034,5.913183056574891,2.0324800092161124,0.4211513803190787,-1.4385085791371912,4.733015915701215,2.950926046838846,0.07548052251762613,-0.262370422273119,3.2439154416736513,4.30960063732415,0.15509017546083512,-1.4919608029286584,5.24247889495754,6.2264726555803795,1.3796887080543705,-0.588607737688915,6.003290907327409,1.4673528047010607,0.6254978912043117,0.09461029607265424
68,8.719993445570383,9.22098592709073,0.7054997949031018,-0.24096755331732037,2.9609283579768135,4.3308077708547135,-0.8932451352131519,0.8265399924101604,9.620877246533356,5.196717350428878,-0.1242413907137753,-0.05778757235950256,2.0152415155527263,9.022368131803386,-0.44705167879518587,0.02975256098429514,8.928858967598348,0.11250061834282378,-0.03475532084328295,-0.469594707794068,6.889038371820106,1.6466478477313098,0.5259980883846477,-0.6388949960344877,2.3321262226929504,6.479975461855776,-0.3715993231521215,1.4532425616643923,5.056047419681157,3.5717114122427187,1.2923505482688982,-0.7614657315920907,4.037574224036693,3.3649282180225444,-1.2596384894146264,0.3300700458766893,1.913215751308666,3.565475026829813,-0.8312817838020489,-0.09029457664047498,5.832195516843374,8.121566415035204,0.7273898495621745,0.8586355764581133,2.8369037918929023,3.4584454820861645,-1.2841687383003206,-0.41735490850687873,5.808593441963324,5.324805560437437,-0.22046365075586682,1.4837101397157717,2.4921664530191716,3.4636956202744953,0.14729295236279588,-0.6277480939821649,7.1173720054079705,7.319792471615351,0.7954500452744594,0.829040719665034,5.934240625590845,1.9605545802592528,0.4156923384041349,-1.4412494162330483,4.736789941827096,2.9378075257251903,0.09303638572590618,-0.19027576639633054,3.251669950446693,4.235002597177718,0.05359761266927655,-1.4990421261312685,5.311463330360259,6.197042268695934,1.3801697335483132,-0.5874789414074161,6.034565801887625,1.4720833195046934,0.5731557365203608,0.14733305136546618
69,8.755268435315537,9.208937549424864,0.6571649377204811,-0.2584783461367322,2.916266101216156,4.372134770475221,-0.7932451352131519,0.7265399924101604,9.614665176997667,5.1938279718109035,-0.14033701167102572,-0.05910205195072864,1.992888931612967,9.023855759852601,-0.3966013607375126,0.011135808463298667,8.927121201556185,0.08902088295312038,-0.04144242092931715,-0.41832278409000856,6.915338276239338,1.6147030979295853,0.48924048726117236,-0.6140829405172803,2.313546256535344,6.552637589938996,-0.36595248539356084,1.4546748016083442,5.1206649470946015,3.533638125663114,1.3008723191926712,-0.7468140392080757,3.974592299565962,3.381431720316379,-1.3287661413439198,0.3156750479220588,1.8716516621185637,3.5609602979977897,-0.7905544077672612,-0.1097020944037796,5.8685650093214825,8.16449819385811,0.6891087542668654,0.8355097019852661,2.7726953549778863,3.4375777366608204,-1.1841687383003205,-0.5173549085068787,5.79757025942553,5.398991067423226,-0.22565086906689716,1.4829301012823748,2.4995311006373115,3.4323082155753872,0.2472929523627959,-0.67336380913481,7.157144507671694,7.361244507598602,0.6954500452744594,0.729040719665034,5.955025242511051,1.8884921094476004,0.40846878161216915,-1.4433132904703228,4.741441761113392,2.9282937374053737,0.11362490804081392,-0.12190402082560126,3.254349831080157,4.160050490871154,-0.04640238733072346,-1.3990421261312684,5.380471817037675,6.1676683216255626,1.380087836439846,-0.5876713058426328,6.063223588713643,1.4794499720729668,0.5136077534740935,0.22822276771985808
70,8.788126682201561,9.196013632118026,0.6086570854614382,-0.27495859552426377,2.8766038444554987,4.408461770095729,-0.6932451352131519,0.6268671184631025,9.607648326414115,5.190872869213367,-0.15567254538296316,-0.06030633082215115,1.9730588635760913,9.024412550275766,-0.34650040434823426,-0.007001503175301127,8.92504908050972,0.06810474374861995,-0.04781915405283075,-0.36745960921103804,6.939800300602397,1.5839989509037213,0.4517424630562579,-0.5881520749329306,2.295248632265666,6.625371330019413,-0.3602020144845125,1.456109373900635,5.185708563054235,3.49629742370271,1.3094628388512362,-0.7316468230421433,3.9081539924987663,3.397215472712482,-1.3943121187021315,0.30429093389635226,1.8321239417302007,3.5554751932776005,-0.7583968843692276,-0.1274848792812721,5.903020447034826,8.206273678957373,0.6504476154740951,0.8110124756478617,2.7134869180628702,3.4117099912354765,-1.0841687383003205,-0.6173549085068787,5.786287715972185,5.473137572487344,-0.2323021048689941,1.48190274042308,2.5118957482554514,3.3986400251186466,0.3472929523627959,-0.7496251540669107,7.191917009935417,7.397696543581854,0.5954500452744594,0.629040719665034,5.97544868159166,1.8163264449240843,0.40322548388426827,-1.4447869078678341,4.747123006515433,2.9221985363640934,0.1356699477042283,-0.05673048116165301,3.2520297117136208,4.090098384564591,-0.13670204207799208,-1.2990421261312683,5.449476208859667,6.138284756333431,1.379090280293695,-0.5900084734980147,6.088903976387348,1.4908611104589597,0.43504477033692834,0.3282227677198581
71,8.818559536474632,9.182265702341812,0.5601022501837274,-0.2903905731259112,2.841941587694841,4.439805126018885,-0.648220066647893,0.5706037423563757,9.599864699144966,5.187857552672259,-0.1702238384944491,-0.06139619820632087,1.9557338433586795,9.024062475117,-0.2968728114609852,-0.024606522554952902,8.922658122807078,0.049731763288068054,-0.05387125304522892,-0.31712287485872925,6.96238742375521,1.5545913471570747,0.4136809688353112,-0.5611986380962586,2.2772385315414403,6.698176798714445,-0.35437260586439423,1.4575390410595794,5.251181704996797,3.459715082550603,1.3182007098889215,-0.7157841074292884,3.8384383865636598,3.4124300194073,-1.456470619515922,0.29567349659189995,1.7942040975117393,3.549100949313537,-0.7312548322700425,-0.14371246439655994,5.935542827808531,8.246824302739766,0.611560036215935,0.7852038268750645,2.659278481147854,3.3808422458101326,-0.9841687383003205,-0.7173549085068787,5.774672610728736,5.547232709508498,-0.2417695008962058,1.480387621008903,2.529260395873591,3.361158767415301,0.44729295236279587,-0.805675946978261,7.2216895121991405,7.429148579565106,0.49545004527445946,0.5290407196650341,5.995609955785873,1.7440870995306927,0.4476481433202549,-1.4316463040087553,4.7539065039006445,2.919362012306011,0.15803324686793163,0.005519318403442969,3.245194609609721,4.025146278258028,-0.13821961631579366,-1.2182710464617124,5.518430722874352,6.10878433265853,1.3762469960442982,-0.5966105981953767,6.1106562149041945,1.5072722488449526,0.33504477033692837,0.4282227677198581
72,8.846564648983819,9.167746173685517,0.5116221845215114,-0.3047603015616188,2.8095305843624465,4.468335313136704,-0.6322969958962807,0.5355433504063537,9.591353507220244,5.1847877427619435,-0.18396855743028104,-0.06236794622887329,1.9408902027856303,9.022832148989252,-0.24783774550826848,-0.04162975071979833,8.919964560154817,0.03387561954513159,-0.05958696955417486,-0.2674248009060311,6.9830714721969755,1.5265314152522618,0.375283337359184,-0.5333231156029647,2.2595199012482206,6.7710537507674236,-0.34848421382847644,1.458958105194371,5.317091740491243,3.4239258771791383,1.3271313336728332,-0.6990868495285595,3.7656148555878635,3.4272136942368947,-1.473421225406203,0.2811225578328487,1.7576413558982371,3.541915326093709,-0.7067878023310978,-0.15854010415584208,5.966120829619328,8.28608449408352,0.5725830450471597,0.7581479803359734,2.610070044232838,3.344974500384789,-1.0841687383003205,-0.8173549085068786,5.762584135683926,5.621252090558944,-0.25719028994973936,1.4777865728025712,2.5516250434917307,3.320874970066388,0.5472929523627958,-0.705675946978261,7.246462014462863,7.455600615548358,0.3954500452744595,0.4290407196650341,6.017992362951885,1.672504784330255,0.5050211185681264,-1.4124282883743864,4.761808166244041,2.919637978226183,0.17983938180097037,0.06502250279258232,3.238283628793931,3.964232725934942,-0.10786672996265194,-1.158732268204029,5.587243072676567,6.078953802748761,1.3688812809674002,-0.6133221328282956,6.127408453421041,1.5286833872309455,0.23504477033692836,0.5282227677198581
73,8.872145758209895,9.152508158607436,0.46333426565509894,-0.31805717997369853,2.7779157345676326,4.4951124806570215,-0.6277465347818071,0.5112049735773089,9.58215507934873,5.1816693454505,-0.19688584178527846,-0.06321788710384547,1.9284983155102169,9.020750661453262,-0.1995095031656124,-0.058023988909830626,8.916985211677108,0.020504379499830035,-0.06495565469805055,-0.21847331497364625,7.001835639064935,1.4998652594721136,0.3368043128023154,-0.5046431760132807,2.2420956905567966,6.844001656027142,-0.34255197261007964,1.4603623338271032,5.383448307174885,3.3889715347027103,1.3362430450917628,-0.6815090054019048,3.6919437943175533,3.441269822128537,-1.4762990112837495,0.2655959888300725,1.7223019657816823,3.533988320885917,-0.6834223958759185,-0.17212802024432433,5.994749981871686,8.323991893100319,0.5336393063023918,0.7299148573293783,2.555861607317822,3.3041067549594447,-1.1841687383003205,-0.9173549085068786,5.749724621186439,5.695141419199072,-0.2859446691414099,1.4724930037829076,2.5789896911098706,3.285591172717475,0.6472929523627958,-0.605675946978261,7.266234516726586,7.47705265153161,0.2954500452744595,0.3290407196650341,6.043243418880292,1.6018833699115356,0.5571255493264813,-1.3926992217588356,4.770800135334089,2.922889103365812,0.20041021225201483,0.12192887474896355,3.2328902922957985,3.9062961125247404,-0.06206815171394665,-1.1132331571482421,5.655687136724937,6.048287696107346,1.34797017394329,-0.6580094301446568,6.139160691937888,1.5550945256169384,0.13504477033692835,0.6282227677198581
74,8.89531247149265,9.136605299608751,0.41535121956792964,-0.3302743908060143,2.746528407828542,4.520672729335887,-0.6276711977693338,0.4921168044700827,9.572310787259466,5.178508451095308,-0.20895738800255298,-0.06394295738037498,1.9185228403519363,9.01784946200777,-0.15199620947006431,-0.07374282782376308,8.913737428942206,0.009580713751147722,-0.06996840019662195,-0.17037111855783832,7.018675854705051,1.4746331006714495,0.29847790182670986,-0.4753075517297655,2.2249680919262924,6.917019772718498,-0.3365819882305122,1.461749829895251,5.450260459429473,3.354896084432615,1.3454723333103806,-0.6631019531688325,3.618128843753366,3.4545496215700404,-1.4792197961403948,0.24881477991945994,1.6881308459878863,3.5253819198737006,-0.6598438482033938,-0.18472200784077464,6.021431947186805,8.360487635966788,0.4948399811096341,0.7005790879679117,2.496653170402806,3.2582390095341007,-1.0841687383003205,-1.0173549085068787,5.735427387729368,5.768766069388218,-0.3425987222811853,1.460351367134396,2.6113543387280105,3.255307375368562,0.5472929523627958,-0.505675946978261,7.281007018990309,7.493504687514862,0.1954500452744595,0.22904071966503411,6.071099696346616,1.5322484088235937,0.6043682692303307,-1.3728579661230562,4.78082064594669,2.92898554710326,0.2192201908117609,0.17640073888422936,3.229786884710101,3.850634454667328,-0.004601995091408635,-1.0825258311560393,5.723085645422101,6.015387224600113,1.3288675838391997,-0.6957808165085954,6.145912930454735,1.5865056640029314,0.03504477033692835,0.728222767719858
75,8.916080032471047,9.12009158006845,0.3677804251545988,-0.34140871397182115,2.7151448479400755,4.545278569559391,-0.6290351782308246,0.47526221281330416,9.561862917859338,5.175311303226289,-0.22016736543407522,-0.06453981667726487,1.9109230298784332,9.014162320616583,-0.10540034686940544,-0.08874241198918002,8.910239008932374,0.0010621578232558049,-0.07461696009046369,-0.12321543491689574,7.0335997497963865,1.4508677230849611,0.2604948514266783,-0.4454968981795456,2.2081389925147668,6.99010726421326,-0.3305786262289966,1.4631191926430838,5.517534076094992,3.3217409867741736,1.354723141231344,-0.6439916230916983,3.544167853946346,3.4669903605660135,-1.4823201581780432,0.22962349326456277,1.6551386535777166,3.516145819481662,-0.6352177613726434,-0.1965658409786612,6.046173946242287,8.395516590365183,0.45628644040268174,0.6702189560003288,2.4424447334877897,3.207371264108757,-0.9841687383003205,-1.1173549085068788,5.718297451615309,5.841783637744938,-0.3840711167484374,1.4499963369883415,2.6387189863461504,3.230023578019649,0.44729295236279587,-0.605675946978261,7.290779521254032,7.504956723498113,0.0954500452744595,0.1290407196650341,6.101318109808132,1.4636055105174408,0.7043682692303307,-1.2728579661230561,4.791781655487278,2.9378055840474713,0.23592577267367007,0.2286182195574172,3.2295567849555304,3.796508163109526,0.06864351575092778,-1.0764673465903964,5.789529024614061,5.980598183774683,1.3072702713152435,-0.7355572294086778,6.147665168971581,1.6229168023889242,-0.06495522966307166,0.6282227677198581
76,8.934469053728778,9.10302114436986,0.32072432785884764,-0.3514602437182064,2.683693089028534,4.569041680200057,-0.6303971625494676,0.45894757545239034,9.550854549587635,5.172084312392426,-0.23050287042519038,-0.0650052530808765,1.9056530125349629,9.009725200017124,-0.059818963022909094,-0.10298137230779285,8.906508160927851,-0.005098613922588983,-0.07889383360531198,-0.07709770075906744,7.04662449236772,1.4285928781759838,0.22296973178871543,-0.4154122691477274,2.191610061203317,7.063263223845414,-0.32454534071245966,1.464469296988446,5.585270233156559,3.289541405619589,1.3638879207324195,-0.6243474510880921,3.470051846037444,3.4784715352292417,-1.4847886416811842,0.2130790687386816,1.6233777655090844,3.5063175274327287,-0.6092736863242868,-0.20776726340029475,6.068988268262421,8.4290275381652,0.4180728677947237,0.6389192850176321,2.393236296572774,3.151503518683413,-0.8841687383003205,-1.0173549085068787,5.699093895777888,5.914283454594355,-0.27040442588173386,1.4754258525807287,2.66108363396429,3.199739780670736,0.5472929523627958,-0.705675946978261,7.295552023517755,7.511408759481364,-0.0045499547255405115,0.029040719665034104,6.1365365232696485,1.399962612211288,0.8043682692303307,-1.172857966123056,4.803577944120962,2.949236495025342,0.25034448871288656,0.27877261153716915,3.232988960743077,3.7426847957800065,0.16864351575092779,-1.1235366583215503,5.854892538179823,5.94382032230425,1.2072702713152434,-0.8355572294086778,6.144417407488427,1.6543279407749172,-0.16495522966307166,0.5282227677198581
77,8.95050527012172,9.08544813218395,0.27427959589659046,-0.3604320441827481,2.652173230901061,4.591989058972676,-0.6310337712939356,0.44220258767932097,9.539329406066376,5.168834049738382,-0.23995471553391517,-0.06533569042590903,1.9026620643838175,9.004576131401734,-0.01534253134529838,-0.1164238196689248,8.902563469247585,-0.008953498960542355,-0.08278545313174124,-0.0321048884186218,7.057772978957156,1.4078222647185974,0.18583131701903308,-0.3852223311483699,2.1753827941676938,7.136486688694837,-0.31808842894745304,1.4639798196051848,5.653464629193181,3.2583240330651844,1.372861446826635,-0.6043603625462866,3.3958124139533847,3.4891254886661756,-1.481709438416265,0.23353188242327128,1.5929140811928701,3.495929164262714,-0.5820743008316461,-0.21825236730776804,6.089891911652157,8.460973502416081,0.38028455539297246,0.6067691201176454,2.349027859657758,3.100635773258069,-0.7841687383003205,-0.9173549085068787,5.685573674483801,5.988054747223392,-0.16130521283550814,1.4913016557062129,2.68844828158243,3.1644559833218233,0.6472929523627958,-0.805675946978261,7.295324525781478,7.512860795464616,-0.10454995472554052,-0.0709592803349659,6.176754936731165,1.3413197139051352,0.7948315789372368,-1.072857966123056,4.816095168556606,2.9631751256022003,0.26244969726423406,0.3270588105152601,3.241421136530623,3.686507962863929,0.2686435157509278,-1.2235366583215503,5.915256051745585,5.902042460833815,1.1072702713152434,-0.9355572294086778,6.136169646005273,1.68073907916091,-0.2218191951803886,0.4282227677198581
78,8.96421924991655,9.067426529974814,0.22853860399483386,-0.36832814362458544,2.620621542336364,4.614099188356643,-0.6305822978852299,0.4245075379730724,9.52733167028968,5.165567265217087,-0.2485126952798308,-0.06552750452575669,1.9018949378165526,8.998754940418287,0.027944199020428745,-0.1290368976006797,8.898424196590998,-0.010558743381473445,-0.08627843033462607,0.011679030475109826,7.067064544808108,1.3885611481611788,0.14889166153290773,-0.3550817886636554,2.1594783727203213,7.209685679675096,-0.31070014126187095,1.459187716474621,5.7221077015345125,3.22810601493787,1.3815524297614565,-0.5842198933793812,3.3217269420325715,3.500802082787339,-1.4677235055881115,0.3094958984286298,1.5638103661512879,3.4850165458973255,-0.5536946911071348,-0.2279702098441125,6.108906139421806,8.491311958421964,0.3429984785094098,0.573865025966017,2.3098194227427418,3.054768027832725,-0.6841687383003205,-0.8173549085068788,5.677508413842026,6.062619830008702,-0.06130521283550813,1.3913016557062128,2.72081292920057,3.12417218597291,0.7472929523627958,-0.9056759469782609,7.290097028045201,7.509312831447867,-0.20454995472554052,-0.1709592803349659,6.216496515678028,1.2876768155989824,0.7239535651711043,-0.972857966123056,4.829217653419818,2.9795280661279633,0.2723412660304291,0.37363499336472183,3.2548533123181693,3.6253311299478512,0.3686435157509278,-1.3235366583215504,5.970619565311347,5.855264599363381,1.0072702713152433,-0.8355572294086778,6.125078686246254,1.702150217546903,-0.21725267012766075,0.32822276771985814
79,8.975646180116291,9.049010122793584,0.183589144793459,-0.37515518052662655,2.5890924274421026,4.635324565255297,-0.6288340479808593,0.40557739811499727,9.514906035525689,5.162290889990799,-0.25616988459030965,-0.0655774756923611,1.903292147767574,8.992303095538253,0.06996342850335532,-0.14079168066649142,8.894110275074267,-0.009974791857717954,-0.08936309694707191,0.0541772236210431,7.074509127884753,1.3708070587279961,0.11199689459619813,-0.32512692058856774,2.1439433656572278,7.282645065498827,-0.3024460499187755,1.4502301901545696,5.791185323022585,3.198895020268901,1.3894996180186163,-0.5650582372872018,3.248340766753166,3.5162768777087705,-1.4513072313710529,0.3790874835312945,1.536125631595931,3.47361803540512,-0.5241964751647825,-0.23688422367735174,6.126056063347276,8.520005209720264,0.3062870528203459,0.5403090049105593,2.2756109858277256,3.013900282407381,-0.5841687383003206,-0.7173549085068788,5.674443153200251,6.132184912794013,0.03869478716449187,1.3352169775534288,2.7581775768187096,3.078888388623997,0.8472929523627958,-1.005675946978261,7.2798695303089245,7.500764867431119,-0.30454995472554053,-0.2709592803349659,6.252694193936583,1.2390339172928295,0.6610697014158207,-0.872857966123056,4.842834716721339,2.998209815796199,0.2801927649077655,0.4186305351738449,3.273285488105716,3.5591542970317738,0.4686435157509278,-1.4235366583215505,6.0209830788771095,5.813486737892947,0.9072702713152433,-0.7355572294086778,6.114216052739871,1.7185613559328958,-0.22018246962591626,0.22822276771985814
80,8.984825637355964,9.030252363767254,0.13951623394489726,-0.3809210808267074,2.5576507250430596,4.655603435161046,-0.6256734300702402,0.38526830148043056,9.502097541296173,5.159012016206181,-0.2629232535962032,-0.06548456127373187,1.9067903191927418,8.985263511504929,0.11064370219057262,-0.1516635897625781,8.889642120226913,-0.007265930676665798,-0.09203297525050919,0.09531882406550331,7.080108972614563,1.3545507126985676,0.0750714668924919,-0.2954773529450966,2.128821063161289,7.355156575006556,-0.2933935177792674,1.4372538766418073,5.860660303923516,3.170642108404541,1.3966825384381496,-0.5470629642207259,3.1757754051846137,3.5352312518853353,-1.3513072313710528,0.4790874835312945,1.509915807837692,3.461773824221252,-0.49363399876575903,-0.24499087258435018,6.141370415988293,8.547020659965792,0.2702173055457212,0.5062122877321261,2.2464025489127097,2.9780325369820373,-0.4841687383003206,-0.6173549085068788,5.676377892558476,6.198945761671685,0.055750310653263566,1.3611918578929574,2.800542224436849,3.028604591275084,0.9472929523627958,-1.105675946978261,7.264642032572647,7.487216903414371,-0.40454995472554056,-0.37095928033496595,6.2857476790073745,1.1953910189866768,0.6083085243753896,-0.7751778264464668,4.856844354966728,3.0191413425548914,0.28621768905243644,0.4621313333247017,3.2967176638932623,3.4879774641156964,0.35276850246954927,-1.4579281133394033,6.066346592442872,5.776708876422513,0.888262804205651,-0.6999722352099231,6.103206929258575,1.7299724943188888,-0.2324283638273341,0.17827267997291452
81,8.99180144905321,9.011206309725917,0.09640117726981717,-0.3856353750736037,2.5263670535395475,4.674866850235068,-0.6210401418957767,0.36354055106894867,9.488951378616363,5.155737788142495,-0.26877319943287503,-0.06524883381254278,1.9123225043022705,8.9776803320168,0.14992095898198335,-0.16163430327157707,8.885040471464388,-0.0024999894733906325,-0.09428361739068099,0.13503872122338068,7.083862545959188,1.3397768450513128,0.03807934656340784,-0.2662550876816571,2.1141513872723254,7.427019268838647,-0.2836107797995323,1.4204140870945234,5.930494430845424,3.1432889601935043,1.4031676007018206,-0.5302081518995121,3.108210043616061,3.5591856260619,-1.2513072313710527,0.3790874835312945,1.485234107899404,3.4495242805920348,-0.4620660271516928,-0.25231126333454484,6.154881281265579,8.572331274352399,0.2348523327036353,0.4716895752992502,2.222194111997694,2.9471647915566934,-0.3841687383003206,-0.5173549085068788,5.679165408091139,6.267005354566333,0.032635130575531426,1.4143347241335857,2.847906872054989,2.973320793926171,0.9836684290349316,-1.1324294334394307,7.24441453483637,7.468668939397623,-0.5045499547255405,-0.4709592803349659,6.316163105226144,1.1566321276643534,0.5622221207741018,-0.7051039851837747,4.871155239419349,3.0422479092211265,0.29064361507888836,0.5041931856841827,3.31435608901674,3.415081058448726,0.2527685024695493,-1.3579281133394032,6.110759732653155,5.741710264662017,0.9060397545495911,-0.695770544804259,6.091585511067208,1.7388861283175345,-0.2502846801160259,0.15642778138217223
82,8.9966215079167,8.991924540972237,0.05432114875915556,-0.3893098175619144,2.495315046444759,4.693043877788515,-0.6149211049629686,0.34045306931235847,9.475512718644719,5.152475346451867,-0.2737223442870975,-0.06487091926644757,1.9198185522513695,8.96959861685322,0.18773885669341425,-0.17069183760308138,8.880326290594853,0.004251946587778402,-0.09611489540378582,0.17327758254555709,7.085766513287358,1.32646409066723,0.0009901097529796538,-0.23760096245853662,2.0999708482823487,7.498039973193373,-0.27316830157981764,1.39988009352361,6.000652810880514,3.1167785525985288,1.4090212290653714,-0.5144503630508097,3.0456446820475085,3.5781400002384647,-1.1513072313710526,0.27908748353129453,1.4621308065418195,3.4369087174253075,-0.4295803193717072,-0.2588969311452091,6.166623897900761,8.595915753117362,0.20025593873541142,0.4368549350128779,2.2029856750826777,2.9212970461313494,-0.28416873830032063,-0.41735490850687884,5.680797164619915,6.3377220907730125,-0.005683645179728386,1.4766508453402156,2.8970902935067357,2.9166993222541997,1.0836684290349317,-1.0324294334394306,7.219187037100093,7.445120975380875,-0.6045499547255405,-0.5709592803349659,6.344274211264849,1.1213769284051647,0.5206473213453057,-0.648715173144988,4.885687420173293,3.067457568505336,0.29365381493039916,0.5448465160273149,3.3269945141402175,3.347184652781756,0.1527685024695493,-1.4579281133394033,6.1560617203806345,5.706921737421804,0.9356760288016462,-0.7048494995856724,6.0790712770614075,1.746707517386643,-0.2713417279386835,0.14867846484616135
83,8.999337565354658,8.972459050094141,0.013348658220865978,-0.39195832283210613,2.4645689911966104,4.7100665312541325,-0.6073361190701325,0.3161343050016489,9.461826601430364,5.149231800488545,-0.27777536993207425,-0.06435113839908332,1.9292054950860402,8.961064024973066,0.22404960459097056,-0.17883557200706426,8.875520545824664,0.012915825715056256,-0.09752845092578372,0.20998202150312195,7.085816018775007,1.3145840425443032,-0.03621963341694881,-0.20966959384441908,2.086312433203358,7.568033977869554,-0.26213847053119904,1.3758322628133315,6.071103872333783,3.0910560344459883,1.4143076861312014,-0.49973369803346973,2.9880793204789557,3.5920943744150295,-1.104975950278803,0.17908748353129453,1.4406517905732341,3.423963870868047,-0.39629598683201506,-0.2647938659604019,6.176636694837532,8.617758499868005,0.1664914205716044,0.40181942208611354,2.1887772381676616,2.9004293007060054,-0.18416873830032063,-0.31735490850687886,5.680512982360929,6.411554633040024,-0.0491046278249833,1.4991960297193192,2.9512737149584822,2.865077850582228,1.1783138735380816,-0.9282114066459657,7.1889595393638155,7.416573011364127,-0.7045499547255405,-0.6709592803349659,6.370306577332114,1.0889411697479152,0.4824102564871661,-0.5997480930172391,4.9003701109198134,3.0946998943067014,0.2954005759241487,0.5840829861735779,3.334632939263695,3.274288247114786,0.050777303785019844,-1.499140308783779,6.202845521820716,5.67167926244252,0.9685135209098844,-0.7193586953797866,6.065504190664473,1.754141440628951,-0.29419951528374133,0.14870622411012235
84,9.000004998265702,8.952861133952537,-0.026448510858671427,-0.3935967117245195,2.434202185243104,4.725873246504215,-0.5983188686741355,0.29073738712309083,9.44793783293376,5.146014243568591,-0.2809388675098964,-0.06368880687642307,1.9404079753155887,8.952122246372712,0.25881437194273765,-0.18608171953645106,8.870644123278375,0.023414926790212356,-0.0985266465053128,0.24510403558655097,7.084005037104159,1.3041005628520823,-0.07356766481586569,-0.18262999458768275,2.0732055096767983,7.63682559101022,-0.25059615340442304,1.3484643766278863,6.141819256640343,3.066069349544315,1.4190896920833491,-0.4859881128410296,2.932830522965016,3.601048748591594,-1.092309620872502,0.07908748353129452,1.4208369912316334,3.410724177570027,-0.3623514250621934,-0.2700423117345668,6.184961265866112,8.637849470972311,0.1336205546375637,0.36669032534665247,2.1795688012526457,2.8845615552806616,-0.08416873830032062,-0.21735490850687886,5.678057750969679,6.48651443452599,-0.09269992761265194,1.4971328342604102,3.0101894086353864,2.81866728024993,1.2588757010360485,-0.815617538642345,7.1537320416275385,7.383025047347378,-0.8045499547255405,-0.7709592803349659,6.394427090156472,1.0589537650970533,0.4468303245281852,-0.5549241016130287,4.915140139716021,3.12390404361538,0.29602235594789,0.6218829905528225,3.3371718044529457,3.199331231675597,-0.046149228813748375,-1.4992899148196444,6.2512711978662105,5.635711327673531,1.001039434007312,-0.7354196784197041,6.050794214900287,1.7615767518344572,-0.31795342882494526,0.1532043052659744
85,8.998682572722768,8.93318129836631,-0.06500758299737566,-0.39424279890225633,2.4042862418093973,4.74041011586037,-0.587921081639223,0.2644315381270757,9.433890889558265,5.14282980322477,-0.2832209738933862,-0.06288265153748619,1.9533486939127256,8.94281816039589,0.2920041558988195,-0.1924680453928166,8.86571779095311,0.035670128569539904,-0.09911376368370098,0.27860120000181055,7.080326653863366,1.2949690631226982,-0.11107279426492397,-0.15666574851262252,2.060675702006577,7.704248809841615,-0.23861882403391008,1.3179943003582648,6.2127737412445105,3.0417699439022634,1.4234232075487687,-0.47314519147041445,2.8782150419213908,3.6050031227681587,-1.066096133130424,-0.020912516468705483,1.4027194199785238,3.3972220619832987,-0.32790358984829615,-0.2746807119945683,6.19164229359799,8.656183987239643,0.10170253808025387,0.3315667193949655,2.17536036433763,2.8736938098553177,0.007740237455083246,-0.11735490850687885,5.673422754589047,6.56137107623901,-0.1356658723103138,1.4938523257304523,3.073133193687189,2.7778864033178126,1.1588757010360484,-0.715617538642345,7.113504543891262,7.34447708333063,-0.9045499547255405,-0.8709592803349658,6.416768606382881,1.031207560016402,0.4135019438786495,-0.5123490879697212,4.929941257513415,3.1549981931430215,0.2956105978359307,0.6581972212718323,3.334864343012258,3.124366735934615,-0.13650693676766615,-1.4937757047878066,6.301323169566576,5.598940343752545,1.0317487222906847,-0.7510159890412349,6.034896543459039,1.769236967097756,-0.3419870973491675,0.16028065251276954
86,8.9954321935729,8.913469158421197,-0.10227042839309254,-0.39391612633643763,2.374890187727436,4.7536316927667235,-0.5762048707115529,0.23739102751507152,9.419729840863596,5.1396856706478955,-0.28463139045849406,-0.06193099284797183,1.9679489017076666,8.933194758126248,0.32359940493866474,-0.19806360690029493,8.860762102768923,0.04960018856963043,-0.09929594258461855,0.31043650080554475,7.07477301415012,1.2871357756970672,-0.14875634116697808,-0.13197653286094357,2.0487447608048814,7.770148524859528,-0.2262865221128731,1.2846720071898223,6.283944901621949,3.0181126843287425,1.4273578990603513,-0.46113927179326286,2.8249102352648694,3.6039574969447234,-1.025124063055272,-0.12091251646870549,1.386324240486109,3.3834880263835703,-0.2931216221781457,-0.2787436316977337,6.196727420502003,8.672762323209392,0.07079335091160095,0.2965401818683676,2.175747376210384,2.867826064429974,0.09375950340595697,-0.017354908506878847,5.666639460973531,6.636063692525533,-0.17731520532213987,1.4894829028765546,3.1310769787389914,2.7421055263856955,1.0588757010360483,-0.615617538642345,7.068277046154985,7.300929119313881,-1.0045499547255405,-0.9709592803349658,6.437443703576814,1.005590105617916,0.3821884966821413,-0.4708451471421481,4.944721787405212,3.187908054206613,0.2942220461884136,0.6929501873219216,3.3280389961738748,3.0496779506952243,-0.2201801026100017,-1.483752244282936,6.35291060568111,5.561389544300484,1.0600238792643202,-0.76511217384137,6.017797188591581,1.7772509997233943,-0.3658619809125655,0.1687879247220331
87,8.990318672153245,8.893773352104375,-0.13818326869755612,-0.3926382235775892,2.3460799441918585,4.765501244142477,-0.5632315729289777,0.20979115461944547,9.40549827134067,5.136589121005497,-0.2851825446626197,-0.06083234672248443,1.9841288719545997,8.923291577781233,0.3535890022829648,-0.20298270085113285,8.855797305639692,0.06512201360990767,-0.09908179102457279,0.3405789760881434,7.06733519709177,1.28053694905402,-0.18664624039541736,-0.10877825752014054,2.0374304346992376,7.834382125219019,-0.21367990500026424,1.2487920167240532,6.3553127965749665,2.9950557207390793,1.4309370491832507,-0.4499101702281589,2.773654032112106,3.5979118711212883,-0.9751690900159625,-0.2209125164687055,1.3716681593772015,3.3695508447986837,-0.25818634710600746,-0.2822446875945556,6.200267088047583,8.68758933230281,0.04094575330483239,0.2616957252378754,2.180435351380682,2.8669583190046297,0.17662714422249842,0.08264509149312116,5.657773700707424,6.710537837669361,-0.21731719368258556,1.4841742611061297,3.1840207637907936,2.7113246494535783,0.9588757010360484,-0.515617538642345,7.018049548418708,7.252381155297133,-1.076908797985123,-1.044158723960221,6.4565531284109206,0.9820478482608086,0.3527613373384972,-0.42962649370691736,4.959432889714632,3.2225555635727092,0.29187181906788695,0.7260413414828395,3.3170299910433747,2.9754903384810776,-0.2972349827324558,-1.4702555441283112,6.405911799644326,5.523133935608415,1.0856377865794917,-0.7771837783152535,5.999504089545953,1.7856903959594959,-0.3892604504088414,0.17800736940527517
88,8.983409508718367,8.874141440925495,-0.17269643374524793,-0.3904320302133993,2.3179183655454096,4.77599080187345,-0.5490753773456903,0.181795845333109,9.391239144107539,5.133547503669373,-0.28488861670370136,-0.059584895100066856,2.001808322068748,8.913142442738677,0.3819659944160432,-0.20740463432818784,8.850843216088464,0.08215096241431484,-0.09848144341648256,0.36900273198797773,7.058002885072,1.2750980361780129,-0.22477660762820664,-0.08730876005352559,2.0267464394492243,7.896821726055221,-0.20087830936836665,1.210712019483306,6.426859649034129,2.9725602122276715,1.4341987941040049,-0.4394016602046675,2.7248955776113077,3.586866245297853,-0.9207785089613523,-0.3209125164687055,1.3587588420219012,3.3554386104189557,-0.22326906582473102,-0.2851955513619166,6.202314375712825,8.700674118564704,0.012208312322349153,0.22711244059555413,2.189266708591807,2.871090573579286,0.258479495740919,0.18264509149312116,5.646907841023295,6.784746550724668,-0.25546492211610583,1.4780858140068227,3.231964548842596,2.685543772521461,0.8588757010360484,-0.4156175386423451,6.964204108519452,7.200173219099122,-1.0755189434683061,-1.0455902649895028,6.474191195277846,0.9605665235754627,0.3251689340802155,-0.3881322061550587,4.9740264806680266,3.258857630646851,0.2885658133788158,0.7573553871996279,3.302168241906752,2.901977561274662,-0.39723498273245583,-1.370255544128311,6.460193688973301,5.484274746692653,1.1085373620650583,-0.7869652410239701,5.98004106702551,1.7945907644297596,-0.41194166400339344,0.18747592101892852
89,8.974774687031104,8.854619839414825,-0.20576201869934413,-0.38732009970683423,2.290464596678125,4.785080594140105,-0.5338190241220365,0.15355685479698847,9.376994713272353,5.130568258914369,-0.2837662070197902,-0.058187465924848844,2.02090662178955,8.902772211022267,0.40872011574462486,-0.21160137099784299,8.845919143917639,0.10060109901371372,-0.09750663723734815,0.39568686360280875,7.046764054690589,1.2707325981753366,-0.2631916658913178,-0.06783309996521819,2.016702523980806,7.957357327029387,-0.18795156645974315,1.170879772034092,6.498569588739329,2.950590129217438,1.4371763624412282,-0.42956268837062583,2.67885665216324,3.5708206194744174,-0.8640384612003369,-0.42091251646870553,1.3475953887306646,3.34117883285086,-0.18853252008102434,-0.2876054260230998,6.202924791328942,8.712029740594481,-0.015380673931796117,0.19286267840713525,2.202190683378853,2.880222828153942,0.3415273660020144,0.28264509149312117,5.63413459491749,6.858650841425009,-0.29157686124689575,1.471388097676955,3.2749083338943983,2.6647628955893436,0.7588757010360484,-0.3156175386423451,6.9104281613460365,7.147893705849647,-0.9724950221017332,-1.1420391551901141,6.490449641981856,0.9411599132677098,0.29941683926315094,-0.34592575621203825,4.988454771336968,3.2967254000068325,0.28430815081159677,0.7867702977798895,3.2823064927701293,2.8334647840682465,-0.4972349827324558,-1.270255544128311,6.515620557076554,5.444926484641454,1.1287472573016153,-0.794320533350211,5.959443983825341,1.803964560480706,-0.433717410439045,0.1968920092692268
90,8.964486586096136,8.835253834429484,-0.23733046665388968,-0.3833221808978307,2.2637736454720234,4.7927584368799545,-0.5175553047943425,0.12522190180870113,9.362806402921363,5.127658885618127,-0.2818349525225761,-0.05664166327330654,2.0413426275767814,8.892192142472375,0.4338225699832165,-0.21597483210656762,8.841043812055771,0.12038544219385416,-0.09617147439479747,0.4206153754178038,7.033604471396024,1.2673409431770757,-0.3019531733174251,-0.05065217582317488,2.0073049456578187,8.01590131563109,-0.17494427118843378,1.1298709349536968,6.5704284068613905,2.929111994798907,1.4398976763468507,-0.42035066510110275,2.6356547291032233,3.549774993650982,-0.8050320594648722,-0.5209125164687055,1.3381687627266134,3.326798561549705,-0.1541388984097266,-0.28948614900150654,6.202155757632353,8.721672874514837,-0.04180132832003063,0.15901468357144272,2.2192670516789534,2.894355082728598,0.42868018506431416,0.3826450914931212,5.619555751855145,6.932220246308856,-0.32546187009464916,1.4642658812915412,3.312852118946201,2.6489820186572266,0.6588757010360484,-0.2156175386423451,6.86180341024095,7.090791748090141,-0.8622269091584147,-1.227421996349718,6.505420483945014,0.9238636254571079,0.27555464135154345,-0.3026290338410107,5.002670178877548,3.336063914895827,0.27910917898723797,0.8141549674948444,3.2574447436335063,2.769952006861831,-0.5972349827324558,-1.170255544128311,6.572057919941635,5.4052104579739435,1.146322385259264,-0.7991716072754589,5.9377581133033885,1.8138091609441673,-0.4544399695068277,0.2060592482174073
91,8.952620062763442,8.816087725384593,-0.2673606126597994,-0.3784549161016758,2.237895880232306,4.79901953197039,-0.5003796346507136,0.09692681128656153,9.348714655295234,5.124826802454462,-0.27911033389678375,-0.05495296182558667,2.063033756075942,8.881393400867047,0.4571987704583239,-0.221106541553972,8.83623523833603,0.14141621096474435,-0.09449147162826213,0.44377610326462225,7.018506812730153,1.2648083343859169,-0.3411462138562081,-0.03611782172701264,1.998557732098397,8.072394862378776,-0.16184551002798278,1.0884379310072598,6.6424232906787335,2.9080944615438518,1.4423853333418135,-0.4117335912461184,2.5954031261299795,3.523729367827547,-0.7426282519134497,-0.6209125164687055,1.3304618178061272,3.3123242540996296,-0.12024398947442876,-0.2908455620987619,6.200065691216351,8.729623608693409,-0.06703688371071005,0.12561735390181744,2.240701060932169,2.913487337303254,0.5243984989784483,0.4826450914931212,5.6032826583504125,7.005433540373433,-0.3569373715427245,1.4569130766096414,3.3457959039980034,2.6382011417251094,0.5588757010360484,-0.11561753864234509,6.818692064783029,7.029420648272655,-0.7469400999516081,-1.3007999412224316,6.519198216012591,0.9087321737650573,0.2536750517665193,-0.2578748761523116,5.01662563782691,3.376771663270569,0.2729864001090384,0.8393876971557255,3.2275829944968835,2.7114392296554155,-0.6972349827324558,-1.0702555441283108,6.629374039204598,5.365251877610171,1.1613064977882632,-0.8014896999345323,5.915036114828047,1.8241121233550377,-0.47398693973849565,0.21485060695816635
92,8.939252032130453,8.79716497957951,-0.2958155823817551,-0.3727375893693236,2.2128768984997707,4.803865872534718,-0.48238989167638296,0.06879513284988505,9.334759138600395,5.122079154363182,-0.27560913297415707,-0.053126500042461014,2.0858936945988584,8.870338073789348,0.47867492037972725,-0.2278187061710605,8.831510664754617,0.16360501612797546,-0.0924834445557767,0.46516117543450575,7.001449502037342,1.2630024432995663,-0.3808890278559204,-0.024653228740238863,1.9904654565969977,8.126816758929138,-0.14853903174791952,1.0475701945913196,6.714542557345824,2.887507781981546,1.444657679239607,-0.40368823343519944,2.558271713534307,3.492683742004112,-0.6750291831633042,-0.7209125164687055,1.3244496183324057,3.2977819759946914,-0.08699601231048046,-0.291688994486272,6.196713847030816,8.7359044763885,-0.09107790229835286,0.09272254520564138,2.2669209858810917,2.93761959187791,0.6243984989784482,0.5826450914931212,5.5854357897732765,7.078279194203915,-0.3858629223772425,1.4495205431916078,3.3737396890498057,2.632420264792992,0.45887570103604847,-0.01561753864234508,6.7813450597854485,6.964380651211534,-0.6289214834682371,-1.3617847728742278,6.531881968600917,0.8958384299574418,0.23391767769674185,-0.21126183389082814,5.030274957832361,3.4187410481283553,0.2659668125126304,0.862361247833247,3.1927212453602607,2.657926452449,-0.7972349827324557,-0.9702555441283108,6.687439364094011,5.325177392613444,1.173740001132579,-0.801276022295532,5.891336767841122,1.834854653702946,-0.49225201055492895,0.22318616004065445
93,8.924461253011366,8.778528100111043,-0.3226630619679278,-0.36619200041797023,2.1887574039159516,4.807305629177213,-0.4636869472380979,0.04093898218967537,9.320978681951688,5.119422829361059,-0.27134941369837023,-0.05116703394468623,2.109827440617845,8.858947138480795,0.49788986646751604,-0.2372415474200107,8.826886492526828,0.18686307489970075,-0.09016537650945224,0.48476677653121913,6.982405050644546,1.2617697818625544,-0.4213474145903143,-0.016786739375986383,1.9830385050096018,8.179195268658704,-0.1347153940147379,1.008561273805598,6.786775441307805,2.8673233703097862,1.4467295205857642,-0.3961990588904588,2.524520254376142,3.4566381161806765,-0.6003276632890145,-0.8209125164687054,1.3200998177168817,3.283197526270378,-0.05453382231970525,-0.2920205658463559,6.192159951915898,8.740540603648782,-0.11391949987319824,0.0603856045476242,2.298140910830014,2.966751846452566,0.7243984989784482,0.6826450914931211,5.566142643654414,7.150755221363496,-0.41216708782225686,1.442261519876378,3.396683474101608,2.631639387860875,0.3588757010360485,0.08438246135765493,6.749898985612036,6.896291412567822,-0.5289214834682371,-1.2617847728742277,6.543577852485754,0.8852753382629004,0.2164788906037405,-0.16230501322486265,5.043573298457993,3.4618591105200176,0.25808643344428434,0.8829857037791486,3.152859496223638,2.6094136752425845,-0.8972349827324557,-0.8702555441283109,6.746126364150641,5.285113591498668,1.183656715550831,-0.7985545227699469,5.866724167313376,1.8460139617049787,-0.5091397540811861,0.23101654237708102
94,8.90832809991297,8.760218500090144,-0.3478755077961456,-0.3588423208021642,2.1655730565540465,4.809352578286696,-0.4443744258191555,0.013459877388470862,9.30741121126677,5.116864477663825,-0.2663505463708199,-0.04907890740865869,2.1347219339412207,8.847085061109794,0.5141529626838278,-0.25087074016224536,8.822378223701355,0.2111014137262617,-0.08755630991930571,0.5025929319053694,6.96133767991503,1.260930444893755,-0.46275542347524423,-0.013205737298131745,1.976302735308865,8.229623332348984,-0.11973003739760743,0.9730660875323768,6.859111917337093,2.8475134173652634,1.448613010530546,-0.389256144102605,2.494503871211691,3.415592490357241,-0.5174864885491561,-0.9209125164687054,1.3173731266008963,3.26859649797806,-0.022979518669416922,-0.29184519581431584,6.186463976922238,8.743559883876163,-0.13555897419025492,0.0286646555946194,2.3343608357789365,3.0008841010272223,0.8243984989784482,0.7826450914931211,5.545534289263301,7.222868297357315,-0.4358478516566406,1.4352827770882959,3.4146272591534106,2.635858510928758,0.2588757010360485,0.18438246135765493,6.723452911438624,6.833202173924111,-0.4289214834682371,-1.1617847728742277,6.554401797015941,0.8771600876016573,0.20162960739252694,-0.11037161338847132,5.056477620130207,3.506008395708975,0.24938875048745188,0.9011895522865119,3.107997747087015,2.565900898036169,-0.9972349827324557,-0.7702555441283109,6.805309199928182,5.24518586536017,1.1910835095476948,-0.7933684484870424,5.841267179609317,1.8575647888238327,-0.524563604143755,0.2383107366186341
95,8.890934324523162,8.742276384050035,-0.3714235291628112,-0.3507149966918584,2.143354335263089,4.81002557215612,-0.42455727483585715,-0.013551258799325082,9.294093683948228,5.114410532293392,-0.26063938554951416,-0.046866198065249214,2.160429582075412,8.834541524101683,0.5262285072595453,-0.27058112902795733,8.818000408205389,0.23623106032153018,-0.0846765864460504,0.5186441314875467,6.938199908741268,1.2602701580288485,-0.5054457778132342,-0.014842960392631502,1.9703162334389845,8.278276636725602,-0.10239065806546092,0.9431131125057074,6.93154256786362,2.8280506101601333,1.4503195056282456,-0.3828489670800238,2.4686295467842334,3.369546864533806,-0.4288739838389458,-1.0209125164687054,1.3162241506674255,3.254004238187344,0.007568818440996168,-0.2911691673113081,6.179686028212726,8.744993116655893,-0.15600122470713879,-0.0023636545063271466,2.3755807607278587,3.040016355601878,0.9243984989784482,0.8826450914931211,5.52374189668047,7.29463243621173,-0.4569736567904382,1.4286969857179566,3.427571044205213,2.6450776339966406,0.1588757010360485,0.28438246135765494,6.702006837265213,6.775112935280399,-0.32892148346823713,-1.0617847728742276,6.564483277385567,0.8716415069322337,0.18974436574859171,-0.05458432557690014,5.068947057654579,3.5510678733233005,0.23992631700444556,0.9169225150492872,3.058135997950392,2.5273881208297535,-1.0972349827324557,-0.6702555441283109,6.864863375405567,5.205517442935818,1.1960419548023684,-0.7857556419262783,5.815038999402129,1.8694803256547643,-0.5384454935918401,0.24504925346235637
96,8.872363148065022,8.724740634215442,-0.39328390887428466,-0.341838002620166,2.122126471521296,4.809348009216154,-0.4043428561442781,-0.04001263250327247,9.281061714670752,5.112067222390129,-0.25424369983029627,-0.044533169302681794,2.1867410074383895,8.821012467650284,0.5320433602199675,-0.2985359190654074,8.813766578883087,0.2621632668959075,-0.08154735895293706,0.5329282404426402,6.912927619850606,1.2595280100092168,-0.5498962840257374,-0.023026690191296315,1.9651967005357116,8.325432292350888,-0.0806622983424872,0.9210152866737148,7.004058543145033,2.8089081618061322,1.4518590889384657,-0.376968414945826,2.4471858475922863,3.318501238710371,-0.34590711519905215,-1.1209125164687055,1.3166025915894752,3.2394457798217786,0.03703898312413334,-0.2899984324163104,6.171885966977369,8.744874933930577,-0.17524765131380735,-0.0326274392911718,2.4218006856767813,3.084148610176534,1.0243984989784483,0.9826450914931211,5.500893213840948,7.3660672854976275,-0.4756597870411624,1.4225848892041402,3.4355148292570155,2.6592967570645234,0.0588757010360485,0.38438246135765497,6.685560763091801,6.722023696636688,-0.22892148346823712,-0.9617847728742276,6.573970495672997,0.8689122906533887,0.1813471660118177,0.006330398151874896,5.080943373504802,3.596913999075765,0.22975666131561212,0.9301520097528541,3.0032742488137694,2.493875343623338,-1.1972349827324558,-0.5702555441283109,6.924665473145685,5.166229660839504,1.1985426843677163,-0.7757728663407092,5.788116724722538,1.881732788327882,-0.5507182143885844,0.25121627955126713
97,8.852698952621306,8.707648734084433,-0.41343932251819404,-0.3322406401117751,2.101909328714082,4.8073473775909905,-0.38384003027565167,-0.06585108957376846,9.268349529679238,5.109840563924995,-0.24719224154746297,-0.04208421389988693,2.213343175449388,8.806085671697014,0.5283331943201536,-0.3369124151208715,8.80968921093544,0.28880967891803955,-0.07819045287456292,0.5454562863362126,6.8854328056493195,1.258376675499652,-0.5968037111312503,-0.03974236763536869,1.9611635856185872,8.371483056684573,-0.05131358177542078,0.9090955921125121,7.076651497591956,2.790059741058841,1.4532409346640653,-0.37160568593162585,2.429890491832334,3.2624556128869355,-0.2517084764396551,-1.2209125164687056,1.3184545407456818,3.224945858200963,0.06538431037482839,-0.2883356768242542,6.163123584411679,8.743243561966018,-0.1932975687764813,-0.06206222650380246,2.4730206106257038,3.1332808647511903,1.080532664347583,1.0404081705167036,5.47711022448889,7.437196529957834,-0.4920634601784118,1.4169945487394255,3.438458614308818,2.678515880132406,-0.041124298963951506,0.48438246135765495,6.674114688918389,6.673934457992977,-0.12892148346823712,-0.8617847728742276,6.583037853973588,0.8692288105609824,0.17718564218291108,0.07430684406286081,5.092431206570582,3.643421599563408,0.21894099538821327,0.940861794388973,2.9434124996771467,2.465362566416922,-1.0972349827324557,-0.47025554412831094,6.984592607364071,5.127441017522469,1.1985885657580044,-0.7634958119365702,5.7605808140031085,1.8942936023054453,-0.5613275248669559,0.25679660085506273
98,8.832026986495396,8.691036702078843,-0.43187810113222064,-0.32195336899428845,2.0827173272002995,4.804054823112302,-0.36315683484765166,-0.0910016383582942,9.255989917601864,5.107736353230001,-0.2395148873006561,-0.039523832860765294,2.239759835165396,8.78924005094097,0.5102932731638791,-0.3873663201267805,8.805779688291713,0.31608249323485016,-0.07462826425226893,0.5562422804116819,6.855592620092757,1.2563895571178836,-0.6472066137534311,-0.06812078287857823,1.958597906529816,8.416937836290199,-0.009567341157726658,0.9091511948559002,7.149313544325159,2.7714794567622594,1.4544734267386419,-0.36675202918477906,2.417305068010351,3.2014099870635,-0.1517084764396551,-1.3209125164687057,1.3217237562644233,3.2105290743597505,0.09258093871514352,-0.28617633568254336,6.153458705972855,8.740140450640828,-0.21014983753926003,-0.09061327051490294,2.527047243843083,3.1853012732770254,0.9779337055969202,1.1373854524555325,5.452507051479969,7.508046257394805,-0.5063758880710358,1.4119431504066549,3.4364023993606203,2.7027350032002886,-0.1411242989639515,0.5843824613576549,6.6676686147449775,6.630845219349266,-0.028921483468237114,-0.7617847728742276,6.591897136082734,0.8729441527641255,0.1783543805892273,0.1524298272409057,5.103378256339993,3.6904646892828565,0.2075426045336906,0.9490501747527891,2.888550750540524,2.4418497892105067,-0.9972349827324557,-0.37025554412831096,7.044522035651972,5.08926622692564,1.1961782261568326,-0.7490182923762663,5.732514437759761,1.9071334323481985,-0.5702340367669968,0.2617748397934162
99,8.810433081438786,8.67493903362913,-0.44859402012753025,-0.31100719847885533,2.064559485457917,4.799504741194387,-0.3424019969346394,-0.11542005883202365,9.244014173236831,5.1057601615869626,-0.23124202212070813,-0.03685588441683395,2.2652744988235898,8.76987173493463,0.47133152619150515,-0.4502102530879563,8.8020482750791,0.34389460725543425,-0.07088224812314446,0.5653023750692898,6.823232289405086,1.2529835179739546,-0.7026936875667126,-0.11342098080444407,1.9581195394719297,8.462395396032994,0.05114504911208894,0.9216301522751509,7.222037215662091,2.7531418553030202,1.4555646331233247,-0.3623970182004277,2.4097196441883684,3.135364361240065,-0.05170847643965509,-1.4209125164687058,1.3263528032001806,3.1962202575756233,0.11863686367144334,-0.28351588776194353,6.142951214095892,8.735609787115083,-0.22580520775304647,-0.11823712510675825,2.575943929122929,3.242170545899802,0.8679818936037769,1.2233590774486458,5.427188257076417,7.578643414915138,-0.5188077561431643,1.4074226487326735,3.429346184412423,2.7319541262681715,-0.24112429896395152,0.6843824613576549,6.666222540571566,6.5927559807055545,0.07107851653176289,-0.6617847728742277,6.600814855112195,0.8805656441261708,0.18651281230829617,0.24591359562726117,5.113755386566678,3.737917198020496,0.19563311857203716,0.9547405893636652,2.838689001403901,2.423337012004091,-0.8972349827324557,-0.270255544128311,7.104330946959814,5.051815312306827,1.1913107785846038,-0.7324483286752667,5.704002735921411,1.9202221743378693,-0.5774025185373257,0.2661336088554504
100,8.788003380432409,8.659388673705188,-0.46358617089314774,-0.29943436053873995,2.047439385611185,4.7937337382527865,-0.3216671289214078,-0.13904951219018835,9.232452072130796,5.103917367366121,-0.22240621808878422,-0.03408482555548274,2.288841075133165,8.747361222280233,0.4029896854862202,-0.5233620647504369,8.798504162672943,0.37215972600889874,-0.06697501807702122,0.5726558777363382,6.78809760502675,1.2473124689337323,-0.7657934986438546,-0.18519730346661023,1.960676791927534,8.508476903646752,0.13926583251812377,0.9445828364804575,7.294815447318257,2.7350220043929987,1.4565215441285113,-0.35853171615562374,2.4071342203663857,3.06431873541663,0.04829152356034491,-1.3209125164687057,1.3322846463837528,3.182044463187526,0.14354393044048813,-0.28035469641281924,6.13166095370824,8.729697930859745,-0.24026786920433946,-0.14490457669108242,2.619343023803118,3.3033384997722344,0.9679818936037768,1.1233590774486457,5.401247869269259,7.649014547351772,-0.5295708821916693,1.4034082373759738,3.417289969464225,2.7661732493360542,-0.3411242989639515,0.7843824613576549,6.669776466398154,6.559666742061843,0.1710785165317629,-0.5617847728742277,6.6101404957276095,0.8928613239075338,0.20426204020817093,0.3459135956272612,5.123537042495279,3.785654227488679,0.1832721437016602,0.957959595665463,2.793827252267278,2.4098242347976755,-0.7972349827324557,-0.17025554412831098,7.163896485889044,5.015192895873064,1.1839864700496117,-0.7139099520269271,5.675132609994544,1.933528854780642,-0.5828190949566736,0.26986120674335023
101,8.764824071887752,8.64441695567825,-0.47685874733156924,-0.2872677710911243,2.0313560291651145,4.786781262643277,-0.3010416916334999,-0.16183485956548216,9.221331761226356,5.102213126088347,-0.2130417691993508,-0.031215240876532744,2.308990559407476,8.721193119042711,0.3029896854862202,-0.6011226748410512,8.795155411769091,0.4007925198957156,-0.06292936335042147,0.5783245682797308,6.7498079300945575,1.2380526037604018,-0.8406629378937871,-0.2851973034666102,1.9676400835534402,8.555706045470775,0.23926583251812378,0.9724379646494471,7.367641524524682,2.7170954185852176,1.4573504454264055,-0.3551474049116194,2.409548796544403,2.9982731095931947,0.14829152356034492,-1.2209125164687056,1.3394618429057772,3.168026728366885,0.16726773693382244,-0.2766931396422164,6.119647560248023,8.72245270202519,-0.2535485923575894,-0.17060170956393464,2.667742118483307,3.359506453644667,1.0679818936037768,1.0233590774486456,5.374769325159676,7.719184959220571,-0.5388628060716623,1.3998667351689495,3.4002337545160275,2.805392372403937,-0.44112429896395156,0.8843824613576549,6.6783303922247415,6.531577503418132,0.2710785165317629,-0.4617847728742277,6.620353597738018,0.9101570036888968,0.23583825249324128,0.4459135956272612,5.132700649680362,3.833552207271952,0.17051628208202083,0.958741165043187,2.7539655031306554,2.4013114575912597,-0.6972349827324558,-0.07025554412831098,7.223095809391524,4.979497398271717,1.1742107348835455,-0.6935388004792541,5.645991655246711,1.9470219151178094,-0.5864845145921632,0.27295112599554927
102,8.740981134521173,8.630053567123694,-0.4884206221699171,-0.27454024839944774,2.0163039445834396,4.778689519665003,-0.2806263493857503,-0.18374026637188506,9.210679672766389,5.10065236404452,-0.20318372736522364,-0.028251444150768856,2.324140043681787,8.691136985300659,0.20298968548622018,-0.6725265341825348,8.79200894360157,0.4297087483097022,-0.05876643584690995,0.5823325588806112,6.707774783199868,1.2237927385870713,-0.9330036921300693,-0.3851973034666102,1.9796033751793465,8.604327943703247,0.3392658325181238,0.9943518161831493,7.440509046796002,2.6993380483396368,1.4580567491719023,-0.3522364492698954,2.41696337272242,2.9372274837697594,0.24829152356034492,-1.1209125164687055,1.3478252297524682,3.154192071384774,0.18977178995496777,-0.27254088790388037,6.106970130630144,8.713922616546993,-0.26566835483497764,-0.1953299109410376,2.7211412131634956,3.410674407517099,1.167981893603777,0.9233590774486456,5.347826184856093,7.789178295979018,-0.5468552010968128,1.3967638988151736,3.37817753956783,2.8496114954718195,-0.5411242989639515,0.9843824613576548,6.691884318051329,6.50848826477442,0.37107851653176294,-0.3617847728742277,6.63214551036268,0.9324526834702599,0.28702919725333603,0.5459135956272612,5.141226463784463,3.8814892655241113,0.15743801802608076,0.9571332561710163,2.7191037539940326,2.3977986803848443,-0.5972349827324558,0.02974445587168903,7.281806346135702,4.944820458247754,1.1619993928986379,-0.6714776352276088,5.616667429517102,1.960669471417587,-0.5884013546390796,0.27539656719051264
103,8.716560103412677,8.616326554703722,-0.4982856088626587,-0.2612849622372941,2.002272627114152,4.769502506346409,-0.2605080901236036,-0.20473598785789904,9.200520486398128,5.099239791836982,-0.1928693589615361,-0.025198060223367916,2.334289527956098,8.657510658591532,0.10298968548622017,-0.7167649721261485,8.789070621809223,0.45882537625373276,-0.05450679935568259,0.5847074773492861,6.661124598593365,1.2045328734137408,-1.0330036921300694,-0.48519730346661016,1.9965666668052526,8.654045534512404,0.4392658325181238,0.9896304869369275,7.513411884254597,2.681726225876142,1.458645341419983,-0.3497910346961185,2.4293779489004375,2.881181857946324,0.34829152356034493,-1.0209125164687054,1.3573138192502165,3.1405650269895804,0.21101509527538453,-0.2679136736232341,6.0936867128883945,8.704156120999942,-0.27666262781735956,-0.21910708633022613,2.779540307843684,3.456842361389531,1.2580411962038005,0.8169041245177496,5.320483424801252,7.859016490919776,-0.5536876749078673,1.3940695673656749,3.3511213246196325,2.8988306185397024,-0.6411242989639515,1.084382461357655,6.710438243877918,6.490399026130708,0.4710785165317629,-0.26178477287422774,6.646496970225346,0.9597483632516229,0.357109168543485,0.6459135956272611,5.149098364685767,3.929345928332662,0.14411055961663324,0.9531918467242073,2.6892420048574097,2.399285903178429,-0.4972349827324558,0.12974445587168904,7.339906315780634,4.9112465764863735,1.1473775106991093,-0.6478754510621005,5.587247361785148,1.9744392997771125,-0.588576760712983,0.2771948243544108
104,8.691645822969544,8.603262306591857,-0.5064720867494255,-0.2475351455621461,1.989247222607972,4.7592657069535145,-0.24076015936247758,-0.22479594200568148,9.19087701845005,5.097979888825813,-0.18213786443962104,-0.022059870165118775,2.339439012230409,8.621672409985225,0.002989685486220167,-0.7004817890209614,8.78634528184144,0.4880607501211971,-0.050172490752906015,0.5854786808912396,6.609474413986861,1.1802730082404103,-1.0781541692113914,-0.5851973034666101,2.018529958431159,8.703527058859251,0.5392658325181238,0.9250274881586309,7.586344151325596,2.6642366741413364,1.4591220742008972,-0.34779702784766836,2.446792525078455,2.830136232122889,0.44829152356034496,-0.9209125164687054,1.3678645740139859,3.127169343308419,0.23095374831216856,-0.26283893488230586,6.0798535814975265,8.69320076668343,-0.2865846709916707,-0.24196585547470714,2.842442367653874,3.4976875676154187,1.3265125454660456,0.700260284980658,5.292799041055859,7.9287199692880606,-0.5594633099505817,1.391761762953394,3.3190651096714348,2.953049741607585,-0.7411242989639515,1.184382461357655,6.733992169704506,6.4773097874869965,0.5710785165317629,-0.16178477287422774,6.664352428652521,0.992044043032986,0.3653775162392554,0.7459135956272611,5.156303892666599,3.977005520668872,0.1306060689573853,0.9469811451008844,2.6643802557207867,2.405773125972013,-0.39723498273245583,0.22974445587168904,7.397275191315589,4.878852803933269,1.1303807672397208,-0.6228840240506393,5.557818523749499,1.9882990409948331,-0.5870233581650088,0.27834297172985256
105,8.666322218632073,8.59088554931375,-0.5130028961387593,-0.233323940467585,1.9772092146398481,4.74802590985323,-0.2214404922824948,-0.24389382961554337,9.18177012522807,5.096876895317558,-0.17103066022820113,-0.018841818142153112,2.33958849650472,8.586648320534177,-0.09701031451377984,-0.6004817890209614,8.783836657303794,0.5173346841657591,-0.04578633720576097,0.5846760576434656,6.555566705526291,1.1510131430670798,-0.9781541692113914,-0.6851973034666101,2.0454932500570653,8.749778433267183,0.6392658325181237,0.8250274881586309,7.659300255035641,2.646846822748953,1.4594944863209984,-0.34623091196281786,2.469207101256472,2.7840906062994537,0.5482915235603449,-0.8209125164687054,1.3794122614295943,3.1140273965643037,0.24954150365562933,-0.2573599040178918,6.065524347947943,8.681102473909695,-0.2955087069969875,-0.2639493197382619,2.9087679949271763,3.5327005818644515,1.3825835618715792,0.5817754673776622,5.26482587555833,7.998308057435731,-0.5642480654449197,1.389828809832947,3.282008894723237,3.012268864675468,-0.8217880444398213,1.2548563304282183,6.7625460955310945,6.4692205488432855,0.6710785165317629,-0.061784772874227734,6.682621304464483,1.029339722814349,0.26537751623925543,0.8459135956272611,5.162834196114468,4.0243545779239165,0.11699397462022916,0.9385729673699916,2.644518506584164,2.4172603487655975,-0.29723498273245585,0.32974445587168905,7.453794229677575,4.847708602730736,1.1110557735164803,-0.5966554043141137,5.528467355841249,2.002216189581326,-0.583755949319527,0.27883663004359177
106,8.640672073825135,8.579219352290371,-0.5179051689504677,-0.218684289387079,1.9661371900257234,4.735831218372453,-0.20259223756204786,-0.2619978983987506,9.17321859221666,5.09593480441045,-0.15959155521216709,-0.015549380745913492,2.334737980779031,8.556624231083129,-0.19701031451377984,-0.5004817890209614,8.781547340443506,0.5465684870479324,-0.04137467855036801,0.582330224009644,6.506658997065722,1.1167532778937492,-0.8781541692113914,-0.7851973034666101,2.0774565416829716,8.791029807675114,0.7392658325181237,0.7250274881586309,7.732274979351691,2.6295352771508123,1.4577115776744975,-0.3445720188742644,2.496621677434489,2.7430449804760184,0.6482915235603449,-0.7209125164687055,1.3918893366123757,3.101159401363409,0.2667304649879422,-0.2515387345952584,6.0507489125980936,8.667905007922782,-0.30353045737438883,-0.28510337696884114,2.977897173020755,3.5617893552333344,1.4265692579170033,0.46357324379878795,5.236613472286084,8.067799497927378,-0.5680740003515384,1.3882694011338723,3.240919492501246,3.075011681196879,-0.9217880444398213,1.1548563304282182,6.796100021357683,6.466131310199574,0.7710785165317628,0.03821522712577227,6.695890180276446,1.071635402595712,0.16537751623925542,0.9459135956272611,5.168683894845479,4.071283226292416,0.1033390151726308,0.9280466595414959,2.6296567574475413,2.433747571559182,-0.2060204752064047,0.4297444558716891,7.509347018353399,4.817875832515031,1.0894604061464075,-0.5693397928863175,5.499279558375273,2.0161580210835055,-0.5787913760428294,0.2786729657047436
107,8.614776815377612,8.568285137821018,-0.5212102657519059,-0.20364877280052843,1.956007578147621,4.722731323452515,-0.18424649283532077,-0.2790713525269372,9.165239014456052,5.0951573353731545,-0.14786686423040424,-0.012188315552237919,2.324887465053342,8.531600141632081,-0.29701031451377985,-0.40048178902096143,8.779478606515987,0.5756849982484146,-0.03696413561270791,0.5784726519966191,6.462751288605153,1.0774934127204188,-0.7781541692113915,-0.8851973034666101,2.1144198333088777,8.827281182083047,0.8392658325181237,0.625027488158631,7.805160558235416,2.612306676207099,1.452169255309309,-0.3423962558844236,2.5290362536125066,2.706999354652583,0.7482915235603449,-0.6209125164687055,1.4052258598617728,3.0885824646336464,0.28247984118151986,-0.2454541891628262,6.035572389729374,8.65364983907434,-0.3107630093308439,-0.3054660239193575,3.0492256359166054,3.584968017423274,1.4591083039563422,0.34785479344928777,5.208209772268507,8.137212967984071,-0.570386551697572,1.3857232781257305,3.194830090279255,3.13275449771829,-1.0217880444398213,1.0548563304282181,6.834653947184271,6.468042071555863,0.8710785165317628,0.13821522712577228,6.704159056088408,1.118931082377075,0.06537751623925542,1.0459135956272612,5.173850845604111,4.117685559269491,0.08969886476452427,0.9154907828277457,2.6193557336872213,2.4552347943527666,-0.1609678570744244,0.5297444558716891,7.563820038660719,4.789408842870715,1.0656635513337522,-0.5410827059166385,5.470339989573131,2.0300916693687427,-0.5721537678085943,0.27784056896927234
108,8.588716302090017,8.558102699180992,-0.5229540868695118,-0.1882495679996883,1.9467952535058548,4.708777755826168,-0.16641125738733495,-0.2950747913682349,9.157845671244532,5.094547919595542,-0.13590610365136652,-0.008765454285980585,2.310036949327653,8.511576052181033,-0.3970103145137799,-0.30048178902096145,8.77763039973535,0.6046086308482456,-0.03258263655166145,0.573139971353208,6.423843580144584,1.0332335475470882,-0.6781541692113915,-0.7851973034666101,2.156383124934784,8.858532556490978,0.9392658325181237,0.525027488158631,7.877769021000882,2.5951868634128776,1.4429861702193176,-0.33968456492902177,2.566450829790524,2.675953728829148,0.8482915235603449,-0.5548967006268883,1.4193498519208487,3.076309755175505,0.2967516529388959,-0.2391812194181285,6.020034239262832,8.638376537878372,-0.31732572752072846,-0.32505383215542777,3.1221810511144223,3.602360757095738,1.4532032225889218,0.24785479344928776,5.1796904446836285,8.206499131890357,-0.570259010149938,1.3799704337273264,3.143740688057264,3.1854973142397007,-1.1217880444398214,0.9548563304282182,6.878207873010859,6.474952832912152,0.9710785165317628,0.23821522712577228,6.707427931900371,1.171226762158438,-0.03462248376074459,0.9459135956272612,5.178335788842337,4.163460098410878,0.07611200971987317,0.9010065713572081,2.6113073408335,2.481722017146351,-0.2060169198671881,0.629744455871689,7.617103216227407,4.762354707574883,1.039744607263068,-0.5120237578104431,5.441732301182701,2.0439836978172066,-0.5638683081516355,0.276327705104441
109,8.562568597746541,8.548690220781008,-0.5231763437784892,-0.1725179985940697,1.938474690636488,4.694024016257757,-0.1490884043223524,-0.3099593581704964,9.151050366061964,5.094109646881243,-0.12376127695903655,-0.005289668165231737,2.290186433601964,8.496551962729985,-0.4418428259127139,-0.20048178902096145,8.776001267907768,0.6332656294159059,-0.02826026597215178,0.5663737639815296,6.389935871684014,0.9939736823737577,-0.5781541692113915,-0.6851973034666101,2.20334641656069,8.884783930898909,0.9899889467988865,0.425027488158631,7.949918329511847,2.5782026351664267,1.4302956815440102,-0.3364247921257727,2.608865405968541,2.6482088937978037,0.9482915235603449,-0.6548967006268883,1.4341874345677936,3.0643506942045984,0.3095112146137461,-0.23280144691366134,6.004167952886795,8.6221238462706,-0.3233229946595916,-0.3438493485142125,3.1948412122438685,3.6147534967682025,1.39694881210893,0.14785479344928776,5.151177494176132,8.275497653576723,-0.5677430011766309,1.37112447184845,3.087651285835273,3.2332401307611116,-1.2217880444398215,0.8548563304282182,6.926761798837447,6.48686359426844,1.071078516531763,0.3382152271257723,6.705696807712334,1.218522441939801,-0.1346224837607446,0.8459135956272612,5.182141389328331,4.208510426978739,0.06261272751261558,0.884701100509686,2.601006494840141,2.5132092399399353,-0.3060169198671881,0.729744455871689,7.66909044659056,4.7367535196843615,1.011795359308158,-0.4822968025792107,5.413538885775119,2.057800083072429,-0.5539707040566852,0.27411540180148863
110,8.536409780557616,8.540064320851306,-0.5219205656996107,-0.15648459985966165,1.9310202704203705,4.678526048349232,-0.13227509861566997,-0.32366498193134946,9.144862302214012,5.093845163472982,-0.11148775264408205,-0.0017729129370144532,2.268094292306328,8.486527873278936,-0.4413304014559417,-0.10048178902096144,8.77458825460916,0.6615843176149824,-0.024023748883457756,0.5582227067288508,6.361028163223445,0.9597138172004273,-0.47815416921139153,-0.5851973034666101,2.2528458639006343,8.90603530530684,0.9936823317941695,0.32502748815863103,8.021433113589048,2.561381395560138,1.4142320184771198,-0.3326142473239678,2.6562799821465584,2.615464058766459,1.048291523560345,-0.7548967006268883,1.449662995298481,3.0527106218589153,0.32073139621624036,-0.22639325977140595,5.988001803153815,8.60493137884489,-0.3288178399329725,-0.36179854676473233,3.264688652849315,3.622146236440667,1.2969488121089299,0.04785479344928775,5.1227903441173,8.344053877169145,-0.5629273278539926,1.3592639971618197,3.0265618836132817,3.2759829472825226,-1.302556172725123,0.7438732532465994,6.980315724664035,6.503774355624729,1.171078516531763,0.4382152271257723,6.698965683524297,1.2608181217211643,-0.2346224837607446,0.7459135956272612,5.185272025703962,4.252745482004223,0.049227611919947456,0.8666833031758404,2.5857056488467816,2.54969646273352,-0.2060169198671881,0.829744455871689,7.719680214555968,4.712638679555401,0.9819182708108869,-0.4520312936920357,5.385840350572285,2.071505853162503,-0.5425141699452585,0.27119477648723606
111,8.510313752272635,8.532240090858323,-0.5192344556394931,-0.1401789112903282,1.924406515489587,4.662342799252665,-0.11595854304000151,-0.3361334315064184,9.139287914581807,5.093756517826131,-0.09914452303464157,0.0017702594316662793,2.246027772233531,8.481503783827888,-0.40957447295276905,-0.0004817890209614373,8.773387067164988,0.6894954529514249,-0.019897793731323075,0.5487401879624818,6.337120454762875,0.9304539520270968,-0.4004543568133358,-0.48519730346661016,2.302529980490343,8.922286679714771,0.9644812355142541,0.22502748815863102,8.092144714512903,2.5447506831939397,1.3949295266805366,-0.3282512380423959,2.7086945583245754,2.5777192237351145,0.948291523560345,-0.8548967006268883,1.465699565109293,3.041390958870345,0.33041590915558017,-0.22001340938647695,5.971560911157167,8.586841451506654,-0.3338096170438078,-0.3788233700885099,3.3295360934547618,3.6245389761131315,1.1969488121089298,-0.015567771724883564,5.0946439777246,8.412017077027237,-0.5559594107584306,1.3444428985893377,2.9614340749770256,3.3131766099448527,-1.3632159510679889,0.6258132874538528,7.038869650490623,6.525685116981017,1.271078516531763,0.5382152271257723,6.68723455933626,1.2981138015025273,-0.3346224837607446,0.6738690218021477,5.18773340629996,4.296079647163015,0.03596871525046091,0.84706284698927,2.575404802853422,2.5911836855271044,-0.10601691986718809,0.929744455871689,7.768776128096512,4.690037114870799,0.9502239559836559,-0.4213505840918981,5.358714642075022,2.085065591986865,-0.5295611630748192,0.26757660698170954
112,8.48435202949066,8.525231145293807,-0.515169351035076,-0.12362830012476143,1.918608588337587,4.645536127677344,-0.10013968206668901,-0.34731169135125634,9.134330688430076,5.093845030797715,-0.0867921735534392,0.005323199061552845,2.2255490485858926,8.48147969437684,-0.3601446674715808,0.09951821097903857,8.772392177478421,0.716932462349549,-0.015904317488650472,0.5379829721482616,6.317097736922208,0.9061940868537663,-0.3554388265260398,-0.392722667766478,2.3507540422660558,8.933538054122703,0.9159900243770142,0.12502748815863102,8.16189119084693,2.52833812129182,1.372526342176172,-0.3233342914089589,2.7561091345025925,2.53497438870377,0.848291523560345,-0.7548967006268883,1.482220360567072,3.0303902884010214,0.3385973130219365,-0.21375667382821217,5.954870430304976,8.567900283002228,-0.33822780398096813,-0.39484575844735736,3.389383534060208,3.6237605875268875,1.12411120865819,0.050336972753412756,5.066846007186679,8.479239221956703,-0.5470515306541484,1.3267180455604957,2.893273277423626,3.3444672743175454,-1.2632159510679888,0.5258132874538528,7.102423576317212,6.552595878337305,1.171078516531763,0.6382152271257723,6.670503435148223,1.3318072525926348,-0.40282162503031693,0.6241981654248263,5.1895318420624825,4.338432789512479,0.022847527227677127,0.8259561983210637,2.5701039568600628,2.637670908320689,-0.006016919867188081,0.829744455871689,7.816287325895694,4.668969585666204,0.9168333698866938,-0.3903701009998624,5.33223658392128,2.0984444223359504,-0.5151672457565268,0.26328055025922054
113,8.458593561938907,8.519049730287568,-0.5097803540792831,-0.10685847861256449,1.9136016042342525,4.628170543109781,-0.08481577015935611,-0.35714237417848,9.129991079752404,5.094111190750792,-0.07449360224245591,0.008865933674694041,2.2075418152123136,8.486455604925792,-0.30267431701167347,0.18010614755136056,8.771596961603988,0.743831610956962,-0.012068901454853903,0.5260107939689939,6.299325795595906,0.8865579534654424,-0.32610705858969274,-0.31409348048574726,2.3965535434849063,8.939789428530634,0.8578809719043596,0.02502748815863101,8.230517507955739,2.512171406721372,1.3471635119427328,-0.3178636525132687,2.79852371068061,2.4972295536724256,0.748291523560345,-0.6548967006268883,1.4991502262181688,3.019702454709611,0.34531923854320623,-0.20770123469634555,5.937959040105928,8.54815799507986,-0.3419501482328737,-0.40981812534951184,3.445589094493118,3.626277436164558,1.0947124803255814,0.15033697275341276,5.039493430653971,8.545575124234729,-0.5364612394140998,1.3061775121473338,2.8301124798702264,3.370757938690238,-1.1632159510679887,0.42581328745385283,7.1609775021438,6.584506639693594,1.071078516531763,0.7382152271257723,6.650362353896708,1.3630171608638761,-0.45283598623147736,0.5869359663764119,5.190674218423866,4.379730599428532,0.009872130134824403,0.8034688591699235,2.569803110866703,2.6791581311142734,0.09398308013281192,0.8147427567153706,7.862128994390029,4.649451080616211,0.8818744473550841,-0.35919911852296155,5.306478221633454,2.1116084498489114,-0.49941037830118096,0.25833991429143166
114,8.433104544234942,8.51370680635694,-0.5031226709435962,-0.08990673271681418,1.9093608157262847,4.610313424400857,-0.07001022325667339,-0.36561266788080776,9.126266399640281,5.094554487434527,-0.06231782367341161,0.01238998095637285,2.19240809936173,8.495460912303361,-0.2423580016020878,0.24083917210467387,8.770993516531245,0.7701321506554117,-0.008416096499899984,0.5128844824274471,6.283020442666421,0.8708532794411551,-0.3052273297285674,-0.24454524962996266,2.4394475920801244,8.941040802938566,0.795383112001239,-0.074972511841369,8.297875683552876,2.4962782240957084,1.3189920264208785,-0.3118386645459478,2.835938286858627,2.464484718641081,0.848291523560345,-0.5548967006268883,1.516416188145329,3.009317392974794,0.3506530717987192,-0.2018990123260275,5.920861532694284,8.527667088812384,-0.34483837272689727,-0.42372447892100107,3.500324718509397,3.633794284802229,1.0965368468719914,0.25033697275341277,5.012670368683266,8.610883999842095,-0.5244553948672648,1.2829715040706209,2.771951682316827,3.3920486030629307,-1.0632159510679886,0.32581328745385285,7.214531427970388,6.621417401049883,0.9710785165317629,0.8382152271257722,6.627720554585134,1.3923639591826968,-0.49184198563178805,0.5572338272834049,5.1911678249306075,4.419904042387028,-0.0029249384462649557,0.7796953430931226,2.574502264873344,2.719895268950042,0.19398308013281193,0.9147427567153705,7.906222716757783,4.631491124690062,0.845497865038889,-0.32792588319808774,5.281507702718395,2.1245254455634828,-0.4823736946275461,0.2527802743619746
115,8.407948410687762,8.509211469721098,-0.49525233238039185,-0.0728095613133102,1.905860304563451,4.592032791006817,-0.05575119267042816,-0.37272293286230185,9.123150508456611,5.0951739864823455,-0.05033171335255721,0.015886203474869385,2.1802901992816253,8.507502870908596,-0.1815535898837095,0.28710126828864424,8.77057271170625,0.7957763747767841,-0.004969954051742636,0.49866719629537926,6.267759076179993,0.858626016959657,-0.2892377538471258,-0.18147745251694164,2.4792167476801863,8.937292177346498,0.7308904856953149,-0.17303623255671136,8.36382528487392,2.480686290868411,1.288168525145674,-0.3052605599133503,2.8783528630366444,2.4367398836097367,0.9178386426262877,-0.45489670062688836,1.5339488417352651,2.9992224423584926,0.35466300147131935,-0.19639236164347293,5.903619614057939,8.506480864866335,-0.3467909719499203,-0.4365923396638425,3.5551515608529964,3.6463111334398994,1.117996868156994,0.3503369727534128,4.986447598939903,8.675032575045625,-0.5112628643311771,1.2572960701551927,2.7187908847634277,3.408339267435623,-0.9632159510679886,0.22581328745385285,7.263085353796976,6.663328162406172,0.8710785165317629,0.9382152271257722,6.603128455303545,1.4202256505468671,-0.5233645299450763,0.5324050002650134,5.191021578008294,4.458888809541684,-0.015500027498663053,0.7547295970013198,2.5842014188799847,2.7656324067858105,0.29398308013281194,1.0147427567153706,7.948497610009728,4.615094830530158,0.8078590277583635,-0.29663490491586875,5.257389017987018,2.1371644592815815,-0.46414746988292815,0.2466239344704109
116,8.383185794068742,8.505570991655432,-0.4862257489824706,-0.05560217552193676,1.9030727449299296,4.573396644363702,-0.04207828937364941,-0.37849037122807144,9.120633922788983,5.095968296656089,-0.03859771800084529,0.019345646100512457,2.17121251978744,8.521857934323029,-0.12110705911880246,0.32280642529533543,8.770324214003663,0.820709734591553,-0.001752165319555628,0.4834241298080342,6.253297188487637,0.8495521443338099,-0.27618003527786217,-0.12333809571701215,2.5157612719649523,8.928640365718662,0.6652861772028595,-0.2594720535770944,8.428233711131204,2.4654232628727435,1.2548576516519132,-0.2981337995411882,2.924244795167959,2.4139950485783923,0.9159689440522127,-0.3548967006268884,1.5516819918088312,2.989402824276319,0.35742435520617566,-0.19124809528847503,5.886280065460443,8.484651247883143,-0.3477739659305801,-0.4484718034340539,3.611051404260846,3.66382798207757,1.1503294047926635,0.4503369727534128,4.9608844557233445,8.737897378553384,-0.49704541221446763,1.2293726164767866,2.670630087210028,3.419629931808316,-0.8632159510679887,0.12581328745385284,7.306639279623564,6.710238923762461,0.771078516531763,1.0382152271257723,6.576960228806291,1.4468459005601177,-0.5493328693567283,0.510804812177452,5.190246576633361,4.49662528939175,-0.02779872491802663,0.7286762858315508,2.5989005728866252,2.816369544621579,0.3939830801328119,1.1147427567153707,7.988890561397646,4.6002630852843645,0.7691177039647168,-0.2654054718862249,5.234181644492872,2.149495656005102,-0.44481121639316434,0.2398848722397594
117,8.35887450661962,8.502790882879335,-0.4760998039084351,-0.03831944239737868,1.900968830461247,4.554472125802298,-0.029027188706787995,-0.38294390156222646,9.118704036888941,5.096935578961115,-0.027174106166486953,0.022759005389347997,2.1651571668315,8.537998255587794,-0.061077475041329814,0.35070731641337194,8.770236605737685,0.8448809410819548,0.001216904188314522,0.46722390665965896,6.239488186723744,0.8433852395479593,-0.2648983238235312,-0.069142690504495,2.549025580825095,8.915666763039807,0.5986705603296104,-0.3369393891452005,8.4909765937138,2.450516572895684,1.2192284431954432,-0.29046666913568103,2.9700432423705694,2.396250213547048,0.8513368396581923,-0.2548967006268884,1.56955320956914,2.9798404195118953,0.35900410265121285,-0.1865042401679308,5.868891367163913,8.46222765771144,-0.3478267531809443,-0.4594106447359619,3.668567874500479,3.6863448307152407,1.187236596844065,0.5503369727534128,4.936032185112621,8.799366009377223,-0.48189246503007027,1.1994187596624368,2.6274692896566285,3.4259205961810086,-0.7632159510679887,0.025813287453852835,7.345193205450152,6.762149685118749,0.671078516531763,1.1382152271257724,6.549493585338454,1.4723861411689902,-0.5708891521876291,0.4913604430170514,5.18885664038746,4.533059103683328,-0.039766939680174106,0.7016415465180919,2.6185997268932657,2.8721066824573476,0.4939830801328119,1.2147427567153708,8.027346446595882,4.586992811690053,0.7294333360852047,-0.23431284117106552,5.211941083673214,2.16148989961709,-0.4244497145863605,0.23257810636109758
118,8.335069516424198,8.500874910759466,-0.46493142282037403,-0.020996285714373404,1.8995174710259077,4.535324930724187,-0.016630912554330232,-0.3861194096877831,9.117345331580617,5.098073529230582,-0.016113999032731925,0.02611650254331079,2.1621032930794333,8.555533621408463,-0.0011958030791347982,0.3726411185707985,8.7702974509471,0.8682421364149377,0.003918226491862159,0.45013874464002623,6.226243270532567,0.8399281050227345,-0.25467673768121885,-0.018239622851645168,2.5789591088415755,8.898819793582547,0.5308217675843633,-0.4071886591493308,8.551938015873572,2.4359932394389,1.1814527034032376,-0.2822722550855938,3.012610084353479,2.383505378515703,0.7513368396581923,-0.1548967006268884,1.5875034147017006,2.9705152075034986,0.3594530848532684,-0.1821682173784413,5.851500029504866,8.439257125474642,-0.3470464319783163,-0.46943479244905306,3.7279297043426824,3.7138616793529113,1.2243192611649585,0.6503369727534127,4.911937561861118,8.859336947360346,-0.4658372225552193,1.1676266962027582,2.589308492103229,3.427211260553701,-0.6632159510679887,-0.07418671254614717,7.37874713127674,6.819060446475038,0.571078516531763,1.2382152271257725,6.5209491277290725,1.4969541633198429,-0.5887530573255708,0.473339412530073,5.186868293403451,4.568141181009233,-0.05135225245762942,0.6737309572866368,2.6432988808999065,2.932843820293116,0.5939830801328119,1.3147427567153709,8.063818113400142,4.5752771696315,0.6889629562763854,-0.2034286916028097,5.190718597943896,2.173118804935145,-0.40315816671422894,0.22472094382820335
119,8.311822945283179,8.499825096473748,-0.4527770544263925,-0.0036680055735008564,1.8986859253981911,4.516018960239798,-0.0049229331815638325,-0.38805876338394,9.116539631628982,5.0993793543577475,-0.0054642964341937664,0.029407953910044478,2.1620435029254765,8.574165677337003,0.05903243837955291,0.38985002299342125,8.770493362271692,0.890749073646939,0.006334589271224841,0.4322442291371838,6.213509433648507,0.8390161238801522,-0.24505723925775977,0.029816444216197405,2.6055001972207936,8.87846036062508,0.46129830580585035,-0.47138123459444997,8.611010651043735,2.4218796266846203,1.141703769289371,-0.27356901977160075,3.0501769263363885,2.375760543484359,0.6513368396581923,-0.054896700626888395,1.6054760689443641,2.9614067966345767,0.3588106986924304,-0.17822350995234884,5.83414770790595,8.415785385852189,-0.3455620529849491,-0.47854084508043226,3.7891456674009305,3.746378527990582,1.2586471737045608,0.7503369727534127,4.888645700733357,8.917718282170483,-0.4488826233826928,1.1341547947167203,2.55614769454983,3.4235019249263936,-0.5632159510679887,-0.17418671254614718,7.407301057103329,6.880971207831326,0.471078516531763,1.3382152271257726,6.491511474862794,1.5206211339463465,-0.6034034445445109,0.45622422992527295,5.18430068078057,4.601827728873565,-0.06250400081024376,0.6450493237448153,2.672998034906547,2.9985809581288847,0.6606055197862947,1.3466997984806708,8.098266261213961,4.565105735051359,0.6478598254980972,-0.17282134263043125,5.170560689608184,2.184354852126555,-0.3810429775510512,0.2163334143836066
120,8.28918409256186,8.499641696195072,-0.43969211170563655,0.013629242824288474,1.898439778739113,4.496616022070601,0.006060170591298198,-0.388810734811089,9.116266416807273,5.10084975205325,0.004735227553235898,0.03262292850164921,2.164995124844454,8.593658178486674,0.12030263149477471,0.40314911393159625,8.770810091735253,0.9123612851037982,0.008451273940063841,0.41361881250053895,6.201256571685619,0.8405069460909621,-0.23574064494761268,0.0753378363625635,2.6285651125110863,8.854891298895359,0.38946327035154205,-0.5302566865018185,8.668095839508203,2.4082011756960404,1.10015538621754,-0.26438094832692977,3.082743768319298,2.3730157084530146,0.5513368396581924,0.04510329937311161,1.6234166038789857,2.952495621136959,0.3571208648314579,-0.17463739693814745,5.816869605256702,8.391858343598168,-0.34350987658778953,-0.4866997185667046,3.8520780260861587,3.7838953766282524,1.2519171112230123,0.8262587649320445,4.866201569564223,8.97442602190632,-0.43102622335647345,1.099130294144995,2.5279868969964303,3.4147925892990862,-0.46321595106798874,-0.2741867125461472,7.430854982929917,6.947881969187614,0.37107851653176305,1.4382152271257727,6.461341302635568,1.5434323454426102,-0.6151755054628396,0.4396393699272789,5.181175480740058,4.634080195060806,-0.0731732879099258,0.6157010261002382,2.706028310895862,3.0659159480529183,0.698033567042811,1.3276856327013142,8.130659252488867,4.556464667919838,0.6062724786183515,-0.1425559190227724,5.151508540730632,2.1951715228457354,-0.3582197959298183,0.2074385829407302
121,8.267199486976578,8.500323158336286,-0.42573068081633414,0.0308574731396443,1.898742787268678,4.477175485330046,0.016288599999515537,-0.38843468670863346,9.116503178184935,5.1024808984783325,0.014452162088185706,0.035751037065037856,2.171010256419193,8.613815634183254,0.18353186956291578,0.4130005466592127,8.771232655432255,0.9330422257288251,0.01025685066490088,0.39434339968187354,6.189469539438238,0.8442738379090903,-0.22652854240396847,0.11854928536152737,2.648038276028663,8.828378464570267,0.3144634736529161,-0.5842076669647305,8.723103608819079,2.394982128279694,1.0569804792234714,-0.2547369157350265,3.110310610302208,2.37527087342167,0.4513368396581924,0.14510329937311162,1.6412726471205585,2.9437637512900516,0.3544604084909686,-0.1713472790698596,5.799694111427312,8.367523357669832,-0.3410161008832372,-0.49386699899422487,3.9146738816473095,3.8252083148748546,1.2142711515834066,0.880650651752616,4.844650258396399,9.02938253661357,-0.4122779169126218,1.0626574697143352,2.5048260994430307,3.401083253671779,-0.36321595106798876,-0.3741867125461472,7.449408908756506,7.019792730543903,0.2603322479755669,1.4772363117199592,6.430582527362426,1.5654143139389742,-0.6243150478870421,0.42330727726276807,5.1775168163445615,4.664865246365817,-0.08331733114967411,0.585789512426472,2.7409299892480026,3.132300229687984,0.798033567042811,1.2276856327013141,8.160972876419784,4.549336871968699,0.5643434728727212,-0.11269432237259562,5.133597550934141,2.2055434519927717,-0.3348087195226471,0.19806662076167736
122,8.245912952935761,8.501866031993268,-0.4109451982100216,0.04797516966944183,1.8995572172686537,4.457753750994614,0.025738489557027858,-0.38699201746079326,9.117225786289344,5.104268450331585,0.023661119103997326,0.03878197644508454,2.1801868498973387,8.634465661516215,0.24991254950740216,0.4195170210635709,8.771745497965501,0.9527593957129188,0.011743498404247057,0.3745008187822849,6.17814311231804,0.8502013021771666,-0.21728883898575882,0.1596174602977259,2.663761449711309,8.799168081222032,0.235176058522242,-0.6332824479932396,8.775952632780252,2.382245282492943,1.0123495723065294,-0.2446698242921304,3.1328774522851175,2.3825260383903255,0.3513368396581924,0.24510329937311162,1.658995667545107,2.9351963873365587,0.350937387377177,-0.16826388037339632,5.78264330638315,8.34283000772012,-0.3381874146589109,-0.49999474578441977,3.9753874392264796,3.8692408474624855,1.1748638563698135,0.9325743503849175,4.824036362550768,9.082515410099287,-0.3926685602278181,1.0248271463900656,2.4866653018896314,3.382373918044472,-0.2632159510679888,-0.4741867125461472,7.462425521155284,7.093654546129901,0.16033224797556692,1.377236311719959,6.399366774968074,1.5865796778021126,-0.6310111452609796,0.40702056704190415,5.1733509497870775,4.694154721987141,-0.09290588430217227,0.5554119238769961,2.780831667600143,3.19368451132305,0.898033567042811,1.127685632701314,8.18919005006342,4.543702155850069,0.522207915454574,-0.08329557259967846,5.116857114958009,2.2154467830308557,-0.3109294114423288,0.18825773040499816
123,8.22536569302526,8.504264790476741,-0.3953931883544726,0.06492903450773019,1.9008441417465052,4.438404150121575,0.034393829368685964,-0.38455827321317587,9.118408842244545,5.106207549153839,0.0323478861923858,0.04170517228598329,2.192682477372709,8.655441512569393,0.3209937923446211,0.4223911343302489,8.772332672885714,0.971484436652033,0.01290826970906741,0.35417414033976935,6.167278670368752,0.8581821751920529,-0.20793276452835252,0.19866791238095927,2.6755202526374213,8.76750395882237,0.15012566657098458,-0.6771137103564044,8.826570111395577,2.3700117912783365,0.9664312211003218,-0.2342166991195925,3.150444294268027,2.3947812033589813,0.2513368396581924,0.3451032993731116,1.6765425369139657,2.9267831933178887,0.3466741762690445,-0.16526262278688475,5.765733935650204,8.3178302704309,-0.3351030896187643,-0.5050387605277737,4.03413063204497,3.9158695649817314,1.1337473778073714,0.9821491146027213,4.804402934539377,9.13375676741879,-0.37225046112510735,0.9857254198180341,2.473504504336232,3.3586645824171644,-0.16321595106798878,-0.5741867125461472,7.470442133554062,7.162516361715899,0.06033224797556691,1.277236311719959,6.367816217705025,1.6069307061542077,-0.6354136196338406,0.39062060643520014,5.168705655571969,4.7219253181809915,-0.10192183821555127,0.5246615346077063,2.8257333459522838,3.250068792958116,0.998033567042811,1.027685632701314,8.21530044583615,4.5395373772200855,0.47999640018905126,-0.05441909103286096,5.101310644385893,2.2248596695511056,-0.28669112828087506,0.1780567458930809
124,8.205596033607536,8.507511242202128,-0.37915064835560813,0.08164928410852718,1.9025638332149395,4.419176236460916,0.042245286962049,-0.3812086512656732,9.120026236554164,5.108292807768138,0.04051307058718912,0.04450567398027503,2.20873216698994,8.676561069285905,0.39878947465100323,0.4207283915282024,8.772978086371166,0.9891931436690214,0.013752652697745366,0.3334448871649783,6.1568820321423345,0.8681155708111008,-0.19840426829463487,0.23579845085787526,2.6830265359659706,8.733648273304551,0.05737669237668286,-0.7147482154847914,8.874891672450593,2.3583009563223567,0.9193909404790324,-0.22341931909185042,3.1630111362509368,2.412036368327637,0.15133683965819242,0.44510329937311166,1.693876245727418,2.9185200621785445,0.3418180641017049,-0.1622100569602922,5.748978781169266,8.292578332404512,-0.3318073554329214,-0.5089624606742031,4.0908180009353385,3.9649770207118675,1.0910405268783563,1.0293835867687995,4.785790411483122,9.183043038409691,-0.35109168744894714,0.945439103374854,2.4653437067828325,3.329955246789857,-0.06321595106798877,-0.6741867125461471,7.473458745952841,7.226378177301897,-0.039667752024433095,1.177236311719959,6.336045536723333,1.6264617364759677,-0.6376486516791504,0.37398264060644226,5.163609563661192,4.748158394911377,-0.11035887156792676,0.49362508102341146,2.875635024304424,3.3014530745931814,1.098033567042811,0.927685632701314,8.239300265845602,4.536816422668442,0.4378360515185949,-0.026130071465405493,5.086976087971849,2.2337625068457596,-0.2622007797347663,0.1675090068816792
125,8.186638501189757,8.511593706407554,-0.3622946461927052,0.09806130626892867,1.904676097563042,4.4001158038976325,0.04929292666261762,-0.37701631340539626,9.122051890083524,5.110518091467152,0.04816152037791543,0.0471687250766326,2.22867164072249,8.697597488862314,0.48589917382128966,0.4127271365889245,8.773665719006054,1.0058653880272703,0.014282192160185364,0.31239326314461513,6.146961818727603,0.8799054933539946,-0.18867065177404402,0.2710898828055893,2.685895370584805,8.697910862530312,-0.04262330762331715,-0.7443274907620114,8.920861219474544,2.347129990367764,0.8713896738076956,-0.2123208674784872,3.1705779782338466,2.4342915332962924,0.05133683965819241,0.5451032993731116,1.7109671489325031,2.91040955933053,0.33653078567472067,-0.15897688922392014,5.73238841339762,8.267130209370801,-0.3283270582346739,-0.5117383746917499,4.145370027279256,4.016446200050307,1.0469168322132973,1.074227697663989,4.768235827110675,9.230314993578434,-0.329276483383685,0.9040588624057364,2.462182909229433,3.2962459111625497,0.03678404893201123,-0.7741867125461471,7.471475358351619,7.285239992887895,-0.1396677520244331,1.0772363117199588,6.304163104139375,1.6451608685062897,-0.6378262489295575,0.3570075856964051,5.1580916200827955,4.772839648962547,-0.11821897380404789,0.46238097377542364,2.930536702656565,3.347837356228247,1.198033567042811,0.827685632701314,8.261192068421531,4.535509919095172,0.3958460581351035,0.0015107898853497226,5.073866048985111,2.2421379571898434,-0.23756056101316095,0.15666085133919977
126,8.16852376888012,8.516496771721,-0.3449025467697737,0.11408759242445235,1.9071407438961727,4.381264988227363,0.0555475981279642,-0.37205108025884964,9.12445996610242,5.112876527720983,0.05530169136770275,0.049680490058024336,2.2529665994135546,8.71823384569176,0.5856023597977601,0.39511041830757127,8.774379828614064,1.021485051184501,0.014506298339901056,0.2910973004654171,6.137528286138901,0.893459987494274,-0.17871659526869568,0.30461316987672177,2.683764205203639,8.660694487992211,-0.14262330762331715,-0.7625195384694154,8.964430703164929,2.33651394699384,0.8225834241075777,-0.20096497927048618,3.173144820216756,2.461546698264948,-0.04866316034180759,0.6451032993731116,1.7277936882162392,2.902460714869334,0.33097663253835985,-0.15545665936971748,5.715972060485886,8.241543290636214,-0.32467618791213143,-0.5133494642312335,4.1977158688899205,4.070157584933507,1.0015945998863802,1.1166056857630817,4.7517720029414905,9.275517936698721,-0.3068998166040313,0.8616800467701868,2.4640221116760337,3.2575365755352426,0.13678404893201124,-0.8741867125461471,7.464491970750398,7.3391018084738935,-0.2396677520244331,0.9772363117199588,6.272271791692898,1.66301124779111,-0.6360452874210762,0.3396146607358096,5.1521806713925935,4.795958697651319,-0.12551665864434777,0.4309952866353267,2.9904383810087056,3.389221637863313,1.2980335670428111,0.727685632701314,8.280984371328286,4.5355854585894395,0.35413808506995104,0.028446798279507753,5.061988020934453,2.2499709997568034,-0.21286703614882227,0.14555877674261983
127,8.151278641541632,8.522201151342223,-0.3270510286790127,0.12965033872739803,1.9099181238025709,4.36266243421442,0.061031482270695755,-0.3663788064510754,9.127225050670804,5.115360552223884,0.061945071076808404,0.05202861340291875,2.2822467174034426,8.737989366607138,0.6856023597977601,0.36217201064913196,8.775105143531059,1.0360399162077718,0.014437914966216015,0.2696321390945586,6.128592456375466,0.9086906459881101,-0.16854019471295928,0.33643495494958797,2.676633039822473,8.62256851106874,-0.24262330762331716,-0.7635649946009273,9.005559874370308,2.3264656980303156,0.773123095477539,-0.18939490418121555,3.1707116621996656,2.4938018632336036,-0.1486631603418076,0.7451032993731116,1.7443425198431572,2.894687881900848,0.32530633709164986,-0.15158838743235747,5.69973825109028,8.215875817424653,-0.3208598705395959,-0.513789162109571,4.24779559888424,4.125987869221661,0.9553299984850534,1.1564361607951161,4.736427012111289,9.318601939037231,-0.2840618671276806,0.8184026829063423,2.4708613141226343,3.213827239907935,0.23678404893201124,-0.9741867125461471,7.452508583149176,7.387963624059892,-0.3396677520244331,0.8772363117199589,6.240469527321844,1.6799919808279005,-0.6323965986646535,0.32173557347458204,5.1459048384603765,4.817508461983085,-0.13228549734586031,0.3995159644895941,3.055340059360846,3.425605919498379,1.368405363795842,0.6143832357208077,8.298691275581783,4.5370077985034145,0.31281668541505103,0.05462485289115358,5.051344669127012,2.2572489385939343,-0.18821053496330878,0.13424858962320713
128,8.134926090107681,8.528683668278592,-0.3088149151274122,0.14467439654444925,1.9129696979161057,4.344343493891866,0.06577759836947625,-0.36006097792199176,9.130322304224643,5.11796198289403,0.06810568460876809,0.05420259960641521,2.3165268353933306,8.756097967139596,0.78560235979776,0.3045718716123055,8.77582703927937,1.0495215231624997,0.01409308549485049,0.2480694650636413,6.120165446639818,0.9255123937355895,-0.15815042369287818,0.3666220336584374,2.6645018744413074,8.584390261338694,-0.34262330762331716,-0.7380730497873754,9.044216029144184,2.3169959528212547,0.7231545020714891,-0.17765284552162186,3.1632785041825753,2.5310570282022593,-0.2486631603418076,0.8451032993731116,1.7606078366977398,2.8871084625292305,0.31963054080741066,-0.14738048718375607,5.683695257563301,8.190186359319174,-0.3168772282149961,-0.5130607690500375,4.295562098808492,4.183809677261417,0.90841411919424,1.1936430739750277,4.722223918754905,9.359522073182548,-0.26086257845722693,0.774331619823963,2.482700516569235,3.1651179042806277,0.33678404893201125,-1.074186712546147,7.435525195547954,7.431825439645889,-0.4396677520244331,0.7772363117199589,6.208849697388612,1.6960787595016296,-0.6269647008315464,0.3033096718705188,5.139290563593083,4.837484260207565,-0.1385884386225178,0.3679642877021496,3.1237603275506385,3.4563250812844193,1.268405363795842,0.5143832357208077,8.314332109852536,4.539739041147972,0.2719797097230532,0.07999510897802185,5.041934142378847,2.2639613680750945,-0.16367485655235492,0.1227746015640705
129,8.119485344351311,8.535917388105815,-0.2902664083455995,0.15908993010388084,1.9162585778345795,4.3263404449957665,0.06982937676778425,-0.35314883413877,9.133727588455082,5.1206721128743515,0.07379932889361489,0.056194074161094926,2.3558069533832184,8.77132656072021,0.88560235979776,0.20915046869751402,8.776531693554112,1.0619249964156818,0.013490323493652763,0.226477347441509,6.112257925455173,0.9438434954185113,-0.14756564554923685,0.3952458770817042,2.6473707090601417,8.547486608849326,-0.44262330762331714,-0.6728378638878789,9.08037375424776,2.3081133105451737,0.672818249548138,-0.16577929367421895,3.150845346165485,2.573312193170915,-0.3486631603418076,0.9451032993731115,1.7765893637381103,2.8797394381700427,0.31397356591600295,-0.14293124819596603,5.6678513961525505,8.164533320866672,-0.31272441403857737,-0.5111766309869611,4.340982804768204,4.243491830960168,0.8611742122345027,1.2281608103918165,4.709180789832043,9.398238654173745,-0.23739908553064454,0.7295758090353813,2.4995397190158353,3.1114085686533204,0.4367840489320113,-1.1741867125461471,7.413541807946732,7.470687255231887,-0.5396677520244331,0.6772363117199589,6.177501462347034,1.7112442430951555,-0.6198288353918957,0.2842805753360657,5.132361141661957,4.855882474592672,-0.1445364763526527,0.3363207673652888,3.1871805957404304,3.4820442430704595,1.1684053637958418,0.4143832357208077,8.32793109533869,4.543738796596873,0.23171820419600986,0.10451079262574277,5.033750399551229,2.270100098153298,-0.1393377282515228,0.11118160103391933
130,8.104972023934032,8.54387188461101,-0.27147448483851727,0.17283384545043418,1.9197500466729687,4.308683003288828,0.07322376227492068,-0.3456641756485418,9.137417554899763,5.123481816582406,0.07904216192856467,0.057996358788200766,2.4000870713731066,8.781784084155086,0.98560235979776,0.10915046869751402,8.777206209728796,1.0732488637877573,0.012649021796213201,0.20492070181348063,6.1048796431777115,0.9636057892725965,-0.13681490172760796,0.4223895995784506,2.6252395436789757,8.513844715654932,-0.5426233076233171,-0.5728378638878789,9.114014666725167,2.2998243458614627,0.6222486152178196,-0.15381242297156902,3.1334121881483945,2.6205673581395703,-0.44866316034180764,1.0451032993731115,1.7922880420339105,2.8725928757602444,0.3082071095225162,-0.1384494148333005,5.652215175450622,8.138974489317324,-0.30839576506371097,-0.5081579407560413,4.38404151537993,4.304899871479758,0.8139870041583464,1.2599306159711021,4.697310835555511,9.434717444625514,-0.213762737399918,0.6842480965838337,2.521378921462436,3.052699233026013,0.5367840489320113,-1.2741867125461472,7.38655842034551,7.504549070817885,-0.639667752024433,0.5772363117199589,6.1465100205774394,1.7254582718619589,-0.6110667401391285,0.2645960516535236,5.125134317844324,4.872698512960937,-0.15031977962537588,0.3044955857265164,3.2456008639302225,3.5027634048564997,1.0684053637958417,0.31438323572080773,8.33951700554849,4.548964336228161,0.19211501743900472,0.12812733829263745,5.0267835131386525,2.275659178204994,-0.11527975830439492,0.09952601837845608
131,8.091398299692106,8.55251357688353,-0.2525046338728345,0.1858512974651947,1.9234112347867147,4.291399794506401,0.07599168715981905,-0.33762769683023824,9.14136966299619,5.126381634521816,0.08385155841458934,0.059605108786993356,2.4493671893629947,8.787241607589962,1.08560235979776,0.009150468697514014,8.777838660818606,1.0834948988784314,0.01159014093315353,0.18346050228555918,6.098038898091331,0.984725269251519,-0.12593602478010665,0.4481479107901788,2.59810837829781,8.485202822460538,-0.6426233076233171,-0.47283786388787896,9.145127097486057,2.292133724712884,0.5715752547529762,-0.141788283902751,3.110979030131304,2.672822523108226,-0.5486631603418076,1.1451032993731116,1.8076983975100362,2.8656704050185793,0.30201846118360337,-0.13419687938520142,5.636795387197436,8.113566592279522,-0.3038852954519996,-0.5040323093515466,4.424740865587847,4.367896402278314,0.7673126094025192,1.2888876442312174,4.686622698685515,9.468929849454707,-0.1900385674584004,0.6384661567101382,2.5482181239090367,2.9889898973987057,0.6306636490537836,-1.3609788248764807,7.354575032744289,7.533410886403883,-0.739667752024433,0.47723631171995895,6.115956683570483,1.7386880744446351,-0.6007496680634623,0.24420052271743395,5.117618328863055,4.887923292247263,-0.15624621944886413,0.27231117909723745,3.2990211321200147,3.51848256664254,0.9684053637958417,0.21438323572080772,8.34912275642044,4.555370703142793,0.1532469948051556,0.15080308186295038,5.021019525223433,2.2806354791239167,-0.0915732435340793,0.08786447754211116
132,8.078773067998464,8.56180614175679,-0.23341959633083448,0.19809491661126544,1.9272108191447057,4.274518409664889,0.07815770994676513,-0.3290580547143816,9.14556224091692,5.1293618899611655,0.08824577613791539,0.06101824906609181,2.5036473073528827,8.787699131024837,1.18560235979776,-0.09084953130248599,8.778418167865263,1.0926679239927093,0.010335707979666814,0.1621538696763865,6.091742096852325,1.007132664791028,-0.11497679969124297,0.47263098846246027,2.565977212916644,8.461560929266144,-0.7426233076233171,-0.372837863887879,9.173705860223706,2.2850443105177467,0.5209233144459173,-0.1297407498043362,3.0835458721142137,2.730077688076882,-0.6486631603418076,1.2451032993731117,1.8227993205692163,2.858960561049319,0.29491129387612924,-0.13041267719598207,5.621601122424837,8.088364976811945,-0.2991876360263455,-0.4988330807342507,4.463106496057972,4.432340784489875,0.7217518070551064,1.3149427094032229,4.6771207703125945,9.500853157290214,-0.16630449521779692,0.5923514323867771,2.5797513063617257,2.920940956154882,0.7306636490537836,-1.2609788248764806,7.317591645143067,7.557272701989881,-0.8322097535472796,0.37723631171995897,6.08591920016731,1.7508981005805069,-0.5889408112459136,0.22303109223722364,5.109806017890612,4.901538851202124,-0.16281845749508309,0.2394613484723621,3.347441400309807,3.5292017284285806,0.8684053637958418,0.11438323572080772,8.356785106160698,4.5629108572359405,0.11518508879168349,0.17249924585062376,5.0164408630467285,2.2850287030010223,-0.06828192461279298,0.0762536616829782
133,8.067102088181922,8.571710887587354,-0.21428085441945813,0.20952322178197835,1.931118704642044,4.25806550692917,0.07973886071508796,-0.3199699057724537,9.149974529723815,5.13241280241447,0.0922438550459669,0.062235850728930696,2.5629274253427705,8.783156654459713,1.2199705505818983,-0.190849531302486,8.778934953264246,1.1007756174765286,0.008908392478614559,0.14105416281404565,6.085993256867763,1.0307642142141509,-0.10399732080089981,0.495968725540441,2.5288460475354784,8.44291903607175,-0.8025011587353407,-0.272837863887879,9.199752025946001,2.27855727302753,0.47041358415836143,-0.11770162095935824,3.0511127140971235,2.7923328530455374,-0.7294943430077674,1.310663192250269,1.8375448852630227,2.85243992718952,0.28631027841309603,-0.1272156525801424,5.60664174062352,8.063423322775233,-0.29429798338627516,-0.4925971308090003,4.499194086410728,4.498087919960036,0.6781529657654013,1.3379493843279686,4.668805545551705,9.530470728909552,-0.14263391291769176,0.5460299778015529,2.616284488814415,2.857892014911058,0.8306636490537835,-1.1609788248764805,7.275981157465703,7.576134517575879,-0.9000570278101316,0.277236311719959,6.056472159605014,1.7620496551923681,-0.5756930326377768,0.20101286328828769,5.101665095015858,4.913511918625742,-0.17086817617012684,0.20545110456875998,3.390861668499599,3.534920890214621,0.7684053637958418,0.014383235720807713,8.362544360600282,4.571535819528472,0.07799467214357243,0.19317992355651534,5.013026766816089,2.288841386085171,-0.04546140220206479,0.06474953783660703
134,8.056388045460949,8.582187048676452,-0.19515088749140888,0.2200996844049543,1.9351056476777984,4.242067011640548,0.08072244549326521,-0.3103586343940218,9.154586722476113,5.135524594950917,0.09586601344786261,0.06325929666634914,2.6239259528718653,8.773614177894588,1.1615987559637633,-0.29084953130248603,8.779380372888177,1.107828325617231,0.007330683338867876,0.12021053365172754,6.080793390827718,1.055562650491173,-0.09307638344066042,0.5183143982844826,2.4887209895987112,8.429277142877355,-0.77014627858179,-0.172837863887879,9.223272705153919,2.272672191979562,0.42016249147252743,-0.10570141813212085,3.014637996946735,2.8578660126580506,-0.7603207561298884,1.293024496209594,1.8518603991836775,2.846079144560513,0.27570859957215704,-0.12454355868622251,5.591926841454206,8.038793466234782,-0.28921020023936916,-0.4853633134880284,4.533101734698998,4.564985389176434,0.6378160058020631,1.357641610566906,4.661673849905821,9.55777222779963,-0.11909592605609304,0.4996321864632126,2.657817671267104,2.7998430736672337,0.9306636490537835,-1.0609788248764804,7.230978306075197,7.589996333161877,-0.9504438386506022,0.177236311719959,6.027687507973125,1.7721002983567824,-0.5610476812404439,0.17805076931145358,5.093121686207351,4.92378447385418,-0.1817932740082,0.16951547553127103,3.429281936689391,3.5356400520006614,0.6684053637958418,-0.08561676427919229,8.366444094207461,4.581194815706297,0.041736327641497546,0.21281138837264463,5.010753696705986,2.2920788629770015,-0.023163389376160016,0.053398029477105834
135,8.046630501086378,8.5931920328967,-0.1760973739392276,0.22979345279575975,1.9391417699524616,4.226549079920846,0.08109781342407296,-0.30022108728131236,9.159380023148506,5.138687559784235,0.09913287478742877,0.0640911161506249,2.6820058906700535,8.759071701329464,1.0615987559637632,-0.390849531302486,8.77974690705512,1.1138388522998173,0.005625417836542879,0.09966874674051006,6.076139571655685,1.0814783704053972,-0.0823120227485054,0.5398515191635219,2.450213675669622,8.420635249682961,-0.6876344206851901,-0.072837863887879,9.244280829727545,2.267387121072956,0.370282478461541,-0.09376872141026031,2.9766219591402407,2.92251723746853,-0.7881884377979496,1.27622842254889,1.8656458291622853,2.8398519666262017,0.2629751837827,-0.12224398622967993,5.5774663314422375,8.014525300560381,-0.28391698202679255,-0.4771730058760813,4.564992534989101,4.632867469704779,0.6028363075024806,1.3735313561607447,4.655719053603016,9.582753837122791,-0.09575991087287042,0.4532882189600581,2.7043508537197933,2.7467941324234095,1.0306636490537835,-0.9609788248764805,7.1834561141426665,7.598858148747875,-0.9860983539426803,0.07723631171995898,5.999635123911103,1.7810028368223552,-0.545024988611382,0.15402574263743726,5.084032022506942,4.932260247630744,-0.19801753834615926,0.1305207958719108,3.462702204879183,3.531359213786702,0.5927397882666287,-0.1856167642791923,8.368530910589536,4.59183538512493,0.006464962449472221,0.23136294451237344,5.0095955272371775,2.2947487644508566,-0.0014250019667230232,0.042243341119050676
136,8.037825632389417,8.604681705536489,-0.15719192268342677,0.23857799466791776,1.9431966606236653,4.211538025556781,0.08086546275522893,-0.2895663395619061,9.164336666887877,5.141892115591766,0.1020654860887675,0.06473529223491956,2.7350858284682418,8.73952922476434,0.9615987559637632,-0.490849531302486,8.780028177946948,1.1188222896368427,0.0038159967293246123,0.07947137873025853,6.072023970518259,1.1084709463635734,-0.07182711551912088,0.5608010327170941,2.415831954635362,8.416993356488568,-0.6034777390051416,0.019041057563997765,9.262794953650623,2.262698685002443,0.32088239670902846,-0.08193017405075903,2.9372125372503435,2.9863286585959745,-0.6708782802152556,1.3416118414561722,1.8787945883514203,2.8337397673147176,0.24830652199622713,-0.12016095418505994,5.563270482340898,7.990666650266577,-0.27841025182220164,-0.46806817579444004,4.5951343503642255,4.701544037512816,0.5767632076999587,1.3846819859605508,4.650931058059372,9.605418248070794,-0.07269650558722172,0.40712595627967374,2.7558840361724823,2.6987451911795857,1.1306636490537836,-0.8609788248764805,7.134151196445533,7.602719964333873,-1.006425652645212,-0.022763688280041022,5.972383874480534,1.788704123954227,-0.5276142681185507,0.12878643668287865,5.074131145589634,4.938786287424339,-0.2238471638463179,0.08688837057462878,3.4923391942925144,3.5220783755727423,0.5386087008517995,-0.27043957180240397,8.36885415871201,4.603403532350549,-0.027769609163603118,0.24880757868285547,5.0095242771388415,2.296860931506809,0.019736867390893354,0.03132734669254467
137,8.029966036255246,8.616610605269885,-0.13850806496457144,0.2464311768191494,1.9472399337614268,4.197059708578686,0.08003325119277441,-0.2784121977591529,9.169439941192316,5.145128880203512,0.10468541655479549,0.06519680218893324,2.7831657662664298,8.714986748199216,0.8651469505494539,-0.5491966196673369,8.780218977783413,1.1227958585733557,0.0019256404183150351,0.059657702023865306,6.068432614742303,1.1365109979994281,-0.061783142692034415,0.5814313210540363,2.385658067685105,8.417945409366768,-0.5347330045840262,0.05766599263957718,9.278839073486074,2.258602176299905,0.27206722733429656,-0.07021102053840758,2.9036686232395805,3.0534092506687833,-0.5522736156203629,1.3946303644656572,1.8912099144512318,2.8277317196054645,0.232103299231236,-0.11819744727586796,5.549349969749788,7.9672632414768545,-0.2726811371550819,-0.4580899875224319,4.6239725107492236,4.7707781368108435,0.5658138637888229,1.3891920931046084,4.647296232780011,9.625774545884777,-0.04997591151497871,0.3612685000778765,2.8124172186251717,2.6556962499357617,1.2306636490537837,-0.7609788248764805,7.083829913813272,7.60158177991987,-1.0075595584708015,-0.12276368828004103,5.946003161074606,1.7951434457883708,-0.5087666027902474,0.1021370522622532,5.062938787397318,4.94313070595307,-0.2671189785072069,0.03670841280733808,3.5192696293351045,3.508556396982622,0.49668493706551176,-0.3331122641958326,8.36746567825383,4.615843911284691,-0.0609220200783476,0.26512174788050596,5.0105111205083865,2.2984272988414363,0.04031625982293182,0.02068149063396648
138,8.023040633007017,8.628932164110843,-0.1201186697681724,0.25333688197145404,1.9512415963210654,4.183139098690728,0.0785988326408284,-0.2668109494981235,9.174674212020056,5.148388720312958,0.10701566986966903,0.06548148893480296,2.8264231137939024,8.68752691721585,0.7843515276313521,-0.5759089300430758,8.780315259804329,1.125778743674549,-2.214024265257764e-05,0.04026301640003774,6.065343457607701,1.16558256405213,-0.05239513739736378,0.6020679161492144,2.3589214174559037,8.420828708998746,-0.4818748703787387,0.06647048648968872,9.292442434852788,2.2550916252729847,0.2239389314131856,-0.05863577793463412,2.876054942458562,3.1231407688920663,-0.45227361562036295,1.2946303644656572,1.9028150794127936,2.821821847241671,0.21479320074711722,-0.11633922667024049,5.535715912892035,7.944358742100733,-0.26671957731313245,-0.44727655966765506,4.652263203938665,4.8402377414660736,0.5809637791443715,1.382924830683971,4.644797437204263,9.64383797088867,-0.027666849557979437,0.315833411644883,2.873950401077861,2.6176473086919376,1.3306636490537838,-0.6609788248764805,7.033451935889731,7.595443595505868,-0.981862701926912,-0.22276368828004103,5.920564830935094,1.8002502984014834,-0.488376983020446,0.07381874551222516,5.049582838471958,4.944966126593437,-0.34243046624200296,-0.021387469218411392,3.54410387618838,3.4919007837728304,0.4617083178611072,-0.381366964648741,8.364419577249912,4.629099998678717,-0.09294936909758277,0.28028580444669865,5.012526933499533,2.2994613733731346,0.060323101310793256,0.010314410889667044
139,8.017034699518609,8.641599008209417,-0.10209415513466144,0.25928567573783207,1.955171537953107,4.169798551215822,0.0765682344862728,-0.254837826470497,9.18002499551354,5.151662794759699,0.10907905403351184,0.06559529968102622,2.86564069017547,8.658731470713697,0.7169675944662314,-0.5839863741202109,8.780314152792196,1.1277918944945509,-0.002004558771749716,0.02131980017843649,6.062723700737833,1.1956859598595908,-0.0439554817029356,0.6231161572866148,2.334827673936967,8.42415223332323,-0.442576431312247,0.05846030740630883,9.303639381423448,2.252159836376253,0.17659520910052875,-0.04722770306437981,2.853441261677544,3.1878722871153493,-0.35227361562036297,1.194630364465657,1.9135547394501495,2.816004885908159,0.19674348278281625,-0.11462340432915187,5.522379934026378,7.9219949141173505,-0.26051486350285785,-0.43566459798788965,4.681311392895883,4.909383983000272,0.6259617756279893,1.3631477746204388,4.643414094726364,9.659629641470914,-0.005834572598136786,0.27092937017043023,2.94048358353055,2.5845983674481134,1.3964816080400233,-0.5475756736798585,6.984358800793386,7.584305411091866,-0.9171739473525397,-0.32276368828004104,5.896145981784072,1.8039412356770947,-0.4662648489127389,0.04349704039244172,5.032461315159858,4.943896753132517,-0.442430466242003,-0.08481014441460431,3.5671892920814354,3.4728324355403934,0.4309544791511964,-0.41922158782735275,8.359772108795033,4.643114288901051,-0.12381300964314601,0.29428387621190283,5.015543088565073,2.299977093917618,0.07977179474761392,0.00022715048034048328
140,8.011929991761876,8.654563291996308,-0.08450057617275963,0.26427602309894155,1.9589999496774206,4.157056659892298,0.07398434757435238,-0.2425833780829409,9.185478948215215,5.15494255974375,0.11089719889545925,0.06554398319375801,2.9014890698987816,8.629532152007686,0.6602403908380261,-0.5808752742693054,8.780213924853609,1.1288578845034727,-0.003999249561089348,0.0028583952230885924,6.060525926652686,1.2268417677239216,-0.03686538679640021,0.6450872305183583,2.3126988523713545,8.427075248693546,-0.4140021049574317,0.04108160244664781,9.312469141878474,2.249798451223034,0.13012947840721178,-0.03600829860741125,2.835827580896526,3.247603805338632,-0.252273615620363,1.094630364465657,1.9233919135892903,2.810273715691701,0.17825186304099913,-0.11308417878899904,5.509354190851235,7.900211684217956,-0.2540550421723571,-0.4232921472926276,4.7126094816772826,4.977541371731294,0.6666940754221474,1.3436960258172264,4.643122366096457,9.673176109979435,0.015461939905570966,0.22665608008142965,3.0103076639325512,2.5572195837641205,1.43710070903043,-0.42981571877286606,6.938500103425759,7.568167226677864,-0.8171739473525397,-0.4227636882800411,5.872832739338435,1.8061160876967168,-0.4421355099351233,0.010739070057495546,5.010339791847758,4.939656245911786,-0.542430466242003,-0.13521856777533914,3.588737016038995,3.451871356149026,0.40319852867491984,-0.44892798438882575,8.353581458312876,4.657828482711646,-0.1534792673581255,0.3071044857629721,5.019531678302453,2.2999884514416347,0.0986878833296061,-0.009579836411301836
141,8.00770496295324,8.667777093151255,-0.06739700448993508,0.26831643126410337,1.9626991670561382,4.144927490988151,0.07090224314075505,-0.2301419391546667,9.191023808159988,5.158219758903438,0.11249115257202079,0.0653318127653216,2.934501089440683,8.60048838829422,0.6115964394655962,-0.570941693301465,8.780013962375554,1.1290008042646271,-0.005985185849771192,-0.015093545607399957,6.0586826573128665,1.2590961292498395,-0.03169322669315545,0.6686328968320435,2.291998747123483,8.429129328815879,-0.39349893730442614,0.0186958400074456,9.318975615798834,2.247998036292663,0.08463049132136576,-0.024998280189001763,2.823213900115508,3.302335323561915,-0.15227361562036298,0.994630364465657,1.9323045067413402,2.804619506752251,0.15955739594151008,-0.11177415592919288,5.496651438742617,7.8790470768533245,-0.24732485039236873,-0.410198198461853,4.74594418544839,5.0447261730221555,0.7288206562556074,1.3110379289002836,4.643895463091735,9.684508913983507,0.03617050356305603,0.18310553594932485,3.0821626993840727,2.535728797825477,1.3371007090304299,-0.3298157187728661,6.897641406058132,7.547029042263862,-0.7171739473525397,-0.522763688280041,5.850725963841678,1.8066530411995916,-0.41553087466035143,-0.025024982110523675,4.983218268535658,4.93289531752302,-0.642430466242003,-0.10038148593608537,3.6088969424727413,3.4294249569295845,0.3777585219642214,-0.4720462567684832,8.345907494944969,4.673183706999795,-0.18191787926120334,0.31873924220134087,5.024466072468933,2.2995094596210697,0.11709532706421594,-0.019115670770319823
142,8.004335112728743,8.68119291471446,-0.05083383982387312,0.2714240494590958,1.966244279213176,4.133420394030417,0.06738622050746043,-0.21760841047925475,9.196648365788588,5.161486349541704,0.1138810744332379,0.06496108111764316,2.965080911413963,8.571941303629147,0.5688976381129388,-0.5567588959824004,8.779714703083066,1.1282461269842572,-0.007943006055453216,-0.032510781187621934,6.057097995978209,1.2925277740914416,-0.029260117826848488,0.6945978573582221,2.2723238002582615,8.430064120816251,-0.3788516184266031,-0.006132765093665886,9.323207140364902,2.246748122283213,0.040181972173838135,-0.014217627849566454,2.8156002193344896,3.3520668417851978,-0.05227361562036298,0.894630364465657,1.9402823765384158,2.7990307989557914,0.14084473495121702,-0.11073783973568821,5.484285196222999,7.8585371669302315,-0.24030671319705013,-0.39642149731281345,4.78238521826117,5.11027806946717,0.8288206562556074,1.2110379289002835,4.645703988269888,9.693664190780973,0.056245218395398214,0.1403632336828474,3.1490177348355943,2.519238011886834,1.2371007090304298,-0.22981571877286608,6.861782708690505,7.52089085784986,-0.6171739473525397,-0.622763688280041,5.829949420108661,1.8054017920940655,-0.3857423960407754,-0.06455220165942102,4.951096745223557,4.9278762432262155,-0.7424304662420029,-0.00038148593608536285,3.627784868570952,3.4058226440911605,0.35417833301477264,-0.4897489048564223,8.336811600981909,4.689120669109862,-0.20910150105524575,0.3291821795721706,5.030320838822144,2.2985536760825536,0.13501545260378112,-0.02839483175572243
143,8.001793420737549,8.694764117187415,-0.034852170058300436,0.27361836913875043,1.969613590238549,4.122539973506455,0.06351059659722783,-0.20506020749049989,9.20234241951025,5.164734403597587,0.11508554891184716,0.06443196334882174,2.99352579331961,8.544103358830027,0.5304767534949817,-0.5398451266232926,8.779317552780293,1.126620587924876,-0.009856469020964535,-0.049369799797665107,6.055634990086866,1.3272576669593528,-0.030786484388400738,0.724101219589433,2.2533812193369314,8.429757482561568,-0.36832003588256723,-0.03189916706920393,9.325216238973594,2.2460372408907348,-0.003138714849487703,-0.003685611597847768,2.8129865385534716,3.396798360008481,0.04772638437963703,0.794630364465657,1.9473246132859767,2.7934939069690072,0.12225850096835675,-0.10998476118027557,5.472269860563146,7.83871609206459,-0.23298590414599327,-0.3819955865505187,4.8238262510739505,5.170829965912184,0.9288206562556074,1.1110379289002834,4.648516249189658,9.700682352465115,0.07564532015297892,0.09851069767052469,3.210872770287116,2.5077472259481906,1.1371007090304297,-0.12981571877286607,6.830924011322878,7.489752673435858,-0.5171739473525397,-0.722763688280041,5.810662300306622,1.8021741820110944,-0.35167446329721497,-0.10885891846441076,4.913975221911457,4.927857168929411,-0.8424304662420029,0.09961851406391464,3.645493785221691,3.3813351988483396,0.33215382790939674,-0.502923416854873,8.326356525929146,4.70557977808847,-0.23500509252633034,0.3384284877413226,5.037071611452333,2.2971339344947674,0.15244761755530342,-0.0374265042096224
144,8.000050812234633,8.708445035644353,-0.019485866047533225,0.27492100860718127,1.9727891200684105,4.11228696313193,0.059343760465178544,-0.192561322438323,9.208096696955844,5.1679560017650275,0.11612229809371705,0.06374388613783467,3.020049630994359,8.517111102498863,0.4950840777956703,-0.5211002613353374,8.778824729329244,1.1241520979349928,-0.011710622301310616,-0.06564963921123554,6.054095665867446,1.3634627279388245,-0.038132997419524986,0.7586479778716446,2.234965217542803,8.428162524208108,-0.36058435976808967,-0.05772363954424063,9.32505930323112,2.2458529603108426,-0.04525865887450485,0.006578909689449916,2.8153728577724535,3.4365298782317635,0.14772638437963703,0.6946303644656571,1.9534375383343945,2.7879946689099935,0.1039011045549565,-0.10949715833785238,5.460620565355846,7.819616312737065,-0.2253535247321418,-0.3669527819135847,4.870267283886731,5.226381862357199,1.0288206562556075,1.0110379289002833,4.652298515197307,9.705607887348641,0.09433436545117167,0.05762456745386925,3.2677278057386374,2.501256440009547,1.0371007090304296,-0.029815718772866068,6.805065313955251,7.453614489021857,-0.41717394735253976,-0.822763688280041,5.793078577141761,1.7967312360878738,-0.3115875352242731,-0.15934637010686342,4.871853698599357,4.932838094632607,-0.9424304662420029,0.19961851406391465,3.6621014766171607,3.3561890280055957,0.31146781193701784,-0.5122493533499652,8.31460627130283,4.722501202475536,-0.259602736477022,0.3464766867869528,5.044693992330099,2.2952626092842863,0.16938037406159537,-0.04622227744850253
145,7.999076518932257,8.722191086074712,-0.00476271676414422,0.27535478943196956,1.9757563080916694,4.102658897010014,0.054939063991629136,-0.18015701202558257,9.21390281186053,5.171143196071919,0.11700693895246675,0.0628956076626027,3.0448038348841426,8.491056089432096,0.4618077061701067,-0.5010622299698798,8.778239198214179,1.1208696159744311,-0.01349186676530142,-0.08133149848968957,6.052189015996469,1.4013951268324067,-0.05424798054911047,0.8003135535804716,2.2169359995543987,8.425276342230896,-0.35466497836014976,-0.08309344755055584,9.322796370287394,2.246181905795315,-0.08610964681724023,0.016557754775565363,2.8227591769914353,3.4712613964550463,0.24772638437963704,0.5946303644656571,1.9586325935621423,2.782519810993101,0.08585083416562594,-0.10923757353130961,5.449352889119239,7.801268673641386,-0.2174048783577272,-0.3513264295672397,4.921708316699512,5.276933758802213,0.986364112615542,0.9110379289002833,4.657015233469866,9.708489115721335,0.11228031109719645,0.017776873295711954,3.319582841190159,2.4997656540709037,0.9371007090304296,0.07018428122713394,6.784206616587624,7.412476304607854,-0.3171739473525398,-0.922763688280041,5.777499200380547,1.7887639175825305,-0.26264424219124755,-0.21798830421806006,4.824732175287257,4.9428190203358024,-0.9172039650669634,0.29961851406391465,3.6776748672140114,3.3305765603380975,0.29199132935464306,-0.5182729072992887,8.30162613447898,4.739825036814884,-0.2828684101310186,0.3533289423435022,5.053163011033178,2.2929514954118613,0.18578671915242354,-0.054792346986231574
146,7.99883838309405,8.73595882554631,0.009294726726486489,0.27494351333449024,1.9785032612912508,4.093651046408735,0.05032851580411977,-0.16787124014340032,9.219753158808153,5.17428797645505,0.11775269435503245,0.061885335412958764,3.067894220192648,8.466002977933602,0.4299961157341503,-0.48005874531453163,8.777564604875913,1.1168030410499465,-0.015187968228156611,-0.0963986248728394,6.049476616969014,1.4414108045114302,-0.08403848089318476,0.8520404537091838,2.1992027506363914,8.421121669853369,-0.34984487219294463,-0.10771087722743022,9.318490887946531,2.2470097935340934,-0.12562819804313893,0.026233359527621264,2.835145496210417,3.500992914678329,0.34772638437963704,0.4946303644656571,1.9629251352704236,2.777057932316535,0.06816938333598556,-0.10915645831965516,5.438482645201352,7.783702352163024,-0.209139145966082,-0.3351523091879018,4.9710265223302885,5.322485655247227,0.886364112615542,0.8110379289002834,4.662629249024726,9.70937795938612,0.12945514475223494,-0.020964857702027932,3.3664378766416805,2.5032748681322605,0.8371007090304297,0.17018428122713394,6.7683479192199965,7.366338120193852,-0.21717394735253978,-1.022763688280041,5.764366988270985,1.7778645023716275,-0.2000309169575472,-0.2876334448523016,4.7788719770339085,4.957799946038998,-0.8172039650669635,0.3996185140639147,3.6922744336817437,3.3046629149731332,0.27367470266852484,-0.5214832029231858,8.287482713972429,4.75749148393206,-0.3047755461014384,0.35899076118862344,5.0624523469908,2.2902118780625496,0.20161697993481908,-0.06313996676052736
147,7.999303119430374,8.749706001213035,0.022668315040010434,0.273711167148033,1.9810196870814567,4.0852574844015646,0.045522086912976344,-0.15570986963913308,9.225640793525905,5.177382243225698,0.11836951554737021,0.06071132775796529,3.0893940259793555,8.442000040667876,0.3991929579472112,-0.45829526135838067,8.776805206464505,1.1119831098063047,-0.01678794509189644,-0.11083611178827407,6.045274692924354,1.4840128271968893,-0.13620530927667024,0.9181164545363824,2.181710507026744,8.415736125991996,-0.34560497729134415,-0.1314031545851057,9.312209478044375,2.2483214615104745,-0.163755515651326,0.03558893006244503,2.852531815429399,3.525724432901612,0.4477263843796371,0.39463036446565714,1.9663336044372228,2.7716001094005525,0.05090619571294728,-0.10919869332152816,5.428025687903048,7.766944736703629,-0.20055577272180308,-0.3184710773040931,5.0153447279610655,5.363037551692241,0.7863641126155421,0.7757364729926216,4.669102006262338,9.70832971650102,0.14583505235618213,-0.05853728218238322,3.408292912093202,2.5117840821936173,0.7371007090304297,0.27018428122713395,6.75748922185237,7.31519993577985,-0.11717394735253978,-1.1227636882800411,5.754365442423108,1.7634828301290124,-0.11511366078398838,-0.37249318509451645,4.73801177878056,4.977780871742193,-0.7240486649984033,0.4840480277596836,3.7059581688151697,3.278588754826974,0.25652037941948996,-0.5223885965727814,8.272243936667357,4.775441021991491,-0.3252977225396217,0.36347172158047014,5.072533195987541,2.2870548797245234,0.21678971333936112,-0.07125444339298229
148,8.000436535182375,8.763391559570437,0.03534401041345534,0.27168223892745247,1.9832957914271054,4.077471990919608,0.040513912669694625,-0.1436658836092374,9.231559269303274,5.180417809613596,0.11886449203562992,0.05937210034411498,3.1093536738767162,8.419085277599958,0.36908539908096505,-0.4359078917092685,8.77596580920991,1.106441304216891,-0.018282048003632593,-0.1246309030291748,6.038464427460521,1.5299186499237085,-0.22751780933527394,1.0048877212561613,2.164430258162177,8.40916596826274,-0.3415732830040806,-0.15407096108709864,9.304021702261808,2.250100908013597,-0.2004373983152951,0.04460821023744493,2.874918134648381,3.545455951124895,0.547726384379637,0.29463036446565716,1.9688789142228702,2.7661401747344763,0.03410147397634336,-0.10930757666032943,5.417997899266958,7.751021182838425,-0.1916542205341786,-0.30132742329666784,5.0546629335918425,5.401824375341872,0.6948705961782415,0.7994304902607345,4.676393758880147,9.7054028523919,0.16139968109217326,-0.09488102678808968,3.4451479475447235,2.525293296254974,0.6371007090304297,0.370184281227134,6.751630524484743,7.259061751365848,-0.01717394735253977,-1.2227636882800412,5.748609759383909,1.7448581708742865,-0.015113660783988375,-0.47249318509451643,4.7018093455306404,5.001983273130177,-0.651964249885919,0.5044965230051748,3.7187841877861443,3.252469324998335,0.24053449331899668,-0.5216028365639503,8.255979050540375,4.793614608070515,-0.34440804122825935,0.3667847454918791,5.083372681654509,2.2834921575548743,0.2311834390657902,-0.07910131110604116
149,8.002203735703048,8.776975671516809,0.04731239891902339,0.2688819007781591,1.9853214870605902,4.070288696739146,0.035291443608985694,-0.1317295556093534,9.237502493905055,5.183386414630801,0.11924144521747147,0.057865826185994465,3.1278079438307644,8.397289883014494,0.3394642882566431,-0.41299277545760044,8.775051706809728,1.1002097590654323,-0.01966240231445457,-0.1377710716829676,6.027088536993757,1.5801630359865166,-0.32751780933527397,1.1048877212561614,2.147351594011973,8.401462420208386,-0.33748708485458173,-0.17565738617803364,9.293999832346044,2.2523313185254694,-0.2356251320643766,0.05327567123724321,2.902304453867363,3.5601874693481776,0.647726384379637,0.19463036446565715,1.9705839879216873,2.7606747959014597,0.01778902109723235,-0.10942905771984811,5.40841518824025,7.735954811673592,-0.1824319938194322,-0.28376602921923333,5.0894064634007545,5.441795899854909,0.6188948543971116,0.8484906327336098,4.6844637429347555,9.700658801052496,0.176131795648088,-0.12993949340461391,3.477002982996245,2.5438025103163304,0.5371007090304297,0.47018428122713396,6.750771827117116,7.197923566951846,0.08282605264746024,-1.3227636882800413,5.7478540763447095,1.7212335116195607,0.08488633921601163,-0.5724931850945164,4.669211133036344,5.027208099280436,-0.5958447583624561,0.49459680290300095,3.7308109124520943,3.2263891831701375,0.22566337690393876,-0.5199592412996765,8.238758648478962,4.8119538453451085,-0.362080930021953,0.36894389826448365,5.0949318536077985,2.2795370919995723,0.2446349521966563,-0.08660718044120133
150,8.004569355649,8.790419766555717,0.05856788271037811,0.26533580363891296,1.9870860592410395,4.063702218958678,0.029845287027962714,-0.11989499805313862,9.243464566165928,5.186279705940101,0.11950117851210426,0.05619087936250424,3.1447811582435965,8.376640244241614,0.3101965668470542,-0.38962496771914656,8.774068586694005,1.093321205481284,-0.02092396467311852,-0.1502452742603305,6.0107126465269936,1.6354074220493247,-0.42751780933527395,1.2048877212561615,2.130477239769244,8.392679550899484,-0.3331632540502154,-0.1961306468025692,9.282218575742824,2.2549951020873316,-0.2692760798142608,0.06157628152043031,2.9346907730863445,3.5699189875714605,0.7053308593484097,0.09463036446565715,1.971473438976549,2.7552033430154674,0.001996276541789632,-0.10951398060957256,5.399293588549278,7.72176651021263,-0.1728862716162712,-0.26583444726832633,5.12035120612061,5.48422043149159,0.5538046014297889,0.9084692903178484,4.69327033271716,9.694161826382265,0.19001705252318032,-0.16365976633527082,3.5038580184477666,2.5673117243776873,0.43710070903042975,0.5701842812271339,6.7549131297494895,7.131785382537844,0.18282605264746024,-1.4227636882800414,5.75209839330551,1.6926088523648348,0.18488633921601164,-0.6724931850945164,4.639418895118221,5.051937939425586,-0.5510473893817567,0.4688300908886137,3.7420940812972914,3.2003912211051535,0.2116836694681458,-0.5186768265255949,8.220654601977865,4.830401040258333,-0.37829218298027056,0.3699640536386857,5.107163601217631,2.2752067329775123,0.2569762784978553,-0.0936770883192147
151,8.00749774978452,8.803686556737663,0.06910837101762916,0.26107038757253037,1.9885783235924377,4.057707469056021,0.02418088844484905,-0.10816549167566225,9.249439625091533,5.189089249908226,0.1196425042067806,0.05434637850952586,3.160290986585949,8.357158995855656,0.2812043585790758,-0.3658689596099467,8.77302238846035,1.0858089417682675,-0.022063136095458055,-0.1620428443964406,5.98933675606023,1.6956518081121328,-0.5275178093352739,1.3048877212561616,2.1138190770667333,8.382873018559355,-0.3284770481166997,-0.21547392974825363,9.26875477175211,2.258073916163353,-0.3013529894034981,0.06949561059924017,2.969957316053765,3.5746505057947435,0.6917395030293949,-0.005369635534342859,1.9715732528036385,2.749727643984989,-0.013252885217091396,-0.10951911154114649,5.390649274968465,7.708474787849214,-0.1630155832932582,-0.24758363143445652,5.148041436192099,5.5296438960074825,0.49607245625610125,0.9723028610007854,4.702771185343319,9.685978838065502,0.20304366192730425,-0.19599275636406346,3.5257130538992882,2.595820938439044,0.33710070903042977,0.6701842812271339,6.7640544323818625,7.060647198123842,0.2739136448264471,-1.4747783952777078,5.761342710266311,1.658984193110109,0.28488633921601164,-0.7724931850945164,4.611866525649133,5.075379443970016,-0.514031907226995,0.4343197970996312,3.7526782647706987,3.1744573797788735,0.19802078595614464,-0.5196256755194144,8.201739992828852,4.848899242940267,-0.39301826867646056,0.36986026670238903,5.120012415142524,2.2705228785615517,0.2681079253196948,-0.1002491149099685
152,8.010953168335401,8.81674007611629,0.07893493487577682,0.2561126987165039,1.98978736801468,4.052299194472238,0.01833400502413608,-0.09655372453198299,9.255421750301872,5.191806568833702,0.11966246826138514,0.05233246515304445,3.174351204514903,8.338865547875159,0.25245012221302937,-0.3417845055210767,8.771919231655577,1.0777067995484455,-0.02307694537334156,-0.1731530788760663,5.962960865593466,1.7608961941749408,-0.6275178093352739,1.2048877212561615,2.0973952246608984,8.372099322071943,-0.3233463033230049,-0.233679252771002,9.253687122281935,2.2615486966933154,-0.33182410076077223,0.07702039853531115,3.0045442912052347,3.574382024018026,0.6186274570855499,-0.10536963553434286,1.9709106085427839,2.7442516884079318,-0.02793399947855063,-0.10941360020318917,5.382498495803802,7.696095606277491,-0.15282086052779975,-0.229068742913533,5.172845059004905,5.578259039057522,0.4431868078558983,1.0362744005448614,4.712923368439684,9.676179200247299,0.21520240756399178,-0.22689344881185902,3.5425680893508096,2.6293301525004007,0.23710070903042976,0.7701842812271339,6.777750114623185,6.986908278359957,0.34652423151790146,-1.4594248719858545,5.775587027227111,1.6203595338553831,0.3848863392160117,-0.6724931850945164,4.586164930287783,5.097095433824998,-0.4822750677669971,0.3948632786574549,3.762579304068506,3.148476096002903,0.18343683649133413,-0.5258213497828271,8.182089079395029,4.867392256275386,-0.40623721778687466,0.3686468910859179,5.133417811408509,2.265510422816053,0.278058295221143,-0.10633097980340193
153,8.01489991507919,8.829545711052114,0.08805573723133385,0.25049195067723495,1.9907040682658868,4.047471508245639,0.01236584136068953,-0.08507464091515414,9.261404873714941,5.194423192091354,0.11955468640365913,0.050150749917555436,3.1869737106255545,8.321776322599105,0.22392477079641257,-0.31743011762198886,8.77076538438691,1.0690491456046423,-0.023963086745394113,-0.18356466307176128,5.931584975126702,1.821140580237749,-0.7275178093352739,1.1048877212561614,2.081227909494748,8.360415359433393,-0.3177204319262277,-0.2507441334208573,9.237095917243897,2.265399716620081,-0.36066366654281207,0.08413918278707228,3.035475664059512,3.569113542241309,0.5186274570855499,-0.20536963553434287,1.9695139085688564,2.738781008397772,-0.04202274493208471,-0.10918369695740272,5.374857452777412,7.6846421691318145,-0.14231347536587097,-0.21035244814665682,5.1950043993977,5.630072759084765,0.3934155872915812,1.098330852942674,4.723683488817883,9.664834527806706,0.2264851260405709,-0.25631991346442456,3.554423124802331,2.6678393665617572,0.13710070903042976,0.8701842812271339,6.79507632619908,6.913937034760664,0.44652423151790144,-1.3594248719858544,5.794831344187911,1.5867348746006573,0.48488633921601165,-0.5724931850945164,4.562051176899433,5.11683859775787,-0.45402796841240056,0.3526105350382563,3.771751145893073,3.1221850285137616,0.16528537048611497,-0.5423413437231156,8.161777218505685,4.885824600829682,-0.41793199176329854,0.36633925663355843,5.147320726169566,2.260193873825883,0.2870684446268268,-0.11204301971430868
154,8.019302701940758,8.842070308585976,0.09648613774219458,0.244240348963789,1.9913223603339212,4.0432177761998815,0.006343458730137124,-0.07373862870052555,9.267382608035124,5.196930729587232,0.11930839008951341,0.04780454364337801,3.1981699491653752,8.305904816718005,0.1956389037121622,-0.29286449840528195,8.76956723004964,1.0598709124510541,-0.024717892165063426,-0.19326572041298062,5.895209084659938,1.876384966300557,-0.8275178093352739,1.0048877212561613,2.0653418878984366,8.34787815276235,-0.3115725173839797,-0.2666696524361762,9.219062733916756,2.2696066757594346,-0.3878515005351808,0.09084357383367285,3.06140703691379,3.558845060464592,0.41862745708554994,-0.3053696355343429,1.9674127713222522,2.733321823549902,-0.05549859551992429,-0.10882988892221765,5.367741779009118,7.674124546724482,-0.1315194961297859,-0.19150112731670407,5.2146751787622785,5.684989301731899,0.3455879263890076,1.1572975813011324,4.735007745119912,9.652018532133484,0.23688439715568504,-0.2842327969852167,3.5612781602538526,2.711348580623114,0.03710070903042975,0.9701842812271338,6.817402537774975,6.845965791161372,0.5465242315179014,-1.2594248719858543,5.8190756611487116,1.5581102153459314,0.5848863392160116,-0.47249318509451643,4.5393497784788135,5.134469124509783,-0.42808892622790595,0.3088469528832934,3.7800154144173788,3.0950679613276058,0.1376374500519338,-0.5780257096666556,8.140880618917521,4.90414156366136,-0.4280936667766345,0.3629547048692398,5.161674148400907,2.2545917228401673,0.2957215780926624,-0.11769276081023844
155,8.024127008827868,8.854282326034166,0.10424702326690882,0.2373980382985489,1.991639533270428,4.0395308447648555,0.0003269155377317494,-0.0625504565696733,9.2733480275396,5.199320956769401,0.11890964661646596,0.04529693116876428,3.2079518943509835,8.291261591797742,0.16761730170852215,-0.2681479690137518,8.768331335441387,1.0502076264304052,-0.02533735656855158,-0.2022457843875049,5.853833194193174,1.926629352363365,-0.8607610076817258,0.9048877212561613,2.049763262029238,8.334544670140541,-0.30489297899617446,-0.28145997162591563,9.199670158889997,2.274148854451118,-0.4133721269706642,0.09712723400868471,3.0823384097680675,3.543576578687875,0.31862745708554996,-0.4053696355343429,1.964637841546256,2.727880329103791,-0.06834547175986083,-0.10835888675579625,5.361165804202629,7.664549490358646,-0.12047784585228571,-0.1725867297681023,5.231954575081729,5.7428541807969555,0.29893202404032515,1.2124911969644316,4.746851964977696,9.637806892284223,0.24639321978457124,-0.3105965480281541,3.5631331957053742,2.759857794684471,-0.06289929096957025,1.0701842812271338,6.84472874935087,6.782994547562079,0.6465242315179014,-1.1594248719858542,5.8483199781095125,1.5344855560912056,0.6542057573508362,-0.37249318509451645,4.517945332167418,5.149911472153947,-0.4036303790542439,0.2643853927807006,3.7868972869199755,3.066166675844273,0.08642067713851705,-0.648508817127444,8.11947593557869,4.922289298904822,-0.43672481334688446,0.35851152009112164,5.17646022730554,2.2487070847996553,0.3049672898218241,-0.12371284865117851
156,8.029339359991214,8.866152227949094,0.11135770596602486,0.23000596573957707,1.9916558790473147,4.036403321936372,-0.005634579791817968,-0.05151147057561561,9.279293509870422,5.201585803327839,0.11834494012088001,0.04263209207358516,3.2163327594364097,8.277854193347054,0.13989494936834354,-0.24334115898055542,8.76706446761296,1.04009533721103,-0.025816825634332536,-0.21049650936207018,5.810795143809088,1.971873738426173,-0.8179997367325694,0.8048877212561614,2.0345186130794293,8.320471671559245,-0.29768507338031175,-0.2951211685747101,9.179001552541465,2.2790052161515524,-0.4372136547480246,0.10298529205221985,3.098269782622345,3.5233080969111574,0.21862745708554995,-0.5053696355343429,1.961220567958263,2.7224623847660014,-0.0805519288556713,-0.10777727493904136,5.355141911910015,7.655920153870241,-0.10923064945330971,-0.15367376830815194,5.246901176283745,5.803478740645177,0.25295001885294566,1.2635121310220199,4.759171625966925,9.622277064882816,0.25500763983618535,-0.3353800422965057,3.5599882311568956,2.8133670087458276,-0.16289929096957026,1.170184281227134,6.877054960926765,6.725023303962786,0.7465242315179014,-1.059424871985854,5.881030265977055,1.5158608968364797,0.6438215723952206,-0.2724931850945165,4.497763813214706,5.163130741792982,-0.3800834777889159,0.21976830209420944,3.7912183207769012,3.0337412349879007,-0.01357932286148296,-0.748508817127444,8.097639694911345,4.940214874909378,-0.44383500101618795,0.3530272720687786,5.1917085917966315,2.2425214423670963,0.31647088667253376,-0.1307705286221461
157,8.034907245289515,8.877652526236073,0.1178360968525149,0.22210550550790856,1.9913741500577238,4.033827748407591,-0.011499332680506645,-0.040620070925207,9.285210756876467,5.203717407931518,0.11760181928076667,0.03981577786698084,3.223327506904827,8.265687135398025,0.1125138162717579,-0.21850516173404724,8.765773626331242,1.0295705117429266,-0.02615008092913267,-0.21801275816887264,5.769895156972459,2.012118124488981,-0.7648970642530238,0.7048877212561614,2.019634359410414,8.30571561313051,-0.28996145199791323,-0.3076612235890504,9.157140869804063,2.284154480754163,-0.4593661036065896,0.10841436117330296,3.1092011554766223,3.49803961513444,0.11862745708554995,-0.6053696355343429,1.9571929715154794,2.7170735210190493,-0.09211050261414443,-0.10708932715381762,5.349680379437349,7.648236465454834,-0.09782198214899493,-0.13482045149944086,5.259548677226393,5.866654347196278,0.20733744685225972,1.3101311919255922,4.771922007958734,9.60550806276799,0.2627265092118145,-0.35855681353807656,3.551843266608417,2.871876222807184,-0.26289929096957027,1.270184281227134,6.91438117250266,6.672052060363493,0.8465242315179013,-0.9594248719858541,5.913221344596816,1.502236237581754,0.6165091020301888,-0.18160906360942158,4.4787596393252604,5.174119156897693,-0.3570572109037952,0.17537409082759337,3.790539354633827,2.9963157941315286,-0.11357932286148296,-0.848508817127444,8.075447944860535,4.957866238512817,-0.44944189764680836,0.3465199352879881,5.207532136130258,2.235982915935989,0.3330311094458257,-0.1398373523310417
158,8.040799050132142,8.888757801511469,0.12369907624793346,0.21373804884649125,1.9907991834236984,4.03179674486133,-0.01723318936290144,-0.029871037062570764,9.291090847840504,5.205708196824867,0.11666926577935607,0.03685453449635049,3.2289531977184147,8.254761877311322,0.08552060733896574,-0.19370101834395556,8.764466122284785,1.018669873834483,-0.02633318613945103,-0.22479181824346264,5.731650303759808,2.047362510551789,-0.7228058003103887,0.6337447972591969,2.0051362868105183,8.290332551951057,-0.2817415868704566,-0.3190896627838562,9.134172564623734,2.289575198812828,-0.4798233608423289,0.1134114535589297,3.1151325283309,3.467771133357723,0.018627457085549942,-0.7053696355343428,1.9525874463847723,2.7117190546613585,-0.10301948563725939,-0.10629659763060488,5.344789280329899,7.641495442879862,-0.0862962198679505,-0.11607980612227384,5.2699155495690055,5.932160906792558,0.16193012393869888,1.352225271975204,4.785058333419324,9.587580222091086,0.26955146631052546,-0.3801050332933435,3.5386983020599385,2.935385436868541,-0.3628992909695703,1.370184281227134,6.9567073840785545,6.6240808167642005,0.9465242315179013,-0.8594248719858542,5.9440467996983255,1.4931557844012828,0.5890906924658931,-0.1340814094136074,4.46090677878007,5.182887861439073,-0.3342814779160385,0.13147809269985128,3.784860388490753,2.9538903532751566,-0.21357932286148296,-0.948508817127444,8.052975849978194,4.975192235277216,-0.45357210947037524,0.33900721061481415,5.2241836916025495,2.228991048319437,0.35908266236376063,-0.15217165893144602
159,8.046984003944539,8.899444703953794,0.12896281905432647,0.20494501246069058,1.9899375239555535,4.030303193008201,-0.0228065434634133,-0.019262399981689972,9.296924311129471,5.207550923549684,0.11553839356140419,0.03375541475469128,3.233229228085363,8.245076826394124,0.058964531892393035,-0.16898909376062332,8.763149462977813,1.0074302829223098,-0.026364097961369543,-0.23083271732978042,5.695510013744288,2.079049750414749,-0.7019126456179177,0.5895228401884609,1.9910492074669954,8.274378068811863,-0.27305026773401686,-0.32941753085630077,9.110181396581618,2.295245771490775,-0.4985832493150501,0.11797410074266225,3.1160639011851776,3.432502651581006,-0.08137254291445006,-0.8053696355343428,1.9474364721029094,2.706404224779828,-0.11327390896475978,-0.10539753064609197,5.340474469336502,7.635691452573748,-0.07469695624818799,-0.09750031327066015,5.278012055765941,5.999772170391318,0.11666702744611973,1.3897418131348411,4.798535906734851,9.568574970426418,0.2754866660446415,-0.400007234659527,3.52055333751146,3.003894650929898,-0.4504850360674386,1.4307561749925521,7.00403359565445,6.581109573164908,1.0465242315179013,-0.7594248719858542,5.97350133432162,1.4864517139306024,0.564295361729721,-0.1081311167045278,4.444192704884268,5.189461766074065,-0.311571207327909,0.0882930978598743,3.774181422347679,2.9064649124187842,-0.31357932286148293,-0.9781207758690207,8.030297244504675,4.992142595807957,-0.45626142758302113,0.3305067676216726,5.2421378247207375,2.221382465372865,0.40198050749780606,-0.16949198954259098
160,8.053432144897256,8.909691954576829,0.13364295292191936,0.19576763277379436,1.9887971967823828,4.0293400730091165,-0.028192865814950355,-0.008796688624101875,9.302701230807541,5.209238694287419,0.11420257836318896,0.030525528252141734,3.2361774546799826,8.236627371706092,0.03289592610235753,-0.14442868872900497,8.761831258079745,0.9958886470558208,-0.026242541902688668,-0.23613517524490513,5.660414381463392,2.108525892424172,-0.7157052980277919,0.5649131567001592,1.9773966940802945,8.257907192269048,-0.2639161815317388,-0.33865740243305675,9.085252234115865,2.301144476527908,-0.5156480759503135,0.12210070244843998,3.111995274039455,3.392234169804289,-0.18137254291445007,-0.9053696355343428,1.9417727766546713,2.7011343482475234,-0.12286456938986177,-0.10438627309164185,5.336739621524092,7.630816436910215,-0.0630660194375541,-0.07912763378701877,5.283845407138247,6.06925926104806,0.0715629861962584,1.4226756112562506,4.812310240037083,9.548574608693443,0.2805386468548412,-0.41825025695680496,3.498029085708088,3.0754324596795253,-0.5504850360674386,1.330756174992552,7.056359807230345,6.543138329565616,0.9465242315179013,-0.6594248719858542,6.001716102408106,1.481045158095376,0.541958956340717,-0.09377611470617038,4.428614144517873,5.193876420967059,-0.288801536675537,0.045989970596182206,3.7585024562046048,2.857558873625333,-0.4135793228614829,-0.8781207758690207,8.007484173125524,5.008667934189041,-0.4575559842511108,0.3210365880727248,5.262236850095628,2.2129078658957355,0.4752687780326641,-0.19428855966377445
161,8.060114292543352,8.919480336215518,0.1377548049538576,0.18624701207229083,1.9873875534916352,4.028900238577911,-0.0333684388618113,0.001516338409288106,9.308411359725701,5.210764970700025,0.11265798762118408,0.027171733552374552,3.2378222509851007,8.229405937269641,0.007364984184706845,-0.1200772975702421,8.76051913098461,0.9840818882935756,-0.025970172209273973,-0.24070023840663274,5.624629116562002,2.13677155025918,-0.7920716872580743,0.558736630656667,1.9642008850037076,8.240974322147395,-0.2543710836222267,-0.34682319455980826,9.05946983031835,2.30724951165033,-0.5310243038765096,0.12579007758450636,3.1029266468937324,3.3469656880275718,-0.2813725429144501,-1.0053696355343429,1.9356295481851782,2.6959150345929412,-0.13177682594610138,-0.10325309739752207,5.3335863205522145,7.626860055220864,-0.05144258047989139,-0.061006190307757,5.28742355644806,6.1403930416108725,0.026688411155418472,1.4510568969953996,4.826337172379825,9.527662095845603,0.2847161763373512,-0.434824881443134,3.470504833904716,3.141970268429153,-0.6504850360674386,1.230756174992552,7.103686018806241,6.510167085966323,0.8465242315179013,-0.5594248719858542,6.028814050225142,1.4763563523600676,0.5214196644893605,-0.08596290615802893,4.414174067684096,5.196175919496868,-0.26589099282218037,0.004713527429081404,3.7378234900615306,2.813652834831882,-0.5135793228614829,-0.7781207758690207,7.9846063739129685,5.024719763592677,-0.45751274992975244,0.3106162314769344,5.286000288997261,2.203193437912547,0.5752687780326641,-0.23026170093475162
162,8.067002032791045,8.928792686819133,0.14131966443590846,0.17641507862730496,1.9857191315485447,4.028976055498376,-0.03830443222653476,0.011668757765678535,9.31404425910676,5.2121235573776445,0.11089400429881621,0.023711929561284217,3.238190500194336,8.22340207239113,-0.017582280139168287,-0.09598873332844789,8.759220622374146,0.9720468763732439,-0.025549336889105777,-0.24452919958042757,5.585025532199099,2.164708381792013,-0.8920716872580743,0.5732793991902092,1.9514823308225964,8.223633162419404,-0.24445041836414075,-0.3539298591428952,9.032918615124524,2.3135390155295554,-0.5447213649718089,0.12904417146548652,3.08885801974801,3.2966972062508546,-0.3813725429144501,-1.105369635534343,1.9290407068878732,2.6907523797230652,-0.1400066031252905,-0.10197841774880606,5.33101419152822,7.6238097457054765,-0.039875007098976706,-0.043165352913139624,5.28875797700583,6.212945886460642,-0.017874815855423706,1.4749326694334528,4.840572981196693,9.505920851773446,0.28803003874947675,-0.4497215264000661,3.437980582101344,3.2035080771787805,-0.7504850360674385,1.1307561749925519,7.146012230382135,6.48219584236703,0.7465242315179014,-0.45942487198585424,6.05488503344961,1.4720582070521662,0.5020417606917831,-0.08192007191060709,4.400879518042987,5.196411595868322,-0.24280325554540746,-0.03542432409951415,3.7121445239184565,2.774746796038431,-0.5890022914015554,-0.6781207758690208,7.961730736416481,5.040250575166524,-0.45619006257165085,0.2992931920553649,5.314763727898894,2.1916803528658093,0.675268778032664,-0.2823146505130002
163,8.074068016012841,8.937613440750498,0.14435894223151946,0.16630498233311777,1.983803909937218,4.029559493386659,-0.04297161524583612,0.021654404006118025,9.3195889593217,5.213309153855708,0.10890110753714437,0.020164224430284223,3.2373113861873777,8.218602635724707,-0.04190059250877832,-0.07221543206823977,8.757943155529691,0.9598204163942226,-0.024984514326272036,-0.24762415172131552,5.540421947836196,2.1933723517515236,-0.9920716872580743,0.6006775188376143,1.9392598099043894,8.20593666946226,-0.23419045747433498,-0.35999421028392914,9.005682546875933,2.3199912241028295,-0.5567532452495192,0.13186592366034103,3.0697893926022877,3.2414287244741375,-0.4813725429144501,-1.205369635534343,1.9220403767316088,2.685653458835625,-0.14755435729340888,-0.10054005521782051,5.329020441173271,7.621651478059819,-0.02840660462894612,-0.025645009614263484,5.287864236213059,6.2866925199323145,-0.06201893444448624,1.494384623311719,4.854974483134167,9.483434775453443,0.2904928479576704,-0.46293507004658774,3.4004563302979722,3.2600458859284083,-0.8504850360674385,1.0307561749925518,7.18333844195803,6.4592245987677375,0.6465242315179014,-0.35942487198585427,6.079987121484199,1.4679622034566358,0.4833255545809943,-0.08003425342849248,4.388739355265717,5.194640379663347,-0.21952768720848398,-0.07432965924695603,3.682694409348379,2.74084075724498,-0.6251377770412176,-0.5800591153590404,7.938921233287898,5.055215234769292,-0.4536519765042082,0.2871212959477873,5.348527166800527,2.1775646203401595,0.775268778032664,-0.3440746777612923
164,8.081285963124417,8.945928689867154,0.14689400663843985,0.1559507563276452,1.9816553291749262,4.030642213586965,-0.04733871166670015,0.0314656762592016,9.325034014698558,5.214317365077223,0.10667110193811086,0.016547048631563192,3.235216356561939,8.214991864121295,-0.06554610686102447,-0.0488082812243158,8.756693929813379,0.9474392088081568,-0.024281067992777728,-0.24998871867943345,5.490818363473291,2.2234062276934043,-1.0920716872580742,0.5006775188376144,1.9275502870306727,8.187936958948063,-0.22362790418922662,-0.36503505606885506,8.977844884613457,2.3265845202858464,-0.5671371639861447,0.13425950756799382,3.045720765456565,3.1811602426974206,-0.5813725429144501,-1.3053696355343432,1.9146626588669384,2.6806264560747337,-0.15441837431498748,-0.09891217994569235,5.327600110941824,7.620369227579106,-0.017075693165507708,-0.008500940194750353,5.284763289490835,6.361411751097901,-0.10469335115693607,1.496341973689013,4.86949912553205,9.460288021951113,0.2921188405291184,-0.4744645933565608,3.3579320784946005,3.3115836946780357,-0.9504850360674385,0.9307561749925518,7.215664653533925,6.4412533551684445,0.5465242315179014,-0.2594248719858543,6.104153399213248,1.463960490785211,0.4648621081582209,-0.07925500368625003,4.377762970905293,5.1909238967009985,-0.19607362882111046,-0.11192290945228861,3.651437520496318,2.711837801477028,-0.6594498009205356,-0.49797212061809737,7.916238634462688,5.069571299566681,-0.4499665888803376,0.27416112605687476,5.387290605702161,2.160360886452095,0.875268778032664,-0.2440746777612923
165,8.088630663456339,8.953726227683536,0.14894606358932602,0.14538703146391196,1.979288393591591,4.032215497399926,-0.05137106645787188,0.041090626588202235,9.330367569795463,5.215144717508801,0.10419734010081438,0.01287928923367997,3.231939051218888,8.21255145006008,-0.08847695592339747,-0.025816506161182588,8.75547987641374,0.9349397728741852,-0.02344408536547345,-0.25162868299861046,5.436214779110387,2.2484401036352852,-1.1920716872580743,0.4006775188376144,1.9163688918212114,8.16968520614462,-0.21279957287978715,-0.36907332601306725,8.94948802641415,2.333297495664246,-0.5758922711698234,0.13623059205185248,3.0166521383108424,3.1158917609207033,-0.6543956441672052,-1.3497282470538237,1.906941740151189,2.675680847077449,-0.16058727139526935,-0.0970644300441177,5.326746326283549,7.619944180569369,-0.005916089274128239,0.008186849963144574,5.279528621932988,6.436228849782351,-0.1461708709182869,1.492861037235211,4.884105067558505,9.436564792283285,0.29292368116764844,-0.48431314182997187,3.3104078266912285,3.3581215034276632,-1.0504850360674385,0.8307561749925518,7.24299086510982,6.4282821115691515,0.44652423151790144,-0.15942487198585428,6.127396504621159,1.4599977406008986,0.44628807150543354,-0.07884790811563136,4.367959289464237,5.185327751228384,-0.17246649100732278,-0.14813678310135933,3.618465030450291,2.686939195446123,-0.7083671270239996,-0.4146816207265948,7.893740305018671,5.083279355869524,-0.44520412211638666,0.26047993496649563,5.431054044603794,2.1481571525640306,0.975268778032664,-0.1440746777612923
166,8.096077966635805,8.960995579256732,0.1505358383737664,0.13464862859452678,1.9767198402686974,4.034270028729336,-0.05503123773349188,0.050515201421698644,9.335577436800504,5.215788681970485,0.10147490180850575,0.009180112042790541,3.227515203422718,8.21126062475202,-0.11065263866179864,-0.0032875082667470253,8.754307672145465,0.9223583387242547,-0.022479034803857937,-0.25255246069393644,5.3766111947474835,2.268473979577166,-1.2920716872580744,0.3006775188376144,1.905728913177222,8.151231539843968,-0.20174167204618046,-0.37213176566605105,8.920693412855659,2.340109025266839,-0.5830395041648426,0.13778593327290567,2.983932356102482,3.048405348568012,-0.692417017320572,-1.3306234155931882,1.8989123765814255,2.6708276255752432,-0.16603949194140613,-0.09495999197406456,5.326450521819842,7.620353523067526,0.005041597308242824,0.024301433651276894,5.272220078387074,6.510871901644111,-0.18673319890007625,1.4883315196650724,4.898751251616888,9.412349135191786,0.29292459617343336,-0.4924881997710707,3.2578835748878565,3.399659312177291,-1.1504850360674386,0.7307561749925519,7.265317076685715,6.420310867969858,0.34652423151790146,-0.05942487198585428,6.149710908196431,1.456055345195117,0.4273021500064137,-0.07831432934859053,4.359335964913871,5.177920912073317,-0.14874548326468268,-0.18291610794254456,3.583046674099091,2.6662051144097934,-0.7838098595290088,-0.3173388118404285,7.871480098912851,5.096303352617849,-0.43943453682631894,0.2461504826550046,5.479817483505427,2.140953418675966,1.075268778032664,-0.044074677761292286
167,8.103604758554493,8.967728010686459,0.15168400221703476,0.12377043138622479,1.9739682783820227,4.03679578880042,-0.05828801855245553,0.059717209243517144,9.34065118189093,5.216247687572625,0.09850069733846227,0.005468600562594669,3.221982571489628,8.211096249338683,-0.1320348572019986,0.01873417526393582,8.753183720405273,0.9097307156895579,-0.02139227223500129,-0.25277121625280496,5.31200761038458,2.2835078555190464,-1.1920716872580743,0.2006775188376144,1.895641829574913,8.132624951560665,-0.19049007444699728,-0.3742343134422571,8.891541437647417,2.346998321930484,-0.5886015196904659,0.13893300250257348,2.9493115052364534,2.981874177788353,-0.5738873881504741,-1.3858763529701439,1.8906104019843553,2.66607962597654,-0.17073464636947577,-0.09256696717695354,5.326702601685254,7.62156859475009,0.015767903749219755,0.03967463669165955,5.26288341844207,6.585288477627365,-0.22632608128182785,1.482827199956762,4.91339748142556,9.387724725203231,0.2921403484245933,-0.49900069582203643,3.2003593230844847,3.4361971209269186,-1.2504850360674387,0.6307561749925519,7.28264328826161,6.417339624370566,0.2640633806851964,0.04057512801414573,6.171076015696752,1.4521396287276875,0.40770063589913463,-0.0773572732268886,4.351898690750637,5.16877510667619,-0.12495428334491641,-0.21621432861570936,3.543856181122641,2.650338173817772,-0.8838098595290088,-0.2173388118404285,7.8495083720715355,5.1086108767506,-0.43272599746150403,0.23124923450093895,5.533580922407061,2.1387496847879013,0.975268778032664,0.05592532223870772
168,8.111188958665345,8.973916532255771,0.1524113370340981,0.11278719206896703,1.9710538774544,4.039781649262596,-0.06111767653032632,0.06867022032560635,9.345576216757854,5.216521117600754,0.09527355036484605,0.0017635408882846772,3.2153808286295282,8.21203295810188,-0.15258793733929507,0.040207182679962705,8.752114106793522,0.8970921548769176,-0.020191270404225123,-0.25229893525826413,5.252404026021676,2.293541731460927,-1.0920716872580742,0.10067751883761439,1.886117325852563,8.113913235888552,-0.1790802191067053,-0.37540588273213105,8.862111361662894,2.3539449720556127,-0.5926025962587868,0.13967976512684227,2.9206171358289295,2.9125803601398457,-0.47388738815047415,-1.2858763529701438,1.8820736696658815,2.661451277617692,-0.17461847403651917,-0.08986995513436397,5.327490996872714,7.623552326584673,0.0262288869350647,0.05406224438247388,5.251567114377979,6.659429837625202,-0.2648545000773661,1.4764322178104785,4.928004498846789,9.36277469041213,0.2905912118488114,-0.5038645094403055,3.137835071281113,3.467734929676546,-1.3504850360674387,0.5307561749925519,7.295846457295871,6.419368380771274,0.1979602238492046,0.14057512801414573,6.191461047491709,1.448271765066343,0.3873444411836001,-0.07579741874323818,4.345650976583392,5.157964390245405,-0.10113825111661408,-0.2479915106500836,3.4996656881461905,2.63947123322575,-0.9838098595290088,-0.11733881184042849,7.827872072198461,5.120173338475647,-0.42514351635304126,0.2158547105889452,5.582344361308694,2.1415459508998365,0.875268778032664,0.15592532223870773
169,8.11880952551705,8.979555891859219,0.15273776498372435,0.10173414559824123,1.9679979936278837,4.043215160278876,-0.0634801699366705,0.07732642874199061,9.350339894276097,5.216609294645169,0.09179554865154803,-0.0019173874879059292,3.2077514317625635,8.214043317235877,-0.17227984164472235,0.061091273310811184,8.75110454327331,0.8844772081140044,-0.01888467393431586,-0.2511515075191559,5.197800441658772,2.298575607402808,-0.9920716872580743,0.0006775188376143826,1.8771633148972278,8.095142941751945,-0.16754696144451312,-0.37567477950444206,8.832481231849954,2.3609289603119548,-0.5950689975992776,0.1400342200182338,2.896922766421406,2.8482865424913384,-0.3738873881504742,-1.1858763529701437,1.8733427459640555,2.656957779860974,-0.17766423196724734,-0.08684333385960219,5.328802441219468,7.626255438803797,0.036373308239837324,0.06710458070285608,5.23832438937411,6.733251448515726,-0.3021643606486979,1.46925038681423,4.94253405943923,9.337581464940113,0.28829816993144536,-0.507097198272176,3.070310819477741,3.4942727384261736,-1.4379315002793422,0.4270281027103493,7.305744468488331,6.426397137171981,0.1363571136367298,0.24057512801414574,6.2108282695508885,1.444481894129181,0.36624757052506485,-0.07363429152947054,4.340594064027561,5.1455648147129,-0.07735458916847253,-0.2782129165182726,3.45047519516974,2.633604292633729,-1.0838098595290089,-0.017338811840428486,7.806614896380808,5.130966074005094,-0.4167497870250176,0.20004554951005507,5.6261078002103275,2.149342217011772,0.775268778032664,0.24634336660498837
170,8.126446413766235,8.98464259913913,0.15268308505994835,0.09064656230732664,1.9648239851310503,4.047081481715976,-0.06534161933226552,0.08564277486777776,9.354929671708675,5.216513425270773,0.08807165661498995,-0.005558694425772011,3.1991374396803276,8.217097880901417,-0.19108085655102025,0.08135027431579085,8.750160309576595,0.8719196327380466,-0.017483619784120826,-0.2493465587625468,5.148196857295868,2.2986094833446886,-0.8920716872580743,-0.05544079161787732,1.8687859668250022,8.076359202776723,-0.15592426704846843,-0.37506907791253113,8.80272778196999,2.3679306713128665,-0.5960306859536474,0.1400039399263872,2.8782283970138822,2.788992724842831,-0.2738873881504742,-1.0858763529701436,1.8644595343656931,2.6526156131679937,-0.1798661869070672,-0.08352418358111151,5.33062110663146,7.62961066783894,0.04611129467766704,0.07827118767687793,5.223216171341676,6.806713967856438,-0.33800221908353906,1.46142208136274,4.956948967935802,9.312226605026504,0.2852840931097462,-0.5087189587256665,2.9984142444637736,3.515624143561691,-1.4671960441824798,0.3119868073096722,7.312562324170167,6.438425893572688,0.06861074601417756,0.34057512801414574,6.229140648077141,1.4408001795527074,0.34449738800654406,-0.07095517876556648,4.336726334569137,5.131654168886986,-0.05365682767116338,-0.30684816754177335,3.3962847021932894,2.6327373520417074,-1.183809859529009,0.08266118815957152,7.785777407029557,5.1409683514805975,-0.4076053621902389,0.18389792248905534,5.664871239111961,2.161659385342021,0.675268778032664,0.2692565979050903
171,8.134080568019233,8.989174927254497,0.15226689819809985,0.07955904793024748,1.961556904164437,4.051363620459365,-0.06663343841864693,0.0935756654822014,9.359333254539424,5.216235490549485,0.08410855858798819,-0.009145797065365358,3.1895833968527767,8.221165394617206,-0.20896432572866963,0.10095002103160629,8.74928612858739,0.8594523047999193,-0.01600022032859131,-0.2469028233935429,5.103593272932964,2.2958374437637947,-0.7920716872580743,-0.090772818095821,1.8609897534725788,8.057605748881096,-0.1442447092617201,-0.3736187483095209,8.772926247672308,2.374930868309186,-0.5955206635767771,0.13959723157492468,2.8645340276063584,2.734698907194324,-0.1738873881504742,-0.9858763529701436,1.8554662250203398,2.648439403988938,-0.18125142859077484,-0.07996466944077112,5.332926671365343,7.633524227222784,0.05526603767509299,0.08677881863661967,5.206316060387499,6.879785071924575,-0.3719530104021384,1.4531520767121335,4.971213172591289,9.28679065709022,0.28157322515012456,-0.5087531615343871,2.9250544422546496,3.5312234839271746,-1.4484076926246707,0.2119868073096722,7.315992861470876,6.455454649973396,-0.01780486605143794,0.4405751280141458,6.246365517477469,1.437252420614429,0.3222184573991412,-0.06788680456871275,4.334043493185579,5.116311760509897,-0.03010392172077805,-0.3338743522725213,3.337094209216839,2.636870411449686,-1.283809859529009,0.18266118815957152,7.765397138920045,5.15016324760505,-0.39776814971641,0.16748749082877207,5.698634678013594,2.1751222152372756,0.6000484199185572,0.2718622043024765
172,8.141693912929137,8.99315287965101,0.15150903679166522,0.06850516973881814,1.9582252322435045,4.056042403733475,-0.06724551814381048,0.10106865505221943,9.363538682468823,5.215778200696216,0.07991397821210586,-0.012664282301413433,3.1791351805663433,8.226212895668786,-0.22590732330021165,0.11985850388680624,8.748486117570959,0.8471071636302422,-0.01444610132772756,-0.24383981348799366,5.063989688570061,2.2912988028590036,-0.6920716872580743,-0.11834475538682501,1.8537775180094929,8.03892481146562,-0.13253982063909772,-0.3713559157778452,8.743150214493468,2.3819107298879323,-0.5935746930059796,0.13882416682174006,2.8558396581988346,2.685405089545817,-0.07388738815047419,-0.8858763529701437,1.846403653590801,2.6444411705168993,-0.18187297795985125,-0.07621546826459423,5.335689973249098,7.637863168154615,0.06348506920440249,0.09147832429195343,5.187718409867392,6.952442675760182,-0.40332451512371315,1.444759265587254,4.9852918338487955,9.261352999013502,0.27719115878145334,-0.5072259307357564,2.852634057623416,3.5418228242926584,-1.3484076926246706,0.1119868073096722,7.315102618168304,6.477483406374103,-0.11780486605143795,0.5405751280141458,6.262476440347426,1.4338580803859935,0.2995171133895753,-0.06452688130372464,4.33253829709954,5.099618042896271,-0.0067586815815766955,-0.3592699622703124,3.2729037162403887,2.6460034708576643,-1.3838098595290091,0.28266118815957153,7.745508731434225,5.158537622146489,-0.3872918817325145,0.1508902360110841,5.7286370990095214,2.1887153254523994,0.5459102523795878,0.26726961864886756
173,8.14926936476872,8.99657813813795,0.15043016418894928,0.057517085027010424,1.954862956336314,4.061095836486086,-0.06703586945023406,0.10803986979478104,9.367534381379429,5.215144986581145,0.07549650808516321,-0.01609882702654451,3.167839814401333,8.232205820863125,-0.24189089170266537,0.1380466326398274,8.747763812504573,0.8349151729558425,-0.012832055003134972,-0.24017885780032291,5.029386104207157,2.2853815650896623,-0.5955239861576234,-0.14245116436852245,1.847150526977538,8.020357015676728,-0.12084040913024348,-0.3683141664777165,8.71347147984317,2.388851938229019,-0.5902297671297784,0.1376961019182254,2.852145288791311,2.6411112718973095,0.02611261184952582,-0.7858763529701437,1.8373100046928086,2.6406303971036698,-0.18179275079527143,-0.07232253201608196,5.338864226709318,7.642437084369212,0.07007539877307313,0.09070751454031448,5.167552184111206,7.024680639039544,-0.43095396979549105,1.436759783651222,4.999151391787868,9.235991702476714,0.27216507001705725,-0.5041655398535282,2.7852136729921826,3.547422164658142,-1.2484076926246706,0.011986807309672193,7.309212374865732,6.50451216277481,-0.21780486605143795,0.6405751280141457,6.277452296016905,1.4306317363208072,0.27648174127973907,-0.060949420836537184,4.332200363020461,5.081654544782755,0.016316596794384998,-0.38301478503559794,3.203713223263938,2.660136530265643,-1.4524769496785956,0.3745807131345155,7.7261441373476,5.166082133947043,-0.37622383898197725,0.13418457968079953,5.755932611628501,2.2020788063848427,0.5022767983238567,0.2598405795258015
174,8.156790872978167,8.9994539923893,0.14905161445763743,0.04662565891450514,1.9515111628638022,4.066497829975825,-0.06587501854958874,0.11439200820230323,9.371309206783687,5.214340045229818,0.07086611998520453,-0.019433534094970582,3.1557452698161996,8.239108152495117,-0.2569002662261169,0.15548805652752487,8.747122209754416,0.8229062300658263,-0.011167852026457509,-0.23594321942553453,4.999609904899276,2.2782590068712363,-0.5058889682304214,-0.16469259696398067,1.8411085065210258,8.001941307352842,-0.10917671547194388,-0.364528823446645,8.683959991486681,2.3957367433249304,-0.5855237044526183,0.1362254748938119,2.8534509193837874,2.601817454248802,0.12611261184952582,-0.6858763529701437,1.828220367153045,2.6370142705028656,-0.18106982646743366,-0.06831806198808288,5.342367996647972,7.646972460096228,0.07370693661535663,0.08212783818888787,5.1460044856214315,7.096518628222105,-0.4529016669289748,1.429993034980575,5.012759645288721,9.210783425484037,0.266523838356986,-0.499602597631427,2.722793288360949,3.5480215050236255,-1.1484076926246705,-0.08801319269032781,7.29832213156316,6.536540919175517,-0.317804866051438,0.7405751280141457,6.291276383080891,1.4275842652789803,0.25319207499186247,-0.05721225652049602,4.33301619286018,5.062503805530976,0.03906184213760344,-0.40508768908571374,3.1310893757800082,2.6788655659223686,-1.434472407064819,0.43850759784713395,7.707332945398501,5.172791362931083,-0.36460613409987797,0.11745116482727957,5.781046451544694,2.2150708353611326,0.46423299060912016,0.2512297196761273
175,8.164243453701049,9.001785275335026,0.14739486321388864,0.03586053605752222,1.9482174119363227,4.07221743038594,-0.06366846312254429,0.12002527833467425,9.374852512782947,5.213368368525069,0.06603446354046823,-0.022653195079182963,3.142900256504894,8.246882555321493,-0.27092393837586004,0.17215883423274214,8.746563817153092,0.8111090690945496,-0.009462789948486369,-0.2311575774506079,4.974315456487755,2.270024377023037,-0.4208055615989531,-0.1857073490519841,1.8356496707474286,7.98371486618051,-0.09757763297576867,-0.36003644379455507,8.65468380626405,2.402548017069621,-0.5794960926687331,0.1344257312486631,2.8597565499762636,2.567523636600295,0.22611261184952583,-0.5858763529701437,1.8191668758296733,2.6335983674034615,-0.1797389593328704,-0.06423290787849859,5.346053343478739,7.651078852005672,0.07190693197979921,0.06261896508021471,5.123359402274983,7.168018279971134,-0.46600453603842174,1.425776901338921,5.02608583720657,9.185803295602465,0.2602986037653086,-0.4935709923347602,2.6653729037297156,3.543620845389109,-1.0484076926246704,-0.18801319269032782,7.2824318882605885,6.573569675576224,-0.41780486605143796,0.8405751280141457,6.303935986830484,1.4247236524529554,0.22972597650422202,-0.0533625591706146,4.33496928496706,5.04224942107669,0.061419322142506616,-0.4254733415989226,3.0593657554267675,2.7007909458147252,-1.4153722416687713,0.4967105973436816,7.689102638693507,5.178663921172447,-0.3524796539276074,0.10077100208875389,5.80425810107515,2.227632321344939,0.42929147820782626,0.24212552379432672
176,8.171613196861744,9.003578302137901,0.14548152056136313,0.02525010299669963,1.9450339887801955,4.078218694302674,-0.06039206084350647,0.12485081813124863,9.37815423595997,5.21223570877111,0.061015076699096026,-0.025743237607646484,3.1293540595861007,8.25549049703313,-0.2839539006496094,0.18803719725070972,8.746090677655667,0.7995511902220193,-0.007725320576577538,-0.22584798161635963,4.953275178407807,2.260739009570438,-0.3390561618334632,-0.20575364402216825,1.8307707890986402,7.965713043990783,-0.08607088156542063,-0.35487504784689616,8.625709001630613,2.4092693036320543,-0.5721879008723546,0.13231122851797575,2.8710621805687397,2.538229818951788,0.32611261184952584,-0.48587635297014375,1.8101799278630297,2.6303867220095367,-0.17779470548921156,-0.06009158187073367,5.349648690077729,7.654209800259683,0.060272580374112227,0.028421738926964063,5.100059175473062,7.2393071250380805,-0.46530440634044246,1.4260055432711924,5.039100767394835,9.161124745985727,0.2535229652552115,-0.4861082514114007,2.612952519098482,3.534220185754593,-0.9484076926246704,-0.2880131926903278,7.261541644958017,6.615598431976932,-0.5178048660514379,0.9405751280141457,6.315422285655695,1.4220555244944246,0.20616329128273814,-0.04944074267423048,4.338040251074185,5.020975753996744,0.08333203812382425,-0.4441600138173381,2.9885971433433287,2.7256264756819095,-1.395692422779308,0.5495840800063494,7.671478655997126,5.183702471276884,-0.33988443409466185,0.08422552479847507,5.825722674985541,2.239738597534655,0.3961344493157704,0.23283094685198694
177,8.178887272889812,9.004840807287737,0.14333338126395964,0.014821083611900161,1.94201438573802,4.084461235209236,-0.05612512691122931,0.12883423958504123,9.381204989794925,5.2109485468907275,0.055823035416440875,-0.028690194777727673,3.1151563645536204,8.264892356895665,-0.2959849827498555,0.2031036897280929,8.74570441162684,0.7882587911412012,-0.005963829584244612,-0.2200414621826048,4.936322370316134,2.2504513273693294,-0.260010903895641,-0.22492652559784826,1.8264672450203692,7.9479692915984375,-0.07468258374345338,-0.3490833282135857,8.597099606586994,2.415884865057953,-0.5636424461958149,0.12989701332684647,2.887367811161216,2.5139360013032808,0.42611261184952587,-0.3858763529701438,1.8012901925885692,2.6273821429160003,-0.17519652043136058,-0.05591552480438958,5.352662319096435,7.655630887206032,0.03143643754062424,-0.024119223081729986,5.07679395515604,7.31060740220164,-0.4434584049292736,1.4329496303421083,5.051776915657595,9.136819333415158,0.24623368569055443,-0.47725612578011545,2.5655321344672486,3.5198195261200764,-0.8484076926246704,-0.38801319269032786,7.235651401655445,6.662627188377639,-0.6178048660514379,1.0405751280141458,6.325730450219832,1.4195834873607132,0.18258274697477633,-0.04548118900824211,4.342206852980376,4.998767753305877,0.10474692321475394,-0.4611421433067285,2.9188125222043633,2.753105679682227,-1.2956924227793079,0.6495840800063494,7.654484434292393,5.1879137475168084,-0.3268606708497292,0.06789496649895224,5.84552939745133,2.2513801448772544,0.3640372672202472,0.223484407762988
178,8.18605394195301,9.005581861468333,0.14097238532836137,0.004598294562337374,1.9392081293924586,4.090902947188488,-0.05105715154819257,0.13202993238560531,9.383996141565747,5.209514037151841,0.05047495122655712,-0.03148177742164848,3.1003571154161276,8.275047541382069,-0.3070146488987877,0.21734093017065623,8.745406220147627,0.777256718032071,-0.004186539391496602,-0.21376595256290948,4.923321825121352,2.239205001089437,-0.18335833018087855,-0.24324770737406357,1.8227331158331965,7.930515125187759,-0.06343715904749728,-0.34270046612829846,8.568917484277204,2.4223797157242952,-0.5539052849674394,0.12719867340421853,2.9086734417536926,2.4946421836547734,0.5261126118495258,-0.2858763529701438,1.7925303665670012,2.6245863666757807,-0.17186560949819757,-0.051718813494065194,5.354234140973467,7.654424926051945,-0.02590435892635045,-0.09675422327798677,5.054621034909577,7.382254883718746,-0.3903637292729693,1.4483149377356086,5.0640885999421235,9.112956527126151,0.23847105225292156,-0.4670610882046084,2.523111749836015,3.50041886648556,-0.7484076926246704,-0.4603775087102764,7.204761158352873,6.714655944778347,-0.7178048660514379,1.1405751280141458,6.334859587568571,1.4173094279103011,0.15906198945287753,-0.041513837071197095,4.347444199141114,4.9757106461405405,0.1256145656727929,-0.4764202890102877,2.8540279010653977,2.7855848836825445,-1.1956924227793078,0.7495840800063494,7.638141400749907,5.191308495841756,-0.313448973409207,0.0518572381994514,5.863731260812342,2.262554365265404,0.33259943380839885,0.21414980468533215
179,8.193102561219428,9.005811776196449,0.13842073000959695,-0.00539540887237498,1.936655271815049,4.097504443807769,-0.04547112927380538,0.13459026704105503,9.386519889127076,5.2079399482807585,0.04498946978885462,-0.034106790001884206,3.085006382971188,8.285914587890602,-0.3170431522961913,0.23073393190472707,8.745196893178052,0.7665684204039255,-0.0024010585593368244,-0.2070506812310343,4.914153908612308,2.227042615720734,-0.10896102065758072,-0.26071301027953053,1.8195612578808216,7.913380101881343,-0.05235791461120687,-0.33576561171573843,8.541222220028832,2.4287396493945064,-0.5430233021436284,0.12423182630759054,2.934979072346169,2.4803483660062664,0.6261126118495258,-0.1858763529701438,1.7839370860920913,2.6220004260010774,-0.16770382127505876,-0.047513186780651265,5.352938923027149,7.6495872148880455,-0.12590435892635046,-0.1862496611915691,5.035102848445928,7.454670630605526,-0.2932308623906924,1.4710593670350667,5.076012152554769,9.08960347271592,0.23027898964705742,-0.455574159359476,2.4856913652047816,3.477399991050046,-0.6500173245255276,-0.49894527376492304,7.1688709150503005,6.771684701179054,-0.8178048660514379,1.240575128014146,6.342812687041215,1.4152337360567413,0.13567853725947132,-0.03756724686244643,4.353724927424754,4.951889631690026,0.14589111322066642,-0.48999474471163856,2.7942432799264325,2.823064087682862,-1.0956924227793077,0.8495840800063493,7.622468952079447,5.193901357751729,-0.29968933775360407,0.03618712096514034,5.880361232502762,2.2732618554996704,0.30160971963764305,0.20485360624015622
180,8.200023597719907,9.00554200575283,0.13570068983386535,-0.015139960023925902,1.9343817153513587,4.104233957159821,-0.039650106019151705,0.1367273722172686,9.388769362616518,5.206234608780664,0.03938659320194504,-0.03655539144046292,3.0691542253563786,8.297451284485838,-0.32607242875022663,0.24326953815165805,8.745076840250086,0.7562158863423738,-0.000614831687994536,-0.19992559694413586,4.908705857579429,2.2140069652067575,-0.03678784413252428,-0.2773037822686968,1.8169433621502613,7.896591821295557,-0.041466325697303213,-0.32831732762916394,8.51407105492165,2.434951240709886,-0.531045500140569,0.12101225989460476,2.966284702938645,2.4710545483577593,0.723760553574126,-0.08587635297014379,1.7755518950283384,2.619624766662045,-0.16261571125565116,-0.043296810381840696,5.346643705080831,7.640274731828467,-0.22590435892635047,-0.2804609540403497,5.020441305326393,7.52822359895728,-0.18629045050115006,1.4883870021107006,5.087526102037122,9.066824764747945,0.22170481718566004,-0.4428516043698281,2.4531904989785054,3.4524527273618,-0.5620961272242258,-0.5184054686178362,7.1279806717477285,6.833713457579761,-0.8473838237920253,1.2377159024491873,6.349596613904189,1.413355373713619,0.1125076825815718,-0.033667108543861055,4.361019483085787,4.9273898944544445,0.16553925271995298,-0.5018720620876816,2.739458658787467,2.8655432916831796,-0.9956924227793077,0.9495840800063493,7.607484485191766,5.195710713799986,-0.28562207438384807,0.020954390028372176,5.895441718484644,2.2835045358116783,0.2709659948667132,0.19560616152895646
181,8.206808632211601,9.004785007751634,0.13283461613296801,-0.024618763403893185,1.932399210050401,4.111070325770685,-0.033810130844321516,0.13864650829486153,9.390738692276615,5.204406839208641,0.03368744367752448,-0.038819089401692854,3.052850603918867,8.309614761393421,-0.3341050985070796,0.2549361262798766,8.745046098665686,0.746219606495167,0.001164916763597319,-0.1924212589324087,4.9068664653728025,2.200141776093323,0.03313012785351516,-0.29299660680704814,1.8148700458653961,7.880175954914098,-0.03078177730375116,-0.3203931732442223,8.487518779914621,2.4410018537046163,-0.518022866827789,0.11755583506724757,3.002472730617351,2.466760730709252,0.694830710851259,0.014123647029856218,1.7674211094655559,2.6174599261429528,-0.15653567413231967,-0.03905860928051494,5.335348487134514,7.62625168412645,-0.3259043589263505,-0.35391385614261717,5.011126782801336,7.602642949062815,-0.08395957763681415,1.497648419797867,5.0986113428964055,9.044682184529455,0.2127971545735104,-0.42895605992547564,2.425085692617294,3.4265324539309083,-0.4793460224449524,-0.5295737598854727,7.085611480558128,6.895599252702221,-0.8669255028593805,1.2241079088430111,6.355221998033268,1.411672018286426,0.08962221353756852,-0.029836849175656793,4.369296445721785,4.90229629135006,0.18452818461216447,-0.5120654412044595,2.6896740376485018,2.913022495683497,-0.8956924227793077,1.0495840800063494,7.5932033814725735,5.1967584333014045,-0.271287710961824,0.006222925913244141,5.90899001822798,2.2932848438881264,0.24063195940997786,0.1864104576065438
182,8.21345036301825,9.003554069581439,0.1298370702072577,-0.033820247128150946,1.930708703508185,4.118002651185428,-0.028083973461589862,0.14050194008059744,9.392423064460491,5.202465884738556,0.027920825185090297,-0.04089393911864787,3.036145348993513,8.322361567707414,-0.3411400580301281,0.2657247575737577,8.745104344503865,0.7365985435485466,0.002931301442817897,-0.1845696121309834,4.908522971765478,2.1854919457529705,0.10072536293701499,-0.3077681201905146,1.8133309570002085,7.864156296251887,-0.020320030794564063,-0.31202886081225295,8.461617636573232,2.4468796454579786,-0.5040080045407422,0.1138762648413791,3.037214266159914,2.4674669130607447,0.594830710851259,0.11412364702985622,1.75959432575894,2.615506995678927,-0.1494535352391419,-0.03478700687794638,5.319053269188196,7.608555991319319,-0.4259043589263505,-0.35971796114318255,5.006928803919495,7.677525370052709,0.016040422363185855,1.4794305406293806,5.109251200625081,9.02323438153318,0.20360462733978282,-0.41397016783601526,2.4011183914950465,3.4000537659366348,-0.39576567684553005,-0.5434899017818208,7.042265205415158,6.956804648144371,-0.8846122433813108,1.2113881206532795,6.359703108710146,1.410180175827643,0.06709153876007054,-0.026098857366868355,4.378522854952394,4.876693019289838,0.20283035127926477,-0.5205928079923159,2.6448894165095362,2.9655016996838146,-0.7956924227793077,1.1495840800063495,7.5796389959244825,5.197069579597067,-0.2567266894053222,-0.007968114857210185,5.921021616198479,2.3026053667684536,0.21060996123178535,0.17726558085448602
183,8.219942216528613,9.001863057225032,0.12672169929706453,-0.042735754623428476,1.9293045048351054,4.125027748189458,-0.022536809266276204,0.14239716475333372,9.393819105719746,5.200421187782624,0.02211437199170317,-0.04277794641615158,3.0190883460920066,8.335647805586103,-0.34717629279829215,0.2756296136669316,8.745250909576006,0.7273700629419975,0.00467675226912128,-0.17640230456338407,4.913559239912329,2.1701035397434447,0.1658964721372715,-0.32159278774391536,1.8123149554604803,7.848554853211275,-0.010094599578973965,-0.3032583102848189,8.436417236346195,2.4525734587000474,-0.48905687117329777,0.10998751119498192,3.066955801702477,2.4731730954122377,0.49483071085125907,0.21412364702985623,1.7521216489969829,2.61376764533503,-0.14143755303950137,-0.030480191070823153,5.297758051241879,7.59057009326216,-0.5259043589263505,-0.2603364941794625,5.007730825037654,7.751496897084178,0.11604042236318586,1.3794305406293805,5.11943143199207,9.00253587314138,0.19417012191052196,-0.3980010411360382,2.38133010765277,3.3728792708475437,-0.30036388802863295,-0.5769432885684662,6.998034593246093,7.017374054177035,-0.9006269400711147,1.199529538951893,6.36305768564815,1.4088752329592997,0.04497827651930693,-0.022471484429792733,4.388664372516357,4.850663378890222,0.2204252442308586,-0.5274833104570525,2.605104795370571,3.022980903684132,-0.6956924227793078,1.2495840800063496,7.566802661454217,5.196671173854207,-0.24198033632763435,-0.02158643243662115,5.931552114260069,2.311468645811178,0.18091908248790367,0.1681707793984569
184,8.226278301493467,8.999726269493861,0.12350301887940647,-0.05135916547697186,1.9281776643717916,4.132147606427125,-0.017192677984027464,0.14438173671936227,9.394924824319332,5.198282290461816,0.01629354265187628,-0.04447047267453436,3.001729531452092,8.34942928626945,-0.3522148623061252,0.284647679062301,8.745484747189462,0.7185499477138283,0.0063934734329907745,-0.1679505823871891,4.921854063519193,2.154023900356249,0.22852691453320761,-0.33444433178630734,1.8118102254815316,7.8333919376970345,-0.0001176491613689469,-0.2941143757656582,8.41196439278753,2.4580728342597964,-0.4732281899235691,0.10590414505433339,3.09169733724504,2.4838792777637306,0.3948307108512591,0.31412364702985623,1.7450497713450077,2.6122436357814887,-0.13262951265409934,-0.02616081374816521,5.271462833295562,7.577553268553187,-0.6259043589263504,-0.16033649417946247,5.013532846155813,7.8204684241156475,0.21604042236318588,1.2794305406293804,5.129139938087596,8.982635821084578,0.18452358972248287,-0.3811916381371568,2.366311913251338,3.3440321064191205,-0.20036388802863295,-0.6642762667679123,6.953003246242537,7.07735053112463,-0.8006269400711147,1.0995295389518929,6.365306599474115,1.40775165873781,0.02333996170003001,-0.018969767379930096,4.399685634727899,4.824289213367369,0.23729920622948142,-0.5327727929480067,2.5703201742316057,3.0854601076844492,-0.5956924227793078,1.1495840800063495,7.554703644637835,5.195591852232376,-0.22709136677967887,-0.03460313666894538,5.940598068384464,2.3198771847811006,0.15158817531300872,0.15912649808436158
185,8.232453452437438,8.997158311220012,0.12019612392727598,-0.059685816984327025,1.9273180304725903,4.139366693263093,-0.012056337069909743,0.14645497289809625,9.395739501451926,5.19605876682809,0.010482126862572832,-0.04597189219529988,2.984118788336786,8.363661670222564,-0.3562595709713065,0.29278171760940347,8.745804420861111,0.7101524185944689,0.008074201183529169,-0.1592455226619099,4.933280409245854,2.1373016837669336,0.28850334183898557,-0.3462980899167762,1.8118043430234632,7.818686218908751,0.009598926428581915,-0.28462868963407395,8.388302983291352,2.463368041512513,-0.45658225357775967,0.1016412645651136,3.111438872787603,2.4995854601152234,0.2948307108512591,0.41412364702985627,1.7384182957123027,2.6109355950940802,-0.12319819836916124,-0.021876535498592718,5.240167615349244,7.569536443844214,-0.7259043589263504,-0.06033649417946246,5.024334867273972,7.884439951147116,0.31604042236318586,1.1794305406293804,5.138366117573721,8.963576239177721,0.17467565743319666,-0.3637332128998763,2.3562937188499067,3.310818293080725,-0.10036388802863294,-0.7642762667679123,6.912971899238982,7.132327008072224,-0.7006269400711147,0.9995295389518929,6.366473597559117,1.4068031703688135,0.002231572528618931,-0.015606896529466981,4.411550595039373,4.797650573719969,0.25344348053093824,-0.5364995791164838,2.5405355530926403,3.1429393116847666,-0.4956924227793078,1.0495840800063494,7.543349076298851,5.193861695398929,-0.21210312658001165,-0.04699201225342435,5.948177477150114,2.327833509685319,0.1226536567499506,0.15013429066503228
186,8.238463258633802,8.994174020370796,0.116806063149854,-0.06770693165759555,1.9267152136190948,4.146689441907998,-0.007095575627082414,0.14858998477747518,9.396263607795055,5.193760172218325,0.004707796149753881,-0.04728733561127435,2.9663058097882207,8.378300756103034,-0.3593154901825447,0.300036215751928,8.746208130920287,0.7021901424613733,0.009713022430969508,-0.15031836504590765,4.947705576337803,2.1199867792710947,0.34573017169772047,-0.3571238843453699,1.8122842893448923,7.8044547844270475,0.019046006275137285,-0.27483548741043207,8.365473870612464,2.4684501047407688,-0.43918032150521963,0.09721335986597023,3.126180408330166,2.520291642466716,0.1948307108512591,0.5141236470298562,1.7322583857938445,2.609841768319151,-0.11322861269158822,-0.017585007193103543,5.203872397402926,7.566519619135241,-0.7975181624337981,0.03966350582053754,5.040136888392132,7.943411478178585,0.38145547653705586,1.0794305406293803,5.147099900445381,8.945389578532728,0.16462904074017248,-0.3458953406114019,2.351275524448475,3.2726044797423293,-0.000363888028632936,-0.8642762667679122,6.877940552235426,7.182303485019818,-0.6006269400711147,0.8995295389518929,6.366585176185548,1.4060228255423401,-0.0182922552369428,-0.012393536533967405,4.424222769065921,4.770825594764145,0.2688345447450654,-0.5387029683480763,2.515750931953675,3.195418515685084,-0.39569242277930783,0.9495840800063494,7.5327439199698505,5.191512094786257,-0.1970620962118985,-0.05874532342061395,5.954310159987612,2.3353402242185703,0.09415619085732328,0.141200049788222
187,8.244303561791295,8.990788673787916,0.11333785189885408,-0.07541246235393366,1.9263604348377408,4.154118941146871,-0.0022538300719312093,0.15069404498764405,9.396498997602542,5.191395805437762,-0.0010040320422478495,-0.04842205740491048,2.9483400352790934,8.39330256689063,-0.3613924120955343,0.3064203135748125,8.746693782041836,0.694674224209078,0.011304597909572512,-0.14120008021795624,4.964992084922689,2.102130585053826,0.4001233683044264,-0.36689470422392,1.813236589658649,7.790713010056526,0.028214329150848365,-0.2647680460376628,8.343514854537203,2.473310772734067,-0.4210846455644446,0.09263526312756949,3.1359219438727286,2.545997824818209,0.0948307108512591,0.6141236470298562,1.726596955159265,2.6089625179594957,-0.1027535931402572,-0.013221557021714406,5.163996489281236,7.568502794426268,-0.814578302128372,0.13966350582053755,5.059209662218985,7.997383005210054,0.39380420080784173,0.9794305406293803,5.15533135248239,8.928094811502158,0.15437457371435953,-0.32803926785343157,2.3512573300470434,3.229390666403934,0.09963611197136707,-0.9642762667679122,6.84790920523187,7.227279961967413,-0.5006269400711147,0.7995295389518929,6.3656705634237,1.4054031487156418,-0.03818017346008528,-0.009339090967188768,4.4376644963031735,4.743890446346741,0.2834507766030613,-0.5394234956789933,2.4959663108147097,3.2428977196854016,-0.4345916434341031,1.0495840800063494,7.522890815159256,5.188574828615227,-0.1820121733042793,-0.06985577441218628,5.959017969530478,2.3424002267079813,0.0661351324137734,0.1323292507117487
188,8.249970454386238,8.987018050670219,0.10979629704925753,-0.08279118177379836,1.9262477433341443,4.161653643396253,0.002535563974836852,0.15262282776636635,9.39644879600043,5.188974702567516,-0.006629874618125133,-0.04938146081808986,2.930270414674317,8.408623582569371,-0.36250670979974525,0.31194692508902827,8.747259011937315,0.6876142201981802,0.01284414555848142,-0.13192132007884685,4.984998253337911,2.0837858498426303,0.45161340336174016,-0.37558566437712676,1.8146473061161914,7.777474607754643,0.03709391935701729,-0.25445888713549836,8.32246062225898,2.4779425358904454,-0.4023582706283209,0.08792200258524567,3.1406634794152914,2.576704007169702,-0.005169289148740902,0.7141236470298562,1.7214592755022522,2.60830144010841,-0.09176419120453468,-0.008712935541422502,5.123267574174817,7.575485969717295,-0.7977023041595461,0.23966350582053755,5.078899872259377,8.046354532241523,0.3737777078396286,0.8794305406293803,5.163050081168108,8.911692848109485,0.14390007753917336,-0.3106417490105557,2.3562391356456116,3.181176853065538,0.19963611197136708,-0.8642762667679122,6.822877858228314,7.267256438915007,-0.40062694007111477,0.699529538951893,6.363761554750696,1.4049361941672822,-0.05738443144132285,-0.006451734591950375,4.451837035133327,4.716919271562792,0.2972731597527426,-0.538702959889373,2.4742367286430045,3.295376923685719,-0.5345916434341031,0.9495840800063494,7.513790206494042,5.185082039894618,-0.16699484583819219,-0.0803169739693379,5.962324726151167,2.3490166892435687,0.038625603290787944,0.12352626584524852
189,8.255460269238702,8.982878491581529,0.10618646519879175,-0.08983090893242983,1.926374521532886,4.169284784784571,0.0073821992226192215,0.15413998602479845,9.396117302269523,5.186505629526612,-0.012148083015855758,-0.05017196464698306,2.9121450791843295,8.424220928823821,-0.36267971749397665,0.3166328523718745,8.747901219215239,0.6810181541942378,0.014326035063487154,-0.12251229504163309,5.0075789235059975,2.065006566623774,0.5001334729413383,-0.38317112490128197,1.8165020020840423,7.764751663397868,0.045675186681251874,-0.2439358868638207,8.302342708727563,2.482338636019708,-0.3830665154300055,0.08308793522274503,3.1404050149578544,2.612410189521195,-0.10516928914874091,0.8141236470298562,1.7168710659420254,2.607865793331339,-0.08019543261663704,-0.004053840689451373,5.08338245896684,7.587469145008322,-0.7614998005670073,0.318054508878525,5.097588757651358,8.090326059272991,0.33603238856536155,0.7794305406293803,5.1702450850450665,8.896160760658958,0.13319812776272916,-0.29430889563196244,2.36622094124418,3.1379630397271425,0.2996361119713671,-0.7642762667679123,6.802846511224758,7.302232915862602,-0.3006269400711148,0.599529538951893,6.36089233317863,1.4046136074376847,-0.07586604577486543,-0.003737675550165428,4.466700693120964,4.689984123568323,0.31029313274583714,-0.5365957332019372,2.4475071464712994,3.3428561276860367,-0.6345916434341031,0.8495840800063494,7.505440464202132,5.181066191196151,-0.15204923925817276,-0.0901259550104055,5.964256006315707,2.355193002535831,0.011648964495751542,0.11479207929135307
190,8.260769592498642,8.978386946134908,0.10251307308180815,-0.09651893947158838,1.926743631494017,4.176991784085811,0.012421899079635156,0.15498134619736426,9.39550989811873,5.183997031294263,-0.017538814622477954,-0.05080020303547426,2.8940110933096306,8.440052571442415,-0.3619373066967225,0.3204947129127064,8.748617520968413,0.6748925394421562,0.015745079611929894,-0.11300257915179479,5.032585597153065,2.04584801037871,0.545638161678143,-0.38962291544987954,1.8187857614181049,7.752554869054677,0.05394990821914436,-0.2332265077767479,8.283189382956063,2.486493032780845,-0.3632754587830867,0.07814763876923864,3.1351465505004175,2.6531163718726876,-0.2051692891487409,0.9141236470298562,1.7128612943111936,2.6076631012968665,-0.06812916069725598,0.0006215307537744451,5.045307468938489,7.603371870452248,-0.7151568832177361,0.3745576264126302,5.1143903770796255,8.12929758630446,0.2897762012009326,0.6817740679256002,5.176904991433203,8.88144531587736,0.12226796757276677,-0.2797794499635237,2.3812027468427486,3.099749226388747,0.39963611197136706,-0.6642762667679123,6.787815164221202,7.332209392810197,-0.20062694007111478,0.499529538951893,6.357099030889887,1.4044267236601764,-0.0935903806961348,-0.0012010891253106844,4.482215349758255,4.663154336908225,0.3224967293236061,-0.5331630821958743,2.4157775642995944,3.3853353316863544,-0.7345916434341031,0.7495840800063495,7.497838002239224,5.1765598934456305,-0.13721289211297374,-0.09928167371807002,5.964838454540494,2.360932606500399,-0.014782520983425397,0.1061256237711228
191,8.265895246152732,8.973560999161329,0.09878016529626987,-0.10284190531255803,1.9273647264479987,4.184740851395679,0.017777239214846113,0.1549032968711536,9.394632957387607,5.1814570211424895,-0.02278336628874058,-0.05127280272933704,2.8759142279747945,8.45607730708805,-0.36030808383546675,0.3235495846677861,8.74940477494901,0.6692424104845665,0.017096875089181413,-0.10342136908586261,5.059867505236972,2.026366864606216,0.5881074991344165,-0.3949130769500971,1.8214832568290622,7.740893543665839,0.06191085380635032,-0.2223576747028849,8.26502561001691,2.490400414719307,-0.34305097533614354,0.07311555372620124,3.1248880860429806,2.69882255422418,-0.3051692891487409,1.0141236470298562,1.7094548362763309,2.607694177834555,-0.055761193726980046,0.005122384722420261,5.009549624777602,7.62209975177288,-0.6637416847976135,0.41482330974084647,5.128879187139672,8.16338628970074,0.2400749261300033,0.6018480360920949,5.183018389811841,8.867456343379184,0.11111516394199511,-0.267912993807844,2.401184552441317,3.0665354130503513,0.49963611197136704,-0.5642762667679123,6.777783817217647,7.357185869757791,-0.10062694007111478,0.399529538951893,6.35241951185508,1.404366669203911,-0.11052682431643376,0.001154818584300115,4.498340186224436,4.636496182798432,0.33386821038926984,-0.5284683058892427,2.379047982127889,3.4228145356866717,-0.6345916434341031,0.6495840800063495,7.490977357633575,5.171595809759727,-0.12252046068331138,-0.10778481505442364,5.964099328491323,2.366238887688955,-0.04066547744070177,0.09752040617901676
192,8.270834254417545,8.968418903895701,0.09499133210548165,-0.10878610286094045,1.928253588408741,4.192486016239236,0.02356226702643773,0.15365282775994465,9.39349378907317,5.178893381006023,-0.027864148282508112,-0.051596392129642336,2.857898823783021,8.47225478632144,-0.3578223899152481,0.3258149302097618,8.750259618703469,0.6640713420302733,0.018377776375610923,-0.09379740717953708,5.089272880193692,2.006621210758711,0.6275487402242115,-0.39901218930439347,1.8245787995193796,7.729775659930695,0.06955188823175933,-0.21135563214533812,8.247873061250102,2.4940561924056173,-0.32245853503551525,0.0680059651795655,3.1096296215855435,2.749528736575673,-0.40516928914874095,1.1141236470298563,1.706666776589982,2.6079502970706763,-0.04336084376508584,0.009251656166196127,4.976362540537721,7.642840917259922,-0.6098893218593161,0.44323342802385557,5.140882933446172,8.193478691505346,0.1895476607089856,0.5363187716575679,5.188574148008941,8.85406069368879,0.09974724734898191,-0.2596638153557579,2.426166358039885,3.0383215997119555,0.599636111971367,-0.46427626676791234,6.772752470214091,7.377162346705386,-0.0006269400711147732,0.29952953895189305,6.346893170639259,1.404424410133126,-0.12664945863826738,0.0033280703897930054,4.5150335967438995,4.610072767503969,0.34439129498237986,-0.522576647687762,2.347318399956184,3.455293739686989,-0.5345916434341031,0.5495840800063495,7.484851334599409,5.166206569007006,-0.1080040190145612,-0.1156378237814144,5.962066054619288,2.3711149079979057,-0.06600686833526351,0.08896233992487002
193,8.275583821022819,8.962979598752653,0.09115044503134875,-0.11433754662876086,1.9294317017600628,4.200168657627233,0.029770402772578242,0.15108514906848608,9.392100581659045,5.176313561399541,-0.032763847100635055,-0.05177725987199931,2.8400077042872587,8.488545532831928,-0.3545137545607056,0.32730807219100433,8.75117850752225,0.6593814716712965,0.01958573968837908,-0.08415954047709447,5.120650317204903,1.9866706012934912,0.6640045047513802,-0.40189387951493644,1.8280563939309675,7.719207878323428,0.076865621503994,-0.20024713078257542,8.231750134498327,2.4974564906645957,-0.3015613191499835,0.06283262309942651,3.0893711571281064,2.805234918927166,-0.5051692891487409,1.2141236470298564,1.7044987344017275,2.608412879878986,-0.03126354212256344,0.012849494997408631,4.945868074444755,7.665002588661115,-0.5549784192095787,0.46284477923723233,5.150360316481621,8.220294630088224,0.1395695169443933,0.4833278903763522,5.19356151037639,8.841077502921003,0.08815668940645698,-0.2561369518601929,2.4561481636384537,3.01510778637356,0.699636111971367,-0.36427626676791236,6.772721123210536,7.3921388236529815,0.09937305992888523,0.19952953895189304,6.340560697707345,1.4045908136526157,-0.14193530269242224,0.005315864436057422,4.532253161493019,4.583943935119581,0.35406140055058827,-0.5155427372430625,2.320588817784479,3.4827729436873067,-0.43459164343410317,0.44958408000634953,7.4794511336486815,5.160424677817935,-0.09369174897783045,-0.12284361829026219,5.958765711202525,2.375563024994149,-0.09081957354427224,0.0804244186927123
194,8.280141343274385,8.957262721421216,0.08726145827443904,-0.11948279959214322,1.9309202218986918,4.207722915080658,0.03633861603762918,0.14715379561438557,9.390462389304014,5.17372469840594,-0.03746641883211367,-0.05182181754092576,2.8222820165592233,8.504910936441478,-0.3504168323866873,0.3280461980674914,8.752157794506669,0.6551734946474418,0.02071929003724275,-0.07453592758991982,5.153850542442472,1.9665759073177442,0.6975455793693277,-0.4035240570490319,1.8318996750061671,7.7091955217843,0.08384558722985938,-0.18905831386414568,8.216672068540827,2.500598121819567,-0.28042194391685543,0.05760917756652603,3.0641126926706694,2.8659411012786586,-0.6051692891487409,1.3141236470298565,1.7029355572955993,2.6090553546288566,-0.019752352265932402,0.015823267825554252,4.918119153484276,7.688144827622977,-0.49973802404938766,0.475835716853905,5.157338792328841,8.244461024607041,0.09090189103716226,0.44209686780574975,5.197969344846713,8.828270655327993,0.07629978240069245,-0.2586426822463641,2.491129969237022,2.9968939730351645,0.799636111971367,-0.28263556956702035,6.77768977620698,7.402115300600576,0.19937305992888524,0.09952953895189304,6.333463932572724,1.4048566068744186,-0.15636863364906226,0.007117883617353018,4.549956231520548,4.558166798257428,0.362876565640303,-0.5074250805804303,2.298859235612774,3.5052521476876244,-0.3345916434341032,0.37245136948911817,7.47476654619979,5.154282496903422,-0.07961027773737253,-0.12940695417789835,5.9542247325253115,2.379584245928785,-0.1151288892550876,0.0718661996566736
195,8.284504416188108,8.95128858144161,0.08332835123085118,-0.12420914715099066,1.9327371527005732,4.215080604861377,0.04314603952508948,0.14193024385604935,9.388589068362409,5.171133607528894,-0.0419570378216008,-0.05173662547222792,2.804761174939889,8.521313246344853,-0.3455671055695866,0.3280466846063051,8.75319375900853,0.6514466982679458,0.021777502302874792,-0.06495398395849927,5.1887278214109385,1.9463997044652925,0.728271496120473,-0.4038580121856607,1.8360919543676602,7.6997426060910925,0.09048617543658422,-0.17781457562799166,8.202650971344985,2.503478580697893,-0.2591022710195825,0.052349169511777545,3.0338542282132326,2.9316472836301513,-0.6693828159008013,1.3423586129558354,1.7019479396823027,2.6098465180201345,-0.00901641709033601,0.018145883058117596,4.893132252281807,7.711936613465672,-0.44455463019435626,0.483792490404591,5.161883886880699,8.266565867997329,0.044033180854678354,0.4127469038768161,5.2017843339667476,8.815338521215674,0.06406303057162957,-0.2688015081285474,2.5311117748355905,2.9827621945568135,0.899636111971367,-0.18263556956702034,6.787658429203424,7.40709177754817,0.29937305992888524,-0.0004704610481069682,6.325645500890271,1.4052125010552863,-0.16994276623401844,0.008737060975723408,4.568100059802563,4.5327955442284065,0.3708368567593586,-0.49828627752357496,2.2821296534410687,3.5238747161620805,-0.24736765341338304,0.32999117446641685,7.470786032312922,5.147812149194527,-0.06578486922864046,-0.1353345042205014,5.948468288062557,2.3831775559116184,-0.13897168472248778,0.06322966727539499
196,8.28867083374965,8.94507812408406,0.07935503415667831,-0.12850476050082876,1.9348944546768276,4.22217711705418,0.050051192394332124,0.1355561620615086,9.38649121647133,5.168546776255282,-0.046222044267945635,-0.051528435324505836,2.7874828196614096,8.537715580575169,-0.34000064355671056,0.32732746913985805,8.754282634123674,0.6481989990700208,0.022759967229987754,-0.05544032708528454,5.225141396216962,1.9262068038560094,0.7563099116913399,-0.40283709358203473,1.8406162631394893,7.690851877309693,0.09678254937944475,-0.1665402150089754,8.189695857794005,2.506096039173482,-0.23766325089148974,0.047066016271015296,3.0003850874181923,2.998765214277943,-0.7059715695589643,1.3234818257061378,1.7014971188277859,2.6107538121730403,0.0008709893068008616,0.01983978885451224,4.870904520772089,7.736126237985902,-0.38963311992181765,0.48789665607745475,5.164085545923433,8.28720321319117,-0.0006053895664370271,0.39631434679280425,5.204987485495329,8.801898445809247,0.051208129597190406,-0.2887459740624574,2.5760935804341587,2.9736304160784623,0.9996361119713669,-0.08263556956702034,6.8026270821998684,7.407068254495765,0.3993730599288853,-0.10047046104810697,6.31714836257857,1.4056493541040724,-0.18266266607080944,0.01018078489026131,4.586641902640531,4.507881230352227,0.3779434723465418,-0.4881935808758475,2.2697612707703994,3.5403742748854015,-0.16956274282096861,0.3065673740396311,7.46749678885149,5.141045423983502,-0.052239593162326105,-0.14063496453621724,5.941519703826432,2.3863390392753883,-0.16239400665768444,0.054434675713454124
197,8.292638585457484,8.938652886059018,0.07534511243922241,-0.13235883271423732,1.9373970142965442,4.228954925157256,0.056945274311992256,0.12815480815043478,9.384180114257932,5.165970354489057,-0.050248861436156464,-0.0512040558945933,2.7704827874835742,8.554081954032162,-0.3337539644587036,0.32590694422857663,8.755420632485174,0.6454269827157565,0.023667105511819768,-0.04602076734616354,5.2629568918015295,1.9060649491769077,0.7818187964541925,-0.400386595358537,1.8454553906084616,7.682524866559244,0.10273074779923913,-0.1552586678404816,8.17781269524943,2.508449339987033,-0.21616431207922654,0.0417732174224872,2.965086508940244,3.06493930556325,-0.7390550656912491,1.3052959855435486,1.701540668293126,2.6117458016157657,0.009927468416251852,0.020955543775301348,4.851422864775998,7.760521070789775,-0.3350850238834752,0.48904842897026685,5.164055276445111,8.307018930530809,-0.042454371543112455,0.3950168693953078,5.207547891975189,8.787461147106123,0.03727358638388199,-0.32151006465692256,2.626075386032727,2.969498637600111,1.099636111971367,0.017364430432979666,6.8225957351963125,7.402044731443359,0.49937305992888525,-0.20047046104810698,6.30801522927503,1.4061583933485855,-0.19454718618291517,0.011462385371728716,4.605539076257858,4.483471551308435,0.38419358453447844,-0.4772171576021311,2.261283133629351,3.555702643587383,-0.09837554516121452,0.29415074862374513,7.464884809193373,5.134013675756691,-0.03899757469406335,-0.14531872266367335,5.933400003493548,2.389060773061061,-0.18544385033598443,0.04537509495380879
198,8.296405841079444,8.932034944423306,0.07130168584307231,-0.13576172768561445,1.9402442780121438,4.235362665564777,0.0637527521865353,0.1198281256602812,9.381667671186124,5.163410151694328,-0.05402591818445521,-0.05077039054172649,2.753795089260639,8.57037730124359,-0.32686402083848615,0.32380385892622887,8.756603987760766,0.6431259443484483,0.024500046846288162,-0.03672027584214965,5.302047831624239,1.886045619408981,0.804980107729717,-0.396415506807163,1.8505919279984235,7.67476193316722,0.10832764322479492,-0.14399291481123175,8.167004479645469,2.5105380008581575,-0.19466324423234385,0.03648424481016778,2.9281337556556815,3.1302041048404274,-0.6390550656912491,1.2052959855435486,1.7020370417139385,2.612793578804531,0.018243834544911405,0.02156150617268765,4.834668613581824,7.784973492238288,-0.2809806717348894,0.4879471537852722,5.161932557867955,8.326769774000574,-0.08057978230833096,0.41295094356906553,5.209411571294383,8.771385643873277,0.02137940226987959,-0.3718066675547689,2.6810571916312953,2.9703668591217602,1.199636111971367,0.11736443043297967,6.847564388192756,7.392021208390954,0.5993730599288852,-0.300470461048107,6.298287869965884,1.406731512617172,-0.2056351770642148,0.012603715089381596,4.624748755484582,4.459610693428329,0.38958040093437196,-0.465426210043471,2.2563643563712903,3.57041018101857,-0.03182570974775699,0.2882123366395603,7.46293493045867,5.126747739623507,-0.026081042435782353,-0.14939784499404224,5.924127810976749,2.3913295278087516,-0.20816334954536458,0.03591439895780715
199,8.299970925371598,8.925246858039024,0.06722727544090504,-0.13870514814035662,1.9434319156214706,4.241354071847791,0.07042369405377816,0.11066113475784152,9.378966375276901,5.160871632167241,-0.057542546300495094,-0.05023465475052931,2.7374518882187147,8.586567494189902,-0.31936806875145163,0.32103782582630913,8.75782899010308,0.6412899305563408,0.025260227461331483,-0.02756297588522277,5.342296837010725,1.8662248440686229,0.8259899595107854,-0.39081943233278427,1.8560083101596634,7.667562287426659,0.11357078055807775,-0.13276487444603807,8.157271317433851,2.512362213098666,-0.17321642867611772,0.031212193089106235,2.896181002371119,3.190468904117605,-0.5390550656912492,1.1052959855435485,1.7029492334411842,2.6138716541131655,0.025953310685460647,0.021722899901372137,4.82061957999508,7.809370849927552,-0.22738532482658386,0.48514046396349414,5.1579035687525385,8.347417321179028,-0.11319860130849844,0.457710858459802,5.210480541407876,8.752795310495538,0.0017886683911337298,-0.447694454590276,2.7410389972298637,2.9762350806434092,1.299636111971367,0.21736443043297968,6.877533041189201,7.376997685338549,0.6993730599288852,-0.400470461048107,6.288006111112674,1.407361698371641,-0.21599532199974045,0.013639320087879268,4.6442277755313,4.436339382926155,0.39409737618099333,-0.4528879291320353,2.2547730708839024,3.5848207978505484,0.03177648402108624,0.2858559615448531,7.461630878336881,5.119277847373805,-0.013511216661023239,-0.15288644903552678,5.913719643499481,2.393125247756642,-0.2305784242819839,0.025883416563557415
200,8.303332289143643,8.918311600632007,0.06312344786830465,-0.14118199042439228,1.9469531003241594,4.2468871285856835,0.07694031781255482,0.10070293913563086,9.376089247961877,5.158359899429715,-0.06078838192015573,-0.04960382405859594,2.721483484781142,8.602619385481217,-0.31130447604853534,0.3176281933871238,8.759092001476146,0.6399117817620796,0.02595049119017616,-0.018572487881646865,5.383596334986264,1.8466838724519836,0.8450622379990672,-0.38349497318637066,1.8616868491875673,7.660924043704357,0.11845767775412312,-0.12159784624537856,8.148610496000046,2.513922822753121,-0.15187683072576022,0.02596997501509159,2.869228249086557,3.2457337033947824,-0.4390550656912492,1.0052959855435484,1.7042468989754573,2.6149577991082342,0.03319887790904507,0.02152593146030294,4.809250313753751,7.833627873125726,-0.17439457828880353,0.48104587226431367,5.152243638687113,8.370302864102019,-0.13650972810049616,0.5443656355612074,5.210569974827433,8.730410587766023,-0.02523025300687716,-0.547694454590276,2.806020802828432,2.987103302165058,1.3996361119713672,0.3173644304329797,6.912501694185646,7.356974162286144,0.7993730599288852,-0.500470461048107,6.2772063450126865,1.408043664376035,-0.225734127271001,0.014621060816118043,4.66393264434035,4.413694986469554,0.39773758800571096,-0.4396530120964293,2.256361895084957,3.599113595927791,0.09377096520963549,0.2852222928066503,7.46095531750383,5.111633524922029,-0.0013075888316874482,-0.1557991407094054,5.902190722285382,2.3944194185848198,-0.25267429476884923,0.015083925991987851
201,8.306488461537059,8.911252501110788,0.05899079807264625,-0.14318688354962605,1.950800116214787,4.251922275542465,0.08330260832874295,0.08999632792267231,9.37304982886587,5.155879708226784,-0.06375378244077232,-0.04888532207257844,2.705918260978715,8.618500795150574,-0.302711886747835,0.31359505295996876,8.760389526035654,0.6389831573679973,0.026573802168329573,-0.009771504305829468,5.425849446886217,1.827509123792665,0.8624138938457964,-0.3743568255328918,1.8676097330752734,7.654844151392088,0.12298633250387848,-0.11051452697804198,8.141016654463758,2.515221321503876,-0.1306958516656276,0.02076995556878436,2.8472754958019943,3.29599850267196,-0.3390550656912492,0.9052959855435484,1.7059068428709097,2.6160340956812496,0.04010952482099341,0.021048055014180365,4.8005305848393105,7.857680166738942,-0.1221738243446599,0.47594278044209576,5.1454181522820885,8.397521145880079,-0.14110160397932742,0.6443656355612074,5.209308462177089,8.70302586503651,-0.06895480901140966,-0.647694454590276,2.876002608427,3.002971523686707,1.4450781768482723,0.4021803858927901,6.95247034718209,7.331950639233739,0.8993730599288852,-0.600470461048107,6.2659196386491365,1.408774717416841,-0.2350193316353456,0.01563071196725766,4.6838195237406355,4.3917123358647325,0.40049971457044153,-0.42576716773567586,2.2610504433454386,3.6133747105681238,0.155390020518283,0.2850069228789329,7.4608899380622455,5.103843567886559,0.010511218903346713,-0.15815262384538198,5.889557007546939,2.395173614884419,-0.2743832662476124,0.003301144063586484
202,8.309438001440691,8.904093156933307,0.054828845683974246,-0.14471695966066023,1.9549652466312242,4.256422091938599,0.0895235580650397,0.07858706910897416,9.369862139743832,5.153435442123156,-0.0664298736389172,-0.04808705780210757,2.6907826666413235,8.634180547798572,-0.29362906301617264,0.30895822689291635,8.76171821614407,0.6384945821527058,0.0271331994963232,-0.001181727490293421,5.468970141578507,1.8087912825160204,0.8782719149169224,-0.36337841951276556,1.8737590497004675,7.649318425043186,0.12715550688032135,-0.09953739187979214,8.134481861880477,2.516259819282315,-0.1097232472215467,0.01562399532125346,2.8303227425174318,3.3412633019491373,-0.2390550656912492,0.8052959855435484,1.7079123191119594,2.6170864984319584,0.04678947527020748,0.020358015716337496,4.7944218936220775,7.881477305761047,-0.07101323120029374,0.4699163792810526,5.138363072083123,8.42973942765814,-0.0982823071745659,0.7443656355612074,5.205860721726518,8.670641142306996,-0.1578199055781998,-0.747694454590276,2.9482565172694137,3.0230805429813463,1.4721100775168958,0.2879095685683252,6.9974390001785345,7.301927116181333,0.9993730599288851,-0.700470461048107,6.254168672067369,1.409556253015204,-0.24410828154647687,0.016797241523267614,4.703844509469158,4.370423977477949,0.4023889557712624,-0.41127094987743046,2.268819944371353,3.6276250567120703,0.21779707092685185,0.28425878648964714,7.461415499007413,5.095935936694289,0.021927023254624603,-0.15996543771883587,5.8758378442345585,2.3953386720875987,-0.2955631211653107,-0.009671995853171342
203,8.31217944372489,8.896857308950274,0.05063543057571986,-0.14577240534604208,1.9594414245344762,4.260351445394047,0.09562711072864,0.06654285459636447,9.366540646061885,5.151031089233051,-0.06880871386503085,-0.047217584296250247,2.6761012134905147,8.649628459143218,-0.2840936491142221,0.3037373775810075,8.763074876118885,0.6384354957781911,0.027631515712420812,0.007176407702997713,5.512883737324353,1.790622361540382,0.8928992535203674,-0.3506554810174869,1.8801168250444835,7.644341555449196,0.13096536786237997,-0.08868836821469843,8.1289956995194,2.517041019048378,-0.08900763774135442,0.010543592921763873,2.8183699892328695,3.3815281012263148,-0.1390550656912492,0.7052959855435484,1.7102517928754697,2.6181043992177755,0.053308983215489825,0.019514749486461678,4.790871232062063,7.9049731247251,-0.021155283347734373,0.4630348490726914,5.133448956724394,8.4669577094362,0.0017176928254341028,0.8443656355612074,5.197969726447608,8.633256419577483,-0.2578199055781998,-0.8476944545902759,3.0218620211452585,3.0374760214097627,1.4893984376395273,0.17802329610737666,7.047407653174979,7.266903593128927,1.0993730599288851,-0.8004704610481069,6.241963257990045,1.4103961150913673,-0.2533933168515601,0.018326819809844856,4.723963957257721,4.349860429984077,0.40341416507500755,-0.39620503726870204,2.2797097979176955,3.6418379960365526,0.2821108190052291,0.2822476719733595,7.462511850170144,5.087937664808347,0.0329214005878726,-0.16125836912934205,5.861059688176293,2.39485507229494,-0.3159828805388525,-0.02399582905901614
204,8.314711215253675,8.889568688682973,0.04640584392884474,-0.14635667674231767,1.9642227800709082,4.263678588123865,0.10166339274985722,0.053956634127119825,9.363100210368634,5.148670210018238,-0.07088343897322408,-0.046285592290694774,2.6618965310348037,8.664815328022268,-0.27414173842360245,0.297950707560664,8.764456451904506,0.638794316163341,0.028072454097873865,0.01528405428952443,5.557528700000372,1.7730895874895076,0.9066722278183251,-0.3365027722309655,1.8866650934376026,7.639907137038461,0.13441819059484258,-0.0779915655863376,8.124545317632332,2.517568198694466,-0.06859547268429894,0.0055411328979058545,2.811417235948307,3.4167929005034923,-0.0390550656912492,0.6052959855435485,1.7129172420362442,2.6190801366920984,0.059683040494810116,0.01860108762984115,4.789813467894676,7.9281248671787345,0.02735104486832684,0.4554566054630475,5.133534841365666,8.50917599121426,0.10171769282543411,0.9443656355612073,5.185078731168699,8.59087169684797,-0.35781990557819976,-0.9476944545902759,3.0963319430272347,3.0463771862151314,1.3893984376395272,0.07802329610737666,7.102376306171423,7.226880070076522,0.9993730599288851,-0.9004704610481069,6.229293592147466,1.4113124560818595,-0.26346776769699676,0.02055349168639473,4.744134665511471,4.330050178120642,0.40357212613201204,-0.38060716061631034,2.2938153388679567,3.6559503796352204,0.34928615196213275,0.278499774612801,7.464157920199538,5.07987474635188,0.04347432011819134,-0.16205336000006218,5.84526054414935,2.393655280841989,-0.33531385932083646,-0.03972888155015289
205,8.317031507450118,8.882250854845857,0.042135886304861085,-0.14647669295774485,1.9693059497084011,4.2663764198302205,0.107664807189621,0.04096776965782928,9.359556038419973,5.146355930403704,-0.07264734966231251,-0.04530086913801453,2.6481894441136236,8.679712863400301,-0.2638042662183928,0.29161789520852494,8.7658600746094,0.6395585188778172,0.028459726093607033,0.023123322080009584,5.602862311391288,1.7562644488779593,0.9202081768629513,-0.3216012558327858,1.8933860029673446,7.636007558759144,0.13751841796195147,-0.06746894141644921,8.121115543998117,2.517845255339361,-0.048531224510289295,0.0006282770257800725,2.8094644826637447,3.44705769978067,0.06094493430875081,0.5052959855435485,1.7159013940609846,2.6200101910735905,0.06589942127278961,0.017682030118954115,4.791181020138093,7.950897697451887,0.07486427588595868,0.44772859194145903,5.138620726006938,8.55639427299232,0.20171769282543411,1.0443656355612074,5.167187735889788,8.543486974118455,-0.45781990557819974,-1.047694454590276,3.165801864909211,3.0502783510205003,1.289398437639527,-0.02197670389262335,7.152344959167867,7.1818565470241165,0.8993730599288852,-1.000470461048107,6.216120203762617,1.4123401306661791,-0.2752462384688071,0.024025452478041092,4.764313271818072,4.311019820089826,0.40286333774518895,-0.3645130562458623,2.311279646466063,3.6698753683658603,0.42018336305646026,0.2725773956272658,7.466331636205448,5.071772078351877,0.05356547558245965,-0.16237466379221763,5.828494851183308,2.3916688367644814,-0.3531511394708786,-0.05677968078920214
206,8.31913830176536,8.874927020197969,0.03782444986284523,-0.1461636538171306,1.9746891900678822,4.268424808313112,0.11362985583143259,0.027784224500210175,9.355923670936857,5.144090886946803,-0.07409755561774742,-0.04426543661085018,2.6349992308027037,8.694293758160727,-0.2531133666106384,0.2847629189403261,8.76728306091408,0.6407146849818177,0.028796904103722386,0.03067838625253037,5.6488727202344355,1.74018438608632,0.9346063669536899,-0.3072019238482394,1.9002619238654421,7.632634111688321,0.1402687312402269,-0.05713969141703808,8.118688982772603,2.5178766691906502,-0.028857138891429518,-0.004182563832622154,2.812511729379182,3.472322499057847,0.16094493430875081,0.4052959855435485,1.719196365124624,2.620894292579538,0.07191615701346218,0.01679805642981246,4.794924233932391,7.973284127048959,0.12262883894954311,0.4415872064889583,5.148706610648209,8.60861255477038,0.30171769282543415,0.9443656355612075,5.144296740610878,8.491102251388941,-0.5578199055781997,-0.947694454590276,3.2302717867911874,3.049179515825869,1.189398437639527,-0.12197670389262336,7.1973136121643115,7.131833023971711,0.7993730599288852,-1.100470461048107,6.202357891839176,1.4135414032900813,-0.2901641813440827,0.02967184516300436,4.784456438705331,4.292794167277533,0.40128831766999534,-0.34797360633541263,2.3322888146188863,3.6835042381472234,0.49550139759202355,0.2640392926355088,7.469009909984571,5.063653345162266,0.06318788804646079,-0.16224316078231046,5.810837294209764,2.388829852725021,-0.3690655332717873,-0.07486150704350258
207,8.321029524258503,8.867618837507113,0.03347318805720551,-0.1454513115188252,1.9803706828594538,4.2698140195381225,0.11950931010681563,0.014669106746484173,9.35221879315597,5.141877615116261,-0.07523154830247118,-0.04318082332741463,2.622343562472172,8.708531904107744,-0.24209950493962468,0.2774121137251851,8.768722906119265,0.6422486042944442,0.02908762785614265,0.037934494568318204,5.69560303858212,1.724824289893908,0.9518753656568065,-0.29546662056933093,1.9072753604274535,7.629777127117469,0.1426718203516535,-0.0470214008316652,8.117246125828032,2.5176675409990192,-0.009612993606814783,-0.008879603300578848,2.8205589760946195,3.4925872983350246,0.2609449343087508,0.30529598554354853,1.722792172975297,2.6217341954010287,0.07768107991575342,0.01598357563208266,4.8010556758798675,7.995363487373408,0.1737428857829041,0.4411342291131548,5.1637924952894805,8.65583083654844,0.20171769282543414,0.8443656355612075,5.116405745331968,8.443717528659427,-0.45781990557819974,-0.847694454590276,3.289741708673164,3.0430806806312383,1.089398437639527,-0.22197670389262336,7.237282265160756,7.076809500919306,0.6993730599288852,-1.2004704610481072,6.187849682771972,1.4150249955482315,-0.31052653297561744,0.039122546843422784,4.804520854588831,4.275395486960762,0.3988516548550043,-0.3310395538368299,2.3570638844984875,3.6967062027789988,0.5756609593955673,0.2524082201365174,7.472169304386894,5.055541187123151,0.07233623562085825,-0.1616822617291031,5.792384017546175,2.385086777372846,-0.3826704733292336,-0.093477918045212
208,8.322703183661362,8.86034627193117,0.02908766104677483,-0.1443746274439064,1.9863461483647946,4.270547474875447,0.12519464161933486,0.0019367271600407784,9.348457215740847,5.1397185739498905,-0.07604724134476551,-0.042048064814639366,2.6102385872251905,8.722402509794003,-0.23079385241291464,0.26959404782118257,8.770177287512073,0.6441453290228601,0.029335521696576973,0.04487798630310375,5.74319680686496,1.7100509588654413,0.9756736868648888,-0.29011297858659296,1.9144089514450362,7.627426057075886,0.14472989078192808,-0.037130804733615755,8.116765476147691,2.5172235608339903,0.009163938407571206,-0.013451709568134344,2.833606222810057,3.507852097612202,0.36094493430875085,0.20529598554354853,1.7266762269710847,2.6225333741826327,0.08313898708112871,0.015269556493245795,4.809742820169013,8.017420198829065,0.23406654997484905,0.4542749324291331,5.173878379930752,8.6980491183265,0.10171769282543414,0.7443656355612075,5.093514750053058,8.401332805929913,-0.35781990557819976,-0.7476944545902761,3.34421163055514,3.031981845436607,0.989398437639527,-0.32197670389262334,7.272250918157201,7.016785977866901,0.5993730599288852,-1.3004704610481073,6.172323356123191,1.4169811228904026,-0.3401662725122678,0.05538143773491207,4.824463437331581,4.25884350926892,0.39556207899299634,-0.31376112006797585,2.3858469324682656,3.7093266137858247,0.6607985290515175,0.23710069971504394,7.475786116167938,5.0474570740366955,0.0810064215487693,-0.16071778385484756,5.773250493879714,2.380412881470585,-0.3937043853613173,-0.11195040121393202
209,8.324157566713701,8.853127540558976,0.0246765270873712,-0.14296722336109008,1.9926058804457614,4.270644311233449,0.13051036223753673,-0.010062905485114113,9.344654853673608,5.137616170709158,-0.07654266736086288,-0.04086771535202888,2.598698894604545,8.735882212185063,-0.21922870315489318,0.2613351612399561,8.771644063596902,0.6463892283380154,0.029544127109509457,0.05149623829742766,5.7919804912082045,1.6955453099361117,1.0127152790346408,-0.2978784367716994,1.9216454459841326,7.625569516839206,0.14644637174122666,-0.027484845338948516,8.11722367306807,2.5165509753555835,0.027438977064311122,-0.017888606209962327,2.8516534695254947,3.5181168968893797,0.46094493430875083,0.10529598554354852,1.7308331763251412,2.623296852007295,0.08823579268086239,0.01468526389388632,4.821446147667755,8.040133945450522,0.31370904881091166,0.4933095860284862,5.1789642645720235,8.73526740010456,0.0017176928254341306,0.6443656355612075,5.075623754774147,8.3639480832004,-0.2856596693804254,-0.6476944545902761,3.3936815524371164,3.015883010241976,0.889398437639527,-0.4219767038926233,7.302219571153645,6.951762454814496,0.49937305992888525,-1.4004704610481074,6.155315042497578,1.4197501947771483,-0.3857809859758532,0.08436389483574196,4.844241541281231,4.243155453265521,0.3914317545271177,-0.29618784415270966,2.4188868589208417,3.721181648771577,0.7507662564358731,0.21739191315080178,7.4798364372453765,5.039421184843953,0.08919586913444036,-0.15937860753731295,5.753565274611648,2.3748153614098886,-0.40210022643120413,-0.12949155295415318
210,8.32539139306807,8.845979179390921,0.020251423063096227,-0.14126098368255438,1.9991313985576382,4.270141165959193,0.13521524262014187,-0.02097430448822787,9.340827720305565,5.135572784941557,-0.07671603743950581,-0.03963963476541069,2.5877374594468003,8.74894897024706,-0.20743678602958943,0.25265971615919297,8.773121269952378,0.6489640402528868,0.029716848347788868,0.057777653947592655,5.842616255159936,1.6806513880975267,1.0758141161029529,-0.3323778938070687,1.9289677645711938,7.6241952745722585,0.14782638257833944,-0.018100625146814764,8.118595621921285,2.5156565450450854,0.04518012825300195,-0.022180892266567144,2.874700716240932,3.523381696166557,0.5609449343087508,0.005295985543548515,1.7352449659591844,2.6240311152019893,0.09292110224158331,0.014259288515126829,4.837131600108301,8.064799424751946,0.41370904881091164,0.5795140206280215,5.179050149213295,8.76748568188262,-0.0819871139930774,0.5443656355612075,5.061340771305126,8.331563360470886,-0.31895988815674975,-0.5476944545902761,3.438151474319093,2.9947841750473447,0.789398437639527,-0.5219767038926233,7.327188224150089,6.88173893176209,0.3993730599288853,-1.3004704610481073,6.1360259931987855,1.4239683895189355,-0.4599439510903848,0.13885866808559294,4.863813129007586,4.228346061057885,0.3864761918769238,-0.2783686345685492,2.4564251717426355,3.732051244429117,0.845124409346292,0.19242313556804075,7.484296230702099,5.031452254467088,0.0969036701336864,-0.15769638937691136,5.7334602632900875,2.368340783762181,-0.40801926822838885,-0.14530890708541205
211,8.326403964221225,8.838916130206794,0.015825975272692538,-0.13928599732961222,2.0058921606886453,4.269092450734782,0.13901871778283043,-0.03047989884324038,9.33699191843359,5.133590803203286,-0.0765660122076394,-0.038362542116220574,2.577365620145321,8.76158195605502,-0.19545308114272092,0.24358994515757215,8.774607112369768,0.6518529229502664,0.029856933691570598,0.0637116797973297,5.896406960965084,1.6640324934071733,1.175814116102953,-0.42611630233325615,1.9363590837001108,7.6232902433149174,0.14887613798100216,-0.0089960216268651,8.120854628333936,2.5145475004317572,0.06235819026823824,-0.026319860890837026,2.9027479629563695,3.5236464954437343,0.6609449343087508,-0.09470401445645149,1.7398910210712637,2.6247440796277455,0.09715000042803756,0.01402013962036993,4.857817052548847,8.093775125783347,0.5137090488109116,0.6795140206280215,5.174950793513641,8.79470396366068,-0.1390955408189322,0.44436563556120756,5.045392776897288,8.304178637741373,-0.4189598881567498,-0.617218893205248,3.4776213962010694,2.9686853398527138,0.689398437639527,-0.4219767038926233,7.347156877146533,6.816715408709685,0.2993730599288853,-1.2004704610481072,6.113028795644266,1.430911322923215,-0.5599439510903848,0.23885866808559295,4.8831369386014325,4.214427629329458,0.3807144784507568,-0.26035157429837663,2.4986813922099502,3.741672401207519,0.943119662123948,0.16125291057604507,7.489141414208783,5.023567434998243,0.10413070723620614,-0.1557047323055721,5.713059299878668,2.36107533840791,-0.411838290703077,-0.15871319149840285
212,8.327195262984858,8.831951830340314,0.01142692028855486,-0.13705761657026663,2.012843096577787,4.2675684557926195,0.14161756225958924,-0.03834989041703594,9.333163617823208,5.131672676097475,-0.07610480630780712,-0.03703250401915983,2.567592966088185,8.773761453312899,-0.1833215133570047,0.23414682744068543,8.776099959054347,0.6550385069401329,0.02996701367823998,0.0692903564959273,5.955197666770232,1.6427266782905106,1.275814116102953,-0.5261163023332561,1.943802890599161,7.622840442233574,0.1495995974695865,-0.0001922892368426913,8.123972537847347,2.5132315073872156,0.07894569352831307,-0.03029271896661439,2.935795209671807,3.518911294720912,0.7609449343087508,-0.1947040144564515,1.7447485210926656,2.625445086608764,0.10088533060102457,0.013996400477509505,4.8835025049893925,8.127750826814749,0.6137090488109116,0.7795140206280214,5.167996016472695,8.816922245438741,-0.1840018963900065,0.3443656355612076,5.024444782489451,8.273317693081111,-0.5189598881567498,-0.717218893205248,3.5120913180830455,2.9475865046580827,0.589398437639527,-0.32197670389262334,7.362125530142977,6.75669188565728,0.1993730599288853,-1.100470461048107,6.0850315980897465,1.4428542563274946,-0.6599439510903847,0.33885866808559295,4.90217266252397,4.201410050614538,0.37417601621398533,-0.24218157115442504,2.5458373753161476,3.7497350467363213,1.043119662123948,0.12293945413793042,7.494347949570593,5.015782198382964,0.11087544499794988,-0.15340878827906965,5.692467385343514,2.35313967883299,-0.4140933804669575,-0.16920489238080247
213,8.327766608999287,8.825098949511801,0.007076826959385412,-0.13458593238624042,2.0199239746907662,4.265650961271768,0.14272257784761394,-0.044483500465804,9.329358377507818,5.129821050896517,-0.07534475487082762,-0.035645207413455504,2.5584268904203347,8.785468794684933,-0.1710847350550385,0.2243640851542411,8.77759830973826,0.6585030247649293,0.030050431870640187,0.07450553989708242,6.01898837257538,1.6164208631738477,1.3652706112333313,-0.6213180812615758,1.9512828704726402,7.6228308277717325,0.14999478880555658,0.008296360514953947,8.127919822523763,2.511716871438885,0.0949182421926491,-0.03408722300209814,2.9738424563872448,3.5091760939980894,0.8540366708088578,-0.2947040144564515,1.7497927876227168,2.6261449066326397,0.10410605548107624,0.014193643415384493,4.914187957429938,8.16672652784615,0.7137090488109116,0.8795140206280214,5.158795921653194,8.834140527216801,-0.22183798476893227,0.24622494520163418,4.998496788081614,8.237456748420849,-0.6189598881567497,-0.817218893205248,3.541561239965022,2.9314876694634515,0.48939843763952706,-0.22197670389262333,7.3720941831394216,6.701668362604875,0.09937305992888529,-1.000470461048107,6.052034400535227,1.4597971897317743,-0.7599439510903847,0.43885866808559293,4.92088146333467,4.1893009720568175,0.3669195245454165,-0.22390797262188958,2.597993358422345,3.755882019443218,1.143119662123948,0.07660152973405293,7.49989172182049,5.008111758969011,0.11714461747794944,-0.15081451005986313,5.671762716320166,2.34467943421395,-0.41541167687704667,-0.17657258154781086
214,8.328120450347257,8.818369652892489,0.002797010149156798,-0.13187965619113384,2.027060103583147,4.263426786248478,0.14214112458126824,-0.04892600784672303,9.325591139764276,5.128038790525844,-0.07430005680833164,-0.03419623744471395,2.549872653667583,8.796686998942645,-0.15878124776777824,0.21427823612639016,8.77910083133179,0.6622283017597834,0.030112506457017175,0.07935042408720404,6.087251903137046,1.585354959110769,1.3457727232494736,-0.6624920960718673,1.958782609912918,7.62324564579748,0.15005981505136826,0.016458147123547984,8.132665734633395,2.51001251028878,0.11025177621341833,-0.03768978012730694,3.0165442899276877,3.4944408932752666,0.8100788444584114,-0.39470401445645154,1.7549980903967706,2.626854588803409,0.10679569448058718,0.014618564135964919,4.9498734098704835,8.210702228877551,0.8137090488109116,0.9795140206280214,5.1477040224147474,8.846451774476883,-0.25529190806620705,0.16097167407988827,4.967548793673776,8.196595803760585,-0.7189598881567497,-0.917218893205248,3.566031161846998,2.9203888342688202,0.3893984376395271,-0.12197670389262333,7.377062836135866,6.651644839552469,-0.0006269400711147177,-0.900470461048107,6.014037202980708,1.4817401231360539,-0.8599439510903847,0.5388586680855929,4.93922743956194,4.178105573425723,0.3590074778470178,-0.2055774889414903,2.655149341528542,3.7597120959299204,1.2431196621239482,0.02150621245787051,7.505748952694388,5.000571033466017,0.1229486227090808,-0.1479275348469297,5.650992132476314,2.3358508051365594,-0.41624087719772734,-0.18124664243661656
215,8.328260300854714,8.811775670082932,-0.001392252771713844,-0.12894760660157592,2.0341671598122106,4.260980485856142,0.13981999429015265,-0.051853411295955776,9.321876136923859,5.126328978653608,-0.0729870004883394,-0.032681360917711434,2.541933591279194,8.807400910748965,-0.14644628442474006,0.20392710104272538,8.780606456654642,0.6661958229641436,0.030159847045971303,0.0838198481191831,6.15454053929952,1.5522303543071756,1.2457727232494735,-0.7624920960718673,1.9662856006654863,7.624068553153657,0.14979319899416238,0.02428318549137848,8.138178323444066,2.5081280212824146,0.1249215686671773,-0.04108628078908031,3.0570482321506085,3.474705692552444,0.7100788444584114,-0.4947040144564515,1.7603378751207999,2.6275855170102074,0.10894302800018783,0.0152770394384204,4.990558862311029,8.259677929908952,0.9137090488109115,0.8795140206280214,5.134939427011437,8.854500358180877,-0.28603624690376156,0.08133291446950679,4.931600799265939,8.150734859100323,-0.8189598881567497,-0.817218893205248,3.5855010837289747,2.9142899990741893,0.2893984376395271,-0.021976703892623323,7.37703148913231,6.606621316500064,-0.10062694007111472,-0.800470461048107,5.971040005426189,1.5086830565403335,-0.7599439510903847,0.6388586680855929,4.957177813454291,4.167826698978649,0.35050441581975755,-0.18723222886244342,2.7173053246347396,3.7607874065528137,1.3411785779595056,-0.04315324623441418,7.511896383829842,4.993174656723671,0.12830090671621122,-0.14475282206729592,5.630180088616427,2.326788473014729,-0.41667637760828813,-0.18412471119290288
216,8.328190688216129,8.805328289752854,-0.0054715932295258994,-0.12580002899763293,2.0411581595267183,4.258387815291345,0.13585624007525401,-0.05350768293103992,9.31822678689944,5.124694910607722,-0.07142439152286462,-0.031098121168152974,2.534611277057957,8.817597265801101,-0.13411098171021715,0.19334992724873049,8.78211444900694,0.6703868153701027,0.030192692074784973,0.08791282988906134,6.216829175461993,1.5141057495035821,1.1457727232494734,-0.8624920960718673,1.9737752606151944,7.625282712428226,0.1491951519060642,0.03176512323809341,8.144424401877425,2.5060737072429604,0.13889639622997926,-0.044270635652901694,3.092552174373529,3.4499704918296215,0.6100788444584114,-0.5947040144564515,1.7657850265208093,2.6283493689821285,0.11053290922011637,0.016155103743348387,5.036244314751574,8.303653630940353,0.8137090488109116,0.7795140206280214,5.120637614666249,8.858567003904351,-0.3150295836880799,0.00029877875382031127,4.890652804858101,8.10987391444006,-0.7189598881567497,-0.717218893205248,3.599971005610951,2.9131911638795582,0.1893984376395271,0.07802329610737668,7.372000142128755,6.5665977934476585,-0.20062694007111473,-0.7004704610481071,5.9330428078716695,1.540625989944613,-0.6599439510903847,0.7388586680855929,4.974703034245279,4.158465087535527,0.34146358868847715,-0.16891219857476314,2.784364253532715,3.758629744241093,1.4373998157287018,-0.12223186167664621,7.518311429165652,4.985937015620306,0.1332175907107928,-0.14129614687555617,5.609346269736013,2.317582237455084,-0.41643409676397036,-0.18635584587981985
217,8.327917108554653,8.799038288302972,-0.009422713941866945,-0.12244758390941918,2.047950971530481,4.255712431144793,0.1304682122417617,-0.0541565262575773,9.314655567323298,5.123140004549315,-0.06963345052849597,-0.029443785693545905,2.527905727972446,8.827264762163537,-0.12180575601260235,0.18258708431361792,8.783624083610679,0.6747824568645557,0.03021902818349673,0.09163014485294035,6.274117811624467,1.4709811446999888,1.0457727232494733,-0.7773476600378554,1.9812350182104976,7.626870968590131,0.14826615906397952,0.03889820373213281,8.151369221688924,2.503860175460315,0.1521475878408549,-0.047229637358313356,3.1230561165964494,3.420235291106799,0.5100788444584115,-0.6947040144564515,1.7713116719818152,2.629157124169296,0.1115533418696011,0.017231551568171206,5.076929767192119,8.342629331971754,0.7137090488109116,0.6795140206280215,5.104886135481845,8.858581942842042,-0.3416617491821257,-0.08874797283687492,4.854704810450264,8.074012969779798,-0.6189598881567497,-0.617218893205248,3.609440927492927,2.917092328684927,0.0893984376395271,0.1780232961073767,7.3619687951251995,6.531574270395253,-0.30062694007111473,-0.6004704610481071,5.90004561031715,1.5775689233488928,-0.5599439510903848,0.6631542883351459,4.991776213679703,4.150019477606789,0.33193137674790313,-0.15066355851608274,2.85623424431915,3.7525181511572607,1.4844620890647107,-0.2153422999079249,7.524972308701192,4.9788722082765275,0.1377137747634893,-0.13756233860070954,5.588524564897814,2.3082644451610927,-0.4151247044814384,-0.1889304241343867
218,8.327445972857559,8.792915909107501,-0.013229742893349876,-0.11890028198228052,2.054474382142569,4.253004604831914,0.12394717153168944,-0.05405214867250782,9.311173894796873,5.1216678152646375,-0.06763620080868289,-0.02771646741346404,2.521815440171816,8.836394116379218,-0.10956190381133776,0.1716762825628886,8.785135035019854,0.6793639641072028,0.030245727634392042,0.09497563217022142,6.32640644778694,1.432113761698096,0.9457727232494734,-0.6966737326639908,1.9886483261636967,7.628815878776738,0.14700867351074146,0.04567618873017158,8.158976601080967,2.5014986935923993,0.16464727181600528,-0.049954566808466216,3.14856005881937,3.3855000903839763,0.4100788444584115,-0.7947040144564514,1.7768893390752951,2.6300187017477046,0.11199503469928987,0.018487159141613925,5.112615219632665,8.376605033003155,0.6137090488109116,0.5795140206280215,5.087803048022739,8.854144544200198,-0.3637662149316285,-0.18874797283687494,4.823756816042427,8.043152025119536,-0.5189598881567498,-0.517218893205248,3.6139108493749035,2.925993493490296,-0.01060156236047291,0.2780232961073767,7.346937448121643,6.501550747342847,-0.40062694007111477,-0.5004704610481071,5.872048412762631,1.61072663776565,-0.4599439510903848,0.5934058645830707,5.008372782517098,4.142486299680985,0.3219517523356633,-0.1325286986668287,2.9304573487723853,3.7417510361618644,1.470829652997492,-0.29438092985666975,7.531857997439366,4.971994091346492,0.1418068797180942,-0.13355573388646338,5.567768329673743,2.2988179239543736,-0.41225244275478784,-0.19282037395332285
219,8.326784485712892,8.786970895008388,-0.016879205619536528,-0.11516777632952371,2.0606717407191537,4.250301997398289,0.11663185221406228,-0.05340891492693506,9.30779208475644,5.120281991893965,-0.06545516961683472,-0.02591474109649705,2.516337344981249,8.844977930507362,-0.09741039512067183,0.16065330467003291,8.786647321401574,0.6841127457157139,0.030275826393891786,0.0979532440108074,6.373695083949414,1.3972800750648964,0.8511181331650369,-0.639783854664562,1.9959987598392337,7.631099688213246,0.14542764600278718,0.052093257223099945,8.167208964671767,2.499000965251976,0.17637592783729233,-0.052440217786106094,3.169064001042291,3.3457648896611536,0.3100788444584115,-0.8947040144564514,1.7824890908102595,2.6309430597047854,0.11185199558341985,0.019897934975824195,5.14330067207321,8.405580734034556,0.5497330297670674,0.5322442920966204,5.069614737276157,8.844707145558354,-0.3773646526583604,-0.2887479728368749,4.7978088216345895,8.017291080459273,-0.42716571112608387,-0.4172188932052481,3.61338077125688,2.9398946582956644,-0.11060156236047292,0.3780232961073767,7.326906101118087,6.476527224290442,-0.5006269400711147,-0.40047046104810713,5.849051215208111,1.6403969309948034,-0.38397721527392337,0.5495261362479893,5.024470370133881,4.135859864747643,0.3115608744468387,-0.1145517674314187,3.00399883142226,3.727031989669031,1.4537974988277507,-0.3694222954860422,7.538948341425271,4.965316304652169,0.14551446594126163,-0.12927921523785477,5.547155707536003,2.2891769052567073,-0.4074353005077997,-0.19864104678919756
220,8.325940525431916,8.781212506191912,-0.020359607428837703,-0.11125962666933989,2.066503333329857,4.247631551651942,0.10883818137696727,-0.052381305161715026,9.304519326275598,5.11898625483914,-0.063113456201363,-0.02403817658878854,2.5114668252252152,8.853010595740864,-0.08538132932316847,0.14955310116860654,8.78816111272127,0.6890104079162542,0.03031014525741393,0.10056777309737765,6.416250990607666,1.3652908823316683,0.7931678118148143,-0.59516944049112,2.0032701421393733,7.633704351074401,0.14353007176861368,0.05814525304019111,8.176027761063631,2.4963789543626707,0.18731872420865373,-0.0546831090113,3.184567943265211,3.301029688938331,0.2100788444584115,-0.9947040144564514,1.7880816905894306,2.6319379564535765,0.11112299248600846,0.021434175163538044,5.170787323561564,8.432192948639388,0.5085457316758396,0.5523895176954204,5.050746504643239,8.83026974691651,-0.3766262641902543,-0.3887479728368749,4.776450536078285,7.99643013579901,-0.3721807745489223,-0.3287579284861347,3.607850693138856,2.9587958231010334,-0.21060156236047292,0.4780232961073767,7.3018747541145315,6.456503701238037,-0.6006269400711147,-0.30047046104810715,5.829852354444415,1.667873237807203,-0.3464722029694963,0.5204110342584432,5.040048413856223,4.130132276376072,0.3007868370363229,-0.09678081624747117,3.0766887063636474,3.708560874894729,1.432632465604152,-0.44448196644742394,7.546224064722334,4.9588523438902765,0.14885314617548498,-0.12473545286802587,5.526783942510614,2.2792448529172473,-0.40034796411924495,-0.20680165503276585
221,8.324922545060474,8.775649524858444,-0.023659081266302884,-0.1071869073725088,2.0719452423987055,4.245012486393856,0.10080594148538836,-0.0510615776199268,9.301363653465529,5.1177843460097,-0.06063465048693139,-0.02208785474177351,2.507197758759057,8.860488250799294,-0.07350280276367402,0.13840695564783373,8.78967661998414,0.6940387965711231,0.030347280307173253,0.10282554332942459,6.455909381198406,1.3355324103071122,0.7498668310503547,-0.5565753100744626,2.010446645727804,7.636611613726411,0.14132623571632502,0.06382836255947,8.185393697274064,2.4936447989121056,0.19746316576742196,-0.05668206712699393,3.1950718854881317,3.2512944882155086,0.11007884445841148,-1.0947040144564515,1.793637840213731,2.6330096652117536,0.10980884870822631,0.02307048522329597,5.196214610145356,8.45981242452416,0.4608775869369437,0.617516638495106,5.031915191433726,8.810832348274667,-0.3529318687895196,-0.4887479728368749,4.75784149735084,7.979992239374703,-0.33342382898272327,-0.26008050234036884,3.5973206150208323,2.9826969879064023,-0.3106015623604729,0.5778774507976133,7.271843407110976,6.441480178185632,-0.7006269400711147,-0.20047046104810715,5.81252874429594,1.6938937895201251,-0.3257261878088476,0.5001671012029272,5.055087755708039,4.125293235563698,0.2896553494894284,-0.07926246087894674,3.148320329643855,3.686336776572358,1.4054229721241063,-0.524200600367687,7.5536667220311084,4.952615571246875,0.15183755173370725,-0.11992673233413272,5.506766544304651,2.268904770165609,-0.3906266053838075,-0.21766493056013436
222,8.323739590997159,8.77029017948982,-0.026766580683860185,-0.10296319889019237,2.076985539472975,4.242459407512859,0.09271091967540208,-0.0495028556657372,9.298331920941182,5.1166799532726115,-0.05804290829645278,-0.020065782374533672,2.5035226186208734,8.867408598581687,-0.06180256383857488,0.12724458900856325,8.791193983999499,0.6991800737375944,0.030385775649837483,0.1047335845386112,6.493402722750924,1.3077036448033892,0.7130739701961567,-0.5211023568792792,2.0175129575136204,7.639803031854385,0.13882724251252482,0.06913896529764503,8.195266855562435,2.490810695555756,0.20679962878929053,-0.0584352261875897,3.2005758277110523,3.196559287492686,0.010078844458411479,-1.1947040144564516,1.7991282826491424,2.6341631894729183,0.10791277225596231,0.024785755162617582,5.219258489492203,8.490688256448914,0.38520359348221933,0.7175166384951059,5.01426859799425,8.786394949632824,-0.2925340695096052,-0.5887479728368749,4.741170305901703,7.966988214257685,-0.3031650073858757,-0.20194162159900608,3.5817905369028087,3.011590860446283,-0.41060156236047296,0.6729150676953783,7.23681206010742,6.431456655133227,-0.8006269400711147,-0.10047046104810714,5.796242434905498,1.7189021445802715,-0.3140509864235362,0.4863304048833445,5.06957052318251,4.121330112519751,0.2781901930548784,-0.06204198621170838,3.21859147825006,3.6601267465539733,1.3695619808834583,-0.6118006051963158,7.561258599617794,4.946619234630169,0.1544789052122517,-0.11485388548941823,5.4872352140354606,2.2580215236376024,-0.37780918970448873,-0.23166423502035344
223,8.322401261962966,8.76514201954531,-0.029672535842949495,-0.09860403865727795,2.081621085456745,4.239984264729572,0.08467855042545216,-0.04773461435338519,9.29542977552636,5.1156766641538844,-0.05536230670503813,-0.01797485992805554,2.5004324904289446,8.873770828032114,-0.05030631874808469,0.11609513756673526,8.79271327278199,0.704416752964525,0.030423968637554217,0.10629970995117836,6.529056421260732,1.2816485269594253,0.6791841794947048,-0.4872493257911921,2.0244543196392466,7.643259980119267,0.13604476606693885,0.07407475220464257,8.2056068370019,2.4878889342463766,0.21532133092906044,-0.059940671376721565,3.201079769933973,3.136824086769863,-0.08992115554158853,-1.2947040144564517,1.8045239212619404,2.6354024772310494,0.10544059779467023,0.026563378228329198,5.238518669166314,8.52656408837367,0.28520359348221935,0.8175166384951059,4.99964189451877,8.756957550990979,-0.1925340695096052,-0.6887479728368748,4.72601205553241,7.956891133177735,-0.277775039967709,-0.15003761735068766,3.561260458784785,3.045236613831052,-0.5106015623604729,0.7493546285611726,7.196780713103864,6.426433132080821,-0.8918209672966149,-0.00047046104810713474,5.780539885584321,1.7432186648244388,-0.30845065467533317,0.4779405613392739,5.083480032835254,4.1182280132091655,0.26641207759754204,-0.045163805907313566,3.287069577294233,3.6295367162941576,1.322754965233146,-0.7073325257268034,7.5689825448784065,4.940876540355698,0.15678484744649834,-0.10951652436781929,5.468344754550236,2.246438311886585,-0.3612795308747073,-0.2493348465709995
224,8.320917635170819,8.760211817612447,-0.03236926289491892,-0.09412691874159214,2.085855012978018,4.237597534011903,0.07679646730925853,-0.04577276407482904,9.292661660191108,5.114777921157482,-0.052616526497632855,-0.01581881839694583,2.4979171744915405,8.879575584910452,-0.03903719238571363,0.1049867462801069,8.794234471213867,0.7097317384620839,0.030459912242568915,0.10753255495459267,6.563015630235467,1.2572860606698657,0.6464447057214947,-0.45420114458416955,2.0312565579425934,7.646963717729499,0.132991330412908,0.07863481550199634,8.216372903548352,2.4848919006775403,0.22302422304623937,-0.06119662519231235,3.1965837121568934,3.0720888860470406,-0.18992115554158853,-1.3947040144564518,1.809795951151674,2.6367306461424658,0.10240141861531642,0.028392266640906504,5.252778848840426,8.567439920298424,0.18520359348221935,0.9175166384951059,4.990015191043289,8.722520152349135,-0.09253406950960519,-0.7887479728368748,4.712123303534025,7.949389252310201,-0.2552316322734847,-0.10199432232976163,3.5357303806667617,3.0827043452591103,-0.6106015623604729,0.7559156198821969,7.1521896647390335,6.426409609028416,-0.9761779070320882,0.09952953895189287,5.765117352850554,1.7671156928914025,-0.30802186751917143,0.47488230915649376,5.096800636715131,4.1159698229138,0.2543369039265741,-0.028671049176502313,3.3532073255558905,3.5941700900078173,1.264087969620632,-0.8073325257268034,7.576821787250731,4.935400714137307,0.15875864825874736,-0.10391317425370761,5.4502807780065,2.233971569558035,-0.3401819017269444,-0.2713658552250069
225,8.319299172026072,8.755505471675367,-0.0348512307601447,-0.08954962981532041,2.089694836343481,4.235308895808162,0.06912505938070303,-0.043626367726673165,9.290030833866226,5.113986980237635,-0.049827825666480245,-0.013602808763058787,2.495965314872255,8.884824922224457,-0.028014261229875492,0.09394673679862703,8.795757466825997,0.7151083662098136,0.03049139773732481,0.10844145490918225,6.595337865521542,1.2345760034406572,0.6139665705535071,-0.42151111753261405,2.037906124463239,7.650895458504599,0.12968073465522928,0.08282030084251409,8.227524114700664,2.4818320694179246,0.22990690625672075,-0.0622017651966557,3.187087654379814,3.002353685324218,-0.28562501676385715,-1.4725550413477408,1.8149160220824396,2.638150259474511,0.09880822214641413,0.03026893143952095,5.262039028514536,8.61331575222318,0.08520359348221934,1.017516638495106,4.985388487567809,8.683082753707291,0.007465930490394818,-0.8887479728368748,4.699361721920351,7.944289536193713,-0.23424513646515427,-0.05630948692502921,3.505200302548738,3.12050012625322,-0.7106015623604729,0.6559156198821969,7.103380769387429,6.43138608597601,-1.0525136362271303,0.19952953895189288,5.749716259474596,1.790859808349227,-0.31310539561177625,0.47765495466517593,5.10951748191146,4.114536270454975,0.2419731892821905,-0.012605272281294343,3.416411724036922,3.553803463721477,1.1953277229988397,-0.9061962450983831,7.584759719663668,4.930205055424621,0.16039776198141334,-0.09804294890120308,5.433271682920153,2.2204032767967847,-0.3132790753360697,-0.29868637560741335
226,8.317556610488065,8.7510279901846,-0.0371155657500857,-0.0848900648412103,2.093151089312516,4.233127577421828,0.06171088968132892,-0.04130144289673828,9.2875394425829,5.113306839799482,-0.04701712810974139,-0.011332902662199298,2.4945646018107612,8.889522259064389,-0.017254212864477078,0.0830003344046284,8.797282036712863,0.7205304389552727,0.03051619599992896,0.10903655642703013,6.626036194049218,1.2135004475640265,0.5813016261230167,-0.38894147606074525,2.0443901611960005,7.6550364735467245,0.12612810512789008,0.08663299416733505,8.2390194600135,2.478721981158092,0.23597070109102836,-0.06295486792725641,3.172806403541621,2.928725933256831,-0.35724837523892483,-1.4568368468669195,1.8198564331897604,2.639663706046487,0.09467641458400292,0.03220343719558239,5.266299208188647,8.664191584147934,-0.014796406517780664,1.0890424818999949,4.985761784092328,8.638645355065448,0.10746593049039482,-0.9887479728368748,4.687649465097093,7.941474061847462,-0.2139161730954409,-0.011909664870719344,3.4696702244307143,3.15329590724733,-0.8106015623604729,0.555915619882197,7.050755087576072,6.441362562923604,-1.10847215346692,0.2995295389518929,5.734060989694007,1.814742556082486,-0.32510970721389104,0.487363063599306,5.12161614137557,4.11390600684091,0.2293166438025559,0.002995713622367415,3.476178110186864,3.5084936514665577,1.1187904961997461,-0.9991535545716315,7.592779607762739,4.925302907979561,0.16169360755947312,-0.09190591194629379,5.4176077291533495,2.205468958016414,-0.2786984016069137,-0.33261249199084236
227,8.31570083220056,8.746783486942538,-0.03916193342942885,-0.08016595243920431,2.096236633796582,4.2310625052769915,0.05459474895649393,-0.03880219290051046,9.285188586177414,5.112740194666372,-0.04420377816795978,-0.009015948590471702,2.4937018911675373,8.89367227578462,-0.006771512025183137,0.07217006558943648,8.79880784651286,0.7259822667766243,0.03053210070497713,0.1093287110048247,6.655101275355369,1.1940533737609893,0.548240933359926,-0.35637775361105484,2.050696566452395,7.659368123255091,0.12235011067273102,0.0900748888586695,8.25081799506805,2.475574237761729,0.24121965995115005,-0.06345495049084492,3.154943984779675,2.855884090913485,-0.4572483752389248,-1.3568368468669194,1.8245902539189607,2.6412738779062663,0.09002427058883404,0.034219725016399166,5.265559387862758,8.718643708242935,-0.11479640651778067,0.9890424818999949,4.991135080616848,8.589207956423603,0.20746593049039483,-0.9526848022736693,4.676953656442321,7.940878578603926,-0.19348305011046973,0.03212939532174644,3.4291401463126907,3.18109168824144,-0.9106015623604728,0.455915619882197,6.995331479902727,6.4563390398711995,-1.1109730328975755,0.3995295389518929,5.717805504333312,1.8391107092624512,-0.3467839869219871,0.5058975783436477,5.133081973565698,4.114055792522029,0.2163507936071481,0.01810019820197959,3.5321176349968515,3.458535973737976,1.0214864281754081,-1.0984377438223099,7.600864288140713,4.920707612382246,0.16263204375013526,-0.08550408864645788,5.4036728090730035,2.188838333416872,-0.23345535022718011,-0.37511621459591765
228,8.31374273552909,8.742775189320579,-0.040991899786357255,-0.07539267021321616,2.0989663712444067,4.229122395631966,0.047793715475008255,-0.03613219450254195,9.282978397269016,5.112289397236849,-0.04140375775802213,-0.006660569913179081,2.493363315566278,8.897280779064092,0.0034211911708830686,0.06147801582618942,8.800334451548109,0.7314487023268655,0.030536061718916287,0.10932861499159958,6.6825133220233655,1.1762344860804366,0.5147075478462845,-0.3237816447511495,2.0568140719860315,7.663871867698025,0.1183632752381127,0.0931508914639024,8.262878978065608,2.4724014902371865,0.24566020849708245,-0.06370333195068263,3.1320815660177286,2.788042248570139,-0.5572483752389248,-1.2568368468669193,1.8290914674484025,2.642984864157086,0.08488645002888401,0.036329175531236324,5.259819567536868,8.768095832337934,-0.21479640651778067,0.8890424818999949,5.001508377141368,8.54157371630992,0.30746593049039483,-0.8526848022736693,4.667279503936798,7.942485048370013,-0.17210925860424203,0.07675516204615447,3.3836100681946673,3.20388746923555,-1.010601562360473,0.355915619882197,6.939782828257848,6.4763155168187945,-1.0109730328975755,0.4995295389518929,5.700466304987213,1.8644055881796335,-0.38309965959285075,0.5363916181532792,5.143899513246056,4.114960802432128,0.20306762985427318,0.032678680818261,3.583191956405622,3.4036140865468605,0.9143237815646085,-1.1891223748905722,7.608995890328219,4.916432407949923,0.16319602098091643,-0.07884498704297865,5.392000041561644,2.170082522687076,-0.17248755928943432,-0.42934650211227504
229,8.311693140539772,8.739005555809918,-0.04260835119866725,-0.0705804127291952,2.101356057018157,4.227315785906838,0.04131160362778516,-0.03328129073309008,9.280908209381115,5.111956368741191,-0.038628822299316204,-0.00427879299895409,2.4935343751248222,8.9003546798554,0.013311495376897298,0.050944123968944835,8.801861254634055,0.7369151330764455,0.03052375510275685,0.10904694851357824,6.708248699415679,1.1600454038428791,0.4806997573645958,-0.2911605814592236,2.062732235747937,7.66852941227122,0.11418554431846446,0.09586727122045878,8.275161988490462,2.4692163236396523,0.24929985989718823,-0.06370373771281694,3.1042191472557823,2.725200406226793,-0.6572483752389248,-1.1568368468669192,1.8333357899498466,2.644801322933648,0.07930108380220277,0.03852378758691513,5.249079747210979,8.812547956432933,-0.3147964065177807,0.7890424818999949,5.016881673665888,8.498939476196236,0.4074659304903948,-0.7526848022736693,4.658674041006586,7.946322806472321,-0.14905040238410724,0.12243804485225886,3.3330799900766435,3.2216832502296597,-1.110601562360473,0.255915619882197,6.88923417661297,6.501291993766389,-0.9109730328975755,0.5995295389518929,5.68131132200757,1.8912251690872974,-0.4434152107406851,0.5842448226543704,5.154052894738769,4.116594736473041,0.18946140853916796,0.046701881443020433,3.6289081454838525,3.3441579678023317,0.8010888015491224,-1.268170624179803,7.617155691377265,4.912490158597774,0.16336347303847054,-0.0719468486866239,5.383375663597173,2.1486151975814622,-0.08643928040234447,-0.5006763979960847
230,8.30956272297984,8.735476535173458,-0.04401474646383166,-0.06573520072072377,2.103421637199546,4.225651721370184,0.03515560218409781,-0.030235269426956868,9.27897676826615,5.111742429091243,-0.03588611724496102,-0.0018871614450308963,2.494199949893667,8.902901886053847,0.022885974158277506,0.040582342431968656,8.803387442389193,0.7423674805021244,0.030489862282638832,0.10849444676491073,6.73228368728391,1.145487374769918,0.4462610510735391,-0.25854936253938077,2.0684415129638603,7.6733227758322435,0.10983805965659763,0.09822779598666986,8.287626981485321,2.4660311367540113,0.2521469498668254,-0.06346190418779915,3.071356728493836,2.667358563883447,-0.7572483752389247,-1.0568368468669191,1.8373008441399568,2.6467275123129936,0.07331098497357116,0.04079473192627231,5.23333992688509,8.852000080527933,-0.3835680299229098,0.689042481899995,5.037254970190408,8.461305236082552,0.46417858136756757,-0.6526848022736693,4.651221520887381,7.952444708714935,-0.12383510215128084,0.16894203047524814,3.2775499119586198,3.2344790312237697,-1.2106015623604731,0.15591561988219702,6.843685524968091,6.531268470713984,-0.8109730328975755,0.6995295389518928,5.659140561470536,1.920437410220016,-0.5434152107406851,0.659504352791616,5.163525965165728,4.118929830545192,0.17552772420402307,0.060147338389050134,3.668962585561309,3.2807494365933416,0.6840599591346084,-1.334938939543213,7.625323865029189,4.908892816163442,0.16310564153637555,-0.0648421343513547,5.379053699577056,2.123581377681658,0.013560719597655535,-0.5990967684398142
231,8.307361985656648,8.732189775137421,-0.04521313740950323,-0.06086272692453361,2.105179417308751,4.224139957898836,0.02933790124570513,-0.02697886690934869,9.277182462403902,5.111648071018991,-0.033182354283141056,0.0004988880860750632,2.495344248601581,8.904931003175445,0.032130313453017874,0.030405272158014585,8.804911935503325,0.74779220284037,0.03042863413053299,0.10768216272524747,6.754596739837586,1.1325599066429488,0.4114624494728005,-0.22599902729491453,2.0739334159466902,7.678234165631577,0.1053419257990014,0.1002357730668918,8.300234328978663,2.4628580415446213,0.2542118081159174,-0.06298468041888368,3.03349430973189,2.614516721540101,-0.8572483752389247,-0.9568368468669192,1.8409663933886353,2.6487672489093073,0.06696674878752637,0.04313171407389569,5.214161525388945,8.886452204622932,-0.3954198006579225,0.589042481899995,5.060463899258786,8.428670995968869,0.4613013099574224,-0.582891190536774,4.6450297657798165,7.960891810238697,-0.09633154182196352,0.2154741034442591,3.217019833840596,3.2422748122178797,-1.3106015623604732,0.05591561988219701,6.803136873323212,6.566244947661579,-0.7109730328975755,0.7995295389518928,5.6319698009335015,1.9534126278595967,-0.6434152107406851,0.759504352791616,5.1723023513759285,4.121937197464645,0.16126596581826472,0.07299231208925094,3.703165583518039,3.214002489616181,0.5840599591346084,-1.3421498575743638,7.633479147106008,4.905650709445875,0.16240076854287228,-0.057566530799928066,5.3797317355569385,2.0936265392596676,0.11356071959765554,-0.6990967684398142
232,8.305101328786172,8.729146638791194,-0.046204421117212104,-0.05596895865638597,2.106646312371036,4.222791014553368,0.023878050831023588,-0.023496837984754382,9.275523344689745,5.111673015423295,-0.03052421742554619,0.002864707456904536,2.496950764274232,8.906451266783346,0.041028667707497156,0.020425369733819386,8.806433367209852,0.7531763109766323,0.0303332846619651,0.10662201822288535,6.775169862311226,1.121259955278203,0.3763899999270643,-0.19356529074254436,2.0792005122366404,7.683245954284922,0.10071701688996083,0.10189409325726537,8.312944919384458,2.4597088075236773,0.25550493752451986,-0.062280132616698014,2.9906318909699436,2.5666748791967553,-0.9572483752389247,-0.8568368468669192,1.8443147308280117,2.650923834613002,0.060331249158220274,0.0455229568726927,5.194390535356049,8.915904328717932,-0.3795299705437351,0.489042481899995,5.083528964756657,8.39952643644203,0.4282017716102256,-0.5446628516597758,4.640213188688718,7.971665515410909,-0.06678444285726945,0.26101614224412295,3.1514897557225727,3.2450705932119894,-1.4106015623604733,-0.044084380117802996,6.767588221678333,6.606221424609173,-0.6109730328975755,0.8995295389518928,5.5997990403964675,1.9913878454991776,-0.7434152107406851,0.859504352791616,5.180365649666842,4.125586813069107,0.14668419233256916,0.0852144163717185,3.7323685814747694,3.146894996737463,0.4840599591346084,-1.3118937503178105,7.641599185533152,4.902772382905878,0.16123393509733344,-0.05015807121046672,5.385409771536821,2.0586717008376767,0.21356071959765555,-0.7990967684398141
233,8.302791107730311,8.726348190858374,-0.04698799123152415,-0.05105953207025212,2.107840214912587,4.22161617265413,0.018800719586555537,-0.0197796211218604,9.273997133818467,5.11181625079614,-0.027917429981477674,0.0051965705322721024,2.499002197659607,8.907472535270037,0.04956555352671316,0.010657406535703573,8.80795003144295,0.7585074118877766,0.030196758561416955,0.1053255849152381,6.793989362307579,1.1115816907410758,0.34113419641349507,-0.16130935740852995,2.0842363630811382,7.6883406589477845,0.09598065338213048,0.10320723706801291,8.325720166260684,2.456594800892842,0.2560391334214637,-0.06135785717606345,2.9427694722079973,2.5238330368534094,-0.8572483752389247,-0.7568368468669192,1.8473312932859227,2.653199982456637,0.053493295292667664,0.04795085487193128,5.175414036828862,8.940356452812932,-0.35032221517823275,0.389042481899995,5.104939053337168,8.372293293859043,0.3795201439408565,-0.5278991363432947,4.6368739665458545,7.9847163225231155,-0.03546219711016494,0.30487719639678457,3.080959677604549,3.2428663742060992,-1.4932228957239546,-0.14242676604405347,6.737039570033454,6.651197901556768,-0.5109730328975756,0.9995295389518928,5.5626282798594335,2.0343630631387586,-0.843415210740685,0.9595043527916159,5.18769985928347,4.129847533887693,0.13180683762766002,0.0967940050265811,3.7565715794314998,3.0813003092215725,0.42057116442771575,-1.2708811409601997,7.6496608822880185,4.9002644793453545,0.15959852230115606,-0.042655481925017405,5.396087807516704,2.018716862415686,0.3135607195976555,-0.8990967684398141
234,8.300441708168735,8.723795214254862,-0.047562514915286895,-0.04613982672719484,2.108780250891915,4.220627191598037,0.01413912595641129,-0.015821111960185326,9.272601262319393,5.112076079322754,-0.02536730463964676,0.007481615587721388,2.5014804753359425,8.908005405596821,0.057727088139519274,0.001117625048884633,8.80945986937102,0.7637736911335385,0.0300124550223977,0.10380462203762955,6.811046072128254,1.1035162228706494,0.30579256139617306,-0.12929383395262806,2.0890353957502446,7.693501020801185,0.0911485410364291,0.10418135667617667,8.338522122931757,2.453526908034039,0.2558286909205471,-0.06022756928646464,2.899907053446051,2.4859911945100635,-0.7572483752389247,-0.6568368468669192,1.8500059580505561,2.6555975252002333,0.046577396665337875,0.050391232687387474,5.15789792606995,8.959808576907932,-0.31504374047905165,0.29940036289439254,5.123915060534211,8.345898337041879,0.32254680710755773,-0.5250971676926403,4.635100856690347,7.999960182342955,-0.002460906982846421,0.3466991387847533,3.0062985328183514,3.2357450359038964,-1.482931051754517,-0.22564462267522079,6.711490918388575,6.701174378504362,-0.4109730328975756,1.0995295389518929,5.5204575193224,2.0823382807783393,-0.943415210740685,0.859504352791616,5.194290201164853,4.134687234139022,0.11667225036148708,0.10771366888608419,3.7776001376528856,3.0177562521735624,0.3886998987323524,-1.2252812215100746,7.657640808403077,4.898131705249104,0.15749449295680207,-0.03509782524586549,5.411765843496586,1.9737620239936953,0.4135607195976555,-0.7990967684398141
235,8.298063582422971,8.721488222918502,-0.047926108779724336,-0.04121435785040328,2.1094872071897357,4.219836136000028,0.009925918533929972,-0.011644300181373295,9.27133289708741,5.1124501601021395,-0.022877598195823495,0.00970882765015025,2.5043668297429185,8.908061286849266,0.06550021619146,-0.00817770109568849,8.81096049212214,0.76896392223542,0.02977646275681555,0.10207010937049298,6.8263357001980625,1.097051531173018,0.270474039284924,-0.09758538233098457,2.093592822802066,7.698710088634994,0.08623376895739078,0.10482281647822089,8.351313557477784,2.450515529569716,0.25489277308723873,-0.05889888356528134,2.862044634684105,2.4531493521667174,-0.6572483752389248,-0.5568368468669193,1.852334827883823,2.6581170868346025,0.03971462149803206,0.05281842266649228,5.142145739045997,8.974778595052651,-0.2772954077355437,0.22164102976067818,5.140042400889588,8.319643478657246,0.2607020088578759,-0.5309651494309842,4.634977811341204,8.017295139282192,0.032342944188552436,0.3863207640638997,2.9321519802306257,3.2244628047701354,-1.4692319187274614,-0.30225414636100845,6.690942266743696,6.756150855451956,-0.3109730328975756,1.199529538951893,5.473286758785365,2.12531349841792,-1.043415210740685,0.759504352791616,5.200123813682928,4.140072917583327,0.10133766283729506,0.11797616941095454,3.797035132589503,2.9564921910980586,0.37759734897954034,-1.17735425970138,7.665515533050916,4.8963768139868105,0.15492974075498647,-0.027521379329123696,5.432443879476469,1.9338071855717045,0.5135607195976555,-0.6990967684398142
236,8.295667276983984,8.719427505025982,-0.04807647078446583,-0.0362876061727591,2.1099835031164322,4.219253920990959,0.006190425818099286,-0.007291334521915209,9.270189017177618,5.112935601484647,-0.020451559624616884,0.011868586166730628,2.5076418405524916,8.907652401794481,0.07287329715625326,-0.017213153575902918,8.81244931525998,0.7740674277039447,0.0294868797882299,0.10013232459494234,6.8398594021623085,1.092172262056469,0.23529488004545956,-0.06625919129320516,2.0979045112499355,7.703951229458905,0.0812481443382504,0.10513859512796649,8.364058196132147,2.447570585391452,0.25325439959847845,-0.057380405582282586,2.8291822159221587,2.4253075098233716,-0.5572483752389248,-0.4568368468669193,1.8543205589587246,2.660758007967927,0.03304832566865137,0.05522612098657898,5.12828096865922,8.985860646540685,-0.2388441561701669,0.15240712345555235,5.153077501332482,8.293095221185697,0.19534451559787086,-0.5419649918313912,4.636594958550631,8.036611177485387,0.06930055544180284,0.4236495286338375,2.8586903842942526,3.2093500974520848,-1.3692319187274613,-0.4022541463610084,6.675393615098818,6.816127332399551,-0.2109730328975756,1.299529538951893,5.421115998248331,2.163288716057501,-1.1434152107406852,0.659504352791616,5.2051906968247925,4.145971726053874,0.08587708452662604,0.12759231647506145,3.8159150000384803,2.8976244781129896,0.3815590540822841,-1.1287146922069853,7.673262020088666,4.895000745020354,0.15191710932565528,-0.01996050559417044,5.458121915456352,1.8988523471497138,0.6135607195976555,-0.5990967684398142
237,8.29326345344476,8.717613124717344,-0.04801096886992115,-0.03136445762477577,2.110293024407337,4.218889354264864,0.0029575003029454904,-0.0028061449246263703,9.269166439196386,5.113529030792984,-0.018092478368684727,0.013952555938131366,2.5112855054103043,8.906791744115687,0.07983672667275277,-0.025974629317416432,8.813923659249392,0.7790740439336917,0.029142483427473675,0.098000904104384,6.851624146164581,1.0888593024918087,0.20036925535570813,-0.03539669650370063,2.101966918466848,7.7092081592153034,0.07620348565615274,0.10513664711877642,8.37672091611207,2.444701565112338,0.25094012889942574,-0.05568072175609082,2.8013197971602124,2.4024656674800258,-0.46340932930545176,-0.3568368468669193,1.8559729752421572,2.663519314017256,0.026735916323325844,0.05763263539527722,5.116338760850711,8.993481002713462,-0.2005681234675194,0.08948786819303564,5.162844727112375,8.265996971594127,0.1267161810943432,-0.5556868140591699,4.640059986322721,8.057793653917079,0.10899344325502336,0.4585588884303248,2.7902287883578794,3.1892373901340343,-1.2692319187274612,-0.5022541463610084,6.664844963453939,6.881103809347146,-0.1109730328975756,1.3995295389518931,5.363945237711296,2.196263933697082,-1.043415210740685,0.559504352791616,5.209484551051124,4.152351341877627,0.07036690918205249,0.13657093980460128,3.8349929527425943,2.84118874350264,0.396526728095569,-1.0806698781259956,7.680857875554949,4.894002719740646,0.14847227158775497,-0.012447150450872323,5.488799951436235,1.868897508727723,0.5135607195976555,-0.4990967684398142
238,8.290862905001264,8.716044901836105,-0.04772647666947497,-0.02644990894690142,2.110440899422484,4.218749047018632,0.00023480240490621283,0.0017589326493490593,9.268261815277953,5.114226658589891,-0.01580328096327978,0.01595396697241404,2.515277341743942,8.905493012649815,0.08638251893980005,-0.03444980465385988,8.815380783420766,0.783974089138911,0.02874328607359631,0.09568464332545935,6.8616426089323665,1.0870894676666236,0.16580831003760596,-0.0050832079012338854,2.1057770927496557,7.714464991571242,0.07111099652777148,0.10482502289922985,8.38926792255704,2.4419175290245336,0.24798064082500637,-0.0538086081718868,2.77814933069494,2.38462382513668,-0.42703917591111934,-0.2568368468669193,1.8573097710583235,2.66640094578702,0.020951508179021347,0.060110064089782075,5.106310354677335,8.997955396123114,-0.16291703623353196,0.0314057760647776,5.169180536167093,8.23821263089117,0.05439031701745567,-0.5703443986013494,4.645509658485472,8.080721598338595,0.15224464805006963,0.49079638708682544,2.7267671924215064,3.164124682815984,-1.1692319187274611,-0.6022541463610084,6.659296311809061,6.951080286294741,-0.01097303289757559,1.4995295389518932,5.311774477174262,2.2242391513366626,-0.9434152107406851,0.45950435279161606,5.213002896510226,4.1591798888678575,0.054886770464353085,0.14492243486054296,3.8548192891473727,2.7871552495963403,0.4189324706843115,-1.0340135473717385,7.6882814891343365,4.893380362218102,0.14461393810578071,-0.005009864295905784,5.514477987416118,1.8439426703057324,0.4135607195976555,-0.39909676843981423
239,8.28847658116779,8.71472240638876,-0.047219112461285066,-0.021549265607934798,2.1104526395427294,4.2188369936511,-0.001983526688949595,0.006357690018820497,9.267471651229789,5.115024356938512,-0.013586558197468658,0.017867228406014322,2.5195964676909317,8.903770522417123,0.0925047788787292,-0.04262785605077794,8.816817947724445,0.788758321305184,0.028287945799607046,0.09319206258021161,6.869933024434247,1.086835307271562,0.1317118618178572,0.02460011099872159,2.109332642576044,7.719706242716204,0.06598203051305085,0.1042127219066557,8.40166695459829,2.4392270986159392,0.24440854394700676,-0.051775704142328356,2.756797371899384,2.3717819827933337,-0.4232787411913056,-0.15683684686691932,1.8583573464672747,2.6694064489915093,0.01591892841829362,0.06278516034121527,5.098164502865658,8.999525684926352,-0.12613578745804055,-0.02284753161513288,5.171900052017966,8.209695410961102,-0.02252198815793635,-0.5844063458383572,4.6531218908879755,8.105261417692937,0.20013866361703575,0.5198764025426268,2.6683055964851334,3.1340119754979336,-1.069231918727461,-0.7022541463610084,6.658747660164182,7.026056763242336,0.0833583147039306,1.4976820060913199,5.264603716637227,2.2472143689762434,-0.8434152107406852,0.3595043527916161,5.215747235033444,4.166426010610885,0.03950456369434488,0.1526542248477811,3.8757659126815884,2.7354545722277535,0.4456569242818313,-0.9890219426578266,7.695512186039625,4.893129869003307,0.14036362268441177,0.002326398302225555,5.535156023396,1.8239878318837417,0.3394526387460638,-0.29909676843981425
240,8.286115625544726,8.713644943108362,-0.04648394402160949,-0.016668417362102474,2.110353463208282,4.2191548781520405,-0.0037110705182136715,0.010952502937916553,9.266792323319915,5.115917718358812,-0.01144507003094507,0.01968751805957509,2.5242217066348682,8.901639129614583,0.09819995312109202,-0.05049934167451008,8.818232345014426,0.7934179244341946,0.027774123097181247,0.09053202146848904,6.87651861752514,1.088065312821498,0.09817257990772477,0.05357833218043674,2.1126317441016966,7.724916878811537,0.060828404979133985,0.10330996420319236,8.413887381795641,2.4366383134088228,0.24025646672120626,-0.04959507600413586,2.735633434839819,2.3639401404499876,-0.4382830037578314,-0.05683684686691931,1.8591532928881893,2.67254570700857,0.01199283943534866,0.0658457856200421,5.0918577134927565,8.998383308345595,-0.09037677926234357,-0.07398463825538448,5.170773952610069,8.180475093669184,-0.1052692039564095,-0.5962793874395953,4.663128824068827,8.131255237820069,0.25403447098235654,0.5449346170422694,2.6148440005487603,3.098899268179883,-0.9692319187274611,-0.8022541463610083,6.662915575899379,7.100940863546902,0.1833583147039306,1.3976820060913198,5.222432956100193,2.2651895866158243,-0.7488714395583475,0.2639235900620408,5.217722463218161,4.174058721853274,0.02427843976680996,0.15977132498299956,3.89804875889568,2.686003475094862,0.4741009567943907,-0.9455707433219889,7.702530367173846,4.893246188918418,0.1357445385345717,0.00953895227462994,5.552128655333304,1.809032993461751,0.2888976296393144,-0.22741670801864045
241,8.283791428343646,8.712811522240257,-0.0455232830016411,-0.01181586162775074,2.1101679096823713,4.219702503298937,-0.004968014674132328,0.015508166402019578,9.266220069818369,5.116902094261791,-0.009378096428664192,0.02141137235157425,2.529131704290923,8.899114162530857,0.1034678271909807,-0.058055485994708084,8.819621051169285,0.797944525507619,0.027200136228864684,0.0877126089243836,6.881427246520526,1.0907442294305199,0.06527859478984849,0.08177797357716804,2.1156731643506532,7.730082377021696,0.05566247765435588,0.10212912734137464,8.425900205131702,2.434158559608616,0.2355593597678176,-0.047281521079909294,2.713719284651927,2.3610982981066417,-0.46407904348270734,0.043163153133080695,1.8597529348599569,2.6758379962895718,0.009719415365699847,0.06955169062317841,5.08733887452964,8.994684076432826,-0.05575222336676288,-0.122543033597496,5.165510492412248,8.150661124297205,-0.19535962211654256,-0.6039805810076315,4.675830547617945,8.158501968672182,0.3155474458441544,0.5645249132953538,2.566382404612387,3.0587865608618325,-0.8692319187274611,-0.9022541463610083,6.6720834916345755,7.170824963851468,0.2833583147039306,1.2976820060913197,5.184989384122276,2.278385766118926,-0.6664623825141456,0.19279178898260868,5.218936385206502,4.1820472881024235,0.009253795063692734,0.16627408886510367,3.921753806735399,2.6387249379287625,0.502245580134637,-0.9033075287237695,7.7093175941005745,4.89372313653215,0.130787213611493,0.016602096607531102,5.56657353681527,1.797662158060819,0.25099538454433623,-0.17948338968964503
242,8.281515264193564,8.712220729158869,-0.04434760604662229,-0.00700060715071836,2.1099195089486646,4.220477911619038,-0.005778937205320429,0.019987203490465167,9.265751164996935,5.11797266287937,-0.007382015014667263,0.023035550761776453,2.534305095650472,8.896211388231121,0.10831162569517508,-0.06528805861712117,8.82098105798073,0.8023301559538382,0.0265654239528826,0.08474180011852832,6.884691176260018,1.0948331281093782,0.03311683069388196,0.1091306108290584,2.118456288233371,7.735188833388765,0.05049710206545819,0.10068467631869066,8.437678173120092,2.4317944835546204,0.23035317682156276,-0.04485034799990097,2.690515332477792,2.363256455763296,-0.49590650209070825,0.1431631531330807,1.8602389056282418,2.6793155808207305,0.009931290098160158,0.07423802356202559,5.084551263361302,8.98855692475295,-0.022367539133852227,-0.16897165247426416,5.155742511306421,8.120462095246824,-0.29439877803364123,-0.6047600366962561,4.691607919910153,8.186728214336949,0.3864264459973281,0.5763347835132224,2.522920808676014,3.013673853543782,-0.7692319187274611,-1.0022541463610084,6.686251407369772,7.235709064156033,0.38335831470393056,1.1976820060913196,5.151666264996569,2.2880253555680565,-0.5909905184855395,0.13432169493892604,5.219399074959687,4.190360992545679,-0.0055332079173060645,0.1721582764846491,3.946866085742131,2.593559561492574,0.5286400208960699,-0.8617991256842521,7.715856954781149,4.894553241362527,0.12552604499204853,0.02348680936109946,5.5791233060424865,1.7886879885763367,0.22035667341247744,-0.14344383730959231
243,8.279297883891232,8.711870698801333,-0.04296779513924503,-0.0022303202084919694,2.1096305620883986,4.221477271793561,-0.00617199523230172,0.024347433675088733,9.265382064246202,5.119124440417459,-0.00545383696513929,0.024556754719027074,2.5397206769352305,8.892946985300265,0.11273665944517836,-0.0721894622263696,8.822309329178374,0.8065672459597646,0.025869510381104483,0.08162812467995602,6.886347017794712,1.100289658650831,0.0017696620200202684,0.13557514740313867,2.120981143336644,7.7402230672047,0.04534474119529483,0.0989924072253217,8.44919583196117,2.429551966154625,0.2246732040172404,-0.04231669557185985,2.6657200073732565,2.3704146134199497,-0.5309898319267895,0.2431631531330807,1.8607354701331498,2.683027481998832,0.013888562624610917,0.08028599569244452,5.083432886404609,8.980108342129238,0.009647670606003932,-0.21369883080202293,5.141022572404739,8.090224093412012,-0.3943987780336412,-0.59467545412951,4.710929242210019,8.21554495351261,0.46821257205817973,0.5768353168847362,2.484459212739641,2.963561146225732,-0.6692319187274611,-1.1022541463610085,6.705419323104969,7.295593164460599,0.48335831470393054,1.0976820060913195,5.122116739072292,2.294741440315003,-0.5199659194316154,0.0834058070407106,5.219122414563821,4.198968906369911,-0.020049700320690665,0.17742221578848422,3.9732980867869347,2.5504696052083617,0.5523281217887126,-0.8206342147547718,7.722133257030752,4.895727581830582,0.11999368462798844,0.030167114110094,5.59014113971311,1.781515796710857,0.19428239951339643,-0.11412896447672455
244,8.27714949413427,8.711759182790908,-0.04139500700755826,0.002488797549033666,2.1093219623267836,4.222694643477316,-0.0061787270157590965,0.02854265924018526,9.265109372397944,5.12035227815341,-0.0035911324827129013,0.025971697430699,2.545357509907489,8.889337512188947,0.11675024004456112,-0.07875244903395806,8.82360280469743,0.8106486521937624,0.02511208467042753,0.07838057722781502,6.886435500895713,1.107068416020988,-0.028685233350987317,0.1610568208792019,2.123248380396409,7.745172687565966,0.040217265195524224,0.09706939133962407,8.460429492162032,2.4274361313760324,0.21855415421235697,-0.039695468783522495,2.639170515776917,2.3825727710766036,-0.568213140020359,0.3431631531330807,1.8614298982643802,2.687041781783454,0.023458679222870652,0.08800968537290095,5.083915269934909,8.969423400589138,0.04011628091846388,-0.2572034982681199,5.121302633503057,8.060490320705537,-0.4943987780336412,-0.5682137548703943,4.734339870812928,8.244386719356847,0.5615156416592012,0.5609796254806938,2.450997616803268,2.9084484389076812,-0.5692319187274612,-1.0022541463610084,6.729587238840165,7.350477264765165,0.5833583147039305,0.9976820060913195,5.096118443100711,2.2989117306670384,-0.45209915306908555,0.03750276479105688,5.218119929547787,4.207840017159335,-0.03426553870695484,0.18206661924940853,4.000914492876371,2.509437894470623,0.5727542765046176,-0.7794751040869737,7.728132941262151,4.897235937536086,0.11422114931852986,0.03661983493327208,5.5998552596887805,1.7758093484870208,0.17125432637360952,-0.08894116173354574
245,8.275079743783891,8.71188362266836,-0.03964015497940231,0.007152287644695424,2.1090130259759956,4.224121776439325,-0.005833905238370968,0.03252601717717808,9.264929815773808,5.121650863024945,-0.001791902201998788,0.027277034238202703,2.5511950219097175,8.885399889737249,0.1203620577496109,-0.08497004853618452,8.82485840893095,0.8145676810551531,0.02429304607770604,0.07500854020597439,6.885001239228163,1.1151212570649482,-0.058174975872342785,0.18552662159063957,2.1252592436561852,7.750026157132948,0.03512618677900144,0.094933966635688,8.47135719987265,2.4254513579368564,0.21203016587640808,-0.037001336895641106,2.610759858775899,2.3997309287332578,-0.6088229760943479,0.44316315313308074,1.8626028322255237,2.6914422660520994,0.041258342192321815,0.09736254492654704,5.085921083980833,8.956563225675731,0.06878572927858598,-0.3000994634523403,5.096582694601375,8.032079632962017,-0.5943987780336412,-0.5185313135000005,4.762415652895888,8.272435700630881,0.6615156416592012,0.5225368186919425,2.422536020866895,2.858335731589631,-0.4692319187274612,-0.9022541463610084,6.758755154575361,7.400361365069731,0.6833583147039305,0.8976820060913195,5.073513485447257,2.300786868906591,-0.38672338020594965,-0.00476632404691929,5.216406652612439,4.216943348121806,-0.048152991379443996,0.18609450947487707,4.029552206701601,2.4704641392662743,0.5896703772748408,-0.738073733134109,7.733843998728078,4.89906692928275,0.10823790481156935,0.042824173734455226,5.608417976007461,1.7713622904003434,0.15035495122239573,-0.06645224963105602
246,8.273097736034922,8.712241237050595,-0.03771325977347132,0.011757817515238637,2.108721330714077,4.225748077298183,-0.005189074163001486,0.03627752278074733,9.264840220663707,5.123014714736855,-5.399821608158598e-05,0.028468925096837645,2.557213124797198,8.881151387310439,0.12358394890288327,-0.09083336810037995,8.826073061234835,0.8183181080654518,0.023411937648932707,0.07152120543565564,6.882092490434546,1.1243975881444803,-0.08663333563125712,0.20893972675455097,2.127015552995135,7.754772855464732,0.03008212243098987,0.09260872428291564,8.48195870816647,2.4236012910920746,0.2051345775884889,-0.03424965940867893,2.5803187099711815,2.421889086389912,-0.656964952843898,0.5431631531330807,1.8646657493351397,2.6963103932984267,0.06966417621912381,0.10757945341823075,5.089360370444762,8.941558252503114,0.09530087098047088,-0.3432478090843056,5.0668627556996935,8.006153067287016,-0.6943987780336411,-0.4390500563316067,4.795491434978849,8.298562541565477,0.7615156416592012,0.45580922159406645,2.399074424930522,2.8132230242715806,-0.3692319187274612,-0.8022541463610084,6.792923070310557,7.445245465374297,0.7833583147039305,0.7976820060913196,5.054177316436959,2.300548552704245,-0.32353433143666355,-0.044204962434443405,5.213999003043467,4.226248073595549,-0.06167993088488746,0.189508171651981,4.0590357255653435,2.433560452609569,0.6030431978603299,-0.6962918127941523,7.739255893968656,4.901208137969473,0.10207301196072895,0.04876070983966183,5.6159357235685805,1.7680396779187906,0.13099726319745747,-0.045829951781442266
247,8.271212073046248,8.712829127926357,-0.03562435143935854,0.016305189087341385,2.108461877005927,4.22756195343722,-0.004292332157414559,0.03979272016289576,9.264837520752904,5.124438160991697,0.0016243788540044122,0.029543527964403907,2.563392322242342,8.87660971890542,0.12642881419398655,-0.09633297676399287,8.82724365811728,0.8218941683372346,0.022468640169108784,0.06792807398751913,6.8777608236529835,1.1348445744822078,-0.11399877363855149,0.2312563343428355,2.1285196591166846,7.759403291678877,0.02509455071699089,0.09011650025686035,8.492215437045894,2.4218888081216408,0.19790015771373862,-0.03145540919613361,2.5474704623289868,2.449047244046566,-0.7238658470568718,0.6431631531330807,1.868148958146096,2.7016893659693384,0.11074825743494104,0.1171783997314503,5.094125413993786,8.924395862048899,0.11919006042522944,-0.3879029710838386,5.032142816798012,7.984200564470436,-0.7943987780336411,-0.3390500563316067,4.833567217061809,8.32135300264518,0.85858912792177,0.3591425773791299,2.380612828994149,2.77311031695353,-0.2692319187274612,-0.718657815874676,6.832090986045754,7.4851295656788635,0.8833583147039304,0.6976820060913196,5.038000599865126,2.298338304582523,-0.26244803199115074,-0.08130514279650873,5.2109150064992225,4.235723482178148,-0.07481646077604315,0.19231322841169057,4.08918788545836,2.398745861969861,0.6130097142357399,-0.6540559976453069,7.744359544566693,4.903646173461456,0.09575394659143804,0.05441209721137952,5.6224855867284536,1.7657481803297184,0.11279275058574972,-0.02656531151115124
248,8.26943085547428,8.713644387380723,-0.033383998518328704,0.020796567809517948,2.1082472603980564,4.229551589445365,-0.003187326589677397,0.04307918447574456,9.264918739695604,5.125915337389917,0.003244698788789646,0.030497000419055453,2.5697137629520412,8.871793070067222,0.12890912946773478,-0.1014584127400274,8.828367090125736,0.8252905720366106,0.021463364674594445,0.0642389456215805,6.872060884971056,1.1464073911993495,-0.14021454111237697,0.2524415039617739,2.1297743866525343,7.76390911669172,0.020171095815248143,0.08747975858238294,8.502110444931581,2.4203160376618342,0.19035901435532881,-0.028633122340943392,2.511277169976143,2.4812054017032197,-0.8238658470568718,0.7431631531330807,1.873686371017843,2.707548285955911,0.16598112976657173,0.12405323991551309,5.100084917015048,8.905000713494706,0.1399001555343145,-0.4358772311314736,4.992422877896329,7.967248061653856,-0.889992502445683,-0.23905005633160667,4.876496673457898,8.339310131514138,0.9320794998089487,0.25914257737912993,2.367151233057776,2.7371774261597963,-0.1692319187274612,-0.7622887767870927,6.876258901780951,7.52001366598343,0.9833583147039304,0.5976820060913196,5.024878198265569,2.2942730474426973,-0.20352363817166738,-0.11638661707227338,5.20717418346042,4.245339143598732,-0.08753467248861356,0.19451840923999755,4.119838371170147,2.366043062087596,0.6198289610806859,-0.6113406893386162,7.7491472418962655,4.906366778322025,0.08930657073586597,0.05976288527691243,5.628125224257741,1.7644199147541608,0.09547471503046709,-0.008335238136722545
249,8.267761655548362,8.7146842157712,-0.031004195252652546,0.025236996912191913,2.1080878940685728,4.231705548669153,-0.0019112332213873087,0.04615151321177572,9.265080974635044,5.12744018741087,0.004808215156781194,0.031325487109757466,2.576159219425428,8.86672014943022,0.13103615157483955,-0.10619794053904577,8.829440258359465,0.8285025193176896,0.020396676913001892,0.060463925718411735,6.865050157915437,1.1590294663974383,-0.16522871086263669,0.27246511923530153,2.1307829414432966,7.768283104620839,0.015317243545224936,0.08472015858855414,8.511628395649348,2.418884381544787,0.18254252521973566,-0.02579684359102216,2.4700838776232996,2.518363559359874,-0.9238658470568718,0.8431631531330807,1.8819854275061716,2.7137509479516866,0.23648798894107584,0.12564813460794452,5.107079924791764,8.883206851938132,0.15693793941640294,-0.48968548208761464,4.9479232527740455,7.955295558837276,-0.9455378637449513,-0.13905005633160666,4.9231006484483455,8.352267260383094,0.968832469087518,0.15914257737912993,2.358689637121403,2.6990629873204415,-0.0692319187274612,-0.8622887767870927,6.925426817516148,7.549897766287995,1.0833583147039305,0.49768200609131963,5.014702016356985,2.2884537165890837,-0.1469156628482677,-0.14967277196820997,5.20279744983599,4.255065064060732,-0.09980926605416089,0.19613488056455658,4.150829819224181,2.335476027620665,0.6238458184330014,-0.568149984307925,7.7536125704330585,4.90935492258587,0.082755243991197,0.0647991898983499,5.632898960009264,1.7640031528473248,0.07885244861742949,0.009073098435199777
250,8.26621144578573,8.71594606561681,-0.02850028994987415,0.02963421842462911,2.1079923324075036,4.234013124329741,-0.00048755047431033364,0.049013003752392495,9.265321385392882,5.129006461766358,0.006315614352940125,0.03202541884189908,2.58271102700417,8.861410252403267,0.1328176410743956,-0.11054007338035812,8.830460092205115,0.8315257156036102,0.019269744275921465,0.056613767432141984,6.856788722372306,1.1726527223592034,-0.18899344862201878,0.2913026361598968,2.1315488036205577,7.772519112550267,0.010536076839540786,0.08185595839775753,8.520755521910335,2.417594539365236,0.174481263568422,-0.022959521654616323,2.423890585270456,2.560521717016528,-1.0238658470568718,0.9431631531330806,1.8938098269532253,2.7200333546820836,0.32407567363573797,0.11820769360931635,5.114926821762584,8.85872257783375,0.17004914161797366,-0.5527864484276896,4.900646359586798,7.948343056020695,-0.9553306237955441,-0.03905005633160666,4.971542271902721,8.36022438925205,0.9634811137768208,0.059142577379129924,2.35522804118503,2.6559485484810867,0.0307680812725388,-0.9622887767870927,6.979594733251345,7.574781866592561,1.1833583147039306,0.39768200609131965,5.007356233214572,2.2809700779906734,-0.09283976058345911,-0.18132950729134084,5.197806986533282,4.26487180808896,-0.11162114655887283,0.19717679394110052,4.182022110145831,2.307068528405269,0.6254682189826432,-0.5244928827034442,7.757750332632618,4.912594882080787,0.07612218367719027,0.06950901938546976,5.636841582440136,1.7644568077690848,0.06278368633242011,0.02580831382393802
251,8.264786431288236,8.717427776538042,-0.02589115704258562,0.033999092718996766,2.107967954883788,4.236463774517361,0.0010658878759989055,0.05166133596276115,9.26563716611053,5.130607732708453,0.007767593089951743,0.032593218672449666,2.58935190905789,8.85588324873425,0.1342588341430647,-0.1144747865821659,8.831423579418912,0.8343564039752173,0.018084349658035855,0.05269947891807832,6.847339049941205,1.1872178541671983,-0.21146511374980553,0.3089341846510965,2.132075607462535,7.776611910470154,0.005829884090654279,0.07890295775654407,8.529479585088756,2.416446563282505,0.16620521691814988,-0.020133455194151946,2.3726972929176124,2.607679874673182,-1.0993982806680194,1.0204525566944322,1.9100136106350123,2.7259437393625494,0.42407567363573795,0.09710312288764883,5.123429278843482,8.831083255412366,0.17952132625262773,-0.6296816557831251,4.852879828397021,7.946390553204115,-0.9299521509760214,0.06094994366839335,5.019716327591563,8.363181518121007,0.9263738842591638,0.0011864622057797258,2.356766445248657,2.607834109641732,0.1307680812725388,-1.0622887767870928,7.038762648986541,7.594665966897127,1.2546587485375271,0.2976820060913197,5.002714245185399,2.2719036026261064,-0.04154667390587152,-0.21149366132818595,5.192225929205338,4.274730647786015,-0.12295479035664829,0.19766098439226787,4.213295521094963,2.2808438842700967,0.6251478213873081,-0.4803848864859106,7.761556441816477,4.916070333050061,0.06942830149503476,0.07388162360851269,5.639980766756756,1.7657472234602816,0.04715492377280389,0.04197966677149863
252,8.263491873436108,8.719127731173991,-0.02320076039638419,0.03834530143304098,2.108021249277588,4.239046841315499,0.002734520081991873,0.054095225177514306,9.266025545765027,5.132237393642076,0.009165076908251253,0.0330252282763504,2.5960648507650435,8.850159509405142,0.13536295770787174,-0.11799393312612612,8.832327796901813,0.8369913779211212,0.01684277145214341,0.048732113554457536,6.836765794253714,1.202664563399753,-0.23260466244050948,0.32534406497853946,2.1323671016670676,7.7805570583579815,0.0012008849399373217,0.07587537352998841,8.537789845934665,2.4154398905227974,0.15774376878659438,-0.01733053229445658,2.3177273788842117,2.6587025025079036,-1.0961204742532864,1.0239726099475273,1.9312173943167992,2.730798895506932,0.5240756736357379,0.05788987717896094,5.132405345156114,8.79959917262321,0.18651463008517608,-0.7258596971789455,4.80638222084822,7.949438050387534,-0.8886980708969952,0.13381447153842224,5.066035021804521,8.363240841231296,0.8756748714106395,0.006593447787079327,2.363304849312284,2.5547196708023776,0.2307680812725388,-1.1622887767870929,7.101495586413417,7.609550067201693,1.2473332947759992,0.19768200609131967,5.000636911490106,2.261328919559697,0.006696914558562916,-0.24028921323597577,5.186078189687506,4.2846136970056286,-0.13379654902322102,0.19760588478803362,4.244552912164329,2.256824639945801,0.6233622182886019,-0.43585057145426376,7.765027856891229,4.919764414230486,0.06269367601509157,0.0779072693790469,5.642338512945397,1.7678462067988565,0.03186600443507341,0.057673298772734485
253,8.262331835416289,8.721044996245643,-0.020459864207576405,0.04268307565064411,2.1081579752816872,4.241751602574375,0.004506736045956739,0.056307699006377006,9.26648379961044,5.133888655055894,0.010508729205508324,0.033318875445543815,2.602832998650437,8.844259812748835,0.13613054910713332,-0.12109370876005905,8.83316993547442,0.8394279835988441,0.015547984760360449,0.04472290886657667,6.825135561131689,1.21893176664868,-0.2523770232971839,0.3405208338559569,2.1324271459140642,7.784350827034481,-0.0033480285491217614,0.07278452763881528,8.545677034373995,2.4145733639080746,0.14912587612013511,-0.014561782099637323,2.2629213551715472,2.70990113300528,-0.9961204742532864,0.9239726099475273,1.9574211779985862,2.7336933893658797,0.6240756736357379,-0.0019863509372970087,5.141731076660372,8.763306187764263,0.19293791564258966,-0.8258596971789455,4.76194731730337,7.956128773964455,-0.8464502783584811,0.17094647864017476,5.109818765375053,8.36357051362065,0.8243703488390608,0.0774572885780489,2.3748432533759107,2.4966052319630228,0.1307680812725388,-1.0622887767870928,7.163862251152217,7.619434167506259,1.2057770237183285,0.09768200609131966,5.000971757218034,2.2493144588978984,0.051627204927966575,-0.2678325236995574,5.179388362236345,4.29449399124503,-0.14413475077068183,0.19703252146416853,4.275721023078758,2.235032111373088,0.6206075531969647,-0.39092255586547886,7.768162540691984,4.923659777699439,0.05593797949223391,0.08157859376621832,5.643931813167151,1.7707298717374933,0.0168196063867827,0.07296453092594495
254,8.26130884220591,8.723179150028175,-0.017705916931720432,0.04700955464213756,2.108383312083985,4.244566987524694,0.006367757795034611,0.058273431161104935,9.267009236070715,5.135554598828171,0.011798986938597841,0.033474799486393765,2.6096395261057936,8.838205127310832,0.13656063686568462,-0.12377410499557347,8.833947334712438,0.8416641290421729,0.014204205874687802,0.040683356760740495,6.81251670996683,1.235957808341478,-0.2707498098221116,0.3544571472867219,2.1322597444866083,7.787990053416421,-0.00781425291511733,0.06963934878959331,8.553133328180001,2.413845274803093,0.1403807687325434,-0.011836937098786504,2.2131153314588827,2.7560997635026565,-0.9924811774057319,0.8239726099475273,1.988624961680373,2.733594071819015,0.7240756736357379,-0.06782071910532195,5.151377972442502,8.722013202905316,0.20197017228602804,-0.9258596971789455,4.719624803385447,7.964676097896463,-0.8103406290299426,0.18297232460508467,5.151037282817006,8.367443378049552,0.7764057616282763,0.1774572885780489,2.3813816574395377,2.4434907931236682,0.0307680812725388,-0.9622887767870928,7.2241511023381335,7.624318267810825,1.1570326684044416,-0.0023179939086803436,5.003553117464432,2.2359228327129204,0.0930012608199149,-0.29423258077880343,5.172181624697811,4.304345617318239,-0.15395944286099153,0.19596470233086768,4.306751400738607,2.215485983579814,0.61739709725135,-0.3456454115589855,7.770959439666596,4.92773870738775,0.04918262335107515,0.08489208103405596,5.6447727934864895,1.7743780982837905,0.0019126904230446287,0.08792672497875756
255,8.260423546359323,8.725529627760281,-0.014979178612733589,0.05131287509219601,2.108701699973737,4.247480659082749,0.008305908196574613,0.059979937234292076,9.267599185417644,5.13722833880249,0.013036051785030764,0.033494625610889096,2.6164675579490777,8.832016422061054,0.13665380739559427,-0.12603776541133638,8.834657545006172,0.8436982968802099,0.012815087163843936,0.03662497443426226,6.798979219475724,1.253680665705814,-0.28769811410027624,0.3671495687289001,2.131869031840852,7.791472020855901,-0.012193760531777762,0.0664492217585535,8.560152366616629,2.4132534279481535,0.13153604056027832,-0.009165456866987286,2.163491272588596,2.7972983940000327,-1.092481177405732,0.7239726099475273,2.02482874536216,2.730203035863749,0.8240756736357379,0.02192435487455037,5.161476481056803,8.675720218046369,0.2220838714918537,-1.0258596971789455,4.67910777193395,7.973824714126717,-0.781861683272566,0.17932166122860818,5.18985757089842,8.376316242478454,0.7247979451129614,0.2774572885780489,2.3829200615031647,2.3953763542843136,-0.0692319187274612,-0.8622887767870928,7.282002735758356,7.624202368115391,1.1136913319149162,-0.10231799390868035,5.0082031805054275,2.22121120367398,0.13059318952688406,-0.31959535787516946,5.164483652554761,4.314143852434782,-0.16326044569025852,0.19442352940816335,4.337621255601174,2.198203713001865,0.6142254293729394,-0.3000984802176865,7.77341857083415,4.931983311439453,0.04244889545343269,0.08784524311148308,5.6448684280076415,1.7787744345327283,-0.012985669707344837,0.10263696089672876
256,8.259674587428687,8.72809527151489,-0.012320583182551637,0.055576406692962994,2.109116995383566,4.2504796559444635,0.010320968942601538,0.06141255606988708,9.268250988006896,5.1389030700830345,0.014220049029935213,0.03338021246470836,2.6233002483188574,8.825714533790487,0.13641354776600753,-0.12788906377113232,8.835298299364364,0.8455295456019231,0.01138404340067441,0.032559371531551286,6.78459431377071,1.272038144142259,-0.30320347283565735,0.3785989421955985,2.1312593438142633,7.794794481943828,-0.016481337970179356,0.0632236951392181,8.566729168644644,2.412795155104804,0.12261777301567973,-0.0065562680572237905,2.1088672137183098,2.833497024497409,-1.192481177405732,0.6239726099475273,2.0660325290439467,2.7312992536074763,0.9240756736357378,0.12192435487455038,5.172580674631395,8.624427233187422,0.2842459872468167,-1.1258596971789456,4.6400146877703214,7.982790797188148,-0.7595011369994966,0.16678565254665303,5.226097468154068,8.390189106907357,0.6370693738929243,0.37745728857804894,2.379458465566792,2.352261915444959,-0.1692319187274612,-0.7622887767870928,7.337687302354102,7.619086468419957,1.0798321533187527,-0.20231799390868035,5.014732839981772,2.2052314357802216,0.16420983449050858,-0.3440127724943072,5.1563206302702485,4.32386502890519,-0.17203037984080816,0.19242870058954928,4.368332527069821,2.1831987889909805,0.6115758289948023,-0.25439400394311845,7.775541015606822,4.9363755735950265,0.0357568423062152,0.09043605019346643,5.644219144522275,1.7839062825775647,-0.028045193173858802,0.11718430968188388
257,8.25905855826956,8.730874091849538,-0.009770006255041996,0.05978153087570369,2.109633043830696,4.253550283747958,0.01243107955257736,0.06257553146037467,9.268961990458394,5.14057208070627,0.015351597041812291,0.03313287728723412,2.630120925707158,8.81932008060193,0.1358470557947901,-0.12933153975878578,8.835867501534398,0.8471575141785006,0.009913909108604704,0.028497726785537296,6.7694341401289275,1.290968091252039,-0.3172547925311479,0.3888091710112546,2.130435276915754,7.79795566670079,-0.020670763462177437,0.05997530120725687,8.572860057295427,2.412467341701943,0.11365049013425316,-0.004018469857661649,2.049243154848023,2.8646956549947853,-1.292481177405732,0.5239726099475274,2.1122363127257335,2.7373954713512036,1.024075673635738,0.22192435487455037,5.186792973993736,8.568134248328475,0.3842459872468167,-1.2258596971789457,4.602039630920347,7.9911300798154805,-0.740948905647083,0.1495715752533854,5.257950936848714,8.409061971336259,0.5370693738929243,0.4774572885780489,2.3709968696304187,2.314147476605604,-0.25218993038158366,-0.6622887767870929,7.3916789100200395,7.608970568724524,1.055706073766953,-0.30231799390868036,5.022943331706297,2.1880307971555064,0.19370415932288787,-0.3675583653001482,5.147719111278208,4.333486463934667,-0.18026118296871735,0.18999685767594124,4.398911318519561,2.1704790887938246,0.609919102556762,-0.20869703374429718,7.777328857722133,4.9408973761047,0.029125744330519777,0.092662005924267,5.642816884863581,1.7897654980616589,-0.04349296725908314,0.1316737490416497
258,8.258570057956808,8.733863168393324,-0.007365660264633759,0.06390840469428762,2.110254597808325,4.256679060320977,0.014648700008606772,0.06346714108312324,9.269729570310485,5.142228724570631,0.0164318853644859,0.03275373785941743,2.6369132784968974,8.81285350361399,0.13496436442910226,-0.1303693537198305,8.83636319698983,0.8485824005177774,0.008407835571843098,0.024450840905200676,6.75357140050237,1.3104085498026017,-0.3298458171698032,0.39778722444540576,2.1294017387426454,7.800954431761152,-0.024755644433728526,0.05671698223005952,8.57854258180214,2.41226641820906,0.10465803234780326,-0.0015608043026018184,1.9846190959777363,2.8908942854921618,-1.192481177405732,0.4239726099475274,2.16344009640752,2.7484916890949314,0.924075673635738,0.3219243548745504,5.206005273356077,8.506841263469527,0.48424598724681667,-1.3258596971789458,4.564992185637992,7.99860865857815,-0.7242297370598104,0.12999997155301532,5.28480440554336,8.432934835765161,0.43706937389292433,0.5774572885780489,2.3583873731113396,2.2810330377662495,-0.31499605976755873,-0.5622887767870929,7.444464213708387,7.593854669029089,1.040255419519704,-0.4023179939086804,5.032628539672441,2.169652878890499,0.21900461166174306,-0.3902736773060531,5.1387060521297725,4.342986306818465,-0.1879445255015934,0.18714635269113936,4.429407273647399,2.1600442371066095,0.6097308109370327,-0.16323691123205994,7.778785144938659,4.945530476400913,0.022573970844016834,0.09452111609450294,5.640642236500627,1.7963491855137412,-0.05963110679229875,0.14623349399207983
259,8.258201774943576,8.737058588628038,-0.005142401926347222,0.06793650065659275,2.1109870328087554,4.259852417375133,0.016976811969855964,0.06407842454311388,9.270551164578709,5.143866411463602,0.017462868442640937,0.03224345022621173,2.6436614967183525,8.806335035927999,0.13377924603772687,-0.13100866555326124,8.836783588768421,0.8498049425630375,0.006869368097857455,0.02042903361671099,6.737079109643879,1.330297911024872,-0.3409747117721118,0.4055429739964265,2.128163956520959,7.803790280872655,-0.028728195802666175,0.05346168026120561,8.58377548341953,2.41218837799393,0.09566364857555269,0.0008082911769451777,1.9249950371074498,2.9120929159895383,-1.092481177405732,0.3239726099475274,2.209643880089307,2.764587906838659,0.824075673635738,0.4219243548745504,5.230217572718417,8.44054827861058,0.5687328254108088,-1.3879996301513335,4.528780698785002,8.005108657155802,-0.7081489199165538,0.10914960652474542,5.306657874238006,8.461807700194063,0.33706937389292435,0.6774572885780489,2.3426375701229616,2.252918598926895,-0.3604343421807048,-0.4622887767870929,7.496476984684372,7.573738769333655,1.0322116101900833,-0.5023179939086804,5.043578770255528,2.1501391950251967,0.2401492694326555,-0.4121546523573624,5.129308825854693,4.352343624453022,-0.1950722669076627,0.18389784069632376,4.459893814194251,2.1518823915450067,0.6114918114416397,-0.11832482623635594,7.77991384348086,4.950256532205638,0.01611898235099618,0.09601152294453688,5.6376606811610115,1.8036608602133453,-0.07686822382881645,0.16102202842052468
260,8.257944654847257,8.740455413660868,-0.0031324670718173835,0.07184436208631624,2.1118358734072484,4.263056338602289,0.019401621403391037,0.06440677583926503,9.27142430800084,5.145478583974913,0.01844716761138487,0.031602312112606196,2.6503504590202387,8.799784602650336,0.13230663127441558,-0.1312576865220078,8.837127057173314,0.8508263942438731,0.0053023051955983815,0.016442201476466186,6.720030374055273,1.3505750597246933,-0.3506443243094573,0.4120893640430105,2.1267275467308258,7.806463364885715,-0.03258040311396083,0.050221690957115026,8.588558665848307,2.412228792552777,0.08668982473631688,0.0030807446576552365,1.8703709782371631,2.9282915464869146,-0.9924811774057319,0.2239726099475274,2.250847663771094,2.7856841245823865,0.724075673635738,0.5219243548745504,5.258654213988958,8.371148297103012,0.6687328254108088,-1.2879996301513335,4.493373252789174,8.010566137482039,-0.6921823750242626,0.08750419728450799,5.323511342932652,8.495680564622965,0.23706937389292435,0.5774572885780489,2.3246158530139263,2.2298041600875402,-0.39124476623006,-0.3622887767870929,7.5480875651938755,7.548622869638221,1.0304875098648234,-0.5937642975133022,5.055586233727161,2.1295314624073285,0.25733743567648876,-0.4331351982518257,5.11955521250931,4.361538516487839,-0.2016362862971627,0.18027287414742896,4.490468404766332,2.145966150233189,0.6156755708893872,-0.07437300189880294,7.7807197925984095,4.955057108352865,0.009777283727032116,0.09713159021214486,5.633817269969571,1.8117119616343715,-0.09576701315582324,0.17623564518065926
261,8.257788031493666,8.744047631765184,-0.0013654862382150238,0.07560768097015969,2.112805954477418,4.266276677394252,0.021900369653141873,0.06445795542900037,9.27234666638141,5.147058699580543,0.019387577952805195,0.03083040229569452,2.6569657905839597,8.793221718324235,0.13056052637158763,-0.13112816188030363,8.837392172433093,0.8516485043176963,0.0037105957514247364,0.012499963285243217,6.7024981578398,1.3711795279268437,-0.3588619815620501,0.4174427121588936,2.125098526575128,7.808974449433571,-0.03630408266325709,0.047007273215389306,8.592893157085124,2.4123828297856598,0.0777580814023789,0.00524911754329003,1.8207469193668766,2.939490176984291,-0.9044406128308874,0.17698397415439657,2.287051447452881,2.811780342326114,0.624075673635738,0.5361288084319401,5.292090855259499,8.306748315595446,0.7687328254108088,-1.1879996301513334,4.458764134037961,8.014941347346264,-0.6762092286202027,0.06536850128142498,5.335364811627298,8.524553429051867,0.13706937389292434,0.4774572885780489,2.305053614702423,2.2116897212481854,-0.4117039548620115,-0.26228877678709295,7.599611940687117,7.518934654762556,1.0342624512147114,-0.670336798587134,5.068453105510986,2.1078747024947373,0.27101849637878106,-0.4530675277296773,5.109473398194452,4.37055216019521,-0.20762923756679394,0.17629447170064452,4.521252183310802,2.142247500138249,0.6227283860825302,-0.03191530818846208,7.781208656784761,4.959913687863472,0.003563636193098463,0.09788045761937736,5.6290289193117795,1.8205237438934045,-0.117112582182715,0.19211509554532702
262,8.257719757181755,8.747828015813692,0.000135263278222639,0.07920258790579268,2.113900972960075,4.269499575165702,0.024443445018798415,0.06424480829512048,9.27331604527905,5.148600219695328,0.020287583489170778,0.029927192335674254,2.663493816902539,8.78666531023022,0.12855537268988257,-0.13063193857558433,8.837577702220663,0.8522735024819585,0.0020983741736799308,0.008611447812259004,6.684555058761697,1.3920516635347884,-0.3656392174345226,0.42162234299896356,2.123283322441965,7.811324813094341,-0.039891415143949935,0.043828234628763584,8.596781061155243,2.4126452856628244,0.06888910515236915,0.007306295766100102,1.7755248887253323,2.9483393756920107,-0.8856826111785842,0.16544354517748994,2.318255231134668,2.838586782747711,0.5995202933565497,0.5356765916014543,5.330527496530039,8.24734833408788,0.8687328254108088,-1.0879996301513333,4.424953672606951,8.018209772410335,-0.6602519046709161,0.043084872886021405,5.342218280321944,8.54842629348077,0.037069373892924334,0.37745728857804894,2.2844684169593226,2.198575282408831,-0.42582108925174683,-0.1645663651263473,7.651325063247852,7.485417814833199,1.0430671623550734,-0.7350349701955394,5.082004030329925,2.0852213261082535,0.2820351019254795,-0.47170262771384674,5.099091936316112,4.379366883780242,-0.21304532301345216,0.17198582968523798,4.552388602614928,2.140651734728826,0.6330292956855452,0.008371645859064185,7.7813868385944165,4.9648077107444415,-0.0025082558601853553,0.09825723173669927,5.623173290202644,1.8301294986706709,-0.14201611218455917,0.20894759391672316
263,8.257726520345667,8.751788145208982,0.0013537434090609575,0.08260417672757099,2.115123145211015,4.272711815580458,0.02700755572073966,0.06377843417457008,9.274330424453508,5.150096579312112,0.021150241099065638,0.02889197998249107,2.669921585537033,8.78013371330144,0.12630425035592857,-0.12978156119081558,8.837682620929348,0.8527040748725715,0.000469877918374706,0.004785626312914192,6.666273097889971,1.4131327806847365,-0.3709911590938517,0.4246512246472953,2.1212887516847676,7.813516224825779,-0.04333546668823007,0.04069249002341393,8.600225516412861,2.4130106004511296,0.060102464627463825,0.00924604657734942,1.731240758166403,2.956611552950885,-0.8962276076802137,0.16613371681539427,2.3482312458024954,2.8653706123277836,0.6611537749582723,0.5425877590972192,5.37396413780058,8.192948352580313,0.8768728248377401,-0.9879996301513333,4.3919410773734056,8.020364016054636,-0.6441573860050851,0.021026643600891043,5.3440717490165905,8.567299157909671,0.004203602614558523,0.27745728857804897,2.263177362496735,2.1903469641525137,-0.43629145940459885,-0.07728072796265263,7.703478421365606,7.4486660663234225,1.0566079939867812,-0.7901114394806585,5.096105785426198,2.061636194722561,0.29185270499147675,-0.4886693789196748,5.08843967016544,4.387966175264504,-0.2178820053732292,0.16737140849361742,4.584040067399205,2.141070317021779,0.6468245045278199,0.045660826669446805,7.781261425801407,4.969720572331276,-0.008427052315197983,0.09826248415128279,5.616072484593416,1.840576878366507,-0.17207567261973342,0.22706164492184655
264,8.25779420751612,8.755918354045361,0.002280796140834323,0.08578695055576488,2.116473522997052,4.275900737289187,0.029572702350811907,0.06306621016010669,9.27538793650846,5.151541178311236,0.02197846428083991,0.02772379974790299,2.6762367980548296,8.773644635241899,0.12381914364198696,-0.12858953517273372,8.837706114825266,0.8529433561882171,-0.0011705670526962985,0.001031055770953478,6.647723539935279,1.4343653419171012,-0.3749358673724392,0.42655499323617635,2.119121978350356,7.81555084932695,-0.04663045282808028,0.037606895245770794,8.603230639644234,2.413472902779997,0.05141681819435502,0.011062741712569312,1.6864293777823924,2.964918238791655,-0.9207121521468272,0.1716622391108399,2.381288934550409,2.8925000002826446,0.7611537749582723,0.5647205583554853,5.417807779042467,8.143548371072747,0.8491360550985644,-0.8879996301513333,4.359733208073151,8.02141534823468,-0.6276196773998948,-0.0005143159807566473,5.344281929147319,8.581172022338574,0.006240310536763686,0.17745728857804896,2.241362789526505,2.186482927754381,-0.44446232015160364,0.002278647912348719,7.756308821064945,7.40916049434939,1.0744437088464993,-0.8374984653172445,5.110698420675773,2.0372027257765777,0.30292354218280854,-0.503464267089926,5.077545569896778,4.396334745689185,-0.2221377734378715,0.16247770038935522,4.616381292625596,2.1433533583552515,0.6641263769136383,0.07898299857271204,7.780840073185647,4.974633696538841,-0.014183323352335145,0.09789823419538267,5.607468700962429,1.8519299606125994,-0.20963729744146797,0.24679893357898514
265,8.257908247323162,8.76020770157315,0.0029126344854327165,0.08872412533680919,2.1179521581145924,4.279054047797192,0.03210952316094392,0.06210934652171856,9.276486859722503,5.152927368298631,0.02277493065492933,0.026421882424041573,2.682427755236929,8.767215158483262,0.12111029692130074,-0.12706656459818774,8.837647586472631,0.8529949089767648,-0.002818300191654503,-0.002644181297588105,6.628976746566657,1.45569309157891,-0.3774927126563211,0.42736123057576675,2.1167904557089523,7.817431194089239,-0.04977357500796878,0.03457776957932452,8.605801480553952,2.4140260398656257,0.04285030734131821,0.01275145975383416,1.640393770175051,2.973501350747197,-0.9516308934020017,0.17907950159371355,2.4193466232983227,2.920736028200419,0.8611537749582723,0.6104490761579462,5.460264581797395,8.09914838956518,0.8188993029520755,-0.7879996301513333,4.328352224203156,8.02138963243564,-0.6102910842344376,-0.021364242127722415,5.344593944674157,8.590044886767476,0.009431270868436925,0.0893186665029439,2.219139673518925,2.1865968601499985,-0.45103836145503445,0.07583455566256023,7.81003100650727,7.367285571083528,1.095798384828861,-0.8789370332758122,5.125844597784913,2.0120295124220813,0.3192712197958687,-0.5154456746211762,5.066438681224885,4.404458630708652,-0.2258097300504421,0.15733443932772895,4.649587611471278,2.1473025082838872,0.6845794363794446,0.10728677280129337,7.78013090701803,4.97952860824861,-0.01976928871525551,0.09716910953635338,5.596986836090356,1.8642699072915487,-0.2582402021498546,0.2684443970793114
266,8.258053879047432,8.76464390783999,0.0032515015652951856,0.09138852416470292,2.1195576342726397,4.282159515123278,0.034583551333847634,0.06090482243056872,9.27762560625525,5.154248462419833,0.02354209508360512,0.02498525921281523,2.6884832700829944,8.760861830253353,0.11818865911831804,-0.1252223145346707,8.837506671463048,0.8528626999118853,-0.0044686070431822055,-0.00623247860181902,6.610102110933841,1.4770611531076983,-0.37868197294282135,0.4270990976551139,2.1143017769585537,7.819160082568205,-0.0527632692381725,0.03161148017662871,8.607943995921017,2.4146636128533174,0.034420247782206086,0.01430783815162,1.592812225504951,2.9824553258268827,-0.9845090287557151,0.1870263755895946,2.462404312046236,2.9512584820083165,0.9611537749582723,0.6932628090966089,5.501209546944999,8.059748408057613,0.7906321053985726,-0.7169202143639336,4.297837669991434,8.020321420329255,-0.5919290113340548,-0.041446055297813866,5.345065508217579,8.594510820092623,0.009055205789294878,0.047765472319706695,2.1965877554461732,2.1903885879331266,-0.45647439917323246,0.1444868507993986,7.864820925748713,7.323338719419738,1.1195241343298359,-0.9159492071791742,5.141808158774706,1.9862572286910225,0.3474618298334273,-0.5238110142104477,5.055148194722363,4.412325352675039,-0.22889462760691676,0.1519732450867857,4.683816583290251,2.152666846923952,0.707302630567638,0.12958236864666461,7.779142442582267,4.9843870637254275,-0.02517899459751286,0.09608183343157224,5.584074825982864,1.8776921271455143,-0.3234391654103334,0.29206185224456493
267,8.258216454125698,8.769213334048224,0.0033051539093758068,0.09375330561634443,2.121286811839332,4.285204756244807,0.03695986528050715,0.05944784840753658,9.27880271100943,5.1554977253804735,0.024282013044703402,0.023412582541507226,2.6943927030389103,8.75460071452662,0.11506587495851278,-0.12306651734853631,8.837283241110889,0.8525510759817944,-0.006116988674203684,-0.009726634187461308,6.5911680122867,1.4984161079904539,-0.37852408757364553,0.42579894172915533,2.111663613496645,7.820740656577036,-0.05559845655343816,0.02871418725176314,8.609665008310127,2.4153790047608985,0.026142808824024304,0.015728055038903507,1.5435867740671654,2.9918066446063625,-1.0164973776629078,0.19485574954814794,2.51046200079415,2.985921622463147,1.0611537749582722,0.7932628090966088,5.5407411522149275,8.023902397339416,0.7638663389472589,-0.6681360201125799,4.2682412194247314,8.018249117564364,-0.5724058195405365,-0.06073608811615536,5.3455182685070435,8.596899093708608,0.0054585483213630895,0.029543969479028657,2.1737640354875114,2.1976129304730967,-0.46109149872710437,0.2090083691193866,7.920797132465205,7.277541259060779,1.1441938810615373,-0.9497534418578384,5.159181250266378,1.9600666779805,0.39838038761806127,-0.5274443526749011,5.043703463342017,4.419924014929378,-0.23138949537457856,0.14642646856694624,4.719181714818633,2.1591459653562852,0.7307664045672498,0.14519356085595692,7.777883492852391,4.989191155397006,-0.030408611789880705,0.09464512536670783,5.5679028677123465,1.8922952197577425,-0.4144661141030107,0.3170924279784151
268,8.258381711821167,8.773900999329042,0.0030858993510935,0.0957927121952322,2.1231348051033576,4.288177148665183,0.03920059838854646,0.057732391127143415,9.280016811661666,5.1566683545075485,0.02499645063040719,0.02170207850511348,2.7001459967868358,8.748447388659192,0.11175464785723976,-0.1206098115346755,8.836977391677179,0.8520647442724213,-0.007759200222639529,-0.013119912214203618,6.572241807908018,1.5197060550769117,-0.3770381176886272,0.4234914537870729,2.108883690668973,7.822176365939624,-0.05827805611831227,0.02589196001553884,8.610972148751328,2.416165407512844,0.01803303209611684,0.01700873065629239,1.49276190518402,3.00154943208377,-1.0458467081671081,0.20226292755344477,2.5635196895420638,3.0255847629179775,1.1611537749582723,0.8932628090966088,5.578934469162291,7.990495596333787,0.737907608749027,-0.6316801015690816,4.239620928447705,8.015212313158557,-0.5516770193187928,-0.07923302267410756,5.345791195923112,8.598376292182559,-0.0006949005620212126,0.02463424106124847,2.1507094605511563,2.208063348929066,-0.4650993257494123,0.26999430214023595,7.978006826518282,7.2300535869678875,1.148631592506003,-0.9646996759080635,5.1791002696472805,1.933694460346755,0.49100377060818506,-0.5241742547290927,5.032133988573288,4.427245338357725,-0.23329081066201657,0.14072671153505065,4.755720035046995,2.166405643399083,0.7528079329545547,0.15410946691409882,7.776363062262897,4.9939234116653415,-0.03545608058026672,0.09286969432943942,5.547179562007196,1.9081498411566633,-0.5144661141030107,0.34125946969579213
269,8.258536006788722,8.778690634938803,0.0026099527799852956,0.09748359876408577,2.125094835022785,4.291063768221541,0.04126553091338803,0.055747755419633366,9.281266634193186,5.157753458432804,0.02568703504843624,0.019851514521721923,2.705733729179698,8.742416898082459,0.10826868701030927,-0.11786333782671596,8.836589431666047,0.8514087486617111,-0.00939113232713627,-0.016406040900453403,6.553389902023587,1.5408806277662654,-0.37423999803584346,0.42020735123948505,2.1059697878630574,7.823470963940401,-0.06080119734391346,0.02315077448651291,8.611873800356134,2.4170158440456584,0.01010492085601944,0.018146956073039986,1.4404695697756646,3.011662578461442,-1.0715350178896415,0.2091103218573537,2.6215773782899774,3.070247903372808,1.2611537749582724,0.7932628090966088,5.615829849599742,7.958911591255333,0.7121946500810158,-0.6024704760531149,4.2120370774817655,8.011250662024851,-0.5297552322299713,-0.09694075712151273,5.345756450895011,8.599608004235622,-0.00881761041546264,0.027900984789508206,2.1274544942636857,2.221563064036078,-0.4685827406933213,0.32797617840100085,8.035438406143582,7.181818603172484,1.1433067501969378,-0.9710044670103826,5.20365045817769,1.9074857476103004,0.5910037706081851,-0.5075478452229144,5.0204694480401875,4.4342816739344775,-0.2345947709478895,0.13490647575044326,4.7933604316947225,2.174111116744788,0.770934728743007,0.15734770380954813,7.774590258233884,4.9985668963818135,-0.04032076721466331,0.09076815650512476,5.521456256302046,1.9252128146414529,-0.6144661141030107,0.3569810045151308
270,8.25866650442772,8.783564814877007,0.0019004467933178256,0.09880795803401475,2.1271581115684546,4.293851155992523,0.04311452852920289,0.05347589336899975,9.282550985945607,5.158746034158891,0.026354586485192726,0.01786078421185185,2.7111471635302133,8.736523731191122,0.10462209981869088,-0.11483897570294443,8.83611987504969,0.8505884466166884,-0.011007515467152564,-0.019579598024119522,6.5346779021217944,1.5618909953282396,-0.3701479596604556,0.41597726424098763,2.102929727995862,7.824628502664726,-0.0631674942395802,0.020495999152585813,8.612379046398935,2.4179231918493103,0.002373193251924993,0.019141226174235443,1.3868928188811827,3.02211809455431,-1.093010182994578,0.21534640912446526,2.684635067037891,3.1099110438276383,1.3366208623380287,0.6807677066097841,5.6514395821037935,7.928788067452677,0.686294913738117,-0.5775867339714738,4.185549315870267,8.006403624168776,-0.5066917926601479,-0.11386361634517558,5.345315570374238,8.601003053475097,-0.018416568787490165,0.0363664529735388,2.1040253572290197,2.237961872956128,-0.4715178017260025,0.38342155882350554,8.092603743653429,7.133268379821965,1.1375861062909236,-0.9777002867821281,5.2332006467081,1.8821083553491547,0.6910037706081851,-0.4521911765595086,5.008739709492793,4.441026997722,-0.23529863187288824,0.12899713397600068,4.831907168131873,2.1819785019352653,0.7830058417387327,0.15712678041631645,7.7725742198731504,5.00310530420707,-0.04500168654916567,0.08835722965599191,5.490732950596896,1.9430618648672093,-0.7144661141030106,0.3365648908973588
271,8.258761526767387,8.788505212778707,0.0009829501852494657,0.09975328919327493,2.1293138379949146,4.296524950660973,0.04473251772615887,0.05088596530642243,9.283868715269866,5.159639073369483,0.02699879044839254,0.01573130180898208,2.7163782685211477,8.730781782405975,0.1008294327617959,-0.11155146411660023,8.835569499276332,0.8496094667154824,-0.012601790636285855,-0.022635294688841276,6.516170504138771,1.582689858540289,-0.3647938812288722,0.4108390616653,2.0997713532838826,7.825653302622356,-0.06537621913162381,0.01792914150630043,8.612497706061532,2.4188802531580222,-0.005147305370191647,0.019992163687882418,1.3322423097314537,3.0328854150105333,-1.110025883197188,0.22100443634811476,2.751466110154792,3.1439494291581274,1.3906630530336799,0.5621888231964816,5.6857543277907,7.899908730754103,0.6598810591744139,-0.5552230672902302,4.1602147262372595,8.000710443351517,-0.4825642222033719,-0.13000695516572952,5.344394741934863,8.602821376123774,-0.029082184182270814,0.048159316158891144,2.0804494671427194,2.2571329508973035,-0.4738124108896053,0.4367599029878054,8.149483048967975,7.084383365482859,1.131138853851258,-0.9851522183439789,5.267750835238509,1.8594987965211793,0.791003770608185,-0.3521911765595086,4.9969747778991485,4.4474768544208,-0.23540848909015247,0.12303224946697754,4.871057460218809,2.189834840956081,0.789446329734111,0.1554156436503781,7.7703241355456925,5.00752316568987,-0.04949928859920365,0.08565701046186665,5.455009644891745,1.9598901094120773,-0.8144661141030106,0.2365648908973588
272,8.25881067427665,8.793492877238371,-0.00011679395695010446,0.10031200904990932,2.1315504638812226,4.299069248926294,0.04611798685525641,0.04795688690633163,9.285218654792287,5.160425638459932,0.02761884433422599,0.013464422559888984,2.7214197401592375,8.725204209200145,0.09690594922763923,-0.1080163871068702,8.834939409744518,0.8484777019810403,-0.01416702982638241,-0.025568401405897133,6.497930810077328,1.603231811623554,-0.35823678126790637,0.40483929993560075,2.0965025423273014,7.826549759697671,-0.0674262959261863,0.01545117304154397,8.612240340793022,2.4198798613424164,-0.012442362180916147,0.020701548423152534,1.2767410155715944,3.043935636827939,-1.1225341038677612,0.22611703201839145,2.820999262806476,3.1720588703179513,1.4327133505955103,0.4442211780469115,5.71874838074942,7.872147577389592,0.6327124999426014,-0.5342107878762574,4.136086515127091,7.994210095593231,-0.457465730771138,-0.14537491397111602,5.34294063272575,8.60522934193172,-0.04047357047747085,0.06203845918576673,2.056758846598239,2.2789709460466936,-0.4753985424424542,0.4882415990809097,8.206039991660537,7.03512575456566,1.1238132965133594,-0.993500716949805,5.307301023768918,1.841889237693204,0.891003770608185,-0.2521911765595086,4.985204353444641,4.453628466894148,-0.2349318562381885,0.11704391142522051,4.9105297767055145,2.1976056231386,0.7946192557800108,0.1522985126917014,7.767849171115732,5.011806016212963,-0.05381536980421521,0.08268906072775283,5.414286339186594,1.9717183539569452,-0.9144661141030106,0.1365648908973588
273,8.258804834578802,8.798508477690866,-0.001373544951913333,0.1004810083962502,2.1338563632239853,4.301467093271611,0.04728296073367285,0.04467794984730471,9.286599597008998,5.161098859587926,0.02821307626090685,0.011061468921149576,2.7262650376206197,8.7198033898448,0.09286757906676654,-0.1042502306160145,8.834231058253199,0.8471992819107454,-0.015695420259453398,-0.02837442235681894,6.480018971013933,1.623473776620334,-0.3505709355631881,0.3980394926074918,2.093131227530992,7.827322318349748,-0.06931614460832868,0.013062531185809283,8.611618222683976,2.420914938763574,-0.019498443529099345,0.021273090337673464,1.2206143103782063,3.055241488428859,-1.1306082912990238,0.2307040963453097,2.8926349303362517,3.194269929220297,1.4635452569170444,0.32868720838454113,5.75038400574655,7.845437037995779,0.6046194057520481,-0.513774897469449,4.113213228588534,7.986941349894675,-0.4314992197558535,-0.15997085075318437,5.340916954201876,8.608331264891008,-0.052307505461512464,0.07714909013447288,2.032988919476116,2.303383026000739,-0.4762290210122223,0.5380069622312728,8.262230656486205,6.98545071871817,1.1155732917667054,-1.0027443496209776,5.351851212299327,1.8292796788652286,0.991003770608185,-0.15219117655950862,4.973457760632732,4.45948066246541,-0.2338771774758206,0.11105930969094976,4.950260739494515,2.2052205487731853,0.8077330918325316,0.14400737815239906,7.765158402625522,5.015940469249351,-0.057953711007058775,0.07947606120646382,5.368563033481443,1.9785465985018131,-1.0144661141030107,0.03656489089735879
274,8.258736157331207,8.80353252811068,-0.0027629178048769634,0.10026146546959613,2.136220511260669,4.303700990763976,0.04824990026403273,0.041047195471849096,9.288010250822042,5.161651933033983,0.028779522572635274,0.008523927042845854,2.730908416573958,8.714590878314,0.08873058958548485,-0.10027013677460682,8.833446287240227,0.8457805607929045,-0.017179098148230126,-0.0310499582174302,6.4624904242357735,1.6433757512507086,-0.34194269595523513,0.39050441599196006,2.0896654203005753,7.827975444909039,-0.07104395097186,0.010763365878777966,8.61064330050752,2.421978593280458,-0.02630183680270572,0.021710965616065076,1.164083895813255,3.0667766932461245,-1.1343895824319485,0.23477235553659315,2.9658121931821038,3.210704289639524,1.4842084959067283,0.21708325748036633,5.780614976034153,7.819748293122307,0.5754906079495964,-0.4933974524910598,4.091638267600741,7.978942807357016,-0.40477341225068714,-0.1737972997439091,5.3383015789288,8.612188719397732,-0.06434938048964321,0.09288704847249257,2.009177468425505,2.3302833741123026,-0.4762730421780723,0.5861300498401097,8.31800932107454,6.935313501237121,1.1064501870380985,-1.0128020456157052,5.401401400829736,1.8216701200372531,1.091003770608185,-0.05219117655950861,4.961763901758941,4.465033627949957,-0.2322555975659344,0.10510343717688864,4.9906473940861416,2.2124209176808054,0.8450442780587547,0.11885891204270203,7.7622607170751685,5.019914272309674,-0.061918747061268695,0.07604263563679618,5.317839727776293,1.980374843046681,-1.1144661141030108,-0.06343510910264122
275,8.258598011440963,8.808545601384159,-0.004261762310571477,0.0996583996434289,2.1386330062738708,4.305753350537568,0.04905012662464811,0.037070996488190774,9.289449226950675,5.162078129386126,0.029315904566505607,0.005853608199042577,2.735344946053232,8.70957737147527,0.08451141230945498,-0.09609386575323194,8.832587332332816,0.844228062882033,-0.018609996322605207,-0.03359282389080261,6.4453932894380115,1.6629009720503065,-0.332581730020273,0.38230406918360355,2.0861132227519823,7.828513613202977,-0.07260768899641852,0.008553564668279567,8.609328208667385,2.423064141561261,-0.032838299084417336,0.022019802748225476,1.1073644166916576,3.078515311022954,-1.1340544140573332,0.2383193204001881,3.0400226179774403,3.2215584525135426,1.4959200815902967,0.11055817244727062,5.809389506431633,7.795078420497753,0.5452642669004693,-0.47273610268180555,4.071399596988207,7.970252942369821,-0.3774000541083621,-0.186856368125652,5.335084109904319,8.616833071821357,-0.07640565551988636,0.10881744058003767,1.9853638163166012,2.359589876604308,-0.47550967270209127,0.6326464672555189,8.373331830426444,6.884673398956336,1.0965096420405394,-1.023555863112575,5.455951589360145,1.8190605612092776,0.991003770608185,0.047808823440491394,4.950151121880644,4.4702887998088014,-0.23008207749408666,0.09919849808500539,5.032899607989079,2.2183638632829403,0.9343248407262048,0.04444044178766143,7.759164779722105,5.023716404091514,-0.06571534976530236,0.0724155157801394,5.262116422071142,1.977203087591549,-1.0144661141030107,-0.16343510910264122
276,8.258384923325435,8.813528521366331,-0.0058484687409447724,0.09868018560972279,2.141085512605103,4.307606900361978,0.04972131166395376,0.03276390486371879,9.290915022179,5.162370809796078,0.029819538860281488,0.0030529355931393476,2.7395705166687048,8.704772678187608,0.0802264764479843,-0.0917398141579035,8.831656832516686,0.8425484216874929,-0.019979411515132734,-0.036002196031847865,6.428764202936998,1.6820161755094867,-0.32285732886979257,0.3735198847850192,2.082482838302161,7.828941291436391,-0.07400512905502155,0.006432688130397845,8.607686293713165,2.4241651316986723,-0.03909243437513967,0.022204880611549994,1.050661695988791,3.0904312770429634,-1.1297956321343818,0.24133719146926833,3.1148186220569554,3.227086361135906,1.3959200815902966,0.010558172447270614,5.836652719776657,7.771441615363663,0.5139204690077939,-0.4515727333557615,4.052529594282789,7.960910123963538,-0.34949192224711345,-0.19915019057285638,5.331263827128325,8.62227394385036,-0.08831751967577693,0.12462322622890716,1.9615883326814967,2.3912221999670837,-0.4739226385922005,0.6775698751091701,8.428157312528471,6.8334956058007075,1.0858305734884088,-1.0348777539776537,5.505501777890554,1.8214510023813022,0.891003770608185,0.1478088234404914,4.93864701800594,4.475248724713052,-0.2273768381351147,0.0933622356259209,5.079615850025389,2.2205858853723233,1.034324840726205,-0.05555955821233857,7.75587901223384,5.027337179880521,-0.06934876213948905,0.06862378982561665,5.211393116365992,1.9690313321364168,-0.9144661141030107,-0.26343510910264123
277,8.258092499888388,8.818462530646817,-0.00750321051982285,0.09733806856200465,2.143571578188301,4.3092450956051636,0.050305374043607284,0.028147232175537433,9.292405999122014,5.162523456575736,0.030287253726694663,0.00012522409518512297,2.743581840491104,8.700185687479712,0.07589201688835223,-0.08722718389793258,8.83065786194093,0.8407483118859005,-0.021278466125728687,-0.038278139463872464,6.412621336493508,1.7006921697487376,-0.31319854613099285,0.3642303491107469,2.07878258184941,7.829262925842911,-0.07523384560046148,0.004399663401158537,8.605731671994407,2.42527537572925,-0.04504809095357995,0.022271586825957243,0.9941719143820718,3.102498136616427,-1.1218107073316745,0.2438157529561997,3.18461462613647,3.2276142697582695,1.2959200815902965,-0.08944182755272939,5.862348743227047,7.748862978695875,0.48147510766495955,-0.42977966490525144,4.035054998170433,7.950952614434896,-0.3211614862630832,-0.21068151189659162,5.326847951144536,8.628505105161805,-0.09995560587883899,0.14007128919866205,1.9378922007518866,2.425100693722542,-0.4714939219668542,0.7209021720149442,8.482448841202892,6.781751718101825,1.0744927223438276,-1.0466448249669753,5.5500519664209635,1.8288414435533267,0.791003770608185,0.2478088234404914,4.927278176099184,4.479916836494348,-0.2241695194702238,0.08760557266231069,5.131332092061699,2.2178079074617063,1.134324840726205,-0.15555955821233858,7.7524115741268655,5.030768369371802,-0.07282427756542556,0.06469922735904725,5.165669810660841,1.9558595766812847,-0.8483516956316225,-0.16343510910264122
278,8.257717339362397,8.823329434074918,-0.009207943257283052,0.09564519024030967,2.1460868468904812,4.310652457213941,0.05084466876737838,0.023266611797183156,9.293920361808349,5.162529717780495,0.03071424303835173,-0.0029259873277346768,2.7473764413355215,8.695824328284814,0.07152462063731789,-0.08257539892922297,8.829593938634643,0.8388344049127069,-0.022499492879830364,-0.040420431549206444,6.396961409186958,1.7189036872042749,-0.3041147604391089,0.3545328877571267,2.075020889569387,7.8294829090129685,-0.07629048321565744,0.002453933012520426,8.603479267446728,2.4263889550705477,-0.05069140273335128,0.022225797718351873,0.938081379015488,3.114688924264237,-1.1103091107930012,0.2457431012807467,3.249410630215985,3.223142178380633,1.1959200815902964,-0.1894418275527294,5.886422498610295,7.727373995450613,0.44797569441188734,-0.4072972575173368,4.018996923857279,7.940418538840066,-0.29251865383324893,-0.22145393619549888,5.3218501708505945,8.635508669621737,-0.11121472282272986,0.15498908413779175,1.9143175046535439,2.4611458023232893,-0.4682098928253505,0.7626218769965292,8.536173477320084,6.729419476853476,1.062569234331717,-1.0587476669403855,5.589602154951373,1.8412318847253513,0.6910037706081851,0.29500144792915245,4.916069700125673,4.484297115127464,-0.2204987406038888,0.0819263260381315,5.188048334098009,2.2100299295510895,1.1738149617749776,-0.25555955821233856,7.748770360248594,5.034003330739754,-0.0761483324692268,0.06067386044277096,5.12325222587926,1.9476878212261526,-0.7686441201480186,-0.06343510910264122
279,8.257256942199533,8.828111693586933,-0.010945617023531114,0.09361720509538002,2.1486290803288504,4.3118157878038,0.05136739141721629,0.018172821298387744,9.295456073960267,5.162383418414108,0.03109642914593564,-0.006096579503377284,2.7509526723673874,8.691695558338353,0.06713983648293294,-0.07780296507094017,8.828468963990652,0.8368133833352466,-0.023639177727171348,-0.04243132360466037,6.381755671165003,1.7366303315921312,-0.29620745466018295,0.34451840309700327,2.071206365408604,7.829605605663595,-0.07717276305413977,0.0005960623613089511,8.60094469731006,2.4275002449564655,-0.05600950990473719,0.022068740058381997,0.882565923475838,3.126976079328274,-1.0954973292723873,0.24710754132201315,3.3092066342954998,3.213670087002997,1.0959200815902963,-0.2894418275527294,5.908821283330889,7.707009132574746,0.4134977631206822,-0.38411444526133215,4.004370991165617,7.929345842030291,-0.26367119386654064,-0.2314694809663841,5.316289434709458,8.643258123828627,-0.12201002277051338,0.16925075797979594,1.8909070100122765,2.4992768961731158,-0.46406641072338206,0.8027022109232745,8.58930193903667,6.676482093506457,1.0471980762869957,-1.0681064689897173,5.624152343481782,1.8559819571218088,0.5910037706081851,0.31534275883905666,4.9050447630954785,4.488393431429371,-0.21640558376808877,0.07633628926077639,5.246739082186758,2.1972519516404727,1.0738149617749775,-0.35555955821233853,7.744962943625133,5.037037023761893,-0.07932256487518981,0.056581550597440085,5.084820019871859,1.9445160657710205,-0.6686441201480187,0.03656489089735879
280,8.256709661348356,8.832792553841703,-0.012700821550349413,0.09127081963441837,2.151197449899711,4.312724428868719,0.05189382281432626,0.012919873424940265,9.297010895417564,5.162078589438939,0.03142715856604482,-0.009381699174473257,2.754309664191534,8.687805410084806,0.06275281836632063,-0.07292847027712095,8.827287005104294,0.8346918171550135,-0.02469463636667152,-0.0443113289318935,6.366945298431993,1.7538562517469813,-0.29016051055995634,0.3343444206892355,2.067347727255897,7.829635408781661,-0.07787838626171584,-0.0011733116881772058,8.598144221814824,2.428603681959385,-0.06099384906012633,0.021803586965957505,0.8277910570122186,3.1393314563943746,-1.077576582928369,0.24790042822474984,3.364002638375015,3.1991979956253602,0.9959200815902963,-0.3894418275527294,5.929496171486923,7.6878034103116795,0.37814099391167094,-0.36025931276549594,3.99118743147229,7.917772367981972,-0.2347233477987558,-0.24073071391832684,5.310188933570933,8.651720661727616,-0.13227362042774593,0.1827639792683674,1.8677036894761074,2.5394120067192794,-0.45906234683769753,0.8411194856732838,8.64166184285102,6.623076770056971,1.0283244287573523,-1.074383691712856,5.653702532012192,1.8717490950637616,0.5089772771915753,0.33441488526016205,4.894224483907074,4.49221024589241,-0.21192664022132568,0.07084219883648646,5.300429830275506,2.1794739737298556,0.9738149617749775,-0.4555595582123385,7.740996815381373,5.039866101291764,-0.08234942643411461,0.05245424135780623,5.051387813864459,1.9463443103158884,-0.5686441201480187,0.1365648908973588
281,8.256074620270839,8.837356094823424,-0.014459393082080389,0.08862370520407536,2.1537921410404275,4.3133704225399665,0.05243630504560888,0.0075643719915776345,9.298582253345867,5.161609504480215,0.03169657181967201,-0.012775134215590477,2.75744730510985,8.68415898657095,0.058378250166618975,-0.06797015509903999,8.82605227328596,0.8324762507084188,-0.025665782369057682,-0.04605822532868543,6.3524372729039955,1.770573472781443,-0.2867090289707224,0.3242370336547192,2.0634538079428113,7.829576743197252,-0.07840516865567551,-0.0028530544456635953,8.595094529361818,2.429693861307683,-0.06564340777865743,0.0214344209445323,0.7739122278658002,3.151726477805612,-1.0567443236355099,0.24811638374148268,3.4137986424545295,3.1797259042477237,0.8959200815902963,-0.48944182755272936,5.948403221182506,7.669790444673405,0.34202599769502173,-0.33578977750343175,3.979451264082352,7.905735832286056,-0.2057752129461798,-0.24924036262350385,5.303575252549545,8.660858860691034,-0.1419516483725598,0.19546197721064812,1.8447505721342226,2.5814679810029437,-0.4531987050293402,0.8778533963400486,8.693078064288887,6.569357585471328,1.0062173117475346,-1.0775931670395156,5.67915139587177,1.8884698393267698,0.4281554238026912,0.36387252232966816,4.883628151896008,4.495752355834234,-0.2070904271906408,0.06545073423009633,5.349120578364255,2.1566959958192387,0.8738149617749775,-0.5555595582123385,7.736879344059667,5.042488813359655,-0.08523095075636025,0.04831992067862858,5.022955607857058,1.9531725548607564,-0.4686441201480187,0.2365648908973588
282,8.255351650616735,8.841787280083627,-0.016208518370498907,0.08569470411916193,2.156413956292708,4.313748641139545,0.05300281133859588,0.0021605153034445638,9.30016708193685,5.1609707477694355,0.03189257589330963,-0.01626642621384175,2.7603662176181807,8.680760478815998,0.0540299058095068,-0.06294618161162718,8.824768984167507,0.8301733394419846,-0.02655243856215576,-0.04766973048172927,6.338101821455459,1.786785324464179,-0.2866761227796316,0.3144890003787225,2.0595335495100273,7.829434090474969,-0.07875138046274403,-0.0044421768311844545,8.591812358972884,2.4307655823549092,-0.06995859304988133,0.02096604339959725,0.7210750116840247,3.164132296992686,-1.0331920363906182,0.24775225756242814,3.4585946465340442,3.1552538128700873,0.7959200815902964,-0.5894418275527293,5.965504521067257,7.653000955798233,0.30529006136469655,-0.3107857378870027,3.9691625034350433,7.893273814154881,-0.17692316547363615,-0.2570016244549263,5.296477670130917,8.670631959551567,-0.1510025286729613,0.20729773101988638,1.8220906368827556,2.625360650819946,-0.44647078679818103,0.9128852747565137,8.743388929876264,6.515477927119353,0.9811448913451171,-1.0777769337694743,5.700559167061905,1.9066634654432533,0.32815542380269125,0.4133413989078869,4.873273630536476,4.499024892545738,-0.20192713543612104,0.06016715871086857,5.392811326453004,2.128918017908622,0.7738149617749775,-0.6555595582123385,7.732617796521849,5.044904809393587,-0.08796733526596096,0.044205951924310885,4.999523401849657,1.9650007994056242,-0.36864412014801873,0.32963478609491725
283,8.25454122469821,8.846072015289586,-0.017936620808564833,0.08250349179450052,2.1590640968596375,4.313856666904718,0.05359809952277395,-0.0032407321356683503,9.301761710731515,5.160157426458744,0.03200060687712244,-0.019839415487251648,2.763067712908656,8.677613169735416,0.04972060518914071,-0.0578744755348126,8.8234413622394,0.8277898529178981,-0.02735524756985598,-0.049143415044854546,6.323768015316477,1.8025097744831151,-0.2908866220970172,0.30546133480086285,2.05559598048689,7.82921198163341,-0.07891581206577675,-0.005939760206047048,8.58831442932039,2.431813884524889,-0.0739418764573916,0.020403181218776476,0.6694154098644938,3.1765199098708075,-1.007106143807923,0.24680725635866524,3.498390650613559,3.125781721492451,0.6959200815902964,-0.6894418275527293,5.980769024135492,7.637461668903883,0.2680837196334585,-0.28534291443751725,3.9603163451613614,7.880423732932135,-0.14825960067630378,-0.26401809904377144,5.28892754369727,8.68099684610256,-0.15939498569055682,0.21823959877224108,1.7997670975428466,2.6710049145577717,-0.4388681349021114,0.9461968791121127,8.792446174443521,6.461589080430879,0.9533713033075693,-1.0750027728370635,5.71696693825204,1.9273305353886476,0.22815542380269124,0.4945035694579292,4.86317727376467,4.502033250481282,-0.19646797759201373,0.05499604797212906,5.431502074541753,2.096140039998005,0.7364244279865878,-0.7487818301471367,7.728219429758551,5.047115106989803,-0.09055650470357166,0.040138450670981124,4.9810911958422555,1.98148253871037,-0.26864412014801875,0.3693682584849626
284,8.253644393657781,8.85019718987931,-0.019633231899622957,0.07907025007774837,2.161744001835776,4.313694630297934,0.05422477511418209,-0.00859218307003284,9.30336174107537,5.159165455684382,0.03200329105252449,-0.02347035638416762,2.765553743168113,8.674719445958676,0.045462219702812424,-0.05277260314721992,8.822073599860907,0.8253326821656554,-0.028076622452853434,-0.0504763454702872,6.309223684211626,1.8177828412231583,-0.29988740573487727,0.29754788781837155,2.0516501898836013,7.8289149936231075,-0.0788977984953539,-0.007344908303771901,8.58461733549752,2.4328340435858276,-0.07759882285516953,0.019749779273177358,0.6190601026740976,3.1888602726887405,-0.978668737927399,0.2452830976328071,3.533186654693074,3.0913096301148144,0.5959200815902964,-0.7894418275527293,5.994173210117165,7.623194523182007,0.23056718374044188,-0.2595676419139961,3.952903365127546,7.867222827979947,-0.11987272048806945,-0.2702937637258808,5.280957794412742,8.691908826041173,-0.16710638458279792,0.22826802062751467,1.777823690797741,2.7183147585133773,-0.4303751627821688,0.9777692164129438,8.8401147396089,6.407838941789025,0.9231549296362841,-1.0693626973175143,5.728374709442174,1.9520557138615442,0.12815542380269124,0.5945035694579293,4.8533538748850695,4.504783052879889,-0.1907443113969261,0.049941734078840214,5.468323295941083,2.058700948490648,0.8364244279865878,-0.8487818301471367,7.723691604523372,5.049122029523351,-0.09299391821971782,0.03614150569364492,4.967658989834854,1.9999509516346181,-0.16864412014801874,0.3812479349264214
285,8.2526627320628,8.854150702383198,-0.02128910958059416,0.07541557617169818,2.164455240591485,4.313265021144432,0.054886286113530455,-0.013852820147898317,9.304961905627996,5.157991937865173,0.03188046729104255,-0.027124137682988575,2.767826854153254,8.672080815801316,0.04126560407654925,-0.047658121423014364,8.820669768738265,0.822808864892141,-0.028718091304296367,-0.051666414835761364,6.294229313924882,1.8326602356140769,-0.313930284619653,0.2911954591138714,2.0477052999588334,7.828547748207919,-0.0786971894628141,-0.008657318605524855,8.580737394354761,2.4338215325494863,-0.08093402808300387,0.019010022666046407,0.5701266657777276,3.201124427570381,-0.9480565312926938,0.2431838782594426,3.562982658772589,3.051837538737178,0.49592008159029644,-0.8894418275527293,6.005701569304187,7.610216141086307,0.1929059715267193,-0.23357248871573377,3.9469097291031425,7.853708139793652,-0.09184671503258982,-0.2758335773215368,5.272602475183602,8.70332222707255,-0.17412174619729867,0.23737279335938788,1.7563049326586324,2.7672032193340246,-0.42096890848364465,1.0075813057078933,8.886272486090714,6.35437080692315,0.890747490983244,-1.0609717335077353,5.734782480632308,1.9817808923344407,0.028155423802691232,0.6945035694579292,4.843816659315223,4.5072801395838304,-0.18479099803521928,0.045003053608477735,5.510144517340413,2.0162618569832915,0.9364244279865878,-0.9487818301471367,7.719041908612386,5.050929104808033,-0.09527319522314799,0.032238762382403335,4.959226783827453,2.0190133483809394,-0.08473422402893692,0.3779671631450811
286,8.25159827658377,8.857921481191783,-0.022896256409058183,0.07156045373696904,2.1671995548971617,4.312572380137038,0.055588260283128146,-0.018989514411448305,9.306555928992548,5.156635730981024,0.03160928904094468,-0.030749905557445188,2.769890134357081,8.669697909730164,0.03714051109792499,-0.042548717414606085,8.81923386417305,0.820225544150353,-0.029277522916191182,-0.052713717776346126,6.2785327996939,1.8472200085697705,-0.333188174561241,0.2868611860487818,2.0437704404856927,7.828114882277643,-0.07831442253673074,-0.009877586636352041,8.576690692950612,2.4347720336827887,-0.08394734511777645,0.018189649973760387,0.522723839213093,3.213283621483353,-0.9154404739297772,0.24051563887447086,3.5877786628521036,3.0073654473595415,0.39592008159029646,-0.961665048862176,6.015346867880523,7.598537516650521,0.1552667874164156,-0.20747227218663905,3.942317393351513,7.839916460927576,-0.06426193956189975,-0.28064376539861713,5.263896387873737,8.71519086674052,-0.18043287196250998,0.24555111937325763,1.7352564872344503,2.8175822846194194,-0.4106189295936443,1.0356079546844574,8.930809860639876,6.301322220247763,0.8563939808924247,-1.0499680100808402,5.736190251822443,2.016506070807337,-0.07184457619730877,0.7945035694579292,4.834577109413463,4.509530292264254,-0.17864747646470447,0.040171495141859144,5.556965738739742,1.9688227654759347,1.0364244279865877,-1.0487818301471368,7.714278248851229,5.052541042927153,-0.09738668815318187,0.02845458676689305,4.954990072626006,2.0379117065381935,-0.02361221798592738,0.3668858669966813
287,8.250453463763318,8.861499503878632,-0.02444755637720327,0.06752561918085473,2.169978967911318,4.311622904416465,0.056336387729344635,-0.023974042502384763,9.308136393444595,5.155098235703152,0.03116310130150187,-0.03427847276572982,2.7717471599119774,8.667570473859435,0.033095926840384635,-0.0374616343544207,8.81776998802724,0.8175898582615356,-0.029753008993923587,-0.053617695374467145,6.261873390965838,1.8615630678722097,-0.3581420905463333,0.28473871220190816,2.039854719358856,7.8276210029458255,-0.07775038392052291,-0.01100643871466557,8.572493325694722,2.435681516181477,-0.08664126059055643,0.0172952019796544,0.4769518155166041,3.2253094034270764,-0.8809884843509973,0.2372871278243422,3.6075746669316184,2.9592821949164327,0.2959200815902965,-0.9407441342383187,6.023110207251344,7.588163903041189,0.11781503422647441,-0.18138105318399655,3.939104296373418,7.825884272657645,-0.03719418511971113,-0.2847312777795836,5.254874744275611,8.727468422709181,-0.1860367925378515,0.25280618446296943,1.7147255407547681,2.8693626823536422,-0.3992947244484614,1.0618201347389402,8.973629559684497,6.248823819743721,0.8203328078363764,-1.0365162991380887,5.732598023012577,2.0562312492802333,-0.17184457619730878,0.6945035694579292,4.825644735590227,4.511538867021347,-0.17234884378583618,0.03543709119852434,5.608786960139072,1.9163836739685778,1.1364244279865878,-0.9487818301471368,7.70940891444357,5.053963772265498,-0.09932603701964592,0.024809679744092296,4.95380946172671,2.0562559998880277,0.02029983040688324,0.3528857563605525
288,8.249231085944457,8.864875784837674,-0.025936540536274966,0.06333150260829737,2.1727957872977854,4.310424202291346,0.05713308543477955,-0.028783142515892902,9.30969454850967,5.1533843120648655,0.0305117991047016,-0.03761683320338982,2.7734019562539967,8.665697392141714,0.0291400395814884,-0.03241327095605774,8.816282337577544,0.8149089734928123,-0.03014301804757014,-0.05437720332319381,6.243966286438521,1.875800003482305,-0.390573395352736,0.28419970096283154,2.0359672001628297,7.827070681010092,-0.07700663320210074,-0.01204432280022739,8.568161262665194,2.4365462762804597,-0.0890212225162315,0.01633380836414709,0.4329023912990542,3.2371737598182935,-0.8448658652452699,0.23350884382617904,3.6223706710111334,2.9122449882045167,0.19592008159029647,-0.8750729579835104,6.029000958962667,7.579094850381989,0.08071212890662072,-0.1554091929288486,3.9372445871174326,7.811647708768666,-0.010714611053077257,-0.2881032657193983,5.245572904648719,8.74010873193233,-0.19093486585514607,0.25914631411185346,1.694760804532345,2.9224536890905894,-0.38696783478206437,1.0861817025808809,9.014646200076315,6.196998004786816,0.7827962138353961,-1.0208118527359908,5.724005794202712,2.0909564277531296,-0.2718445761973088,0.5945035694579293,4.817027293400936,4.5133107215812736,-0.1659223252046402,0.030791335167409672,5.665608181538401,1.868944582461221,1.236424427986588,-0.8487818301471368,7.704442612592588,5.055204256252702,-0.10108205399731547,0.021320593315628928,4.9548244532470544,2.0739002877060555,0.05228657909967307,0.3386574986778403
289,8.247934258917644,8.868042359968088,-0.0273571109915977,0.05899822876507942,2.1756524415695244,4.308985045165551,0.057970784803384016,-0.033397629075312005,9.311220138464906,5.151503470404696,0.02962256090219584,-0.04064110408848748,2.774858958233071,8.664076728593912,0.025280178485856744,-0.027418536952229206,8.814775186675165,0.8121901133266526,-0.03044580527423863,-0.054991533706091174,6.224437616670884,1.8900099885304467,-0.43668050199327024,0.28286760214935186,2.0321168685027247,7.82646846487008,-0.07608576278218462,-0.012990679600947477,8.563710201539383,2.437362966698667,-0.09109454234891248,0.015313809558425814,0.3906590980367907,3.2488492020096023,-0.8072359865278007,0.22919132121606595,3.632166675090648,2.8684913403053414,0.09592008159029647,-0.7918371670144789,6.033036565407999,7.571324390735547,0.04411372173694327,-0.12966104600493825,3.936708856564779,7.797242545482696,0.0151104076100557,-0.29076618383734526,5.236026161355961,8.753066047637923,-0.19513190216016585,0.26458451966658963,1.6754124127932417,2.9767627742196336,-0.3736158289571653,1.108643526020052,9.053786010768086,6.1459574121500165,0.74401039719031,-1.0030860860558677,5.710413565392846,2.120681606226026,-0.3718445761973088,0.4945035694579293,4.808731177140704,4.514850288339644,-0.15937921049926437,0.026231119340874673,5.72742940293773,1.826505490953864,1.3085986354518004,-0.7331913879020167,7.699388509892722,5.056270285918484,-0.10264503113357706,0.01799912589873894,4.957438782202038,2.0908331626399477,0.07701016935173134,0.3253133735672415
290,8.246566403368064,8.870992271406342,-0.02870369524888596,0.05454552008748358,2.1785509808096934,4.3073151637117855,0.05883880941504583,-0.03780280613606466,9.312701266510016,5.149471415200272,0.028461194349621702,-0.04318717796751933,2.776122967157364,8.6627058017463,0.021522963900030067,-0.0224914398526024,8.813252896411454,0.8094405366413481,-0.030659919169590467,-0.05546093190787374,6.20260359157122,1.9041533686379142,-0.509975934687045,0.2744306135616603,2.0283125803636155,7.825818930890033,-0.07499101727800929,-0.013844749425311281,8.559155474421937,2.4381286571765886,-0.09286900318297152,0.01424390830589844,0.35029729871040066,3.2603087680704057,-0.7682598706540295,0.22434700031125654,3.636962679170163,2.8288994819546174,-0.004079918409703537,-0.7040974655754301,6.035242251494846,7.5648413384353,0.008167558540939146,-0.10423422237244272,3.937464376945282,7.7827042362908285,0.0402190690962529,-0.2927268413481875,5.226269566247953,8.766295273621251,-0.19863594247180763,0.2691373289170092,1.6567316213453835,3.032194950520636,-0.3592273900805571,1.1291516730801767,9.090986530627601,6.095803107847223,0.7041947323338456,-0.983613996130972,5.691821336582981,2.1454067846989227,-0.2950363378597929,0.3945035694579293,4.80076221661574,4.516161844306687,-0.15272320863709876,0.0217564481036685,5.79285933471032,1.7898459215587632,1.2270023801137453,-0.6331913879020167,7.6942562583360425,5.057170242213421,-0.10400550797691625,0.014853550611161894,4.961289290669624,2.10709883131831,0.09787511821791167,0.31294701391256535
291,8.24513121860562,8.873719547410717,-0.02997120008391757,0.04999258331816959,2.1814929212804457,4.3054250234049825,0.05972544111312212,-0.04198888701906349,9.314124326227498,5.147312056301896,0.026994214049051963,-0.045039807814299115,2.7771991153523654,8.66158122975367,0.017874411434777266,-0.01764518435242276,8.811719900452974,0.8066674900459544,-0.030785629013813084,-0.05578612742353276,6.177104794836868,1.917874899315997,-0.609975934687045,0.2407055142592469,2.0245630294997152,7.825126693418768,-0.07372615038309992,-0.014605759105665032,8.554512024262788,2.4388408525918837,-0.09435417076661151,0.013132144248464773,0.31188430517769916,3.2715261180859687,-0.7280961982517855,0.21899095241593455,3.6367586832496777,2.793694608675846,-0.10407991840970354,-0.6166734532494261,6.035650629421893,7.559629627316678,-0.02698722291030394,-0.07921920814917442,3.9394753304000947,7.768067894223419,0.06455410970602848,-0.29399270969865693,5.216337769124363,8.779752140067101,-0.20145783103846013,0.2728241036664181,1.6387702518413556,3.0886525341746447,-0.343804924675238,1.1476532662766745,9.126196267244294,6.046622408040674,0.6635603136130985,-0.9627245630175356,5.677069519689992,2.1651319631718193,-0.19503633785979288,0.2945035694579293,4.793126056183885,4.51724966671187,-0.1459543915975189,0.01737134857757269,5.854209453716007,1.7581863521636625,1.1750141759661419,-0.5331913879020167,7.689055982937197,5.057912919743979,-0.10515442823409077,0.011888524303563405,4.96618304658052,2.122746182013938,0.11735479277998236,0.3013303530246796
292,8.243632658601424,8.876219176576626,-0.031155171985497016,0.04535809518084789,2.184479193336102,4.30332557905403,0.06062010375401081,-0.045953205600116086,9.31547403692995,5.145060065911181,0.02519230502550715,-0.04591797466763925,2.778092835924104,8.66069897053605,0.014339989697951113,-0.012892592156205883,8.810180619002283,0.8038781836747777,-0.030824798934690124,-0.055968239198945474,6.146605998102516,1.9299101750289593,-0.709975934687045,0.1407055142592469,2.02087672198056,7.824396405463484,-0.0722952331218246,-0.015273498716809447,8.549794315724457,2.439497459804307,-0.09556002004593557,0.011985110130871765,0.2754794952651099,3.2824756657067655,-0.6869000714385594,0.21314106631851196,3.6315546873291926,2.7628609360133747,-0.20407991840970355,-0.5300608037065913,6.034301268276377,7.555668666909219,-0.06122050833077115,-0.054699759793758296,3.9427030358853963,7.753368258738487,0.0880625954842134,-0.294572715107986,5.20626487757244,8.793393345250422,-0.20361108471254807,0.275666250852194,1.6215800056075937,3.1460351974884784,-0.3273624361438333,1.1641007887665984,9.159374282924949,5.998486179889798,0.6223071799182662,-0.9408137130845426,5.6673177027970025,2.1798571416447157,-0.11158333986649101,0.19450356945792932,4.785828336604009,4.518118234140749,-0.1390738692556627,0.013077556831118147,5.912960162514314,1.7315267827685616,1.2335188781684696,-0.4331913879020167,7.683798261525492,5.058507345959157,-0.10608385913917995,0.009106737706326643,4.972050786219519,2.137812699665172,0.13662235445808502,0.2901652326672595
293,8.24207490000215,8.878487081335669,-0.03225180856027905,0.040660170380585135,2.1875101985238024,4.3010279187740235,0.06151218803982875,-0.04970151957807149,9.316733652181226,5.142764167177799,0.023035012916544632,-0.04545669277329024,2.778809835409002,8.66005434092824,0.010924627697618601,-0.008246108451118707,8.808639379055549,0.8010797717148305,-0.03077843614964285,-0.056008981307608736,6.111107201368164,1.9369454507419217,-0.809975934687045,0.0407055142592469,2.017261960324469,7.823632730527644,-0.07070266568462817,-0.015848388804820063,8.54501631472216,2.4400967153108506,-0.09649604071345827,0.010810251906802813,0.24113449169318193,3.293132719022691,-0.6448226678148,0.20681766600481366,3.6213506914087072,2.736357895828045,-0.30407991840970355,-0.44240862447103313,6.031240242859838,7.552933678919532,-0.09441052852174342,-0.030753458740067227,3.947106165659607,7.738639622983087,0.1106958422706599,-0.29447737698222964,5.196084323336812,8.807176657793033,-0.20511157880098713,0.2776868136526698,1.6052118838004021,3.2042402369268084,-0.309924426344737,1.1784546361355706,9.190489641920863,5.951445494235571,0.5806198548108632,-0.9183617489044518,5.661738535803678,2.189582320117612,-0.041139850008668016,0.09450356945792932,4.778874643141226,4.5187721119823046,-0.1320844112060083,0.008874919301760088,5.974636106422738,1.7098672133734607,1.3335188781684697,-0.33319138790201674,7.678494068568534,5.058962682844474,-0.10678773277515645,0.006508904233000325,4.9788819039424235,2.152320961298535,0.1560682185054704,0.2792377858361993
294,8.240462309574136,8.880520089854699,-0.03325816596033244,0.035916258746066784,2.190585807925794,4.29854284279512,0.062390158825004795,-0.05324924279323376,9.317885402827052,5.140491332539135,0.020517212252732137,-0.04318246853704119,2.779356066793883,8.659642035505684,0.007632808522033803,-0.0037180426456403636,8.807100457248067,0.79827932264945,-0.030641095373809088,-0.055912191101341754,6.070608404633812,1.938980726454884,-0.909975934687045,-0.059294485740753106,2.0137268270402373,7.822840311087402,-0.0689530192931659,-0.01633177076170451,8.540191512686487,2.4406372279061905,-0.0971668515140122,0.00962118995315504,0.20889335830244193,3.303473602322932,-0.6020106319886432,0.20004324620095443,3.606146695488222,2.7142374646044933,-0.4040799184097036,-0.35012413389683406,6.026519716433751,7.551396005982528,-0.12644311890425278,-0.00745296046431751,3.95264095777314,7.723915754133976,0.13240941841098117,-0.29371937868020703,5.185828744396763,8.821060998475666,-0.20597734114712188,0.2789098369801159,1.5897156624831652,3.263162968733587,-0.2915234257169378,1.1906856617589705,9.219520634661405,5.905527406790348,0.5386602564359253,-0.8959562636245446,5.659681543303244,2.1943074985905087,0.025487564273424315,0.009480084431140345,4.772270422580926,4.519215857947392,-0.12498899106272031,0.004757749956263104,6.041312050331161,1.6932076439783599,1.4335188781684698,-0.23319138790201674,7.673154681929776,5.0592881280561235,-0.1072641109531782,0.004094075559662531,4.986685314867697,2.166282850590345,0.17578801039329223,0.26838678507770847
295,8.23879940127612,8.882315902792001,-0.03417184819783075,0.031143293582028074,2.193705315867044,4.295880380655459,0.06323753180546317,-0.056620885629021754,9.31891126343969,5.138332209112283,0.017659797198677774,-0.038481219158558164,2.7797377072199847,8.659456133373402,0.004468484893504435,0.0006799349004628997,8.805568402479377,0.7954837130943829,-0.030405880150485377,-0.05568419213503924,6.025109607899459,1.9360160021678463,-1.009975934687045,-0.1592944857407531,2.010279176075579,7.822023722549317,-0.06705126728371451,-0.016725382860911225,8.535333170110787,2.441118287403848,-0.0975734125187094,0.008432993357450388,0.17879282670300978,3.3134757646329795,-0.5586069506019496,0.19284225918451536,3.585942699567737,2.6967312579096516,-0.5040799184097036,-0.2501241338968341,6.020197560488539,7.551023357959312,-0.15721029270538228,0.015133957648144812,3.959261428693689,7.709229785199965,0.15316305842371364,-0.29231289835698565,5.1755298773394065,8.835006490324671,-0.2062281307090281,0.27936059172592326,1.5751394911973182,3.3226972518215354,-0.2721995601659477,1.2007776998136241,9.246453647483202,5.860729593609121,0.49655888269349585,-0.8743244876708894,5.660955921516916,2.1947815028120656,0.09678091708448522,-0.07274183773577456,4.766020973027789,4.5194537454452055,-0.11779123849355469,0.0007192797100699895,6.112987994239584,1.681548074583259,1.4021124513609198,-0.13319138790201673,7.667791476382117,5.059492831834107,-0.10751344991631873,0.0018602880194206512,4.9954747153873615,2.1797021898442304,0.19578139399328612,0.2574504359588323
296,8.23709080886623,8.883873067471102,-0.034990863480819555,0.026357689393165216,2.1968671924573173,4.293049336374008,0.06402934973726321,-0.05984955049942031,9.319794253299623,5.136408148154355,0.014523884375641498,-0.03055150330555213,2.7799611314646597,8.659490130118424,0.001435079205959049,0.004937037316987992,8.804048108471854,0.792699503487631,-0.030066435201437463,-0.05533332524577238,5.974610811165107,1.9280512778808085,-0.909975934687045,-0.2592944857407531,2.0069266127113936,7.821187453406272,-0.06500285409614748,-0.017031106135874368,8.530454499484852,2.441539937071721,-0.09771462812908203,0.007260609766146283,0.1508624791729123,3.3231178775922054,-0.514751266755392,0.18524091789476316,3.5607387036472518,2.68422505121481,-0.6040799184097035,-0.15012413389683407,6.012337045853269,7.551780055841719,-0.18660922204481134,0.03694400616261407,3.966919581614875,7.694614140282116,0.17292064795159748,-0.2902733474064616,5.165218470803955,8.848974519910968,-0.20588509256982263,0.2790655305423136,1.5615295131890208,3.3827361368122166,-0.251998130891625,1.2087295389170414,9.271281591617877,5.8170133692255765,0.4544012527698041,-0.8543804519111362,5.66579496737114,2.191144410925277,0.1818938022281586,-0.16611011375561222,4.760131411103111,4.519489709430709,-0.11049525994901065,-0.0032465065759782284,6.18309361680763,1.6748885051881581,1.3021124513609197,-0.03319138790201673,7.662415803886301,5.059585846235078,-0.10753796645146343,-0.00019550152268433315,5.005263785087026,2.192574711642172,0.2159708499696503,0.246271565910795
297,8.235341265692188,8.88519095194076,-0.035713372084107305,0.021575047020078175,2.2000686599441805,4.290056858849036,0.06472811805809134,-0.06297460650683835,9.320520447518405,5.134880572989077,0.011230911510674279,-0.018333574079031075,2.7800328854249576,8.659736981984274,-0.0014643403412878788,0.009043713060847856,8.802544786711781,0.7899328372253424,-0.029623851507672185,-0.05486581048597008,5.929112014430754,1.915086553593771,-0.809975934687045,-0.35929448574075307,2.003676470006586,7.820335898099478,-0.06281361330597157,-0.017250504962798712,8.525568768078399,2.441902967560028,-0.09759611530900247,0.006113920192862912,0.12512491583514268,3.332379923486944,-0.47058071103703464,0.17726743080033822,3.5305347077267664,2.676718844519968,-0.7040799184097035,-0.05012413389683407,6.003006584751029,7.553627256149849,-0.21454124024867838,0.05791795952803954,3.9755656140124547,7.680100472911793,0.19165055108165743,-0.28761700521440015,5.1549242161754645,8.862927796438083,-0.2049701847165484,0.2780521950755469,1.5489296066444396,3.4431726137580685,-0.23096718723611936,1.2145571006399947,9.294001654256366,5.77429434663002,0.412207515736425,-0.8372987932341269,5.674889657482548,2.1828389052374964,0.28189380222815863,-0.2661101137556122,4.754606648105661,4.51932738410191,-0.10310341932661764,-0.007142141023828855,6.248199239375676,1.6732289357930572,1.2021124513609196,0.06680861209798328,7.657038905563728,5.0595760711589435,-0.10734057825171815,-0.002079664896109174,5.016062327585509,2.2048882899377116,0.2361855832648528,0.2347016360363324
298,8.233555597087983,8.886269704291765,-0.03633826788210293,0.016810738128967776,2.203305065847085,4.286908128523694,0.06528484795854265,-0.06604431793325974,9.321081993093939,5.133963894285126,0.00799541328485206,-0.00038622623775353207,2.7799596684078933,8.660189167637316,-0.004227361026426295,0.012990750910237155,8.801063594136398,0.7871895467010438,-0.029075456412601623,-0.05429244246530788,5.888613217696402,1.8971218293067333,-0.7913943879884265,-0.2955580537356922,2.0005357893412876,7.819473372851339,-0.060489768923514736,-0.017386054430927597,8.52068896231295,2.442208663569671,-0.09721257135234707,0.005004037331471388,0.10159588028329095,3.3412432950269606,-0.42622732392085005,0.16895107586774108,3.495330711806281,2.6742126378251263,-0.8040799184097035,0.04987586610316594,5.992279522738595,7.556523154126252,-0.24091371752857202,0.07800046026611353,3.9851481415665377,7.665719622651073,0.20932465661229685,-0.2843623904921586,5.144675706939637,8.87683040619186,-0.2035068536627108,0.27634866118848517,1.5373812472826336,3.5039004687900683,-0.2091479316070028,1.2182914364243929,9.314612030043188,5.732429406968314,0.36990115195068113,-0.8246311901712559,5.688984347593956,2.169533399549716,0.3818938022281586,-0.3661101137556122,4.7494514771393295,4.518970277050719,-0.09562277036385212,-0.010978262714001479,6.308304861943722,1.6765693663979564,1.1021124513609195,0.16680861209798328,7.651671876651142,5.059472087914138,-0.10692723136614686,-0.003795364756915132,5.027871606748751,2.2166233717395283,0.2559872079752983,0.22260914360028966
299,8.231738683693878,8.887110241198213,-0.036864838995847096,0.012079576337148634,2.206569308245012,4.283605912627031,0.06563432367936556,-0.06911084877151738,9.321481763758182,5.133944582973238,0.005177335178441539,0.025319892135666353,2.779748300356572,8.660838705182828,-0.006852068099446633,0.016769782423368663,8.799609821315768,0.7844749245777785,-0.028420076737528024,-0.05362378590522401,5.849043498296981,1.8823439266199486,-0.8583119950040953,-0.1955580537356922,1.997511300895112,7.818604070129792,-0.058037923769375076,-0.01744049025698017,8.515828333745333,2.4424588654362447,-0.09655881617183874,0.0039403473966267925,0.08028451408724845,3.3496908488203476,-0.38181929376404256,0.16032236252722626,3.455126715885796,2.6767064311302846,-0.9040799184097035,0.14987586610316594,5.980233836862167,7.560423177139557,-0.2656398415315931,0.09714028842888726,3.9956143743971526,7.6515015031264655,0.22591872976420582,-0.2805295983009893,5.1345003642565015,8.890647839251285,-0.20151939133883517,0.2739836224818539,1.5269238507022835,3.564815040611288,-0.18657253964162196,1.2199777569759078,9.333107087640721,5.691197847459751,0.32725595933096474,-0.8185167185829443,5.708079037705364,2.151227893861935,0.4818938022281586,-0.4661101137556122,4.744670338621137,4.518421363915019,-0.08806269724477504,-0.014767195628957626,6.3634104845117685,1.6849097970028555,1.0021124513609194,0.26534103923761543,7.646325515082835,5.059282319676292,-0.10630538458735736,-0.005346044645809434,5.040670967147516,2.2277538289195427,0.2747030148216932,0.2099201404524556
300,8.229895441744086,8.88771422001507,-0.03729214524755051,0.007396304892126101,2.2098510244289806,4.280150370188456,0.06568907454415003,-0.07222408506137586,9.321740630517105,5.135210577580022,0.0033814945753038537,0.06179095059854123,2.7794056969515997,8.661677194303996,-0.009337391094200771,0.020374258753828704,8.798188817478891,0.7817937352825173,-0.027665930815029875,-0.05287095631040439,5.806127898546776,1.872566023933164,-0.9583119950040953,-0.0955580537356922,1.9946094047066432,7.8177320456169435,-0.05546569539427021,-0.017415796858470098,8.51100039293674,2.442655882806076,-0.09563217888081361,0.002922115031946728,0.06119354939904632,3.357706966946709,-0.33748247423502625,0.15141243138436558,3.409922719965311,2.684200224435443,-1.0040799184097036,0.24987586610316595,5.966951844785587,7.565280191561001,-0.28863902472146014,0.11529254636667673,4.006910310885363,7.637475023211416,0.24141202711367546,-0.27613856540281484,5.12442439468956,8.904347020375377,-0.1990326002210652,0.2709873673670745,1.5175952237202024,3.6258139284600834,-0.1632635057993258,1.219671321811683,9.34946988560727,5.650272011530604,0.2837999555735027,-0.8220716305441748,5.732173727816772,2.1279223881741545,0.5818938022281586,-0.5661101137556122,4.740267203758898,4.517683004133571,-0.08043841966650736,-0.01851093797032944,6.413516107079815,1.6981768489647362,0.9021124513609194,0.3380873102988292,7.641010245853467,5.059015017444001,-0.10547936223585276,-0.0067341531146562885,5.054406117888601,2.2382498359421654,0.291747435619009,0.1965766163819267
301,8.228030834481709,8.888084035259677,-0.03761933047420305,0.002774965028147421,2.2131354781561883,4.276539165935387,0.06534080221435233,-0.07542416004662411,9.32190970524587,5.138300125109949,0.003655812733620464,0.11378972616571377,2.77893882739689,8.662695907241687,-0.01168266351648191,0.023798990474385988,8.79680552093814,0.779150187466997,-0.02682623754070105,-0.05204297029122081,5.758212298796571,1.8677881212463794,-1.0583119950040953,0.0044419462643078,1.9918361199369297,7.81686125577402,-0.05278111948539219,-0.017313550054163653,8.506218783992699,2.4428019885576733,-0.09443527569723237,0.0019447041875220346,0.04431942568729501,3.365277588515927,-0.293340053597739,0.14225344285885344,3.359718724044826,2.696694017740601,-1.1040799184097037,0.34987586610316596,5.952519893549514,7.571044818879336,-0.30983824241686564,0.13241765861161003,4.018980912241047,7.623668094941276,0.2557878588457287,-0.2712100364852318,5.114472764678506,8.917896388743731,-0.19607148101777033,0.26739085533441453,1.5094320484302362,3.6867974945506674,-0.13923015573863642,1.2174324684501,9.363659883385946,5.609168430003395,0.2386135237923509,-0.8401701532339838,5.7612684179281795,2.099616882486374,0.6818938022281585,-0.6661101137556121,4.736245282775573,4.516757457235054,-0.07276519250649666,-0.02220702005475482,6.458621729647861,1.7150812144796777,0.8021124513609195,0.39939972442685717,7.635736277741675,5.058678309788268,-0.10445372105202613,-0.007964303677206689,5.068993489669552,2.248078666761262,0.30684188471561075,0.1825007969735664
302,8.226149867957998,8.888222783511084,-0.03784585152390643,-0.001771261179048046,2.216402518266906,4.2727679579330555,0.06446418679026071,-0.0787332687256474,9.32209249588255,5.143989611418235,0.007951437839357037,0.18954412086552402,2.7783546942210657,8.663885856765406,-0.013887491312833646,0.02703978846988306,8.795464209061105,0.776548038952436,-0.025914449144213703,-0.05114654701326121,5.705296699046366,1.8680102185595948,-0.984271468990233,0.1044419462643078,1.9891970639626602,7.815995578271312,-0.04999239313528713,-0.017135266608352254,8.501497020207838,2.4428992237670495,-0.09297455158554421,0.0010039280682361978,0.029652423007408057,3.37239026065887,-0.2495119869964578,0.13287840823739633,3.3045147281243406,2.7141878110457593,-1.2040799184097037,0.449875866103166,5.93702798142867,7.5776657018099165,-0.32917373760035445,0.14848129844271016,4.031770305183334,7.610107593117014,0.26903362721188934,-0.2657662004692586,5.104669190627618,8.931265931510453,-0.19266118504393048,0.26322522385567615,1.5024705406433043,3.7476691179731723,-0.1144676662797873,1.2133182182432267,9.375590559575564,5.567159922341696,0.18986791919344465,-0.8811521257071564,5.795363108039587,2.0663113767985934,0.6463282652723638,-0.7661101137556121,4.732607023150248,4.515647106232317,-0.06505711876939306,-0.02585279218554636,6.498727352215907,1.7350512007010206,0.7021124513609195,0.45502516469932736,7.630513591689073,5.058280094604408,-0.1032349470489313,-0.009043528910610242,5.084335583905332,2.25720370660994,0.32019163908364784,0.16747037497547007
303,8.224257575381802,8.888134220452132,-0.03797149477199492,-0.006229906749624204,2.219625727606419,4.268831294496773,0.06292346659188075,-0.0821462372569846,9.322490067774519,5.153466817461511,0.020341676307803005,0.28954412086552406,2.777660319655424,8.6652378461889,-0.015951816701891105,0.030093414971848316,8.794168486603894,0.7739907116017729,-0.02494300319934286,-0.05018729535875492,5.656083125596854,1.8732323158728101,-0.884271468990233,0.2044419462643078,1.9866974443058958,7.8151388149408945,-0.047107907239545214,-0.016882462068977214,8.496848292628561,2.442949420170461,-0.09125768135751232,9.64123761232424e-05,0.017176823657585168,3.3790341810707396,-0.2061148474072248,0.12332077837675479,3.2443107322038554,2.7366816043509177,-1.3040799184097038,0.549875866103166,5.9205692945486526,7.585089766732052,-0.3465925290442612,0.1634550698701877,4.045221986543928,7.596819283093551,0.28114060860221884,-0.2598307047148907,5.095036131375421,8.944427192703236,-0.18882700488550405,0.25852175563438773,1.496747157329315,3.8083350288853337,-0.0889610266905353,1.207372120734368,9.385083955535237,5.523102316056338,0.13360683615942381,-0.961036176817494,5.827679521303205,2.0280058711108127,0.5463282652723638,-0.8661101137556121,4.7293541672117785,4.51435446662304,-0.057328351929420616,-0.02944599493560407,6.5338329747839525,1.7578024589359869,0.6021124513609195,0.5073153425077555,7.625351844336627,5.0578279181588774,-0.10183125803016363,-0.009980166940721928,5.1003451658595145,2.2655772253587134,0.3326732948469279,0.15086274029577953
304,8.222359000643202,8.88782272511465,-0.03799638301189804,-0.010589106664734168,2.2227719009360127,4.264723982633924,0.06058399352274276,-0.08562178259750641,9.323507151589908,5.167944023504787,0.05091311221268563,0.38954412086552404,2.7768627288203294,8.666742516937493,-0.017875990389645994,0.03295751658553888,8.792921336443927,0.7714813468338352,-0.0239217592234567,-0.04916983351027575,5.6118695521473425,1.8834544131860256,-0.784271468990233,0.3044419462643078,1.9843420489439185,7.814294691837445,-0.0441362916027474,-0.016556734586476055,8.492285408560686,2.4429542407892675,-0.08929300996321135,-0.0007795748942367367,0.006871081287223926,3.3852002199895774,-0.16326155220420008,0.1136139299767705,3.1791067362833703,2.764175397656076,-1.3612599128597767,0.6300567035124641,5.90323966809644,7.5932625202255615,-0.36205364682188307,0.17731707567412858,4.059279016974039,7.583827747857807,0.2921037158504727,-0.25342863963155843,5.085594781131146,8.957353280484956,-0.1845943668693773,0.25331184886465086,1.492299105994788,3.8687036349220523,-0.06269378777051707,1.1996138691381282,9.391764297343208,5.475050507215464,0.05985554043441589,-1.061036176817494,5.854995934566823,1.984700365423032,0.4463282652723638,-0.9661101137556121,4.726487749615307,4.51288216687626,-0.049594971312969506,-0.0329844543438684,6.563938597351998,1.7831682260613746,0.5021124513609195,0.5570634537980804,7.620260281435119,5.057328909811841,-0.1002521798608093,-0.010783373096820663,5.116978830601861,2.2731203623735023,0.34581973443682673,0.13159823932057232
305,8.220459181492608,8.887293269781415,-0.037920620451291444,-0.01483809664109258,2.22580110061215,4.260442893504048,0.057328271333566654,-0.08907455666435421,9.326052807200542,5.187421229548063,0.13138827737279551,0.489544120865524,2.775968929300847,8.66839039276677,-0.01966061951796356,0.03563080431305799,8.791725248482754,0.7690228551583214,-0.022862099338414505,-0.04809597860302567,5.5726559786978305,1.898676510499241,-0.6842714689902331,0.40444194626430785,1.9821352343637813,7.813466855108121,-0.04108631130008897,-0.016159462201399768,8.487820758062526,2.4429152620445556,-0.08709521983549161,-0.0016282868289857217,-0.0012919963229860772,3.390880916488416,-0.12106199499078099,0.1037912013982813,3.1110437406403815,2.795678232831699,-1.3418512839497232,0.6703992331159692,5.885136985755345,7.6021283740092676,-0.3755282981087242,0.19005225349554955,4.073884202766563,7.571156315876229,0.30192174072216893,-0.24658618661997542,5.076365062787677,8.970018872928188,-0.1799884296986491,0.2476270081863431,1.4891644166062623,3.9286843283789588,-0.035662984610504725,1.1900326414017606,9.394757074364929,5.421998698374589,-0.040144459565584115,-1.1610361768174942,5.877312347830441,1.9363948597352514,0.3463282652723638,-1.0661101137556122,4.724008001049659,4.511232944159066,-0.04187447886492836,-0.03646418604600744,6.589044219920044,1.8110213987512787,0.40211245136091955,0.6042701300272574,7.615247672442078,5.056789741157,-0.09850755075080438,-0.011462250909751889,5.134269817323702,2.279700274339531,0.3615176480190964,0.10799891862066173
306,8.218563150470043,8.88655136494936,-0.03774456931551788,-0.01896690630395966,2.228667514178828,4.25598916567083,0.05307732532570616,-0.0923811980241263,9.332622221069181,5.211898435591339,0.23138827737279552,0.589544120865524,2.774985898324949,8.670171932982424,-0.02130679146127788,0.038112633183833226,8.790582143515833,0.76661805622817,-0.02177528963388162,-0.046966348905894635,5.538442405248319,1.9188986078124564,-0.5842714689902331,0.4565122728240546,1.980080918798777,7.812658881998051,-0.03796700322927409,-0.01569244858108102,8.483465997070752,2.442833847703106,-0.08468232343231112,-0.002457001892299906,-0.007345096072525127,3.39607047655833,-0.07962051394809161,0.09388541617653502,3.0439511764428953,2.8291981944874975,-1.3229911068784903,0.7068907490697746,5.866360570849909,7.611630986684045,-0.38700076929225374,0.20165254419053918,4.088980289802672,7.558827006545231,0.3105967367585607,-0.2393308956421909,5.067365641302745,8.982400223337505,-0.17503433191989232,0.24149869945819574,1.4873812673757372,3.9881859604490466,-0.007891940711600105,1.178580312508459,9.39274985138665,5.363946889533714,-0.14014445956558413,-1.2610361768174942,5.894628761094059,1.8830893540474707,0.24632826527236382,-1.105226757348985,4.721914277106412,4.509409734856765,-0.034188175397923536,-0.03987850236863797,6.60914984248809,1.8412349052526416,0.3021124513609196,0.648616784111677,7.610322294904538,5.056216628611512,-0.09660542378869232,-0.012022091071202902,5.152345699724656,2.2851002202705644,0.3821324710804596,0.07749511563408748
307,8.216675922004267,8.885603019634162,-0.037469633348315864,-0.02296600678793038,2.2313213804451135,4.251370105769624,0.04781071622534492,-0.09539388190852709,9.344191634937822,5.241375641634615,0.3313882773727955,0.689544120865524,2.773920558751885,8.672077564641615,-0.022816215744719332,0.04040263838978117,8.78949337903414,0.7642697387828753,-0.020672191899264718,-0.045780228358106786,5.509228831798808,1.9417242214536592,-0.4842714689902331,0.4416580266670703,1.9781825686373131,7.811874259568997,-0.034787763349443133,-0.015158439896883992,8.479231880899137,2.4427109976084913,-0.08207528727197708,-0.003274757979547235,-0.011326121769929708,3.4007647473671567,-0.039033582877488184,0.08392872030479438,2.977801621098971,2.864542731940986,-1.3048251165319598,0.7398860826285067,5.847010532385296,7.621713613893571,-0.3964687573184843,0.21211641970283318,4.1045101266406,7.546860461763122,0.3181336637550025,-0.23169189863651915,5.0586139247067505,8.994475158310415,-0.1697573726933614,0.23495808773778207,1.486986670340157,4.04711497607447,0.020554555532360196,1.1651717839954754,9.385742628408371,5.300895080692839,-0.24014445956558414,-1.3610361768174943,5.906945174357677,1.8278280161800216,0.1463282652723638,-1.0639825624277854,4.720204868336516,4.507415809738333,-0.02656073854843283,-0.04321579638774253,6.6242554650561365,1.8736657444582254,0.20211245136091957,0.6897203326429556,7.605492023715104,5.055615524057952,-0.09454697753683083,-0.012464547291338397,5.17145232327868,2.288974976052269,0.41114053406050705,0.03595167713772368
308,8.214802440336852,8.884454719294766,-0.037098167115293,-0.026826593637179288,2.2337119162563805,4.246600411674198,0.04158191632983935,-0.09794427411844157,9.360761048806461,5.275852847677892,0.4313882773727955,0.789544120865524,2.772779747964649,8.674097696561104,-0.024190872122572937,0.04250114310953632,8.788459769439177,0.7619807273649699,-0.01956443666485617,-0.044536205380217735,5.485015258349296,1.9638071227870126,-0.3842714689902331,0.43167376392924245,1.976443180469841,7.811116337574153,-0.031558028305605695,-0.014560282617704074,8.475128116535538,2.442547259709514,-0.07929735267869668,-0.004093980568157194,-0.013277800913804119,3.4049611833823965,0.0006064188725841274,0.07395257152194037,2.912560365272373,2.9015370360724115,-1.2048251165319597,0.8398860826285067,5.827187094519371,7.632319434878713,-0.40394265403070473,0.22144850582553605,4.12041680982835,7.535275866831296,0.32454108440520524,-0.22369951584651113,5.050126056072083,9.006223062697304,-0.16418259374879224,0.22803602123349911,1.488014398116775,4.105373565274244,0.04954662950712213,1.1497045180871523,9.373735405430091,5.232843271851964,-0.3401198990080763,-1.460930680867075,5.914261587621295,1.7746288880586323,0.046328265272363806,-1.007544337368435,4.718876831409094,4.5052550199189465,-0.01901797629040288,-0.046465378835755806,6.634361087624183,1.908151761090373,0.10211245136091956,0.7274394606547274,7.6007646748382625,5.054992296693385,-0.09232799235617044,-0.012785863155381678,5.1920093499817055,2.290772559909155,0.4534799505878888,-0.02316509589397414
309,8.212947531981087,8.883113389612907,-0.03663325858366582,-0.030540406286478458,2.2357910120728723,4.241703197968276,0.03452685972475957,-0.09986658802006311,9.382330462675101,5.315330053721168,0.5313882773727955,0.689544120865524,2.7715702043585204,8.67622275371658,-0.0254330202206798,0.04440910740580208,8.787481547605934,0.7597539170959591,-0.018463973113778613,-0.043233191200562314,5.465801684899785,1.9853908109834748,-0.3392386474350976,0.45563413995227475,1.9748652790545607,7.810388323443267,-0.028287250490098198,-0.01390094209907771,8.471163248901604,2.4423425606811064,-0.07637188782322471,-0.004930804167737203,-0.013247479970174912,3.4086588119584937,0.03921123657013574,0.06398757760585172,2.8523191094457747,2.9435313402038368,-1.1048251165319596,0.9398860826285067,5.806989961817836,7.64339186016999,-0.40944530104117266,0.22965943631011948,4.13664386404861,7.524090891038971,0.3298310231010028,-0.21538517125726184,5.041916926384643,9.017624863758979,-0.15833479657222685,0.22076305457170642,1.4904917295921312,4.162858791178601,0.07888265461454172,1.1320792553640107,9.356729410479687,5.15979673780861,-0.44011989900807635,-1.360930680867075,5.916578000884914,1.7242516711902105,-0.025648359286233158,-0.9553412294613619,4.717925932594574,4.502931750977159,-0.01158656080465716,-0.04961915639776616,6.639466710192229,1.9445237341231094,0.0021124513609195594,0.7620366160329461,7.596148275220454,5.054353003535616,-0.08994209197095322,-0.012976578734969782,5.2146833475111,2.289614305114456,0.5155280495746588,-0.10980228094326014
310,8.211115869051904,8.881586369298583,-0.03607845750727514,-0.03409945375590656,2.2375173550591105,4.236709868567273,0.02684064653648146,-0.10102948544704535,9.40889987654374,5.349807259764445,0.4313882773727955,0.589544120865524,2.7702985533474864,8.67844320908687,-0.026545653006690897,0.04612880763633401,8.786558348950244,0.757592257535931,-0.01738181719772626,-0.0418713359676285,5.44883975252803,2.0081725179810888,-0.35915939607233094,0.5332037244377115,1.9734509165300558,7.809693276338313,-0.024985811753829565,-0.013182786993317914,8.467344654510443,2.44209602047272,-0.07332138310260375,-0.005804401960583394,-0.011286918141668125,3.411858190838786,0.07670042748590689,0.05405952277004701,2.797077853619177,2.990525644335262,-1.0048251165319595,1.0398860826285068,5.786517696765777,7.654874831985496,-0.41301073685366824,0.23676646631510376,4.15313541520366,7.513321632476107,0.33401884026306733,-0.20677957015618764,5.034000186556032,9.028663016487563,-0.15223843248142735,0.2131701264779607,1.4944358623228582,4.219462753946801,0.10828765021326225,1.1122134979944946,9.334723415529284,5.091750203765256,-0.3401198990080764,-1.2609306808670748,5.915295582920602,1.6764846097171424,-0.06677810744829774,-0.9101414091757406,4.717346604554342,4.50045079315727,-0.00428617422662088,-0.05266501725243092,6.639572332760275,1.9826255649247568,-0.09788754863908045,0.7939960478223653,7.5916511706219065,5.053704174598868,-0.08737931845503873,-0.01302126291385498,5.240459749989832,2.2841241910672934,0.6079543191424908,-0.20980228094326014
311,8.20931194617654,8.879881396610788,-0.035437242009614366,-0.037497108577034755,2.2388593873859346,4.231658394294921,0.01877552631358161,-0.1013572275593989,9.43046929041238,5.3792844658077215,0.3313882773727955,0.489544120865524,2.768971270697152,8.680749649468687,-0.02753193564853183,0.04766330588661344,8.785689258090358,0.7554986907375495,-0.01632794482363787,-0.040450807110501585,5.430881782724413,2.0348327042029744,-0.4558855619535266,0.6332037244377114,1.9722016259423643,7.809034136988648,-0.021664100113922766,-0.012407954809096577,8.463678585355312,2.4418058003746905,-0.07016783390280446,-0.006733410638346558,-0.007451896767372781,3.4145611669772884,0.11299820927005214,0.04419238560858234,2.746836597792579,3.0425199484666874,-0.9048251165319595,1.1398860826285069,5.765867159923094,7.6667131553012515,-0.414683487921853,0.2427921855518532,4.169836357216813,7.502982653968298,0.33712360375565525,-0.19791380355346774,5.026388264931961,9.039321522811461,-0.1459173754756134,0.2052879122612663,1.4998502448335214,4.275073428846526,0.13743417507511194,1.0900747020984791,9.31771742057888,5.028703669721903,-0.24011989900807637,-1.1609306808670747,5.911956677548187,1.6309775392583554,-0.09064676511739676,-0.8717647595934711,4.717132295843011,4.497817542294649,0.0028650959225799315,-0.055593263509139845,6.63467795532832,2.022325367315875,-0.19788754863908045,0.8237585708364269,7.587282204699155,5.053053111453175,-0.0846345804340299,-0.012904057675373871,5.270857465946957,2.27363407702013,0.7079543191424907,-0.3098022809432601
312,8.207540084076058,8.878006541181936,-0.034712431366638374,-0.040726936411068754,2.2397981637016136,4.22659053291695,0.010614847958734524,-0.10085246287635548,9.44703870428102,5.403761671850997,0.24689537915773652,0.38954412086552404,2.7675946739147252,8.683132814763018,-0.028395387961247975,0.0490165538994814,8.784872860849175,0.7534761503820244,-0.01531175730024282,-0.03897206070680455,5.408087504626736,2.06649289042486,-0.5558855619535266,0.7332037244377114,1.9711184209366681,7.808413739248193,-0.018332713378671556,-0.011578236907543692,8.460170193660172,2.441469129842773,-0.06693417083201428,-0.007733273553999619,-0.001801986303870174,3.4167707862577177,0.148033635344087,0.03440788591564127,2.701595341965981,3.0995142525981128,-0.8048251165319595,1.0398860826285068,5.745132985527002,7.678852764578844,-0.4145182955210334,0.2477644086281599,4.186692537404595,7.493086963790625,0.3391677145396105,-0.18881886346751314,5.01909239615818,9.049585918424524,-0.1393951486226399,0.19714712144950192,1.506721953587277,4.32957716395145,0.16596944993524282,1.0656946586831835,9.305711425628477,4.970657135678549,-0.19973117650982114,-1.0609306808670746,5.907424339292318,1.587389301278682,-0.1039886347261569,-0.8395770102565531,4.7172755506391395,4.495037879119192,0.009850193299893973,-0.05839373637480145,6.624783577896366,2.0635132958576965,-0.29788754863908046,0.8515858540608581,7.583050475677453,5.052407908569406,-0.08170382061582074,-0.012619877627309924,5.306255181904081,2.258143962972967,0.8079543191424907,-0.4098022809432601
313,8.205804462507727,8.875970194361383,-0.03390633276498679,-0.04378307029786536,2.2403289060995504,4.2215479097731325,0.0026449392806928776,-0.09961210516443267,9.459383473238907,5.423238877894273,0.20194820044495296,0.28954412086552406,2.766174904516663,8.685583642457992,-0.029139700287233773,0.05019344684287353,8.784107272984162,0.7515275473466841,-0.014342656320517629,-0.037434720371125,5.3802932265290595,2.1031530766467452,-0.6558855619535265,0.8332037244377114,1.9702017852677345,7.807834827402816,-0.015002315721775076,-0.010694870964993693,8.456823485118571,2.441082466165073,-0.06364695421368158,-0.008815844832305382,0.005599695463334177,3.4184911805534997,0.18174045554973373,0.024725559383954543,2.661354086139383,3.1515085567295382,-0.7048251165319596,0.9398860826285068,5.72440707075095,7.691240985010252,-0.4125785559968381,0.25171524062138545,4.203650923131576,7.4836460206172495,0.3401772936355234,-0.17952533531789783,5.012122638727048,9.059443274497,-0.13269465752239953,0.18877833839406916,1.515020426084039,4.3828618968856095,0.19354630972838438,1.039173776395517,9.295724866802987,4.917610601635196,-0.1978872227406141,-0.9609306808670747,5.902224907556009,1.5454104507658544,-0.11081254770248994,-0.8125498326762591,4.7177680603041345,4.492118192300452,0.016656195981720662,-0.061053989944774116,6.609889200464412,2.1060925885607396,-0.3978875486390805,0.8775832593130236,7.578965284646662,5.05177691468804,-0.07858499280139758,-0.012173206958928526,5.346652897861206,2.237653848925804,0.9079543191424907,-0.5098022809432601
314,8.204109145869477,8.87378104084649,-0.03302112409635822,-0.046660080392866524,2.240461153063585,4.216567304514911,-0.004853347136899763,-0.09782389705552812,9.469480883261154,5.437716083937549,0.1721500311359507,0.22641596773960543,2.764717919502301,8.688093314800136,-0.02976894360892075,0.05119734846346635,8.783390140168136,0.7496558113281279,-0.013426269128497452,-0.03583827545485259,5.347498948431383,2.144813262868631,-0.7558855619535265,0.9332037244377114,1.9694516694816457,7.8073000838545665,-0.011682910446985821,-0.009762230870207592,8.453641137407887,2.4406416739234578,-0.06033105208990371,-0.009988386541440174,0.014686718240820863,3.4197274585226975,0.21406037067134775,0.015171466544380542,2.626112830312785,3.1985028608609634,-0.6048251165319596,0.8398860826285068,5.7037781429511085,7.703826747041321,-0.40893754621976963,0.25467970093465847,4.220659787813353,7.474669753851354,0.34017976798131877,-0.17006640578501164,5.005487905850928,9.068882191416703,-0.12583923196356867,0.1802108689431818,1.5246977415704581,4.434820585705386,0.2198815456867783,1.010669428503997,9.285830505665956,4.869564067591842,-0.21009563569232537,-0.8609306808670747,5.896684280170885,1.5047829591320414,-0.11389403311590293,-0.7891169067956064,4.718600870103221,4.4890654928032125,0.023258862032526327,-0.06355936630822026,6.589994823032458,2.1499717515263908,-0.49481720096884024,0.9017607008386008,7.575036035006592,5.0511682543400935,-0.07528733522219724,-0.011572602388366077,5.39205061381833,2.2121637348786414,1.0079543191424907,-0.60980228094326
315,8.20245808966466,8.871448036826846,-0.03205890430960486,-0.049353540393228736,2.24021848570674,4.211676109662134,-0.011652565636747998,-0.09573241407367837,9.478088384817951,5.449036882324529,0.1491367500930408,0.18434794905291263,2.763229472321855,8.69065318222331,-0.030287386491963185,0.05203211651009802,8.782718826711712,0.7478638975553852,-0.012565670640864729,-0.034182595898979824,5.309704670333707,2.1914734490905166,-0.6558855619535265,1.0332037244377115,1.9688675239592965,7.806811972311056,-0.008384490689849965,-0.008784729300964142,8.450624584803391,2.4401422545963856,-0.057010575789855494,-0.011253570751152638,0.02538973677438825,3.4204860318499164,0.24494004153093044,0.005770552347185726,2.5958715744861873,3.2404971649923886,-0.5048251165319596,0.7398860826285069,5.6833312656401205,7.716560732088054,-0.4036750617754579,0.2566956431554518,4.237668776212419,7.466166433562104,0.3392057911755776,-0.1604746556093298,4.99919594425275,9.077892734863863,-0.11885161195490707,0.17147358511890679,1.535691818854797,4.485354057130586,0.24474890679222064,0.9803811919753385,9.27532572388134,4.826517533548488,-0.22790274262113921,-0.7650021129455629,5.89098957851509,1.465327113792261,-0.11502534736574274,-0.7676771512816478,4.719763813204847,4.485887524487802,0.0296378876954825,-0.06589288060152065,6.565253962984016,2.195059786568321,-0.5872399592730928,0.9240790405942194,7.571271668245482,5.050589624220676,-0.07182356876682319,-0.010827810978480531,5.442448329775455,2.181673620831478,0.9079543191424907,-0.70980228094326
316,8.200855144449179,8.868980359807185,-0.031022380230300427,-0.051858901884972886,2.239635857424903,4.20688948895845,-0.017592094573299334,-0.09361096987010474,9.485545222322603,5.458254279777175,0.12966235254507355,0.1533488806254459,2.7617151029972566,8.693254788048815,-0.030699584950019336,0.05270202017582206,8.782090543179669,0.7461547677604362,-0.011761278795288422,-0.03246757364088933,5.27691039223603,2.243133635312402,-0.5558855619535266,0.9332037244377115,1.968448299424804,7.806372735846008,-0.005117081798682385,-0.007766867177825229,8.447774056013898,2.439579576058828,-0.05370745409994774,-0.012607662682432162,0.03763673885093477,3.420774559467276,0.274331137653863,-0.0034534589596769503,2.5706303186595894,3.277491469123814,-0.40482511653195963,0.6398860826285069,5.6631475125513475,7.729395514245827,-0.396876992030636,0.25780301038426523,4.254629065771198,7.458142700781638,0.337288948062361,-0.15078192262719636,4.993253363655005,9.086466414119808,-0.1117542317820656,0.1625949059640517,1.547929264194408,4.534373116729353,0.26798854679555295,0.948531318806874,9.263930586750282,4.78826742790121,-0.2479779148313686,-0.680188689586728,5.885238311146803,1.4269432562281785,-0.11530477353387375,-0.7468107617929054,4.721245707589621,4.482592880457726,0.03577728979352825,-0.06803528443298004,6.535891965020362,2.2412637385980316,-0.6754190913510565,0.9444771134104435,7.567680489807141,5.050048233671752,-0.06820746652839962,-0.009953132510916247,5.487846045732579,2.146183506784315,0.8079543191424907,-0.60980228094326
317,8.199304025437664,8.866387414712937,-0.029914545809162956,-0.05417194361387309,2.238756252696238,4.202208940464945,-0.02258136346792727,-0.09173042098724678,9.492028339949856,5.465921723808448,0.11226469230129395,0.1287580969109124,2.760180123749756,8.695889889057606,-0.03101034947445956,0.05321171571714286,8.781502479239904,0.7445313890783918,-0.01101187042919492,-0.030693033193002817,5.249116114138354,2.2897938215342877,-0.4558855619535266,0.8332037244377115,1.9681924453348698,7.805984392487116,-0.0018907239915977726,-0.006713243650697778,8.445088683308901,2.4389491929247065,-0.05044310467778229,-0.014042313447955614,0.05135329573362792,3.4206018865192918,0.30219060182485813,-0.012478152040742489,2.5503890628329913,3.3094857732552394,-0.30482511653195965,0.5398860826285069,5.6433036629498154,7.74228566476504,-0.3886340826379149,0.25804344582332506,4.271493513174316,7.4506036046502775,0.33446561318900375,-0.1410188816665111,4.9876656520659015,9.09459615941801,-0.10456908264765975,0.15360278432972632,1.5613286915341857,4.581799682669697,0.28950678051863393,0.9153455875076137,9.251531691008713,4.754257993421874,-0.26878032469972096,-0.601967974774172,5.879473072470109,1.3896027181385333,-0.11533421217329182,-0.7254580201397962,4.723034572079298,4.479191116236077,0.04166257507221624,-0.06996374021530503,6.502121010452809,2.288487594268554,-0.7596261444405664,0.9628636029234319,7.564270116480721,5.0495505770462055,-0.0644531629696235,-0.008965166143610547,5.528243761689703,2.115693392737152,0.7079543191424907,-0.5098022809432601
318,8.197808298147207,8.863678817532243,-0.028738530553007853,-0.05628907704668944,2.2376271845228417,4.197622419415582,-0.02659410079640647,-0.09032727971548773,9.497641574564922,5.472359628653993,0.09621940248106915,0.10816380054500471,2.758629606276033,8.698550474843463,-0.03122465030645575,0.053566036787510575,8.780951885718444,0.7429967374187416,-0.01031627132160558,-0.028859808028959343,5.226321836040677,2.3314540077561734,-0.3558855619535266,0.7332037244377115,1.96809790913529,7.805648730304581,0.0012847117530461007,-0.005628744895277411,8.442566528075012,2.4382470772523086,-0.04723734345006269,-0.015547985688408632,0.06646282582487083,3.4199779789172546,0.3284808292999367,-0.021282132589876913,2.535147807006393,3.336480077386665,-0.20482511653195964,0.4398860826285069,5.62387195881792,7.755187837056207,-0.3790410836930935,0.25745963913569603,4.288216793833766,7.443552660566952,0.3307747103972164,-0.13121513748232436,4.9824371979335185,9.102276298634496,-0.09731768897185661,0.1445245293965301,1.5758040305601175,4.627566962045077,0.3092690097967728,0.8810383537589753,9.238092674773727,4.724159594683165,-0.28951296968596935,-0.5280629177052584,5.873706361861444,1.3533298171315435,-0.11521033447326297,-0.7032034982115253,4.725117700832909,4.475692929225311,0.04727825403292385,-0.07165786973128269,6.464139703230781,2.3366307744147257,-0.8401208089294363,0.9790853573570208,7.561047458332239,5.049102318739025,-0.060574559693189936,-0.007879285637481293,5.5636414776468275,2.090203278689989,0.6079543191424908,-0.4098022809432601
319,8.196371371619556,8.860864363679909,-0.02749759370098241,-0.05820737871424758,2.2362974794830213,4.193106055429808,-0.029659857266095213,-0.0895750328435071,9.502452544688975,5.477767818681243,0.08113708817770536,0.09020437135490784,2.7570683737607102,8.70122877668284,-0.031347557422839505,0.053769962440757275,8.780436072152364,0.7415537470172936,-0.00967323031071092,-0.026969824515875464,5.208527557943,2.368114193978059,-0.25588556195352663,0.6332037244377116,1.9681621447229423,7.805367293059817,0.004399594756951758,-0.004518504021066015,8.44020466090251,2.437469677967888,-0.04410767572159581,-0.017113762938169574,0.08288686728986766,3.418913872287761,0.35316957734395915,-0.029845031782396503,2.5249065511797952,3.35847438151809,-0.10482511653195964,0.33988608262850695,5.604919904633265,7.768060819012992,-0.3681958343154971,0.25609473280442907,4.304755529353627,7.436991903692835,0.32625755204372237,-0.12139901797309303,4.977571313484925,9.109502525104324,-0.09002106983621767,0.13538673210025112,1.591267481049956,4.671618879733026,0.32728752437633724,0.8458027761841661,9.223617026289428,4.697756448797902,-0.3097200215305903,-0.45724278726087386,5.867945845137781,1.3181696422209672,-0.11483182441198689,-0.6800116588882195,4.727481613534556,4.472110035738747,0.05260914502614909,-0.07309987949492071,6.422133662784309,2.385585042282577,-0.917124011778185,0.9929248020923529,7.558018730347579,5.048708354457151,-0.056585714545476846,-0.00671004591568174,5.594039193603952,2.069713164642826,0.5079543191424908,-0.3198275527635843
320,8.194996491934507,8.857953994744197,-0.026195109417413168,-0.059924591251653024,2.2348144866197166,4.188627303787633,-0.03185374452930326,-0.08956236348105957,9.50650939909786,5.482278037248988,0.06679798396934654,0.07406394408351298,2.755500995889568,8.703917274804878,-0.03138420700606091,0.05382859197333207,8.77995241063683,0.7402052557914999,-0.009081451814343626,-0.025026006416108876,5.195733279845324,2.3997743801999443,-0.15588556195352662,0.5458930235025564,1.9683821244607898,7.805141367858764,0.007444578813589202,-0.003387869471595692,8.437999277116429,2.4366139898209798,-0.041068981004014696,-0.018727558939472987,0.10054534615706562,3.417421620698641,0.37622992671694994,-0.03814751850622598,2.5196652953531973,3.3754686856495155,-0.004825116531959633,0.23988608262850694,5.58651011291749,7.780865555653214,-0.35619839054804514,0.25399186806643775,4.3210684069558125,7.43092195279418,0.320957559214271,-0.11159734044690393,4.973070259993114,9.116271861709336,-0.08269971892403105,0.12621522461968693,1.607631857268773,4.713909018542234,0.3436082137927224,0.8098060213724039,9.208131025212898,4.674894309434858,-0.3291214653866619,-0.38881844172854,5.862204253917182,1.2841690592765562,-0.1140651243341858,-0.6560484422048127,4.7301120707858635,4.468455041764001,0.057640479478172434,-0.07427423484667703,6.376277462195399,2.4352312823871944,-0.9907757883272514,1.0041122636270092,7.555189444620305,5.048372852161367,-0.05250088095530008,-0.0054713959300621545,5.6194369095610766,2.053721787004647,0.42382293117654646,-0.26873116037496314
321,8.193686736463636,8.854957765181615,-0.02483458502781683,-0.06143916784495971,2.2332217993932515,4.184149185613579,-0.03328644813880906,-0.09028111480656381,9.509849298296327,5.485981234453163,0.05307496942945937,0.05923252890658307,2.7539317855392653,8.706608704403545,-0.031339736303290254,0.05374707886360402,8.779498338046112,0.7389539554706944,-0.008539366476755482,-0.02303202091512763,5.187939001747648,2.4270690313750722,-0.07544758506431148,0.47631098746907274,1.9687543534014693,7.804971974385184,0.010410694025697753,-0.002242407693589199,8.435945828066227,2.435677611874006,-0.038133424971889096,-0.020375998520456524,0.11935684249291312,3.4155142447733295,0.3976402681794028,-0.04617126862387256,2.519424039526599,3.387462989780941,0.09517488346804037,0.13988608262850694,5.568700193390088,7.793565149056535,-0.3431501739899491,0.25119368076909293,4.337116284916526,7.425342085771835,0.314919970524205,-0.10183532312765756,4.968935274046912,9.122582622940321,-0.07537357669812897,0.11703498154985008,1.624812267958409,4.754399319610854,0.35829836820758204,0.7731886055868841,9.191674951943565,4.655453387348431,-0.34753634684537554,-0.32240215399697897,5.856500997700472,1.2513666371663157,-0.11282313241922312,-0.6315312756117717,4.732994094759772,4.464741330021667,0.06235843042227279,-0.07516792202965458,6.326738672779037,2.485436895568545,-1.0610849231436634,1.0123696974376273,7.552564400572541,5.048099282364864,-0.048334832531717165,-0.004177057819718095,5.640628056119904,2.040285228985899,0.36518498263554683,-0.23459923872176525
322,8.192445007212246,8.851885806789367,-0.023419718135070135,-0.06275030112122401,2.231557476986311,4.179635129873251,-0.034095519042343765,-0.09162709636716845,9.512503046767801,5.488942860898493,0.03989430964089202,0.0453815441211057,2.7523647987241007,8.709296058346725,-0.03121923190414563,0.05353051289819887,8.779071369722274,0.737802354424938,-0.008044145523797053,-0.020992198589760536,5.184166622494433,2.450884580748526,-0.008145108100398299,0.41595516933772936,1.9692748881027542,7.8048598540005045,0.013289441016237939,-0.001087976019622734,8.434039156817633,2.4346588119479833,-0.035309799048588976,-0.02204371804919576,0.13923885590188326,3.413205681342136,0.4173844512052161,-0.05389900749066634,2.524182783700001,3.3944572939123665,0.19517488346804038,0.03988608262850693,5.55154268469059,7.80612483309499,-0.3291532040920928,0.2477418295332409,4.352862283442736,7.420250319615452,0.3081914464144115,-0.09213662391996653,4.965166595212006,9.128434372017814,-0.06806203786666247,0.10786999235234881,1.642727186368788,4.793058749890198,0.3714367506992565,0.736066353006616,9.174298134601296,4.639333279648582,-0.36484372814518273,-0.25778252281264136,5.850859841079511,1.2197900733857272,-0.11109794507358646,-0.6065818003021589,4.736112016280885,4.460982933920184,0.06675036314796123,-0.07577106645620188,6.273684426621854,2.5360553804404264,-1.1137729087012584,1.004743702564559,7.550147658945955,5.047890429473878,-0.04410338926832525,-0.002840714826342368,5.658887305251681,2.0285552670498106,0.3195058028047719,-0.20855403197308697
323,8.191274021305492,8.848748291733306,-0.02195429808337092,-0.06385784388868293,2.2298527010341935,4.175053775054892,-0.03443929818378436,-0.09341436241622357,9.514497762249846,5.491211938104548,0.027214477745770738,0.03229458287421849,2.750803837128893,8.711972583991635,-0.03102775389927312,0.05318407023624523,8.778669162446084,0.73675274449545,-0.007592306383357493,-0.018911658099268504,5.183759367089413,2.4716823392154126,0.051317771349133914,0.3610828349302877,1.9699393601535662,7.804805455199523,0.01607271892275869,6.95012859258156e-05,8.432273666865203,2.4335566260455237,-0.03260355981943555,-0.023714414024553706,0.16010807846214406,3.410510730967603,0.43545142903154266,-0.061314670600645764,2.533941527873403,3.3964515980437917,0.2951748834680404,-0.060113917371493075,5.535085024485985,7.818511924571652,-0.3143091951431375,0.24367701486278553,4.368271855763457,7.4156434884194535,0.3008196378068792,-0.08252288706716654,4.9617634933186725,9.133827871635432,-0.060783903851124615,0.09874339208751955,1.6612990239037508,4.829862067540529,0.3831053702272976,0.6985343259799452,9.156055948194037,4.626444153507951,-0.38096099361601804,-0.19485512704318242,5.845304943825831,1.1894609833706193,-0.10892212204668654,-0.5812536639474438,4.739449534438283,4.457194380597374,0.07080507493860096,-0.07607389691598772,6.217995781186791,2.5862925655686544,-1.1398545830914761,0.9750546289338653,7.547942489482538,5.047748393732561,-0.039822903072361374,-0.0014760247339532693,5.67486259539192,2.0181275654511563,0.2812659829275408,-0.18667647008322413
324,8.190176306401323,8.845555399538872,-0.020442274873849156,-0.06476234755492002,2.2281307361250042,4.170383056934082,-0.034489459474807554,-0.09540293344007904,9.515858486137134,5.492826667248258,0.015013692081094385,0.019827075663417813,2.7492524494339294,8.714631787503448,-0.030770258453258963,0.0527129030707952,8.778289547126915,0.7358071615904866,-0.007179217618797995,-0.016796586086509815,5.18632525565687,2.489736480961927,0.10564671926780352,0.30980135018811783,1.970742996099704,7.804808930263819,0.018752950204924984,0.001223986406219247,8.430643488874232,2.432370905344296,-0.03001562789756107,-0.025370650624791612,0.1818806499137212,3.4074449974375707,0.4518352708402619,-0.06840340854518993,2.5487002720468053,3.393445902175217,0.3951748834680404,-0.16011391737149308,5.519369564728828,7.830695775314791,-0.2987188299227402,0.2390385928556031,4.383312837653801,7.4115173440660955,0.292852781342581,-0.07301395056644938,4.958724298126116,9.13876504123981,-0.05355737400145359,0.08967731623993087,1.6804542924151158,4.8647887838395265,0.39338446891598305,0.6606712178210487,9.137007898513236,4.616701397155792,-0.3958315045862218,-0.1335814216624896,5.839858837723497,1.1603983001732472,-0.10634750485579404,-0.5555696158616604,4.742989788185214,4.453390685751575,0.07451397975435751,-0.07606787509064265,6.161003052032217,2.6350452970153477,-1.1641875385624678,0.945868582338933,7.54595134432892,5.047674592495863,-0.03551110029840876,-9.665842456271214e-05,5.688925894538297,2.0087937419469952,0.2474778648086239,-0.16713246572478385
325,8.18915419265763,8.842317282161126,-0.01888780583151316,-0.06546504609045072,2.2264062631512638,4.165612910262078,-0.03442187826517928,-0.09733587191928104,9.516609170741189,5.493818021031429,0.0032824798815969548,0.007881709388096878,2.7477139365112664,8.717267432656987,-0.030451553865927013,0.05212204908168895,8.777930586245976,0.7349673322861612,-0.006799032939635069,-0.01465431927842857,5.19160759162026,2.5052265484713327,0.15645204517830363,0.26108434162859223,1.9716806436099503,7.80487012958413,0.02132316785801822,0.0023692869758787333,8.429142707479354,2.4311023728130565,-0.027541878925625186,-0.026994490153148226,0.20447241345573428,3.404024827010311,0.46653519020769957,-0.0751516465622012,2.5684590162202072,3.3854402063066424,0.4951748834680404,-0.2601139173714931,5.504433623232691,7.842647704957572,-0.282481106187691,0.23386436183046747,4.39795547672093,7.407866646537773,0.28433920889718367,-0.06362806236072475,4.956046429426043,9.143248907051806,-0.046400058546794035,0.0806928045272851,1.700123515860915,4.897822344730579,0.40234949154553945,0.6225436664142506,9.117216323283925,4.610022326072667,-0.40941685863633537,-0.0739634665463158,5.834541462480708,1.1326198193801642,-0.10343397246099449,-0.5295433815721373,4.746715487172931,4.449587291997043,0.07787171503539699,-0.0757469189093055,6.102793675104094,2.6823387261322944,-1.1867452927220417,0.9174070035715206,7.544175789313999,5.047669759574634,-0.031187489414159886,0.0012841452926101015,5.701299787778728,2.000437118660756,0.21633841422994468,-0.14915145400006957
326,8.188209802366055,8.839044029856604,-0.017295108476522478,-0.0659677694875079,2.224685169238005,4.160746116666114,-0.034405766490746024,-0.09897852034370588,9.51677329473527,5.494212106500834,-0.007980771952362513,-0.0036075864764112814,2.74619135881797,8.719873535111072,-0.03007633907817689,0.05141659037643501,8.777590634598994,0.7342346163222397,-0.006446309835544323,-0.012492273117567346,5.199430193879175,2.5182807655527624,0.20487149913155406,0.21438283064989327,1.9727468020028511,7.804988593932924,0.023776932915242452,0.003499272115213041,8.427765613533072,2.4297526483053993,-0.02517665371790564,-0.02856937873321705,0.22779917296611926,3.400267244682201,0.4795552080573349,-0.0815472349764601,2.593217760393609,3.372434510438068,0.5951748834680404,-0.3601139173714931,5.4903095679233065,7.8543409230490955,-0.2656925717744659,0.22819088732792245,4.412172437165789,7.4046852434197366,0.27532682623811683,-0.05438157507219746,4.9537264264987035,9.147283547278171,-0.03932893088977722,0.07180996788973351,1.720240990438192,4.928949528051292,0.41006896782757857,0.5842104072029839,9.096745480352109,4.606324152745351,-0.421691763842131,-0.016028795951998916,5.829369763857658,1.1061426503015572,-0.10023664740866499,-0.5031898570125694,4.750609072924701,4.445799946051578,0.08087465346238518,-0.07510506082681254,6.043456410467992,2.7282090763108706,-1.207572528444613,0.889813794310857,7.542616414843291,5.047733966839265,-0.026871831083544524,0.0026536376402271165,5.712116708490226,1.9929795459607527,0.18677282662363787,-0.13250046854176745
327,8.187345046942228,8.835745641382228,-0.015668454937503636,-0.06627292350591978,2.2229648809134677,4.155797190648928,-0.034589911759011244,-0.10015197919844071,9.516374256137652,5.494031727177013,-0.01877288799206635,-0.014685862455994873,2.744687541864061,8.722444364629894,-0.029649179931633313,0.05060163890683017,8.777268319107216,0.7336100026663613,-0.006116002072937537,-0.01031786902006386,5.209673768835753,2.528999907085257,0.25188190258998266,0.16947992018846547,1.9739356486486133,7.805163557538685,0.026108372134203445,0.004607911647040609,8.426506780847177,2.4283241793687385,-0.02291319002564022,-0.030080180190353113,0.251776933368986,3.396189882933378,0.49090404347191047,-0.087579566348809,2.6229765045670113,3.354428814569493,0.6951748834680403,-0.4601139173714931,5.477024939334584,7.865750467415491,-0.24844673097532716,0.22205354119512227,4.425938778477695,7.401966164666127,0.26586267018307946,-0.04528910490714304,4.951759979954215,9.150874045672658,-0.03236031310227091,0.0630479643433301,1.7407444388295708,4.958160048411441,0.41660393100477,0.5457257389064796,9.075660892160002,4.605522712947751,-0.432640791376403,0.04017995620960226,5.824357931487224,1.0809831574509288,-0.09680350800727457,-0.4765291085845377,4.75465280559782,4.442044693010237,0.08352094348311322,-0.07413644738771534,5.983077784045761,2.7726997660264137,-1.2268726498299989,0.8630084015229033,7.5412728232891135,5.047866648721276,-0.022584018244103606,0.003999614270776948,5.721455349821407,1.9863545225336643,0.1582105993759159,-0.11715465406856475
328,8.186561624195352,8.832431995206932,-0.014012166725379183,-0.06638346839437351,2.221235385325517,4.150789591689007,-0.03508902214837365,-0.10075362984881525,9.515435611738049,5.493297434054214,-0.02908799084233019,-0.025383991988909026,2.743205082867479,8.724974446575235,-0.029174487649691223,0.04968232336062377,8.77696251900357,0.7330941092153581,-0.0058034354855637845,-0.00813847526401993,5.222267863965252,2.5374739030946802,0.2984820136766712,0.12647314140726448,1.9752410672553233,7.805393953121037,0.028312211864759504,0.0056893146913222755,8.425361121345896,2.4268201703592207,-0.020744001350226544,-0.03151315455927333,0.2763221355425815,3.3918109046159377,0.5005949853258463,-0.09323970128402871,2.6577352487404133,3.3314231187009185,0.7951748834680403,-0.5601139173714931,5.464602602785817,7.876853144475247,-0.23083353314592275,0.21548659438231652,4.439231911986849,7.3997017094207695,0.2559925132784257,-0.03636373799219451,4.950141964299101,9.154026443889824,-0.02550986084986497,0.05442497758353516,1.7615746353798092,4.985446335356765,0.4220080853280511,0.5071423554765994,9.054028852591182,4.607531710758232,-0.44225613459603147,0.0946120403938501,5.819517756086861,1.0571567020217019,-0.09317487841748484,-0.4495878882453286,4.758828852771975,4.438337870640851,0.08581057846956072,-0.07283539170524421,5.921734151554261,2.815850186102559,-1.245059485907482,0.8365565590871885,7.540143622376909,5.048066629434815,-0.01834393380659651,0.005310455592420401,5.729365879790203,1.9804967898302361,0.13041676646779454,-0.103092296961518
329,8.185861015859084,8.829112821787213,-0.01233060986921959,-0.06630289683330198,2.2194809342180983,4.145751910196566,-0.03597352378580447,-0.10076128543850217,9.513981212195933,5.492028234454769,-0.038918975356446145,-0.035723352105896514,2.7417463584849946,8.727458562743266,-0.028656499850365058,0.04866377716230537,8.776672347229292,0.7326871854521572,-0.005504268506233684,-0.005961361977027135,5.237191964649085,2.5437975601650433,0.3457936531788529,0.08585426574062563,1.9766566778485612,7.805678418855603,0.030383807302693862,0.006737766586342069,8.424323921278384,2.425244512631257,-0.01866119142276524,-0.032855895890732845,0.3013518848088738,3.3871489195517364,0.5086457401920134,-0.09852049490893142,2.6974939929138153,3.303417422832344,0.8951748834680403,-0.660113917371493,5.453060926128521,7.887627474194363,-0.2129389551724765,0.20852334898702252,4.45203153765077,7.39788352252116,0.245760532633673,-0.027617270757547878,4.948866471256608,9.156747692769,-0.01879254790687158,0.045958198309615124,1.7826750396462117,5.010803453130595,0.42632844766792694,0.46851353296568116,9.031916045861381,4.612262312777924,-0.450536009302678,0.14721340614877096,5.814859012165987,1.0346773076094355,-0.08938388430119314,-0.4224000035629356,4.763119381695454,4.4346961010555885,0.08774550028720801,-0.07119649398801622,5.859481177258887,2.8576780140569182,-1.2627774052605316,0.809563601431956,7.539226425686579,5.048332152214436,-0.014171288925664344,0.0065751456780652195,5.735886718113592,1.9753421749821602,0.1033428354470544,-0.09019909076841798
330,8.185244485365622,8.825797676945548,-0.010628190437543879,-0.06603521130879275,2.217682258028808,4.14071384592464,-0.03726566703197372,-0.10022227101557302,9.51203526342811,5.490242066849474,-0.04825859474073969,-0.04571908030223586,2.7403135334924764,8.72989175160138,-0.02809926420595297,0.04755112752110266,8.77639713380398,0.7323891173533058,-0.005214441676876039,-0.0037936709729350857,5.254481647308028,2.5480902734520745,0.3950469230895681,0.048673457724644605,1.9781758682136958,7.80601530718492,0.032319166463276025,0.007747763711303731,8.423390861707245,2.4236017178367204,-0.016656696650829524,-0.034097247145827424,0.32678417181847447,3.3822228948062896,0.5150782517798527,-0.10341671485167896,2.742252737087217,3.2704117269637694,0.9951748834680403,-0.760113917371493,5.442413978369897,7.898053641643714,-0.19484468519284787,0.201196292888766,4.464319564282453,7.396502658983282,0.23520905561157937,-0.019060468683744634,4.947926843861264,9.15904560268448,-0.012222650313718485,0.03766380824915091,1.803991462029608,5.034229129778879,0.42960625731669666,0.4298946956028359,9.009389245396248,4.619622983085362,-0.4574834751417336,0.197930090025211,5.810389817950927,1.0135573074312887,-0.08545737360355181,-0.3950061905426253,4.767506656709814,4.431136276356188,0.08932975640931302,-0.06921485318604627,5.796342306995861,2.898156194128516,-1.2808917987327606,0.7805870867104789,7.538517861240296,5.04866090949834,-0.010085446846875387,0.007783267226332932,5.7410538598859455,1.9708322204437394,0.07701055824513178,-0.07825270969516718
331,8.184713075843746,8.822495916380108,-0.008909350456681524,-0.06558490103637155,2.2158189746772092,4.135702732373862,-0.03894295712236311,-0.09923255650256713,9.509622333691073,5.487956112834362,-0.057100296521089146,-0.05538236574795682,2.7389085702821787,8.732269307977436,-0.02750662466361147,0.046349485719574916,8.776136411720136,0.732199433804659,-0.004930122216199834,-0.0016424004073048466,5.274233993462506,2.550523946338307,0.4473301926011571,0.016725528683956728,1.9797918265368597,7.806402695370485,0.03411496842919872,0.008714046382855499,8.422558026874704,2.421896855479429,-0.014722454792997459,-0.035227210745991805,0.3525380844074671,3.3770520590637054,0.5199184878775491,-0.10792514108901165,2.7920114812606194,3.2324060310951945,1.0951748834680404,-0.860113917371493,5.432671744110255,7.908113456288152,-0.1766279097395532,0.1935372596829127,4.476080017063032,7.395549635549095,0.22437838982576638,-0.010703327126345596,4.947315711345579,9.160928793096938,-0.005813730159995043,0.02955696687278913,1.8254717748954428,5.055723864559021,0.43187800167993634,0.3913444098802076,8.986515071639161,4.629519487586623,-0.46310554155266276,0.2467106375900632,5.806116949270749,0.9938069979041574,-0.08141701926616635,-0.3674537238811995,4.771973144530279,4.427675533696886,0.09056974195682758,-0.0668864055095371,5.732297717059223,2.93718554846404,-1.300408970222347,0.7476205656382491,7.538013588897952,5.049050072859656,-0.00610523674557054,0.008924975606687584,5.7449043877982024,1.9669195849589811,0.05143913199448615,-0.06694800874373205
332,8.184267608320912,8.81921667132829,-0.007178564114166299,-0.06495691845991645,2.2138718268210913,4.130741104548734,-0.040947697430418976,-0.09791258828759974,9.506767318865018,5.4851869945469645,-0.06543889375511286,-0.06472206375389257,2.737533239048998,8.734586782263415,-0.02688220992954498,0.045063939156391467,8.775889905609326,0.7321173137842938,-0.004647651438080908,0.0004855970418216134,5.296600503092564,2.5513602227725047,0.5029296605100108,-0.007473517891908487,1.9814975749583197,7.806838397689628,0.03576857570347507,0.009631630673334014,8.421821904135054,2.420135494942129,-0.01285050529138815,-0.036236872377640124,0.3785340088013445,3.3716558020092546,0.5231961915320736,-0.11204463817488587,2.8467702254340215,3.18940033522662,1.1694040723835926,-0.9394115793903488,5.423840348623277,7.917790319272298,-0.1583612007765975,0.18557757774108685,4.48729893655432,7.395014469192778,0.2133067391225888,-0.002555318830533908,4.947025024837579,9.162406641440578,0.00042138113191615874,0.02165180088340444,1.8470656749794396,5.075291085053031,0.433176446823124,0.3529248769719682,8.963359794561528,4.641855019466126,-0.46741247187566065,0.29350784834718036,5.802046098307441,0.9754343117100974,-0.07728043478974009,-0.3397958027958238,4.776501631628121,4.424331213421409,0.09147456807229669,-0.06420843917779823,5.667277268548105,2.974566576745952,-1.3222140485354488,0.7083431441437811,7.537708327060673,5.049496321639991,-0.0022487589150877486,0.009990959601217746,5.747476344397927,1.9635721845217946,0.026611983913452493,-0.05593000850706617
333,8.183908680115204,8.815968825405294,-0.005440333765743326,-0.06415665520697104,2.2118244419495703,4.125845475134354,-0.043199897113343516,-0.09638556822630201,9.503495374177263,5.481950891359269,-0.07327112272796374,-0.07374581768758669,2.7361891285525206,8.736839979221235,-0.026229423745686292,0.04369954612504857,8.775657523037422,0.7321415936363849,-0.0043635066644244986,0.002583606095410555,5.321746986118065,2.550986546877909,0.5602619829443968,-0.02143519183859284,1.9832860037434934,7.807319979223294,0.03727804075801195,0.01049584078622204,8.421179378870486,2.4183236513232473,-0.011033037152541173,-0.03711835564455933,0.4046938183779482,3.3660535701005103,0.5249445932429804,-0.11577619072223952,2.905240429053201,3.142429756257102,1.1605737039862278,-0.9502992568742166,5.415922288584447,7.9270691981593515,-0.14011249365886339,0.17734819523113363,4.4979642735104495,7.394886703251251,0.20203020152077847,0.005374385353405585,4.9470460938941745,9.163489231484748,0.006470600308126954,0.013961396881997531,1.8687244973205959,5.0929373289016295,0.43353159520832046,0.31470201271761,8.939989170967745,4.656530411883485,-0.47041723072161323,0.33828002225658316,5.798182076567954,0.9584445215703062,-0.0730621855158674,-0.31209067755797937,4.7810753600317355,4.421120791462519,0.09205659649033389,-0.06118034718833983,5.601166566121332,3.009983733953141,-1.346510996064511,0.6609902703348653,7.537595889114919,5.0499958696200515,0.001466824007779983,0.010972399364980739,5.7488069435936,1.9607756840964412,0.0024718678889597175,-0.04481746078290465
334,8.183636663426917,8.812760992644945,-0.003699133794651365,-0.06318997911213015,2.2096644470939033,4.121026196723039,-0.045608772356347145,-0.09476019638801224,9.499831818040864,5.47826360047489,-0.08059618265311445,-0.08246092764647757,2.7348776573652365,8.739024956527487,-0.025551290384403732,0.042261579760897644,8.7754393477042,0.7322707739411554,-0.004074543682285938,0.004645098209490051,5.3497600852652845,2.5499147872859793,0.6151391901606056,-0.02466377898062017,1.985149905781394,7.807844771262605,0.03864222330991865,0.011302815432012805,8.420627727012858,2.4164677335410194,-0.009262751199542528,-0.037864890096420724,0.43094104804009725,3.3602647605643985,0.5251977340074154,-0.1191236721115404,2.9632691142525123,3.094914793413391,1.1524123181086465,-0.9601801128285542,5.408916663901504,7.935936607920908,-0.12194491251095657,0.1688797406579529,4.508065783586488,7.395155422518921,0.19058323390814877,0.013076803248254176,4.947369623909581,9.164187301328848,0.012322764613506117,0.0064978405864032735,1.8904010770810118,5.10867242953751,0.432970863526188,0.27674850864212186,8.916468309431664,4.6734444129963135,-0.47213517362844426,0.38099165519354145,5.794528967292161,0.9428399876924073,-0.06877551219793841,-0.28439978167400054,4.785678189856252,4.418061774103101,0.0923325680175095,-0.05780704553555769,5.533841016318107,3.0430332474698845,-1.3721317128207078,0.6060153155421989,7.537669230315308,5.050544489588301,0.0050253970445790115,0.011860616363870214,5.7489305369880475,1.958534811057296,-0.02106720381814765,-0.03321392265359727
335,8.183451706737184,8.809601493689339,-0.0019592734084531655,-0.06206333217314568,2.207384008476086,4.116288186903638,-0.04809008238792972,-0.0931084935156713,9.495802008908209,5.474140554092567,-0.08741626406900116,-0.09087508839699332,2.7336000928460162,8.741138035515531,-0.024850178835254186,0.04075607526959042,8.775235620520085,0.7325030288516299,-0.003778648446875678,0.006663865127616706,5.380517044773315,2.548681598336948,0.6619614114658305,-0.021030364157291127,1.98708201694689,7.808409912034206,0.039860957738727824,0.012050532848084373,8.420164589452881,2.414574489036198,-0.007533720907580398,-0.038471065655018226,0.457200934740468,3.3543085769588217,0.5239851940440401,-0.1220949903597031,3.0208897301579447,3.0469057877719634,1.1448780859862686,-0.9691512617896227,5.402819418275956,7.944380594953806,-0.10391636960357613,0.16020258835457254,4.517594945281896,7.395809262681333,0.17899961738343173,0.02054326739819872,4.947985762140257,9.164512193358169,0.01796798093912695,-0.000727650723549877,1.9120496202573212,5.122509854969616,0.43151830757520404,0.23914939399834628,8.892861550750242,4.69249399575599,-0.4725839703057103,0.42161355249291393,5.7910901916822635,0.9286199986087073,-0.06443510464543932,-0.2567844903533567,4.790294818257128,4.415171421826323,0.09232653902643462,-0.05410552775370767,5.4652344306770715,3.0733340132469946,-1.3964628104213324,0.5476236108041309,7.537920500167537,5.0511375204064946,0.008411982264147992,0.012646301373775952,5.74787717679714,1.956874114924616,-0.04409744822253999,-0.02071295482266983
336,8.183353743066762,8.806498327080682,-0.0002250412201194017,-0.06078348130643298,2.2049795043566895,4.111632762227854,-0.05058227678725229,-0.09146791035089538,9.49143119570476,5.469596799672717,-0.09373661773159359,-0.09899621079995545,2.7323575839042533,8.743175839279012,-0.02412834020806916,0.03918899396449147,8.775046688097742,0.7328362221080107,-0.003474070675525312,0.008633869183505269,5.413615115346607,2.5476300801290837,0.6972241334920461,-0.018689052131633334,1.9890750648338262,7.80901243867661,0.04093458515608318,0.012737181347444965,8.419787903407501,2.4126509357534474,-0.005840509481192491,-0.03893277229761775,0.48340019444267,3.3482038274408366,0.5213399264861315,-0.1246987713551184,3.078133634457258,2.998448224682482,1.0448780859862685,-1.0691512617896228,5.397623599795777,7.952390724371535,-0.08608051622737406,0.15134705990660616,4.526544926151068,7.396836426051244,0.1673112311164858,0.02776519059281711,4.948884161187213,9.164475810821992,0.023397110430147333,-0.007704835384384742,1.9336255356360814,5.134467324669533,0.4291975404007667,0.20198920296601514,8.869232352234956,4.713574673380636,-0.4717828747041644,0.4601234809129672,5.787868436449991,0.9157807740910394,-0.06005416402826991,-0.22930650739695613,4.79491114520845,4.412466145438637,0.09207006501326745,-0.050098386248406256,5.395411290156005,3.100715193787201,-1.4166639722997378,0.49301439085276944,7.5383410992807445,5.051769835475183,0.011613662554655063,0.013320495619375095,5.745672304386013,1.9558384671834825,-0.06667749401624663,-0.00690841299846957
337,8.183342491005757,8.80345915301536,0.00149931285732993,-0.05935748065261429,2.2024503905173267,4.10705936671031,-0.05304144960905582,-0.08985400231322298,9.486744364818179,5.464646989132719,-0.09956576978898252,-0.10683240710837681,2.73115116689385,8.745135288977236,-0.02338790816219217,0.037566215183193225,8.774872984563967,0.733267915567186,-0.003159532076548865,0.010549327017933827,5.448476322021209,2.546695627522502,0.72211144064955,-0.0260041272617124,1.9911217940916304,7.809649297743982,0.04186395061934331,0.013361173310824287,8.419495877933441,2.4107042971385666,-0.004178424536652169,-0.03924727718318581,0.5094671907669766,3.3419688888730805,0.5172980478650936,-0.12694426432383385,3.1303775387565715,2.944990661593001,0.9448780859862685,-0.9691512617896229,5.393319573984408,7.959958077366865,-0.06848696876591283,0.14234342635889677,4.534910487706893,7.398224685580884,0.15554818392118613,0.03473402923578675,4.95005401670872,9.164090569052773,0.028601774090293002,-0.014424432925984589,1.9550854126561197,5.144566784817834,0.42603223837742404,0.16535155372588736,8.845643208499748,4.736580847426285,-0.46975256002763416,0.49650602537647814,5.784865728248578,0.9043154487211916,-0.05564390027139465,-0.20202662999671805,4.799514648459113,4.409961226126217,0.09160163072064183,-0.04581525248600197,5.324578091541018,3.1253659133298397,-1.427254463342169,0.44738376679530795,7.538921782408477,5.0524358602561525,0.014620121139765348,0.013874528899172907,5.7423384296852005,1.9554930465335592,-0.08880121928158494,0.008594630704223425
338,8.183417456648623,8.80049127898273,0.003209226403219405,-0.05779309859160705,2.199798318036874,4.102566666594648,-0.05541806187851379,-0.0882560179474184,9.48176607632873,5.4593053687773,-0.1049164163049021,-0.11439187564674855,2.72998177148574,8.747013599736396,-0.022630304942067924,0.03589270185862739,8.77471500796014,0.7337953819180827,-0.0028344656290510365,0.012405511139329596,5.484581894053687,2.5453954211594163,0.7410354871547131,-0.04711560228706148,1.9932149916225976,7.810317356409523,0.04265154271951528,0.013920349202043615,8.419286956706609,2.408741933279407,-0.002544710239573981,-0.03941234340356962,0.5353320931602312,3.335621675656889,0.5118937343354418,-0.12883556361416057,3.177621443055885,2.89653309850352,0.8448780859862686,-0.8691512617896229,5.389895225546113,7.96707524868481,-0.05118187137195665,0.13322045547948208,4.542687896902952,7.399961387042674,0.14373889176328508,0.04143909629971329,4.951484105413235,9.163369347406473,0.03357435639004497,-0.020878998343761297,1.9763870245749908,5.152834362504128,0.4220540625644328,0.12931915905545577,8.822155580498366,4.761406148695109,-0.46651623669200165,0.5307521302349896,5.782083533235008,0.8942141172213557,-0.05121170477031052,-0.17500139359937883,4.804094729995145,4.407670463501917,0.09095400245396523,-0.041302638540045886,5.25321536837391,3.147735101669605,-1.4294724891015498,0.4134962122764914,7.539652788465465,5.053129586701111,0.01742221172079352,0.01429938476000418,5.737898368721122,1.9559227780687702,-0.11038771937752277,0.026190811197283916
339,8.183577917968785,8.797601624053149,0.004900911796836584,-0.05609797197169083,2.1970274149429483,4.098153865697277,-0.0577084448202203,-0.08665302164658932,9.476520255513485,5.453585774994963,-0.10980388749064511,-0.12168271635919037,2.728850256238637,8.748808234829328,-0.02185712873894917,0.0341753490828062,8.774573284678688,0.7344156574750492,-0.002499583319274573,0.014197412433094093,5.521633668411422,2.543039641045063,0.7581154426738124,-0.08140019242482162,1.9953475687585733,7.811013373869625,0.04329915727009201,0.014415578766080338,8.41915972119463,2.4067713161092286,-0.0009378302495831709,-0.0394282730853797,0.5609267798770033,3.329179897476181,0.5051614878920087,-0.13038603012330058,3.2198653473551984,2.8530755354140385,0.7448780859862686,-0.7691512617896229,5.387336131977515,7.973736271458784,-0.0342064484513994,0.12400860937277093,4.549874841491116,7.402033341857659,0.13191186152518714,0.04787308980982068,4.953162823232738,9.162325397489285,0.038308608184784314,-0.02706064419512042,1.9974897277032124,5.159300320456901,0.41728310179964706,0.09398249748405363,8.798829768663767,4.787943755206858,-0.4620978493714761,0.562857724846299,5.779522947996493,0.8854640475413867,-0.04676968501254859,-0.1482865045168035,4.808642430117843,4.405605331574915,0.09018087942289688,-0.03661586536398572,5.181741743918833,3.1684099122834297,-1.427649848755518,0.3904530266608115,7.540523899051505,5.053844555939111,0.020016364000263354,0.014585303299616973,5.7323789827522456,1.9572323186286344,-0.1312951867112047,0.04630181915403717
340,8.183822963558628,8.794796725454564,0.006570650894263105,-0.054279874504519106,2.194141992701937,4.093821214614948,-0.05991624608832149,-0.08502041283187868,9.471030061138952,5.447501639177004,-0.11424656778252795,-0.12871181795685166,2.7277573998016895,8.750517002283468,-0.021069980283509707,0.032420797022260466,8.774448305512724,0.735125528096704,-0.0021557646958559815,0.0159202907329759,5.559539440545112,2.538969631423822,0.7752796252258973,-0.12598415436436428,1.997512526622078,7.811734152807929,0.043808973593511186,0.014847670869370834,8.41911282968215,2.40479990245496,0.0006431445431272869,-0.039296323767733225,0.5861848542716038,3.322660595970016,0.49713915267147424,-0.1316085380538267,3.2571092516545117,2.8146179723245575,0.6448780859862686,-0.6691512617896229,5.385625809554945,7.979936701927422,-0.01759874796578004,0.11473819371298703,4.556470434567375,7.40442699634815,0.12009394491401801,0.05402888842269052,4.955078253641977,9.160972365279529,0.042798949981203885,-0.032962391135031216,2.018353882793195,5.163999445331104,0.41174133615175096,0.05942763551235754,8.775724876195193,4.816086641449173,-0.4565232302901793,0.5928236114372475,5.777184463745866,0.8780497223155466,-0.04232935364677003,-0.12193739269029374,4.813151474088988,4.403774538306715,0.08933580228280376,-0.03181657487958005,5.110359251481057,3.1879325636164704,-1.424002572193374,0.3750144730264577,7.541524717251518,5.054573821104093,0.02240295808642072,0.014722639148999172,5.725814223416685,1.9595474095863363,-0.15131384021577654,0.06944501229673494
341,8.184151496103341,8.792082731729337,0.008214806767943466,-0.052346704039289656,2.191146180397521,4.089570193973354,-0.06204885744015784,-0.08333380383749843,9.465317732749826,5.441066048279161,-0.11826542030789697,-0.1354840542162232,2.726703900787514,8.75213804213458,-0.020270450386675794,0.030635452284553406,8.774340517277931,0.7359215426333527,-0.0018039360838802746,0.017569667268403123,5.598303421806407,2.532670423705604,0.7925136294408756,-0.17813973989829238,1.9997029753017534,7.812476536351398,0.04418354379023564,0.015217437936136976,8.419144986909307,2.402835086266573,0.00219867745699314,-0.039018466575035604,0.6110418119051776,3.3160801690673245,0.48786775415999795,-0.13251564488276746,3.289353155953825,2.7811604092350763,0.5448780859862686,-0.5691512617896229,5.384745872156656,7.9856736116130715,-0.0013938172751432401,0.10543923070614074,4.562475131813076,7.407128440769284,0.10831051482862503,0.05989964709266725,4.957218201141037,9.159324245722777,0.04704049355999507,-0.038578149464813,2.038940949600782,5.166970827106722,0.40545246495016246,0.02573625846351609,8.752898714680684,4.845727822021035,-0.449820799172175,0.6206543045998004,5.775067996063528,0.8719528526810318,-0.037902432207933545,-0.0960091630136772,4.817618264203128,4.402183709562736,0.08846958950265306,-0.02697042504066843,5.039159122871388,3.206683287267793,-1.418909087683865,0.3639316627214023,7.542644865155839,5.055309953061543,0.024586365241153683,0.0147017815942713,5.718248531405896,1.9630196602011731,-0.170132421745591,0.09629711883202866
342,8.184562236441739,8.789465396527373,0.009829829163114433,-0.05030646777499976,2.1880437375255135,4.085403503781479,-0.06411553608948424,-0.08157069742966987,9.459404461734431,5.43429184556835,-0.12188316204523661,-0.14200137270266283,2.72569037826818,8.75366981474881,-0.019460104872152006,0.028825501987734425,8.774250320473737,0.7368000259967729,-0.001444987326674782,0.019141295986729777,5.637929103278451,2.523763436710689,0.8087515313295318,-0.23627075857280716,2.0019121524912653,7.813237408248205,0.044425785313853654,0.01552574977577415,8.419254920782157,2.4008841629378215,0.0037289490156637373,-0.03859724192622425,0.6354351996131775,3.309454386823186,0.47739129986001533,-0.13311971681821905,3.3165970602531387,2.752702846145595,0.44487808598626866,-0.46915126178962296,5.384676181292899,7.9909455731483785,0.014376131080090102,0.09614130672819933,4.567890657554507,7.410123423123918,0.09658562467590365,0.06547887178635753,4.959570225819037,9.157395338249536,0.05102905897874181,-0.043902708222933955,2.0592135728482903,5.168257640029898,0.39844173962158697,-0.0070143147619818255,8.730407674722075,4.876760537251025,-0.44202246426939457,0.6463567045993821,5.773172874453131,0.867152394530348,-0.033501483219541786,-0.07055620380207549,4.822041743678261,4.400835188310702,0.08762820497541188,-0.022144303730754017,4.968213668487195,3.2248798704038633,-1.41187322256038,0.35488536582863695,7.543874183417897,5.056045042141257,0.026574899193707143,0.014513306853425124,5.709741910318616,1.9678345161427746,-0.18726263719635605,0.12773856681150103
343,8.185053727899895,8.786950073138623,0.011412258790039487,-0.04816726271875351,2.184837960721039,4.081324968909995,-0.06612639684285304,-0.0797110787651547,9.45331030363217,5.427191776933217,-0.12512304994599335,-0.1482618896293299,2.7247173730245726,8.755111089848196,-0.018640471906282013,0.026996922114921,8.774178071107404,0.7377570907961093,-0.0010797230065967168,0.02063114346747118,5.6783666798449275,2.5119498987820488,0.8224496010904514,-0.2999502453075592,2.004133441756958,7.8140136957369934,0.04453897162765285,0.01577357473632316,8.41944136823294,2.39895430084151,0.005233997554807012,-0.038035670829309844,0.6593047646061783,3.302798400982275,0.4657565641657124,-0.1334330174238315,3.338840964552452,2.729245283056114,0.3448780859862687,-0.369151261789623,5.385394987846904,7.995752638484788,0.029681563287113362,0.08687341725711073,4.572719938788302,7.413397366713236,0.08494213607738446,0.07076048719899711,4.962121678767974,9.155200202838389,0.05476118485741405,-0.04893172491061766,2.0791356598293698,5.167906924291799,0.39073581385265066,-0.0387511451207287,8.708306551508606,4.909078372480994,-0.43316472014100094,0.6699386665341118,5.7714978002921535,0.8636245843402443,-0.02914027075938984,-0.04563167824085826,4.826423153927031,4.399727973124164,0.0868509194282767,-0.017402987618650563,4.897620007359176,3.242624138695295,-1.4022140041123732,0.346502396194657,7.545202928377582,5.056770707483928,0.028380694163694594,0.014148310461434508,5.7003787784587985,1.9742214444833497,-0.20191973675186353,0.1648709615213979
344,8.185624340839396,8.784541710002685,0.012958733102849807,-0.045937252922504196,2.1815316408788963,4.077339414971737,-0.06809186201758231,-0.07773748155827975,9.447054151134871,5.41977868245175,-0.12800728350294466,-0.15425913329161495,2.7237853494292583,8.756460935953942,-0.017813033624426693,0.02515548375148142,8.774124084957073,0.7387886479694828,-0.0007088291507670847,0.022035386894345588,5.71948915989945,2.496952386516671,0.8317208645046098,-0.3696284228466539,2.0063603903383407,7.8148023744738095,0.04452671741622656,0.01596201114666033,8.41970306811068,2.3970525173000445,0.006713797565248801,-0.037337172374377094,0.6825925928144638,3.2961267501110836,0.45301286806991864,-0.13346777143362654,3.3560848688517653,2.710787719966633,0.24487808598626867,-0.269151261789623,5.386879066011259,8.000096309347644,0.04449548204346314,0.07766382154196072,4.576967045592172,7.416935391073185,0.07340181669561238,0.07573890870779285,4.964859738010845,9.152753616592857,0.05823413342252432,-0.053661711981441124,2.0986724505220025,5.165969367035762,0.38236260302344427,-0.06940571381918123,8.686648315501555,4.942575305807699,-0.4232899048376198,0.6914075914520034,5.770040786754184,0.8613430004282013,-0.024833952484264572,-0.0212870475451951,4.830765699898445,4.398857823743231,0.0861690914936692,-0.01280546440315775,4.827509307153558,3.259949258505028,-1.3893658604645531,0.33808069094715004,7.546621963085767,5.057478123006999,0.030019448297858818,0.013598858172171671,5.690282791621205,1.9824649925594195,-0.21285449386380276,0.20899548971298942
345,8.186272277494538,8.78224484735656,0.014465994133106154,-0.04362464564097363,2.178127047778017,4.073452540893824,-0.07002235826412556,-0.07563480817764057,9.440653786959723,5.412065725787169,-0.13055508623121692,-0.15998160160546823,2.722894697748037,8.757718710141516,-0.016979221894921837,0.023306759662407993,8.774088643499535,0.7398904173142001,-0.0003328399953973158,0.023350429918780547,5.761075203124681,2.4784709653743384,0.8341849763751603,-0.44627877527468207,2.008586726209152,7.815600475031142,0.04439295748685581,0.016092312304850635,8.420038757988943,2.3951856586813256,0.008168280938540287,-0.036505459067072414,0.7052432362179598,3.2894533615394024,0.4392118565920691,-0.13323621413296957,3.3683287731510787,2.6973301568771517,0.14487808598626867,-0.169151261789623,5.389103840113433,8.003979500424741,0.05879330051688981,0.06853991141498512,4.580637136426952,7.420722336508574,0.061985415710061886,0.08040912193971105,4.967771444681971,9.150070530993785,0.061445892183746006,-0.05809001923018889,2.1177905806731747,5.162499081344803,0.37335114309628,-0.09891398066214732,8.665483820259675,4.977145685380299,-0.41244751130893026,0.7107692235869268,5.768799089129971,0.8602786480509416,-0.020599237470950996,0.002428342599662292,4.835074154473129,4.398217550523073,0.08560595389700618,-0.008401600175399038,4.75804101413033,3.2768532930523855,-1.3729496872805542,0.32932326632180386,7.548122935500659,5.058158065915608,0.03150995015528392,0.012858507360014261,5.679640066928015,1.992914767045069,-0.21813087182872404,0.2615209279865548
346,8.186995577201193,8.780063615074512,0.015930898209880393,-0.04123766771478814,2.1746259298648107,4.069670800484942,-0.07192814716219176,-0.07339004364948043,9.434126032648162,5.404066645706895,-0.13278060365313618,-0.1654128081411788,2.722045736653291,8.758884048124637,-0.016140417525974164,0.021456132297148753,8.774072001499766,0.7410579388101391,4.790270454679466e-05,0.02457293649951496,5.802784451943438,2.4561570266106045,0.8266789217754733,-0.5309958257299497,2.010806374083495,7.816405090646385,0.044141919836324456,0.01616590707226841,8.42044717203587,2.393360385727972,0.009597302571962733,-0.035544400377014965,0.7272038290475633,3.282791550832754,0.42440727443726267,-0.13275063420297512,3.3755726774503922,2.6888725937876705,0.04487808598626866,-0.069151261789623,5.392043505139277,8.00740649599549,0.07255273165130409,0.059528095344011996,4.583736407212455,7.42474279260556,0.05071272423747451,0.08476676903309685,4.970843739291158,9.147166030032276,0.06439517335734053,-0.06221481242433721,2.1364581378279888,5.157553382311696,0.363731443003061,-0.12721645110790064,8.644861444694229,5.0126841465596454,-0.4006953668192521,0.7280268751660831,5.7677691272564235,0.8604000651809247,-0.01645460803032928,0.025467648300945823,4.83935445216798,4.397797470514303,0.08517743833893318,-0.00423005770126821,4.689393529766303,3.293319456368476,-1.3527531077783892,0.32015486314143154,7.549698433008423,5.058800991283609,0.03287331995094835,0.011922850535533817,5.668733523336579,2.005990813444397,-0.2148565532220594,0.32374212546176173
347,8.187792122111688,8.778001731688773,0.01735042742067823,-0.03878454248298666,2.1710295225067013,4.066001298302468,-0.07381922478724573,-0.07099193482428877,9.427487002465506,5.395796005299836,-0.1346908425565362,-0.17053197009117047,2.721238715776992,8.759956854739494,-0.015297952426689701,0.01960880346902328,8.774074396634994,0.7422865856351148,0.0004332980748022327,0.025699887343617844,5.844118398032212,2.429607235324107,0.8049454894539088,-0.6244453010703429,2.013013470075311,7.817213385999999,0.04377809364668324,0.016184417003913713,8.420927037164468,2.3915831657091213,0.011000537927760082,-0.03445785799625812,0.7484241927694264,3.2761540191226053,0.4086547408451072,-0.13202341630771142,3.377816581749706,2.685415030698189,-0.055121914013731343,0.030848738210377008,5.395671141721842,8.010382900762691,0.0857536897037266,0.050653698176127734,4.586272043424328,7.428981131057215,0.03960262595082897,0.08880823962218927,4.974063497959025,9.144055289411058,0.06708141133309697,-0.06603504859006054,2.154644709978142,5.151192559756301,0.35353432806980584,-0.1542582459343941,8.624826676353265,5.04908549031795,-0.3881004185920684,0.7431813058120053,5.766946396854907,0.861673447595972,-0.012420657311543768,0.04778694750581082,4.843613324084926,4.397585967629239,0.08489358154837644,-0.00031813458521739134,4.621755874377383,3.3093271995255473,-1.3286892593145967,0.31061254190185794,7.5513420990059705,5.059397133810386,0.03413193078283245,0.010790017966636133,5.657990695675476,2.022177919717485,-0.19891361651704947,0.3963990948323787
348,8.188659643482723,8.776062504564624,0.018721702866120717,-0.03627346661599777,2.1673385612673393,4.062451701561254,-0.07570524933112842,-0.06843067239511862,9.42075246033768,5.387269406795277,-0.13628395679418573,-0.17531542718951887,2.7204738181556576,8.760937294912946,-0.014453114619746965,0.01776980541732545,8.774096061538733,0.7435715800022957,0.000823534530011195,0.026728669118747717,5.884365672504907,2.39838497027059,0.7634585052760379,-0.7244453010703429,2.0152023747576453,7.818022606850194,0.04330619287948372,0.01614967004244822,8.421477064060856,2.3898602728093086,0.01237728575230531,-0.03324951079963375,0.7688569298116817,3.2695528483072196,0.392011526229396,-0.13106708869447234,3.375060486049019,2.6869574676087082,-0.15512191401373135,0.130848738210377,5.399958826207029,8.012915585671497,0.09837819946687675,0.041940877246849646,4.58825217472187,7.433421543038325,0.028673140817455922,0.0925307646110168,4.97741756852568,9.140753536981556,0.0695047577801727,-0.06955044808835101,2.172321426381632,5.143479647459581,0.34279127472122933,-0.17998917136048365,8.605421655423662,5.08624455560855,-0.3747388161695805,0.7562314449581709,5.7663253639893295,0.8640627949712625,-0.008520537704835412,0.06934575619076958,4.8478580031623455,4.397570060899978,0.08475975397818683,0.0033164555374661873,4.555321411411653,3.32485782662064,-1.300759485805799,0.30078587540135315,7.553048695545112,5.059936634708717,0.0353080254829001,0.00946105979898146,5.6480450148496235,2.041997874459104,-0.16482254022287596,0.47891117170603303
349,8.18959572862603,8.774248831233825,0.020041999764853345,-0.033712585349906024,2.1635532988007826,4.059030167941498,-0.07759546594000577,-0.0656975967431206,9.41393826249797,5.378503635435801,-0.13754823072158923,-0.17973876787179613,2.71975116242467,8.761825785183811,-0.01360715629197496,0.015944012340190016,8.774137238265235,0.7449080134582331,0.001219118794112571,0.027657210882904466,5.922538597768709,2.362162705217073,0.6956690617956931,-0.8244453010703429,2.0173676844016195,7.818830090352317,0.04273111615580128,0.016063709857313455,8.42209592834847,2.388197797269327,0.013726141026470441,-0.031922711529333875,0.7884575061231516,3.262999493872496,0.37453633534794295,-0.12989437986887142,3.3673043903483326,2.693499904519227,-0.25512191401373135,0.23084873821037702,5.404877736180373,8.015012629533839,0.11041030756038607,0.033412555617594854,4.5896858317627425,7.438048081268875,0.017941462525277767,0.0959325102807708,4.980892806414689,9.13727601457714,0.07166607328568557,-0.07276146351217049,2.1894609901176936,5.134480188891557,0.33153423999553105,-0.20436379126392645,8.586684714615183,5.124056127856458,-0.36069498887561874,0.767176054147975,5.765899337104088,0.867530082780801,-0.004780419924843781,0.09010768792831533,4.852095990861255,4.397735883676852,0.08477705320875886,0.006662563311272185,4.490283437121364,3.3398971203907077,-1.269025833706317,0.2907863499541475,7.554814096819257,5.060409687698666,0.036422111277825395,0.007940123771913037,5.63980388783848,2.0659434330444055,-0.10601774173416625,0.5682298702810531
350,8.190597828614273,8.77256320196633,0.021308768961647545,-0.031109955093119875,2.1596735255037824,4.055745288104342,-0.07949862288522604,-0.06278495072575797,9.40706085096189,5.3695166970422115,-0.13846206905825464,-0.1837794845944187,2.7190708046100713,8.76262298580082,-0.01276131055371291,0.014136156739101038,8.77419819420494,0.7462908740023784,0.0016207994530609046,0.02848416610295533,5.957322050858493,2.3209404401635556,0.5956690617956931,-0.9244453010703428,2.0195042402094097,7.819633275845183,0.04205789630556269,0.015928803888769934,8.422782235399794,2.3866016616928603,0.015044516296834983,-0.030480542881616817,0.8071843228905488,3.2565047748790525,0.3562890978875303,-0.1285182969024556,3.354548294647646,2.705042341429746,-0.3551219140137314,0.330848738210377,5.410398251558392,8.01668325731472,0.12183598675306848,0.025090389226180638,4.590582904889007,7.442844706782914,0.007423980002955894,0.09901268707755662,4.984476110078973,9.133637941401531,0.073566911521438,-0.07566923600800145,2.20603770211747,5.124261999328361,0.31979547298506916,-0.22734150613747195,8.568649965171401,5.162414930563857,-0.3460594689423924,0.7760162960471817,5.765660316107845,0.8720354671772168,-0.0012296420045462449,0.1100415113023642,4.856334843521693,4.3980690118424155,0.08494155197829406,0.009712535904984589,4.426832145436048,3.354436437888415,-1.2335929275341162,0.28073212931680436,7.5566352023831485,5.060806693887262,0.03749134422232471,0.006234410389733352,5.634503000751772,2.094354926558458,-0.016051750191556316,0.6574198295203251
351,8.191663267062355,8.771007704211673,0.022519662987829675,-0.028473489244499255,2.1556985943595213,4.052606040568055,-0.08142284723064046,-0.05968567820049679,9.400137747508978,5.360327722812491,-0.13899521440419815,-0.18741981795102852,2.7184327390823855,8.763329793637777,-0.011916816602473795,0.012350847398402209,8.774279234177593,0.7477150823075261,0.0020293077873687125,0.029209127048497006,5.9871055039482775,2.2747181751100385,0.49566906179569314,-1.016304811890513,2.021607135024688,7.820429716039621,0.04129164203077111,0.015747446871013853,8.423534461214635,2.3850776345487796,0.01632806467030797,-0.02892623657253391,0.8249987777849253,3.2500788600339297,0.33733077086985475,-0.1269522233544099,3.3367921989469598,2.7215847783402647,-0.45512191401373137,0.43084873821037706,5.416490050896045,8.017937776776028,0.13264302521071025,0.016994765472612708,4.590954103889154,7.447795341136792,-0.002863720046130995,0.10177166317907255,4.988154455655045,9.12985447960113,0.07520949301648464,-0.07827554059083378,2.2220274757667235,5.112894924021488,0.307607324144151,-0.24888664225049784,8.551346991724282,5.201215745366216,-0.3309254325340505,0.7827590053041525,5.765598834007618,0.877537542742335,0.0021000687549234706,0.12912260104865772,4.860581921120607,4.398554638637664,0.08524274862037662,0.012460001309390045,4.365152499059342,3.368473044354255,-1.1945971914981346,0.2707398319779842,7.558509769594265,5.0611184144067485,0.038528118672756684,0.004353909431902137,5.6337004132421935,2.1272259180344744,0.08394824980844369,0.7347436777991779
352,8.192789250211746,8.769584029749447,0.023672522826543665,-0.025810951988748578,2.151627451997989,4.04962175665803,-0.0833752613107637,-0.056393169287080464,9.393187986788769,5.350956731914939,-0.1391114121825455,-0.19064934786164034,2.7178368982522616,8.763947336007696,-0.01107490851753149,0.010592535029138778,8.774380699566962,0.749175538659951,0.002445259918584442,0.02983293403815169,6.011888957038062,2.223902934515513,0.39566906179569317,-1.0793296109520885,2.023671717126226,7.821217088383172,0.040437537336502176,0.015522314334471066,8.42435086444815,2.383631322720153,0.01757016384668144,-0.02726339923347887,0.841865316328418,3.2437312488662093,0.31772320372195606,-0.1252099463066246,3.314036103246273,2.7431272152507837,-0.5551219140137313,0.530848738210377,5.423122202156581,8.01878751504966,0.14282091160513494,0.009144694031442399,4.590810917886848,7.452883924295746,-0.012906809082042895,0.10421091870848258,4.991914930305869,9.125940702571588,0.07659668222791047,-0.0805828028927089,2.237407841973931,5.100450591908963,0.295002251001493,-0.26896855344496445,8.534800720097579,5.240353695631424,-0.3153844982675408,0.7874201771589759,5.765703837445365,0.8839936727947678,0.005176442153067267,0.14733313421939098,4.864844058551626,4.399177638703134,0.08566270647693403,0.014898045940308418,4.305422639484435,3.3820100359531544,-1.152200201302195,0.2609191750700881,7.560436175527903,5.061336109878344,0.0395386619540988,0.002310628605212398,5.637897825732615,2.163963101924433,0.1839482498084437,0.7847896830793255
353,8.193972876353072,8.76829348215001,0.024765329323016894,-0.023129900567461045,2.147458688932451,4.046802098193676,-0.08536141576321066,-0.05290106200153414,9.386232416179642,5.341424264521858,-0.13877207817223225,-0.19346659386942985,2.717283152826385,8.764476962759153,-0.010236814386373834,0.008865442301635473,8.774502962562892,0.7506671853618586,0.0028691815903972456,0.030357276074363213,6.031672410127847,2.1699364539679085,0.2956690617956932,-1.0968062218164023,2.025693593993051,7.821993204099895,0.03950084715293845,0.015256168950170691,8.425229372640485,2.382268152758479,0.018763239567550077,-0.025496705982563417,0.8577514765145158,3.237470751550878,0.29752906825445113,-0.12330570306811035,3.2862800075455865,2.7696696521613027,-0.6551219140137313,0.630848738210377,5.430263247736837,8.019244749751232,0.15236064300814814,0.001557687168958842,4.590165577432746,7.45809447023117,-0.022691232215358913,0.10633291768969057,4.995744764417265,9.121911562426954,0.07773192192971594,-0.08259413211565603,2.252157954524006,5.087002164236715,0.2820129452519017,-0.2875617832759233,8.519031495184201,5.279724704489373,-0.2995220090265797,0.7900285410347457,5.7659626595530185,0.8913603295057374,0.007969270913401067,0.1646664138206235,4.869127193875473,4.39992254100015,0.08617585602659332,0.01701754206380763,4.247812629419325,3.395055994706659,-1.1065855234300772,0.25136801763424754,7.5624131086256074,5.061451641308604,0.04052204960462894,0.00011819098856105182,5.647095238223038,2.2032025860783992,0.2839482498084437,0.7908040011122001
354,8.195211142819224,8.767136987121637,0.0257962269588812,-0.02043766458529579,2.1431906181442906,4.044157045093599,-0.08738523432732348,-0.04920283086388005,9.37929381227103,5.331750934828386,-0.13794071163860608,-0.19587980708812608,2.7167713121070665,8.764920234874234,-0.009403749169236074,0.007173603563790458,8.774646421642412,0.7521850491655768,0.0033007037714020892,0.030784767780039086,6.0464558632176315,2.1150961428770882,0.19566906179569318,-1.0646510121459816,2.027668636350698,7.822756012547404,0.038486892054178226,0.01495190643793115,8.426167534618862,2.380993317459351,0.019898600295568995,-0.02363297696447278,0.8726279299272384,3.2313054663974725,0.27681144969115007,-0.12125425048579797,3.2535239118449,2.8012120890718215,-0.7551219140137313,0.730848738210377,5.437881279887245,8.019322634109681,0.1612546555298099,-0.005750244662434631,4.589031015821978,7.463411116115654,-0.03220360832836072,0.10814116330662821,4.99963136051375,9.117781855821171,0.07861923257334005,-0.0843132809465015,2.266258601786601,5.072624075072919,0.2686721729654019,-0.3046458586585691,8.504055394732871,5.319226131541111,-0.2834125792477703,0.7906276924959235,5.766361123098688,0.8995936501967686,0.010457110867761249,0.18113120271724334,4.873435986676802,4.40077341810334,0.0867499998971175,0.018808386736554925,4.192483353247821,3.407624395588371,-1.0579628930989504,0.24217010056520027,7.564439211105839,5.061457550858033,0.04147042258050932,-0.0022093433693479055,5.66129265071346,2.2427427861340092,0.38394824980844366,0.7486512516990242
355,8.196500954167167,8.766115103892371,0.026763497884922053,-0.017741343162624247,2.1388213564279246,4.041696903550405,-0.08944860192371698,-0.04529158908503606,9.372396776689099,5.321956944473979,-0.13658744900556102,-0.19790632770301,2.716301124648605,8.765278915052424,-0.008576890732981162,0.0055208455932092265,8.774811456830982,0.7537242875545788,0.0037382615260866947,0.031118622896714028,6.056239316307416,2.061863592269789,0.09566906179569318,-0.9996442724866554,2.029592980953407,7.8235036078693,0.03740106169746919,0.014612536079570847,8.427162464633641,2.3798116686111275,0.020967445053043217,-0.021681687632151954,0.8864685024117959,3.2252427538731827,0.2556335772935391,-0.11907098560911938,3.2157678161442136,2.8377545259823402,-0.8551219140137313,0.830848738210377,5.445944012663736,8.01903512187656,0.16949671918717804,-0.012764686000754262,4.58742083540556,7.468818174280985,-0.041431132869930415,0.10964009787262426,5.003562322142417,9.113566191773845,0.07926319308332723,-0.08574466768578873,2.279692210434871,5.05739178213999,0.25501280865379805,-0.3202051491143583,8.489884765770483,5.358757516165907,-0.26711680523833525,0.7892769188475883,5.766883978642077,0.9086502103326308,0.012632078997533859,0.19675344221703484,4.877773486671658,4.401713837440168,0.0873483685043238,0.020259937300133438,4.139585208592874,3.4197329006166313,-1.0065738514798932,0.23339158289267822,7.566512732234864,5.061347083689565,0.042369716271189184,-0.004658512081205678,5.680490063203883,2.2801753487189607,0.48394824980844364,0.6750440645143146
356,8.197839129061412,8.76522803673424,0.02766553200750529,-0.015047826383527897,2.1343489263317386,4.039432324096153,-0.09155082760529314,-0.0411601077958819,9.36556740423882,5.312061628088829,-0.13469308889136414,-0.19957071913688082,2.715872280111956,8.765554957332084,-0.0077573453568673826,0.003910775639154434,8.774998369907285,0.7552802186994144,0.004179025469813226,0.0313621638520433,6.061022769397201,2.011881378645456,0.006334897033933751,-0.9243213092369305,2.0314630340382807,7.824234234673279,0.03624883693820641,0.01424117634850227,8.428210836886294,2.37872758422952,0.021962160019290036,-0.019654905361309063,0.8992501812764728,3.2192892045927266,0.23405852995527207,-0.11677214826935245,3.173011720443527,2.8792969628928593,-0.9551219140137313,0.930848738210377,5.454418848623095,8.018396887576522,0.17708186017509447,-0.019472915141183527,4.585349278762063,7.474300179174616,-0.05036144360969792,0.11083498487115372,5.007525481796583,9.109278958389556,0.07966893451749202,-0.08689340654960966,2.292442850867561,5.041381524684272,0.24106787513867833,-0.33422861337453763,8.476528925508566,5.398221362108287,-0.2506796376524466,0.7860502402098628,5.767515582591954,0.9184878824434826,0.014503006996360786,0.2115756134458762,4.8821409050968745,4.402726834305175,0.08793243792762748,0.021361534939846473,4.089256516018879,3.4314024797612652,-0.9526981102921606,0.22507756474302007,7.568631218048424,5.061114158085505,0.04320110296795792,-0.007217365160033518,5.704687475694305,2.3139275519446763,0.5528780017405397,0.5924320180990393
357,8.199222405661788,8.764475645415063,0.028500812283885672,-0.012363827365352159,2.129771384951474,4.037374318706359,-0.09368780387120836,-0.03680138458596863,9.358832749794253,5.302083092131985,-0.13225198641361957,-0.20090204532358935,2.7154844128441127,8.765750496114041,-0.0069461187390912555,0.002346792572952878,8.775207321180776,0.7568483268920165,0.00461918048427626,0.03151842827294808,6.061339514248898,1.9656653131836097,-0.046829936257483044,-0.8519031121656502,2.033275475885191,7.8249462934907035,0.035035797189022624,0.013841076583934997,8.429308944887259,2.3777448389614544,0.022877205169278884,-0.01756655376259495,0.9109531077742364,3.213450597179259,0.212148967559174,-0.11437516750183241,3.1252556247428402,2.9258393998033783,-1.0551219140137313,1.030848738210377,5.46327294163185,8.017423241819463,0.18400631359935102,-0.025863953700895472,4.582831206581578,7.479841928418174,-0.058982477785190196,0.11173183989200514,5.011508928522458,9.104934288062076,0.0798421439208313,-0.08776531709945415,2.304496244624495,5.024670094015545,0.22687053398853407,-0.3467094683056819,8.463994943625943,5.43752387411878,-0.23413056576771188,0.7810337024684922,5.768240732941772,0.9290666631157763,0.016095306375884286,0.22565702522458403,4.886537526993256,4.403794911052167,0.08846454824833648,0.022103492084415356,4.041621610504271,3.442656357998416,-0.8966586857733001,0.2172478694755259,7.570791273196821,5.0607532898275025,0.04394314815955151,-0.009876063615139754,5.732331375781332,2.3435491528496284,0.5845003481786158,0.5139308263686508
358,8.200647446275982,8.763857454046795,0.0292679613083366,-0.009695976551183412,2.125086994757914,4.0355342494770605,-0.09585082110024634,-0.03220986568545188,9.352220150473572,5.292037989865806,-0.1292735639168952,-0.20193103076819136,2.715137106907158,8.76586783574269,-0.006144067344642975,0.0008321892458532283,8.77543828020499,0.7584242483056639,0.005053953409012756,0.03159047390723048,6.058998017436024,1.9230701575753273,-0.07540325419121328,-0.7874549899747322,2.035027265744642,7.8256383473199005,0.03376761787046925,0.013415762874304515,8.430452805145723,2.3768665112733247,0.023708024253852787,-0.015431304605507835,0.9215605561521951,3.2077318388041673,0.18996662537428255,-0.11189907243890755,3.0724995290421537,2.977381836713897,-1.071862180683498,1.0493385848335208,5.472473257311817,8.016130044134417,0.19026761434735967,-0.031928536699181574,4.579882082692318,7.485428520412774,-0.06728221806159188,0.11233750514995741,5.0155010357185,9.100546022207103,0.07978913986040713,-0.08836688406971765,2.315839771323922,5.007334620600261,0.21245389042145502,-0.35764447393496057,8.452288415337557,5.476575559242204,-0.2174854993607681,0.7743210113028646,5.769045498260566,0.9403495143770055,0.017452885811588065,0.23907971361750413,4.890960754405673,4.404900085656387,0.08891079256995839,0.02247966494969708,3.996788676215606,3.4535187514721923,-0.8388240456451275,0.20989433224572102,7.572988430604799,5.060259486646745,0.04457445562549042,-0.012627594246309671,5.761556393190262,2.369245694168061,0.5904242318563797,0.4444699028079487
359,8.202110844341398,8.763372655219236,0.029965713944412768,-0.0070507866779811875,2.1202944537029014,4.033923756192788,-0.09802301263751229,-0.027385199720593802,9.345756472277728,5.281941438327396,-0.12578199719558997,-0.20268679294591796,2.714829903539926,8.765909445204983,-0.005351915858601123,-0.0006298689038497568,8.77569097787544,0.7600037720010254,0.005478965868621269,0.03158077198460815,6.055227854726463,1.8836974080765907,-0.08797712117577872,-0.7323176640157619,2.0367156466381657,7.826309135463616,0.032450042039892046,0.012968996224624916,8.431638206358416,2.3760949460430494,0.024452345191888242,-0.013263042805994388,0.9310588874209093,3.202136885182222,0.16757255235383478,-0.10936524506725506,3.018906420007979,3.029848765955573,-1.0709017924708886,1.0503186901520118,5.481986638029185,8.014533617299458,0.19586447731164042,-0.03765907155723573,4.576517971789238,7.491045395670271,-0.0752487084629624,0.112659578229451,5.01949049271152,9.096127678003617,0.07951681515904813,-0.08870524118334665,2.326462465844995,4.989452396903513,0.19785123198344642,-0.36703387333022064,8.441414140369519,5.515291609807347,-0.200749777306413,0.766009344645066,5.769918142551146,0.9523035000578808,0.01863161374699488,0.25195611593845973,4.895406294034171,4.406024068903872,0.08924134997708141,0.02248783789546674,3.95484747393335,3.4640134680844783,-0.7796020251294773,0.20297396790366828,7.575217153386074,5.05962810693443,0.04507601646413271,-0.015466698009286834,5.791077604783081,2.3914691893084585,0.5792704620524797,0.38522140691789764
360,8.203609130038618,8.763020115885336,0.03059271293900284,-0.004434471401919544,2.1153933030710257,4.0325544962067585,-0.10016528452592065,-0.022350018940055626,9.339467372417948,5.2718070986801004,-0.12181432765818656,-0.20319388695058058,2.714562307746996,8.76587795175979,-0.004570659820455849,-0.0020372430270295897,8.775964926168871,0.7615828106002558,0.005891319399279927,0.03149135996054652,6.050828998667674,1.8470815248758026,-0.09057643945737029,-0.6859844357014792,2.03833814874016,7.8269575852748465,0.031088602150969234,0.012503146346913905,8.432860823618011,2.3754317939027496,0.025110487982196023,-0.011074186662747409,0.939437515038601,3.1966686229288594,0.14503832817886675,-0.1067928022335819,2.9653613303844346,3.082364700463174,-1.1646766369961525,0.9452662753083555,5.491779861894767,8.012650663721596,0.20079594605023907,-0.04304960847142065,4.57275553636609,7.496678374581744,-0.08287131251570264,0.11270590656459555,5.0234663334694725,9.091692415944449,0.07903207114307524,-0.08878836859995083,2.336355027444167,4.971100703237002,0.18309643943639028,-0.3748943753316565,8.431376651504198,5.553592077039601,-0.18392162860730613,0.7561956923716248,5.770849723238495,0.9649013058548037,0.019704599200261436,0.2644332999833334,4.8998683615330245,4.407148460798646,0.08942724623697108,0.022137332672021615,3.915867372676876,3.474162166479662,-0.7194530175213946,0.19642286787366828,7.57747095420928,5.058854772033966,0.04543359806317077,-0.018387538931964063,5.820041127885705,2.4107302596543536,0.5570999507654176,0.33547368603453886
361,8.205138765685568,8.76279839231524,0.031147719470810877,-0.0018530522295901529,2.1103850388447296,4.031436995259756,-0.1022210212439155,-0.01714303221597375,9.333376656035039,5.261647404332572,-0.11741790755367429,-0.20347099592535528,2.714333774755973,8.765776089608439,-0.0038013195101714997,-0.0033881127633162266,8.776259492138836,0.7631573785982831,0.00628875014359679,0.03132417820833169,6.046300176694806,1.8127823030907286,-0.08724553055211742,-0.6472681235792547,2.0398925788477085,7.827582742592193,0.029688707806490622,0.012020369828303025,8.43411634801712,2.374878084569612,0.025683710369954513,-0.008876010917928593,0.9466894314475442,3.1913289828171805,0.12243847255154615,-0.10420053873387027,2.907127498534627,3.1296280142285915,-1.0646766369961524,0.8452662753083555,5.501819659197279,8.010498183298024,0.2050619836474376,-0.04809559963009585,4.568611970740305,7.502313669909974,-0.09013978105674983,0.1124850345945964,5.027417937026626,9.087252997514451,0.07834219102250789,-0.08862481712766446,2.3455098494159867,4.952355984470419,0.16822282749551082,-0.3812516726977891,8.422180570073833,5.5914018616581815,-0.16699595098153883,0.7449727563470222,5.771834953198508,0.9781229708539704,0.020762951087589243,0.276705205356059,4.904339723844873,4.408255327432247,0.08944430196756013,0.021443592474782724,3.8798947218008064,3.483983309873345,-0.6588559427743077,0.1901376633643045,7.5797426341124385,5.057935395087368,0.04563896739929996,-0.021383181026141555,5.8478961254239765,2.4275039439560806,0.5279820025046242,0.2937887303318851
362,8.20669615165911,8.76270573970376,0.03162921973107725,0.0006871535818710837,2.105273987782534,4.030579843648957,-0.10408613635269814,-0.011800838585629081,9.327505760657356,5.251473854536304,-0.11264812303068134,-0.20353022036703158,2.7141437087804645,8.765606683970272,-0.003044240097361381,-0.004681887020679991,8.776573929646016,0.7647235875086997,0.006669215119304173,0.031081929853544688,6.0419379001672,1.7804188969117658,-0.08063411524553964,-0.6149237424956265,2.041377014238033,7.828183761083608,0.02825699880381982,0.011521657616749517,8.435400533535619,2.3744342840237156,0.02617275833492478,-0.0066779778670336895,0.9528113550751216,3.1861189558804868,0.0998368449606359,-0.10159666125286936,2.853893666684819,3.1718913279940093,-0.9646766369961525,0.7452662753083555,5.512072758379651,8.008093403316519,0.2086630559857988,-0.052795292731196306,4.564104981687468,7.507937921639703,-0.09704439327535007,0.11200380358100431,5.031335046577751,9.082821756658067,0.07745478386994126,-0.08822468299102437,2.3539209907907623,4.933293400835529,0.1532780941991371,-0.3861440669436007,8.413830772524756,5.628650499475532,-0.1499688671144522,0.7324261975173673,5.7728731007528875,0.9919582311217733,0.02192425878348122,0.28902981607999667,4.908811938943251,4.409327507055986,0.08926158899584359,0.020421106443602184,3.846951924662091,3.49349019304156,-0.5982437773323461,0.18400834331233026,7.582024582482403,5.05686623603606,0.0456882687265614,-0.024444735824873467,5.874295225549208,2.4421933804726748,0.4945646690213952,0.2586203020009017
363,8.208277612645663,8.762740097382853,0.032036070470343576,0.0031807315341456656,2.100069680964899,4.029989801719676,-0.10566037246686318,-0.006401419830770391,9.321873354505822,5.241297343517952,-0.10756315940262037,-0.20337645458695747,2.7139914967755963,8.765372589619238,-0.002300929990132078,-0.00591822523312319,8.77690739040198,0.766277684001377,0.0070321522932214366,0.030766584098855437,6.037906194404923,1.7496727097869844,-0.07247165078895956,-0.5879475828627818,2.042789864178224,7.828759843964446,0.026798266770172403,0.011007081860125787,8.436709171452366,2.374100385130364,0.026580626672849123,-0.004489270174269352,0.9578031973231534,3.181039122817843,0.07732085901141486,-0.09898995168336681,2.8056598348350117,3.209154641759427,-0.8646766369961525,0.6452662753083556,5.522505911178941,8.005453638679958,0.21160019657193557,-0.05714656462167306,4.5592527620237,7.513538111818754,-0.10357698639608048,0.11127164512084599,5.035207785771248,9.078410522508516,0.07637728254575636,-0.08759769116154344,2.361584895500719,4.913986197488349,0.13829352102452866,-0.38963260510167075,8.406332329169034,5.665271809351401,-0.13283776989206558,0.7186347418863976,5.773969313692062,1.006409721925773,0.023345855202238846,0.3017406777718416,4.913275018393043,4.410348562378166,0.08886372771913754,0.019102498328159648,3.8170397357954737,3.5026906102071766,-0.538093768026414,0.17788633325034092,7.5843089959187315,5.0556439992448166,0.04558594073040309,-0.027558505111869535,5.8990234590002775,2.45512439557272,0.45855409519053175,0.22857487277977562
364,8.20987941616918,8.76289913395956,0.03236733581710752,0.005622474111204518,2.094786662341556,4.029669730728138,-0.10683962225507905,-0.0010262677762713232,9.31649519653569,5.231128520788604,-0.10222223685870276,-0.2030086859128275,2.7138764502760897,8.765076678357582,-0.0015729285513010386,-0.007096911569054357,8.777258998016642,0.7678160132063198,0.0073771168579397466,0.0303803267485839,6.034282611865475,1.7202753306438454,-0.0639311912169199,-0.5656865305390736,2.0441297775167326,7.829310198057452,0.025317044986588717,0.010476703923628447,8.438038202786007,2.3738759216216505,0.026910125427958242,-0.0023183992093654764,0.9616692402737241,3.1760896252336748,0.05497786514145163,-0.0963856810900364,2.762426002985204,3.241417955524845,-0.7646766369961525,0.5452662753083556,5.533085921007538,8.002596310448874,0.21387554655635646,-0.06114828088870296,4.554073912703896,7.519101694074796,-0.10972967218105638,0.11029867715798944,5.039026649898536,9.07403063795044,0.075117499616202,-0.08675390437437284,2.3684995715519457,4.894504567233265,0.12329576335357134,-0.3917886578374871,8.399690440674432,5.70120354644572,-0.11560459542670679,0.7036691296571063,5.775136606452174,1.021496755814365,0.02524027327543151,0.31528104581388544,4.917718204779,4.411303687294574,0.0882416228098601,0.01752196696815962,3.790135047394153,3.5115849268696935,-0.4788267550560797,0.17161598356528984,7.586588292955252,5.054266073989223,0.04534134868679256,-0.030707236930040148,5.921951163759804,2.4665531392117086,0.4210407290684961,0.2025027384952478
365,8.211497782960036,8.763180257665121,0.03262228256831572,0.008007384710949339,2.089444681228802,4.029618417339324,-0.10752431645262114,0.004249031375781433,9.311384084692756,5.220978086492963,-0.09668322328308163,-0.20242109245630116,2.7137978038485246,8.764721832779129,-0.0008617965534682935,-0.008217850141157295,8.777627853859538,0.769335029543749,0.007703753400184121,0.029925575107109387,6.031086052304629,1.6919910041168917,-0.055885462139465644,-0.5478797134676596,2.045395629766062,7.829834033253634,0.023817608304357956,0.009930577886073964,8.439383709057406,2.373760001661182,0.027163847185889413,-0.00017326615156900566,0.9644181335307968,3.171270341179173,0.032894125671618646,-0.09378537969006522,2.7241921711353965,3.2686812692902625,-0.6646766369961525,0.4452662753083556,5.5437796983353556,7.999538896404439,0.2154923944155413,-0.06480022657326065,4.548587429094844,7.524616627932695,-0.11549489762783133,0.10909557028726687,5.042782524879346,9.06969294273172,0.07368359749207325,-0.08570368977175222,2.3746643597196244,4.874915134341391,0.10830580703262183,-0.3926934522433154,8.393910210903096,5.736387002928575,-0.09827692231928602,0.6875930742994489,5.776398620115946,1.0372608081050594,0.027903848489447717,0.33024512055907185,4.922130285919493,4.412179785642983,0.08739149225525011,0.015714311705778646,3.7661937096413487,3.520165726047958,-0.42078419062514677,0.16505630926555717,7.588855360389592,5.052730712142721,0.04496742773783868,-0.03387014884358586,5.943003200213229,2.476678276136471,0.3827266097020707,0.17949848059972587
366,8.213128897088453,8.76358062690067,0.03280037431630616,0.010330680243098217,2.084068465406171,4.029830868908113,-0.10762952989041114,0.009367149210704112,9.306549923528602,5.210857031870147,-0.09100084674674311,-0.20160436423093567,2.713754714020851,8.764310940272072,-0.00016910442854856534,-0.009281061284191212,8.778013041529547,0.7708313082991045,0.008011780937422542,0.029404976571318825,6.028291779197656,1.6645970184435088,-0.0490990641659219,-0.5346886282993751,2.04658651018128,7.830330562147937,0.022303978761859765,0.00936875515539895,8.4407419014167,2.3737513383536037,0.027344167972837372,0.001938796893671537,0.9660628398143777,3.16658107219467,0.011153793855297071,-0.09118680932035113,2.6909583392855887,3.2909445830556803,-0.5646766369961526,0.34526627530835563,5.554554318056133,7.996298885075776,0.2164552296495953,-0.06810304379646151,4.542812684213452,7.530071406447059,-0.1208655228558185,0.10767341242247058,5.04646670475395,9.065407758243133,0.07208405736648432,-0.08445768496241524,2.3800796500712553,4.855280461729225,0.09333798770445689,-0.3924373230612341,8.38899636478713,5.770766656643548,-0.08086842947532658,0.6704648373610507,5.777793812540418,1.053773064133013,0.03176214463247879,0.34744074290673155,4.926499860532255,4.412965501228272,0.08631395133007444,0.013714207745371704,3.7451545001100914,3.528418541511236,-0.36421387804726113,0.15810098742505035,7.591103731776483,5.051037204700542,0.044479262797303576,-0.03702338237659549,5.962139530698333,2.4856532001664573,0.3440720887375051,0.15886832954735858
367,8.214768915804267,8.764097160912824,0.032901265145242775,0.01258779284528848,2.0786869889116506,4.030299226368649,-0.10709511811445903,0.014302680826702795,9.301999881191264,5.2007768136586,-0.08522549913048189,-0.20054706294860775,2.7137462587994237,8.763846887207862,0.0005035808990746219,-0.010286678469608665,8.778413630576418,0.7723015571276705,0.008300987902781283,0.028821398919207028,6.0258368259893595,1.6378625870285402,-0.04439608384870815,-0.5267563116118354,2.047701709119373,7.830798999905707,0.020779935772303772,0.00879129008864162,8.442109109815343,2.3738482781982873,0.027453263745483073,0.0040110004160004865,0.9666205295071425,3.1620217317286525,-0.01016201453461333,-0.08858414084048043,2.6627245074357813,3.308207896821098,-0.4646766369961526,0.24526627530835562,5.565377079538613,7.992893732885952,0.2167698073330867,-0.07105817712634123,4.53676940807066,7.535455077068182,-0.12583491344406142,0.10604357758178568,5.050070907622274,9.061184873995012,0.07032764691604522,-0.08302676267659795,2.3847465494564783,4.835658595576163,0.07839914257873859,-0.3911187621173068,8.384952943313365,5.8042898985116,-0.06339888283476725,0.6523391021465499,5.7793819197720415,1.0711451012783495,0.03744523015873783,0.36798889466779955,4.930815558098758,4.413651211615541,0.08501318356270357,0.011555696481558346,3.7269438062077285,3.5363235908824886,-0.30926636245786104,0.15069330422162502,7.593327694916349,5.049186035581712,0.04389278554653589,-0.04014076308945928,5.979343135135208,2.493596616643825,0.3053881933291293,0.14008971249298896
368,8.21641397906153,8.764726550555089,0.032924793431106145,0.014774371051925507,2.0733322330059276,4.0310143604099835,-0.10589346476874595,0.019074322006268535,9.29773860623474,5.19074946051117,-0.07940256078145054,-0.19923688659657174,2.7137714378443776,8.763332553284382,0.0011547100309746302,-0.011234945412533377,8.778828679971557,0.7737426270736308,0.008571233804301092,0.028177917458153172,6.023617021796924,1.6115247714479484,-0.042848500924717904,-0.5253359186874085,2.048740705907988,7.831238564410139,0.019249029938476523,0.00819824670047208,8.443481773002617,2.3740488282190872,0.027493131794463995,0.006037080032941535,0.9661124287804118,3.1575925246866285,-0.030975983395226687,-0.08596831794104334,2.6394906755859737,3.3204712105865157,-0.3646766369961526,0.14526627530835562,5.576215569905267,7.989340824029635,0.21644321984896117,-0.0736678275948433,4.530477662398457,7.5407572559472715,-0.13039704330401353,0.10421760332038421,5.0535872899680765,9.057033535861182,0.06842338687949136,-0.08142199355807732,2.388666506585415,4.816102657470298,0.06348794457599544,-0.3888433985699587,8.381782999171627,5.8369068536189275,-0.045893816655785395,0.6332688707953631,5.781254181279978,1.0895445460117394,0.045918876202714384,0.39348983185454256,4.935066217276893,4.414228996439618,0.08349621410818833,0.009271848855271863,3.7114804880848355,3.5438582560935696,-0.2560016615215215,0.14283380263429277,7.595522334193675,5.047178997427239,0.04322369967415639,-0.04319472759026697,5.994612544801664,2.5006011022684747,0.2668939158993895,0.12277355392653475
369,8.218060218733084,8.765465269107686,0.03287097613979624,0.016886280637239594,2.0680375597674905,4.031968076510297,-0.10403225835469963,0.023752091866816996,9.293768478195666,5.180787616181341,-0.07357214567187594,-0.19766175679442435,2.713829173345926,8.762770806013755,0.0017827655765332504,-0.012126212915321575,8.779257241661773,0.7751515229465386,0.008822454525884895,0.027477802638545462,6.021474596750688,1.5852579755135778,-0.046054266778732006,-0.5325537641718986,2.049703157404912,7.831648476745163,0.01771459968771245,0.007589706704124056,8.44485642959234,2.3743506822207343,0.02746561040423109,0.008011283193442034,0.9645636296106505,3.1532941087895763,-0.05121514390657364,-0.08332757417739364,2.621256843736166,3.3277345243519334,-0.2646766369961526,0.045266275308355614,5.587037730897715,7.985657432649893,0.21548397185745088,-0.07593491608195956,4.523957810233257,7.545968136113291,-0.13454660341516458,0.10220708017201725,5.057008459312051,9.052962436183279,0.06638051675954434,-0.0796546069278342,2.3918409038142148,4.7966604875418,0.048594432617655794,-0.385723085781673,8.379488308338837,5.868570297158696,-0.028384044341842562,0.6133071768266881,5.783550125090114,1.1092190376044666,0.05872751069914045,0.42631746706755674,4.939241027982303,4.414692588882382,0.08177228811676301,0.006894561193559553,3.6986804050087594,3.5509999462252844,-0.20440409602290568,0.13457997078893932,7.597683519177383,5.045019261047726,0.042486682220630276,-0.0461572919672553,6.0079572405966335,2.5067397799648012,0.22875145164705823,0.10663278596640556
370,8.219703767540075,8.766309583139549,0.03274000391500897,0.018919605275869587,2.0628359468497557,4.033155681103637,-0.10155044136129118,0.02845656736449078,9.290089870912073,5.1709045283416195,-0.06776915964219488,-0.19581069110383606,2.7139183116247527,8.762164495367989,0.0023862768214844617,-0.012960935033830206,8.779698364388066,0.7765254130784658,0.00905466837754625,0.02672451115307945,6.019171883411752,1.5586302873049829,-0.05664337946417623,-0.5519442740254599,2.0505888873892975,7.832027962080369,0.016179790004499414,0.006965779160702775,8.44622971011255,2.3747512463804066,0.027372391974329613,0.009928355839458464,0.9620028724153218,3.1491277300807066,-0.07081118955922072,-0.0806480633216145,2.6080230118863583,3.329997838117351,-0.16467663699615262,-0.05473372469164439,5.597811929490588,7.981860686845795,0.21390205446125224,-0.07786305639216007,4.517230480062499,7.551078490121892,-0.13827911148052574,0.10002355534948953,5.060327485150029,9.048979705836887,0.06420845996997734,-0.077735949590052,2.3942706254450976,4.777374333252716,0.033699704158479886,-0.3818752953072476,8.378069106121746,5.89923565600003,-0.010905093927838377,0.592508479623814,5.786486500625071,1.1305349109578444,0.07847885078621844,0.47017911961374675,4.943329642388141,4.415037316942059,0.07985234742635701,0.004454448547886628,3.688460200207614,3.5577289447647313,-0.15440189129398574,0.12603889732872878,7.599807853288414,5.042711396449363,0.04169486058975125,-0.04900096413931332,6.0193948131789865,2.5120714192631217,0.19108777851284747,0.09145741048809661
371,8.221340767735825,8.767255563403342,0.03253223717641282,0.02087064713945494,2.057758424781691,4.034578509471862,-0.09850705912119374,0.03334887647570105,9.286701412929963,5.161113993786428,-0.062023572417525465,-0.1936744552907203,2.714037625465827,8.761516448616296,0.002963834334575259,-0.013739664256667219,8.780151097806943,0.7778616386361198,0.009267979507039083,0.02592168375835185,6.016339714438543,1.5310330736037099,-0.07935249373178734,-0.5895909917900097,2.0513978768895225,7.832376251038404,0.014647572547241826,0.006326611888269756,8.447598329711267,2.3752476641723796,0.027215025255850275,0.011783524527987026,0.9584623129373607,3.145095326914626,-0.08970057039339491,-0.07791456360209889,2.599789180036551,3.327261151882769,-0.06467663699615261,-0.1547337246916444,5.60850703221365,7.977967534026186,0.2117090146032141,-0.07945653780201394,4.510316524488473,7.5560796678893665,-0.1415910177667975,0.09767845196460848,5.063537908148527,9.045092908357384,0.06191678875576241,-0.07567744291764464,2.3959556106530218,4.758280568487354,0.01877568452903408,-0.377423020048991,8.377523851425353,5.928861079981221,0.006503374493472283,0.5709296753094809,5.790410443164382,1.1540438669385318,0.10990547599929693,0.5312756270598045,4.947322259759459,4.415260039369453,0.07774859264842945,0.0019808079867262257,3.680740105642915,3.5640308896311677,-0.10588812559929232,0.11735492724631541,7.601892596317902,5.040261348242397,0.04085953404200476,-0.051699535314024166,6.028949202104629,2.5166442897875267,0.15400785700640682,0.07709527203386626
372,8.222967379594646,8.768299095760314,0.032248203422506415,0.022735927603401124,2.0528330718256314,4.036245953295647,-0.09496469894072807,0.038612934125953735,9.283600234309088,5.1514302710218915,-0.056360819741174864,-0.1912460119597419,2.714185817182556,8.760829465403463,0.003514104190913421,-0.014463045528233479,8.780614496782295,0.7791577228240374,0.009462573225734534,0.02507315410380508,6.012372089751954,1.5015535240142095,-0.12366016756247258,-0.656795699785552,2.0521302555168845,7.832692581632818,0.01312076634136505,0.00567240452701699,8.44895908097406,2.375836840398779,0.026994901811084913,0.013572467245243497,0.953977284417691,3.141199598734521,-0.1078244032397806,-0.07511122175240607,2.5965553481867434,3.319524465648187,0.03532336300384739,-0.2547337246916444,5.6190924829438105,7.973994707136086,0.20891801594793558,-0.08072031615726337,4.503236973600133,7.560963590487597,-0.1444798030436674,0.09518300426666165,5.066633747586315,9.041309036211501,0.05951518914502544,-0.07349053851395734,2.3968943948794736,4.739409417484905,0.003784839914792325,-0.37249536910347153,8.377849020150027,5.9574075637466954,0.023798142220121048,0.548630713017887,5.795905716964347,1.180607648291522,0.1624921818300591,0.6209850722055239,4.951209689391881,4.415359079768789,0.07547411333750949,-0.0004983674117454489,3.6754456993629505,3.5698986359934834,-0.05874028791516241,0.1086947622849846,7.603935573020002,5.037676371476696,0.03999009374271569,-0.05422871587002061,6.036649594954949,2.52049905338922,0.11760272308837227,0.06343736171630866
373,8.224579789765771,8.769435892140484,0.031888595991272896,0.024512188458115963,2.048084836878595,4.038176600001945,-0.09097077684731436,0.044434087202633386,9.280782193322029,5.141867970423904,-0.05080226948181351,-0.18852079378833608,2.7143615223921014,8.760106313127052,0.004035841277429627,-0.015131809071174746,8.781087625443583,0.7804113805292276,0.00963869165482482,0.024182974908634726,6.00618908137383,1.4687137390249319,-0.21148048128537061,-0.756795699785552,2.052786293833953,7.832976201859169,0.011602057992488724,0.005003422830684492,8.450308826064614,2.376515463761041,0.026713220845457512,0.015291259120933431,0.948586064255702,3.1374440376469006,-0.1251282523427776,-0.07222231019380922,2.5983215163369358,3.3067877794136047,0.1353233630038474,-0.35473372469164444,5.629538383741207,7.969958691328223,0.20554388778226973,-0.08166001163754419,4.49601298344795,7.56572274070093,-0.14694406563957782,0.09254820902022592,5.069609507043566,9.037634509285803,0.05701342602287457,-0.07118667261381491,2.3970836368752133,4.720784649029731,-0.011320339184046103,-0.3672290058724601,8.379038927261034,5.98483909939759,0.04093299004972882,0.5256748448207275,5.80403032605585,1.2116569019017982,0.25816486465071614,0.7209850722055239,4.954983395058757,4.415334161398202,0.07304256403677112,-0.0029563340148581023,3.6725086849671924,3.575333374107733,-0.012836766979256023,0.1002322374989323,7.605935077707138,5.0349649356831945,0.039094093551807464,-0.056566603971429555,6.042529731109368,2.5236709214750355,0.08195448101787295,0.0504064075793318
374,8.226174219565335,8.77066150156339,0.031454274775661005,0.026196394726111412,2.0435362980362295,4.040398304362077,-0.08654041997195898,0.05097979682778737,9.278242079847939,5.132441930734488,-0.04536570025057611,-0.1854968338800778,2.714563314455973,8.759349722673493,0.004527900630479535,-0.015746762021133325,8.781569560026323,0.7816205292746594,0.009796559590328905,0.02325547042546268,5.9956150573095615,1.4308739540356543,-0.31148048128537065,-0.8567956997855519,2.0533663967335776,7.833226373000703,0.010094019789838928,0.004320013356861796,8.451644487106886,2.377280026717088,0.026370928372183276,0.01693625860216515,0.9423296516385632,3.13383292213721,-0.14156184324130192,-0.06923297786045324,2.605087684487128,3.2890510931790224,0.2353233630038474,-0.4547337246916444,5.63981557813032,7.965875690746346,0.2016031585411251,-0.08228190963920524,4.488665780165971,7.570350151151941,-0.14898359651683457,0.0897847934617929,5.07246017834471,9.034075175655113,0.05442130799287413,-0.06877721882179919,2.396517619916011,4.702423198736108,-0.02659829238891325,-0.3617705559048167,8.38108557676352,6.011122841638626,0.0578592483441117,0.502128563592508,5.816938569288386,1.2477061555120743,0.3581648646507162,0.8209850722055239,4.958635523260595,4.415186344697459,0.0704678519620565,-0.00536750163891023,3.67186684661823,3.5803449859826797,0.03193036797393221,0.09213441758189368,7.607889782384729,5.032136605484623,0.03817743252631307,-0.05869398686121912,6.0466274551602615,2.526191241854002,0.047139360208766294,0.03794729760684716
375,8.227746933304118,8.771971321299697,0.03094623032999056,0.027785670771884242,2.0392092770376316,4.042947294203466,-0.08164358528523494,0.058387541566050305,9.27597379483541,5.123167089040484,-0.04006594096459848,-0.1821748613612296,2.714789709487497,8.758562384572436,0.004989286412928169,-0.016308846238204278,8.78205938800584,0.7827833027959326,0.009936291346010744,0.022295973471664572,5.980041033245293,1.3880341690463767,-0.4114804812853706,-0.9567956997855519,2.0538710977230696,7.833442373668546,0.008599187228286766,0.0036225488855730547,8.452963033525496,2.378126839647196,0.025967970332365187,0.01850413692065337,0.9352515594764981,3.1303712732441875,-0.15707859493075166,-0.06612988572155139,2.61685385263732,3.2663144069444403,0.3353233630038474,-0.5547337246916444,5.649895736057377,7.961761595264385,0.1971140681700361,-0.08259309318827757,4.4812166003401295,7.574839390825031,-0.1505994059061607,0.08690305473753664,5.075181243744354,9.030636314714023,0.05174865957977564,-0.06627352664598651,2.3951877052965656,4.684334670940867,-0.042119754734940056,-0.3562802273387243,8.383978539180724,6.036229269818251,0.07452620442755563,0.4780611569586139,5.834846812520921,1.2887554091223505,0.45816486465071615,0.9209850722055238,4.962158915858698,4.414917969615514,0.06776401985739508,-0.007708131279116064,3.6734633650169264,3.5849517068617742,0.07564700604460223,0.08454953822132164,7.609798654011044,5.029201906141562,0.0372443527998239,-0.06059476387645492,6.0489844231707,2.5280886067343444,0.013227000919427044,0.026009764788242785
376,8.229294244820618,8.773360604838292,0.030365631285603358,0.029277407443479217,2.03512709777337,4.045866671281768,-0.07619846167369879,0.06676328604771947,9.27397049778718,5.114058345972422,-0.03491495033999816,-0.1785580478875044,2.7150391738081434,8.757746942260525,0.0054191131734362095,-0.016819062287999762,8.78255620257314,0.7838981014695158,0.010056697320848934,0.02130947253163959,5.959467009181024,1.3401943840570991,-0.5114804812853706,-1.0567956997855519,2.054301057084484,7.833623501112824,0.007120008038129804,0.0029115058035621096,8.454261432042115,2.379052046493229,0.02550505269551289,0.01999064811674746,0.9273976297299605,3.12706477895811,-0.17163557311044272,-0.06290187459032567,2.6336200207875127,3.2385777207098583,0.43532336300384744,-0.6547337246916444,5.659751439465879,7.957631940604972,0.19209654047181085,-0.08260128638252441,4.4736866300448215,7.579184543561908,-0.15179383462689225,0.08391300539441525,5.077768676723343,9.027322638381724,0.049005264897711495,-0.06368677352858096,2.3930817175598187,4.666520659573931,-0.05797058185223154,-0.3509364727877096,8.387704849402102,6.060132327666182,0.0908818699525559,0.4535444996961949,5.857755055753457,1.3348046627326267,0.5581648646507161,1.0209850722055238,4.9655471168515675,4.414532563051559,0.06494431178351738,-0.009955656281241666,3.6772457153191564,3.58917918377284,0.11837049155743674,0.07759830808660627,7.611660871651035,5.026172167947739,0.03629807126206245,-0.062255299662348274,6.049645773216672,2.5293890949737565,-0.01972348501904772,0.014527114450835196
377,8.230812526384899,8.774824475210465,0.029713804938274326,0.030669286445186714,2.031317174689685,4.049204835584154,-0.07006952892616397,0.07619079505975025,9.272224750270182,5.105130443578047,-0.029922167976274148,-0.1746517249635734,2.715310129466815,8.756905989146125,0.00581660591324966,-0.017278488428624294,8.783059037439182,0.7849635750960977,0.010155698922548308,0.020300161626849056,5.9338929851167554,1.2873545990678215,-0.6114804812853706,-1.156795699785552,2.0546570574863905,7.833769076403002,0.005658856303310275,0.0021874383823623322,8.45553668467689,2.3800515788990664,0.024984523131600444,0.021390960954913392,0.9188158510744384,3.1239196852285938,-0.1851933115568492,-0.05954058119325129,2.655386188937705,3.205841034475276,0.5353233630038474,-0.7547337246916443,5.669356266489469,7.953501876285846,0.18657211879516775,-0.08231487615018973,4.466096938313477,7.583380193831629,-0.15257061297570426,0.08082432991911315,5.080218939968229,9.024138299705296,0.04620080970953818,-0.06102793531749718,2.390183188467207,4.648973835934545,-0.07425572469088147,-0.345942401148924,8.39224894289973,6.082809552650992,0.10687348622561077,0.4286525307151838,5.8856632989859925,1.385853916342903,0.6581648646507161,1.120985072205524,4.968794332440743,4.414034780237497,0.062020717640910446,-0.012089004080419552,3.683164239897028,3.5930590991771707,0.1601263385213321,0.07136757824686382,7.613475775214138,5.023059402964622,0.03534092005657937,-0.06366415661680312,6.0486595989657195,2.5301154506962984,-0.051668576187712555,0.0034134131141354968
378,8.232298216631813,8.776357939532724,0.02899223506491975,0.03195928722546124,2.027813698243377,4.053014375337142,-0.06306829191425854,0.08675045044767618,9.270728641871369,5.096397857329868,-0.025094838781884232,-0.17046317375353692,2.7156009597624777,8.756042064724694,0.006181107283673334,-0.017688279237815643,8.783566822385309,0.7859785831774402,0.010230300833149927,0.019271256433131195,5.903318961052487,1.229514814078544,-0.7114804812853706,-1.0567956997855519,2.054940000301556,7.83387844832212,0.004218047088848659,0.0014509803394034213,8.456785910833469,2.381121126946812,0.02441063092178599,0.022699650814756514,0.909556185496596,3.120942656168931,-0.1977158865398196,-0.05604091633624729,2.6821523570878973,3.1681043482406936,0.6353233630038474,-0.8547337246916443,5.678684872429228,7.949386132478336,0.18056391684390483,-0.08174292556274808,4.458468407664692,7.587421410327584,-0.15293487100511136,0.0776463752699882,5.082528980453706,9.021086902939421,0.04334484524747636,-0.05830775085993896,2.3864704022326633,4.6316767158770995,-0.0911053615756281,-0.3415342001842508,8.39759261721101,6.104242179186751,0.1224480693477126,0.4034605777403736,5.918571542218528,1.441903169953179,0.7581648646507161,1.0209850722055238,4.971895368322789,4.413430330033476,0.059003699456640836,-0.014088681197511594,3.691170556823095,3.596627478089514,0.20090667177968272,0.06590705337048793,7.615242821216968,5.019876195133781,0.03437455979962079,-0.06481191734734229,6.046076170156334,2.530286121352005,-0.0825823072148656,-0.007445650578835374
379,8.23374782838506,8.777955903893998,0.028202559911626606,0.03314569379201228,2.024660283647664,4.057351897859526,-0.05495321733340165,0.09854513152661515,9.269473899932274,5.087874698642191,-0.020438289753497735,-0.16600139291778798,2.7159100151266613,8.755157650762802,0.006512083234500018,-0.01804966483633255,8.784078337426966,0.7869421459990967,0.010276579275599591,0.018224832735610885,5.867744936988219,1.1766750290892662,-0.6114804812853706,-0.9567956997855519,2.055150902655998,7.83395099733909,0.0027998484805392392,0.0007028440204556478,8.458006442379558,2.3822561094875496,0.023789750406008232,0.0239106824803078,0.899670391169605,3.1181406103521185,-0.20917116653636553,-0.05240141564485772,2.7139185252380895,3.1253676620061115,0.7353233630038474,-0.9547337246916443,5.687713068271424,7.945298986200199,0.17409655098562127,-0.080895184505797,4.450821664114437,7.591303729091083,-0.15289313180366126,0.07438814617006666,5.0846962227160795,9.018171515396425,0.04044675346783756,-0.0555366897598959,2.381915134153882,4.614600005867887,-0.10868418970861349,-0.3379927025931258,8.403715020678396,6.12441520807377,0.13755296453310462,0.3780446624703301,5.956479785451064,1.4929524235634553,0.6581648646507161,0.9209850722055238,4.974845553295621,4.4127258959736,0.05590192438186692,-0.0159368911365228,3.701215890412079,3.599922830758038,0.2406701411752906,0.06122850026833495,7.616961549206948,5.016635599266414,0.033400170915641965,-0.065690959360158,6.041947054795591,2.5299138388230635,-0.11245624021098893,-0.01821298318602589
380,8.235157956380641,8.7796131885836,0.027346520498010864,0.03422700848035927,2.021912622780994,4.062279154435857,-0.045424973705226815,0.11173198966980014,9.2684519854446,5.079574628996302,-0.01595655425603032,-0.16127686085019005,2.716235619288386,8.754255167520986,0.0068091911634891224,-0.018363983850751074,8.784592166390745,0.7878533876358773,0.010291788590516235,0.017161049841837566,5.83717091292395,1.1288352440999887,-0.5114804812853706,-0.8567956997855519,2.055290895080025,7.833986139540113,0.0014065718798742745,-5.6191365111057196e-05,8.459195929899858,2.383451643611565,0.023130730658193637,0.025019949716483254,0.8892118328427867,3.1155205395698755,-0.2195314014635127,-0.04862425981561066,2.750684693388282,3.0776309757715294,0.8353233630038474,-1.0547337246916444,5.696417895820705,7.941254226974909,0.1671960981332648,-0.07978228592328941,4.443177007524254,7.595023136399587,-0.15245316775328285,0.07105814894204641,5.086718560389471,9.01539468090843,0.03751575320329775,-0.052725022122038404,2.3764809246684515,4.597700370738231,-0.12720536897561294,-0.33565963549966715,8.410592668905052,6.143317441197286,0.15213610966281257,0.3524805931223952,5.989388028683599,1.5390016771737314,0.5581648646507161,0.8209850722055239,4.977640649514714,4.411929051416774,0.05272365134249906,-0.017618953192328885,3.7132493974708436,3.602984255771455,0.27934410082023997,0.05730839817215738,7.61863155775273,5.0133510512984065,0.03241785405540802,-0.06629590999698812,6.036324242785041,2.5290031896637624,-0.1412841800269118,-0.02904415886703682
381,8.236525282405543,8.781324539007617,0.02642603370871482,0.03520187121809764,2.0196413740957326,4.067865753919347,-0.034113510072014325,0.12656016204445458,9.267654157731798,5.071510785953793,-0.011652924197629904,-0.15630198043252863,2.7165760788465607,8.753336968328448,0.007072280962798524,-0.018632572194625063,8.785106755820271,0.7887114401279692,0.010275312884518587,0.016081735664393217,5.811596888859682,1.085995459110711,-0.44260287121370917,-0.756795699785552,2.055361223674019,7.833983329971858,4.0526475815448604e-05,-0.0008251442624444241,8.460352466432768,2.3847026410973893,0.02243951002297897,0.026025476839882614,0.8782352627696111,3.113089326579095,-0.22877406508210876,-0.04471560385661122,2.7924508615384744,3.024894289536947,0.9353233630038473,-1.1547337246916445,5.704777700727369,7.937265112678745,0.15989017573150044,-0.078415676287735,4.43555434913659,7.598576043846689,-0.15162384644510174,0.0676646064912254,5.088594348049636,9.012758429802329,0.034560957837353565,-0.049882726203786684,2.370120656219671,4.580917388963248,-0.14695305849363846,-0.3349619285191094,8.418199474388192,6.160941470853406,0.166146696691972,0.32684283531928326,6.017296271916135,1.5800509307840076,0.496367312136043,0.7209850722055239,4.980276832081839,4.411048103757158,0.04947751560239092,-0.019120639899543376,3.7272166025118554,3.6058496756800626,0.3168238855285373,0.05409310408978529,7.6202524504555,5.010036255798557,0.031427226713577346,-0.06662472304129534,6.029260033783696,2.5275509817204105,-0.16903221696468607,-0.040074146936212654
382,8.23784658409098,8.783084632568523,0.02544318797292844,0.03606909485131139,2.0179356985921317,4.07419376202157,-0.02054963823390156,0.14341877466736563,9.267071511521916,5.063695686932166,-0.007529999383849258,-0.1510907749866482,2.7169296928947007,8.752405339718717,0.007301382738906635,-0.01885678136704864,8.785620521464496,0.7895155269111889,0.010227663458168489,0.014989866135218298,5.789466745298996,1.0481556741214335,-0.39558242398622584,-0.6663453755908207,2.05536324999781,7.833942072758735,-0.001295983886639944,-0.0016028691261548533,8.461474441933918,2.3860039149393835,0.021720004157052133,0.026926563055239973,0.8667965595155056,3.1108535463862643,-0.23688227381750812,-0.04068539950559792,2.8392170296886667,2.9671576033023648,0.9546666264036819,-1.1569838514132393,5.712772209513943,7.933344328864358,0.1522077879567702,-0.07680759478789137,4.427973156814335,7.601959274171251,-0.15041513140096757,0.06421545090675898,5.090322395941503,9.01026429349214,0.031591323413237525,-0.04701946271760819,2.362773003294989,4.564169292537292,-0.16831665616192626,-0.3364502979008279,8.426506809222792,6.17728361261937,0.17953576029380988,0.301204089964475,6.042114637522937,1.6161001843942837,0.45629857309697314,0.6540281262348924,4.982750707861959,4.410092071762181,0.0461717327893235,-0.020428688540789566,3.7430577967882823,3.608554330884552,0.3529760241524841,0.05150273523627918,7.621823811791179,5.006705019646492,0.03042760116505061,-0.06667811476317256,6.0208084229354615,2.5255472743736,-0.19564320831024715,-0.051414486078862974
383,8.239118743489625,8.784888087311089,0.024400212689748516,0.036827704012333325,2.0169082166804366,4.081364700754938,-0.004113309018070558,0.16290527294065812,9.266695011552724,5.056141148182834,-0.0035897437643145676,-0.14565842952760955,2.717294762031646,8.751462500650364,0.00749669893046319,-0.01903801554752769,8.786131904637404,0.7902650202179498,0.010150714267917513,0.013888524703050603,5.769687624099684,1.0148384053418924,-0.3579199562017325,-0.5995482800761169,2.0552984508034777,7.833861929302428,-0.0026006527615128863,-0.0023881138109297312,8.46256044214177,2.3873502430921456,0.02097590444765305,0.027724059508345292,0.8549524458246301,3.1088192764109843,-0.2438452010423311,-0.0365469863031289,2.886950361008851,2.9093084107317027,1.054666626403682,-1.0569838514132393,5.720382598911781,7.929503949124963,0.14417913617279454,-0.07497107922903012,4.420452400244286,7.605170046716589,-0.14883807070136362,0.060718271805203325,5.091901962112165,9.00791332035626,0.02861558845835071,-0.04414457498799563,2.354357170486893,4.54734677764225,-0.19184610363925556,-0.34086159202113525,8.435483597237482,6.192343817117594,0.1922566481927248,0.2756349919269499,6.064929566177786,1.6488015907060283,0.4254331609084702,0.6109191979132984,4.985059294501425,4.409070637335141,0.042813535546544434,-0.02153179152270799,3.7607065979959065,3.611129467646366,0.3876424371191912,0.04943577524433535,7.623345191849432,5.003371113908333,0.029417888846035276,-0.06645892232257176,6.011026262519949,2.522976550069657,-0.22104388744233477,-0.06314563232141172
384,8.240338754124112,8.786729472511706,0.023299800988577816,0.037476912111373495,2.016702551229533,4.089509964401971,0.016047059384143345,0.18594874172379358,9.266515524364507,5.048858226706454,0.00016662349415146743,-0.1400215175412206,2.7176695969781695,8.750510599872987,0.00765893359124337,-0.019176633528733344,8.7866394403508,0.7909594464531022,0.010045400948958347,0.012780160768886988,5.751791626289598,0.9848609913380866,-0.32482268338237896,-0.5433215631373467,2.055168418165402,7.833742523611881,-0.0038710146754915684,-0.0031777027840227934,8.463609237364153,2.388736446067563,0.020210578376211794,0.028418361966910863,0.8427601857725135,3.106991927095828,-0.24967028561639207,-0.03232347129152525,2.939683692329035,2.856459218161041,1.154666626403682,-0.9569838514132393,5.727591555720421,7.925755395163511,0.13583629244368436,-0.07291964947400774,4.413010496709218,7.608205960306849,-0.14690358649514967,0.05718125993444575,5.093332741535082,9.005706091606859,0.025642811689217213,-0.041266637090490284,2.34476486530493,4.530303698041194,-0.21834492927442156,-0.34920519858592874,8.44509642964712,6.206125566713942,0.20426588501783308,0.25020341931835727,6.086201224223209,1.6793475506016933,0.39892830784209105,0.5786238325953543,4.987199971278752,4.407994047759005,0.03941133600005872,-0.022425220565020193,3.7800887198518662,3.613601256408583,0.42066396627267844,0.047749223654030205,7.624816086291734,5.000048167792205,0.02839718497240388,-0.06597232078950685,5.999974068147832,2.519819268453586,-0.245149945052051,-0.07534830581213325
385,8.24150374417354,8.788603318117275,0.022145190076738267,0.03801660289489369,2.0175049041987405,4.098807401488161,0.04116623765335841,0.21397451567865297,9.266523855539216,5.041857150829393,0.0037392943560749293,-0.1341974252862256,2.7180525436577314,8.74955176819655,0.007788377556919929,-0.01927216816057377,8.787141710398249,0.7915984544915465,0.0099128446731563,0.01166668977924471,5.7355504921204785,0.9576949131812192,-0.29421153923955,-0.492470442908507,2.0549748674316275,7.83358363847268,-0.00510573297303606,-0.003967454176889739,8.464619766282963,2.3901573641659084,0.019428013621525634,0.029009296506352138,0.8302766714916939,3.1053757535312516,-0.2543639732684792,-0.028046780327289987,2.997417023649219,2.808610025590379,1.23863785987032,-0.8460356092363214,5.734383370342606,7.922109412689811,0.1272127297857375,-0.07066623013385755,4.40566531738446,7.6110650233035715,-0.14462355360980678,0.05361431409655886,5.094614882119544,9.003642759752335,0.022681875008603643,-0.03839290727230237,2.333847618841209,4.512843438111897,-0.24905347291747343,-0.3629648226080424,8.455309723898011,6.218635737679859,0.21552425378609597,0.2249748890912076,6.106147639615314,1.708278742231461,0.37463419384358976,0.5519987692773113,4.9891705380787545,4.406872786730754,0.0359817731071082,-0.023100814510432912,3.8011219181655003,3.6159887175912844,0.4518618944769195,0.04627832534700222,7.626235945540354,4.996749551752729,0.027366373330168364,-0.0652246612192331,5.98771657089523,2.5160518531629794,-0.267856811485211,-0.08811478363194836
386,8.242611003677377,8.79050414826202,0.020939747263285298,0.03844693641710551,2.0195632160814085,4.109506127272094,0.07319761060904934,0.2492584969628256,9.26671082025702,5.035147279565082,0.007129001749976998,-0.12820415317302752,2.7184419625355773,8.748588159788522,0.007885404969240662,-0.01932440410551437,8.787637352631906,0.7921817889805087,0.009754336890128208,0.010550062815406581,5.720839915158501,0.9330713910357938,-0.26506328308243327,-0.44461124023456333,2.054719580782976,7.833385265763836,-0.006303499011174064,-0.004753509540363232,8.465591166964039,2.391607828991226,0.018632154438699273,0.029496969760267527,0.81755847282827,3.103973414514887,-0.25794032818038165,-0.023745473152037188,3.059348916642735,2.7663082451285628,1.3102591151569682,-0.7302198649366356,5.740744006831893,7.918576101183119,0.11834254824022418,-0.06822437429478692,4.398434139703969,7.613745739008399,-0.14201104339560117,0.050026952989267306,5.095748975869974,9.001723114388719,0.019741270243438636,-0.03553029816841939,2.321394945195335,4.494695196981495,-0.28593556712203433,-0.384455648013279,8.466085936587316,6.22988448213442,0.22599622418595217,0.2000120225123525,6.124879349307493,1.7358786806953266,0.35143457358576274,0.5287083611966127,4.99096962673411,4.405717746005233,0.03254013937173133,-0.02355046157308626,3.8237150128893465,3.6183026338586344,0.4810567220210531,0.04486600221683625,7.627604264206862,4.993488318691767,0.02632648607477273,-0.06422347040172365,5.974323730320969,2.511646113981382,-0.2890394565564737,-0.10153332927553471
387,8.243657991040541,8.792426495082875,0.019686993376996635,0.03876831728758964,2.023223096611861,4.121969052120235,0.11543435552293095,0.2956286608282616,9.26706727034452,5.028737071906431,0.010336897028841698,-0.1220602454618455,2.718836232784039,8.747621939583246,0.007950542508081705,-0.019333254573918383,8.788125069476413,0.792709292121279,0.009571202197016376,0.009432268139071207,5.707586751004379,0.9108408290240657,-0.23684225627012917,-0.39856540192409506,2.0544044058324173,7.833147590286817,-0.00746297091736259,-0.005532113432866251,8.466522774685973,2.393082677479239,0.017826706231172242,0.029881751059974055,0.8046614564192509,3.1027861408572854,-0.26042165517734733,-0.01944491877660765,3.1248618724005834,2.729797251881731,1.2102591151569682,-0.6302198649366356,5.746661134243904,7.915164882468379,0.10926042807250973,-0.06560823864898595,4.391333587534189,7.616247086657863,-0.13908005722512437,0.04642837021342465,5.0967360393821455,8.999946599480298,0.016829166321862737,-0.03268535405374782,2.3070981668392334,4.475472414580831,-0.33229794365266013,-0.41752683414176645,8.477385747796614,6.239885083260037,0.23565024474066104,0.17537427090742005,6.142451077986781,1.7623140987551573,0.32867651506099194,0.5076070165247222,4.992596633702696,4.404540222926578,0.02910049656049479,-0.023767211929403925,3.847767848990399,3.6205459339694763,0.5080777966657325,0.04336608429664597,7.628920588510601,4.990277145171681,0.025278655217133312,-0.06297747291884058,5.959871757493145,2.506569447517605,-0.3085529419268395,-0.11567640664129775
388,8.24464234070939,8.794364910947255,0.018390583770472715,0.03898140506790051,2.0289948143880077,4.136750485161648,0.173901669097226,0.36003229952777716,9.26758411519596,5.022634059633338,0.013364502891245496,-0.11578462509062935,2.7192337599094434,8.74665527685455,0.00798443991085993,-0.019298814262663465,8.788603629586264,0.7931809055282326,0.009364840063091108,0.008315310523732557,5.695744638190872,0.8909125589278609,-0.2092622046939571,-0.35373408167669573,2.054031257286549,7.832870984615174,-0.008582798426110306,-0.0062997138961600335,8.467414109997533,2.394576765032238,0.017015187318712578,0.03016429717443412,0.7916403736603835,3.1018138949184553,-0.2618363880831412,-0.015166871327679776,3.185374828158432,2.6982862586348992,1.110259115156968,-0.5302198649366356,5.752124155647529,7.91188447053593,0.1000014271761458,-0.0628325258196638,4.384379584672932,7.6185685051685335,-0.13584550400161605,0.042827401572700485,5.097577497698238,8.99831233177761,0.013953362944434042,-0.029864262902118025,2.2904832696566,4.454596072873742,-0.3941811097393145,-0.4691350897947591,8.489168260033647,6.248653796805408,0.24445897594555438,0.15111782533383458,6.15888490373983,1.7876944495813933,0.30593506300562134,0.48810093387489695,4.994051658530721,4.4033518623301084,0.02567538462245748,-0.02374508721400132,3.8731717388236855,3.6227142381843085,0.5327679896761162,0.041649671233156646,7.630184521271458,4.987128271525739,0.02422412842386725,-0.06149638879190356,5.9444441103968035,2.50078562718554,-0.3262347700548624,-0.1305879225789044
389,8.245561869897914,8.796313981200651,0.01705417565472997,0.03908657574540946,2.037689897842869,4.154752100138037,0.2609368189043171,0.4565641902676307,9.268252340340522,5.016844828378807,0.01621265037593576,-0.10939702056898615,2.7196329819049865,8.745690336141417,0.007988641935449044,-0.019221360784199393,8.78907187158942,0.7935966710544192,0.009135506535672574,0.007201988400311741,5.685281527956175,0.8732258548440262,-0.1821766591136783,-0.3098133280182749,2.0536021173652435,7.832555998920366,-0.009660542612240246,-0.007052518622071277,8.468264869363468,2.3960849798909596,0.016198877355024763,0.030345862915462516,0.7785485542562265,3.1010555513520712,-0.2622306362936703,-0.010924823230654496,3.24088778391628,2.6717752653880673,1.010259115156968,-0.43021986493663567,5.7571242270063365,7.908742844244947,0.0906010896350857,-0.059913536046927,4.377587309472852,7.620709875247169,-0.1323221252971909,0.039231435782619464,5.09827516584546,8.996819118632505,0.011121682656082288,-0.02707346256803424,2.2707742141696343,4.431139318384004,-0.48392491279531463,-0.5533443011986465,8.501391208830926,6.2562096880721,0.25239870706396333,0.12729467696917893,6.174181656890111,1.8120994962751382,0.28289999542059596,0.469861315120107,4.9953354277618445,4.402164607969408,0.022271370374872982,-0.023490496926641416,3.8998101383074912,3.6247967217459665,0.5550168858634582,0.03959756499729417,7.631395727692651,4.984053452086144,0.023162456152730396,-0.059792258458470374,5.92813237189406,2.4942562310565948,-0.3419214718742404,-0.1462687801589073
390,8.24641457868065,8.798268309987922,0.015681570956055102,0.03908451081060537,2.0507367387880846,4.177580309651418,0.36093681890431706,0.5565641902676307,9.269062972859318,5.011374977350358,0.018882514708888524,-0.10291728878438913,2.720032414001759,8.744729268102207,0.007964683275977415,-0.019101316825766327,8.789528646916203,0.7939567704744348,0.00888351975740228,0.006095090158947156,5.67617269500049,0.8577351884431124,-0.15551742878555308,-0.2666638343362815,2.0531190902346315,7.832203372989262,-0.010693979925996158,-0.0077869724861036925,8.469074813231218,2.397602273036733,0.015378874186563769,0.030427940905610164,0.765437022441543,3.1005093101905383,-0.26165012426817263,-0.0067303240608748436,3.2914007396741285,2.6502642721412357,0.910259115156968,-0.3302198649366357,5.761654281488091,7.905747167442601,0.08109502958339604,-0.05686784246346292,4.370971203207993,7.6226714470363,-0.1285254471357247,0.03564772937413934,5.098831249978264,8.995465445504104,0.008341529882150346,-0.02431894710351419,2.2465779685298686,4.403472103324072,-0.5839249127953147,-0.6533443011986465,8.514011144184124,6.262574421920559,0.2594503102536413,0.10395351676964934,6.188326656661141,1.8355925620311435,0.2593336261430759,0.452673490816989,4.996448996280588,4.400990083123076,0.018894767801641246,-0.02301096702990434,3.927560982600664,3.6267765999958312,0.5747360607761507,0.03711457211841646,7.632553850500288,4.9810638391632205,0.02209343058401017,-0.05787785572393732,5.911036298300348,2.4869427920486493,-0.35544903479248563,-0.16266834032388336
391,8.247198657228452,8.800222535528452,0.014276706912900927,0.03897619926487689,2.0687835797333003,4.205408519164799,0.46093681890431704,0.6565641902676307,9.270007098594762,5.0062291129111385,0.021375590386282554,-0.0963653029165746,2.7204306481655576,8.743774202260918,0.00791409024051992,-0.01893923674474262,8.789972822904073,0.7942615249823821,0.008609249140356375,0.004997380995940945,5.6683968235612125,0.8444019967262983,-0.12926263683485978,-0.22423965644345362,2.0525843912383315,7.831814024364957,-0.011681099496288294,-0.008499737402390498,8.469843756940547,2.3991236700820133,0.014556101661835236,0.030412245979336533,0.7523545162281343,3.1001727939874946,-0.2601403504457523,-0.00259349423376847,3.336913695431977,2.633753278894404,0.810259115156968,-0.23021986493663568,5.76570903296726,7.902903775319428,0.07151877245708708,-0.05371221531410246,4.364544930851206,7.624453833505007,-0.12447167735944407,0.03208339933310661,5.099248326472372,8.994249498148928,0.00561988717041877,-0.021606270855626684,2.217381722890103,4.370804888264139,-0.6839249127953146,-0.7533443011986465,8.526983659696807,6.267772097759042,0.2655992857743551,0.08113974920539027,6.201293337968294,1.858226236571993,0.2350518841105504,0.436358976593389,4.99739373467067,4.399839534771581,0.015551326223930337,-0.02231520278668444,3.9562977856394714,3.628632328601752,0.5918617793661944,0.03413044213133548,7.633658522029489,4.978169946377023,0.021017082306535317,-0.05576655655601243,5.893263846560724,2.4788093750324554,-0.36666592360297856,-0.17967775304538106
392,8.247912492574097,8.802171345491695,0.012843639332515248,0.038762957447243264,2.0918304206785163,4.238236728678181,0.560936818904317,0.7565641902676307,9.271075878114077,5.001410847765309,0.023693685147134224,-0.0897608361844235,2.7208263526775838,8.742827240423681,0.007838201840868454,-0.018735877506506463,8.79040328536109,0.7945113940321792,0.008313129476740878,0.003911598466577213,5.66193369171947,0.8331900139041256,-0.10341815986206702,-0.1825487949370104,2.052000336263517,7.831389037494837,-0.012620459241674358,-0.00918798168382593,8.470571562023638,2.40064428238098,0.013731337862904217,0.030300710901142065,0.7393474987058467,3.100043119275806,-0.25774992331469143,0.0014766640311819398,3.3774266511898254,2.6222422856475722,0.710259115156968,-0.13021986493663568,5.769284971590115,7.900218164553722,0.061907589195500067,-0.050463462595488354,4.358321346983234,7.6260580034716625,-0.12017769359078836,0.02854560002374592,5.099529320830893,8.993169184606147,0.0029632592838224102,-0.018940513612668335,2.1831854772503374,4.333137673204207,-0.7839249127953146,-0.8533443011986465,8.540263623985524,6.271829085219311,0.27083576512521484,0.05889554987520643,6.213045932173822,1.8800441854016625,0.20992068350947718,0.4207351881751158,4.998171300981866,4.398723774632247,0.012246100933190182,-0.021413439248467624,3.9858908746077812,3.630338850708319,0.6063553897286142,0.03059934637059181,7.634709376144816,4.975381618549223,0.019933709467068492,-0.053472203320282435,5.874930550380575,2.469825487380186,-0.37544778928630956,-0.19712897154633569
393,8.248554674540722,8.804109493364058,0.011386585588368133,0.03844642802379508,2.1198772616237322,4.2760649381915625,0.660936818904317,0.8565641902676306,9.272260562371434,4.996922805956088,0.02583890855601173,-0.08312351927643352,2.7212182627696273,8.741890446548355,0.007738184294687725,-0.018491883420939954,8.790818941834928,0.794706973955508,0.007995594037580996,0.0028404383230817877,5.656762783726366,0.8240625741572751,-0.07800672281134793,-0.14163036005981508,2.0513693133014335,7.8309296384106455,-0.013511327864940748,-0.009848847274235607,8.471258128916784,2.402159317926037,0.012905151353899637,0.030095432699224045,0.7264600025401121,3.1001169524773653,-0.2545301707726743,0.0054710173884732535,3.4129396069476736,2.6157312924007403,0.6102591151569681,-0.03021986493663567,5.77238035104989,7.897694991423948,0.05229653306980762,-0.047138280479776834,4.352312462303694,7.62748528347285,-0.11566062807797052,0.025041811879653875,5.099677483795084,8.992222158925514,0.00037779494973757145,-0.01632617369797161,2.1439892316105715,4.2904704581442745,-0.8839249127953146,-0.9533443011986464,8.553805412241784,6.274773862713071,0.27515449156690713,0.03725986769051241,6.223541966349296,1.9010809448104182,0.18385896040305094,0.4055985874260286,4.998783606028526,4.397653102669824,0.00898320282199937,-0.02031846076007277,4.0162086440942115,3.6318688180268484,0.6182018450350872,0.0264966847210835,7.635706061618169,4.972708008383209,0.01884389405761132,-0.05100910971654241,5.85615816091626,2.4599690388028694,-0.3817121395309873,-0.2148006193151999
394,8.24912400382014,8.806031814765248,0.009909917113378785,0.038028581515403594,2.152924102568948,4.318893147704944,0.760936818904317,0.9565641902676306,9.273552507799234,4.992766629992267,0.027813660494236433,-0.07647275853673408,2.7216051719843617,8.740965852377307,0.007615006729791574,-0.01820774751727888,8.791218721536808,0.7948489958716621,0.007657066424702377,0.001786546688560322,5.6528624475857985,0.8169810561542844,-0.05306099725851032,-0.10154099466471922,2.0506937469081863,7.830437196046934,-0.014353752355982139,-0.010479412777334883,8.47190338648448,2.403664089560998,0.01207789776323112,0.02979865956145426,0.7137334940014785,3.100390503346789,-0.250535792326229,0.009379909803675552,3.443452562705522,2.6142202991539087,0.5102591151569681,0.06978013506336433,5.77499517770338,7.895338077399959,0.04272031299475303,-0.043753147555433275,4.346529430899796,7.628737374066833,-0.11093775241189062,0.02157990207691517,5.099696373542571,8.991405850240616,-0.002130704838085945,-0.01376715676475544,2.0997929859708058,4.242803243084342,-0.9839249127953146,-1.0533443011986465,8.56756313682013,6.276636856097597,0.2785547176734291,0.016268485647258905,6.232734914369448,1.9213608741817196,0.15684330779377068,0.3907235916853839,4.999232766169626,4.39663717963182,0.005765664096643262,-0.019045914889366373,4.047118736345966,3.6331936522629027,0.6274095548969087,0.02181614912889175,7.63664825632105,4.970157552897382,0.01774850107736353,-0.04839197558568917,5.83707255393971,2.4492290078371095,-0.38542989306679276,-0.23243036343382478
395,8.24961949967581,8.807933243841019,0.008418150459877434,0.03751171582661492,2.1909709435141638,4.366721357218326,0.660936818904317,0.8565641902676306,9.274943190823945,4.9889429920654305,0.02962061996251002,-0.0698276609906376,2.7219859223208513,8.740055465001443,0.007469417224689743,-0.017883773081761575,8.791601574858044,0.7949383232060901,0.007297956689366585,0.0007525132978728935,5.650209397722873,0.8119040064210484,-0.028619181428846452,-0.06234653884515726,2.0499760592903873,7.829913225408068,-0.015148624290159618,-0.011076658303763861,8.472507281372641,2.405154022539071,0.011249715943154054,0.02941278387107163,0.701206704385167,3.100859498836973,-0.24582533832694367,0.01319301991570768,3.4689655184633703,2.617709305907077,0.4102591151569681,0.16978013506336434,5.777131193353117,7.893150420022187,0.03321317287480977,-0.04032421849491666,4.3409825432792015,7.629816369170679,-0.10602636394733544,0.01816818539303153,5.099589838300666,8.990717492402378,-0.004556776722927437,-0.01126676635449378,2.05059674033104,4.19013602802441,-0.8839249127953146,-0.9533443011986465,8.581490872703801,6.27745028037996,0.28104006181649305,-0.004045914174312208,6.240577079759137,1.9408970537659889,0.12891016068317734,0.3758718288076359,4.999521049374458,4.395684883887351,0.002595366973605342,-0.017614640361698422,4.078489214090811,3.634284459719347,0.6340095282626255,0.016566393749662275,7.637535681374918,4.967737954118097,0.016648673385126673,-0.045635813091253266,5.817801059286371,2.4376074896654183,-0.38663198226868994,-0.24973233391008903
396,8.250040407198803,8.809808829632349,0.006915937087277923,0.036898453639377125,2.2240177844593796,4.409549566731708,0.560936818904317,0.7565641902676307,9.27642422182207,4.9854516090158985,0.03126273342640326,-0.06320696525948409,2.722359393182086,8.739161276347355,0.007301918458320616,-0.017520036130707243,8.791966472692511,0.7949759488709838,0.006918661896650309,-0.00025913510513780966,5.64877843865143,0.8087866794787906,-0.004722095174963709,-0.024116794889676926,2.0492186280758795,7.829359392492879,-0.015897745406819045,-0.011637436274779606,8.473069767169799,2.4066246617326246,0.010420525798812919,0.02894034180278774,0.6889154374688198,3.1015191498327583,-0.24046138013522572,0.01689959268052442,3.489478474221219,2.6261983126602453,0.31025911515696813,0.26978013506336435,5.778791851996858,7.891134209097442,0.023808778355902324,-0.03686721786828781,4.335681225081835,7.630724778440331,-0.10094367393814337,0.014815487442636225,5.09936199946452,8.990154154084653,-0.006895283245177791,-0.008827695680459212,2.0064004946912743,4.142468812964478,-0.7839249127953146,-0.8533443011986466,8.595542875794626,6.277247984671244,0.2826183299032912,-0.023653685145391103,6.247022587793296,1.9596906452063707,0.10015333199409013,0.3608070399399456,4.999650817723138,4.394804151869266,-0.0005269546525571659,-0.016046994124419026,4.110189690503942,3.63511277940683,0.6380539367812789,0.010767679208765354,7.638368115044174,4.965456163463535,0.015545821607157359,-0.04275588365605355,5.798469460172936,2.425120872969914,-0.3854097596708751,-0.26641702302454573
397,8.250386204053166,8.811653752314317,0.005407895618709116,0.03619166841108278,2.2520646254045955,4.44737777624509,0.46093681890431704,0.6565641902676307,9.277987358493391,4.982291260752924,0.03274312421162434,-0.056628864278111146,2.722724489105002,8.73828527454082,0.0071133180273108675,-0.01711701532117733,8.792312405787344,0.7949629921157269,0.006519667538194075,-0.0012459365365321544,5.6485423338926815,0.8075808397343067,0.018589100523094416,0.013077448861430495,2.0484237408055384,7.82877752067914,-0.016602213399503126,-0.012159016036763464,8.473590793459739,2.408071678822764,0.009590141084458985,0.028384121280486625,0.6768923684620585,3.1023641294667845,-0.23450166731697092,0.020491003996926466,3.5049914299790674,2.6396873194134134,0.21025911515696813,0.3697801350633644,5.779982290914653,7.889290848204027,0.014539548475129583,-0.033397823610655665,4.330634041384928,7.631465552812463,-0.09570736154723994,0.011529626421117153,5.099017235302261,8.98971276930063,-0.009141594678799502,-0.006452529546357024,1.9672042490515087,4.099801597904546,-0.6839249127953146,-0.7533443011986466,8.60967379228979,6.276065300413975,0.2833011129794449,-0.04252807386952831,6.252030254393,1.977730997203368,0.07071687611732552,0.34531140187004383,4.99962446999051,4.394001802163046,-0.0036023916495863378,-0.014365738203227675,4.142092387343006,3.6356511633672683,0.639622502619098,0.004453605817547375,7.639145406124532,4.963318369280732,0.01444138334723513,-0.03976735321133727,5.779198972189392,2.4118000218186864,-0.38190823575799554,-0.28221057918593895
398,8.250656598834102,8.813463335734872,0.003898588401950111,0.03539446930285434,2.2751114663498115,4.480205985758471,0.3833818789276353,0.5565641902676307,9.279624514703972,4.979459817539019,0.034065069180705274,-0.050110937941076204,2.7230801550063677,8.737429423774762,0.006904756899246984,-0.01667559219623436,8.792638389164253,0.7949006952889003,0.006101561362366564,-0.0022054979963986292,5.649471788918836,0.8082347121773783,0.04127428487816094,0.04916658617334553,2.0475936301355633,7.828169569877303,-0.017262352067334112,-0.012639058681034005,8.474070300513961,2.409490884886788,0.00875827894929065,0.027747184716704735,0.6651672850962099,3.103388679666631,-0.22799871335809938,0.023960937259925347,3.5155043857369157,2.6581763261665814,0.11025911515696812,0.46978013506336436,5.780709268338409,7.887620957023494,0.005436520109204238,-0.029931607214036673,4.325848673307566,7.6320420341335184,-0.0903354808291421,0.008317339844419416,5.098560155568321,8.98939014282331,-0.011291582223289316,-0.00414377850320707,1.933008003411743,4.062134382844613,-0.6033303823842995,-0.6533443011986466,8.623838847938762,6.273938896720498,0.2831035462127191,-0.06064515915544041,6.255566098198867,1.9949965672968704,0.040782989176369154,0.32919996586191647,4.999444350408031,4.393283515252884,-0.006633791495339415,-0.01259412230690295,4.174073512473961,3.6358738436581457,0.6388183478144035,-0.002331594203189769,7.6398674752918945,4.961330001620166,0.013336776084892449,-0.03668522938420186,5.760103560401492,2.3976894928593895,-0.3763150363542719,-0.29687099949559764
399,8.250851528254199,8.815233059200015,0.0023925150897337426,0.034510195515157,2.294280560296193,4.508034195271852,0.3425718352795465,0.4890865402847079,9.281327768163008,4.976954270641965,0.03523198948806619,-0.04367010128674526,2.72342539285133,8.73659564416495,0.0066776617146543805,-0.016196998446192996,8.792943467232371,0.7947904203890803,0.005665038396122097,-0.0031355058591359263,5.651535503162744,0.8106930414860456,0.06329531096326638,0.08408366122955425,2.0467305125321964,7.827537616943251,-0.017877834947732523,-0.013075582879231634,8.474508214461427,2.4108782441226233,0.007924568356319309,0.027032876716405856,0.653767349428305,3.104586726529627,-0.22100049464455807,0.027304627784168596,3.521017341494764,2.6816653329197497,0.010259115156968118,0.5697801350633643,5.780981094343869,7.886124376662792,-0.003470722611608152,-0.026483911752262147,4.3213318992661085,7.63245790112574,-0.08484632895928951,0.005184397857910842,5.097995576457157,8.989182953898151,-0.013341597459881062,-0.0019038542717560052,1.9028414842925279,4.029467167784681,-0.558876905228302,-0.5762311570669849,8.637994025249398,6.270906638762726,0.28204408003441583,-0.0779837992907287,6.257605247657685,2.0114565655899663,0.010557123620260341,0.31233086004101873,4.999112660833264,4.392653809137539,-0.009625310040044514,-0.010756296069610448,4.206014429864681,3.635757263947986,0.6357629224683063,-0.009536496729858113,7.640534314096139,4.959495740150955,0.012233386462215926,-0.03352433536729574,5.741287808583778,2.3828459428846096,-0.368846257654041,-0.3101993614690599
400,8.250971154008685,8.816958568975773,0.0008941248538858896,0.03354243437731987,2.3114091520601705,4.532488522286088,0.31630899203935914,0.4390288676357831,9.28308936763741,4.974770765577627,0.03624747894103984,-0.03732256046507352,2.723759275937063,8.735785794242641,0.006433580531408861,-0.01568276723659572,8.793226719152177,0.7946336450961236,0.0052109093983705584,-0.004033757771517012,5.654700268710908,0.8148972245475233,0.08461661982074345,0.11776534131528844,2.0458366207848098,7.826883837799289,-0.01844802741600749,-0.01346707611835153,8.474904442879243,2.4122298879584436,0.007088587261282103,0.026244799989374824,0.642717324696077,3.1059519579188355,-0.21355139015154534,0.030517219865413638,3.5215302972526126,2.710154339672918,-0.08974088484303189,0.6697801350633643,5.780807558213289,7.884800181075179,-0.012154073002135751,-0.023069629309293297,4.317089582818144,7.6327171210186355,-0.07925836834555766,0.0021359335580377805,5.097328496584162,8.989087761184564,-0.01528846680090248,0.00026502558296368026,1.8748976390311127,4.000655609931331,-0.5283983148343584,-0.5173035002787096,8.65209622925112,6.26700744879819,0.28014428721580936,-0.0945255707127215,6.2581331038386985,2.0270731085920173,-0.019747588337808878,0.2946102153119368,4.9986313953312616,4.392115994334059,-0.0125812246453581,-0.008877914457628141,4.237802575988097,3.6352804391114932,0.6305912262059697,-0.017106721061894065,7.64114598341925,4.95781952338259,0.011132646147251847,-0.030299298912586578,5.722845495701076,2.3673359748111564,-0.35973129267760956,-0.32204551509625506
401,8.251015860251378,8.818635690694638,-0.0005921258850264972,0.03249501734253559,2.3272246016621385,4.554439965667878,0.2969995091306318,0.3972976746224602,9.284901741584463,4.9729046375543735,0.03711530201883003,-0.03108382297410443,2.7240809549636333,8.735001655880811,0.0061740749397179795,-0.015134316421867978,8.793487264622096,0.7944319572075477,0.004740044421532432,-0.004898177177601244,5.658931099701945,0.8207854916132877,0.10520553036661151,0.15015278019765552,2.0449142194140095,7.826210483993371,-0.018972470237952694,-0.01381190473050333,8.475258872242307,2.4135421279579123,0.006249812805290234,0.025386778322085888,0.6320397551884998,3.1074778189121064,-0.20569382059783728,0.03359282545154711,3.517043253010461,2.743643346426086,-0.1897408848430319,0.7697801350633643,5.7801998545631825,7.883646699609715,-0.020586714698427724,-0.01970298484147113,4.313126664400866,7.632823917696538,-0.0735897221991144,-0.0008229763582955369,5.096564073244117,8.989101012463712,-0.017129333128359292,0.0023610225624687477,1.8484777232893947,3.974790434917396,-0.5043197228349938,-0.4674359495841778,8.66610344361191,6.262281170262554,0.277428667457745,-0.11025477646940421,6.257145724421808,2.0418036193576143,-0.04992502425260259,0.27599217712796503,4.998002334098993,4.391672098611178,-0.01550532725636846,-0.006987491306962012,4.269332137298395,3.6344251030583985,0.6234450359285486,-0.024988542447566604,7.641702615726612,4.956304558436961,0.010036047285103001,-0.02702466658169079,5.7048589310671955,2.3512336990563436,-0.34919891628392535,-0.33230830958447494
402,8.250986253957127,8.820260441561764,-0.002061831677792517,0.031371995846791456,2.34207457711867,4.574304849399001,0.28138291352413036,0.36001592942295096,9.286757506685404,4.971350446405668,0.03783935802413127,-0.024968612995196187,2.7243896587106193,8.734244940059718,0.0059007056138029555,-0.014553106105454822,8.793724266843173,0.7941870483486676,0.004253415775632359,-0.0057268102528864285,5.664191376220276,0.8282931306231706,0.12503276939658192,0.1811920988311655,2.0439655959021117,7.825519888756846,-0.019450831798662024,-0.014108579585195674,8.475571362882572,2.4148114668740166,0.005407682453487011,0.024462904634549,0.6217550641586079,3.109157460184684,-0.1974696777656132,0.03652540854369457,3.5075562087683094,2.782132353179254,-0.2897408848430319,0.8697801350633643,5.779170518828261,7.882661550367641,-0.028743315364280937,-0.016397532542440252,4.3094471782909105,7.632782768878623,-0.06785825609970825,-0.0036875012082062623,5.095707606587699,8.989219063591834,-0.01886171236403003,0.004382584508866173,1.8232617371476452,3.951418637438187,-0.48340251180251786,-0.4227168358018079,8.679974876984797,6.256768431439084,0.2739243383703202,-0.12515837525792523,6.254649473209178,2.0556032282140126,-0.07978791353890895,0.2564749260467304,4.997227067736175,4.391322724045829,-0.018400534302111013,-0.005115730284910521,4.300504389094822,3.63317567593602,0.6144699442101315,-0.033129346757543414,7.642204418090867,4.954953325107876,0.008945053216555648,-0.023714801257667395,5.687398985252999,2.33461828357712,-0.33746483406962763,-0.3409314749791486
403,8.250883162373237,8.821829041354103,-0.003510660956115507,0.03017762084329222,2.3561437227948763,4.592305645870148,0.26783876187474415,0.32529977203743865,9.288649474586611,4.970102015755908,0.03842366268273507,-0.018990817065242794,2.7246846939913096,8.733517284754445,0.005615047963490117,-0.013940637508792006,8.793936937631955,0.7939007078360233,0.003752107042651013,-0.00651783943409068,5.670443014690105,0.8373527355647288,0.1440727565565289,0.2108347817248468,2.0429930543121784,7.824814459777586,-0.01988286287261719,-0.01435574466802189,8.475841747005246,2.416034612105744,0.004561635849728306,0.023477544442849396,0.6118815802703272,3.1109837306118684,-0.18892008688151302,0.03930878088322235,3.493069164526158,2.8256213599324225,-0.38974088484303193,0.9697801350633642,5.7777333530600465,7.881841673740519,-0.03660011244716247,-0.013166113347318473,4.306054265485925,7.6325983938182125,-0.06208151527194472,-0.006453098402058223,5.094764520969497,8.989438192817278,-0.020483483880925656,0.0063284172674904155,1.7990916115575193,3.930282795648097,-0.4640524688750406,-0.3812227833506835,8.693671093903314,6.250510512676187,0.26966076438183745,-0.13922593378400733,6.250660077532233,2.068426974516349,-0.1091768034454256,0.2360939055589737,4.99630704102107,4.391066937531583,-0.021268226958880164,-0.003295054870964092,4.331227886305329,3.6315192085981427,0.6038121259424197,-0.04147877695006573,7.642651670751695,4.953767585044993,0.007861051750757936,-0.020383834963476007,5.6705257435495175,2.3175717098281625,-0.3247221416874042,-0.3478968795884659
404,8.250707629325431,8.823337922396268,-0.004934376382643501,0.028916322019051467,2.3695356608886136,4.60857063447202,0.25548468312749045,0.292168830907735,9.290570657720748,4.969152474902646,0.038872331689515066,-0.013163433193372365,2.724965446389484,8.732820252879005,0.005318700258641693,-0.013298441623656534,8.794124542984088,0.7935748158643188,0.00323731747053206,-0.007269596455384113,5.677646652517931,0.8478944746509711,0.16230380740316253,0.23903803547519514,2.0419989111685477,7.824096672544185,-0.02026837516527586,-0.01455215517345766,8.476069828797732,2.4172084893278867,0.0037111566806182117,0.022435330416695858,0.6024355759262516,3.1129491696560296,-0.18008529720546346,0.04193655882665183,3.4735821202840063,2.8741103666855907,-0.4897408848430319,1.0697801350633642,5.775903347437689,7.881183368073153,-0.04413498135856662,-0.010020813163143762,4.302950189722328,7.63227573889811,-0.05627665429612177,-0.009115533410225524,5.093740346775451,8.989754613680653,-0.02199287737857534,0.008197463351146956,1.7758889881137672,3.9112216564805626,-0.44541866752594045,-0.34192865002703954,8.707154132122406,6.243549215986986,0.26466949262152,-0.15244958145164983,6.245201237359962,2.0802316697942977,-0.13796606595143124,0.21491365131124898,4.9952436296731255,4.390902184788035,-0.02410762584890764,-0.001559004908561192,4.36141849260245,3.6294452697506396,0.5916150069223316,-0.04998975219946046,7.643044723339233,4.952748393296819,0.0067853128534835615,-0.017045624438821207,5.654289636465148,2.3001768658487394,-0.3111345674036976,-0.35321647847380844
405,8.250460910506298,8.82478373849722,-0.006328853837360516,0.027592686300209116,2.382309895044988,4.623179076017407,0.24380985442318903,0.2600996757690218,9.292514274305224,4.968494303242978,0.03918956564817293,-0.007498522568244136,2.7252313814024163,8.732155330797822,0.00501328938244257,-0.012628063482810158,8.794286408857614,0.7932113360415496,0.002710362483671123,-0.007980574244791792,5.685761842888089,0.8598463764247308,0.17970826962248226,0.2657651475060038,2.0409854924102837,7.823369064785512,-0.020607228804127024,-0.01469664990681681,8.476255386631763,2.4183302558487214,0.0028558135591954933,0.021341148753273937,0.5934313110659785,3.1150459975973623,-0.17100462033237696,0.04440210018448635,3.449095076041855,2.927599373438759,-0.5897408848430319,1.1697801350633643,5.77369659836976,7.880682327414996,-0.051327491101029424,-0.0069729265337993805,4.3001363570075215,7.631819962227598,-0.05046036502951811,-0.011670891796299793,5.092640702906523,8.99016448684821,-0.023388458051954206,0.009988883181709093,1.7536180547374702,3.8941252239792106,-0.42702740118738375,-0.30426133134811806,8.720387606753482,6.235926736914404,0.25898389645480513,-0.16482396583509504,6.23830293406239,2.09097735235986,-0.16606740754131413,0.19301931508537923,4.99403824838068,4.390824234542607,-0.026915291321494138,5.853332478491873e-05,4.390999242948567,3.6269457821406665,0.5780157634902438,-0.05861946596736144,7.643383988981907,4.951896112074878,0.005718950223148345,-0.013713706343613626,5.638732908094963,2.282516041925049,-0.2968320699800027,-0.35692413564022774
406,8.25014446781443,8.826163372812232,-0.007690100366614064,0.026211435645734985,2.3945003877661475,4.636184059805858,0.23250586253481995,0.22881827291370202,9.294473752587633,4.968119377114566,0.0393796361932154,-0.0020071637323295435,2.7254820458715385,8.731523927623682,0.004700476122946256,-0.011931044050997439,8.794421926981798,0.79281230732931,0.0021726707298810547,-0.008649437199006694,5.694747256369213,0.873134633800031,0.1962725993054029,0.29098587563009604,2.0399551309700774,7.822634232290171,-0.020899323512974535,-0.014788119410129662,8.476398177309722,2.4193973132863853,0.0019952984934657283,0.020200118072589306,0.5848810800493596,3.1172661026065867,-0.16171638489925225,0.04669842746915368,3.419608031799703,2.986088380191927,-0.6897408848430319,1.2697801350633644,5.771130223814708,7.880333681088306,-0.058158949204719375,-0.00403292757393456,4.297613338756046,7.631236417637783,-0.04464880462978456,-0.014115588564809902,5.091471280003925,8.990663931007296,-0.02466911074726498,0.011702037364020215,1.732266684678101,3.8789121574118046,-0.4086131861188055,-0.2678929440121064,8.733336801576222,6.22768553862265,0.25263892799666443,-0.17634620789149527,6.2299995636853245,2.100628318114129,-0.19343159990496486,0.17050863925594606,4.992692483814605,4.390827161208846,-0.02968484263015949,0.001524261108697614,4.419900031123079,3.6240148088422983,0.563141434795356,-0.06733038665034519,7.6436699364930645,4.951210426757697,0.0046628873938570825,-0.010401250988149414,5.623891304595963,2.2646698351430374,-0.28190812797890674,-0.3590681417312389
407,8.249759962796098,8.82747394459452,-0.009014271183321845,0.024777404248912973,2.4061256808928886,4.647624973451543,0.22138127889372813,0.19819449623288818,9.296442734397294,4.96801901892795,0.03944687313106114,0.003300590644585589,2.725717069677686,8.730927375421132,0.004381960974679397,-0.011208900615437474,8.794530560518291,0.7923798354693596,0.0016257780762898347,-0.00927502951746577,5.704560886334484,0.8876839275815358,0.21198737879744506,0.3146768932115031,2.0389101647944288,7.821894826319665,-0.021144590974792907,-0.014825470194390804,8.476497942234396,2.420407319190015,0.0011294616185528938,0.01901756177693918,0.5767952608043969,3.1196010239800445,-0.15225788975531587,0.04881814035485741,3.3851209875575514,3.0495773869450953,-0.7492157428615128,1.2994905812080637,5.768222276354472,7.880132034709609,-0.06461243696185447,-0.0012104490895939214,4.295380898524557,7.630530638209543,-0.03885752444751869,-0.01644637752274435,5.090237824466562,8.991249032875496,-0.025834023463686052,0.013336469278174147,1.7118360253721607,3.865517510211199,-0.3900331567775372,-0.2326363160890753,8.745968747976056,6.218868228228075,0.24567088084885838,-0.18701585607468174,6.220327983690076,2.1091537500769264,-0.22004925067644088,0.1474847944539857,4.991208241683097,4.390903374264281,-0.03240698209561525,0.002806540588135544,4.4480571028628475,3.620648289509781,0.5471044845635151,-0.07609101405755708,7.643903080862757,4.95069036420829,0.0036178292499833577,-0.007121014311968313,5.609795898197018,2.2467164280564753,-0.2664179668400473,-0.35970487730232303
408,8.249309249236932,8.828712814806964,-0.010297685736323713,0.023295515311193137,2.417194744837575,4.657534698263187,0.21031557413012142,0.1681847403868694,9.298415078053846,4.968184048460179,0.0393956524167244,0.008415754132807419,2.72593616772642,8.73036693039036,0.004059491111878293,-0.010463106144311852,8.794611849422106,0.7919160839934863,0.0010713189883938237,-0.009856381416113117,5.715160255274356,0.903417772242111,0.22684727351474412,0.33682231050263745,2.0378529352456893,7.821153552809945,-0.02134298683243762,-0.014807585008366974,8.476554415315324,2.421358197278862,0.0002583411315309806,0.017798975014873375,0.5691823663166311,3.122041930997787,-0.1426653413835899,0.05075331936052016,3.347660200414476,3.1145519160054986,-0.8492157428615128,1.1994905812080636,5.76499165450638,7.880071512255129,-0.07067283568552857,0.0014857295932182214,4.293438022302181,7.629708319333406,-0.033101400179879295,-0.018660362531012234,5.088946123293377,8.991915856339405,-0.026882670440648695,0.014891887561823462,1.6923343675332838,3.8538856944067454,-0.37122041581854437,-0.19838883204225188,8.758252292018499,6.209517435424341,0.23811716407783096,-0.19683483863799178,6.209325521156254,2.116527989799626,-0.24595144198664431,0.12405020217022536,4.989587892578316,4.391043701293688,-0.0350698878580335,0.0038765662038376626,4.475412327091023,3.6168437388069035,0.5299980536935941,-0.0848757909211727,7.644083972325256,4.950334313492691,0.0025842398185843725,-0.0038852883168226373,5.596474999855015,2.2287311841913593,-0.2503769638469826,-0.35889374865198
409,8.248794364950115,8.829877590572524,-0.011537081389145745,0.021770787372546528,2.4277105235440812,4.66594393528253,0.1992392689663526,0.1387890119724179,9.300384860674683,4.968604836166819,0.03923042071885462,0.01333082785677036,2.7261391422820136,8.729843775083145,0.003734765668065139,-0.00969589630631596,8.794665415371526,0.7914232649226807,0.00051168754905626,-0.010392724031202701,5.726502618950094,0.9202588877672429,0.24085399019312356,0.3574123193704004,2.0367857859040677,7.820413173559527,-0.021494314795634364,-0.014734553138818484,8.4765673323719,2.4222481460296055,-0.000617066363095779,0.016550380064815965,0.5620490992474516,3.124579596965813,-0.13297106056698504,0.0524983339564291,3.3051994132714,3.1745264450659016,-0.9492157428615128,1.0994905812080635,5.761458012722104,7.88014579873479,-0.0763275221146912,0.004047397681944891,4.291782952293187,7.628775301206855,-0.027395355400391206,-0.020756011377151454,5.087601989771345,8.992660450717496,-0.02781520010463918,0.016367759290961646,1.6737733467423566,3.8439662528046328,-0.3521461423933876,-0.16509964712855338,8.77015815022239,6.199675693492441,0.2300159092618391,-0.2058070953608589,6.197027949056921,2.1227304999081373,-0.2712073269128843,0.10030179787484553,4.987834398185415,4.39123752960388,-0.03766524150545852,0.004714216079414375,4.501912229775702,3.612599949260845,0.5118845436680546,-0.09364605423148087,7.644213184316185,4.95014004907685,0.001562168172509337,-0.0007050288414052327,5.583956151662666,2.2107864967587605,-0.23375212648395635,-0.3566925685159053
410,8.248217510880657,8.830966129941151,-0.012729896673989174,0.020207929526956065,2.437672486992399,4.672883385881151,0.1881311902386826,0.11003430890626652,9.302346381710626,4.969271377559658,0.03895494144206382,0.018039730646235166,2.7263258805654167,8.729358980267829,0.003409991354360467,-0.008910844205480032,8.794690999748978,0.7909036287211205,-5.0325619780231196e-05,-0.010882935225233354,5.73854531845975,0.9381295037357629,0.2540164930926555,0.37644682948249963,2.035711070164286,7.819676445902586,-0.02159722333363634,-0.014608157412252706,8.476536479053745,2.4230756650328464,-0.0014957143294535053,0.015278832136323828,0.5554005462191024,3.1272045136636346,-0.12320951414054834,0.05405281320109913,3.2577386261283245,3.2295009741263048,-1.0492157428615128,0.9994905812080636,5.757641636616369,7.880348168618887,-0.08156668861181822,0.006465788885369823,4.2904131845231674,7.6277375006379975,-0.021754066170355704,-0.022734778076966493,5.086211229766113,8.993478838682044,-0.028632397781238984,0.0177625320809968,1.6561660396226872,3.835711270448205,-0.3328053637153145,-0.13273500963612342,8.781658945685482,6.1893853387243984,0.22140508092115818,-0.21393885939294396,6.183467582711277,2.1277455898018798,-0.29592929765437204,0.07632933757000894,4.985951136110142,4.3914732404078505,-0.04019724802163706,0.005304135712110429,4.527506456959105,3.607917646549271,0.49279463832527987,-0.10234365551009822,7.644291292724811,4.95010479763478,0.0005496754954328015,0.0024097470305656406,5.572268545338468,2.1929518683329654,-0.2164618428129005,-0.35314984263489047
411,8.247581016046958,8.831976526417499,-0.013873772904553352,0.018611722153295738,2.447079046504333,4.678385101326464,0.1769945728288395,0.08196605948095953,9.304294128782729,4.97017336409197,0.0385731161182941,0.02253754481722807,2.726496380133135,8.728913438057555,0.0030873970822946177,-0.008111601142737016,8.794688483467988,0.7903594819598588,-0.000611966082627628,-0.011326195746729514,5.7512461431143835,0.9569518452098879,0.26634588056755454,0.39393566389768087,2.034631208997604,7.8189460380319735,-0.02165029945046523,-0.014430373863363497,8.476461693337273,2.4238396066396626,-0.0023762669635574154,0.01399123143169166,0.549240070512075,3.1299071543236896,-0.113415376379329,0.05541621736277981,3.205277838985249,3.279475503186708,-1.1492157428615128,0.8994905812080636,5.753563302185778,7.880671458063156,-0.0863824946467039,0.008733068523219386,4.289325481214649,7.626600761734149,-0.016191659845917472,-0.024598648326067583,5.084779609877051,8.994366965286094,-0.02933538722404617,0.019074762023598816,1.6395257714369214,3.8290745199663987,-0.31321640770019393,-0.10127791872798195,8.79272919973154,6.178688395754751,0.212323276958686,-0.22123850585641747,6.168671117828558,2.13156205668038,-0.32027999123010187,0.05220631885451995,4.98394127370906,4.391738447193456,-0.042668336072544506,0.005641505204083711,4.552146188875369,3.6028004637737663,0.47274473395184247,-0.11090932423306282,7.644318776499582,4.950225284986308,-0.00045510532189810466,0.005449735714319221,5.561445453197823,2.175294376201221,-0.1983740483094012,-0.3483103551433668
412,8.24688732740173,8.832907112525163,-0.01496655594473328,0.016987003040535135,2.455928775145775,4.682483404300512,0.1658520490799268,0.054639040605870735,9.306222784588643,4.971300241332831,0.03808897886934097,0.02682052300629176,2.7266507499872494,8.728507858000418,0.0027692172884045594,-0.007301889789292972,8.794657885163856,0.7897931721725223,-0.0011705455871992491,-0.011721976233769306,5.764563437142761,0.9766486284047718,0.2778550958794556,0.40989962061159174,2.033548694025081,7.818224519338806,-0.021652080683850917,-0.014203379713087074,8.476342879989094,2.4245391682112474,-0.003257127910569153,0.012694274274106458,0.5435693016931086,3.1326779651918284,-0.1036235871880701,0.0565878335791586,3.1478170518421735,3.3244500322471113,-1.249215742861513,0.7994905812080636,5.749244177453443,7.881108111489317,-0.09076905419513522,0.01084236108377157,4.288515898222354,7.625370829317846,-0.010721717874962733,-0.026350107036431224,5.083312840515849,8.995320703387273,-0.029925624426955927,0.020303119886382337,1.6238649510519116,3.8240106240299996,-0.2934138281400277,-0.07072102402035264,8.803345363579474,6.16762647046193,0.2028095741802568,-0.22771650381273134,6.1526571182670535,2.134172372623106,-0.3444814181830432,0.027985461843341154,4.981807856905433,4.39202052245366,-0.04507918193074823,0.005732321534960639,4.575783425572961,3.5972549975621133,0.451747910856159,-0.11928297048949726,7.644296021233488,4.9504977717720235,-0.0014539247323512089,0.008406340192082171,5.551526750782354,2.1578788584440525,-0.17929759421484015,-0.34221175711372764
413,8.246138999604494,8.83375646267719,-0.0160062960897476,0.015338653267654167,2.4642213775997712,4.685215356330805,0.15474273922004164,0.028110507545294736,9.30812723353211,4.972641267483146,0.03750668670763398,0.030886089814324773,2.7267892108516696,8.728142763510952,0.0024576726842779734,-0.006485496943144068,8.794599357884495,0.7892070733608338,-0.00172346865535195,-0.012070021450020146,5.778456191936733,0.9971436094353514,0.2885585210937646,0.42437165459074616,2.0324660899908884,7.817514350353151,-0.021601071323768,-0.013929564637497251,8.476180023593566,2.4251738819249526,-0.004136473390146341,0.011394411463341275,0.538388122333705,3.1355073568707863,-0.09386943232346254,0.057566775724663705,3.0853562646990977,3.3644245613075143,-1.3316732443198562,0.6903958070285686,5.744705724743686,7.881650229543506,-0.09472241076025058,0.012787773593832846,4.287979812328605,7.624053323966024,-0.005357283002474441,-0.027992095254415296,5.081816559294501,8.996335859381592,-0.030404890558162253,0.021446400113698867,1.6091942596449103,3.820474572828982,-0.2734430877232123,-0.041062069835981166,8.813485842288488,6.156240645271294,0.1929033838018535,-0.23338536732275464,6.1354330473579015,2.1355716457152734,-0.36882943134627305,0.003693350462065363,4.979553897808895,4.392307138530408,-0.047428866132202985,0.005592928246030594,4.598370821115769,3.5912908490376383,0.4298242727932627,-0.12740601592909762,7.64422332499687,4.950918088781628,-0.0024483775359724668,0.011271654290296106,5.542561871071611,2.140768270588366,-0.15896802964637435,-0.33488027693478695
414,8.245338684800005,8.834523395340574,-0.016991246224972757,0.013671582878642272,2.4719585145607734,4.68662088170807,0.14372035401372785,0.002434520729697555,9.310002567867492,4.974185571973862,0.03683050579381788,0.0347328382599943,2.7269120944858836,8.727818488663795,0.002154948311692266,-0.005666265484709453,8.794513184451727,0.7886035722883329,-0.002268255650625962,-0.012370332540757327,5.792884117991422,1.0183621921648887,0.29847142122313325,0.4373982205702443,2.0313860364247,7.816817872121276,-0.021495763707500035,-0.013611545067287796,8.475973199924058,2.4257436024981196,-0.005012288176887256,0.010097813642760158,0.5336946507175319,3.1383856956570195,-0.08418864660433181,0.05835198691154611,3.018772602483105,3.3989443516589426,-1.3867157378577133,0.5718561553203196,5.739969604205673,7.882289618223197,-0.09824050022874975,0.014564414414743586,4.287711948178481,7.622653719203303,-0.00011086917396525495,-0.02952795594507827,5.080296314766593,8.997408179387277,-0.030775283757982184,0.02250353244284603,1.5955221052587496,3.8184214693371827,-0.25335601410366565,-0.012300888510992699,8.82313101147858,6.144571376905156,0.182644316424599,-0.23825960455793155,6.116991575790588,2.135756313238377,-0.3937162578597005,-0.02067666297353098,4.977182454502285,4.39258678494271,-0.049715137511734814,0.00524883733450108,4.619862034755433,3.5849205482411834,0.4070077189472888,-0.1352247310761414,7.644100906120071,4.9514816714961425,-0.003439870387976058,0.014038440112009241,5.534613469589293,2.1240242567416265,-0.1370250314282755,-0.3263247593488989
415,8.244489122488757,8.835206974484505,-0.01791987502597701,0.011990770411980808,2.47914453226146,4.686742607744555,0.13284987670825113,-0.022345738388199192,9.311844093157184,4.975922213886862,0.03606488840217165,0.03836059877384288,2.727019841901468,8.72753517538956,0.0018630570898670218,-0.004848219382832299,8.794399771669196,0.7879850556612951,-0.002802417333653899,-0.012623208525891274,5.807807689052579,1.040232103193401,0.3076096368510022,0.4490403318990208,2.030311248239325,7.816137294867912,-0.021334774523513223,-0.013252463071889388,8.475722585515213,2.4262484931802577,-0.0058821829882541084,0.008810341469778764,0.5294852183873152,3.1413032950025968,-0.0746162368726734,0.05894297666036297,2.9494368155902193,3.4275371594249586,-1.4297188720298615,0.4537664013142232,5.735057579194236,7.8830178389439345,-0.10132321655409628,0.016168497230490162,4.287706404719783,7.621177321406049,0.005005283741559875,-0.030961376449011584,5.078757550578694,8.99853335600942,-0.031039311350738313,0.023473608524077066,1.5828543045535663,3.817806424911633,-0.2332032919377254,0.015562440650728464,8.83226322729981,6.132658396677259,0.17207211124969035,-0.2423555657689692,6.097305762897603,2.1347224800897004,-0.41966484940504967,-0.045174917330673296,4.9746966976266975,4.392849226809434,-0.05193418448993955,0.004734602367260559,4.640212420702797,3.578159311687376,0.38335091746710015,-0.14269120391405665,7.643928912600672,4.952183593501743,-0.004429425247600553,0.01670029276513442,5.527762218017879,2.1077080187741815,-0.11297575966081011,-0.31652835125104484
416,8.243593128737459,8.835806513005105,-0.018790847202762705,0.010301283214370124,2.4857870260968724,4.685625320825145,0.12220116180966278,-0.0462016916454758,9.313647337577292,4.977840243825554,0.03521450848741223,0.04177043701390074,2.727112994755961,8.727292764420419,0.0015837272748622686,-0.004035553019699239,8.794259650802514,0.7873538952350005,-0.003323436418190074,-0.01282925969159313,5.823188170895129,1.062684119788352,0.3159886425877962,0.45937530062213155,2.0292445095131493,7.815474671714317,-0.02111701221865032,-0.0128560737492209,8.4754284763658,2.426689010253747,-0.006743364663694126,0.007537492190888119,0.5257544065436816,3.144250443835615,-0.06518565774898603,0.05934030213679559,2.8779508719887263,3.45022547949067,-1.3297188720298614,0.3537664013142232,5.729991418366531,7.883826263805459,-0.10397235107638801,0.01759745091423644,4.287956668906861,7.619629252583598,0.009979117687784977,-0.0322961783202617,5.077205585011157,8.999707036435623,-0.031199906268272723,0.024355956432897084,1.57119413995668,3.8185845469441695,-0.2130286040112194,0.04252871126166553,8.840866832862295,6.1205406183888105,0.16122657411063365,-0.2456913555340386,6.076322520427351,2.1324637342231667,-0.4473844502049123,-0.06991111007756001,4.9720999884022,4.393085956927798,-0.05408003194327044,0.0040919285020926295,4.659379966576152,3.5710247514916733,0.35892650728957937,-0.14976589060424875,7.643707441338292,4.953018608139999,-0.005417539112684562,0.01925164423685405,5.522113430034839,2.0918816012116292,-0.08613829458373168,-0.3054348608402407
417,8.24265358637732,8.836321577165823,-0.019602991161976224,0.00860821140301666,2.4918970841873556,4.683315236242871,0.11184360706041387,-0.06911645317480572,9.315408063001662,4.979928765676249,0.03428414245843588,0.044964544814267995,2.727192181119704,8.727090986769435,0.0013184622464599031,-0.0032324471026747245,8.794093478981605,0.7867124322504209,-0.0038289369488287346,-0.012989323655067114,5.838987603024519,1.0856528848194587,0.3236217016126212,0.46849956210709764,2.028188658902217,7.8148318680268565,-0.0208416712901808,-0.01242644504340486,8.475091308132615,2.4270658848632913,-0.007592913175801448,0.006284380532252306,0.5224951236562323,3.1472174589424546,-0.055929833625076426,0.059545145502522746,2.8114649283872333,3.467913799556381,-1.2297188720298613,0.25376640131422323,5.724792800812711,7.884706136351171,-0.10619137690213698,0.018849855159171685,4.28845562479125,7.618014443667585,0.014799024115580841,-0.033536148094041686,5.075645589697744,9.000924834257269,-0.031260300056448954,0.025150171188986447,1.560542709756119,3.820710982507253,-0.1928664716461186,0.06860046314628893,8.848928161567827,6.108256050612108,0.15014742120070423,-0.24828687788263862,6.053953297917106,2.1289681787192887,-0.4778623803600138,-0.09507870719117759,4.969395986805036,4.3932905533529025,-0.05614527965111906,0.003365296089266639,4.677326291940631,3.5635364569614607,0.3338218696780895,-0.15642034198127047,7.643436564382658,4.953981190351842,-0.006404340599323341,0.021687509243008142,5.517806515305653,2.076609858169617,-0.05555081848877077,-0.29292537275187974
418,8.241673436819221,8.836751987735973,-0.02035507742810542,0.006917138531593601,2.497489264540376,4.679859413584131,0.10181113148929058,-0.091090512881044,9.317122270124583,4.982176992916962,0.03327949858823573,0.047946458525080025,2.727258104232027,8.726929364414302,0.001067557160639234,-0.0024428336266262376,8.793902032134163,0.7860629660676675,-0.004316067909038906,-0.01310501491924048,5.85516868810515,1.1090778629248135,0.33051908684322023,0.4765285152940036,2.027146575337708,7.814210545774686,-0.020509817856310016,-0.011968320826229712,8.474711662473826,2.427380103889904,-0.00842659814204689,0.005055277110295232,0.5196986319749785,3.1501947162175807,-0.04686827903550109,0.059561403222220394,2.74997898478574,3.480602119622092,-1.1297188720298612,0.15376640131422323,5.7194832319676046,7.885648629109129,-0.10798532340251457,0.019926756475966916,4.289195575997029,7.616337636262883,0.019453003424185916,-0.034683252523505445,5.074082574694922,9.002182342816718,-0.0312242960026567,0.025856921879795918,1.5508993861738132,3.8241410056645675,-0.1727296382017481,0.09376786846927489,8.856435532627861,6.095841706717977,0.13887494033326164,-0.25016328547380984,6.030060178899105,2.12421424335973,-0.5125148225029357,-0.12099926458269547,4.966588722822481,4.393458818157366,-0.05811156473902578,0.002606218421524183,4.6940173854245355,3.5557154398623974,0.3081529982981542,-0.16263610662718067,7.643116347352692,4.955065565813992,-0.007387834274740834,0.024004170142997668,5.515028974381214,2.061963589532023,-0.01981149363341863,-0.27878415393931083
419,8.240655682947816,8.837097844662551,-0.02104603889066777,0.005233543451273679,2.5025798211148405,4.6753048879400785,0.09212440028834251,-0.11212147750480393,9.318786245053996,4.984574315843216,0.032206135727821376,0.05072070490946351,2.727311482090059,8.72680722273297,0.000831148794468819,-0.0016704443733692345,8.79368622873871,0.7854077153217054,-0.004782269340431202,-0.013177995306059592,5.871694642447311,1.1329042886895138,0.3366840457779059,0.483603807958499,2.0261210844448923,7.813612129733374,-0.020122852162204427,-0.011486438109532635,8.474290332566724,2.427632867745419,-0.009240431949621082,0.0038541690539883287,0.5173552180232034,3.1531727863786916,-0.038019324266585636,0.05939466499840424,2.6934930411842473,3.488290439687803,-1.0297188720298611,0.05376640131422322,5.714083965797479,7.886644966932927,-0.10936061805676252,0.020830110408580144,4.290168226168238,7.614603473636707,0.023929900612864544,-0.03573932161572291,5.072521359894789,9.003475188910707,-0.031095837415187587,0.026477104934126822,1.5422629042637257,3.8288293990880313,-0.15262634826720314,0.11802452372724825,8.863379279644525,6.0833335424442865,0.12744898271796684,-0.25134352286218814,6.004434437773958,2.1181642801305953,-0.5534662860182269,-0.1481919246501859,4.96368314458553,4.393589129078442,-0.05996217024626149,0.0018617843765236877,4.709425035339443,3.5475836345310383,0.2820374475035511,-0.16840340184128236,7.642746955638955,4.9562657743211425,-0.008366071292591749,0.026198194316151648,5.514038399699543,2.0480243818350576,0.023194497228687695,-0.26262239864828685
420,8.239603381003283,8.837359521835115,-0.021674973951840364,0.0035627798444461236,2.5071860411292577,4.669698814064838,0.08279150876356542,-0.13220097084752222,9.320396551840387,4.987110351088689,0.03106943333432771,0.05329277379437638,2.727353039529782,8.726723700514302,0.0006092283255745609,-0.00091878864823414,8.79344711527169,0.7847488155564024,-0.0052252589266999876,-0.013209962822436654,5.888528844736206,1.1570844790874386,0.3421084439388652,0.489897609314825,2.025114941836782,7.8130378078278975,-0.019682498668222016,-0.010985476780192866,8.473828310969242,2.4278255761981185,-0.010030669048691323,0.002684761666919535,0.5154542518098741,3.1561425196286117,-0.029400062016429737,0.05905228540155948,2.6420070975827543,3.4909787597535145,-0.9297188720298611,-0.04623359868577678,5.708615934894641,7.887686472453356,-0.11032501696409398,0.021562718222823178,4.291364721198882,7.612816507555921,0.028219447161352475,-0.03670605477449947,5.070966568024029,9.004799044157414,-0.03087898676780637,0.027011829999784274,1.5346315868503655,3.8347306252743936,-0.13256267266931912,0.14136730136568876,8.869751728780424,6.070766366301177,0.1159088625656875,-0.2518522234481602,5.976761123473047,2.110754683898086,-0.6040732389346719,-0.17751243118568244,4.960685036073217,4.3936822182972675,-0.06168255202131848,0.0011737089433140435,4.7235269077146205,3.5391634644389742,0.25559171243808965,-0.17371799079468875,7.642328652074326,4.95757568403695,-0.009337157022773455,0.02826645114443234,5.515198124560977,2.0348932619026434,0.07682340946137961,-0.24374366952502283
421,8.23851963230569,8.837537660827337,-0.02224114899766282,0.0019100571111395608,2.511325616567436,4.663088765522462,0.07381004765408737,-0.15131369914866485,9.321950023507103,4.989774989778408,0.029874561936650654,0.05566907980678424,2.7273835009460607,8.726677761081891,0.00040165620377725637,-0.00019113492315268497,8.793185852325355,0.7840883174152806,-0.0056430193609243165,-0.013202640699967612,5.905634266933149,1.1815793595531798,0.34676598666441166,0.4956177706896364,2.024130816903371,7.812488533988888,-0.019190788738515707,-0.010470011936411696,8.473326777516808,2.4279598142814645,-0.010793806792049889,0.001550480913707925,0.5139842487090527,3.1590951338986897,-0.02102625686121086,0.058543430129771964,2.5955211539812613,3.4886670798192254,-0.8297188720298612,-0.1462335986857768,5.703099684046436,7.8887646083644976,-0.11088753344472557,0.02212816201694784,4.292775693556949,7.610981204817197,0.03231229410103325,-0.03758503280520568,5.069422618685639,9.006149635657403,-0.030577906458767158,0.027462405131799976,1.5280034532168996,3.841798990342678,-0.11254608021773627,0.16379607241589889,8.875547171908709,6.058173755128768,0.10429326597780453,-0.25171559633964213,5.9465574615263135,2.101879062338802,-0.6700056278508773,-0.21044105622791223,4.957600908472151,4.393740903744433,-0.0632605194553645,0.0005777490207111557,4.736306493336525,3.5304775648992397,0.22892966497447978,-0.17857877400258415,7.641861794223187,4.958989006594171,-0.010299255178342763,0.030206126200372597,5.519039295034046,2.0227060784263924,0.14676163694006975,-0.22086129913407562
422,8.237407574855807,8.837633163682893,-0.022744000192536168,0.00028042257354319883,2.5150161189501405,4.655523080565029,0.06516968178587872,-0.16943870012118598,9.323443751603936,4.992558443768748,0.028626454307668265,0.057856912502738056,2.72740358375625,8.726668204335734,0.00020817853555118613,0.0005095036798058314,8.792903701357309,0.7834281853802822,-0.006033786145412395,-0.013157767299660873,5.92297256626637,1.2063602480876616,0.350601533228932,0.5010134325968925,2.0231712774664454,7.811965033392068,-0.018650036881945754,-0.009944469781205108,8.472787087177206,2.42803733832715,-0.011526585951930646,0.00045447709656097233,0.5129329358659921,3.1620223054051784,-0.012912214350408431,0.057879091029891,2.554035210379768,3.4813553998849365,-0.7297188720298612,-0.2462335986857768,5.6975553073742,7.889871016465345,-0.1110583646305779,0.022530738896555567,4.294391308262001,7.609101953176936,0.036200036475021985,-0.03837773412151087,5.067893723362701,9.007522755913993,-0.030196840986427418,0.027830321611828194,1.5223761492060128,3.849988793963473,-0.09259002888048656,0.1853135935847351,8.880761835207599,6.045587975311786,0.09264016805173966,-0.2509613024342187,5.9130571801337695,2.0913570095274063,-0.7617316951104759,-0.24975161085368486,4.954437882499382,4.393769791195469,-0.06468617293310985,0.00010345969942393535,4.747752976585249,3.5215486261991105,0.20216156136040137,-0.18298606000675136,7.64134683146427,4.96049931290419,-0.011250590105329968,0.032014732760302866,5.52637737688105,2.0116630134696885,0.2435215605288937,-0.19143514152869667
423,8.23627037484618,8.837647184811571,-0.02318313467524843,-0.0013212550398675636,2.5182746030394343,4.64705114555897,0.056854485287315897,-0.1865520915041947,9.32487507431932,4.995451289393885,0.02732977784245866,0.05986437471892904,2.727413992683027,8.726693679519725,2.8444453160948898e-05,0.0011803801572539876,8.792602012050038,0.7827702970152992,-0.006396034936050265,-0.013077088790535377,5.940502642927817,1.2314109197175063,0.3535143420336557,0.5063795335301521,2.0222387756223483,7.811467809903007,-0.018062811629149772,-0.009413087923952847,8.47221075787961,2.428060062181978,-0.012225986360393517,-0.0006003695585154922,0.5122873251484716,3.164916259956673,-0.005070609062818565,0.057072062323797086,2.517549266778275,3.4690437199506476,-0.6297188720298612,-0.3462335986857768,5.692002389142671,7.890997553410172,-0.11084881608558717,0.022775394618523334,4.296201310085752,7.607183066470861,0.03987522966217488,-0.03908555382765722,5.06638388131338,9.008914271994584,-0.029740100353214553,0.028117238583034172,1.5177466477619885,3.85925447364271,-0.07271891336009151,0.20592587366671916,8.885393843610185,6.033039910190075,0.08098675693568187,-0.24961831883780908,5.874970595378246,2.078869428984722,-0.8617316951104759,-0.30132703402032307,4.951203573852727,4.39377496418044,-0.06595169098932427,-0.0002257574200744239,4.75786105465327,3.512399323198773,0.1753933864274831,-0.18694041680169157,7.640784301959004,4.962100049542205,-0.012189449345687262,0.03369012146596601,5.538553454907495,2.002091256393254,0.3435215605288937,-0.14986064410997552
424,8.235111218112417,8.837581122059577,-0.023558331445486042,-0.0028903008771288237,2.5211173273038,4.63772354098376,0.048844646221105986,-0.20263032750494597,9.326241563211441,4.998444508129832,0.025988909026862607,0.061700310532581674,2.727415414905685,8.726752698527587,-0.00013797585295519235,0.001819020672014256,8.792282210303235,0.7821164425757724,-0.0067284656932137255,-0.012962360640000349,5.9581783600295,1.256729896394014,0.355332679088706,0.5120561654648056,2.0213356350408906,7.81099715550681,-0.017431901976590284,-0.00887988079315824,8.47159945856159,2.4280300437040525,-0.01288920402346475,-0.0016114394251911962,0.5120337946953307,3.167769863072863,0.0024877251977965444,0.05613686884690984,2.486063323176782,3.451732040016359,-0.5297188720298612,-0.44623359868577683,5.686459948338392,7.892136323141099,-0.11027122473689474,0.022867656562410247,4.298195071568861,7.605228788779478,0.0433313984007642,-0.039709825081967964,5.064896876295719,9.010320133923736,-0.02921204453326046,0.028324967371067628,1.514110702093984,3.869550767326046,-0.05297214763990303,0.22564317936031114,8.889443181456969,6.0205589942481845,0.06936936310515854,-0.24771679005648323,5.831884010622722,2.0638030772837057,-0.9617316951104758,-0.3803194250945885,4.94790598930326,4.393763676309436,-0.06705103729157086,-0.00039238477586470133,4.766630723974644,3.503052302358688,0.14872645786828725,-0.19044199512127818,7.640174829491719,4.963784555615503,-0.01311419063067033,0.035230491094369834,5.55572953293394,1.9945982241877551,0.4435215605288937,-0.08130834233382042
425,8.233933301540143,8.83743660701572,-0.02386954394291919,-0.004422266117085279,2.523559559614855,4.627592024608513,0.04111753703165852,-0.2176528697351783,9.327541008662784,5.001529523656461,0.02460788098980084,0.06337423735935081,2.7274085161130373,8.726843649561188,-0.0002915519416043667,0.0024232395429988275,8.791945787018573,0.7814683245437724,-0.007030046636473715,-0.012815512318762524,5.975944993983935,1.2823327046672541,0.35579754580868095,0.5183933344335385,2.0204640399420613,7.810553161467151,-0.016760259809380607,-0.008348583472762853,8.470954998360417,2.4279494717327927,-0.013513335046611376,-0.0025763402981174265,0.5121581809552206,3.170576706515208,0.009753901448542135,0.05508970543504052,2.459577379575289,3.4294203600820703,-0.42971887202986125,-0.5462335986857768,5.680946387101547,7.893279705969219,-0.10933885571275885,0.02281353407089656,4.300361641488899,7.603243297525379,0.046563084858851495,-0.04025185064205203,5.063436274069056,9.01173638229229,-0.028617049272260348,0.028455443484248364,1.5114620947119888,3.8808329262940617,-0.03340584480081219,0.24448159356097912,8.892911649612227,6.008173154745361,0.05782335816169473,-0.24528787954225595,5.783797425867198,2.044787106028976,-1.0617316951104758,-0.48031942509458847,4.944553437438682,4.393744057070642,-0.06797893917677547,-0.00038469026410552475,4.774067046868058,3.4935302026026243,0.12225965555228974,-0.19348992271309445,7.639519119960186,4.965546080170222,-0.014023400571429763,0.03663436686050424,5.577905610960385,1.9905328070710642,0.5435215605288937,0.018691657666179584
426,8.232739824342996,8.837215493709866,-0.024116914821027752,-0.005912924450749533,2.525615436466438,4.616709381121755,0.03364846173586474,-0.23160434563272586,9.328771402712274,5.004698235524429,0.02319041653498965,0.06489635725541833,2.727393938515957,8.726964811538338,-0.000432779602286911,0.002991118994942524,8.791594284686749,0.7808275489278342,-0.007299802248154118,-0.012638888345451212,5.993734871274369,1.3082523713889311,0.3545632316345142,0.525696536478397,2.019626026951592,7.810135732293513,-0.016050957911518664,-0.007822655331919835,8.470279331608086,2.4278206547178867,-0.014094782370743733,-0.0034928278358131466,0.5126458760276477,3.17333119178696,0.016721289630302283,0.05394823271521673,2.4380914359737957,3.4021086801477813,-0.3297188720298613,-0.6380190421515421,5.675479444315909,7.894420382672764,-0.10806585788722306,0.022619442176766535,4.302689795731841,7.601230704993277,0.04956582138974406,-0.040712960655136535,5.062005421605443,9.013159154466502,-0.02795951103723037,0.028510700570589395,1.509791802471948,3.8930570059721106,-0.014090140363457935,0.2624638918408831,8.89580281752031,5.9959087607682475,0.04638309291596379,-0.24236351130753364,5.730710841111675,2.0207711347742467,-1.161731695110476,-0.5803194250945884,4.941154490479843,4.393724822557437,-0.06873077611106045,-0.00019670067765417004,4.780180029645673,3.4838557064669695,0.09608999297260859,-0.19608352598669893,7.638817949931615,4.9673777985132475,-0.01491596047675672,0.03790083528342497,5.60508168898683,1.9914673899543731,0.6435215605288936,0.11869165766617959
427,8.231533978601945,8.836919847487328,-0.02430074674893106,-0.007358216601162441,2.527297859553231,4.605129163840118,0.02641104036853492,-0.24447579889912302,9.329930923539024,5.0079430533872,0.0217401507438547,0.06627749487199562,2.7273722995358427,8.727114367488085,-0.000562202763247913,0.0035210387673189772,8.791229294574341,0.7801956045105617,-0.007537285066244384,-0.012435488186983451,6.011463032856095,1.3345371982128509,0.3512426674577252,0.5340925881577056,2.0188234790560164,7.809744599526916,-0.015307199473341917,-0.007305241528091154,8.469574592489549,2.427646013326096,-0.014628922192232174,-0.004359584559689198,0.5134819405091627,3.176028603422721,0.023385772147638678,0.05273124668739025,2.4216054923723025,3.3702077280402043,-0.22971887202986127,-0.7197351050110614,5.670076151421547,7.8955513547816025,-0.10646721201170464,0.022292257439586526,4.305168086801329,7.599195056960521,0.05233605091779481,-0.04109444596231632,5.060607446053582,9.014584689495031,-0.02724385808752787,0.028492922292997346,1.5090872954537753,3.9061802005641546,0.0048981359427338785,0.27961853827277844,8.89812197216611,5.983790585202871,0.03508200501967398,-0.2389760616330867,5.672624256356151,1.9917551635195174,-1.261731695110476,-0.6803194250945884,4.93771795167429,4.393714987523555,-0.0693033085516868,0.00017272223499952179,4.784984529294303,3.4740515301676345,0.07031113087942716,-0.1982236254123518,7.638072151907777,4.9692728402774184,-0.015790635661802683,0.03902999861223212,5.637257767013274,1.9974019728376822,0.7435215605288936,0.2186916576661796
428,8.230318941264498,8.836551936657271,-0.024421503502451234,-0.008754277239748049,2.528618411571658,4.592905373895162,0.019378233387870255,-0.25626496139041655,9.331017931076216,5.011256928130799,0.0202605971467818,0.0675289727620349,2.72734418939768,8.727290419426451,-0.000680366047254707,0.004011718636721785,8.79085243032103,0.7795738301012125,-0.007742628557909556,-0.012208870345544943,6.029025166228981,1.361241827620736,0.3455307406773954,0.5433712282650419,2.0180581190823492,7.809379337450512,-0.014532258998255986,-0.006799054436562039,8.468843146379937,2.4274280340981114,-0.015110125342105,-0.005176288575688934,0.5146512291165447,3.178665165757091,0.029746288641583962,0.05145755593230791,2.4101195487708096,3.3342209727896512,-0.12971887202986127,-0.7976311068003864,5.664752790820962,7.896665967653582,-0.1045586150309228,0.021839216394558783,4.307784889347219,7.597140334662405,0.054871201805219164,-0.04139757740076488,5.059245253149205,9.01600933560968,-0.02647450771211348,0.02840442007252578,1.509332202250912,3.9201611274777934,0.023486681462802753,0.2959736035609724,8.899876072417094,5.971841782121217,0.02395253837257314,-0.23515816947063778,5.609537671600627,1.957739192264788,-1.361731695110476,-0.5803194250945884,4.934252786246706,4.393723623635305,-0.06969449793626178,0.0007190680187045399,4.788500085838274,3.464140348897017,0.04501401645857939,-0.19991650940836084,7.6372826201246875,4.97122434020803,-0.016646165319155776,0.040022998746672415,5.674433845039719,2.0083365557209913,0.8435215605288936,0.11869165766617959
429,8.229097866089376,8.836114222795283,-0.02447980217214831,-0.010097433918832869,2.5295873232410515,4.580092125825641,0.012523102633988932,-0.266975486956932,9.332030960933555,5.014633376768901,0.018755178991349902,0.0686624750754964,2.7273101710953176,8.727491005358287,-0.0007878031839225748,0.004462221228386297,8.790465298893134,0.7789633865839353,-0.00791661291521337,-0.011963180111309478,6.04630170326285,1.3884103890339883,0.3374705876108052,0.5529105480926955,2.0173315061324364,7.809039384728684,-0.013729448658353226,-0.00630635401067285,8.468087640112833,2.427169219669327,-0.01553170707921735,-0.005943715716170851,0.5161385435486239,3.181238043553706,0.035804954614858796,0.05014523156729992,2.4036336051693166,3.294339417449632,-0.02971887202986126,-0.8766405847310579,5.659524860069416,7.897757928473309,-0.10235639942192296,0.0212678749258548,4.31052844943748,7.595070455792366,0.057169661009852574,-0.041623609437359495,5.057921527763599,9.017429556613306,-0.025655855653861245,0.028247631241642895,1.510506536324052,3.934959807655842,0.041618286589873765,0.3115497836908027,8.901073699335722,5.960083873647685,0.013026118115142682,-0.23094251174138736,5.541451086845103,1.9287232210100587,-1.261731695110476,-0.48031942509458847,4.930768061349893,4.39375957703624,-0.06990366683981296,0.0014327425519266987,4.790750786661203,3.454144523426599,0.02028636216033382,-0.2011754445569711,7.63645031185873,4.973225490145364,-0.017481189654940547,0.040882078334223936,5.716609923066163,2.0142711386043004,0.7435215605288936,0.018691657666179584
430,8.227873875980768,8.835609351099341,-0.024476441053528614,-0.01138428113399792,2.530213478372751,4.566743351477794,0.005819008554006619,-0.2766161104668129,9.332968719883121,5.018066500522676,0.01722694756293854,0.06968985987950597,2.7272707809361214,8.727714116419707,-0.0008850031450875855,0.004871876768027685,8.790069468247372,0.7783652275783698,-0.008059810652848451,-0.011703189229877493,6.063175232643391,1.416055916438623,0.32771521056315683,0.5622034980194978,2.0166450336995188,7.80872406702815,-0.012902045296769093,-0.005829046743042406,8.467311054758872,2.426872033883518,-0.015885928098238054,-0.006662423992331672,0.5179287912793669,3.1837453051320708,0.04156670300535985,0.04881160774501808,2.4021476615678234,3.2505073882130793,0.07028112797013875,-0.961190467986169,5.65440704009832,7.898821322219602,-0.0998774319138282,0.02058593837938671,4.313386932487973,7.592989275320498,0.059230768370779355,-0.04177389269538004,5.056638734980906,9.018841938175388,-0.024792255027002153,0.02802503859561489,1.5125874506535457,3.950537296840382,0.0592569056203652,0.32635513023539064,8.90172500524148,5.948536748060616,0.0023328973675693834,-0.2263617197038278,5.478364502089579,1.9047072497553292,-1.161731695110476,-0.3803194250945885,4.927272878007902,4.3938312141638365,-0.0699299464019351,0.0023004632098070476,4.79176510476922,3.44408575119875,-0.0037846798629271976,-0.20201584566835928,7.635576252375983,4.975269594062075,-0.018294780293261988,0.04160996486492727,5.753786001092608,2.0152057214876096,0.6435215605288936,-0.08130834233382042
431,8.226650053928092,8.835040137042641,-0.02441234575101984,-0.012611742624989696,2.5305044288004512,4.552912545954453,-0.000760859653770621,-0.2852008818732713,9.333830067261268,5.021550993516652,0.015678269403712308,0.07062247062834279,2.727226530778867,8.727957710258108,-0.0009724412138076947,0.0052402862076452745,8.78966647771473,0.7777800681168759,-0.008172390440935403,-0.01143272958985843,6.079560993171548,1.444166091339598,0.3167219943127747,0.571791972010567,2.0159999314346804,7.8084326146909975,-0.012053330139798719,-0.005368723948221603,8.46651675835396,2.4265389126839016,-0.01616733183139049,-0.007332038218848523,0.5200071264296349,3.1861858855193215,0.04703921894619825,0.0474729099978089,2.40566171796633,3.2024478648137706,0.17028112797013875,-1.055330052750995,5.649413168502629,7.899850619138571,-0.0971389398290115,0.019801293428843875,4.316348470906512,7.590900580685729,0.06105475295188543,-0.041849750122263225,5.055399122229556,9.02024319010517,-0.02388798106410801,0.02773920512928602,1.515550295934564,3.9668550533521514,0.07638856475141952,0.34038055206840995,8.901841650109857,5.937218662075424,-0.008098343384372528,-0.2214485739471755,5.420277917334055,1.8856912785006,-1.0617316951104758,-0.2803194250945885,4.923776380687806,4.393946237324327,-0.06977266409424845,0.0033098759307761596,4.791575870776073,3.433984958915332,-0.027120241269443776,-0.20244664319230826,7.63466151336132,4.977350092305321,-0.019086079122015223,0.04220858030306065,5.785962079119052,2.0111403043709184,0.5435215605288937,-0.18130834233382043
432,8.22542943664054,8.834409549911392,-0.0242885763289232,-0.013777062603876266,2.5304663858177627,4.538652501860789,-0.00724335187853403,-0.2927497261826446,9.334613980731453,5.025082117048068,0.014110924638697887,0.07147099376626505,2.7271779087181764,8.72821972456849,-0.0010505873037304073,0.005567250499626909,8.789257858192684,0.7772084316373831,-0.008254398159055069,-0.01115456235352432,6.095397092887187,1.4727556899401264,0.3042402514601889,0.5831682848063422,2.0153972649276906,7.808164178493587,-0.011186562878009561,-0.004926769236283455,8.46570839176239,2.426172310772959,-0.01637286446916446,-0.007951701527075604,0.5223590873769448,3.188559531019212,0.05223281637652264,0.046144140520203256,2.4141757743648373,3.1496813621762207,0.27028112797013876,-1.155330052750995,5.644556221511178,7.900840683810014,-0.0941584890354637,0.01892195662695563,4.319401208554106,7.588808093179616,0.06264262704735456,-0.04185254482376092,5.05420472317635,9.021630150361634,-0.022947255775262423,0.027392745560636426,1.519369724172135,3.9838740809555717,0.09301798985278507,0.35359881209916283,8.901436732940638,5.9261462333780655,-0.018240228099146154,-0.21623574528725278,5.367191332578532,1.8716753072458705,-0.9617316951104758,-0.23501336135064751,4.920287747483093,4.394111731120866,-0.06943211139604007,0.004449859365058831,4.790219858712601,3.423862626755717,-0.04965081077371746,-0.20247076269575404,7.63370720940522,4.979460521320474,-0.019854166466628034,0.04267925195760717,5.813138157145497,2.0020748872542273,0.4435215605288937,-0.2467461652504688
433,8.224215007824094,8.833720696781198,-0.02410633751582373,-0.014877798031725094,2.530104218223836,4.524015015551657,-0.013655274560612956,-0.2992890386961248,9.335319526963387,5.028655666736381,0.012526207511989108,0.07224536853322264,2.72712537935299,8.72849808709347,-0.00111990652350442,0.005852715107617983,8.788845138284731,0.7766507035197069,-0.008305863682840864,-0.010870476294297963,6.110609105460196,1.5019141041804436,0.2890701041282719,0.5986347826602416,2.01483793678379,7.807917840031773,-0.01030495359620511,-0.004504435672375625,8.464889748538933,2.4257747256966056,-0.01650156643254201,-0.008520322967956748,0.524970728195771,3.190866738045222,0.05716026589660046,0.044838924061065835,2.4276898307633443,3.091914859538671,0.3702811279701388,-1.2553300527509952,5.639848297059404,7.901786781641361,-0.09095395134250679,0.01795601221070082,4.322533339906474,7.586715465938428,0.06399610712530415,-0.04178374236450848,5.053057360387587,9.022999787639666,-0.02197426339030951,0.026988296969846736,1.5240206236647742,4.00155402156053,0.1091626332617242,0.36596700832774565,8.900524721535682,5.915334446113703,-0.02806684046456676,-0.2107555137375338,5.319104747823008,1.8599246391783382,-0.8617316951104759,-0.22440201912783828,4.916816141913292,4.394334224089119,-0.06890993194524435,0.005710487336762341,4.787737318173916,3.4137390886209293,-0.07131576707801507,-0.20208578101268995,7.632714501081888,4.981594483918355,-0.020598047726841994,0.04302295147187653,5.835314235171942,1.9897375789917038,0.3435215605288937,-0.2817064723131269
434,8.223009690948302,8.83297680687961,-0.023867015568097158,-0.01591185010189163,2.5294214544958056,4.509050563616851,-0.020022473383522373,-0.304851429767418,9.335945837338986,5.032267935163042,0.010924965165240724,0.07295471009123447,2.7270693840268145,8.728790722848851,-0.0011808101695043502,0.006096707682981412,8.78842984510059,0.776107179704992,-0.008327059628010933,-0.010581189243589834,6.1250626106666095,1.5318458433134556,0.2690338632665539,0.6210045273208236,2.01432268910398,7.807692618248154,-0.009411575635232811,-0.004102882165181339,8.464064670217306,2.425348709548208,-0.016554352184011613,-0.00903694810253318,0.527828741490601,3.1931086842482754,0.06183672225131841,0.04356866503654233,2.446203887161851,3.0291483569011213,0.47028112797013877,-1.3553300527509953,5.635300599492279,7.902684582251896,-0.0875434656216666,0.016911440951298793,4.325733145262739,7.584626278820203,0.06511761992126311,-0.04164507271324279,5.051958647218072,9.024349202488159,-0.020973144683506473,0.026528430719121622,1.5294787553278604,4.019852371976917,0.12484559538798093,0.37743117119837133,8.899121379512453,5.904796670426826,-0.03755386373265146,-0.205039506073272,5.2760181630674845,1.8487045382219462,-0.7651000325638584,-0.22597462568819007,4.9133706453160295,4.394619748455956,-0.06820959594898936,0.007080809361614837,4.784171529820015,3.4036347995702947,-0.09206244771267301,-0.20128988568138326,7.6316845986955455,4.983745631491948,-0.0213168576087064,0.04324055355596153,5.852490313198387,1.9756522553760474,0.2835856849913766,-0.31148586310684584
435,8.221816340169898,8.832181214374517,-0.023572111050830027,-0.016877373071531226,2.5284203308266293,4.49380799212848,-0.026369956219205758,-0.3094742761333413,9.336492085597248,5.035915670667604,0.009307961693865595,0.07360722761985915,2.7270103435183395,8.729095558233,-0.0012336970684401064,0.006299461140443365,8.78801349211919,0.7755781202428125,-0.008319143508259061,-0.010286841435540857,6.138514303829937,1.562896069679497,0.24083270139530702,0.6534283607314318,2.0138521103222184,7.807487474139895,-0.008509438332033272,-0.0037230134755358957,8.463236952608106,2.4248968621430813,-0.01653334313150342,-0.009501736402587639,0.5309205776031669,3.1952871175001025,0.06627903420618922,0.042341304571806196,2.469717943560358,2.9613818542635717,0.5685819388843173,-1.3880614463252519,5.630923426211195,7.903530154299461,-0.08394533197962871,0.015796276459074526,4.328989026258802,7.58254402518454,0.06601025412312804,-0.04143830644801445,5.0509099899838965,9.025675624024116,-0.019947980742621475,0.02601577864098499,1.5357210350972594,4.038723930536835,0.14008838309242397,0.38793333717473805,8.89724368632582,5.894544695123162,-0.04667842142163996,-0.19911835273763334,5.237763161439291,1.8374058069375367,-0.6881618354349182,-0.2323461882455918,4.90996016551858,4.3949737889240374,-0.06733694951856957,0.00854966810672911,4.779568407434382,3.3935703052862256,-0.11184791927741904,-0.2000816998941678,7.63061875581511,4.985907659169746,-0.022009374183043336,0.0433333373555332,5.866669597447956,1.9600779622207052,0.2517376137527302,-0.34658895375695126
436,8.220637734617357,8.83133734572094,-0.023223311293234343,-0.017772695960534407,2.527101833015669,4.478334278321813,-0.032721792446315213,-0.3131991996762948,9.33695748368194,5.039596032048597,0.007676109825858668,0.07421062510238825,2.7269486586649174,8.729410531290023,-0.0012789871070165884,0.006461299983468989,8.787597534943776,0.7750637781710354,-0.008282679698994256,-0.009988100868797516,6.150555938899703,1.5955674877160686,0.19910870994676666,0.7002227327741081,2.0134266384056168,7.807301323466119,-0.0076014799231123534,-0.0033656331370818028,8.462410285451531,2.4244217753229518,-0.0164390842965891,-0.009915030710585642,0.5342345293134764,3.1974041827286928,0.07050523780886861,0.04116085284237526,2.498147040504574,2.891978781947309,0.6685819388843173,-1.2880614463252518,5.626726159612214,7.904319968122415,-0.08017810593026004,0.014618518242112315,4.332289538964958,7.580472109862139,0.06667759531620372,-0.041165409449869746,5.049912590946765,9.026976412956165,-0.018902879558040136,0.025452978145059122,1.5427254542518807,4.058120597395572,0.15490757827468418,0.3974193329743223,8.894909765254738,5.884588777486281,-0.05541918252514764,-0.1930210898476697,5.203355069667546,1.8257884975252572,-0.6222263696270935,-0.2407642049012386,4.906593318042652,4.395401272329374,-0.0663008520059465,0.010104138989255284,4.773976011470511,3.383566220291517,-0.130638296802886,-0.19846411306518938,7.629518287105958,4.988074326037523,-0.022674431964324095,0.04330387280550548,5.879256478135592,1.9427485145328576,0.2446129159360285,-0.39404194967039263
437,8.219476569052695,8.830448710922912,-0.022822238846261004,-0.018596350419536164,2.525465743393353,4.462674318337998,-0.03910124355604071,-0.31605981191964744,9.337341289173233,5.043306563303717,0.0060304856111412725,0.07477144778526307,2.7268847093095667,8.729733596289197,-0.001317012761569623,0.006583388859757448,8.787183400958826,0.7745643731275955,-0.008218820259482265,-0.009685746837640064,6.160511374397041,1.630578624354774,0.13435966399010754,0.7679057327882661,2.013046564409461,7.807133041809265,-0.006690672434413017,-0.0030302678997350552,8.461588331236701,2.4239260237874225,-0.016272237320163085,-0.01027807452664885,0.5377597912039198,3.1994622253708114,0.0745306636356662,0.04002148702177224,2.5315761374487895,2.8275757096310463,0.7685819388843173,-1.1880614463252517,5.622717254315701,7.905050894034521,-0.07625990473860945,0.013386431614525168,4.335623418730768,7.578413839389646,0.06712439444083704,-0.040827662903425835,5.048967446968863,9.028249061863418,-0.017841605103164335,0.024843035676934848,1.550470833165615,4.077991564044288,0.1693032374867746,0.405847018451007,8.89213880612848,5.874937722993897,-0.06375627563620517,-0.18677542474785622,5.172243751186191,1.8137502872801952,-0.5630792655337873,-0.25004578982507053,4.9032782754423545,4.395906479278836,-0.0651084970085585,0.011729660090688439,4.767444096630367,3.3736430146382577,-0.1484031300091958,-0.19644467583441527,7.628384565507742,4.990239519677798,-0.02331051822777182,0.043154948281697844,5.891487123932394,1.923046417049338,0.26746387268348626,-0.4615048049587927
438,8.218335457110381,8.829518893401936,-0.02237026401977613,-0.01934698145549606,2.523510681215551,4.446871327742016,-0.045533957689067386,-0.31807079072806066,9.33764281345379,5.04704513569298,0.004372604544114142,0.07529484099982679,2.7268188586714883,8.730062765732185,-0.001348039977933961,0.006668252861736281,8.786772459945851,0.7740800857857135,-0.00812953133606033,-0.009380781920685621,6.167229357596546,1.6689739109941872,0.034359663990107536,0.8672994727745176,2.0127120307877404,7.806981528414278,-0.005780211973758475,-0.0027144170411129917,8.460774719370693,2.42341212006109,-0.016033723826214673,-0.01059344431107189,0.5414863243857031,3.2014632997219,0.07836341567985246,0.038904170082830564,2.5700052343930055,2.768172637314784,0.8685819388843172,-1.0880614463252516,5.618904259078771,7.905720215615247,-0.07220797987718817,0.012108910929971513,4.33897963845281,7.576372456244475,0.06735687555862101,-0.040424929799153485,5.048075366713705,9.029491213647265,-0.016767384181513686,0.02418966332586536,1.5589359950399537,4.098283914966838,0.18325321953634244,0.41319587420256965,8.88895099234667,5.865598951756504,-0.0716711063066662,-0.18040766283101367,5.144089787909502,1.8012479977889417,-0.5084458015286704,-0.25960754575975287,4.9000228505919265,4.396492962283371,-0.06376208059431479,0.013410557199921107,4.760023940129908,3.363820780846537,-0.1651116208128518,-0.1940388935250287,7.627219039596353,4.992397267091883,-0.023915256828036375,0.04288937847359988,5.904860317566568,1.8999711768013983,0.336909524159306,-0.5603485762674735
439,8.217216943909392,8.82855154432916,-0.021868898204530907,-0.020023472919003436,2.5212339833310975,4.4309677882056135,-0.0520510331151101,-0.31924908235538724,9.337861443680996,5.050809877742972,0.0027041885602399323,0.07578476031330864,2.7267514566725914,8.730396178375273,-0.0013723766505351427,0.006718339682352332,8.786365983379048,0.7736110466896793,-0.008017225919405834,-0.009073934581103825,6.168947340796051,1.712338884632913,-0.06564033600989247,0.9672994727745176,2.0124230201890523,7.8068458075622225,-0.004873197281797371,-0.002415818943433409,8.459973033179383,2.422882447845536,-0.015724780368667538,-0.010864561920397638,0.5454044951696957,3.2034085082260417,0.082007448690686,0.03779147192803287,2.6134343313372215,2.7137695649985214,0.9685819388843172,-0.9880614463252516,5.615293860084911,7.906325661161746,-0.06803960943382237,0.01079471895525542,4.342347482230741,7.574351209754518,0.06738153142897418,-0.039957304669897525,5.047236997504629,9.03070069681356,-0.015683451558054215,0.023496525897008864,1.568098656016771,4.118943708676966,0.19674140292161438,0.41946448258288904,8.885367437031336,5.856578568614953,-0.07914687826459059,-0.17394237529158418,5.118667497833068,1.788267620500954,-0.4570264880029286,-0.2691277198810312,4.89683474656221,4.397163490143367,-0.062265026370502595,0.015132250558448931,4.751768359089265,3.354118836170285,-0.1807362339339431,-0.19126230399849756,7.626023276754951,4.994541736015563,-0.024486157323472365,0.042510543752917254,5.921705793774533,1.8719537479880246,0.43690952415930595,-0.6603485762674735
440,8.216123498999165,8.82755037068321,-0.021319789819343654,-0.020624924046859647,2.518631431675342,4.415005334087844,-0.05868957501907801,-0.31961436092475654,9.337996653109007,5.054599115758637,0.001027288290499989,0.076243968471662,2.7266828378400647,8.73073209535939,-0.0013903895332129101,0.006736013546859128,8.785965122083077,0.7731573499606241,-0.007884455105478546,-0.008765593843528104,6.165665323995556,1.760703858271639,-0.16564033600989247,1.0672994727745175,2.0121793603249625,7.806725016615051,-0.0039726509055425276,-0.002132455353948659,8.45918679416095,2.4223392197495164,-0.015346927271332538,-0.011095637833924523,0.54950486760423,3.2052980818224435,0.08546341756119444,0.036668195033963985,2.6618634282814373,2.664366492682259,1.0685819388843172,-0.8880614463252516,5.6118918796132204,7.906865397109509,-0.06377205378397204,0.009452482568453806,4.34571655880219,7.572353344521023,0.06720506309913417,-0.03942509346598042,5.046452824926726,9.03187552310841,-0.014593055652170665,0.02276724708867193,1.5779357261628517,4.13991693280611,0.20976134783486386,0.4246638421246953,8.881410093118106,5.847881449850374,-0.08616863741620433,-0.16740225333846928,5.095816173432922,1.7748112345069025,-0.4080746399020953,-0.2784101156673315,4.893721495243685,4.397920102671289,-0.060622354810615196,0.01688127171488962,4.742731547392568,3.3445557209703605,-0.19525320942300425,-0.1881312049828659,7.624798968888777,4.996667263203209,-0.02502055480075193,0.042022519864998976,5.943551269982499,1.8389363191746508,0.5369095241593059,-0.7603485762674734
441,8.215057509508197,8.826519124480868,-0.020724737066092264,-0.021150615774326562,2.5156969529243884,4.399024616041607,-0.0654930968597167,-0.31918887307618893,9.338048017523532,5.05841131418222,-0.0006556661396336027,0.0766741727380255,2.726613318363404,8.731068896036732,-0.0014025323645778468,0.006723540226937007,8.785570899327803,0.7727190702684478,-0.007731940381103704,-0.008456011374695024,6.157383307195062,1.8140688319103648,-0.26564033600989245,1.1672994727745176,2.0119807277796853,7.806618393847353,-0.003081551513914848,-0.001862570066025296,8.458419447797382,2.42178443785782,-0.01490160261637937,-0.01129002038501825,0.5537780384822897,3.207131491574142,0.0887295990322832,0.03552159620941924,2.715292525225653,2.619963420365996,1.1685819388843173,-0.7880614463252517,5.608703276924022,7.907338021237932,-0.0594225304309453,0.008090693710599714,4.349076811957146,7.570382089847724,0.06683429996498173,-0.038828791154785144,5.045723172144118,9.033013885462843,-0.013499478167367709,0.0220054144807914,1.5884237935545948,4.161150124912345,0.22231812435251108,0.42881187004079113,8.877101661247295,5.839511337183451,-0.09272336889427761,-0.16080794584772823,5.075412441437818,1.7608907287235358,-0.361113966678791,-0.28730662279422664,4.890690377503154,4.398764166257034,-0.05884106362114658,0.018645686092951398,4.732968886921418,3.335149160721217,-0.20864368077141748,-0.184662886052266,7.62354794114874,4.998768389196459,-0.025515674592142927,0.0414301439349374,5.970396746190464,1.8009188903612772,0.6369095241593059,-0.8603485762674734
442,8.214021272654893,8.825461593692152,-0.020085610383103143,-0.021600081981990177,2.5124222980814026,4.383065172387798,-0.07251197026388692,-0.31799603563476303,9.33801523421655,5.062245022819122,-0.0023419762406226025,0.0770755682854492,2.7265431917451752,8.731405073048078,-0.0014093099899224139,0.006683188374513532,8.785184302308748,0.772296269699713,-0.007559503137515835,-0.008144432978558012,6.144101290394567,1.8724338055490908,-0.36564033600989243,1.0672994727745175,2.0118266502039894,7.806525265344052,-0.0022028315307078498,-0.0016045172700899623,8.457674367666563,2.421219936838569,-0.01439259777144869,-0.011450580468516606,0.5582145184339038,3.208907571384613,0.0918022978209359,0.03434159880231037,2.773721622169869,2.5805603480497337,1.2685819388843174,-0.6880614463252517,5.605732150402474,7.907742555923462,-0.055007987679620333,0.006717727274015889,4.352418526955395,7.568440650289985,0.06627630529996653,-0.03816892294029715,5.04504819823575,9.034114156186883,-0.012405930247776102,0.021214620029953495,1.5995396997722204,4.182590718414384,0.23442858394259258,0.4319294847376211,8.872465492802581,5.831470939891064,-0.09880005490976679,-0.15417841781702127,5.057356743103878,1.7465253975838244,-0.3157672882800642,-0.2957020584325466,4.887748324322097,4.399696450561682,-0.05692927675844485,0.020416640297915952,4.722536702882847,3.3259160164186037,-0.22089349917034345,-0.18087150537464153,7.6222721574191326,5.000839896393206,-0.02596833741350304,0.04073814983373987,6.002242222398429,1.7579014615479034,0.7369095241593059,-0.7603485762674734
443,8.213016992135739,8.824381589593052,-0.01940434013400467,-0.02197310487099693,2.508796699568208,4.36716537060606,-0.07980323779185838,-0.31605925433874504,9.337898135404519,5.066098801233394,-0.004028632462977034,0.07744685877485696,2.726472726245679,8.731739232466804,-0.0014112801529206703,0.006617236143540234,8.784806327151871,0.7718890480507851,-0.0073657502658477075,-0.007829117870626059,6.125819273594073,1.9257987791878166,-0.4656403360098924,0.9672994727745176,2.011716508627454,7.806445039480548,-0.0013393827707197043,-0.001356744857597771,8.456954737777991,2.420647407815143,-0.013826252539490873,-0.011579309523850462,0.5628046333249506,3.2106246513247285,0.09467650199545508,0.033120698826292545,2.837150719114085,2.546157275733471,1.3685819388843175,-0.5880614463252517,5.602981751018493,7.908078442287162,-0.050545039250045214,0.0053418343400405185,4.355732342220393,7.566532204142971,0.06553834977993855,-0.037446015317580496,5.0444279017233615,9.035174887188381,-0.011315539831080735,0.020398464339426263,1.6112611289693501,4.204187192651266,0.2461212459749636,0.4340371570546632,8.867525490057092,5.823762019000213,-0.1043897206617891,-0.14753098475384324,5.041568378689875,1.7317402946621971,-0.27173006089394314,-0.3035160745656044,4.884901860484175,4.4007172825765775,-0.054896314946741714,0.022188585676458997,4.711492027924329,3.316872441149872,-0.23199362648889665,-0.1767679267845571,7.620973740548457,5.0028768038848925,-0.026374916622823843,0.03995108471678063,6.039087698606394,1.7198840327345297,0.8369095241593059,-0.6603485762674735
444,8.21204677512904,8.823282934349503,-0.01868294125400104,-0.022269794822690783,2.5048065376786153,4.351362407889122,-0.08743007688186645,-0.31340015040452746,9.33769670378137,5.069971144172136,-0.005712656280223602,0.07778532990991999,2.726402162238033,8.73207009427398,-0.0014090026956638897,0.006527964272016742,8.784438039638578,0.7714975921572538,-0.007146621840516266,-0.007508403615553585,6.102537256793578,1.9741637528265426,-0.5656403360098924,0.8672994727745176,2.0116495394889182,7.806377202237668,-0.0004940043670720966,-0.0011177659394576978,8.456263425151016,2.4200684423389505,-0.013210498573571346,-0.011674467259100492,0.5675384584247233,3.2122806862660434,0.09734630007380142,0.0318538009781245,2.905579816058301,2.5167542034172086,1.4234506181641904,-0.4730627206280203,5.600454499055991,7.908345534004164,-0.04604983709640582,0.003970980138235032,4.35900925970939,7.564659903377091,0.06462800875361437,-0.03666066472839366,5.043862124731808,9.036194810405352,-0.010231296045257033,0.01956048703350973,1.6235671912680982,4.225889050503999,0.2574355457193344,0.43515217887115853,8.862306004024003,5.816385469762521,-0.1094857848002252,-0.1408815266219317,5.027981875645177,1.7165644909339168,-0.2287565755216475,-0.3107013187205252,4.882157044736838,4.401826711860401,-0.05275095793834726,0.023959338343287385,4.699892346599884,3.308034044810644,-0.24193827449838212,-0.17235536044551256,7.619654994717316,5.004874358120731,-0.02673211481548122,0.03907241448332188,6.080933174814359,1.686866603921156,0.9369095241593058,-0.5603485762674735
445,8.211112628066338,8.822169444608368,-0.017923555799662247,-0.022490548910778528,2.500435033834522,4.335692400368896,-0.0954602795769928,-0.31003701636516134,9.33741107096736,5.073860410667632,-0.007390841089444615,0.07808732835316823,2.7263317121032498,8.732396492487581,-0.0014030241931621411,0.00641758178247967,8.784080708546552,0.7711221719764761,-0.006896904254931,-0.007181997604810716,6.074255239993084,2.0175287264652684,-0.577363221042037,0.7672994727745176,2.0116248392705645,7.806321313940695,0.00033064766661423137,-0.000886234811882959,8.455602900222338,2.4194847189759954,-0.012551690084768358,-0.011731963302333318,0.5724057734284134,3.2138733763149494,0.09980542350366665,0.03053808395948573,2.9767523469665105,2.4931010673858074,1.4569519831469022,-0.35677852906853674,5.598152007201171,7.908544083011076,-0.04153812246043594,0.0026127372151625115,4.362240660147071,7.562826870140672,0.06355309886802864,-0.03581369605200866,5.043350559929545,9.037172834757028,-0.00915608435000718,0.0187041034655025,1.636438968554065,4.247646659447557,0.2684210423297192,0.4352861668504836,8.856831714783992,5.809341393431424,-0.1140840682319082,-0.13424423592099594,5.016544046869095,1.7010294249978906,-0.1866545618881415,-0.3172478000634833,4.8795194968399205,4.403024678777565,-0.0505012598664292,0.025727877990921737,4.687795432874965,3.299416276788368,-0.25072140394790665,-0.1676322532572206,7.618318388976542,5.006827978844897,-0.027037396941576433,0.038105345133299544,6.127778651022324,1.6588491751077823,0.9170688113927977,-0.4603485762674735
446,8.210216450276356,8.82104491716283,-0.017128420392314332,-0.022636140666330955,2.495662019855672,4.320190549550638,-0.10396156194347375,-0.3059786567907156,9.337041528912888,5.0777647770852905,-0.009059849542826666,0.07834825411603004,2.7262615608935916,8.732717371576705,-0.0013936863297531338,0.006288365906692454,8.783735863333806,0.7707630720962356,-0.006610872495646151,-0.00685097342784181,6.0453870789409825,2.055893700103994,-0.5130015735960345,0.6672994727745176,2.0116413716538952,7.806277002200101,0.0011322895318121812,-0.0006606216960784428,8.4549753157181,2.4188981208108786,-0.011854696417812364,-0.011745767483865096,0.5773960446035967,3.215400280512924,0.1020438288750692,0.029173763024510083,3.0495999461238554,2.4752621409323807,1.479566053605485,-0.24674742758191143,5.596075101078149,7.908674719871835,-0.03702500809953396,0.0012741239031354812,4.365418315090473,7.561036185338072,0.0623219806790951,-0.0349062205602676,5.042892755712044,9.038108039930304,-0.008092530357621723,0.017832557989963093,1.649860020670551,4.269410967790081,0.2791349606161572,0.43444726841010456,8.851127511372397,5.802629181635375,-0.11818289453846999,-0.12763187254107597,5.007211318774688,1.6851670349947163,-0.14529081803920046,-0.3231640238916002,4.876994433846599,4.404311072677111,-0.04815435070465015,0.02749190189227351,4.675259362677569,3.2910346641255073,-0.2583399371261733,-0.16259733802363457,7.6169665191294635,5.008733246101562,-0.0272892562378774,0.037052534538979824,6.173632091591964,1.6358317462944085,0.8215325499771917,-0.3603485762674735
447,8.20936002925674,8.819913110129514,-0.016299832308007037,-0.022707663692158753,2.4904639417584984,4.304891616711102,-0.11300240337258453,-0.30122473809525924,9.336588536435746,5.081682189791092,-0.010715899607924765,0.07856256120236545,2.726191876577104,8.733031789872038,-0.0013812271625006187,0.006142580491505048,8.783405319709024,0.7704205234248436,-0.006285716284110882,-0.006516905092055064,6.0197370002611805,2.08925867374272,-0.45152900313094785,0.5672994727745176,2.011697986130486,7.806243971115297,0.001908884586970635,-0.0004394008450537071,8.454382580897208,2.4183108324366853,-0.011123721428726061,-0.01171180302224223,0.5824982360473502,3.216858968664149,0.10405089565563366,0.02776339695645669,3.1235782488041295,2.462924769553285,1.379566053605485,-0.14674742758191142,5.594223850673172,7.908738426066991,-0.032525019403227724,-3.829996317847848e-05,4.368534414124428,7.559290874310058,0.06094334554321252,-0.033939585507830314,5.0424881291941634,9.038999667829803,-0.007043062832089968,0.01694895609822439,1.6638167687013588,4.2911333312105855,0.28964102310403966,0.43263460472415655,8.845218366645474,5.796247588008321,-0.12178280772797327,-0.12105584687785483,4.9999467778727285,1.6690088338001363,-0.1045920881783285,-0.32846209710082785,4.8745867163113665,4.405685667771725,-0.04571657024384441,0.029248489527434005,4.662342365821261,3.2829047972243255,-0.2647914077557706,-0.15724856702177237,7.615602056317569,5.010585872828511,-0.02748665080814681,0.03591660079970079,6.214708719090823,1.6178143174810349,0.7291997545388063,-0.26034857626747354
448,8.20854503764134,8.818777726944907,-0.015440212297392541,-0.022706391926970323,2.484813821589869,4.2898303798063395,-0.12265009859008744,-0.2957660256921308,9.336052741455351,5.08561031785121,-0.012354424613849049,0.0787243775175215,2.7261228152189787,8.733338918896614,-0.001365887248278889,0.005982310693040632,8.783091033894818,0.7700946781702408,-0.005921121005698506,-0.006182112832504649,5.997160550104633,2.117623647381446,-0.4005298891426019,0.4837431212105926,2.0117934303598344,7.806222001073044,0.0026585665855618106,-0.00022131856236607496,8.453826394825771,2.4177252422855733,-0.010360561686405005,-0.011628735136620657,0.5877007808301319,3.218247138511972,0.10581725009544245,0.02631110186544092,3.1925565514844036,2.4555873981741896,1.279566053605485,-0.046747427581911416,5.592597599703011,7.908736511068832,-0.028052314958083233,-0.0013184091527128768,4.371581581401588,7.557593895034667,0.05942589948490038,-0.03291550739014302,5.042135976052559,9.039847115634714,-0.006010068343688785,0.016056239220335757,1.6782988198565607,4.312765061446793,0.3000078315659929,0.429834622772571,8.839129226259075,5.790194795664428,-0.12488636988836546,-0.11452586422593242,4.994717173463812,1.652585728945095,-0.06456612495817378,-0.3331499914328434,4.872300887799175,4.407148092248097,-0.04319522100306261,0.030992894928924587,4.649102795433473,3.275042368873237,-0.27007500701802667,-0.15158784486690635,7.614227723777162,5.012381702868495,-0.027628921764236612,0.03470136216887811,6.251168706817763,1.6047968886676611,0.6476495256632807,-0.17937323586701243
449,8.20777302702647,8.817642407348558,-0.01455210981757937,-0.02263413889762082,2.4786813166603645,4.275042078521733,-0.13296047139349365,-0.28957433335777794,9.335435020224658,5.089546536727086,-0.013970868588593392,0.07882706604951852,2.726054520856565,8.733638034431266,-0.0013474230809424569,0.0058095798121322526,8.782794977844533,0.7697855725286156,-0.00551925493199883,-0.0058486952497564726,5.977134055647503,2.1418108034419756,-0.35701627319713003,0.42463519814564793,2.0119263586891125,7.806210935144925,0.0033802652266652095,-4.937676924724659e-06,8.453308366741451,2.417143805528742,-0.009567430611156603,-0.01149678901477652,0.5929916433349041,3.219562693605244,0.10732811338835824,0.02482558534610658,3.256534854164678,2.453250026795094,1.1795660536054848,0.05325257241808859,5.591194983955107,7.908670590611196,-0.023620296195716553,-0.002561117986238024,4.374552876375833,7.5559481196651594,0.057779073199730774,-0.03183653698851222,5.041835472635374,9.04064992759573,-0.004995557382533137,0.0151568983979414,1.6932992114348604,4.334256792585422,0.3103059187478342,0.4260278197064226,8.832884907764656,5.784468502453132,-0.1274986487109486,-0.10805080104198697,4.991488867215903,1.6359282293734527,-0.025279968266674148,-0.3372231882354376,4.870141126749021,4.408697736994543,-0.04059903401334151,0.03271244000491681,4.6355990450825715,3.2674629766298917,-0.2742040029015256,-0.1456330397949305,7.61284627768895,5.01411677097694,-0.027716710137707927,0.03341019776864871,6.283551183100927,1.5958282268743105,0.5739188517302797,-0.12324221387185672
450,8.207045421535591,8.816510700403677,-0.013638107880813965,-0.022492881574148013,2.4720332930906896,4.260563361853844,-0.14398666314176117,-0.2826079794580157,9.334736476795229,5.093487890029563,-0.015560135792002711,0.07886369587919023,2.725987149702518,8.733928513421873,-0.0013256699873235478,0.005626381073027197,8.782519015097934,0.7694931377661277,-0.005083213203826723,-0.005518545475780887,5.959283241987647,2.163042563349258,-0.31835979152854527,0.3780020357349978,2.012095371950446,7.806210688261079,0.004072899128282344,0.0002110796589616211,8.452829995210893,2.416568966078003,-0.008746495547619589,-0.011317351829280302,0.598358049004322,3.2208039728725497,0.10857148246683081,0.023314860021089203,3.3155131568449523,2.4559126554159985,1.0795660536054847,0.1532525724180886,5.590013969145321,7.908542534711884,-0.019241784532511345,-0.0037615984294518123,4.37744183003582,7.554356292815734,0.056012319293012744,-0.030705233925358243,5.041585694766248,9.041407772515628,-0.004001437140896461,0.014253393733812653,1.708814507372252,4.355558183570743,0.32060289979222695,0.4211776611952639,8.82650997532911,5.779065962401033,-0.12962655667541653,-0.10163841610820375,4.990224868802569,1.619067069961681,0.013176254030162725,-0.34067394501849957,4.868111175048354,4.410333358994789,-0.037936054910577194,0.03439469978808824,4.621888844937495,3.260181324640145,-0.27719436477826576,-0.1394069231791973,7.611460442182065,5.015787280865372,-0.027750647808534843,0.03204684206939187,6.312247125687441,1.5896661161807177,0.5054222864731565,-0.07997600457846371
451,8.20636351614155,8.81538605632497,-0.012700797260565132,-0.022284739478026446,2.4648339599336015,4.246432962880943,-0.15577558241403616,-0.27481152160431377,9.333958470005628,5.097431074823522,-0.01711663260681269,0.07882715532804986,2.7259208662031518,8.734209832475525,-0.0013005494197688954,0.005434695743442635,8.782264854437743,0.7692172104923387,-0.004616754752797531,-0.005193087863632955,5.94336525241122,2.181942665136008,-0.282970943074594,0.3384551745693387,2.01229901690686,7.806221242244027,0.0047353650749695385,0.00042799533314574105,8.452392670433511,2.4160030984865393,-0.007900467731516952,-0.011092865661296079,0.6037866231276635,3.221969715873604,0.1095377678472448,0.021786168192204962,3.3694914595252263,2.463575284036903,0.9795660536054848,0.25325257241808863,5.589051879918696,7.908354454790412,-0.01492898692086483,-0.004915235790054398,4.38024244600047,7.552821031119466,0.05413507558838693,-0.029524105030987277,5.0413856229092024,9.042120442202318,-0.003029504953039119,0.01334817941036881,1.7248446523618635,4.376617066630506,0.33096008576187336,0.41523039370517656,8.820028647495338,5.7739840415956225,-0.13127869216144117,-0.09529554099256651,4.990883681504077,1.6020333727107559,0.050702640848853384,-0.34349308127793593,4.866214372302825,4.412053093984193,-0.035213910122670056,0.03602818160073711,4.6080291266985824,3.253210978481185,-0.2790660160430664,-0.13293773737817322,7.610072909791638,5.0173896229688415,-0.027731150885495427,0.03061532741260973,6.337518240011099,1.5856673159517944,0.44062106008019475,-0.04417989013212557
452,8.205728476278523,8.814271819351069,-0.011742773782352922,-0.02201197313433542,2.4570451808128997,4.232692386800728,-0.16836403790954504,-0.2661158393147373,9.333102638375287,5.101372432589924,-0.018634377215424637,0.07871033077968641,2.7258558387321634,8.734481567262698,-0.0012720572525252237,0.005236486195278202,8.782034016700104,0.7689575560991571,-0.004124130234217464,-0.004873395995534463,5.92921670525749,2.1988654238644747,-0.2498663137799006,0.30324984594577015,2.0125357851606083,7.806242642010685,0.00536655574493226,0.0006469972261454624,8.451997647046936,2.4154484552034745,-0.007032433678041189,-0.010826537302730062,0.6092635115200258,3.2230590242832142,0.11021949720183015,0.02024596979198078,3.4184697622055005,2.4762379126578073,0.8795660536054848,0.3532525724180886,5.588305430572652,7.908108693000909,-0.010693470811100149,-0.0060176541715092164,4.3829491997798895,7.5513448258679166,0.05215675574772907,-0.028295615923044293,5.041234147661551,9.042787851172836,-0.002081440415888752,0.01244368984831249,1.7413926566499571,4.397378586315765,0.34142894434165544,0.4081153458924847,8.813464712887265,5.7692192645459945,-0.1324652519762421,-0.08902824348812392,4.99341881354652,1.584858718646859,0.0871959650292093,-0.3456703918144026,4.864453676796692,4.41385450306423,-0.032439575265534315,0.03760234044253418,4.594075825896429,3.2465640916122767,-0.27984287021370435,-0.1262595974566044,7.608686352247363,5.018920389339472,-0.027658515077942498,0.029119898218151165,6.3595492930151085,1.583458321445188,0.37858451035012386,-0.013102290188864912
453,8.205141337589405,8.813171220694352,-0.010766633692998987,-0.0216769786978467,2.4486269789174226,4.219386594834991,-0.18177489466412353,-0.25643868482085824,9.332170919514516,5.105307949128909,-0.02010710314808816,0.07850627136370826,2.725792235869537,8.734743391572461,-0.001240254963818479,0.005033690372283586,8.781827810188393,0.7687138862993803,-0.003609966183894917,-0.004560255089983568,5.916723389568495,2.214027916161763,-0.21842808572812053,0.27087388579896354,2.0128041129478547,7.806274991871992,0.00596537311274162,0.0008692010406712819,8.451646025363033,2.414907128338338,-0.006145759294765748,-0.01052216216156561,0.6147744863801173,3.2240713227728133,0.11061107375924281,0.018699935219867552,3.4624480648857747,2.4939005412787116,0.7795660536054848,0.4532525724180886,5.587770757032097,7.907807810292333,-0.0065461443120670105,-0.007064733293946173,4.385557037567276,7.549930045071764,0.050086736253736344,-0.027022196443882256,5.041130075640757,9.043410035665252,-0.001158799693440193,0.01154232985255474,1.7584641038670399,4.417784353610389,0.35204754569964086,0.39974570769579354,8.806841450288454,5.764767852371588,-0.13319791723181196,-0.08284197888172945,4.9977786117979806,1.5675751990561388,0.12255376210041788,-0.3471947551508501,4.862831698033415,4.415734620086357,-0.029619230453842165,0.03910757342950408,4.580083682385744,3.2402511117394464,-0.2795533590788952,-0.11941331278745164,7.607303426493466,5.02037638425038,-0.02753297170919095,0.02756495717018212,6.3784785185326145,1.5828032069357447,0.3187464502649171,0.014776418881193493
454,8.204603005904755,8.81208737175946,-0.009774968130575946,-0.021282280971564992,2.4395382341842167,4.206564660593949,-0.19601345794357997,-0.24568567811794367,9.33116556435711,5.109233262697094,-0.021528363624995123,0.07820833743811957,2.7257302231213463,8.734995076091076,-0.001205262260494869,0.0048282173340225675,8.781647311879198,0.7684858735448812,-0.003079170417791328,-0.004254199444241301,5.905801985282089,2.227571610451711,-0.18826587287717442,0.24044850188382627,2.013102381603492,7.806318451924025,0.006530739254650356,0.0010956523606119254,8.451338737398295,2.41438102023026,-0.0052440315170719926,-0.010183993165615855,0.6203050400680795,3.2250063195338066,0.110708577610245,0.017152939343424177,3.501426367566049,2.5165631698996163,0.6795660536054848,0.5532525724180886,5.587443449816494,7.907454573627636,-0.002497239709384042,-0.008052620807607425,4.388061374379963,7.548578935249569,0.04793434291308189,-0.02570624240600838,5.041072135656084,9.043987152157879,-0.00026301086002588074,0.01064646684091275,1.776066481152022,4.437771638995179,0.36283720543639064,0.3900197755314222,8.800181554426864,5.760625753427502,-0.13348972414012322,-0.07674172884797745,5.003906299903002,1.5502154612985963,0.15667721173658516,-0.34805420535274434,4.8613507365107225,4.417689998757832,-0.026758149036032342,0.04053518807337894,4.566106014431798,3.234280446100074,-0.2782315261205601,-0.11244755031129482,7.605926777908007,5.021754632108888,-0.02735472666296352,0.025955022951354198,6.39441584104586,1.5835420278798045,0.2607652144077741,0.04034323592786969
455,8.204114257498226,8.811023257710882,-0.008770357153542645,-0.02083052568539665,2.4297375612870376,4.194280376688051,-0.21106427658310234,-0.2337516498579436,9.330089146175862,5.113143679569,-0.02289163739209652,0.07781033102063711,2.7256699600083216,8.735236486957778,-0.0011672505133861716,0.00462194366909209,8.781493353358307,0.7682731635726692,-0.0025368459239090823,-0.003955537822056326,5.89638869163823,2.2395940355459025,-0.15913439976175905,0.21144330149235577,2.013428918566224,7.806373234542056,0.007061605438652519,0.0013273290214169569,8.451076535822441,2.413871820571979,-0.004331021291326898,-0.009816628695745152,0.6258404689485918,3.225863966500978,0.11050960217436909,0.015609053988891893,3.535404670246323,2.5442257985205208,0.5795660536054849,0.6349275871394904,5.5873185878310245,7.907051942587255,0.001443700366273299,-0.008977741842081019,4.390458091525617,7.547293623129269,0.0457088380238025,-0.02435011480876677,5.041058985113083,9.044519475499925,0.0006046301328197312,0.009758424343955248,1.7942083414238414,4.45727262777175,0.37379952267121636,0.3788225742874613,8.793507068219858,5.756788666985103,-0.13335492623858738,-0.0707321262303932,5.011740160489831,1.532812751030959,0.18947330385327552,-0.3482361190281079,4.860012829058921,4.419716758161501,-0.023860597678046564,0.04187733911791601,4.55219443812577,3.228658068584509,-0.2759188346482938,-0.10542028469955027,7.604559041574858,5.023052383256456,-0.02712399134218577,0.024294692324255334,6.407454101766248,1.585559189676198,0.20444028774182774,0.06413765128739682
456,8.203675739640548,8.809981731426612,-0.00775536358804323,-0.020324471441050512,2.4191843474578825,4.182592794195155,-0.22688851694397896,-0.22052215938842679,9.328944564306257,5.117034196120032,-0.02419043467300137,0.0773066068722715,2.7256115974826525,8.735467584141233,-0.0011264366401695317,0.004416710638005848,8.781366511062112,0.7680753866815664,-0.0019882085098994274,-0.0036643731442392476,5.888431971650142,2.2501662006205203,-0.13088269557172155,0.18352920676041568,2.013781998838157,7.8064396009931265,0.007556960092589346,0.0015651438467205563,8.450859984757875,2.413380989137192,-0.0034106589055656364,-0.00942490889849885,0.6313659490573102,3.226644419200422,0.11001312051669511,0.014071537210419044,3.5643829729265972,2.575972177877495,0.4795660536054849,0.6987747793459341,5.587390772849338,7.906603055495151,0.005267834449786462,-0.009836806721288019,4.392743533426807,7.54607611738883,0.043419408684268426,-0.0229561372635976,5.041089216619724,9.045007396717123,0.0014429630420318476,0.008880476339797588,1.8128983175574023,4.476213756486123,0.3849139674707006,0.36602768940100877,8.786839321907928,5.753252060673583,-0.1328088527233126,-0.06481756403564834,5.021213825682494,1.5154009450795536,0.22085650958431335,-0.3477276036378103,4.858819799175019,4.421810625117397,-0.020929738048359313,0.043126927763522296,4.538398496393356,3.2233870543495313,-0.2726668781983112,-0.09840039540833835,7.603202842007749,5.024267117872668,-0.026841010029678126,0.02258860391148937,6.4176761161533395,1.5887660722405679,0.14966088145361056,0.0864989433965924
457,8.203287971461146,8.808965507854559,-0.006732587387194794,-0.019767019069600537,2.4078399216106834,4.1715666862257335,-0.24342004623114316,-0.2058758999119367,9.327735042572607,5.120899526463645,-0.025418485441133416,0.07669220644515398,2.725555275650644,8.735688419673133,-0.0010830454774877788,0.004214172352912203,8.781267100636617,0.7678921680243544,-0.0014384048396123318,-0.0033805388577841304,5.881887836871556,2.259342660958541,-0.10342124305287131,0.15649869543390177,2.0141598468427864,7.806517858185463,0.008015928934058659,0.0018097552481740765,8.450689451812597,2.412909743692267,-0.002487000675843611,-0.009013652650696136,0.636866605083145,3.227347996060943,0.10921972328020588,0.012543361662866738,3.5883612756068715,2.6109109168447917,0.3795660536054849,0.7511370252929154,5.587654164571828,7.906111215159087,0.00896693161565179,-0.010626974683849686,4.3949145038610204,7.54492831052565,0.041075087797824664,-0.021526853651123713,5.041161364771826,9.045451420534112,0.002250923725535843,0.008014723445127672,1.8321440159309372,4.494515140956174,0.3961372642696247,0.35149872655166553,8.780198879271763,5.750011182471801,-0.1318678769374564,-0.0590022674174457,5.03225665116171,1.498014564897663,0.2507523482526852,-0.3465156116685176,4.8577733122726015,4.423966971505573,-0.017969012885159227,0.04427662747878709,4.5247651524834405,3.218467034579114,-0.2685428935749498,-0.09146569277479576,7.601860791506265,5.025396548068243,-0.0265063099127301,0.020841447796605385,6.42515916022602,1.5930910194103975,0.09637363328291437,0.10764777560128648
458,8.202951342091787,8.80797715690108,-0.005704660142281896,-0.01916120359342609,2.3956689192991263,4.161272891230136,-0.26056394717406467,-0.18968531722534865,9.326464118300551,5.124734136785903,-0.02656983797914364,0.07596293154829152,2.7255011233767696,8.735899128290779,-0.0010372994851517209,0.004015795306503344,8.781195180394636,0.7677231410814652,-0.000892430484798887,-0.0031036251086915792,5.876716774718912,2.267167595730236,-0.07670032388258849,0.1302189579460741,2.014560643289489,7.806608345947871,0.00843778895447241,0.0020615760223619173,8.450565101778805,2.412459061059732,-0.001564199581402418,-0.008587562436134804,0.6423275912471552,3.2279751641440866,0.10813142815279371,0.011027178020312051,3.607339578287146,2.6484677681094375,0.2795660536054849,0.7961075742574307,5.58810251115261,7.905579866424895,0.012533377688556347,-0.011345864897647318,4.3969682582509115,7.543851967843094,0.038684748205027986,-0.020065033117391884,5.041273910958103,9.045852156706369,0.0030275482851059854,0.007163086083394601,1.8519508791444184,4.512090077283757,0.4074022032688319,0.33509087680285315,8.773605485424891,5.747061069100929,-0.1305492794324123,-0.0532903649444864,5.044794268574344,1.4806887843142371,0.27909820288659637,-0.344588443310065,4.856874861628343,4.426180802879513,-0.014982197499056514,0.045318629357946665,4.511338007804693,3.2138937499403744,-0.2636314814296746,-0.08470094988894016,7.600535476010629,5.026438620458073,-0.02612073189241721,0.01905793974747103,6.429977841890166,1.598473408190462,0.04456099902410697,0.12773334396679906
459,8.202666109084673,8.807019096721408,-0.004674220062006065,-0.018510172898393025,2.382640721940423,4.1517886253688685,-0.27819622561172935,-0.1718163087021225,9.325135626401593,5.128532283363318,-0.027638921126399523,0.0751153850592576,2.725449258402512,8.736099918056103,-0.0009894202254176268,0.0038229046329987383,8.781150558870397,0.7675679598260307,-0.0003550881738108732,-0.0028330341457973415,5.872881758524783,2.2736785436275397,-0.05069515304265258,0.10460292405472758,2.014982532737213,7.806711424748989,0.008821951239401398,0.0023208404955341573,8.450486891799734,2.4120296829379253,-0.0006464801621884005,-0.00815119157135117,0.6477341626547949,3.2285265230451023,0.10675142180626519,0.009525120628865437,3.6213178809674202,2.688273146822309,0.17956605360548492,0.8365799908062377,5.588729180037038,7.905012573180012,0.01596020940824304,-0.011991513822423248,4.398902495661163,7.542848716187224,0.036257115769374064,-0.018573589986176413,5.041425288372358,9.046210311010539,0.003771989008434768,0.006327336719817382,1.87232098930786,4.528844621123899,0.41861661916716403,0.31665194404904545,8.76707802145327,5.744396550853705,-0.1288710776221971,-0.04768594777902523,5.058749178718673,1.463459362148734,0.30584288192576115,-0.3419374384706699,4.856125751753391,4.42844673434741,-0.011972986345464265,0.04624469848221439,4.498156433733209,3.2096587024459273,-0.25803412953281457,-0.07819470505660665,7.599229439416008,5.027391517445446,-0.02568538187664657,0.01724278606316568,6.432205891841371,1.6048600753888018,-0.005773739928554782,0.1468620587547469
460,8.202432398081573,8.806093588076488,-0.0036438940378796768,-0.017817169969154414,2.368730910659836,4.1431978099337625,-0.29616364649631766,-0.15212716391985687,9.323753680345273,5.13228805261628,-0.02862060652579891,0.0741469979189583,2.725399787391241,8.736291063287753,-0.0009396278107197723,0.003636711638854223,8.781132804461707,0.7674263081187408,0.00016905742258156308,-0.002568026634865589,5.87034700087265,2.278908689830276,-0.025395081313421292,0.07959052299032204,2.015423630299183,7.806827466773766,0.009167952956231977,0.0025876459240481227,8.450454567791624,2.4116221233593578,0.0002618869533664972,-0.007708900820406687,0.6530717337451082,3.2290027790765454,0.10508389605438122,0.008038689092358038,3.6302961836476944,2.730102146362621,0.07956605360548491,0.8747155050589119,5.589527190507449,7.904412997488891,0.01924113337756011,-0.012562347905082016,4.400715351449632,7.541920036687916,0.0338007717930875,-0.01705553238087422,5.04161388782278,9.04652667784653,0.004483523509994607,0.005509119067973098,1.8932518202662183,4.544677218326352,0.42966279555991566,0.29602236235733287,8.76063446757216,5.742012253464754,-0.1268518728901671,-0.04219310968882116,5.074041322814962,1.4463624902252004,0.3309461137921715,-0.3385583319868557,4.855527102436118,4.430758969271521,-0.00894474710072341,0.047046174728951486,4.485254727256568,3.205748967193097,-0.25186665087974835,-0.07203316652086962,7.597945170322175,5.028253656748604,-0.025201601937131973,0.01540065644905095,6.431917204844943,1.6122031783265391,-0.054617277930917286,0.16511608253179438
461,8.202250203379679,8.80520272957803,-0.002616283570348131,-0.017085517029731243,2.35392272833502,4.13559145173777,-0.31428345401618774,-0.1304663121635909,9.322322650018984,5.135995402512228,-0.0295102655929009,0.07305604152142896,2.725352806000705,8.736472898869696,-0.0008881390107094339,0.003458331696336614,8.781141257332836,0.7672979067869975,0.0006757231189104311,-0.002307762913386466,5.869077246806979,2.282888215979792,-0.0007952491137012442,0.055135634814023254,2.0158820279469944,7.806956849069968,0.009475454668355537,0.002861981049901785,8.450467662139292,2.4112366783183377,0.0011566114672948383,-0.007264812663295212,0.6583259285478272,3.229404713531163,0.10313394079496906,0.00656866706221093,3.6342744863279686,2.773837921615567,-0.020433946394515096,0.9121001346095409,5.590489247176327,7.903784880093637,0.022370536011626856,-0.013057164158015395,4.402405390039286,7.541067260068872,0.03132415018289878,-0.01551392630823758,5.041838063998279,9.046802133799927,0.005161560107443989,0.00470996044277059,1.914734960044214,4.559478336444219,0.44039686421486585,0.2730339194122357,8.754291873927652,5.739902597980313,-0.1245107115874017,-0.036815970354750795,5.0905886285045705,1.4294345736258576,0.35437800784659323,-0.3344522437599703,4.855079865081081,4.433111278007968,-0.005900378333240841,0.04771393950996607,4.47266139471258,3.2021473088670533,-0.24525277336408172,-0.06629098588888578,7.596685090225319,5.029023689571057,-0.024670951310937612,0.01353616222161418,6.429186340948397,1.6204589824531288,-0.10195459209144045,0.18256618351214496
462,8.202119389201162,8.804348453726544,-0.0015939531526676532,-0.016318600917436275,2.338208555634211,4.1290681361295904,-0.33234258456050875,-0.10666849299849007,9.320847136739339,5.139648204588299,-0.03030381862945701,0.07184162621406633,2.7253083990501694,8.736645815454512,-0.000835164162877037,0.0032887966789163186,8.781175043488782,0.7671825186413281,0.001160946390636252,-0.002051340650148001,5.869037484351294,2.2856449977204933,0.02311040160496422,0.031196027361036913,2.016355800680412,7.807099948122462,0.009744241452015865,0.0031437479944531866,8.450525492712657,2.410873437685173,0.002033411304159026,-0.006822767148171347,0.6634826255875756,3.2297331468842736,0.10090747568290681,0.00511506107800052,3.633252789008243,2.819442928346044,-0.1204339463945151,0.9496368743168149,5.591607773976909,7.903132021885736,0.025343487369079404,-0.013475115502376372,4.4039715975484315,7.540291563753461,0.028835531981154294,-0.013951869580514177,5.042096142003651,9.047037631822066,0.0058056408771028625,0.003931279935306145,1.9367548032549573,4.573130032414831,0.4506477093634201,0.24750687297481058,8.748066338348282,5.738061799462575,-0.12186695887331817,-0.03155868409441902,5.1083075288969,1.4127119614378592,0.37611854845900455,-0.32962628503527514,4.854784846164419,4.435496974983466,-0.0028422483727937164,0.048238356783716047,4.460398756044376,3.198832759572609,-0.23831198713799687,-0.061019547728342824,7.595451542659772,5.029700497682137,-0.024095193006594278,0.011653838710520465,6.424088611343825,1.629587291628736,-0.14777590017145628,0.19928156291675547
463,8.202039691543527,8.803532523680671,-0.0005794207067431956,-0.015519859545227208,2.3215914264061857,4.123734711479666,-0.35009584428496743,-0.08054895027591763,9.319331945807866,5.143240285899003,-0.03099777510876612,0.07050368756628039,2.7252666408420256,8.736810255288457,-0.0007809026900341061,0.0031290634717227096,8.781233090808314,0.7670799516088207,0.0016211195082130425,-0.001797829112850379,5.870193004431542,2.287204799088545,0.04633557751427696,0.007724481661849272,2.016843012753013,7.807257135522185,0.009974227601937549,0.0034327801096159342,8.450627163277865,2.4105322993277642,0.002888042582390167,-0.006386280878326649,0.668527999371721,3.229988899938174,0.09841121200155183,0.003677053446482801,3.6272310916885173,2.8669247720618847,-0.2204339463945151,0.9870644283552565,5.592874948345363,7.902458266110617,0.028155739900744825,-0.013815700165911299,4.405413374147489,7.539593970274435,0.026343038390187066,-0.012372474214844439,5.042386424047507,9.047234195818831,0.006415442975753453,0.003174393163235087,1.9592871887231282,4.585505376063571,0.46021479806373666,0.2192450936499946,8.741972990404616,5.7364838652578545,-0.11894018554212468,-0.026425435907043892,5.127113456319851,1.3962306471860955,0.39615719291372253,-0.3240937864249304,4.854642733745779,4.4379088928226516,0.00022778162656296235,0.04860919047865781,4.448483156687476,3.195781782186192,-0.2311403887205838,-0.05623505598842907,7.594246783009442,5.030283189617664,-0.023476284914526125,0.009758131713059918,6.416699816335252,1.6395513697745736,-0.19208312227840144,0.2153384260278169
464,8.20201072050819,8.802756530703409,0.0004248494061612246,-0.014692769772587554,2.3040866341919375,4.1197072639658705,-0.3672623464884185,-0.05189515319574499,9.317782057052428,5.146765470277317,-0.0315892655463732,0.06904296291554032,2.725227595707524,8.736966708462043,-0.0007255366091839645,0.002980017656731456,8.781314146783725,0.7669900601531782,0.002053019462983423,-0.0015462993925405423,5.8725097833072555,2.2875910231716374,0.06890826519871812,-0.015340306304129386,2.01734172413311,7.807428774527666,0.01016546610776397,0.0037288552070497546,8.450771565406985,2.410212985283848,0.003716332710222995,-0.0059585085941827355,0.6734485599717986,3.230172752610498,0.09565264180334236,0.0022529727328404634,3.6162093943687914,2.9162779934796474,-0.3204339463945151,1.0217950409469723,5.594282735340401,7.901767481102322,0.030803721370855682,-0.014078756744014969,4.406730526066998,7.538975346563693,0.023854622044480526,-0.010778860144635393,5.042707196196295,9.047392915476992,0.006990778033172811,0.002440512532241042,1.9822979286263152,4.596467630746071,0.468864231084801,0.18802875139834715,8.73602598112751,5.735162593462502,-0.1157500690641152,-0.021420426336078557,5.146921315965537,1.380025957864849,0.4144926384472841,-0.31787417634115445,4.854654122827107,4.440339352346585,0.0033082196327001902,0.04881549728706737,4.436926137251446,3.1929700293867707,-0.22378545085551335,-0.051910816528645654,7.593072968763716,5.030771096203317,-0.022816377163008918,0.007853389061515642,6.407095660221332,1.6503182910759644,-0.23489657613925513,0.23082869573863482
465,8.202031962978497,8.80202189221478,0.001416448845815296,-0.013840837680632642,2.2857235168675167,4.117112506306083,-0.3835192190117633,-0.020455329931794407,9.31620259377511,5.150217618423094,-0.032076067109589074,0.06746096192347077,2.725191318877065,8.73711570934488,-0.000669220646015815,0.0028424676647595894,8.781416797756874,0.7669127451835511,0.0024538368476134725,-0.001295848990243392,5.875955196567191,2.286824007856431,0.09087830611798589,-0.038084436600334344,2.017849997438498,7.807615217288018,0.010318166537187687,0.0040316986333032035,8.450957382042496,2.409915059854139,0.004514218812004639,-0.005542203929575898,0.6782311920619658,3.23028540124714,0.09264005506569895,0.0008402999918308526,3.6001876970490656,2.967367745526996,-0.42043394639451515,1.046440607519519,5.595822921408944,7.9010635432651215,0.03328451833001021,-0.014264470180795442,4.407923257169222,7.538436403556461,0.021378054028671656,-0.009174169887935344,5.043056735097953,9.047514941103604,0.007531588192166666,0.0017307390909596725,2.005741140180555,4.605869068315989,0.47632211197871205,0.1536038393989275,8.730238477674304,5.734091572145698,-0.11231631190887578,-0.016547845730600086,5.167645947887902,1.3641322490477914,0.431132819895784,-0.3109925544734435,4.854819533808742,4.442780127210938,0.006397612624027547,0.048845494382761145,4.425736864708671,3.1903744885603382,-0.21621994961576996,-0.04797960122264466,7.591932149905565,5.031163765656393,-0.02211782161583946,0.0059438605818684116,6.395350831414369,1.6618597258628962,-0.27626264431098424,0.24587025898392226
466,8.202102785420788,8.801329850330749,0.0023930185362643673,-0.01296759347205944,2.2665475559169286,4.116089739809493,-0.3984910843664035,0.014077313690330523,9.31459879041963,5.153590666519267,-0.032456627904925525,0.06575993714266509,2.725157857844764,8.737257832728119,-0.0006120660190416402,0.0027171171733986676,8.781539489599254,0.7668479527340389,0.002821210887284274,-0.0010456176537272884,5.880499111873091,2.284919786026414,0.11232687837679521,-0.06063283857575512,2.0183659057653576,7.807816802219683,0.010432730010798797,0.004340960832556655,8.451183092983097,2.40963794965766,0.0052777962529084255,-0.0051396709702862505,0.6828631948152507,3.2303274162467313,0.08938258700582219,-0.0005642422675206642,3.57916599972934,3.019689775902972,-0.5204339463945151,1.0439389927177025,5.597487147325444,7.900350319756082,0.03559584077353093,-0.014373400892802937,4.408992159870656,7.5379776950620645,0.018920899380781148,-0.007561627238557084,5.043433314507562,9.047601478058152,0.0080379349174167,0.0010460365423185815,2.0295572457794906,4.613549260285935,0.4822640081295768,0.11566743185305749,8.72462266207886,5.733264179859169,-0.10865858391200331,-0.011811836532188268,5.189202588882691,1.3485826213241192,0.4460952069633707,-0.30347901483282924,4.855139414439943,4.445222401930076,0.00949385913761205,0.04868641301917903,4.414925867227882,3.187975508499206,-0.2083259712156693,-0.044350681042316965,7.590826258824773,5.031460958685487,-0.021383206864229773,0.004033714279388021,6.3815376991988195,1.6741532388120923,-0.316263291286466,0.26062047743940603
467,8.2022224363476,8.800681470657146,0.003352222635557808,-0.012076595476797253,2.2466230016986084,4.11679360549401,-0.4117328886669581,0.05208655985014981,9.312975959024383,5.1568786633764,-0.032730099701373486,0.06394286502326323,2.725127254543812,8.737393688586788,-0.0005541119485228388,0.002604488175910728,8.781680550143617,0.7667956718513526,0.0031532850814301903,-0.0007947886334273089,5.886115455791931,2.281888144097626,0.13337926289165103,-0.08316911107958944,2.0188875422658974,7.808033850261311,0.010509820303255974,0.004656133688422912,8.451446982795742,2.4093809661091456,0.006003387200712213,-0.004752689399471733,0.6873323241655418,3.230299204133355,0.08589029308461874,-0.0019644114841945995,3.5531443024096143,3.071886725538857,-0.6204339463945151,0.9788706235167449,5.599266939364121,7.899631649711441,0.037735946805149426,-0.014406562739244566,4.409938204839695,7.537599613700136,0.016490463366899633,-0.005944689938922191,5.043835211253432,9.047653779885268,0.008509971565176539,0.0003871670500021735,2.0536704461859694,4.619332631878588,0.4862987344137048,0.07384689759807443,8.71918973288326,5.732673588032559,-0.10479650264753507,-0.007216438231044318,5.2115073492308595,1.3334086705824777,0.45940749900852074,-0.29536778170767664,4.855614107396824,4.447656722581035,0.012592832905642434,0.04832439204723191,4.404509568667098,3.1857579744470903,-0.19990372097592135,-0.0409398001462688,7.589757098481561,5.031662644399456,-0.0206154456304324,0.0021270858804514504,6.365724534634496,1.6871842626840625,-0.35502861657664486,0.2752955019949357
468,8.202390047479378,8.800077640883305,0.004291683335949966,-0.011171451535342445,2.2260363572652606,4.119397933486518,-0.42270197337195653,0.0940645105024957,9.311339454039315,5.160075806627563,-0.03289639674311065,0.062013455890221704,2.725099548946386,8.737523912995584,-0.0004952737641928408,0.0025047375350440984,8.78183821439769,0.7667559324196812,0.0034488102082232946,-0.0005425649151191462,5.892784418936513,2.277729688543647,0.15422301616440554,-0.10596518497783862,2.0194130332810603,7.808266656945732,0.010550509638105138,0.004976329895721755,8.451747152155779,2.409143331639172,0.0066876485241841605,-0.004382381312149135,0.6916268388197727,3.230200983559145,0.08217422867170139,-0.0033637515244618055,3.5221226050898884,3.120830256714694,-0.7204339463945151,0.8788706235167449,5.601153736704378,7.898911321574479,0.03970348326432724,-0.014365599559542405,4.41076272800804,7.53730237920319,0.01409366893888678,-0.004327396372628023,5.044260709831691,9.047673138237768,0.008947880514245103,-0.0002454516535220413,2.077985382906655,4.623024976758491,0.48794375990576316,0.02767015797538043,8.713949907750884,5.732312766121007,-0.10074967835394362,-0.00276550211341389,5.234477724181286,1.318640281497094,0.471108871668791,-0.2866962333207231,4.856243749042106,4.450072942183397,0.015685705193915135,0.04774458639120186,4.394514382618302,3.183710984439777,-0.1907159635078119,-0.03769939575348172,7.58872632620004,5.031768998693479,-0.01981796393365436,0.00022819639478727422,6.347973103805663,1.7009490377838092,-0.3927542036359535,0.2901995121725008
469,8.202604631646176,8.79951906830654,0.005208841399690847,-0.010255871118775203,2.2049012585966627,4.1241011590116425,-0.4307122888677798,0.14065772930260692,9.30969463420216,5.163176479422074,-0.03295630909532706,0.05997622373340978,2.725074785258176,8.737649149872336,-0.0004352497917487388,0.0024172606010457666,8.7820106549081,0.7667288041739253,0.003707338780626549,-0.00028810312441607955,5.900495569744733,2.272431429294755,0.1751349508515518,-0.12942777064129768,2.0199405587629653,7.808515473440519,0.010556568252307339,0.005299780782749982,8.452081534581987,2.4089242125735644,0.007327751791036881,-0.004028967354654691,0.6957355502533578,3.2300327959829223,0.07824645913382423,-0.004764050125497927,3.4861009077701626,3.1647737878905313,-0.8204339463945151,0.778870623516745,5.603138910867595,7.898193041596502,0.04149716043238047,-0.014253145005193962,4.411467411454984,7.537086009384558,0.011736785569728682,-0.00271508420528663,5.044708103857403,9.047660865655091,0.009351738009383792,-0.0008520394764985349,2.102382570901943,4.62440848465726,0.48658783506868203,-0.02347785070443069,8.708912423833187,5.7321744910153365,-0.09653786785323772,0.001537449012011494,5.258033167764725,1.3043054698310577,0.4812520037426388,-0.27750389099973366,4.857028034301801,4.452460171502957,0.01875399501997614,0.0469319213338177,4.384978584442912,3.1818260146521027,-0.1805624731772904,-0.034626852078064506,7.587735428003357,5.031780408513218,-0.01899507108072687,-0.0016584003513255808,6.328335393623866,1.7154590133924343,-0.4297260811777829,0.3057710231248707
470,8.202865073716161,8.799006274750601,0.006101067900266385,-0.00933358146690938,2.1833656441532736,4.131134045476773,-0.4348722405080323,0.1927331855824977,9.308046818747393,5.166175290608744,-0.032911322753855714,0.057836349771903106,2.7250530227685887,8.737770012902388,-0.0003735835726411101,0.0023409326391626737,8.782196021847133,0.7667143990177046,0.003929016231460658,-3.064731475337616e-05,5.909252317287311,2.26596004076269,0.19651853561760607,-0.15417766342077938,2.0204683871755806,7.808780462479656,0.010530307006562158,0.005624145158879391,8.452447922171539,2.4087227642058315,0.007921349484688091,-0.0036920752816107464,0.699647873210049,3.2297945934766474,0.07411961816305718,-0.006166082608309902,3.445079210450437,3.2037173190663686,-0.920433946394515,0.678870623516745,5.6052137688892145,7.897480384346243,0.043115888696245934,-0.014072513344473105,4.41205425073347,7.536950255174294,0.00942548652315876,-0.0011139274833073508,5.045175690757872,9.047618263681267,0.009721568612570716,-0.0014332432649511752,2.126711962655377,4.623234592122039,0.4814226837789516,-0.08041872297738274,8.704085530440524,5.732251363465937,-0.0921807157466164,0.005689221562024894,5.282095767951857,1.290430275281071,0.4899000501303857,-0.267829783884299,4.8579657340528,4.454806767569648,0.021772746229434977,0.04587384326077006,4.375950460784048,3.1800946720481993,-0.16935529583066622,-0.03174975727636628,7.58678567444932,5.031697488495652,-0.018151496039854345,-0.0035279079811385296,6.3068490895649765,1.7307475645486778,-0.46636107208420374,0.3226580875789821
471,8.203170127111175,8.798539595677255,0.006965811267567516,-0.008408236047768658,2.161622032127872,4.140770704755898,-0.43397919958536474,0.25147675214113324,9.3064012526097,5.169067108097339,-0.03276342338164363,0.055599510372524225,2.725034343589957,8.737887059534346,-0.0003097469369064749,0.0022744657426368134,8.782392472658707,0.7667128666519669,0.0041143362118509896,0.00023034759778463223,5.919078244068191,2.258251157591651,0.2189636766305987,-0.18118357697822815,2.0209949025259086,7.8090616697376,0.01047433812154505,0.005946975190541037,8.452843989645773,2.408538160441751,0.008466482761982363,-0.003371069959940627,0.7033538541182018,3.229486289346232,0.06980665737584786,-0.007570766258440177,3.3990575131307112,3.237660850242206,-1.0204339463945151,0.578870623516745,5.607369563324027,7.896776758679019,0.0445590111098862,-0.013827303311381673,4.412525525059628,7.536894558800129,0.007165002786478485,0.0004697266806304018,5.0456617691885,9.04754660151802,0.010057441991712757,-0.001989851182010635,2.1507830968443247,4.619213655973169,0.4713285703759319,-0.14427838398554996,8.699476494653194,5.732535824544039,-0.08769747031817622,0.009686910823222102,5.306590770458376,1.2770387860868562,0.49712385800601655,-0.25770950408261767,4.859054371364271,4.457100459732687,0.024715298783865677,0.044562027710626326,4.367482695992514,3.178507184184381,-0.15713221765052868,-0.02909817043356587,7.585878099647328,5.031521093096595,-0.017291879593281056,-0.005375477987079294,6.283531035960766,1.746880468927627,-0.503269737101343,0.34184834530856034
472,8.203518417674553,8.798119183874867,0.007800605738313266,-0.007483399354156926,2.1399230721486036,4.153344542362954,-0.4263262924629937,0.3185499787611492,9.304763081440617,5.171847083615965,-0.032515057658209265,0.053271815506259014,2.7250188562431115,8.738000782821478,-0.0002431398414100629,0.002216413949606479,8.782598189469299,0.7667243840318562,0.004264112963876921,0.0004952128098863193,5.930026427899721,2.2491919787427395,0.2433480785639145,-0.21200009590452304,2.021518619431986,7.809359018497127,0.010391578054633602,0.006265733653770783,8.453267313783872,2.408369606943754,0.008961596692213665,-0.0030650780484294416,0.7068441869869942,3.2291077510333097,0.06532081151197505,-0.008978948540098033,3.3480358158109853,3.266604381418043,-1.1204339463945152,0.47887062351674503,5.609597513879521,7.8960853935134505,0.04582628178808659,-0.013521366264598773,4.412883775198952,7.53691804513416,0.004960093924665676,0.002029376045718737,5.046164641288086,9.04744710895892,0.010359464534580294,-0.0025227834475702636,2.1743495253631213,4.611999736773892,0.45468055591875867,-0.21664348583419096,8.695091621137285,5.7330201700852,-0.08310693975267548,0.013527930729655253,5.331446963358677,1.2641533108827252,0.503001465864969,-0.24717291148038928,4.8602901363034645,4.459328561118219,0.027554014291178416,0.04299286705377352,4.359626085109988,3.1770522756627027,-0.14402631226419252,-0.02668251628960937,7.585013505667664,5.031252319197241,-0.016420732417296247,-0.0071962280952091295,6.2583675491056985,1.763972886193055,-0.5413575012203812,0.36490531808785553
473,8.203908447961469,8.797745013907159,0.008603079788446804,-0.006562533811156484,2.1186067575254537,4.169272041301012,-0.40934760065800924,0.39634719765247867,9.303137328557707,5.1745106743912785,-0.03216909503884207,0.05085974729619494,2.725006699251041,8.73811160351896,-0.00017308966734173582,0.002165183700084115,8.782811395117493,0.7667491446723504,0.004379452991577454,0.0007640648632910925,5.942193831827916,2.2385919739475133,0.2710121730794959,-0.24922282106330348,2.0220381983347178,7.809672305179816,0.010285246912034408,0.006577820698791406,8.453715393618483,2.4082163530413325,0.009405553945652385,-0.0027730092436159632,0.710110227562593,3.228658803606305,0.06067551300803861,-0.010391123137806043,3.2920141184912595,3.29054791259388,-1.2204339463945153,0.37887062351674505,5.611888827968926,7.89540932520022,0.04691784888918053,-0.013158775083058244,4.413131779895186,7.537019513936446,0.0028150280565233284,0.003558385320293273,5.046682614514815,9.047320969786542,0.010627773714897214,-0.0030330820919895482,2.197083553159059,4.601167562482182,0.4289934643554828,-0.2998185232959769,8.690936274149651,5.733696566621683,-0.07842745799797225,0.01721003796800445,5.356597036651926,1.2517946653087058,0.5076165541879738,-0.2362419916470581,4.8616678370180235,4.461478204470907,0.030261133831669305,0.041167712281692095,4.352424769496778,3.175718149848222,-0.13022527809143697,-0.024487609621328392,7.5841924690467994,5.030892507792481,-0.015542405552099256,-0.00898526827349061,6.2312996740446795,1.7822181520974478,-0.5819982489796307,0.394422002514944
474,8.20433860195089,8.7974168872166,0.00937096451138347,-0.005648988993425488,2.0981393774925534,4.189089401183636,-0.3789264041800211,0.48843364776568443,9.301528873805765,5.177053661756088,-0.031728791103872535,0.04837009961617231,2.724998044767674,8.738219862703964,-9.884973436338198e-05,0.0021190515645954132,8.783030367767072,0.766787347915515,0.004461728624085863,0.0010368050184074336,5.955744440481891,2.226130832894348,0.3040767174281489,-0.29742690255727877,2.0225524606803194,7.810001196214755,0.010158863079716416,0.006880613930050641,8.454185671315765,2.4080777025791518,0.00979764961227316,-0.0024935706372243584,0.713144003212995,3.2281392474494144,0.055884238584598546,-0.011807047783896091,3.2309924211715337,3.3094914437697174,-1.3204339463945154,0.2788706235167451,5.614234720413385,7.894751386446067,0.04783424317740831,-0.012743794850329563,4.413272531298012,7.5371974332024605,0.000733574359714322,0.005050012392659738,5.047214003200559,9.047169315681943,0.010862536032080518,-0.0035218996279091077,2.218533226376833,4.586176636317383,0.3902301755251127,-0.3972645359211537,8.687014901249752,5.7345570685200835,-0.07367686004933657,0.02073135012581461,5.381977864361325,1.2399825657263528,0.5110552889308799,-0.22492929116176333,4.863180893709607,4.463536590084992,0.03280969368336841,0.039092875472117816,4.345913505592207,3.1744937693671558,-0.1159362377093443,-0.022477698167078695,7.583415348769194,5.030443244378806,-0.01466107468315221,-0.01073773384868842,6.202199761595698,1.801939252223195,-0.627348942675511,0.4349583701592734
475,8.20480715017646,8.79713443776693,0.010102101863761667,-0.004745993541127777,2.079193057283552,4.21351108357192,-0.32794224698192653,0.5884336477656844,9.299942434250571,5.179472166736897,-0.031197754207148005,0.04580991952590465,2.7249931022809557,8.738325815282193,-1.9596430137205022e-05,0.002076192214065671,8.783253454198276,0.7668391881664354,0.004512558208240022,0.0013131159522137303,5.970948276353298,2.211259487766484,0.34605387880993166,-0.3652984690458332,2.023060403834305,7.810345226911258,0.010016231373596656,0.007171528196392565,8.454675553796378,2.4079530240472904,0.010137630901169712,-0.002225267044324364,0.7159382151422249,3.2275488950602194,0.05096026099859591,-0.013225222736800593,3.164970723851808,3.3234349749455547,-1.4204339463945155,0.17887062351674507,5.6166264325722555,7.894114196703551,0.04857637349028715,-0.012280857008959247,4.413309210015997,7.537449933822093,-0.0012809868972454412,0.0064974381851461115,5.0477571300021635,9.046993220700548,0.011063949763315012,-0.00399048664403331,2.238044735153089,4.566313409521325,0.33134884139657567,-0.4972645359211537,8.683331058247285,5.735593636026374,-0.06887246704240822,0.024090357449797466,5.407530628807868,1.2287361011682647,0.513400831705003,-0.21323779715429125,4.864821378393775,4.4654912338585975,0.03517440618854366,0.036779418913089765,4.340116693706739,3.173369884458802,-0.10136175117059928,-0.020605690276576643,7.5826822950350365,5.029906357686372,-0.01378074066596615,-0.012448826319300634,6.170832314461922,1.8236871707311586,-0.6809553452790815,0.4951731304969332
476,8.205312255269648,8.796897138089873,0.010794452816232406,-0.003856650584147618,2.062795944934456,4.242932765960203,-0.2429189546274006,0.6884336477656844,9.298382546540214,5.181762662713192,-0.030579918449349514,0.043186450671831196,2.7249921224594487,8.738429624892897,6.55760925239719e-05,0.002034722086009452,8.783479082108688,0.766904843964046,0.0045338021827813,0.0015924521119603419,5.988250970293795,2.1929945643141924,0.4030934598491883,-0.46529846904583316,2.023561215402985,7.810703803321077,0.009861421533249015,0.007448106945060793,8.455182435341436,2.4078417606950744,0.01042572573873436,-0.0019663720576596167,0.7184862281921547,3.226887633923379,0.04591625790775133,-0.014642163539560837,3.093949026532082,3.332378506121392,-1.4979858987544277,0.07770615891221173,5.6190552512467695,7.893500153853103,0.04914553174001289,-0.01177453934427139,4.413245160671135,7.537774805731351,-0.003225828347682266,0.007893799888630638,5.048310327490329,9.046793696368347,0.011232254794724044,-0.004440178109027729,2.254612177222918,4.541450182725268,0.23895064037500013,-0.5972645359211537,8.679887434895164,5.736798153898865,-0.06403108272950966,0.027285926751502834,5.433200670393118,1.21807421131055,0.5147246080531369,-0.2011639100335628,4.866580098703202,4.467330204804252,0.037332404175492266,0.03424277111246139,4.335048606148209,3.172339599944973,-0.08668644530291308,-0.01882182777651096,7.581993258001738,5.029283916370407,-0.01290525074939699,-0.014113866011277018,6.136784547197968,1.8484458272560054,-0.7489895603076862,0.5933336333504149
477,8.20585197791046,8.796704305560667,0.011446131185766935,-0.002983940241531768,2.050649997203086,4.277354448348488,-0.1429189546274006,0.7884336477656844,9.296853550617747,5.1839219852467835,-0.02987952755187872,0.04050705695611304,2.7249954012640747,8.738531360997197,0.00015768283296131432,0.0019929431266987314,8.783705772217827,0.766984466569644,0.0045275762763553945,0.0018740189916819465,6.008405643286255,2.1697296408619007,0.48656005991480644,-0.5652984690458331,2.0240542864796476,7.8110762086683305,0.009698649992455559,0.00770849804889027,8.455703721628373,2.4077434420921913,0.01066265616880362,-0.0017148465320944765,0.7207820410875423,3.226155525746401,0.040763846388212906,-0.016050985486015634,3.019049731594361,3.336263814067003,-1.499854044055064,-0.0209247827149811,5.6215125278337705,7.89291142688589,0.04954351275566159,-0.011229531098236656,4.413083869253751,7.538169495725782,-0.005098302037889958,0.009232345878072553,5.0488719402300655,9.046571687462896,0.01136781853988548,-0.004872324062868195,2.266559709241668,4.511586955929211,0.13895064037500013,-0.6972645359211537,8.676685880758688,5.73816245023644,-0.05916899629488743,0.030317268309691,5.458936900795775,1.208016015808872,0.5150732122010705,-0.18870654482164187,4.868446718911977,4.469042343359876,0.03926358621883413,0.0315018600163083,4.330714283883064,3.1713985085561474,-0.07207180140956376,-0.017079529694903714,7.581347995464268,5.028578223069843,-0.01203834661516993,-0.01572841658749794,6.099335069182584,1.8781125089235262,-0.8428142099738273,0.6933336333504149
478,8.206424284469747,8.79655510854859,0.012055433427831346,-0.0021306123886854988,2.0435040494717156,4.3167761307367725,-0.042918954627400585,0.8884336477656843,9.295359574240154,5.185947338094589,-0.029100914294908343,0.03777925954166883,2.7250032854057227,8.738631008153531,0.00025763456928889637,0.0019493361455663269,8.783932151031644,0.7670781675192281,0.004496335493270707,0.00215656207177754,6.032733646281995,2.141464717409609,0.5865600599148064,-0.6652984690458331,2.02453921897927,7.811461633570775,0.009531907836408619,0.007951293342664902,8.456236854436813,2.4076576997655867,0.010850010214755566,-0.0014684640466127246,0.7228202334069529,3.2253529764721,0.035513533586078665,-0.017439853616704054,2.9440570293916077,3.335217574931254,-1.4957334665458144,-0.11305484091732108,5.623989703471554,7.892349950330978,0.04977254668657277,-0.010650377580383135,4.412828954151856,7.538631113019686,-0.006896130153455348,0.010506738720363265,5.04944033115706,9.046328071259753,0.011471046008656867,-0.005288160194812774,2.2735072412604183,4.476723729133153,0.03895064037500012,-0.7972645359211536,8.673727430943943,5.7396783136519245,-0.054301788661190724,0.033184078904819066,5.484690561405829,1.1985806885677899,0.5144508905303485,-0.17589016190976034,4.870409898222919,4.470617436360691,0.04095171965470458,0.02858081901719087,4.327110693812586,3.170544532071402,-0.05765369936620365,-0.0153389305677064,7.58074607813351,5.027791802240468,-0.011183287961846006,-0.01728804456665525,6.057194358683892,1.912779190591047,-0.9428142099738273,0.7933336333504148
479,8.20702705614114,8.796448577929157,0.012620972578330001,-0.0012989596454021728,2.0413581017403457,4.361197813125057,0.05708104537259942,0.9884336477656843,9.293904528525408,5.187836301071672,-0.028248137306985954,0.03501068180673728,2.725016167134187,8.738728474960809,0.00036564866598634755,0.0019027123322619098,8.784156967806307,0.767185995622817,0.004443637173722251,0.0024386404323678856,6.0620616492777355,2.1081997939573176,0.6865600599148064,-0.7652984690458331,2.0250158143710904,7.811859198237908,0.009363867607883082,0.008175257166049039,8.456779354947551,2.4075842765632562,0.010989651204928856,-0.0012245279901598163,0.7245959100862568,3.2244809837912647,0.03017919141908479,-0.018791455192447935,2.869270356064317,3.3295648328853877,-1.3957334665458143,-0.21305484091732108,5.626478330805883,7.891817431451958,0.04983538791049026,-0.010040733740877272,4.412484147644184,7.539156449955704,-0.008617657250224394,0.011712226018920455,5.050013883457493,9.046063663250012,0.01154225691120554,-0.005688363836986938,2.275454773279168,4.436860502337095,-0.06104935962499988,-0.8972645359211536,8.671012341510883,5.741337517597166,-0.049443884084664914,0.03588663519530416,5.510413105932346,1.1897861804723018,0.5128310057342057,-0.16277142134449038,4.872457484205654,4.472046477311551,0.04238839631298002,0.02551163267313431,4.324228008844276,3.1697775855430166,-0.043536215169618725,-0.01357247770709317,7.580186913735417,5.026927400012136,-0.0103418267428384,-0.01878825880642911,6.010053648185201,1.9524458722585676,-1.0428142099738273,0.8933336333504148
480,8.207658104770056,8.796383629946886,0.01314160696174168,-0.0004911131196644489,2.0442121540089757,4.410619495513341,0.15708104537259943,1.0884336477656844,9.29249212166006,5.189586835162009,-0.027325532651931425,0.03220884763788193,2.7250344495674863,8.738823610577422,0.0004817301258916827,0.0018523798891442848,8.784379149664993,0.7673079276444353,0.0043745991095533905,0.0027186060476863116,6.0963896522734755,2.069934870505026,0.5865600599148064,-0.8652984690458331,2.0254840077514844,7.81226796109621,0.009196466773155654,0.008379898477104065,8.457328837507799,2.407523050163748,0.011083587447015953,-0.000978497361644647,0.726104869657211,3.2235414110316425,0.024771101874391126,-0.020085289152613074,2.7994836827370264,3.3189120908395218,-1.2957334665458142,-0.31305484091732105,5.628970100201407,7.891315394764915,0.04973556068253579,-0.009404027880805112,4.412053264781673,7.53974206125665,-0.010261043562408643,0.012845049680571199,5.050590996303053,9.045779245058162,0.01158197680766964,-0.0060733508480561825,2.272402305297918,4.391997275541037,-0.1610493596249999,-0.9972645359211536,8.668540147306649,5.7431318493569306,-0.04460916219757125,0.03842542151162842,5.536054656219057,1.1816476094050772,0.5101620009812763,-0.1494577920931931,4.874576904021303,4.473322058945207,0.043568613466099776,0.022326145493629553,4.322051198085795,3.169098961657662,-0.029802276234224333,-0.011761262245359913,7.579669822398276,5.025987987071814,-0.00951550491352005,-0.020225339591934326,5.957912937686509,1.9971125539260883,-0.9428142099738274,0.9933336333504148
481,8.208315185118144,8.796359074290903,0.013616519043609809,0.00029122272419919795,2.0520662062776056,4.465041177901625,0.25708104537259946,0.9884336477656844,9.291125845027462,5.191197277543903,-0.02633730285773777,0.029381228442929105,2.7250585360737807,8.73891622957188,0.0006050608836591574,0.0017980441249519329,8.78459787962047,0.7674438579468197,0.004296325950381421,0.0029946079450868883,6.125717655269216,2.026669947052734,0.48656005991480644,-0.965298469045833,2.0259438310901423,7.812686956020065,0.009029972565623833,0.008564866874807679,8.45788301688015,2.407474125295666,0.011133976590715201,-0.0007239083229951221,0.7273434247509305,3.222537146574012,0.019306103684733456,-0.021295988864437444,2.734697009409736,3.303259348793656,-1.1957334665458141,-0.41305484091732103,5.631456878235534,7.8908451933708745,0.04947720445938579,-0.008742746885742936,4.411540212603553,7.540384313740678,-0.011824913336481063,0.013903311814171511,5.051170095143436,9.04547557751576,0.011590670655068485,-0.006442921155399953,2.264349837316668,4.342134048744979,-0.26104935962499987,-0.8972645359211536,8.66630968919677,5.745053120432512,-0.03981049466090866,0.04080133169440591,5.5615627562681205,1.1741747198004175,0.506406924229504,-0.13610857599063564,4.876755334694608,4.474438366219889,0.044494679462379845,0.01906258046388779,4.320561084274083,3.168510898545394,-0.016509024717619603,-0.009891709341060387,7.579194047152599,5.0249767200922175,-0.008704611107165887,-0.021596123982214378,5.910772227187818,2.046779235593609,-0.8428142099738274,1.093333633350415
482,8.208996011070324,8.796373635427113,0.014045199327505465,0.001046443841944389,2.0649202585462354,4.5144628602899095,0.35708104537259944,0.8884336477656845,9.289808979884576,5.19266633896605,-0.02528795513152101,0.026534598189734436,2.725088789117964,8.739006131778128,0.0007345937965710895,0.0017400558136589867,8.784812695917989,0.767593588344074,0.004216486796852761,0.0032664504725716443,6.150045658264956,1.9784050236004425,0.38656005991480646,-0.8652984690458331,2.0263953297184236,7.813115199363805,0.008863725357316238,0.008730755799763823,8.458439715709686,2.4074379298795163,0.011139152131859363,-0.0004533991538128134,0.7283087299351672,3.2214723471307902,0.013798112155470391,-0.022395314887439004,2.674910336082445,3.2826066067477897,-1.095733466545814,-0.513054840917321,5.633930738458504,7.890408056026588,0.049065348420172294,-0.00805911519168787,4.410948966936729,7.541079479331387,-0.01330746489347263,0.014886282616656159,5.051749628676189,9.04515343145799,0.01156909266711437,-0.006796560472144361,2.2512973693354184,4.2972708219489215,-0.36104935962499984,-0.7972645359211536,8.664319164463725,5.747093187017232,-0.035060104081772875,0.04301504033296731,5.586883102479596,1.1673692910008857,0.5015848640475957,-0.12291700775246073,4.878980068667727,4.475391495243084,0.04516870592619793,0.015757581199942774,4.319735633038202,3.168016313078341,-0.0037085222763578955,-0.007955576834793029,7.578758816597241,5.023896913893107,-0.007908593225168594,-0.022898831634905272,5.868631516689126,2.1014459172611297,-0.7428142099738274,0.9933336333504149
483,8.2096982710367,8.79642595761921,0.014427444081923412,0.0017731810403535048,2.0827743108148655,4.558884542678194,0.4570810453725994,0.7884336477656845,9.288544582128,5.193993068875536,-0.024181820774242243,0.0236752843236522,2.7251255188077925,8.73909313456881,0.0008686018870365349,0.0016789594816065472,8.78502352025783,0.7677569108677026,0.004141481205046931,0.003535391572248339,6.169373661260696,1.9351401001481507,0.2865600599148065,-0.7652984690458331,2.0268385159862894,7.8135517371537935,0.00869549976220139,0.008877641402650146,8.458996673316278,2.4074152599218257,0.011094804087117117,-0.0001617255523627787,0.7289986355429406,3.2203525813864182,0.008256881178871365,-0.023360292221150998,2.6201236627551543,3.2569538647019236,-0.9957334665458141,-0.613054840917321,5.6363840058795125,7.890005100267003,0.04850573359540563,-0.007354812731937557,4.410283593692055,7.541823793462219,-0.014706969612494488,0.0157948371860137,5.052328083309545,9.044813603434383,0.01151806930627949,-0.007133344821387686,2.233244901354168,4.257407595152864,-0.4610493596249998,-0.6972645359211537,8.662566159259637,5.749243939033881,-0.03036925729896731,0.04506742298403012,5.611962345681976,1.1612234406132627,0.49583848446318124,-0.10990687412596464,4.8812385039640365,4.476179374303081,0.0455935335711443,0.012442648218885322,4.319550206924384,3.1676185342366017,0.00854934515050969,-0.005952855494872674,7.578363386935982,5.022751972311362,-0.007125798277864815,-0.024131876288166803,5.831490806190435,2.1511125989286506,-0.6428142099738274,0.8933336333504149
484,8.210419643240796,8.796514616671228,0.014763164853814565,0.002470305911607377,2.1056283630834955,4.598306225066478,0.5570810453725994,0.6884336477656845,9.287335491089289,5.195176833091719,-0.02302282051827553,0.020809834339692572,2.7251689489021445,8.73917708254289,0.001005081619917671,0.0016149786157370484,8.785230594318083,0.767933680446315,0.004074531468184978,0.003802445782337842,6.183701664256437,1.8968751766958591,0.18656005991480648,-0.6652984690458331,2.0272732909743993,7.813995619223926,0.008522712677573117,0.009004660466933894,8.459551413520634,2.4074071736442075,0.010998534358643243,0.00015173881828957434,0.7294114796018842,3.2191845667753607,0.0026949225235517,-0.024172217063282504,2.5703369894278634,3.2263011226560576,-0.8957334665458141,-0.713054840917321,5.638809292559283,7.889637359630406,0.047804290130284956,-0.0066314575474564815,4.409548245211431,7.54261353532152,-0.016022297695942166,0.016630258980692265,5.052903986774859,9.044456936193313,0.011438324113675263,-0.00745234731255357,2.210192433372918,4.222544368356806,-0.5610493596249998,-0.5972645359211537,8.661047696394688,5.751497310183082,-0.025748449190893072,0.04696022245682706,5.6367542699051345,1.1557280969069643,0.48935952198361893,-0.09691958147205393,4.883518180642594,4.476801506714025,0.04577417256537746,0.00914244893700181,4.319977674181909,3.1673208914618582,0.020225647108426392,-0.003888823995151645,7.578007097022089,5.0215453784969535,-0.006354598963876357,-0.025292380172567745,5.799350095691744,2.195779280596171,-0.5428142099738275,0.793333633350415
485,8.211157801483486,8.796638131966809,0.015052380244640633,0.00313685800919569,2.1334824153521255,4.632727907454763,0.5941556495882067,0.5884336477656845,9.286184350063374,5.196217324808704,-0.021814769621404835,0.017944848697160436,2.72521920298314,8.739257831473676,0.0011418434748461984,0.0015480509881589067,8.785434320891492,0.7681238027354319,0.004017038679626401,0.004068130301599237,6.193029667252177,1.8636102532435674,0.13039798299704275,-0.6080688075719278,2.027699426608278,7.814445852247273,0.00834257272057042,0.009110146267262883,8.460101340238566,2.407414760585122,0.010849734803042849,0.0004853921486103302,0.7295462257280618,3.2179759559221965,-0.0028716136320746767,-0.024816176684152768,2.525550316100573,3.1906483806101917,-0.7957334665458141,-0.8130548409173209,5.641199507065797,7.889305786753033,0.04696718355777023,-0.005890681688382896,4.408747130326634,7.543445048270555,-0.017252821812219075,0.017394165741500434,5.0534759029805425,9.044084318827686,0.011330526124242716,-0.007752677802740634,2.182139965391668,4.1926811415607474,-0.6015801410118283,-0.4972645359211537,8.659760273935143,5.753845321305924,-0.021207645755880196,0.048695760664382214,5.661222246004315,1.1508821178333617,0.48231206893979733,-0.08377892741266507,4.885806889270863,4.477258629160875,0.04571829342633996,0.005876648823339388,4.32098895653733,3.1671264502621006,0.03128844025473077,-0.0017711042873654777,7.577689367073895,5.020280759488325,-0.005593720994657364,-0.02637711372861602,5.772209385193053,2.2354459622636917,-0.4918684266065003,0.7260788416785537
486,8.211910420495718,8.796794974867268,0.015295211335071258,0.003772037482075334,2.1631901978315358,4.662149589843047,0.5943153680115605,0.48843364776568454,9.285093611582305,5.197114567243562,-0.02056138615198526,0.01508693291198774,2.7252762951568825,8.739335234023084,0.0012765764911129565,0.0014778354567504932,8.785635172825472,0.7683272092505119,0.003968919908005588,0.004332482345706933,6.1995495664020295,1.833206812864971,0.1031810193030416,-0.570759041829274,2.028116555244307,7.814901359560636,0.008152225367354394,0.009191708384131242,8.460643826978718,2.4074390301925526,0.010649376711651379,0.0008358870016252583,0.7294026450464581,3.216735147087989,-0.008422064797382934,-0.025280809186498495,2.485763642773282,3.1499956385643255,-0.6957334665458141,-0.9130548409173209,5.6435478662436855,7.889011252668614,0.04600077697881266,-0.005134143628503142,4.407884489236023,7.54431475655763,-0.018398422172074165,0.018088430390972313,5.0540424292867545,9.043696684937549,0.011195292559728613,-0.008033502394933752,2.152060958341077,4.16781791476469,-0.6048581885894914,-0.39726453592115374,8.65869989164735,5.756280109339143,-0.016756294386554543,0.05027689417948722,5.685337849451305,1.1466931714627284,0.474840007247525,-0.070312990639927,4.88809280394218,4.477552461602042,0.04543579007030357,0.0026607057814770994,4.322553378550067,3.1670378950477325,0.04171184626349022,0.00039102094320227904,7.577409681024163,5.018961903801895,-0.00484218476399646,-0.027382587081154566,5.747615963862728,2.2717499043476193,-0.469293898679077,0.67833289355031
487,8.21267518106247,8.796983576741372,0.015491837379235388,0.004375068901047505,2.192905966232114,4.686571272231331,0.5807594082229273,0.38843364776568456,9.284065542274705,5.197868913889161,-0.01926671305316202,0.012242434298971292,2.725340123981438,8.739409125795921,0.0014072117997555157,0.0014036353472992593,8.785833618820872,0.7685438333677972,0.0039304830468351116,0.004595443233693593,6.2047086173671815,1.8046688607735073,0.08877510256964344,-0.5441406433739343,2.0285241665126743,7.815360944979843,0.007949591733973057,0.009246484273698953,8.461176295814301,2.407480824542634,0.010398743179301152,0.0012009420805202307,0.728981541806589,3.215471106628664,-0.013927942431623284,-0.025557276121254798,2.4509769694459913,3.1043428965184594,-0.5957334665458142,-1.013054840917321,5.6458479050926265,7.888754545487189,0.04491156664517825,-0.004363781991429503,4.40696456812742,7.545219178077178,-0.01945953067095297,0.018714633207462895,5.054602193914741,9.043295009817802,0.011033237923512554,-0.00829424087372995,2.121818048911602,4.147954687968633,-0.5940830694373136,-0.29726453592115376,8.657862076928023,5.758793954048118,-0.012403633756641625,0.05170661727780429,5.709079849813682,1.143177521930732,0.46709044106852887,-0.05634528228906107,4.890364593445695,4.477685496891116,0.04493923339274122,-0.0004905700521583246,4.324638970863242,3.1670574460948924,0.05147462496885357,0.0025890464573575887,7.577167571785963,5.017592774447837,-0.0040995898742613715,-0.028306169395898355,5.724151268928774,2.3056665490251347,-0.459065604041496,0.6406797924403058
488,8.213449772931433,8.797202330186424,0.015642514993809774,0.004945262114370225,2.2219439366432603,4.705992954619615,0.5627402917507688,0.30684721754430916,9.283102206622047,5.19848103560411,-0.01793491798593986,0.009417522535843771,2.7254104845714258,8.739479307563286,0.0015319252826740005,0.0013245458865570917,8.786030142973214,0.7687736055294818,0.003902387487739337,0.004856639208573455,6.209147372495663,1.7774618286048105,0.08051272894540214,-0.523915576870856,2.028921646099373,7.815823269193528,0.007733299878103492,0.009271482340821768,8.461696232973265,2.4075408716466598,0.010099799750782405,0.001578962609770626,0.7282851446850078,3.2141932428226014,-0.019353673795288504,-0.02563811434364726,2.4211902961187004,3.0536901544725934,-0.4957334665458142,-1.113054840917321,5.648093483424885,7.888536356387617,0.04370614945731838,-0.0035817342080707005,4.405991591593873,7.5461549097375515,-0.020437069816452557,0.01927408989211876,5.055153855810917,9.042880297774115,0.010844979487906912,-0.00853450464710203,2.0921138954397365,4.133091461172575,-0.5784914122688033,-0.22122987790576154,8.65724189524019,5.761379284912008,-0.0081585411804363,0.05298820249625438,5.732434371867108,1.140360257816279,0.45922120199208694,-0.04169003986596376,4.892611555115332,4.477660968388508,0.0442424505469164,-0.0035624122112493132,4.327212702111685,3.1671868984177602,0.06055932905733087,0.004814819607805176,7.57696259229225,5.016177465978042,-0.0033658456071580297,-0.029145669225727092,5.701197988726699,2.33770053864715,-0.45463635140454883,0.6086240804093953
489,8.214231898681124,8.797449593292143,0.01574758520355255,0.00548201303658442,2.2500809512307987,4.72133531549683,0.5436056869852602,0.24066782042152374,9.28220546072275,5.198951911730902,-0.01657024644696805,0.006618154979156679,2.7254870808355594,8.739545534857614,0.0016491321937997714,0.0012395501383015235,8.786225262347601,0.7690164374899104,0.0038854443674137423,0.005115541871946305,6.213173008942934,1.7512660497612678,0.0751037846822887,-0.5078486252212472,2.029308311093278,7.816286843310569,0.007502575181407761,0.009263773975336757,8.462201222960804,2.4076198197771483,0.00975491795537996,0.0019687298452066002,0.7273174609952434,3.212911337105419,-0.024658101308517255,-0.025517791103458354,2.39640362279141,2.9980374124267275,-0.3957334665458142,-1.1662343852210373,5.650278790897751,7.888357269677214,0.04239123514541759,-0.0027903243200336422,4.40496973810305,7.547118614232158,-0.02133233324865769,0.019767885127805904,5.055696104785312,9.04245357254176,0.010631161776092695,-0.008754073340295005,2.0631893248262965,4.122029967277287,-0.5614030884739452,-0.16113250847539096,8.656833968181168,5.764028695036821,-0.0040294996730121805,0.05412518497531218,5.755395431966712,1.1382757558229808,0.451412083716805,-0.02613799714021478,4.894823677642678,4.477482847777946,0.04335978067220055,-0.006540458780173149,4.330240668564551,3.1674276393981504,0.06895200399212602,0.007060592043072559,7.576794300011892,5.014720182516755,-0.002641106399210112,-0.029899268479728486,5.6784661711564715,2.36813174266762,-0.45285970243587953,0.5797102716036396
490,8.215019277941302,8.797723693943972,0.015807468422932063,0.005984797272249244,2.277261235580062,4.733368706517907,0.5245381037297971,0.18449041917721884,9.281376948400402,5.19928281947986,-0.015177004159370672,0.0038500644341203536,2.7255695374452493,8.739607512364529,0.0017574752234352582,0.0011476317400543252,8.786419534565972,0.7692722145835078,0.0038805282800112146,0.005371556320630333,6.216928198177048,1.7258736185002055,0.07070665596275552,-0.49476062461322806,2.0296834398523487,7.8167500320093355,0.007257073144073042,0.009220741170988915,8.462688968858572,2.407718256269409,0.009366753883062112,0.0023692679951713407,0.7260845559298176,3.2116354475502464,-0.02979724575254568,-0.025192154335715866,2.376616949464119,2.9397256931656757,-0.2957334665458142,-1.1383659835649143,5.652398352655021,7.888217753461213,0.04097365523888773,-0.001992074112068381,4.403903121440617,7.548107008488548,-0.022146828449145763,0.020196889550336293,5.056227662874117,9.042015868874746,0.010392481643247376,-0.008952882401375331,2.035119170402599,4.113973341853518,-0.5439808906468022,-0.1115961377916948,8.656632493197517,5.766734954285586,-2.459907027847156e-05,0.055121350897096806,5.777966036152552,1.13696885596597,0.4438769732845283,-0.009440915886325906,4.896991666676287,4.477155824838937,0.04230523253557373,-0.009410939914325542,4.333688268764157,3.167780669000304,0.07664214864586368,0.009319791291896935,7.576662244691931,5.013225219092769,-0.0019257826703473475,-0.03056547328312284,5.655823186034677,2.397117256247802,-0.45207354383726583,0.5525015047107233
491,8.215809651362449,8.798022933807584,0.015822822057348952,0.0064532162161213165,2.303488140766552,4.7425932274767675,0.5059178477420222,0.13517487867693237,9.280618098192432,5.199475322701566,-0.013759405175948371,0.0011186315216578464,2.725657411206421,8.739664893951531,0.0018558588698355373,0.0010483864409870603,8.786613560979973,0.7695407923995393,0.0038883530717115666,0.005623935770294741,6.220463530975186,1.7011355872695442,0.06615869893100702,-0.48409626075200235,2.0300462935095522,7.817211069067885,0.0069966773386054915,0.009141053322470104,8.463157306552725,2.4078367196691675,0.008938109123909903,0.0027795118942082328,0.7245946936421903,3.2103758398334605,-0.03472715832295119,-0.024666165343474843,2.3618302761368284,2.88280739398743,-0.19573346654581422,-1.0733912642325687,5.654447035416966,7.888118149755609,0.039460739089767556,-0.0011894128526519594,4.40279578001816,7.5491168529660655,-0.022881715382753326,0.02056242062586546,5.05674728695628,9.041568224754677,0.010129917086459122,-0.009130720771680645,2.007920125870259,4.108393534963933,-0.5265960342838613,-0.06950258685001806,8.656631263244003,5.769491021830441,0.003848667572471774,0.05598062295013578,5.800159884816779,1.1364968101716537,0.4368781682777847,0.008707772064804591,4.899106928303066,4.476685277843221,0.04109433382189888,-0.012161628070790062,4.3375203761964505,3.168246658564899,0.08362341761694365,0.011582346235977887,7.576565955558414,5.011696945428613,-0.0012202192100719883,-0.031143299076057413,5.633219508842814,2.424742331483338,-0.4513476232047249,0.5261263102189385
492,8.216600792465316,8.79834559461839,0.015794622109499015,0.006887031395967255,2.328784033153653,4.749351971410614,0.48780940657606364,0.09080198548644283,9.279930127933635,5.199531254277649,-0.012321459972958353,-0.0015711784570710623,2.7257502041499126,8.73971731327358,0.001943457011897249,0.0009422806250309397,8.786807978633558,0.769821989188054,0.003909347713541184,0.005871706394111725,6.223771465921737,1.6769307742319441,0.060614401430351905,-0.4757231198526359,2.0303961273764823,7.817668121734009,0.006721422720621319,0.009025031834834591,8.46360421200892,2.407975695263878,0.008471881375869385,0.0031980903994784293,0.7228583357260427,3.209142531566287,-0.03940882912366034,-0.023958989409724362,2.3520436028095375,2.8291378307758013,-0.09573346654581422,-0.9966649098884502,5.656420072371454,7.8880586791129765,0.037860464694081136,-0.000384503143197339,4.401651694249022,7.550144973997359,-0.02353759707209404,0.0208665705391078,5.057253782810602,9.041111688716093,0.009844821914027363,-0.009287075901654824,1.981590324156066,4.104918405621432,-0.5093176889477788,-0.03292581891601925,8.656823696622627,5.772290052977947,0.007583539721512189,0.05670700805138514,5.822003793230668,1.136932198774894,0.4307474325446467,0.028700167459277868,4.901161644994161,4.4760771964396815,0.03974528323309465,-0.014781948531552326,4.341701547077298,3.168825775876698,0.08989566581995131,0.013832349381408083,7.576504944597911,5.010139780474811,-0.0005244707044589009,-0.031632332076807886,5.610652127682577,2.451048646994285,-0.45014402690835637,0.5000488226755897
493,8.21739052357079,8.798689946188189,0.015724016120261055,0.007286127307704715,2.3531745034824563,4.753892070684937,0.47015685329076373,0.05015528158071989,9.279314054934988,5.199452695354796,-0.010867061811688462,-0.004214711027047197,2.7258473770005076,8.739764427304832,0.002019647247049779,0.0008301148837030366,8.787003446019234,0.7701155745077596,0.003943790267581773,0.006113783433793909,6.226802185993255,1.6531446182393124,0.05334494082344624,-0.46984580663093817,2.0307321985125135,7.818119373325751,0.006431562959946729,0.008873754284071519,8.464027806077715,2.408135599783852,0.007971116246413485,0.0036234990322815785,0.7208878942698598,3.207944582095801,-0.04380921869861487,-0.02309719733002129,2.347256929482247,2.7793045852813787,0.004266533454185789,-0.9200904853626395,5.658313095606158,7.888039453955817,0.03618107296580457,0.00042053444356560414,4.400474814395418,7.551188302524314,-0.024114987422081582,0.021111649932470024,5.0577460239063035,9.04064733492101,0.009538710112791473,-0.009421390306597839,1.956124439708677,4.103272114675631,-0.4921036094918738,-0.0006126210037482108,8.657202873608703,5.775125403380517,0.011173836806223927,0.057304681763271685,5.843541164857901,1.1383672071478579,0.42591950734939227,0.05105530858405189,4.903148909155816,4.475338099013104,0.038276884051598487,-0.01726226140670863,4.346196330368295,3.1695173933457683,0.09546487976940982,0.0160531531421586,7.576478721062688,5.00855816387097,0.00016145174863776328,-0.032032500159998666,5.58814492633716,2.4760510881280644,-0.448148023519088,0.4739431396524532
494,8.218176724376804,8.799054252553574,0.015612243179010601,0.007650490711971051,2.3766823461469944,4.756399834763973,0.4528654316196393,0.012443971956257412,9.278770701844403,5.199241959803444,-0.009400029836198849,-0.006807569681945296,2.72594835936286,8.739805933049018,0.0020839640575833376,0.0007127422798915554,8.787200635532614,0.7704212636794493,0.003991876416228989,0.006349045335696953,6.229469433034427,1.6296523279077655,0.04359730717430095,-0.4669959912824835,2.031053776660511,7.818563061039955,0.006127575497338514,0.008688575604622443,8.464426361890036,2.408316774735466,0.007439012579323165,0.004054193112635059,0.7186974333349291,3.2067897222292996,-0.04790100204183921,-0.022110169620056,2.3474702561549563,2.7333000610132467,0.1042665334541858,-0.8478410386469944,5.660122149254448,7.8880604806779955,0.03443085440010697,0.0012235150561045686,4.399269065024313,7.552243885020937,-0.02461455054431891,0.021299911545746945,5.058222959411943,9.04017626540568,0.00921313854243439,-0.009533192537306076,1.9315192592340833,4.103241483625444,-0.47487796310216784,0.028285704239033316,8.657761565449015,5.7779906374686805,0.01461387922583431,0.057778021438170214,5.8648371402253705,1.1409199725770605,0.42298421134136716,0.07648421531624677,4.905062753358396,4.474474985942769,0.036707492517371376,-0.019593615982911875,4.350969574356766,3.1703200510028764,0.10034258862383812,0.01822978839507085,7.57648679365012,5.00695653886297,0.0008374525396275319,-0.03234395242408333,5.565737525161206,2.499748245110687,-0.44517829540237136,0.44761939954985513
495,8.218957336535754,8.799436777089173,0.0154605983238132,0.007980201316357583,2.3993256177279765,4.757022033361785,0.4358358986704388,-0.022854639780933293,9.278300700352593,5.198901581319347,-0.007924121473359746,-0.009345595972431314,2.7260525575657395,8.739841570163012,0.002136068753828938,0.0005909519994120907,8.787400229353425,0.7707387159462341,0.004053745852226394,0.006576376294482601,6.231649298393142,1.6063025283436414,0.030458070896407417,-0.46809362950289446,2.0313601554353777,7.818997489820186,0.005810137431435753,0.008470920889496844,8.464798312519003,2.408519484391098,0.006878900774407203,0.00448862491231288,0.7163023832328371,3.2056842137482966,-0.051661912785136196,-0.021027486372194742,2.3526835828276655,2.6909080090808972,0.2042665334541858,-0.7804314195454629,5.661843691974454,7.8881216564308,0.032618046649162506,0.002022159122222939,4.3980383374970975,7.553308880598225,-0.025037193588753524,0.021433449631130665,5.058683616339065,9.039699605778814,0.008869654285580425,-0.00962214698818213,1.907775361078975,4.104655768837396,-0.45756350705651094,0.05436214987545357,8.658492259410306,5.780879538540589,0.017898460012448825,0.05813160713895134,5.885986350792439,1.1447441833428729,0.4227727471856806,0.10599731480010907,4.906898127984265,4.473495305143623,0.03505460180767436,-0.02176773113782437,4.355986703787957,3.17123154042263,0.10454529215859362,0.020349744225756815,7.576528666277102,5.005339341241766,0.0015033062430322812,-0.03256700634473304,5.543478610391087,2.5221292150881798,-0.44113675616539755,0.42097814522217847
496,8.219730366451945,8.799835787154992,0.015270420515973063,0.00827542869238695,2.4211174126614985,4.7558793013727385,0.4189783666882008,-0.056089102480285695,9.277904494278925,5.1984343015207255,-0.006443027961626581,-0.011824866199071707,2.726159361003431,8.739871117762982,0.0021757303805177404,0.000465439217297217,8.787602916646037,0.7710675347609582,0.004129488094379093,0.006794690198943905,6.233172201937963,1.5828978468684967,0.012672270677112765,-0.4746048969329397,2.0316506623069497,7.819421035864661,0.005480092011272601,0.008222220145529438,8.465142257557723,2.4087439156367134,0.006294208447471546,0.004925250763322935,0.7137192875935803,3.204632839429687,-0.055074127443441104,-0.019877583777195534,2.3628969095003747,2.6518864381036242,0.2824344664450211,-0.7168717913062435,5.663474594306912,7.888222764386912,0.030750789593652336,0.0028141010689591702,4.39678647781766,7.554380553079781,-0.025384084167358073,0.021514188136752918,5.059127099053344,9.039218498429404,0.008509776142363238,-0.009688061478669099,1.8848971857261494,4.1073738763311685,-0.4400943616158662,0.0780418723776715,8.659387182410928,5.783786118897536,0.021022844182647108,0.058370206016887034,5.907124988151723,1.1500440490828783,0.42650947014159846,0.14109183300720496,4.908650858074648,4.4724069185867315,0.033334745257155754,-0.0237770479822662,4.361213968395887,3.1722490276339177,0.1080940673658746,0.022402961621188308,7.576603831589253,5.003710990924529,0.002158658771770984,-0.03270212927491955,5.521421772582817,2.5431781223492886,-0.4359792761997948,0.39398109644007434
497,8.220493887477744,8.800249558589611,0.015043090792725445,0.00853643184952438,2.4420663309959085,4.753074846248724,0.4022170429814947,-0.0874920852630468,9.277582342880844,5.197843058210772,-0.004960362848779442,-0.014241694585551391,2.726268147522457,8.739894389723847,0.0022028125847627375,0.00033681159284771126,8.787809391050756,0.7714072692709054,0.004219141296380854,0.007002946166022093,6.233805815471818,1.5591676020218497,-0.011659212193623768,-0.48887109151079905,2.0319246669075133,7.819832146871938,0.005138414685416579,0.007943903732887114,8.465456967980096,2.4089901781748795,0.005688420882815025,0.005362525977114272,0.7109655812214082,3.203638960240827,-0.05812379044318661,-0.018687069874601815,2.377018632822626,2.6160428485383123,0.34436234839025637,-0.6555932745385626,5.665012133786595,7.8883634694403595,0.028837104877544453,0.0035969141975376604,4.395517273609292,7.555456262486619,-0.02565663604668493,0.02154390479440445,5.059552587860463,9.038734095355471,0.008134990958184695,-0.009730877010834684,1.862892467645356,4.111275969950052,-0.422420228942474,0.09963670415162276,8.66043832462006,5.786704629198381,0.02398278008032901,0.05849874951745645,5.9284504616588025,1.1570986407332384,0.436096643603997,0.18409999805938482,4.9103175953375064,4.471218066187618,0.03156352462628156,-0.025614784554087194,4.366618671764181,3.173369175714977,0.11101432167988445,0.02438154639236025,7.5767117645278415,5.002075884460783,0.0028030498807163568,-0.032749934667253934,5.499622808772828,2.562877177171292,-0.4296979621813875,0.36663189071791147
498,8.22124604201738,8.800676380182088,0.014780019310862617,0.008763501590771638,2.4621771831449832,4.7487002419855715,0.3854926787585544,-0.11721785564776276,9.277334324738405,5.197130973481494,-0.003479741303068426,-0.0165926955920714,2.7263782881516954,8.73991123030349,0.002217365295887834,0.0002055917206066129,8.788020348115575,0.7717574165792065,0.004322557053812232,0.007200223180935903,6.233222854862137,1.5347240474463097,-0.04566902678235521,-0.5147942617031911,2.032181587641784,7.820229342058582,0.0047863424537272865,0.007637449298481279,8.465741389024236,2.409258304473735,0.005064845655461617,0.005798906209790282,0.7080593916992488,3.202704606747097,-0.06080318336656907,-0.01747851352533924,2.394236750242139,2.583263184811384,0.3952790800912598,-0.5954190565555476,5.666453989030472,7.888543315150236,0.026884904113003,0.004368013736340369,4.394234441806957,7.5565334577263386,-0.025856393010960287,0.021524115390160237,5.059959337408372,9.038247551504929,0.007746796440963181,-0.009750724564096582,1.8417714561982323,4.116257805157633,-0.40450411685021087,0.11938233615035819,8.661637463624077,5.789629566674254,0.026774425196357202,0.05852222769656892,5.950255293839002,1.1663036406362077,0.4546915579891656,0.23888820744335681,4.911895771568821,4.469937326959914,0.02975519262321545,-0.027275801304388586,4.372169387848175,3.174588253034595,0.11333335296979061,0.026278263389554683,7.5768519170218775,5.000438387727421,0.0034357755736702006,-0.032711318759409067,5.478137910663759,2.5812087717071877,-0.42231116245134026,0.33896312729135275
499,8.221985042982924,8.801114555261627,0.014482654281996347,0.008956978615617629,2.481451817082911,4.742839349203184,0.36876085393516,-0.14536684852675974,9.277160337673251,5.196301338701891,-0.0020047387980531442,-0.018874775113857847,2.72648915641649,8.73992150988952,0.0022195815270201814,7.224843784002974e-05,8.788236475968265,0.7721174277382533,0.0044394293384045465,0.007385715579754766,6.23093940352302,1.5089843343611502,-0.0950252082053912,-0.5593757148818701,2.0324209047644706,7.820611214523506,0.00442528735438837,0.0073043979733711005,8.465994631307009,2.4095482497842244,0.004426618264690591,0.006232828519601577,0.7050192325309204,3.2018306810708297,-0.06310942663133629,-0.01627073697745428,2.414000704246702,2.553492231983607,0.4385221918444647,-0.5353841139560743,5.667798234236122,7.888761715837053,0.024901978110240437,0.005124730520916597,4.3929416221564095,7.557609663495847,-0.025985025272319186,0.021456167746559632,5.060346677230419,9.037760015276724,0.007346693469475904,-0.009747881563514414,1.8215462503557218,4.122226921965151,-0.38632282998485334,0.13746106283072138,8.662976184883895,5.792555678059082,0.029394391106472975,0.05844568333650544,5.97298987173846,1.1782480510083755,0.4880014003194518,0.3124041827930055,4.913383531199981,4.468573536894695,0.02792292998693202,-0.02875637734657029,4.377836055496664,3.175902166204073,0.11508098209863332,0.028086297401522298,7.577023705800561,4.99880282178945,0.004055975680750792,-0.03258743200710214,5.457022352541192,2.5981569280717554,-0.41385609456878547,0.3110273170371251
500,8.222709175697023,8.801562404192408,0.014152488201487349,0.009117268572361361,2.499889859779669,4.735571006776846,0.3519898252508846,-0.17200222778341517,9.27706010073335,5.195357599946198,-0.0005388558092657893,-0.021085120520879592,2.726600135492841,8.739925122311412,0.0022097600022112597,-6.277840021388901e-05,8.788458447435186,0.7724867135172411,0.004569322150596949,0.00755873488425475,6.22618814311275,1.4810155486170566,-0.1712547898489827,-0.6366178507629616,2.03264216913219,7.820976434422175,0.00405676321671218,0.0069463644821459855,8.466215962220243,2.4098598912102047,0.0037767037258576836,0.00666269518119343,0.7018637611993536,3.201017144221957,-0.06504337800769419,-0.015079296476154011,2.4359268138389254,2.5267230262858034,0.47644682636961433,-0.4745639115607006,5.6690433331416346,7.889017952363099,0.02289598277321974,0.005864374376736438,4.391642370892794,7.558682471883175,-0.026044326969271,0.021341318653651683,5.060714011903893,9.037272621198548,0.006936178103145533,-0.009722735243049101,1.8022301088564792,4.129099975106687,-0.36786630403338105,0.15401694572516855,8.66444590443922,5.795477962225907,0.03183978096490846,0.058274204894414185,5.997389941754433,1.1938682601480257,0.5476023624467498,0.4124041827930055,4.914779677699328,4.467135718027366,0.026079039140266602,-0.03005399683115572,4.383590104601596,3.177306481074149,0.11628998064550511,0.029799168802615662,7.577226504584599,4.997173450189095,0.0046627100852350365,-0.03237965140486441,5.436329547812753,2.6137082939236116,-0.4043838364460949,0.28289055561723137
501,8.223416800107097,8.802018267621026,0.01379106126302801,0.009244850970586724,2.517489351042213,4.726970895387675,0.335158479346461,-0.19716128028711044,9.277033157942887,5.194303343920154,0.0009145076584121782,-0.02322119332814988,2.7267106234929512,8.739921983391401,0.002188279246215777,-0.0001990589457862006,8.788686913542715,0.7728646502614538,0.004711677783755307,0.007718719252462239,6.217625403620301,1.4491846560789086,-0.2712547898489827,-0.7366178507629616,2.0328450072930258,7.821323752646282,0.003682333751188962,0.006565044911089393,8.466404797406536,2.4101930259692645,0.003117887584116143,0.0070868512904251274,0.6986115922989689,3.2002631793981493,-0.066608873304706,-0.013916917236909547,2.459749155157406,2.5029948307077685,0.5108914211422274,-0.4119456201999898,5.670188132280296,7.889311171081936,0.02087442442907831,0.00658428151855657,4.39034015454433,7.559749537815858,-0.026036208208949477,0.02118078851252725,5.06106082080905,9.036786484436396,0.006516736370601982,-0.009675755840649539,1.78383679365481,4.136800822392946,-0.3491362416244525,0.1691662421571108,8.666037893487465,5.798391672470627,0.03410821574814595,0.05801291379299122,6.02477005987677,1.214488469287676,0.6476023624467497,0.5124041827930055,4.916083629656342,4.465633018185809,0.024235046782223844,-0.031167199626081846,4.389404603633871,3.17879643951428,0.11699615540377843,0.03141065334515457,7.57745964008886,4.9955544676188515,0.005255016049736167,-0.032089560432736204,5.416110355990448,2.627852821704473,-0.39395586751916206,0.25462798461779207
502,8.22410635317025,8.802480510169556,0.013399952503977493,0.009340262558935011,2.534247275009536,4.717112831373319,0.31825455876741504,-0.22086340359704607,9.277078883325807,5.193142284253747,0.0023520105968490457,-0.025280752298695138,2.726820037455262,8.739912030444112,0.0021555906813911256,-0.0003361756808384379,8.788922497431903,0.7732505862240769,0.004865887666572657,0.007865470633097334,6.204062664127852,1.4123537635407606,-0.37125478984898275,-0.8366178507629616,2.0330291239805853,7.8216520048918365,0.0033035914296016783,0.006162205726617171,8.466560691785743,2.410547368533786,0.002452516861871663,0.007503668725741642,0.6952811486337336,3.199567333536304,-0.06781213341580615,-0.012793878537181497,2.4852937262145174,2.482397549697769,0.5434574231870464,-0.3462946312263242,5.67123185350175,7.889640385157864,0.018844647677435468,0.007281812399347231,4.3890383441338825,7.560808577241484,-0.025962669334580368,0.02097576407286596,5.0613866576275806,9.036302696644364,0.006089844875306606,-0.00960750051450162,1.7663799815735874,4.145259134500801,-0.33014447415629566,0.18300469843564413,8.667743304274872,5.801292318160277,0.036197802698564915,0.05766690407225586,6.057150177999108,1.2401086784273263,0.7476023624467497,0.6124041827930055,4.917295381995453,4.464074658204504,0.022401868994940767,-0.03209567018784189,4.39525441140406,3.1803669721815377,0.11723860899821377,0.03291451779364566,7.577722390891347,4.993949989597215,0.0058318704552329246,-0.03171904363781988,5.396412562614491,2.640584220935363,-0.3826409029114679,0.2263196740160761
503,8.224776350795448,8.802947523297503,0.012980717882210824,0.009404090080769631,2.550160002947907,4.7060696611934665,0.3012733385602256,-0.24311606231896943,9.277196483855649,5.191878246638812,0.0037703084991245967,-0.027261655222792648,2.7269278169893316,8.73989522166007,0.002112213024706761,-0.0004738013702939532,8.789165791815233,0.7736438597557318,0.005032213475609287,0.007999089323012746,6.185499924635403,1.3705228710026125,-0.4712547898489827,-0.9366178507629616,2.033194303552065,7.821960115178167,0.002922163846546976,0.005739579461143826,8.466683317628837,2.410922551970073,0.0017833875344886118,0.007912365484686113,0.6918905419629433,3.198927639609445,-0.06866106573608385,-0.011718417598940248,2.51246659737387,2.4650828181364526,0.5757176601572869,-0.27597724200219925,5.672174085885621,7.890004475777832,0.016813742648507386,0.007954276062134549,4.387740210667154,7.561857365445127,-0.025825823775373978,0.020727274634559947,5.061691149871346,9.035822321618639,0.005656930090544971,-0.009518674259527236,1.7498727578657727,4.154409369422583,-0.31091107477208685,0.19561254618804558,8.6695531944098,5.80417566336389,0.03810700694674271,0.05724134726413547,6.094530296121445,1.2707288875669767,0.8476023624467497,0.7124041827930054,4.9184154754452,4.462469874695112,0.020589679966517855,-0.03284120217995933,4.40111634185397,3.1820126980712202,0.11706088196800132,0.034302251282475354,7.578013984414109,4.9923640374153235,0.006391843331109172,-0.031270099246400056,5.377280517468917,2.6519002046361666,-0.37051330392781495,0.19804089632745625
504,8.225425386689558,8.803417727801541,0.012534954066780575,0.009437053827525372,2.565223669875918,4.693913858077518,0.28421594413025253,-0.2639185755393143,9.277384999280605,5.190515163877672,0.005166381540323323,-0.029161777225576762,2.727033427640567,8.739871531591556,0.002058682103414185,-0.0006115915721261551,8.789417402489013,0.7740438142218824,0.00520996008029676,0.008118660392351068,6.161937185142953,1.3236919784644645,-0.5712547898489827,-1.0366178507629615,2.0333404117443927,7.8222470941512245,0.0025396240421344377,0.005298972143944489,8.466772487005562,2.411318170244307,0.001115151188845884,0.008311615456899747,0.6884574886761391,3.198341718729498,-0.06916517265020686,-0.010697070085891883,2.541252480381734,2.4512839560363426,0.6094192468468882,-0.19868420805297649,5.673014773018047,7.890402189580938,0.014788552005545321,0.0085991351372747,4.3864489194783856,7.562893729176856,-0.025627916175865538,0.020436408634361178,5.061973996375873,9.035346387905662,0.00521937013228915,-0.009410000763773964,1.7343272041271682,4.164189996731985,-0.2914632391453443,0.20705839056815498,8.671458544757138,5.807037730727097,0.03983492629546178,0.05674163917285602,6.136910414243783,1.306349096706627,0.9476023624467497,0.8124041827930054,4.919444959443526,4.460827814586114,0.018807637081246005,-0.033406778603943366,4.40696938595237,3.183727810635344,0.11650961126229717,0.03556402574678911,7.578333576580664,4.990800532453004,0.006933558733059314,-0.030744312304128746,5.358754852272527,2.6618022494525393,-0.35765139702789667,0.16986107751244864
505,8.226052134392898,8.803889580492918,0.012064297603486077,0.009440015668690816,2.5794344670824305,4.680717929300552,0.2670881277708496,-0.2832649848038483,9.27764331835762,5.189057075016393,0.006537566823517801,-0.030978965185513702,2.7271363617457376,8.73984095201295,0.0019955367157759862,-0.0007491715471067029,8.789677900493027,0.7744497472415,0.005397361668571742,0.008221977416493812,6.133374445650504,1.2718610859263164,-0.6712547898489827,-1.1366178507629616,2.0334673929464993,7.822512042758421,0.0021574645554482013,0.004842269106703516,8.466828244565004,2.4117337510171524,0.0004546980068014343,0.008699590431658726,0.6849992300436287,3.1978068652252034,-0.0693352743150812,-0.009735037461678721,2.5717234427240783,2.4413497456336937,0.6467493258458621,-0.11095248820699108,5.673754200618324,7.890832146337802,0.012775654760859016,0.00921403791223991,4.385167523669592,7.5639155496085735,-0.025371312804502482,0.020104345456632724,5.062234964882488,9.034875887867473,0.004778490634586838,-0.009282203869465632,1.719754042169901,4.174542916260393,-0.2718340462307293,0.2174019382461349,8.673450291071912,5.80987481268574,0.041381302483240255,0.056173413054160085,6.18429053236612,1.3469693058462773,1.0476023624467496,0.9124041827930054,4.920385341297588,4.459157475655917,0.01706393293671185,-0.03379652301263272,4.412794866515485,3.1855060119226835,0.11563415242689193,0.03668857604361649,7.578680254517317,4.989263316837797,0.007455703268727523,-0.030142776989167938,5.340872282421132,2.6702953033281616,-0.34413521827714877,0.14184253848871886
506,8.226655349273072,8.804361581276352,0.011570425586535243,0.009413987723799205,2.592788873470973,4.666554680060359,0.24989917473453843,-0.3011460588728906,9.277970196698796,5.187508126757117,0.007881591864229875,-0.032710992493406275,2.7272361385815262,8.739803493435595,0.0019233042430900414,-0.0008861191015019363,8.789947768576456,0.7748608461123246,0.005591468662459935,0.008305265182800779,6.099811706158055,1.2150301933881684,-0.5712547898489827,-1.0366178507629615,2.033575266174272,7.822754156213756,0.001777070805077357,0.004371446549419435,8.466850979465343,2.412168730538735,-0.00018846250269403454,0.00907399942086702,0.6815324663278747,3.1973201133521196,-0.06918327922787909,-0.00883657167839615,2.6040609090163715,2.435802121223344,0.6907681237494844,-0.010952488206991073,5.674392983356367,7.891292848233414,0.010781354499017758,0.009796853305732576,4.383898958029367,7.564920766881405,-0.025058490111457978,0.019732393620722613,5.062473889414217,9.034411777674,0.004335562193121856,-0.009135985969286668,1.7061623398583645,4.185413013172699,-0.25206143994535235,0.22669601617023588,8.675519356196075,5.812683483338448,0.04274653263882397,0.055542552282809875,6.236670650488457,1.3925895149859275,0.9476023624467497,0.8124041827930054,4.921238537944424,4.457467649505285,0.015365897832180767,-0.03401562443204428,4.4185765741368295,3.1873404407248644,0.114486159098746,0.0376631471791516,7.579053039680753,4.987756177988339,0.007957036707068604,-0.02946602271299986,5.323665521507275,2.6773874302525975,-0.3300441442212201,0.11403959156917337
507,8.227233870552398,8.804832280662541,0.011055059280755326,0.009360143138545206,2.6052838322077,4.651497377116714,0.23266087847595548,-0.31755060734239926,9.278364276292008,5.1858725771324465,0.009196612822153886,-0.03435551346569542,2.727332303793681,8.73975918748052,0.0018424845880023754,-0.001021939427424458,8.790227342009578,0.7752761093714646,0.005788028814214575,0.008362915613038873,6.071248966665605,1.1631993008500203,-0.4712547898489827,-0.9366178507629616,2.0336641197145258,7.822972728541227,0.0013996903888781075,0.003888593883339346,8.466841556340208,2.4126224305097783,-0.000801821129329785,0.009432098335740501,0.6780733023664807,3.1968782847682,-0.06872198996002842,-0.008005409933548653,2.638599315203846,2.4352544968129943,0.7462359768301678,0.08904751179300893,5.674932051081318,7.891782690898701,0.008811674256242052,0.01034571306092471,4.382646033523795,7.565907386562442,-0.024692020248979752,0.019322042362415342,5.0626906675238725,9.033954978375537,0.0038918001209749652,-0.008972000004248293,1.693559267861097,4.196747813981211,-0.23218746873488177,0.23498808200074833,8.677656682828015,5.815460610952589,0.0439316842287852,0.054855204062176456,6.284050768610794,1.433209724125578,0.8476023624467497,0.7124041827930054,4.922006832836033,4.455766868283683,0.013720188656708899,-0.0340702190390038,4.424300882091766,3.189223598083822,0.11311921129913104,0.038473515150461074,7.579450891516107,4.986282876852689,0.008436409137627688,-0.028713941624532963,5.307163314296214,2.683089409831056,-0.3154543601787952,0.08649796989345039
508,8.227786623516437,8.805300287819469,0.010520002527271031,0.0092796985317606,2.616916876131498,4.635619846749594,0.2153861471512615,-0.33246617897504066,9.278824106933115,5.184154801459162,0.010480771084712612,-0.035910700328022564,2.727424428023081,8.739708090509149,0.0017535605042228706,-0.0011559953086611831,8.790516743450288,0.7756942551521165,0.005983932063065365,0.008390737163161348,6.0476862271731555,1.1163684083118723,-0.37125478984898275,-0.8366178507629616,2.03373410423397,7.823167158235394,0.0010264017796134824,0.0033959990989951734,8.466801465283742,2.4130940354265653,-0.0013755759080834981,0.009771843287942695,0.6746372028684793,3.1964780142715226,-0.06796489904737182,-0.007245239272439529,2.675911114045354,2.439706872402645,0.8211339698231718,0.18904751179300894,5.6753726347941305,7.892299976551747,0.006872512678966637,0.010859005046302748,4.381411432511346,7.566873488680563,-0.02427442989455745,0.01887507997001713,5.0628852575299215,9.033506378375325,0.0034484449378540684,-0.008790829549740245,1.6819498944243527,4.208497218081248,-0.21225787197841522,0.24232117533587993,8.679853267039455,5.818203371155698,0.04493833561601826,0.0541171150463515,6.326430886733132,1.4688299332652281,0.7476023624467497,0.6124041827930055,4.9226928422688685,4.454063357331733,0.012134053181320159,-0.03396574156906787,4.429956842656723,3.191147273841345,0.11158570236577289,0.03910851769917411,7.579872711972988,4.984847179771463,0.00889296064777505,-0.02788736118246462,5.2913905962872745,2.6874143083257285,-0.30043696466553943,0.059273800013147915
509,8.2283126236428,8.805764272746057,0.009967111432745812,0.009173904984060127,2.627686183489061,4.618996537800842,0.19808785700159012,-0.34588132550716466,9.27934814548735,5.18235926644276,0.011732168064234704,-0.037375248154356853,2.7275121060482923,8.739650290743716,0.0016569666583979928,-0.0012876048991212372,8.790815940053442,0.7761137920102746,0.0061773564005427285,0.008386331650783427,6.029123487680707,1.0745375157737242,-0.2922976399344308,-0.7366178507629616,2.0337854243229505,7.823336958190344,0.0006580980260552967,0.0028959799573448543,8.466732686488339,2.4135826275909626,-0.0019030639419877994,0.01009181869439523,0.6712389579161107,3.1961157523079007,-0.06692471749405181,-0.006559301190545474,2.7169678125365126,2.4491592479922955,0.9211339698231717,0.2890475117930089,5.675716260428079,7.892842926804063,0.004969564239777807,0.011335352071521582,4.380197711016618,7.567817242679063,-0.02380828859858762,0.018393511777707112,5.063057679776814,9.033066836897838,0.003006715219563331,-0.008593025657638136,1.671337000825432,4.2206132768480416,-0.19232017615440652,0.2487332992334194,8.682100183820255,5.820909226908015,0.04576854461194621,0.053333614462245243,6.363811004855469,1.4994501424048785,0.6476023624467497,0.5192922456877392,4.923299544927935,4.452365070253279,0.010614909302995364,-0.033706565921121576,4.435536127775012,3.1931026997263037,0.10993516365985129,0.03956157606727222,7.580317360005377,4.98345281171234,0.009326137958496303,-0.026988040835689894,5.276368748053997,2.690377998326386,-0.285058021804142,0.03243213122026935
510,8.228810979214437,8.806222967995259,0.00939829152890582,0.009044075867047627,2.6375905763391407,4.601702471525484,0.18077753102019417,-0.35778652538101785,9.279934753890563,5.180490504035042,0.012948938880872257,-0.03874829863237427,2.727594954381212,8.73958591049876,0.001553047367606231,-0.0014160485534191886,8.79112480787347,0.7765331085928138,0.006367716335282098,0.008348868932981647,6.014508605683985,1.0377066232355763,-0.24950567406678692,-0.6526624439660046,2.0338183292242533,7.823481757188212,0.00029543168304888755,0.002390845687541885,8.46663753329124,2.4140872185256823,-0.0023803324949999054,0.010391146271150026,0.667892722041408,3.1957877872483733,-0.06561261792174425,-0.005950820366143999,2.7630245110276714,2.463611623581946,1.0211339698231718,0.3890475117930089,5.675964738640068,7.893409694407639,0.0031082818277335745,0.011773671268161945,4.379007296586688,7.568736918267948,-0.023296256176178184,0.017879605316267727,5.063208015537792,9.032637185614956,0.0025677804049088226,-0.008379077621386113,1.6617209920177116,4.233049941809712,-0.1724230275364006,0.2542574570990706,8.684388611050853,5.8235759076311275,0.046424886625642744,0.052509682630272815,6.396191122977807,1.5254147546892656,0.5792315398994177,0.47126571195127004,4.923830290393084,4.450679741957223,0.009170405122509273,-0.03329563643863031,4.441032885958005,3.1950807785296673,0.10821438333087974,0.03983132345255961,7.580783666903302,4.982103409670556,0.009735772294716019,-0.02601848735545809,5.26211584696379,2.6919996048873993,-0.2693776380694385,0.0060428459385851695
511,8.229280893790882,8.806675171788612,0.008815541105859259,0.008891606158745726,2.6466294528901506,4.583813145256433,0.16346397644425673,-0.36817489530464953,9.280582200834607,5.178553089103423,0.014129401400206645,-0.04002952654471021,2.7276726067495924,8.73951510807109,0.0014420291345801663,-0.001540519015273524,8.791443193690233,0.7769505520394628,0.006553964871540429,0.008278761582744378,6.002033321980646,1.005073501037276,-0.22098037931129694,-0.5865093202501072,2.0338331008084056,7.823601299472589,-6.123383703263011e-05,0.001882933440875333,8.46651851666649,2.41460677583924,-0.0028061073613111745,0.010668178047763094,0.6646120911453208,3.195490246230066,-0.06403796251129218,-0.005422987716124398,2.81408120951883,2.483063999171596,1.121133969823172,0.48904751179300887,5.676120152731454,7.893998377971047,0.0012939031691800015,0.012173284084072172,4.377842483777879,7.569630898533761,-0.02274108802437632,0.01733601689427731,5.063336404558037,9.032218231733886,0.002132771306522367,-0.008149344533468043,1.6530998406408917,4.2457628146646655,-0.15261551021285188,0.258921932915721,8.686709855382135,5.826201391762641,0.046910600519548894,0.051649922211736886,6.425152699972777,1.5489780402868292,0.5249170583773556,0.4407430633540729,4.92428881064921,4.449014960135291,0.007808596935365883,-0.03273355368029676,4.446443605124548,3.1970723447022955,0.10646710743970517,0.039923390351402285,7.5812704555180375,4.980802485302783,0.010122433633716833,-0.02498184975890271,5.248646965060319,2.6923017471843287,-0.2534484071760609,-0.019820826905867932
512,8.229721670846175,8.807119752096549,0.008220927559262629,0.008718064041277557,2.6548026517123633,4.5654044004912,0.14615438712279638,-0.37704317423341543,9.281288670904617,5.176551612776188,0.015272391695369791,-0.04121863569025535,2.7277447082063215,8.739438082120326,0.0013240483326687376,-0.0016601264491208699,8.79177089193381,0.7773644901186001,0.006734136450472666,0.008175287004482364,5.990984303015081,0.9757480350247706,-0.19929304392398403,-0.5289542548516819,2.033830039116554,7.823695446144633,-0.0004117414132913242,0.0013746191987615483,8.466378211298425,2.4151401847416283,-0.003177863370810357,0.01092028719574068,0.6614101930197562,3.19521909684426,-0.062210427836768306,-0.004977396689740402,2.8701379080099887,2.507516374761247,1.221133969823172,0.5890475117930088,5.676184847889913,7.8946070421752506,-0.0004686627634730529,0.012533945044615413,4.376705429376661,7.570497699378475,-0.02214568184413696,0.016765714777839846,5.063443043123364,9.031810764507211,0.0017027406628145466,-0.007904046061996952,1.645469065130249,4.2587089113104515,-0.1329454550697215,0.2627528774459686,8.689055385408112,5.828783887873228,0.04722969142908069,0.050759031929682216,6.451398552891645,1.5710151934545329,0.4773155573967424,0.41840993431060225,4.924679240495978,4.447378282451276,0.006536517009711684,-0.03201971606794461,4.451766960496533,3.199068514219866,0.10473061813212008,0.03984632138370311,7.581776577199723,4.979553392814838,0.01048732830903941,-0.02388075468072906,5.235974544701516,2.6913107058390353,-0.2373197104512629,-0.04509119686077079
513,8.230132717224137,8.807555655298613,0.007616526831024787,0.008525076026726773,2.6621103710685032,4.54655224177953,0.12885406031173666,-0.38439270640549694,9.282052290489386,5.174490680991675,0.016376925204036434,-0.042315504792902595,2.727810910622955,8.73935507579787,0.001199205424144926,-0.0017739937990481059,8.792107598756333,0.7777732544688242,0.0069062762372061595,0.008037874150031552,5.981019650818881,0.9493003222821865,-0.18127583876463008,-0.4761121115517067,2.0338094520458894,7.823764177104571,-0.0007560560176182685,0.0008682140508372854,8.466219318129884,2.4156861991014154,-0.00349332561299582,0.011144790668364043,0.6582996716279178,3.194970227009773,-0.06013981311690497,-0.004614016986537887,2.931194606501147,2.5369687503508973,1.321133969823172,0.6890475117930088,5.676161414751739,7.895233739427481,-0.0021748327578508175,0.012855648511942675,4.375598145284454,7.571335985117367,-0.021513005121420577,0.01617178826084504,5.063528180156505,9.031415562204112,0.001278678751000937,-0.0076433844780599836,1.638821792376763,4.27184655518275,-0.11345872245872958,0.26577467099911395,8.691416869979566,5.831321839469712,0.0473866437248257,0.04984155747036536,6.4752643307614814,1.591935690170063,0.4333425860303576,0.4002761054624307,4.925006066346463,4.445777296647879,0.005360873553287721,-0.031153093950489003,4.457003491403139,3.201060830289051,0.10303681898495425,0.039610814266809784,7.582300943615175,4.978359355080801,0.010831868346741819,-0.022717930704991077,5.224108559178952,2.689056145995997,-0.221033816617987,-0.0697092526243368
514,8.230513543565689,8.807981909099949,0.007004420806023002,0.00831432167178711,2.66855307408409,4.527332606459255,0.11156580660115945,-0.390230404545132,9.282871136749588,5.17237490575203,0.017442190567153633,-0.043320196120410395,2.7278708708941624,8.739266376107919,0.0010675590438795177,-0.001881260490660634,8.792452912568193,0.7781751481763257,0.00706852729756693,0.007866176629392607,5.97195585888065,0.9254947167046012,-0.1653715898869313,-0.4261128098543332,2.0337716492450086,7.823807587807113,-0.0010942683063005316,0.00036594925229671376,8.466044651849234,2.4162434386348335,-0.0037506147698039565,0.011338992707706661,0.6552926809720726,3.194739526160446,-0.05783608513989246,-0.004331263820002241,2.997251304992306,2.5714211259405477,1.31142052942045,0.7281319901052188,5.676052673113847,7.895876521853078,-0.003820353138634075,0.013138640361558356,4.3745224950283825,7.572144574530409,-0.020846096247057154,0.015557456140091994,5.063592114094055,9.03103339298021,0.0008615108165472935,-0.007367538362544045,1.6331488562538266,4.285135288732706,-0.09419882003435232,0.2680102672323822,8.693786202165807,5.833813917343231,0.04738640352944095,0.04890186733275861,6.496931460062999,1.6119494954431846,0.39152223672358966,0.38437098017033056,4.9252741100241275,4.444219641950355,0.004288222527592369,-0.03013196240912011,4.462155332352387,3.2030413710023913,0.10141150665719272,0.03922959159333937,7.582842537032512,4.977223458545552,0.011157695855426052,-0.021496238512515933,5.213056868348053,2.68557068336478,-0.20462554168723357,-0.09362527542583698
515,8.23086376460599,8.808397625183538,0.006386694279335076,0.008087530640443106,2.6741313644141482,4.507821086231998,0.09428949197697677,-0.39456991450416407,9.283743246277945,5.1702088959460095,0.018467551931338914,-0.044232954413278056,2.727924248846356,8.739172313083385,0.0009291198087412899,-0.001981088064808711,8.79280633893307,0.7785684570077953,0.007219173075078144,0.007660094131950964,5.963687279386303,0.9041890762118845,-0.15074668830966825,-0.37799212700696566,2.033716935829694,7.823825885269727,-0.0014265967016509303,-0.00013004134512929093,8.465857121110744,2.416810388270219,-0.003948302574001568,0.011500205578008914,0.652400876715078,3.194522962969446,-0.055309460225927184,-0.004126083114353015,3.0628223314633285,2.6078277254458087,1.2908945417829705,0.7639314642001169,5.675861655456915,7.8965334538711565,-0.005401305795374584,0.013383430353099553,4.373480190216029,7.5729224473374135,-0.02014807048819962,0.014926072858068545,5.063635189634883,9.030665016062082,0.0004520926591170201,-0.007076656364890681,1.628438915252109,4.2985358020943245,-0.07520655609930363,0.26948151749400173,8.696155522342279,5.836259010709869,0.04723436399108683,0.047944140900048365,6.5165075718991785,1.6311680444517012,0.3510998019251862,0.36963425489848695,4.925488521150507,4.442713043829898,0.00332513806796788,-0.028953611101781258,4.467225907685246,3.205002850582058,0.09987332528244451,0.038716681266225725,7.583400421825283,4.976148646619927,0.011466708919343366,-0.02021867424823453,5.202825591263691,2.6808894195934885,-0.18812238792250294,-0.11679977309780591
516,8.231183099319956,8.808802001715561,0.005765202906193751,0.00784605464703543,2.678845839012997,4.48809259050679,0.0770346119414926,-0.3974353916256044,9.284666623874513,5.167997248225346,0.01945175694545631,-0.04505447383599308,2.7279707048367934,8.739073258680145,0.0007844000439419727,-0.0020731137701107973,8.793167297586825,0.7789514617143929,0.00735604451158871,0.007420444999283796,5.95614994497082,0.8852894698615362,-0.13693173692924107,-0.331236086410677,2.0336456059946113,7.823819383202471,-0.0017524630273686613,-0.0006180631716483527,8.465659705982045,2.4173853985491194,-0.004086736491771868,0.011626245568829388,0.6496354037037816,3.1943166588137286,-0.05257697101980316,-0.003987649746881651,3.127367058552477,2.6460242986558145,1.1908945417829704,0.8639314642001169,5.675591590167146,7.897202625388811,-0.006914221401749429,0.013589739504044296,4.3724727866916195,7.573668750980317,-0.01942175998953225,0.014279763015572065,5.063657794267838,9.030311183243837,5.132258412454227e-05,-0.006771529604013398,1.6246785874471439,4.312009877969024,-0.05651455336918968,0.27021731115928904,8.698517240541833,5.838656217754871,0.046935543570944115,0.04697189170226419,6.534062561995438,1.6496497571966255,0.3116785995017068,0.35546667055032044,4.9256547780539055,4.441265363274809,0.002473008429502738,-0.02762161182966005,4.472219573949368,3.2069386846453694,0.0984136108127007,0.03808047981570539,7.5839737572712504,4.975137712907515,0.011759477975229833,-0.01888917853567534,5.193419471867566,2.675049430938598,-0.17155793230075805,-0.13920039461746483
517,8.231471359465266,8.809194304447912,0.005141780748585553,0.007591229429882824,2.6826975696100717,4.46822082092551,0.05981066546532297,-0.39885690348780584,9.285639211721785,5.1657445245335465,0.020393612977140946,-0.045785664387201885,2.7280099248389904,8.73896960299164,0.0006339412452300324,-0.0021569846562804443,8.793535099812404,0.7793224839643571,0.007477094982143265,0.007148388853926225,5.949303358124357,0.8687276655410023,-0.12365397401935599,-0.28557506616684974,2.033557982843243,7.823788480043889,-0.002071311364332115,-0.0010964483575563832,8.465455369157457,2.4179667108275607,-0.0041669277710032065,0.011715076978381086,0.6470065551527915,3.1941172763263843,-0.04965663995093531,-0.003905403673407971,3.186911785641626,2.68922087186582,1.0908945417829703,0.9639314642001169,5.675245879097059,7.897882112364013,-0.008355934786228559,0.01375742536295376,4.371501698692143,7.574382739131095,-0.018669933281257753,0.013620659056648375,5.063660360397044,9.029972606763636,-0.0003399263571960498,-0.006452975767807608,1.6218528597786843,4.3255207435269885,-0.03815438264622427,0.27024733118955324,8.700864017720379,5.8410048123399845,0.046495254741062315,0.04598835151298073,6.549646491970524,1.6674230907241416,0.2730558619319376,0.34151886478359933,4.925778428475381,4.439884282683326,0.0017326628100104657,-0.026140143893264203,4.477140254490003,3.208842708636155,0.09701181476388884,0.03732803734169131,7.5845617311700115,4.974193253980731,0.012036582202131078,-0.01751197237220693,5.184841575252528,2.668089411207725,-0.1549632582253545,-0.16080434414865416
518,8.231728448502695,8.809573865919406,0.004518425154928096,0.007324257514695815,2.6856881028833377,4.44827797575112,0.042629352837378176,-0.39885783860426505,9.286658892370642,5.163455241314186,0.021291853214667925,-0.04642806469491002,2.728041621901252,8.738861753758826,0.00047857263348114495,-0.002231683109923583,8.79390895456151,0.7796799034070534,0.007579554309493376,0.006845477013497701,5.943120659423389,0.8544489122326598,-0.11075702667844413,-0.24087610217527922,2.0334544172750264,7.82373365762601,-0.002382470006505891,-0.001562425305548314,8.465247022768907,2.4185524646764796,-0.004191511486258881,0.011764436097764985,0.6445237231552448,3.193922006142714,-0.04657390751419887,-0.0038705960698251114,3.241456512730774,2.737417445075826,0.9908945417829703,1.063931464200117,5.674828082357747,7.898569983632161,-0.009722982850005384,0.013886547168065463,4.37056820202808,7.575063772083928,-0.017894441876415146,0.012951454471890453,5.0636433640791845,9.029649957975245,-0.0007204036084404585,-0.006121622775589317,1.6199451406463732,4.339033110086466,-0.020163155017494893,0.26960918476558965,8.703188780457433,5.843304229915634,0.04591908948497495,0.04499601621135182,6.563299285067121,1.6844990339633217,0.2351352727221772,0.3275856714231594,4.925865061615881,4.4385772754886625,0.0011082504997461918,-0.02451796666350805,4.481990845228197,3.2107091105032395,0.09563623102323954,0.03644576766798853,7.585163560280118,4.973317655362121,0.01229854040228521,-0.016092472964860573,5.17709341234126,2.660049194000292,-0.13837749835924668,-0.1816042156882578
519,8.231954369760441,8.80994007879514,0.0038971286077659865,0.00704634903275682,2.687819570525207,4.428335083820906,0.025499319423687283,-0.3974664613434869,9.287723485031377,5.161133838079441,0.02214531065329341,-0.04698340824527414,2.728065550532926,8.73875016960333,0.0003190730302706596,-0.0022961383922157227,8.794287932276985,0.7800221772577283,0.0076608410630512715,0.006513554181111381,5.937582808089467,0.8424051071238958,-0.09815145507942424,-0.1970873212351317,2.033335293774701,7.823655536360733,-0.002685435254528435,-0.002013207210522769,8.465037447194593,2.419140686481368,-0.004163711906438511,0.01177225795739316,0.6421950277795349,3.193728476339223,-0.043352851468459255,-0.0038758663262682103,3.2910012398199227,2.790614018285832,0.8908945417829703,1.163931464200117,5.6743419332152465,7.8992643109905645,-0.011012165155452742,0.01397741079683181,4.369673479934259,7.575711344807522,-0.017097069014191914,0.01227503818339049,5.063607343898762,9.029343876836466,-0.001088886801472665,-0.005778040455236377,1.6189369828954985,4.352513569324746,-0.002577528741184002,0.26833879684290624,8.705484734931682,5.845554030726202,0.04521293815957208,0.04399710916031413,6.57505604870323,1.7008783175344797,0.19788498794453946,0.31354886320422504,4.925920474140868,4.437351377155487,0.000604778475704981,-0.022764566745228698,4.486772656779359,3.212531398886639,0.09424433811019493,0.03541462798144249,7.5857784873002325,4.972513031713878,0.012545960923683227,-0.014636370504107375,5.170174537423297,2.650968983215879,-0.12184195270758846,-0.20160124616468578
520,8.23214922619083,8.810292396246778,0.00327987361154599,0.0067587149369165945,2.689094536496391,4.408461760753732,0.008425914810974107,-0.39471672476162006,9.288830750564042,5.158784667667177,0.02295291045071914,-0.04745361299114461,2.7280815041844395,8.73863536268372,0.0001561720226904694,-0.0023492264882756368,8.794670974330138,0.7803478549667838,0.007718579521533847,0.006154733880865134,5.932675235335496,0.8325507410621392,-0.0857887394836,-0.1542053168051288,2.0332010220119745,7.823554876000207,-0.0029798672628257718,-0.002445993154348249,8.464829261599272,2.4197292993792376,-0.004087304750099146,0.01173671850332466,0.6400273852061119,3.1935346830229094,-0.04001626203263691,-0.003915102338830175,3.3355459669090712,2.848810591495838,0.7908945417829704,1.2639314642001171,5.673791324957474,7.899963181530406,-0.012220539503187975,0.014030562834504635,4.36881862648355,7.576325096716691,-0.01627951858578141,0.011594491196393327,5.0635528995586885,9.029054974813704,-0.0014441802112962958,-0.005422739735997201,1.6188081064584392,4.3659305091668905,0.014566645140590258,0.26647051028868085,8.707745381839661,5.8477538861842175,0.044382955774770895,0.042993579761364614,6.584950298100457,1.716555760694691,0.16131171490367077,0.29934452688285207,4.925950713064654,4.436213148818226,0.00022827542792630366,-0.020890405626904897,4.491484873684869,3.214302130285711,0.0927819981509242,0.03420999457310845,7.586405785346416,4.971781213188673,0.01277951539315977,-0.013149620654370201,5.164082439787918,2.6408889209076447,-0.10540213036298626,-0.22080335852488292
521,8.232313219871406,8.810630331993623,0.002668627556659163,0.006462559880057283,2.68951583223694,4.388725924515651,-0.008588939313351897,-0.3906493426611882,9.289978396086578,5.15641198701762,0.0237136613802558,-0.04784077024333635,2.728089312785574,8.738517901359305,-9.44844630812103e-06,-0.002389768659816502,8.795056903306214,0.7806555916608271,0.0077506145033770105,0.005771370245771284,5.928385798361315,0.8248404752218828,-0.07364575406864808,-0.11225578350515583,2.033052028648833,7.82343257634249,-0.0032655863575393835,-0.002857966549161749,8.464624896361768,2.420316135304404,-0.003966570740275738,0.011656277126168997,0.6380265721044801,3.193338927905968,-0.0365856957112366,-0.003983325255052802,3.37509069399822,2.9120071647058436,0.6778191049569792,1.3381185526534336,5.673180297982315,7.900664709672132,-0.013345415189597207,0.014046782786553483,4.36800465055426,7.576904821276511,-0.015443401551493735,0.010913083735465134,5.063480690548124,9.028783837826904,-0.0017851122957939856,-0.005056172054461867,1.6195364387154687,4.379254034681325,0.031234585673221606,0.26403715785731274,8.7099645296284,5.849903565172286,0.043435526469549186,0.041987103631095285,6.5930158838456405,1.7315229870388338,0.12544528393901408,0.2849436505754127,4.92596212683605,4.43516862853688,-1.406345860384227e-05,-0.018907272516206504,4.4961239735924154,3.2160126300143665,0.09118346686164774,0.03280299083924233,7.587044761116075,4.971123732155954,0.012999907160147378,-0.011638435462255304,5.158812333269768,2.6298487529814008,-0.08910947407743534,-0.23922246739665917
522,8.232446651249239,8.810953459987626,0.0020653375573060633,0.00615907472227036,2.6890863852712723,4.3691934573825915,-0.0255466782711804,-0.3853132405519214,9.29116407915559,5.154019948505453,0.024426646350182945,-0.04814713281182031,2.7280888403632586,8.738398412926314,-0.000177152072060521,-0.0024165284986329147,8.795444434031383,0.7809441601731156,0.007755024351843195,0.005366027165066312,5.924703510657883,0.819227686046625,-0.06171516463150963,-0.07128164466844433,2.032888749330956,7.823289678015032,-0.0035425700361269045,-0.0032462906557439845,8.464426567824754,2.4208989491607125,-0.003806241469347211,0.011529718421213298,0.6361972873189182,3.193139761643215,-0.03308150940182242,-0.004076591626096156,3.4089816492460687,2.9789130923385154,0.5592310036914485,1.3918551233911722,5.672513027222835,7.901367048811459,-0.014384343804818733,0.014027073327304233,4.3672324804766856,7.577450475463284,-0.01459021937882352,0.01023427314738657,5.063391434933334,9.028531029224181,-0.002110532204602162,-0.0046787289605478505,1.6210981679991299,4.392455892574191,0.0473927736146523,0.26107009599812137,8.712136305951876,5.852002920353841,0.04237722625216225,0.040979084344073956,6.599288148042591,1.7457701695676044,0.09032914098184294,0.2703401628373107,4.92596142366312,4.43422326491107,-0.00011377469328952733,-0.01682876765609549,4.500683146935498,3.2176527795563286,0.08937359907243676,0.0311639244253617,7.587694756474082,4.970541810382842,0.013207834218529096,-0.010109272321646401,5.154356859565897,2.617887629611568,-0.07302246425401919,-0.2568711602690147
523,8.232549918127104,8.81126141372374,0.0014718252661483472,0.005849333563159928,2.6878090513577133,4.349927795354995,-0.04244714345028244,-0.37876810875169287,9.2923854114731,5.151612591864862,0.025090818753447822,-0.04837508098840558,2.7280799827596556,8.738277586501383,-0.00034622910180171233,-0.0024284401470523417,8.795832185248976,0.7812124615313689,0.007730169938097952,0.004941600731495568,5.921617752426307,0.8156636038132028,-0.049998611228747714,-0.031335223160878514,2.03271162082915,7.823127363482245,-0.0038107087326375412,-0.0036083615625414987,8.464236255751286,2.4214754350817733,-0.003611561180543642,0.011356423683069626,0.6345432118488271,3.19293593206191,-0.029523520012341344,-0.004190747507538421,3.436943199430641,3.048505848508074,0.44130316214807225,1.4336148433516278,5.671793810032594,7.902068402477824,-0.015335248656581283,0.013972323772845784,4.366502969507744,7.577962189120653,-0.013721372458473938,0.009561196105610162,5.063285908323104,9.028297092776153,-0.0024193416694020912,-0.004290972826589874,1.6234678066798625,4.405509397374097,0.06301074462730498,0.2576003609802622,8.714255167264485,5.854051874571044,0.04121455436184155,0.03997062489031835,6.603804605091684,1.75928717770947,0.05601445887395042,0.25554402445034285,4.925955734928455,4.433381826528265,-6.39350701010563e-05,-0.014672549827121583,4.5051518268891195,3.219210975777597,0.08727540263869092,0.029273982457497946,7.588355148185009,4.97003634676676,0.01340348103303753,-0.008568837912619313,5.150705736353196,2.605044071598117,-0.05720722095374832,-0.2737554629855693
524,8.232623509390411,8.811553880401897,0.0008897956106335481,0.005534318422716014,2.685686694185199,4.330989389917411,-0.059287876243175636,-0.371085314416034,9.293639952410773,5.149193837815441,0.02570505937244369,-0.04852707943182807,2.7280626713045657,8.73815616449403,-0.0005159242279645788,-0.0024245770870942552,8.796218693745882,0.7814595415679437,0.007674753776807855,0.004501213952815194,5.91911782186487,0.8140968426551589,-0.038502791389721486,0.007526141667355692,2.032521085392518,7.822946945404118,-0.004069850459374716,-0.003941777119231064,8.46405567769226,2.4220432562659266,-0.0033880906024506877,0.011136356657606027,0.63306703584821,3.192726394686533,-0.025930776634936276,-0.004321854793128752,3.459008357538045,3.1201865906756554,0.3413031621480722,1.3336148433516277,5.671027047599765,7.9027670186664665,-0.016196415882432227,0.013883361379450386,4.365816900884821,7.578440248925934,-0.012838168153838675,0.008896733423855387,5.063164941239634,9.028082544134824,-0.0027105008396107653,-0.0038935963153456155,1.6266183439112276,4.41838941542311,0.07806073985301429,0.25365838522497625,8.716315894982577,5.8560504058155605,0.03995395619292305,0.038962579124963606,6.606605328035381,1.7720643789319872,0.02255646875450671,0.24057596899547426,4.92595253817495,4.432648199036909,0.0001406977133919757,-0.012460204805020452,4.509515597021054,3.2206746749004718,0.08482696591783033,0.02713182570392426,7.589025322236661,4.969607904871129,0.013586599143533152,-0.007023974966473491,5.147845375305508,2.5913562984488387,-0.04173448001981422,-0.2898721408480948
525,8.232667999170943,8.811830596323032,0.000320859093239086,0.005214949477191799,2.6827223003730403,4.312435124196609,-0.07606336496028877,-0.3623491122289772,9.294925205379394,5.14676748384385,0.02626824806924485,-0.04860565015843858,2.7280368750931676,8.738034935639677,-0.0006854704632750854,-0.002404088499973598,8.796602431434723,0.7816846022655844,0.007587835820641317,0.004048103782723011,5.917192682295385,0.8144731497385267,-0.027237128522464966,0.04524297894115206,2.0323175928695494,7.822749856548156,-0.0043198653089506055,-0.0042442644487672935,8.463886273162137,2.4226000740988067,-0.003141536778869614,0.01087000223652226,0.6317704970164632,3.192510301946877,-0.022321375964147162,-0.004466591413432844,3.4760735156454485,3.186867332843237,0.2413031621480722,1.2336148433516276,5.670217226805643,7.903461186735439,-0.016966459469080243,0.013761034395383684,4.365174992477129,7.578885085597126,-0.011941812090404402,0.008243634304530345,5.0630294161976535,9.027887864319057,-0.002983022843900354,-0.0034873567865610308,1.6305213809038783,4.431072334684359,0.09251722234070286,0.24927366207607607,8.718313592792223,5.857998534771808,0.03860186900888269,0.03795559388422337,6.607733151473107,1.784093177381761,-0.009988067596350098,0.2254638209946426,4.925959573060619,4.432025188796658,0.0005038730331468932,-0.010216918727059248,4.5137569453169455,3.222031266185668,0.0819976641924315,0.024753384486463012,7.589704652193838,4.969256706122805,0.01375663869490983,-0.005481572217600963,5.145758651304517,2.576862691406434,-0.026676497566265354,-0.30520789162602446
526,8.232684042125605,8.812091343796892,-0.00023398275346503156,0.0048919024774575345,2.6789191321250256,4.29431766858516,-0.09274369450625804,-0.3526626985978671,9.296238617782857,5.144337201335928,0.02677886631324605,-0.048612844322356526,2.728002601570004,8.737914731214678,-0.0008538804061853761,-0.0023676624379785523,8.796981823225755,0.7818870074547206,0.007469712936643585,0.0035858332591999047,5.915830825869262,0.8167352986855843,-0.016207750199068144,0.08175425998052538,2.032101599604102,7.822537643325718,-0.0045597963972974125,-0.004515654692411611,8.463729196323193,2.423143574210633,-0.0028769577618113734,0.010559301894131278,0.6306544282182558,3.192286972376205,-0.018711469479852298,-0.0046171356699982475,3.4881386737528524,3.2485480750108184,0.1413031621480722,1.1336148433516275,5.669368903832189,7.904149238455208,-0.017645445335675164,0.013605034069936333,4.364577901872608,7.579297267312353,-0.011034377583635577,0.007602091935211266,5.062880265055458,9.027713496479729,-0.003236501927951989,-0.003074079775142918,1.6351472420209134,4.443536017788163,0.10636844928598616,0.24447571469407828,8.720243686242666,5.859896314466019,0.03716401111361029,0.03695052322739906,6.6072337480932894,1.795366368431493,-0.04155900187284983,0.21024137493385464,4.9259847667122765,4.4315143428603045,0.0010123275518610802,-0.007969105672707397,4.5178568285265674,3.2232689354099913,0.07879190366798298,0.022199740124110724,7.590392484128583,4.9689826275119255,0.013911484042600378,-0.0039474654473177,5.144424826426204,2.561602296825133,-0.012091098333040437,-0.3197285675933399
527,8.232672342987932,8.812335938920764,-0.0007738154125290251,0.004565810419597578,2.6742819473997126,4.276684533655267,-0.10929138855707603,-0.3421309138621285,9.29757756109852,5.14190655911981,0.027235486841357914,-0.04855072970168835,2.7279599075496948,8.737796348092779,-0.0010201177070962803,-0.0023160456295859217,8.797355308872588,0.7820662991176807,0.00732095061506041,0.0031178775098322613,5.915020438359308,0.8208230116846105,-0.005421733080680611,0.11700030324393909,2.031873609784237,7.822311860591097,-0.004788624672250698,-0.004755855559706224,8.463585348435103,2.4236715393053396,-0.0025993237937437905,0.010206539764461982,0.6297188547442631,3.192056115592705,-0.015117467687135476,-0.004766887469961471,3.495203831860256,3.3052288171783997,0.0413031621480722,1.0336148433516275,5.668486631565405,7.904829490158705,-0.018233780836510328,0.013415062892288223,4.364026182993427,7.5796773719091135,-0.010117835623908666,0.006972078055759514,5.062718439959061,9.02755979249097,-0.0034705843885557723,-0.0026556484677589896,1.6404656644852127,4.4557598035228665,0.11960398199206176,0.2392948297312997,8.722101886798347,5.86174384062739,0.035646118856799,0.03594808225380201,6.605155797999647,1.8058784371781857,-0.07209793872910769,0.19494483187657785,4.92603538308987,4.431115887576669,0.0016498683026284883,-0.005743729751781021,4.521796423709967,3.224378922416197,0.07524681431483557,0.019530333967481505,7.591088058330713,4.96878525423956,0.014048887629303449,-0.0024273361041169594,5.143820271509552,2.545615868445466,0.0019687077009367115,-0.33339603679903185
528,8.232633652217306,8.812564229441744,-0.0012978118114665078,0.004237266521401468,2.668817377971859,4.25957798796216,-0.12566189112770415,-0.33085809815554107,9.298939335440586,5.139479022634725,0.027636788967147028,-0.04842138163255019,2.72790890166434,8.7376805458113,-0.001183102169952385,-0.002250044356663624,8.79772135640334,0.7822221929931723,0.007142351504862163,0.002647589910628083,5.914749351705274,0.8266730268468074,0.005113643845264347,0.1509240943895761,2.0316341785506244,7.822074067813111,-0.005005270907020106,-0.004964855552633972,8.463455382245415,2.4241818662935626,-0.002313464554456258,0.009814307174126532,0.6289629813599064,3.191817771219207,-0.011555866038292605,-0.004910388581805672,3.4972689899676594,3.356909559345981,-0.05869683785192781,0.9336148433516275,5.667574942523579,7.90550024330332,-0.01873221189808849,0.013190837595124183,4.3635202912122315,7.5800259758119015,-0.009194062946247182,0.006353340807516046,5.062544910739633,9.027427010067584,-0.0036849724296427718,-0.002233997389237831,1.6464458635848158,4.467724545009432,0.13221480926594134,0.23376182837452525,8.723884192741187,5.863541244740079,0.03405393723428721,0.03494886333408676,6.601550901063192,1.8156256787720146,-0.10154927366580072,0.1796115592388447,4.9261178765050015,4.43082870108908,0.0023975140372278093,-0.003567467817919338,4.525558764425709,3.225355439114571,0.07141704000133042,0.016796973017594367,7.591790502712178,4.968663887434354,0.014166507549689782,-0.0009266736261059265,5.143918706894598,2.5289460666055144,0.015454826061707333,-0.3461699376238383
529,8.232568761626732,8.812776092767814,-0.0018052319676070444,0.003906827995050886,2.6625342834154737,4.243035083054383,-0.14180425622112916,-0.3189464021636129,9.300321174888944,5.137057953553097,0.027981574324219573,-0.048226875530839194,2.7278497465558424,8.737568043593466,-0.0013417160565144684,-0.00217052587512098,8.798078473978583,0.7823545724887037,0.006934923700199535,0.002178173252494495,5.915005033897537,0.8342192315662862,0.015391454829314824,0.18347231901133276,2.0313839150052733,7.8218258250354795,-0.005208598591141857,-0.005142730192833113,8.463339709017692,2.4246725816522687,-0.0020240221987744404,0.009385463772800477,0.6283851880579917,3.1915722517901166,-0.008043110352058864,-0.005043233155086405,3.494334148075063,3.4035903015135625,-0.1586968378519278,0.8336148433516275,5.666638331928675,7.906159785183076,-0.019141819509155153,0.012932095115386524,4.363060588064919,7.580343642852277,-0.008264853898888846,0.005745405958051447,5.0623606621181505,9.027315310198121,-0.00387942861688602,-0.0018111048019304942,1.653056604048113,4.479412636428158,0.14419350925005261,0.22790786657183848,8.725586889602901,5.865288687906784,0.03239321259046935,0.03395335211230078,6.596473437379902,1.824606256733957,-0.12986099737556422,0.16427914229178645,4.9262377522068626,4.430650327698184,0.003233771836265032,-0.001465843962681468,4.5291296164257755,3.2261952877654507,0.06735930870250913,0.014042947972418795,7.592498828089663,4.968617553753049,0.014261949798023097,0.0005492580283330329,5.144691448197683,2.5116375697243223,0.028323912457890163,-0.35800935054562955
530,8.232478500028352,8.812971434167567,-0.002295421865198794,0.0035750204216793277,2.655444070604417,4.227087762946202,-0.15766178530580857,-0.30649473569815616,9.301720253605156,5.1346466097765555,0.02826878244857746,-0.04796928108420463,2.7277826607530167,8.73745951729971,-0.0014948115300092188,-0.0020784202910127526,8.798425220163592,0.7824634811513284,0.0066998494472390565,0.0017126559779441115,5.915774606639003,0.8433928475168528,0.02540556494521664,0.21459620989112477,2.031123485075716,7.821568688525838,-0.005397417654961471,-0.005289650159724567,8.463238507907754,2.4251418548409087,-0.0017354105359446857,0.008923096459379871,0.6279830325403888,3.191320090132362,-0.004595496517707329,-0.0051619739632108716,3.486399306182467,3.445271043681144,-0.2586968378519278,0.7336148433516275,5.665681240953217,7.906806389938845,-0.01946401525248145,0.012638601390618785,4.362647345369975,7.58063091315018,-0.00733193581505397,0.005147581839894167,5.062166690687306,9.027224754958025,-0.004053780758842341,-0.0013889838438784178,1.6602662795106156,4.49080802975675,0.15553444272618913,0.22176426251401124,8.727206550232426,5.866986355512399,0.030669686938518313,0.03296194284981514,6.589980387511123,1.8328202138485463,-0.15698534717687085,0.14898462099043347,4.926399440798676,4.43057703550005,0.004135031192877966,0.000537579724684429,4.532497581860901,3.2268974351640716,0.06312167814450909,0.011305608225731569,7.593211925579563,4.968645016654466,0.014332813263043889,0.0019954487075382428,5.146107643820578,2.493737102197041,0.04053707933228402,-0.3688742788246484
531,8.232363728935091,8.81315018518865,-0.0027678115725694695,0.0032423425362075684,2.6475609813391268,4.211763026161295,-0.17317232870092591,-0.2935984599522102,9.303133692727585,5.132248145722345,0.028497505659057114,-0.047650658161986784,2.7277079201765164,8.737355596285159,-0.0016412192003517699,-0.0019747227241668107,8.798760212635955,0.7825491139502255,0.00643845476434556,0.0012538734173390175,5.917044884886264,0.8541226580114091,0.03515099859593527,0.24425228383231679,2.030853614192968,7.821304206017852,-0.005570489067288959,-0.0054058911596680005,8.463151737380956,2.4255880096638776,-0.0014517805993415269,0.008430477176719905,0.6277532577145034,3.1910619914342018,-0.001229100068942445,-0.005264027818949434,3.4734644642898704,3.4819517858487252,-0.35869683785192785,0.6336148433516275,5.664708040190592,7.907438320008376,-0.019700535502681006,0.012310162845038742,4.362280748579223,7.580888292242174,-0.006396987436875789,0.004558968453987976,5.061964001649364,9.027155305765831,-0.004207927005504409,-0.0009696724041182408,1.668043001646925,4.5018962428824505,0.16623397436716797,0.21536234765405873,8.728740034579351,5.86863445265489,0.02888909343399825,0.03197495273128158,6.58213112015228,1.840269444898068,-0.18287936280153014,0.13376383530020902,4.92660619235832,4.4306039144862845,0.0050760462690027305,0.002421879228166861,4.535653665768127,3.227462715575358,0.05873900663336955,0.008619741297710148,7.593928566242716,4.968744789089842,0.0143767355919999,0.0034071645767719946,5.148134497787193,2.4752933882558086,0.05205958502431698,-0.37872689799990533
532,8.232225338356463,8.813312302315461,-0.003221912612886184,0.0029092712554684664,2.6389023649040806,4.197083103163684,-0.18826798625265542,-0.28034987390899474,9.304558568010536,5.129865612814245,0.028667002806796075,-0.0472730544145981,2.727625859216499,8.737256860148952,-0.0017797577709472668,-0.0018604955500164137,8.799082135374173,0.7826118076210925,0.006152180362183629,0.0008044538018423201,5.91880243481606,0.8663352722030249,0.044624273294177966,0.2724030277676523,2.0305750897396035,7.821033911459868,-0.005726530456960391,-0.005491845318553091,8.463079148350989,2.4260095335227136,-0.0011769926521791115,0.007911020479790257,0.6276918027110563,3.1907987900432544,0.0020402679657349123,-0.005347582086459196,3.455529622397274,3.5136325280163065,-0.45869683785192783,0.5336148433516276,5.663723013415458,7.908053828150628,-0.019853433914519002,0.0119466403874103,4.361960899207379,7.5811162406648736,-0.0054616598276776805,0.003978471231468658,5.061753605299089,9.027106822145624,-0.004341840949988005,-0.0005552217218096953,1.6763547003652834,4.512664360265154,0.17629072219471834,0.2087333363134304,8.730184489251052,5.8702332002914535,0.027057152599414446,0.03099263486579614,6.572987152012203,1.8469576366630784,-0.20750538948360492,0.11865081905982217,4.92685999467177,4.430725008447693,0.006030474046741193,0.004169256936405285,4.538590616099795,3.2278937026402437,0.054233392627116406,0.006019831386782677,7.594647403022316,4.968915147318681,0.014391438271432078,0.004779964544535377,5.150737477038408,2.4563570433558133,0.06286057748735452,-0.38753257930806545
533,8.232064242725817,8.813457765878235,-0.0036573146218236083,0.002576266809098547,2.629488965591448,4.183065609468234,-0.2028739930786729,-0.2668395385157436,9.305991918150877,5.127501960093515,0.028776711585145952,-0.04683850444019865,2.7275368713279518,8.737163835371451,-0.0019092448159280543,-0.0017368704993475763,8.799389744392283,0.7826520303111846,0.005842554196144663,0.00036680869477504093,5.921033648480769,0.8799554235914074,0.05382372484660415,0.2990175861642563,2.0302887632167557,7.82075931919394,-0.005864223005778748,-0.0055480338946251465,8.46302029871838,2.4264050845467033,-0.0009145944416679833,0.007368241624140557,0.627793816109343,3.1905314109389313,0.0051970817136909216,-0.005411503005990458,3.4325947805046777,3.540313270183888,-0.5586968378519278,0.4336148433516276,5.662730341719732,7.908651160169998,-0.019925071872715985,0.011547965670461966,4.361687816215995,7.581315164226447,-0.004527599099923274,0.003404819894361312,5.061536513251589,9.027079061059533,-0.004455576529704718,-0.00014768371499428396,1.6851692364750193,4.523101027080825,0.18570583939164065,0.20190820786570285,8.731537346881023,5.871782832034743,0.025179568959552274,0.030015189852799502,6.562611882538023,1.8528901776160696,-0.23083156279353906,0.10367719070908352,4.927161518374107,4.430933471294513,0.006971441937997661,0.005765318370516369,4.541302285731151,3.228194694209583,0.0496172278706535,0.0035405989435721235,7.595366974935888,4.969154145545907,0.014374769549995253,0.0061097107854223365,5.153880505912776,2.43698041439041,0.07291292719057445,-0.3952607153643589
534,8.231881376994727,8.81358657921869,-0.004073681353634331,0.0022437778501084357,2.6193452659375143,4.169723632542447,-0.21690664784709124,-0.2531585389562755,9.307430753730134,5.125160034871506,0.028826259190712224,-0.04634903031328755,2.7274414090871555,8.737076991846484,-0.002028508725936257,-0.0016050503951320649,8.79968187210209,0.7826703707459234,0.005511165948666625,-5.687261087073547e-05,5.9237248347230995,0.8949063028996203,0.06274984612403885,0.32407249997629517,2.0299955520664668,7.820481917499209,-0.005982219936815464,-0.005575121107168412,8.462974568996296,2.42677349662791,-0.0006678053217311097,0.006805715796430521,0.6280536701950276,3.190260835788632,0.00822609956404285,-0.00545524553967881,3.4046599386120815,3.5619940123514695,-0.6586968378519278,0.3336148433516276,5.661734088126097,7.909228558453521,-0.019918106642199337,0.011114159249580159,4.361461436260999,7.581485405221165,-0.0035964701568309155,0.002836592719713849,5.061313734425104,9.027071676873783,-0.004549272534583748,0.0002509029094619235,1.6944545284446013,4.5331964374741105,0.19448333636324308,0.19491759417862237,8.732796325329,5.873283591527383,0.023262027792138606,0.029042775904550348,6.551070304398346,1.8580740371515236,-0.2528323052228494,0.08887149115144503,4.927510090471007,4.431221737213039,0.007872129074756888,0.007199143972737909,4.5437831471246835,3.2283717241567613,0.044896819196428024,0.0012161908346537556,7.5960857134133875,4.969459631085178,0.014324744093622784,0.007392573924183106,5.157526152272305,2.417217378622192,0.08219315593849691,-0.4018853837354891
535,8.231677692927045,8.813698768111195,-0.004470746125525544,0.001912246430261511,2.6084999335451595,4.157065705594634,-0.23027024126796472,-0.23940190800514521,9.30887206668967,5.122842583355841,0.02881547119840543,-0.0458066432133957,2.7273399836508587,8.736996739326727,-0.0021364018497369544,-0.0014663103001926782,8.799957430399523,0.7826675271153798,0.005159643699754081,-0.0004646252286569612,5.926862327029301,0.911109927898435,0.07140566075493264,0.34755255088701675,2.029696441069626,7.8202031614438505,-0.0060791569808447765,-0.00557392884480417,8.46294117873021,2.427113782417732,-0.0004395057456096898,0.006227039013932851,0.6284649751732297,3.189988073511648,0.011112342849565892,-0.005478763544562432,3.371725096719485,3.5786747545190507,-0.7540147784387998,0.2336148433516276,5.660738182793986,7.9097842664160005,-0.01983547703217292,0.0106453501489968,4.3612816127531575,7.581627234857151,-0.0026699804995157753,0.0022722463175882013,5.061086270798375,9.027084222019257,-0.004623156535785901,0.0006385276538119733,1.7041786952627636,4.542942317183042,0.20263045424088474,0.18779166292917968,8.733959426718606,5.874735730322611,0.021310191728943988,0.02807551760694527,6.538428689137203,1.8625176117090958,-0.27348886322807403,0.07425841549884034,4.927903696924745,4.431581694411676,0.008706354615758064,0.008463185760929581,4.5460279880845045,3.228432533698494,0.04007540306018201,-0.0009212738788657786,7.596801950618069,4.969829259781387,0.014239578504014853,0.00862503371020383,5.16163581006923,2.3971231094354177,0.09068145223311483,-0.4073858821692822
536,8.231454155620769,8.813794380432707,-0.004848306813468005,0.001582112729679648,2.5969864214817613,4.145095610194376,-0.24285311248827543,-0.22567361085595666,9.31031284024959,5.120552251195171,0.028744378566161626,-0.04521334586503263,2.7272331635583718,8.736923423811717,-0.0022318148319113804,-0.0013219978359385429,8.80021541258451,0.7826442958539469,0.004789632993497215,-0.0008547078592115026,5.930432610067048,0.9284875554427858,0.0797971547554335,0.36945177355528436,2.029392483220584,7.81992446500161,-0.006153665245773115,-0.005545451948806889,8.46291920344293,2.4274251343684283,-0.00023223157840669914,0.00563579114365611,0.6290205923157081,3.1897141353344196,0.013841054395694078,-0.005482418188167939,3.334024357797545,3.590355496686632,-0.8453799489035614,0.1336148433516276,5.659746408942378,7.91031653392345,-0.019680386466533594,0.010141796222304522,4.361148113728182,7.58174084717303,-0.0017499030142302742,0.0017101507984785018,5.060855112971586,9.027116148401948,-0.004677548051821815,0.001013224162652232,1.7143102179748078,4.5523319003295,0.2101581033426347,0.18055998401904869,8.735024936305052,5.876139506202958,0.0193296969702544,0.027113513457356235,6.5247542459757994,1.8662305324840378,-0.2927899148377688,0.05985787630365182,4.928339014655533,4.4320048536997225,0.009449168811170588,0.0095530310562717,4.548031758237514,3.228386470004551,0.03515516655881311,-0.0028432002991841477,7.597513929543269,4.970260511466898,0.014117722058922694,0.00980387614868012,5.166169882680886,2.3767538153269534,0.09836175789415291,-0.41174716343699386
537,8.231211740280095,8.813873486069191,-0.005206215648368967,0.001253839744568649,2.5848437658573475,4.1338119296515785,-0.2545265213364469,-0.21209200645723433,9.311750059177898,5.11829158390192,0.028613259078380315,-0.044571120634769694,2.727121572816776,8.73685732391992,-0.002313726295547143,-0.0011735440667749902,8.800454894234186,0.7826015604609863,0.004402805988525129,-0.0012256249239014315,5.934422467804819,0.9469601441205501,0.08793382257731328,0.3897745923735372,2.0290847999582953,7.81964719240417,-0.006204428878656481,-0.005490916953726105,8.46290759186401,2.4277069239256113,-4.811526923809869e-05,0.005035480674949058,0.6297126450354927,3.1894400144250112,0.016397946443319045,-0.005466805620175762,3.291755360352367,3.5970362388542134,-0.9378583223680339,0.033614843351627594,5.658762389619051,7.910823623734565,-0.019456298771884446,0.009603953161507988,4.36106061857747,7.5818263547129545,-0.0008381523835409602,0.001148674804695656,5.060621235568995,9.027166809610081,-0.0047128808363595875,0.001373109048194685,1.7248181231419395,4.561359899530453,0.21708171890102965,0.1732508607985595,8.735991421153566,5.877495181875826,0.017326184243904266,0.02615686790690297,6.510114750233911,1.8692234262992204,-0.3107321764332699,0.04568371136375631,4.928811473096092,4.432482505252536,0.010077838460577498,0.010467583049049293,4.549789516565454,3.2282443099895914,0.03013855683161453,-0.004526083755899248,7.598219815646216,4.970750705274332,0.013957963394840378,0.010926231635495397,5.171087970575593,2.3561664571551035,0.10522215268981774,-0.41496058303404143
538,8.230951429497676,8.81393617805642,-0.0055443740280053605,0.0009279127508984541,2.5721174397905253,4.123207329328717,-0.2651436061173813,-0.19879722398476304,9.313180722131817,5.116063027870181,0.028422631625689372,-0.04388193716985255,2.7270058865019986,8.736798646716583,-0.002381214574989858,-0.0010224564809952052,8.800675034533612,0.7825402792147912,0.004000839096975942,-0.0015761144718741897,5.938819158933685,0.9664488737392269,0.09582930572634181,0.4085374589079007,2.0287745785143625,7.8193726465564835,-0.006230201117607041,-0.0054117867707290665,8.462905186100548,2.4279586979593586,0.00011109649319141456,0.004429518880519429,0.6305325423576587,3.1891666741440026,0.01876909708724717,-0.005432644993631832,3.244862444233965,3.598716981021795,-1.0358758857394497,-0.06638515664837241,5.657789574680457,7.91130382139264,-0.01916690976193179,0.009032485691161694,4.361018710958294,7.581883788453189,6.321237156654575e-05,0.000586227584109112,5.060385591527177,9.02723546506249,-0.004729698755240793,0.001716396325131357,1.735672209086991,4.570022442570381,0.22342176441753334,0.16589108299637167,8.736857730365761,5.878803025271171,0.015305285442133278,0.025205689783389336,6.494578141412248,1.8715076118674083,-0.32732128496603097,0.03174217977207619,4.929315365019121,4.433005884404989,0.010572360308553274,0.01120849937495643,4.5512964444070345,3.2280180058017964,0.025029247264890375,-0.005952281480627352,7.598917713815958,4.971297016856107,0.013759429877073402,0.01198955403515557,5.176349078210084,2.3354184280034014,0.11125497010755504,-0.41702404161620477
539,8.230674210796275,8.813982573693965,-0.00586273239129872,0.0006048195170200766,2.558860259484656,4.113267468129479,-0.27453751470370946,-0.185963516827117,9.314601853713102,5.113868931011688,0.028173215739802138,-0.04314777247796834,2.7268868257732493,8.736747523892532,-0.0024334370341526764,-0.0008703004046279406,8.80087507648846,0.7824614734911974,0.003585369242434319,-0.0019051121975486333,5.943610624220002,0.986875746684622,0.10350216384594088,0.4257710838221433,2.0284630684584823,7.819102057217947,-0.006229781924976122,-0.005309723480773612,8.462910740925206,2.4281801739033844,0.0002439721010219416,0.0038212157902385475,0.631470997212021,3.188895041894321,0.02094052643976821,-0.005380736855668635,3.1930686499469925,3.595397723189376,-1.1358758857394498,-0.16638515664837242,5.656831229192361,7.911755445677199,-0.018816104137316308,0.008428230559786086,4.361021871576872,7.581913099832395,0.0009520412067939315,2.1257756176759884e-05,5.060149106589415,9.027321284878747,-0.004728632260834105,0.002041389935050248,1.7468432973078676,4.5783169967202,0.22920397687997002,0.1585060948080041,8.737622994637867,5.880063309760341,0.013272576954125698,0.024260067949188422,6.478212077163946,1.873094720856012,-0.3425729685001383,0.01803006363019216,4.929843983034548,4.433566309373736,0.010915484345563336,0.011779208222393584,4.552547906770279,3.227720391727765,0.019832006810975692,-0.007109857667424459,7.599605685309811,4.971896494557864,0.013521508120849889,0.01299156290444032,5.181911826715462,2.314567225922591,0.11645677019087161,-0.41794176449245185
540,8.23038107417671,8.814012814669816,-0.00616129015652964,0.0002850343706635932,2.5451333837494707,4.103969292288123,-0.2825232890530631,-0.17381732499167463,9.316010514500093,5.1117115423877895,0.02786589850076679,-0.042370626076424785,2.7267651539215416,8.736704008872302,-0.00246961378430712,-0.0007186845269575183,8.80105434495058,0.78236621788132,0.003157959248748689,-0.002211721441720405,5.9487857324123,1.008164300875729,0.11097685881160316,0.4415233199774745,2.0281515793622336,7.818836571043908,-0.006201999783990526,-0.005186560299615192,8.462922939530257,2.4283712346928965,0.0003493374874279709,0.0032137730685582577,0.6325180235340094,3.1886260050515376,0.02289774737207963,-0.005311913322654901,3.13627485566002,3.5870784653569574,-1.2358758857394498,-0.2663851566483724,5.655890423985495,7.912176857205188,-0.018407917885009645,0.00779216516514796,4.361069473637212,7.581914162720204,0.0018261360268036588,-0.0005477465336601125,5.059912674976373,9.0274233543755,-0.004710379176442051,0.0023464777263526243,1.758303496151866,4.5862423014606,0.2344597821401849,0.151120091456595,8.738286623485573,5.8812763131578,0.011233540504409115,0.023320054091736597,6.46108342873894,1.8739962240375216,-0.3565144552448126,0.0045320523434061195,4.9303897572518265,4.434155269784856,0.011092686608495363,0.0121841535510746,4.553539507110828,3.2273648988443937,0.014551903323821981,-0.007992133006046703,7.600281760715854,4.972546072703086,0.013243781367006945,0.013930200693294929,5.187734665225006,2.2936701376979687,0.12082842850111325,-0.417724203684289
541,8.230073009668883,8.814027066388348,-0.006440087019677285,-3.0963196584695254e-05,2.5310072192968174,4.095278426038539,-0.2889213189559313,-0.16265037886043623,9.31740380942513,5.109593011083968,0.027501762168305494,-0.04155250993362273,2.726641673232326,8.736668074645953,-0.002489072264418759,-0.0005692641629599721,8.801212242913017,0.782255631809234,0.002720112504701227,-0.002495225558854386,5.95433457535288,1.0302404668746028,0.11828509119840754,0.45586279597501683,2.027841479373034,7.818577243028927,-0.006145772412898472,-0.005044346765450092,8.462940406404629,2.4285319233463243,0.0004263133852872192,0.002610244708562817,0.6336629109026134,3.188360409385405,0.024625834734129142,-0.005226812299163908,3.0744810613730476,3.573759207524539,-1.33587588573945,-0.36638515664837246,5.6549700280912445,7.9125664654634456,-0.01794652442237224,0.007125458843193616,4.361160780438552,7.581886775393521,0.002683203038800204,-0.0011221756618705215,5.0596771560175515,9.027540678261818,-0.004675718709832908,0.0026301642826967743,1.7700264852588752,4.593798306033429,0.23922731644011214,0.14375501324334075,8.738848300510794,5.882442315862387,0.009193584133929875,0.022385688316276638,6.443257705976699,1.8742228266546919,-0.3691860515027326,-0.00878302518362636,4.930944391582251,4.43476447746241,0.01109277557945496,0.012428902489028172,4.554267102277019,3.2269652921940915,0.009194329793044553,-0.00859780145634194,7.600943949784204,4.97324258273775,0.012926101501571533,0.014803662719233357,5.193776086650061,2.2727839275137542,0.12437566336853266,-0.41638853438626466
542,8.2297510053179,8.814025518228519,-0.006699196089921512,-0.00034267826349278956,2.516561153349021,4.087145907095517,-0.2936072655879674,-0.1528193795097214,9.318778897533546,5.107515385587287,0.027082095895855703,-0.04069544404718391,2.7265172196191054,8.736639611437806,-0.0024912802989740133,-0.0004237370294811844,8.801348248538252,0.7821308705312913,0.0022732795171155834,-0.0027550895218913327,5.960248829912801,1.0530336066733537,0.12546753801714397,0.4688839566895325,2.027534190752389,7.818325025690655,-0.0060601585768719525,-0.004885373965102218,8.462961722073894,2.4286624355817525,0.00047432770352247517,0.002013509875420481,0.6348942026393198,3.188099068770447,0.02610937444337982,-0.005125620410673202,3.0076872670860753,3.5554399496921203,-1.426421483004554,-0.4640277500571367,5.654072701870126,7.912922738405605,-0.017436212499341276,0.006429503393821349,4.361294940590492,7.581830666610427,0.003520833677945312,-0.0017032311180434426,5.05944337008206,9.027672186475954,-0.004625516221757774,0.002891095409825292,1.7819878510808809,4.6009860566955965,0.24355217962389922,0.1364294047029526,8.739307979717491,5.883561600278201,0.0071580485809182755,0.021457014006583394,6.424798403401563,1.8737836753955106,-0.380643221525092,-0.02196730088001325,4.931499030361224,4.435385922586862,0.010908242910719604,0.012520061648680877,4.554726818766671,3.226535402121274,0.0037653320645880516,-0.008930782825939256,7.601590254859283,4.973982765873712,0.012568624118217096,0.015610409232742473,5.199994869818488,2.251964500794441,0.12710952132712655,-0.4139589230642151
543,8.229416045513403,8.814008384315343,-0.006938719830927373,-0.0006495997910378841,2.5018807900696225,4.0795049381200315,-0.2965957331540717,-0.14471115363238737,9.320133002328339,5.105480613384928,0.02660839006088403,-0.039801457601601906,2.726392655604157,8.736618424586332,-0.002475863235715082,-0.0002838325522264408,8.801461912514108,0.7819931160551967,0.0018188550409892546,-0.0029909503751222345,5.966522206813658,1.0764778045078303,0.13257613267941049,0.48071411493934313,2.0272311828235456,7.8180807569924,-0.005944393568092583,-0.004712177020660202,8.46298543845907,2.4287631110755235,0.0004931019666460115,0.0014262584406828653,0.6361996713614888,3.187842787749913,0.027332241729136897,-0.0050077858269962075,2.9363661929358473,3.5322385621892636,-1.395008065561069,-0.5513188705454983,5.653200891245159,7.913244213575296,-0.016881357623620953,0.005705917938996722,4.361470982274389,7.581745505054525,0.004336515722441972,-0.0022918825134461028,5.059212094270972,9.027816741246445,-0.004560718247029837,0.0031280709241806163,1.7941654600620758,4.607807526930744,0.24748771376261156,0.1291572061308522,8.739665882146538,5.88463445097853,0.005132197267422169,0.020534081661439628,6.405766242325308,1.87268531035151,-0.3909593294441308,-0.035100906739338904,4.93204444250676,4.4360119256692965,0.010535297327051973,0.012465032140596816,4.554915085369901,3.226088862979977,-0.0017281100626412322,-0.008999772998164832,7.602218686065194,4.9747632863353495,0.012171804127062407,0.016349160196214,5.206350345884844,2.2312665546412305,0.12904683161817182,-0.4104665830555149
544,8.229069109521857,8.813975904325792,-0.007158766528698437,-0.0009511618224186981,2.487051003411919,4.072269380438412,-0.29816270568000147,-0.1386157782803964,9.321463421831384,5.103490540504848,0.02608239668448085,-0.03887257276680293,2.726268862442371,8.73660423295872,-0.0024426916608493348,-0.00015127549901753913,8.801552855266157,0.7818435685364407,0.001358218044490555,-0.0032026539407304113,5.973151013447628,1.1005135102547974,0.13967716040581457,0.4915231678625492,2.026933963145141,7.817845148141367,-0.005798042840926945,-0.004527549219173723,8.463010093557402,2.4288344239975577,0.0004827264298616175,0.0008509371771360857,0.6375662834479456,3.1875923984585635,0.028278283862095226,-0.004871563411718354,2.8666157896577937,3.5046726186619885,-1.295008065561069,-0.6513188705454983,5.652356823363977,7.913529509472245,-0.016286386798656727,0.004956659190836036,4.361687808060511,7.581630910928853,0.005127592690278169,-0.002888681492615166,5.058984058358621,9.027973144792654,-0.004482365896254603,0.0033401209953751406,1.8065398457502064,4.614265387237286,0.25109435078418413,0.12194473510902085,8.739922492009908,5.8856611550616025,0.003121276172597815,0.019616987936718552,6.386218275853102,1.870930265014543,-0.4002290540859505,-0.0483021205840202,4.932571207373113,4.436635177276326,0.00997464615700468,0.012272357622358744,4.554828679866769,3.225638874330069,-0.007276523580900498,-0.008818512010473145,7.6028272762715465,4.9755807443451605,0.011736535461203864,0.01701894207538452,5.212802687465753,2.210743225488455,0.13021103758584465,-0.4059503176355898
545,8.228711171195423,8.813928346234672,-0.007359286215558926,-0.0012463207921636463,2.4721428681279187,4.065338591524392,-0.29904900054341893,-0.13419891119759675,9.322767541665607,5.1015469118665075,0.025506841645895725,-0.03791055118580852,2.7261467278593283,8.73659666918377,-0.002392718731826231,-2.7715996347389807e-05,8.801620766168382,0.7816834358394041,0.0008933003431269508,-0.0033907328263255198,5.980134871467919,1.1250896686479248,0.1468565490773442,0.501535402650582,2.0266440610030947,7.817618770680408,-0.005622302859919247,-0.004335048923768431,8.463034229878895,2.4288769708564146,0.00044473963169425836,0.00028937007424687466,0.6389801976410504,3.1873488202879776,0.028942635429482735,-0.004711369169074781,2.8018653863797405,3.4721066751347136,-1.1950080655610689,-0.7513188705454983,5.651542504024044,7.913777342431787,-0.015655831631313424,0.004185126765390156,4.361944187695025,7.581486476854222,0.005890464619188246,-0.0034923457007584053,5.058759940063808,9.028140150842422,-0.004391894120639343,0.003527133713912102,1.8190945632894155,4.620362623992738,0.2544344678652668,0.11477113617614552,8.740078555818538,5.886642004458438,0.001131223137716503,0.018706331281349048,6.366206823148804,1.868515158985342,-0.4085708422495394,-0.06174369886214649,4.933069939680963,4.437248795157444,0.009239647340832545,0.011958229912589224,4.5544648536877235,3.2251979487295452,-0.0128519918380392,-0.008410760552837886,7.6034141030446065,4.97643169144893,0.011265667307831633,0.017619790019183474,5.219313239345045,2.1904457096066756,0.13063741844873544,-0.40046198302461034
546,8.228343206884645,8.813866030195063,-0.007540228356688171,-0.0015338440174886153,2.4571904181007476,4.058628645964512,-0.3001789047842038,-0.13039324109195422,9.324042883747902,5.099651384307217,0.024884898004478594,-0.03691698933862142,2.726027091922737,8.736595283383952,-0.002327497772611609,8.512944218047021e-05,8.801665431185539,0.7815138991980879,0.0004263658376493873,-0.0035560370549673217,5.987477698921786,1.150166438780454,0.1542256542444431,0.511051847469384,2.026362945860099,7.81740201823422,-0.0054192862100281855,-0.004138823822500347,8.463056466860479,2.428891439360127,0.000381496475753626,-0.00025685328329875623,0.6404273294125246,3.187113251829524,0.02932835634860788,-0.004517075265123355,2.742114983101687,3.434540731607439,-1.0950080655610688,-0.8513188705454983,5.650759712442478,7.913986598770057,-0.01499435591746791,0.003395312623228476,4.362238710925984,7.581311859569184,0.006621086381958118,-0.004100841946426839,5.058540345357776,9.028316507528118,-0.004290983093523203,0.003689373461239153,1.8318162866826788,4.626101180801545,0.25756448318258046,0.10759590253628423,8.740135116975424,5.887577321022506,-0.0008318990311952171,0.01780297104735884,6.345778281036328,1.8654279740422346,-0.41613398298407495,-0.07567228877311609,4.9335319220480045,4.437846706653073,0.008348338076795412,0.011541779435505632,4.553822254095821,3.224777410701903,-0.018415781697878393,-0.007800207864236515,7.603977386409998,4.977312680949889,0.010762800309295393,0.01815240180031541,5.225845110267482,2.170422610455445,0.1303722595487278,-0.39406145585678787
547,8.227966195466811,8.813789337994189,-0.007701578006106997,-0.0018125776427066283,2.442181472861537,4.052108983909914,-0.30218430426346804,-0.12588763276243767,9.325287128648126,5.097805534840286,0.024219733107496907,-0.0358935415397684,2.7259107170341066,8.736599539856062,-0.0022486316074571836,0.00018574870450321394,8.80168674947742,0.7813360973453395,-4.042935950197287e-05,-0.0036994300782951695,5.9951889816340085,1.1757190311539232,0.1619278941725046,0.5204831876106272,2.0260919815495977,7.8171950770430945,-0.005191319403543083,-0.00394276486819169,8.463075541684267,2.428878596695962,0.0002953672514692843,-0.0007862077115490612,0.641893747229955,3.186887398066268,0.02944097978502619,-0.004276360565662352,2.6873645798236336,3.391974788080164,-0.9950080655610688,-0.9513188705454982,5.650009994646605,7.914156364401219,-0.01430648599737489,0.0025911694831937835,4.362569765245082,7.581106817471863,0.0073158072779712785,-0.00471198087636233,5.0583257962031,9.02850097620118,-0.0041812352618375,0.0038272096470747725,1.8446945108418078,4.631480975928359,0.2605278829914578,0.10037056671362807,8.740093522023864,5.8884674695748735,-0.002762327021296398,0.016907680671237088,6.324971581887124,1.8616443596035788,-0.4231088077128534,-0.09043864719519412,4.9339493389518445,4.438423795624849,0.007318255565904912,0.011039674711979322,4.552901465010927,3.224387400308691,-0.023930714468280892,-0.0070077445795692075,7.6045155264254625,4.978220301039904,0.01023134848344762,0.018617543765384516,5.2323637232449185,2.1507195376626056,0.12946967120937936,-0.38681284126194637
548,8.227581116566506,8.813698709112053,-0.007843357744106898,-0.0020814519860172668,2.427072257648364,4.0458146022717925,-0.30525693392171205,-0.11954388660043343,9.326498115303501,5.096010857763297,0.023514499181924737,-0.034841915611629005,2.7257982854537337,8.736608827291287,-0.002157735481682213,0.00027285074379392965,8.801684728009446,0.7811511258414248,-0.0005050336247897514,-0.0038217845911568907,6.0032853763426335,1.2017431905344544,0.1701494026602399,0.5303979339008523,2.0258324155794205,7.816997938799685,-0.004940882121608785,-0.0037504347572593143,8.46309031004684,2.4288392863103847,0.00018872683188533856,-0.0012972351514012157,0.6433657962192063,3.186673580037985,0.029288987324701206,-0.0039749000323099195,2.63761417654558,3.344408844552889,-0.8950080655610688,-1.0513188705454983,5.649294670346737,7.914285922875378,-0.013596599704351932,0.0017765768615495064,4.36293555560898,7.580871218428045,0.007971397254983822,-0.005323473857534918,5.058116734440008,9.028692336683534,-0.004064163230570832,0.00394110124430678,1.8577209049913808,4.636499504264041,0.26335417980686343,0.09303955276348891,8.739955405672799,5.889312853608436,-0.004654608686458341,0.016021155371740984,6.303816141501481,1.8571224272438192,-0.42973823648046766,-0.10654612479666432,4.93431525173014,4.438975779360448,0.00616612870692696,0.01046646574283342,4.551704929287513,3.224037013079713,-0.029362147754979338,-0.0060515527604014414,7.6050270938496345,4.979151178228173,0.009674536077587082,0.019016060871419656,5.238837206805387,2.131378895599508,0.12799242375619113,-0.37878434753958656
549,8.2271889486793,8.813594636512752,-0.007965627663521185,-0.0023394849695522863,2.4118094109522783,4.0398374079417705,-0.3092225302114295,-0.11069368058432712,9.327673840262598,5.094268761982716,0.0227723258281972,-0.03376386943613006,2.7256903986796495,8.736622469828475,-0.002056405093623562,0.00034538129579761944,8.801659476328206,0.780960036611867,-0.0009654961563241844,-0.003923980498651753,6.011792846475646,1.228263087229497,0.17913405228106025,0.5415991257128467,2.02558537147334,7.816810417061822,-0.004670551599610987,-0.003565005124628143,8.463099746388435,2.4287744245528144,6.394445514641936e-05,-0.0017885463329048545,0.6448302455854413,3.1864748350363694,0.02888437983913958,-0.003596719933134523,2.592863773267527,3.291842901025614,-0.7950080655610688,-1.1513188705454984,5.648614840361519,7.914374751718456,-0.012868913391969041,0.0009553161777871497,4.36333412547173,7.580605044735168,0.008585066413213384,-0.005932974942576769,5.05791352627848,9.02888939174575,-0.003941178814137779,0.0040315861848448315,1.870888613981724,4.641151481902216,0.26605954520966624,0.08554056490477487,8.739722675238475,5.890113911377023,-0.006503610595227835,0.015144018618547361,6.282329229677457,1.851795121003986,-0.43633378566725006,-0.1247278045001258,4.934623558165486,4.43949910264759,0.004907719489888438,0.009834843962888203,4.550236821899763,3.223734435441693,-0.03467849903891208,-0.004947329545892306,7.605510820653514,4.980101981271744,0.009095399310264889,0.019348881478991622,5.245236827993197,2.112439678222529,0.1260128659976948,-0.37004798965050845
550,8.226790667296124,8.813477662264274,-0.008068484794654981,-0.002585783443612783,2.3963482844417068,4.034302723912554,-0.3137284976955447,-0.09919703792781888,9.328812456554008,5.092580568510909,0.021996314530747973,-0.03266120667338165,2.7255875784249683,8.736639738893265,-0.0019461920099393727,0.00040253130437637943,8.80161120152039,0.7807638375869344,-0.001419960939531641,-0.004006905555813506,6.0207495490896985,1.2553430435151394,0.1892048753966078,0.5552513236544966,2.0253518438933593,7.81663216680559,-0.004382954254796217,-0.003389214839164157,8.463102943611192,2.4286849972361693,-7.662215566774371e-05,-0.00225882016368682,0.6462744645773983,3.1862949990397125,0.02824328350058972,-0.003124735660010616,2.5531133699894735,3.234276957498339,-0.6950080655610689,-1.2513188705454985,5.647971394691921,7.9144225175273455,-0.01212747134381057,0.0001310534265713298,4.363763378792391,7.580308395988039,0.009154471737470039,-0.00653811282709774,5.057716467337773,9.029090971054993,-0.0038135861126187406,0.0040992734351796315,1.8841915912422074,4.645428510147455,0.26864838713916245,0.07780490275039216,8.739397494708713,5.89087111230795,-0.00830452217543906,0.014276829198062533,6.260512540394095,1.8455587307789798,-0.4432980511393386,-0.1460740545608317,4.93486894413998,4.439990844845734,0.0035577723500397895,0.00915585547439041,4.548502896947817,3.223487068964398,-0.039851482177533225,-0.003708570396050813,7.605965590619027,4.9810694253456935,0.00849679243314592,0.01961702095883665,5.251537471293082,2.0939372787400035,0.12361394390275751,-0.36067913629661735
551,8.22638724305639,8.813348373092094,-0.008152063249684573,-0.0028195429747247674,2.3806618595569295,4.029342872016163,-0.31841113814066474,-0.08531623899910551,9.329912272280545,5.090947508177241,0.021189534197731102,-0.031535770683916,2.7254902688244713,8.736659865458483,-0.001828586277774216,0.00044373389585749423,8.801540203473413,0.7805634923091437,-0.0018666578649577587,-0.00407145872792295,6.030209792859529,1.2831056096978641,0.200794784773631,0.573100935252764,2.0251326961806195,7.816462706063632,-0.004080723523337648,-0.0032253559120722234,8.463099112503409,2.428572056227985,-0.00023062645885122454,-0.002706799438557778,0.6476866287524279,3.186138762256712,0.027386496793378984,-0.0025415059136523394,2.51836296671142,3.1717110139710645,-0.5950080655610689,-1.3513188705454986,5.64736502112473,7.914429070198674,-0.011376140560417181,-0.0006926737673235527,4.364221102379265,7.579981490346684,0.009677708600684107,-0.007136519274242734,5.057525788032142,9.029295934726752,-0.0036825799941011027,0.004144835055805246,1.8976240105991655,4.649318755284974,0.27111520280537516,0.0697581372032209,8.738982268599942,5.891584953767853,-0.010052858152159214,0.013420089603257475,6.238347637837128,1.8382550280509382,-0.45115657309972157,-0.17225350991913824,4.935046832757482,4.440448637619453,0.0021300293255918515,0.008439090194285544,4.546510322838941,3.2233016404445958,-0.044856161531322415,-0.0023468633858297018,7.606390430240684,4.982050276393635,0.007881395225572416,0.019821586304745294,5.2577181684882195,2.0759033219251726,0.12089033433762365,-0.35075593379639064
552,8.225979639893906,8.813207395943357,-0.008216535634481494,-0.0030400469245768203,2.3647413026498962,4.025077060066208,-0.32298288641073714,-0.06952785130328899,9.330971748990432,5.089370719643044,0.020355016536375548,-0.030389436555083305,2.7253988395105826,8.736682052153276,-0.001705004508237798,0.00046864991920319405,8.801446870580165,0.7803599193727475,-0.002303892090575923,-0.0041185565912563536,6.040249532098211,1.3117606564605024,0.2144902121359089,0.5978808761721797,2.0249286600044525,7.816301438268028,-0.0037664620332786315,-0.0030752852345654735,8.463087581180467,2.428436716256057,-0.0003957256534971196,-0.0031312821830767855,0.6490559535920968,3.1860116869610295,0.02633987184001679,-0.0018302400081104475,2.4886125634333665,3.1041450704437894,-0.484221448207409,-1.4196934842056292,5.646796214096709,7.914394436510308,-0.010618611276810425,-0.001512467618748577,4.364704987809299,7.579624664382972,0.010153289248155726,-0.00772585813085475,5.057341659032437,9.029503176479542,-0.0035492494377397134,0.004168996632556237,1.9111797707394342,4.652806662145135,0.27344636037761566,0.06132124198196362,8.738479625692335,5.892255958248016,-0.011744460849190237,0.012574255455298848,6.215789809182142,1.8296423525549812,-0.4606027321515449,-0.20591840285934218,4.935153334223762,4.440870592129167,0.0006372763915743495,0.007692852283535785,4.544267514762375,3.223184297275304,-0.049670899797810975,-0.0008721695154961125,7.606784500001963,4.983041355708872,0.007251718649218395,0.019963781923366924,5.2637626852051005,2.058365525235353,0.11794971309226371,-0.34035868407704595
553,8.225568813112181,8.813055393597129,-0.008262115551183353,-0.0032466654140433596,2.3485921583293594,4.021600667501043,-0.32724984139088986,-0.05236236592228126,9.33198949981725,5.087851247815291,0.019495750633766143,-0.029224101509449162,2.7253135892851708,8.736705484649235,-0.001576781548003414,0.00047714519191347784,8.801331675975636,0.7801539915431847,-0.002730033820654644,-0.004149144066769515,6.050974042705007,1.3416547002691115,0.2310895468812065,0.6341082329211262,2.0247403369027888,7.8161476740063,-0.003442707135738834,-0.0029404549888365915,8.463067794897793,2.4282801521469035,-0.0005695643402673906,-0.0035311091079471475,0.6503729471840977,3.185920174960624,0.025134425903341414,-0.0009760682706113884,2.464401491022996,3.033160396233508,-0.36767317208777317,-1.4542408461210663,5.646265283532869,7.91431881312937,-0.009858401589262277,-0.0023250816729248813,4.3652126522717065,7.579238371476429,0.010580113094596525,-0.008303855605605521,5.057164196560549,9.02971162631117,-0.003414584073858767,0.004172525967080283,1.924852088758315,4.655872724244233,0.2756217071513147,0.052411871210082464,8.737892402649875,5.892884671020781,-0.013375503125097013,0.01173974534362711,6.192759672574565,1.819346432412014,-0.47255761466814394,-0.2515027458170639,4.9351851980433405,4.441255234743344,-0.000908599847479187,0.006924306702031664,4.541783969772484,3.2231406887995293,-0.05427725243907393,0.0007069145566924236,7.6071470859344235,4.98403954480504,0.006610106456216104,0.02004491594323123,5.269660170859714,2.041347591031501,0.11491418681714932,-0.32956933587782034
554,8.225155707334622,8.812893060326425,-0.008288956010440319,-0.003438792474686113,2.3322296662598148,4.018982549204929,-0.33109507326371534,-0.03431847493101166,9.33296428734894,5.0863900427398185,0.01861480546362277,-0.028041720845327443,2.7252347502077705,8.73672934190883,-0.0014452026845199484,0.00046960582824734934,8.801195174284603,0.7799465343398462,-0.0031435549773408712,-0.004164325289280957,6.062528520049067,1.3733601119151677,0.2516619839914744,0.6898041065597014,2.024568201546002,7.816000651256858,-0.0031120747208431736,-0.0028214513676525317,8.46303931668078,2.428103596691506,-0.000749691932200443,-0.00390531627676361,0.6516296684792647,3.1858713715470937,0.02380690965776217,2.862039848175804e-05,2.4460178324186073,2.9604483539274544,-0.2582515188303815,-1.4776014865388438,5.645772363453406,7.914202559045724,-0.009098649091642513,-0.0031271848834904916,4.365741657926437,7.578823178696149,0.010957655013386528,-0.008867851976985624,5.056993467356857,9.029920252609525,-0.0032793759166328687,0.004156440370732374,1.9386331741158807,4.658493317804737,0.2776121508390855,0.04294820132476937,8.73722362749362,5.893471658287962,-0.014942326504241469,0.010916936267392497,6.169131791841157,1.806771295121161,-0.48823098410178317,-0.3169432100244388,4.935139768050966,4.441601450078445,-0.002494759601372112,0.006139622031008745,4.539070107150531,3.223176034527364,-0.058658011791892256,0.0023804674767069125,7.6074775912572346,4.985041790602202,0.005959024266619126,0.020066341401985672,5.275405880200571,2.0248691242376102,0.11192149884560228,-0.31847247330122413
555,8.2247412595341,8.81272112070269,-0.008297164495878842,-0.003615861477615323,2.315674912596629,4.017266625458379,-0.3344538386698683,-0.015782624217443697,9.333895027622122,5.084987956697552,0.017715299743729988,-0.02684429867571961,2.7251624900735445,8.736752822200243,-0.0013114574783842888,0.0004468711090992089,8.801037996535735,0.7797383180753821,-0.0035430519777952694,-0.004165386432111591,6.075111619248641,1.4078503172431527,0.277500579240606,0.780669007216334,2.02441259780996,7.8158595786884755,-0.0027771434332994503,-0.00271807902588132,8.463001832084169,2.427908330877668,-0.0009335358375471466,-0.004253116189676543,0.6528200139621528,3.1858728025670175,0.022396881869086706,0.0011822162267342352,2.4331052564770883,2.886568279600512,-0.1582515188303815,-1.3776014865388437,5.645317430998824,7.914046199801549,-0.008342140025194442,-0.003915430077511956,4.366289540677106,7.5783797860973,0.011285926688243023,-0.009414934757280165,5.056829498561025,9.030128074628061,-0.003144227646834575,0.004121953110334474,1.9525137816578348,4.660640727870976,0.27938274439015,0.03285035627478416,8.736476511168409,5.894017505101331,-0.016441473067131007,0.010106164930090318,6.144720242636068,1.790924134619939,-0.5090761797362949,-0.4169432100244388,4.935015030070898,4.4419084311799955,-0.0041077514028626545,0.005344064447315239,4.536137206560936,3.2232950579011996,-0.06279697745574153,0.004137491333704836,7.6077755424705655,4.986045107672301,0.005300996619866696,0.020029459464607206,5.281001955142852,2.008945500572549,0.10912664571268058,-0.3071561153383724
556,8.224326401309307,8.81254032762881,-0.00828689426090503,-0.00377740264977668,2.2989522206631356,4.016477494247506,-0.3372845593673862,0.00299352569379625,9.334780792609308,5.083645741763767,0.016800283331956004,-0.025633839323127648,2.7250969171996253,8.736775165755699,-0.0011765846635570008,0.0004099129652586395,8.800860843936846,0.7795300487537765,-0.003927260531863481,-0.004153754354759272,6.088986648210672,1.4468837676039694,0.3093061446806556,0.880669007216334,2.024273740638295,7.815723674737181,-0.002440248497848995,-0.0026298314047758856,8.462955155292292,2.427695675068184,-0.001118369595688774,-0.004573774104435242,0.6539398580556072,3.1859319133783544,0.020943138985040508,0.0024761708802007133,2.4251926805355692,2.81768820527357,-0.05825151883038149,-1.2776014865388436,5.644900323997564,7.913850428297674,-0.007591495293693261,-0.004686690122441762,4.366853837011518,7.577909039359436,0.011565267668546977,-0.00994239388489153,5.056672287178683,9.030334172283577,-0.003009643664380377,0.004070266473495499,1.9664829188773423,4.662283245684715,0.28089726336949433,0.02203703046559717,8.735654437515052,5.894522813347836,-0.017869833922898412,0.00930774404580284,6.119266433649253,1.770076974118717,-0.5359748849583412,-0.5169432100244388,4.934809642500754,4.4421756344023615,-0.005735032415004086,0.004541971090852321,4.532997357688149,3.223501932467885,-0.06668020445651959,0.005967653986548688,7.608040592301559,4.987046580645531,0.0046383334784050635,0.019935778858548775,5.286458287428486,1.9935876948056304,0.10670293440614019,-0.29571358375376466
557,8.223912056596262,8.812351457496321,-0.008258032857687421,-0.003922929312199965,2.282087992694766,4.016627170532196,-0.33955322572608804,0.021872833241701875,9.335620806775905,5.082364049797611,0.015873031688799697,-0.024412550141149375,2.7250380879664475,8.736795661403962,-0.0010413920752221704,0.0003608634401457361,8.800664480910253,0.7793223610360386,-0.0042955260524348724,-0.004131408774423585,6.104451955444705,1.490917217964786,0.34076560430937486,0.980669007216334,2.0241517282134027,7.815592183166943,-0.002103676386509208,-0.002554293448592476,8.462899236812508,2.4274669863629623,-0.001301199789422335,-0.004867264465253747,0.6549870150048592,3.186055721922364,0.019475816084546578,0.00388349725125065,2.42228010459405,2.753808130946628,0.04174848116961852,-1.1776014865388436,5.644520749232879,7.913616093791552,-0.00684847519128085,-0.005437491259847406,4.367432100394945,7.577411919665191,0.011797153765194919,-0.010446519559085212,5.056521804995464,9.030537685607252,-0.0028756316420451536,0.004003133280265377,1.980527782045817,4.663385097207994,0.28211171881933617,0.010435895200382912,8.734760945818907,5.8949882005501255,-0.019224234919055772,0.008521832415626792,6.092467689401336,1.744229813617495,-0.562815744072958,-0.6169432100244387,4.934522890880004,4.4424027329569045,-0.007360346525991114,0.003735897147009628,4.529663347465323,3.223800315167212,-0.07029176989891951,0.007852739969708911,7.608272508975479,4.988043369588459,0.00397381345400982,0.019786597735374466,5.291793434148793,1.9788020156179422,0.1048359385689976,-0.2842528265639238
558,8.223499154953378,8.812155311030711,-0.008210537974378635,-0.004051954830320851,2.2651103314084615,4.017720812194281,-0.3412252740841927,0.04083039748182295,9.336414458360345,5.081143422290553,0.014937045254540784,-0.023182475669595397,2.7249860183626864,8.736813704575969,-0.0009066624688425973,0.0003017172566067782,8.800449704607631,0.7791157905973174,-0.004648179542714802,-0.0041005144741471065,6.121490235660174,1.5399506683256028,0.29846564736867154,1.080669007216334,2.024046544394077,7.815464468494513,-0.0017695328033582264,-0.002489266482271669,8.462834176823037,2.4272236231396995,-0.001478296513900897,-0.0051350130606892825,0.6559608058090866,3.186249896784927,0.018020064010668822,0.005374559040430295,2.424367528652531,2.694928056619686,0.14174848116961852,-1.0776014865388435,5.644178325473315,7.913344219228559,-0.006114900283234644,-0.006164494021333507,4.3680219580832045,7.576889593687237,0.01198296224742025,-0.010923923448194555,5.0563780234133615,9.030737842271265,-0.0027422672006741197,0.0039222708541593095,1.9946333679867838,4.663906891968014,0.28298128951681933,-0.002037165571267336,8.733799734072955,5.895414292170907,-0.020501647024946043,0.007748832874309924,6.064326902197688,1.713382653116273,-0.5163980807782378,-0.7169432100244387,4.934154873553704,4.442589527814255,-0.008969643749657868,0.002929182320035453,4.526148758970377,3.2241929521656973,-0.07361671176627205,0.00977598793833482,7.6084711996481795,4.989032699475228,0.0033104583826471566,0.019584093089570733,5.297035231077243,1.964589374289746,0.10372396006203449,-0.27289652895060235
559,8.22308862805466,8.811952713289195,-0.008144449969908958,-0.004164020299276651,2.248049067704252,4.019762332068373,-0.3422587996493777,0.05991655570544309,9.337161310623072,5.079984298507073,0.013995964773789062,-0.02194552534512897,2.724940685239244,8.7368287904388,-0.000773145051483915,0.00023430825956474033,8.800217295630496,0.77891076487361,-0.004986469389517572,-0.004063094206962122,6.136413518028608,1.5939841186864194,0.19846564736867153,1.1806690072163342,2.023958067753909,7.815340005170399,-0.0014397390710357662,-0.002432793190559387,8.462760261997342,2.426966872486665,-0.0016455206054537663,-0.005379826936696962,0.65686180900962,3.1865186247369484,0.016596168841369316,0.006918573089684162,2.431454952711012,2.6410479822927435,0.24174848116961853,-0.9776014865388435,5.643872580459154,7.913035994527492,-0.005392637407099273,-0.006864544175551887,4.368621106195575,7.576343397514827,0.012123989869738921,-0.01137157168953656,5.056240910053328,9.030933955813973,-0.0026096878064965725,0.0038293292489716383,2.008782432462625,4.66380503368945,0.283457235206174,-0.01548237714053504,8.732774651721707,5.895801733814622,-0.021699246682827376,0.00698934376167441,6.038506998158777,1.6775354926150512,-0.4163980807782378,-0.8169432100244387,4.933706391366221,4.442735986930257,-0.01055086375737783,0.002125414659375318,4.522467923382064,3.2246817515626143,-0.07664050940042616,0.011721142430001667,7.6086367225673115,4.990011904129706,0.0026514149895093516,0.01933118960851215,5.302221429080345,1.9509445478422158,0.1035470937889855,-0.2617781433812296
560,8.222681405556164,8.811744512274231,-0.008059882755887735,-0.004258676482695274,2.230936127721783,4.022758159853645,-0.3426006710947995,0.07923798676818125,9.337861108861762,5.078887022239816,0.013053642559810678,-0.020703476619354882,2.72490202798667,8.736840505851777,-0.000641573141903115,0.0001603114576778821,8.79996797216102,0.7787076101632618,-0.005313072516599734,-0.004020834181492559,6.146336800397041,1.6530175690472362,0.09846564736867153,1.2806690072163343,2.023886080800357,7.815218365510871,-0.0011160612642092049,-0.002383161979697589,8.462677985967069,2.42669788113983,-0.0017984331689573597,-0.005606595689259897,0.6576916174516885,3.1868645533914326,0.015219979506896481,0.0084848682826348,2.443542376769493,2.5921679079658015,0.34174848116961853,-0.8776014865388435,5.643602948588799,7.912692767318714,-0.00468360336920336,-0.007534643226566908,4.369227305689062,7.57577481893035,0.012221426456357659,-0.011786754032124813,5.056110425663003,9.031125422276421,-0.002478101363201724,0.0037259062547878195,2.0229552942229336,4.663030914832423,0.28348332178905994,-0.030020830048160536,8.731689689387565,5.896151201002706,-0.022814352392682535,0.00624419473916359,6.017687094119865,1.6366883321138292,-0.31639808077823783,-0.9169432100244387,4.933178848178352,4.4428422576632265,-0.012094187985069794,0.001328238992895807,4.518635897912042,3.2252678086841144,-0.07934940150500355,0.013671149656475343,7.6087692933167865,4.990978463610132,0.0020000886509985573,0.019031712338606354,5.307398783769794,1.9378556406731544,0.10431414237901106,-0.25099662500875247
561,8.22227841141837,8.811531578450097,-0.007956985310578688,-0.004335507473004132,2.213806094167043,4.026720059192054,-0.34218346204016603,0.0989496253603583,9.338513790989753,5.077851848408848,0.01211402665925131,-0.019458245268360274,2.724869949329575,8.736848521424662,-0.0005126747629354353,8.129207384102023e-05,8.799702318535191,0.7785065684541872,-0.0056316646652604125,-0.0039740058647242974,6.151260082765474,1.7170510194080528,-0.0015343526313284783,1.1806690072163342,2.023830277737147,7.815099207411886,-0.0008001507627822457,-0.0023388486835194686,8.46258806430862,2.426417551355367,-0.0019345016478163595,-0.005822144464700074,0.6584526164270333,3.1872887968055643,0.013903413355859387,0.01004384067376821,2.4606298008279737,2.5482878336388595,0.4417484811696185,-0.7776014865388435,5.643368768420339,7.912316035157386,-0.0039896874734255934,-0.008171894551193427,4.36983837701188,7.575185481228744,0.012276383251176916,-0.012166970500563316,5.055986520594843,9.03131171758916,-0.002347753908403389,0.0036135857402866027,2.0371294603123866,4.661529873330015,0.2829914267881122,-0.04580003300931071,8.73054897176793,5.896463410739664,-0.023844391043581763,0.005514233085672731,6.0018671900809535,1.5908411716126074,-0.21639808077823783,-0.8169432100244387,4.932574138779099,4.442908669612871,-0.013591945370261585,0.000542397212573733,4.514668427836792,3.2259513661669383,-0.08173277697435741,0.01560919854330358,7.608869297749337,4.991930049227062,0.001360440283581848,0.01868988014870591,5.312614490888745,1.925305809422717,0.10581851091206437,-0.2405517581317786
562,8.221880562152842,8.811314803076447,-0.007835933542442676,-0.004394138674148492,2.1966969210650347,4.031667540460072,-0.34092155046500444,0.11925369504379138,9.339119492322716,5.07687893614543,0.011181062930178563,-0.018211937492713257,2.724844315591428,8.736852586028354,-0.0003871808632104337,-1.274598239318789e-06,8.799420735301927,0.778307868160951,-0.005945858056260519,-0.0039212731784233875,6.151183365133908,1.7760844697688696,-0.10153435263132848,1.080669007216334,2.0237902701990076,7.81498226497771,-0.0004935697334938325,-0.00229849044137394,8.46249133922623,2.426126444132132,-0.0020538020480299827,-0.006034256112676177,0.6591477870948264,3.187790988839253,0.012655107325355365,0.01156765883924109,2.4827172248864544,2.5094077593119173,0.5146299514433694,-0.6776014865388436,5.643169284046667,7.911907440429826,-0.003312717149405383,-0.008773486370206276,4.370452196174439,7.574577132703716,0.012289904534069241,-0.01250987930488004,5.0558691328994225,9.031492396876175,-0.0022189182501215843,0.0034939508885737038,2.0512790316517924,4.659239871679549,0.2818962868408745,-0.06300108320280465,8.729356752215752,5.896739122393948,-0.024786924168010985,0.0048002509388540065,5.991047286042042,1.5499940111113855,-0.11639808077823782,-0.7169432100244387,4.931894541510586,4.442935789473499,-0.015038409944205973,-0.00022578889491735549,4.510581788988074,3.2267318260941034,-0.08378423554767683,0.01751941901614582,7.608937319763515,4.992864543234497,0.0007370032643318911,0.018310036463239063,5.317905416434348,1.913278221516128,0.10772551646336627,-0.23031291152815941
563,8.22148876547572,8.81109509614274,-0.007696950661713423,-0.00443433890310597,2.1796508435417845,4.037630225212261,-0.33870577252239703,0.14040484918834079,9.339678545469225,5.075968339270795,0.010258211289420316,-0.016966958327874485,2.7248249565482676,8.736852522298442,-0.00026577502012636666,-8.598778607317571e-05,8.799123442399114,0.7781118045020298,-0.006256951783334108,-0.003860411145079473,6.146106647502341,1.8301179201296862,-0.2015343526313285,0.9806690072163341,2.023765591712333,7.814867340455641,-0.0001977535701810808,-0.0022608338149435383,8.462388649123827,2.425824731326498,-0.0021592999882604196,-0.006248211620821909,0.6597805424610941,3.188369371781215,0.011480912564054977,0.013030808651884863,2.5084487224586227,2.475527684984975,0.5676268030731321,-0.5827861969155398,5.643003648189197,7.911468766111316,-0.0026543458690043696,-0.009336829339245149,4.3710666914011425,7.573951638738472,0.012263114194785362,-0.012813333470215758,5.055758186986917,9.031667094420603,-0.002091829533935169,0.003368526202198158,2.065373845993836,4.656089817519409,0.2800887481604597,-0.0818481092862833,8.728117406007351,5.89697913494089,-0.025639972998876787,0.004102684085027558,5.98522738200313,1.5141468506101636,-0.016398080778237817,-0.6169432100244387,4.931142621013376,4.442924500028753,-0.01642786864411033,-0.0009682490401236128,4.506392577210691,3.227607797044911,-0.0855009032382973,0.01939158054593355,7.608974169926732,4.993780045057659,0.00013418595874565805,0.017895485590879792,5.323291692257516,1.9017625759397199,0.10986303004945916,-0.22009981585686614
564,8.221103917942633,8.810873379197584,-0.0075403512276115406,-0.0044560863562446386,2.1627155549156645,4.044650467671678,-0.33539123453047415,0.16272250732277105,9.340191456033695,5.075119991354401,0.009348357781716093,-0.01572586998253265,2.7248116677972614,8.736848222909138,-0.00014895977245411298,-0.0001715658114857248,8.798810594809948,0.7779187839447758,-0.006564659532581886,-0.003789391885685757,6.136029929870775,1.879151370490503,-0.3015343526313285,0.8806690072163341,2.023755704033824,7.8147542987648935,8.619705960599016e-05,-0.002224715632177579,8.462280684124414,2.4255123207454568,-0.0022550145437274616,-0.006466703912624374,0.6603545880892968,3.189020912213809,0.01038193440714284,0.014412508451560724,2.5368300626122795,2.446388375139198,0.607564177040488,-0.4924338936310274,5.6428709308957465,7.911001924644354,-0.002016048914964134,-0.00985977296397187,4.371679847110881,7.573310972064961,0.012197339760171995,-0.01307562972302123,5.05565359551022,9.031835520730713,-0.0019666432255923995,0.0032386535032133414,2.079378283401859,4.651997412055095,0.27742872294304316,-0.10262096510602006,8.726835407357408,5.897184269145142,-0.02640218657062225,0.0034216456068931643,5.984407477964218,1.4832996901089417,0.08360191922176219,-0.5169432100244388,4.930321227581171,4.442876087576747,-0.017754700950153766,-0.0016774119905948394,4.502117532048776,3.2285773760722076,-0.08688320828109214,0.02121873989888774,7.60898087922467,4.994674819337203,-0.0004443218819531469,0.017448564800491947,5.32878484375999,1.8907575851468765,0.11213207212763344,-0.20972532579360934
565,8.220726900381253,8.810650574879773,-0.007366545813977047,-0.004459539755684626,2.145945993189141,4.052786593037816,-0.33078703518387365,0.18660788807600867,9.34065887392278,5.074333697855274,0.008453878232671016,-0.014491307862497697,2.7248042198086386,8.736839644618565,-3.710418825119655e-05,-0.0002568755285875002,8.798482361833319,0.7777293143504914,-0.00686734818306244,-0.003706562659957047,6.1209532122392085,1.9231848208513196,-0.3328084061953211,0.7806690072163341,2.0237600138868044,7.814643062983285,0.0003574497918030071,-0.0021891283185710535,8.462167933397227,2.4251889855498256,-0.0023454214991306746,-0.006690054621313753,0.6608736848096539,3.189741537636387,0.009356695979687852,0.015696448218175604,2.567208271464304,2.421766680457647,0.6386557945098094,-0.403899286298686,5.642770128449999,7.910508935996155,-0.0013991587719522822,-0.010340571510091441,4.37228971409889,7.57265719057881,0.012094038961004371,-0.013295485645233543,5.055555263348941,9.031997453405873,-0.0018434689194428671,0.0031055023795407404,2.093249719549011,4.646866363799794,0.2737318232384777,-0.1256757387841265,8.725515298028876,5.897355351425486,-0.027072805099395657,0.002757006675154054,5.988587573925305,1.4574525296077196,0.11756232848419199,-0.4169432100244388,4.929433492533663,4.442792216977217,-0.019013334060358423,-0.0023460506705469462,4.497773371634722,3.229638313067152,-0.08793411305304337,0.022997203827005822,7.608958663130572,4.995547247577228,-0.0009955303639156612,0.016970823559767728,5.334391447366372,1.880271318857196,0.1145234933102561,-0.19901146627531516
566,8.220358573090554,8.810427597891989,-0.0071760314667508665,-0.004445005540384831,2.1294066414299473,4.062116987441617,-0.32463924809470984,0.21257195173035673,9.341081567834415,5.073609132462149,0.007576716252019557,-0.013265907457246939,2.724802364599226,8.736826800842135,6.951960581633125e-05,-0.00034091358412527103,8.798138994424166,0.7775439862174935,-0.007162282801256194,-0.003610802728005767,6.104312791929442,1.9622182712121363,-0.3379635042024014,0.6812159610659584,2.0237778863763944,7.814533606567356,0.0006153784604553147,-0.002153206230978862,8.462050662322271,2.42485448281876,-0.002434894414554467,-0.006916512666626834,0.6613415196086383,3.1905263600472957,0.00840244226109551,0.016869905936814145,2.5991410611897945,2.401571716142713,0.6637538765953876,-0.314834142459617,5.642700170511401,7.90999190742065,-0.0008048697206688665,-0.010777828805663076,4.37289441604694,7.571992416296548,0.01195476794197626,-0.013471971246083318,5.055463089902969,9.032152728524851,-0.00172238372375998,0.0029701035329537254,2.106936310710935,4.640582576860588,0.2687497423969938,-0.1514740128046092,8.724161657773907,5.897493201759244,-0.027651605050658123,0.002108470389474099,5.994465690349515,1.4366053691064977,0.1254362005540382,-0.3325620809467134,4.9284828258306455,4.44267491444369,-0.020198036205247925,-0.002967157842724645,4.493376665982069,3.2307881732585026,-0.0886581684963746,0.024726262416047095,7.608908886612376,4.996395788755216,-0.0015171036053911817,0.016463192003543757,5.340117622031884,1.8703207455434303,0.11712597122240721,-0.1877892344416551
567,8.219999771517216,8.81020534761497,-0.0069694121154564815,-0.004412871240367967,2.113174679025212,4.072745585028135,-0.3166023723945861,0.24127921905989103,9.341460403647016,5.072945837089287,0.0067186416786011545,-0.01205195904616641,2.7248058405795166,8.736809755162929,0.00017071498889004093,-0.0004228243257621909,8.797780880284103,0.7773634460810932,-0.007446619884986292,-0.0035025631608295573,6.087414616719322,1.9962790692654342,-0.3325644892926359,0.607920791235491,2.0238086552994172,7.814425946255807,0.0008595438846267641,-0.002116245960117649,8.461928917601544,2.4245086571854286,-0.002525145655358588,-0.007143384256910254,0.661761641721693,3.1913698553441363,0.007515879679425522,0.017923025451343083,2.632328755019564,2.385830009019732,0.6850192984194038,-0.22273838093842258,5.642659927025368,7.909453015980367,-0.00023431411466237216,-0.011170487105382484,4.373492154444039,7.571318817734244,0.011781123973491394,-0.013604541160496137,5.0553769707167815,9.0323012337015,-0.0016034739396029772,0.0028333505267213194,2.1203737978307844,4.633008876220358,0.26214056941042696,-0.1806271148176124,8.722779077521373,5.897598625278717,-0.028138828096218385,0.0014758932156555909,6.000737500377217,1.419977265059162,0.12267203267631056,-0.2751389202119356,4.927472924020383,4.442526556551553,-0.02130293463211106,-0.003535267778875178,4.488943757557251,3.232024486379305,-0.08905802176847465,0.0264059811533661,7.608833031432106,4.9972189483553935,-0.002007526744342845,0.015926813921078628,5.345973920593004,1.8609312838213476,0.12004899374706009,-0.17599306043887175
568,8.219651300911442,8.809984704052951,-0.006747396302493665,-0.00436365148281941,2.0973445604054826,4.0848095459811296,-0.3061922214201769,0.2736168221488785,9.341796335730946,5.072343239136979,0.005881109437826033,-0.01085158854026759,2.724814376328961,8.73678861394664,0.0002663769009362363,-0.0005019027776726901,8.797408549289853,0.7771883179230518,-0.007717431920336632,-0.003382770087118906,6.07078639225469,2.0266751088272086,-0.322634975333687,0.5492275142107212,2.0238516324936486,7.814320133957801,0.0010897032539088696,-0.002077695708963079,8.461802660318776,2.424151487972583,-0.0026168037978407674,-0.007367253138758053,0.6621374357056643,3.1922660066167037,0.006693634446138359,0.018848235354671086,2.6665797199405343,2.3746930899728107,0.704304048593662,-0.12451760310845014,5.642648211319634,7.908894491625098,0.0003114761214361553,-0.01151786963477518,4.374081210642713,7.570638590676219,0.011574785675993871,-0.013693048347864164,5.0552967970198015,9.032442901227835,-0.0014868126706566885,0.0026959746933658225,2.1334808263013056,4.623977520479477,0.25342079165502085,-0.21396537572261187,8.721372136116562,5.8976724199395,-0.028535228173939668,0.0008591162023764721,6.006871102011033,1.4062203190485651,0.11521015993073834,-0.23313560813817466,4.9264077772887775,4.4423497931626095,-0.02232169975401844,-0.004046548685353514,4.484490856468827,3.233344785436973,-0.08913382159599305,0.02803660993994954,7.608732655094889,4.998015289051447,-0.0024660926570726515,0.015362679960165507,5.351976370280357,1.852131630799404,0.12336163098712184,-0.1636004009953537
569,8.219313931096318,8.80976652147881,-0.00651073158970881,-0.004297888702622889,2.082034949334474,4.098490387088574,-0.2927057301079345,0.31080649234154006,9.342090391202836,5.071800659709965,0.00506556988593163,-0.00966676925239755,2.724827695174008,8.736763518807756,0.000356424817367662,-0.0005775049144479878,8.797022677693837,0.7770191794186958,-0.007972406502552116,-0.003252602478344865,6.054654643488005,2.0541364845377448,-0.3106717671435506,0.49939814481575195,2.023906117656344,7.814216249172353,0.0013057071610613948,-0.0020370656040811,8.461671820128885,2.423783125315645,-0.002709767286578749,-0.0075853647204481844,0.6624721174279712,3.193208418384437,0.005932445853407808,0.01963963540218701,2.7017949223702176,2.3684672098173882,0.7234324451861646,-0.024517603108450137,5.6426637851257055,7.908318598143359,0.0008315666159246584,-0.011819461795005015,4.374659949926513,7.569953938258825,0.0113374279993715,-0.01373752493882398,5.055222456386269,9.032577699962504,-0.0013724777977956993,0.002558673908308733,2.1461518658840566,4.6132792516933465,0.24188375540403775,-0.25265032971124235,8.719945374707866,5.897715375749619,-0.028841771861552654,0.0002580953430298996,6.01263161000757,1.3945635386416564,0.10552564826925823,-0.20081913671084364,4.9252916923010766,4.4421474657283415,-0.02324844855319894,-0.004497588662797327,4.480034165389027,3.2347466159339704,-0.08888534259751743,0.02961777908186722,7.608609350462036,4.998783423049455,-0.002892202949439961,0.01477212079669937,5.358144451829713,1.8439516107496363,0.12706891910489213,-0.15060074047083086
570,8.218988394516833,8.809551627043678,-0.006260188511346345,-0.004216147722280851,2.067399662829077,4.1140307117056505,-0.2750771264886016,0.3545938568517341,9.342343669697133,5.071317321247346,0.004273454353917064,-0.00849935619291351,2.7248455164148764,8.736734643562034,0.0004407977288585926,-0.0006490127737303145,8.79662405736871,0.7768565492947785,-0.008209684263965717,-0.0031133913306723316,6.039121055130828,2.079106391778532,-0.29781964413555545,0.45520228960013287,2.023971403014397,7.814114395892149,0.001507479950233829,-0.0019938753000726425,8.461536331764556,2.423403857079623,-0.002803488790999228,-0.0077954868704378285,0.6627687397206415,3.1941904001545467,0.005229271673752672,0.0202925672161743,2.7379665446295256,2.3672413296619657,0.7444934900837546,0.07548239689154987,5.642705363456502,7.907727625053609,0.0013251465372953407,-0.012074879925610642,4.375226821326481,7.569267062011884,0.011070736342784148,-0.013738125975602243,5.055153832496379,9.032705633657919,-0.001260540124962555,0.002422135782166814,2.1582460536542585,4.600646735207785,0.22645492216897037,-0.29836379347106273,8.718503286114789,5.897728280516771,-0.029059616185253642,-0.0003271314494299591,6.017907892421032,1.3845225818061142,0.09478022282851836,-0.17494944958966546,4.924129269873417,4.441922586295202,-0.024077504777360228,-0.004885138764853215,4.475589898259151,3.2362275048880638,-0.08831174164728958,0.03114870592003524,7.608464740314564,4.999522029089291,-0.0032853137124023513,0.014156706389433263,5.3644978977849584,1.8364215737260947,0.13113552663720923,-0.13699816916463547
571,8.218675385091265,8.809340819657564,-0.005996566150799858,-0.0041190170203951985,2.053645806504647,4.1317604045482375,-0.25160493934166517,0.40758312496031157,9.342557342414828,5.0708923534377,0.003506151297756344,-0.007351089477242278,2.7248675563013194,8.736702192923348,0.0005194495891484197,-0.0007158606415007689,8.796213573155512,0.776700879728245,-0.008427738847149313,-0.0029665527252612555,6.02423007292405,2.101866506258539,-0.284625426360997,0.41467956411364837,2.024046777011909,7.814014702127146,0.0016950195520114392,-0.0019476894925737202,8.461396157325005,2.423014082736101,-0.002897116039188594,-0.007995787362476735,0.6630302033043292,3.1952050285153555,0.00458184003642092,0.020803631365653164,2.7751912191337134,2.371015449506543,0.7698501310680769,0.17548239689154987,5.642771620783367,7.907123881057329,0.0017915098447178754,-0.01228388208994215,4.37578035814362,7.568580155713104,0.010776377544892848,-0.013695155890978973,5.055090805490131,9.032826740447028,-0.0011510749669727054,0.0022870226308748776,2.169568799762707,4.585728545534232,0.20541884458280213,-0.35364374766623485,8.717050305305527,5.897711923944299,-0.02919011403782946,-0.000896454460579918,6.022646903562459,1.3757751093266308,0.08355813781235737,-0.1535410075452312,4.922925394634548,4.441678329356959,-0.024803500949159216,-0.005205966001821205,4.471174311176786,3.2377849401840657,-0.08741179484346875,0.03262867942569115,7.608300474628944,5.000229864408762,-0.0036449453474532876,0.013518206698741932,5.371054674116819,1.8295716652678629,0.13550473523452197,-0.12281230042804657
572,8.218375556783725,8.809134868806543,-0.005720691579004893,-0.004007105248513298,2.041065559537564,4.152139560796253,-0.2193978042671629,0.47386922425764016,9.342732649979716,5.070524798963838,0.0027649974569023484,-0.006223593534273221,2.7248935287807767,8.736666399891273,0.0005923463618845454,-0.0007775399644828389,8.795792186213156,0.7765525520919819,-0.008625295469275486,-0.0028135570385042627,6.009998801606001,2.1226004844642214,-0.2713514774826431,0.3765826528593635,2.0241315279895096,7.813917317652518,0.0018683941643902453,-0.0018981192114983277,8.461251301523045,2.422614293367977,-0.002989562534661975,-0.008184756327036611,0.6632592953061502,3.1962452100836383,0.0039889747381430685,0.021170606509627474,2.813683725687117,2.3797895693511206,0.8021978071569348,0.27548239689154985,5.642861196275603,7.906509686952831,0.0022300473541564257,-0.012446365503334344,4.376319177020865,7.567895397918555,0.010455985145238007,-0.013609072031047454,5.055033251741783,9.032941091578572,-0.0010441669545229759,0.0021539685401111837,2.1798397419918474,4.568046358150919,0.1758645267949293,-0.42251691149049214,8.715590799603635,5.89766710122127,-0.029234807099476293,-0.0014496960103117307,6.026824810453077,1.3680980589493692,0.07216490439405386,-0.13530758795311895,4.921685219587091,4.441418031056868,-0.02542139199914641,-0.0054567074629582775,4.466803721434613,3.23941637415535,-0.08618387805878865,0.03405737241439324,7.6081182273615715,5.0009057747437,-0.00397067710022063,0.01285856955200228,5.377829910878545,1.8234310502464606,0.14011377296717561,-0.10807671039030792
573,8.218089522204775,8.808934513544118,-0.005433414953904502,-0.0038810342758324266,2.030095669324206,4.175833022009135,-0.17314121730967685,0.5603267936697566,9.342870899852562,5.0702136192871246,0.0020512795065086298,-0.005118374467902384,2.7249231460988708,8.73662752289305,0.0006594642086157373,-0.0008335888374284483,8.795360921439691,0.7764118742400568,-0.008801272270914477,-0.002655918234472048,5.996431227731868,2.14142961710719,-0.2581228088183096,0.3400926922856213,2.024224947697729,7.813822411691943,0.002027736520993601,-0.0018447970860072742,8.461101823396312,2.422205055551625,-0.0030795402159278923,-0.008361158464485034,0.6634587440430574,3.1973037404091196,0.0034507851278897956,0.02139237027829864,2.853793616044964,2.393563689195698,0.8445043386867878,0.37548239689154983,5.642972698643311,7.905887368677664,0.002640245897087985,-0.012562354253827067,4.376841976278127,7.567214944317002,0.010111154446722632,-0.013480472610482411,5.054981043394057,9.033048790005576,-0.0009399102510615365,0.0020235849907642195,2.1886329683315937,4.546920512576395,0.1324511941027453,-0.5117876686555508,8.71412905924866,5.897594616420754,-0.029195409408683808,-0.001986610388839143,6.03043305567278,1.3613326795517133,0.06076289886722532,-0.11938167346665907,4.920414149987134,4.44114519568372,-0.025926410392010386,-0.0056336960323855245,4.462494527531674,3.2411192427760698,-0.08462574594369095,0.035435064104801905,7.6079196935065605,5.0015487032212995,-0.004262128070227172,0.012179909221080133,5.384835599526904,1.8180272147269452,0.14490575744708487,-0.09283522557608305
574,8.21781785145708,8.808740461830327,-0.0051356048411330315,-0.0037414311946931222,2.0214386084587224,4.2038493616926225,-0.10200279935088374,0.6603267936697566,9.342973463827887,5.069957700563729,0.0013662396905756323,-0.004036814061528048,2.7249561193093017,8.736585843451179,0.000720789225602215,-0.0008835780018594299,8.794920857826146,0.7762790783283332,-0.008954731423459997,-0.002495190700468393,5.9835250872909524,2.158434251721471,-0.24500195816844228,0.30465929806143066,2.0243263345237787,7.813730171837642,0.0021732391945746706,-0.001787341811976898,8.460947846385515,2.4217869976284008,-0.00316556934667588,-0.008523998517569124,0.6636312832994519,3.1983733589230345,0.0029688447755679232,0.0214689576724914,2.8960188329793035,2.4123378090402756,0.8992526151208138,0.4754823968915498,5.643104710938165,7.905259250964973,0.0030216859764857404,-0.012631987116601793,4.377347534000464,7.566540920686478,0.009743439741510082,-0.013310087363324662,5.0549340478815035,9.033149969255115,-0.0008384086062408952,0.0018964666006091877,2.195255528036731,4.521331129143618,0.0643119152642008,-0.6117876686555508,8.712669288778226,5.897495285901313,-0.029073788999844828,-0.002506879762687825,6.033471200616141,1.3553635958783803,0.04943792616174708,-0.1051599293710031,4.919117829467534,4.4408635108821,-0.026314046683012824,-0.0057327484113141826,4.45826324023449,3.24289099598131,-0.08273427544844886,0.03676289872209464,7.607706587103049,5.002157698682353,-0.004518936139024378,0.011484506002459757,5.392080887399259,1.813385453448141,0.1498384753549504,-0.07713676751676352
575,8.217561071215023,8.808553390270593,-0.00482814347019521,-0.0035889199732474122,2.016338468491178,4.23686570137611,-0.0020027993508837383,0.7603267936697565,9.343041775812416,5.069755859860653,0.0007110839893032716,-0.002980161764707721,2.724992158770582,8.736541664551085,0.0007763207513219104,-0.0009270876330603214,8.794473121254972,0.7761543187933098,-0.009084836337434128,-0.0023329701224902915,5.971274989382531,2.1736672166245423,-0.23202909116573067,0.2699036636372325,2.0244349964835076,7.813640804747044,0.002305150198601554,-0.0017252977474813095,8.460789567918182,2.421360797702522,-0.0032459747809509883,-0.008672495613271818,0.6637797255382303,3.1994468068066593,0.002546321314420167,0.02140184224215983,2.940981463735344,2.436111928884853,0.9652517334997791,0.5754823968915498,5.64325579523699,7.904627651609143,0.0033740402678556526,-0.012655506950946863,4.3778347059875395,7.5658754163183115,0.009354360724429614,-0.01309877132209032,5.0548921274511915,9.033244792585146,-0.0007397730359254216,0.001773197280504003,2.198471123799941,4.49074174571084,-0.03568808473579921,-0.7117876686555508,8.711215599328234,5.897369941913178,-0.028871948473856983,-0.0030101075826925493,6.035943096924228,1.35010559940983,0.03823379507441681,-0.09221245192267508,4.917802127133383,4.440576873461534,-0.02658007857046943,-0.005748903972100546,4.454126526462067,3.2447291409174146,-0.08050521834861195,0.03804320024532629,7.607480640296098,5.002731923982476,-0.0047407358014804005,0.010774813570644415,5.3995728111670065,1.809528615072303,0.15489040106657476,-0.061029517132772874
576,8.217319664041513,8.80837394427193,-0.004511903159474545,-0.0034241179320177967,2.016238328523634,4.274882041059598,0.09799720064911627,0.8603267936697565,9.343077330011882,5.069606851772417,8.698569419622777e-05,-0.0019495426332772497,2.725030974808148,8.736495310169433,0.0008260918516211135,-0.0009635225618754855,8.7940188794381,0.7760376702871853,-0.009190832384474433,-0.0021708910992586446,5.959673534824244,2.187162399806404,-0.21924421402949495,0.23555621993151388,2.0245502539934375,7.81355453985967,0.0024236836283291104,-0.0016577532774807453,8.460627269179135,2.4209271729218584,-0.003318903070693192,-0.008806068150828928,0.6639070416039513,3.2005168989187673,0.0021876353719290204,0.0211951349659976,2.989244050410333,2.4648860487294306,1.0261622131523471,0.6754823968915498,5.643424497250383,7.903994876261596,0.003697157132460326,-0.012633241594640614,4.378302424023761,7.565220477752207,0.00894559628782787,-0.012847405811864172,5.054855138799395,9.03333345244917,-0.0006440601887956708,0.0016543977797093972,2.196686719563151,4.455152362278062,-0.1356880847357992,-0.8117876686555507,8.709772001904541,5.897219436534043,-0.02859200341637291,-0.003495832854028338,6.037854786677949,1.3454949768136963,0.027170979102340925,-0.08022666666493487,4.9164731232048595,4.440289428262929,-0.026720888171679814,-0.005676423622959478,4.450101265544637,3.246631300929681,-0.07793350921098709,0.039279930626530346,7.607243603506023,5.003270664661009,-0.004927148740252846,0.010053429453970142,5.4073173312203355,1.8064771392156642,0.1600644717048097,-0.04455485198682786
577,8.21709406888354,8.808202738375329,-0.004187742137489603,-0.003247645558557277,2.02113818855609,4.317898380743086,0.19799720064911627,0.9603267936697565,9.343081679296592,5.069509374640753,-0.0005049396278471223,-0.0009459709013285036,2.7250722794007287,8.73644713404134,0.0008701509870431229,-0.0009920539839747662,8.793559337818877,0.7759291257322224,-0.009272061735572143,-0.002010601151659166,5.948711324122769,2.1989402108029794,-0.20670001548446884,0.2014143969515796,2.024671438174854,7.813471652195796,0.0025288944289064315,-0.001583246659732588,8.4604613240256,2.420486869514317,-0.0033823869255826373,-0.008924310320078201,0.6640164233725477,3.201576655667067,0.0018962974407830291,0.02085608101605306,3.0405521610679505,2.498660168574008,1.0114988461778796,0.7754823968915497,5.643609355107006,7.903363214181864,0.003991099077757588,-0.012565612771575384,4.378749703838152,7.564578107461614,0.008519086375771335,-0.012556844476131214,5.0548229357899555,9.033416172338155,-0.000551247636216409,0.0015407343364803366,2.189902315326361,4.414562978845284,-0.23568808473579922,-0.9117876686555507,8.708342401733724,5.897044644891342,-0.028236190561406884,-0.003963554779114833,6.0392133356330655,1.3414836434804496,0.01625686695143535,-0.06897109428944215,4.915137078796276,4.4400056070817815,-0.026733891321114256,-0.005508993811532946,4.446204590084088,3.2485952974610077,-0.07501438833046375,0.04047868866620861,7.60699724606901,5.003773336133707,-0.0050778226910035505,0.009323047250306837,5.415320554805576,1.8042493966163229,0.16539021263761391,-0.027741191409152464
578,8.216884681776666,8.8080403560974,-0.003856474440070079,-0.0030601398301564942,2.0310380485885458,4.3659147204265745,0.2979972006491163,1.0603267936697565,9.3430564323152,5.069462076095687,-0.001063672995468019,2.957828261741617e-05,2.725115786950081,8.73639753134214,0.0009084657745978969,-0.0010115597205298244,8.793095734732098,0.7758285956746395,-0.009328095998086549,-0.001853712860166229,5.938376323348545,2.2090109306505585,-0.19447065967539373,0.1673123244014835,2.024797882896299,7.813392489862809,0.0026204008758399884,-0.0014998264889177545,8.460292204679321,2.420040653998313,-0.0034345511422178643,-0.009027021972877382,0.6641112382445868,3.20261945971787,0.001672501654233912,0.020394890061349074,3.0911271033768446,2.5374342884185856,0.9114988461778796,0.8754823968915497,5.643808910060893,7.902734933543285,0.0042562570136363545,-0.012453065324970713,4.3791756581569405,7.563950265237807,0.008077152186373612,-0.012227636321659605,5.054795373408145,9.03349320905498,-0.0004611951084030341,0.0014329840992429236,2.178117911089571,4.368973595412506,-0.33568808473579925,-1.0117876686555507,8.706930592205653,5.896846467152386,-0.027806860286851764,-0.004412816132613743,6.0400261789806375,1.3380350887659775,0.005490912412868939,-0.058270898858526654,4.91380038423022,4.439730157391205,-0.026617052100185078,-0.005241061030950691,4.442453870667565,3.2506192318943183,-0.07174624039178223,0.0416432917972746,7.60674335493446,5.004239488496222,-0.0051924502466662685,0.008586269197609561,5.423590065437457,1.8028623370458652,0.1709241218455703,-0.01059745992103701
579,8.216691858054663,8.807887349105894,-0.003518879735297607,-0.002862456623288287,2.0459379086210014,4.418931060110062,0.39799720064911626,1.1207777468933773,9.343003248665426,5.0694635550098175,-0.0015886540465941978,0.0009759066716128223,2.7251612102388107,8.736346953356113,0.0009412024927263828,-0.0010205388466410443,8.792629329932193,0.7757359100316311,-0.009359313152089653,-0.0017015079832187513,5.928652790364776,2.2173765468706326,-0.182661921988435,0.13309844495441872,2.024928902940091,7.813317498538363,0.0026977125928813496,-0.0014047750133626663,8.46012047712221,2.419589302899669,-0.0034745265852399627,-0.00911418021308405,0.6641948633272985,3.2036392042209374,0.0015075259664805705,0.01982668846874431,3.1367020456857384,2.581208408263163,0.8114988461778796,0.9754823968915497,5.6440217229115754,7.902112280277037,0.004493550445588187,-0.012296420995317005,4.37957951576626,7.563338883421724,0.0076229599870349515,-0.011860280037952338,5.054772313652725,9.033564858259941,-0.0003734492630078361,0.0013318701686716428,2.161333506852781,4.318384211979729,-0.43568808473579923,-1.0756366787431677,8.70554024919131,5.896625826345756,-0.027306753797690132,-0.004843561388936156,6.040300724601281,1.3351215438230513,-0.005134678211230412,-0.04798934878818197,4.912469531625211,4.4394681043396576,-0.02636941618788169,-0.004872237611979578,4.438866558647976,3.252701396484182,-0.06813817989109776,0.042764805165213145,7.606483732422127,5.004668801956103,-0.005271371357850522,0.007844926310641685,5.432136271529735,1.8023324640498133,0.17674648928222034,0.00689641360132856
580,8.216515914067898,8.807744226274728,-0.003175691896225173,-0.0026557049493305803,2.0658377686534575,4.474969947454731,0.49799720064911623,1.0207777468933772,9.342923815963095,5.069512350343398,-0.0020798612236842405,0.0018915340464971961,2.725208270363447,8.736295926413781,0.0009687446624147733,-0.0010170366980959793,8.79216136427459,0.7756508346324702,-0.009366980116965197,-0.0015548427576135015,5.919519694265354,2.2240314691183536,-0.17141818454947932,0.09861680203180093,2.025063788569735,7.813247259787695,0.0027601830476117247,-0.0012944877345661219,8.459946750792948,2.419133593889015,-0.0035026696874168495,-0.009185884730817153,0.6642702396256225,3.2046305386443747,0.0013829936614825858,0.019170276523124474,3.1772769879946323,2.6299825281077407,0.7114988461778796,1.0754823968915497,5.644246400433855,7.901497459227271,0.004704509967641416,-0.012096912007912918,4.379960663765611,7.562745869419826,0.007160670961781604,-0.011455163539607247,5.054753641189574,9.033631451768375,-0.00028718894490535775,0.001238065721965881,2.139549102615991,4.264602378042571,-0.5356880847357992,-0.9756366787431677,8.704174911501426,5.896383648276309,-0.026739049885488173,-0.0052562248558175725,6.0400439906907195,1.3327220763836423,-0.01563322429603465,-0.03801529943306251,4.911151060815817,4.439224492459059,-0.025990925802444356,-0.004408950974759223,4.435459649653421,3.254839636742443,-0.06421191360428215,0.043817465048806806,7.606220163854235,5.005061048271635,-0.005315713551896743,0.007099888428201538,5.440973595993847,1.8026772847298798,0.18296428349211477,0.024798623305012604
581,8.216357129473087,8.807611441027262,-0.0028275711569190234,-0.0024409806246939707,2.0907376286859134,4.5260088347994,0.5979972006491162,0.9207777468933772,9.34281982290191,5.069606927045723,-0.0025373683852689217,0.002775003245482812,2.725256707596568,8.736245074578877,0.0009912127752981653,-0.0009988114670685902,8.791693015268741,0.7755730924945895,-0.009352529138148371,-0.0014144691615821203,5.9109487850378795,2.2289623092199435,-0.1609248088356032,0.06368826227956176,2.0252017977221155,7.8131825354009665,0.0028063470853375966,-0.0011651055340071619,8.459771617308578,2.418674299652474,-0.0035195223409737074,-0.009242352448420043,0.6643393893086966,3.205589052470531,0.0012767124845084635,0.018443169748696375,3.2128519303035263,2.6837566479523183,0.6114988461778796,1.1754823968915498,5.644481625932237,7.900892613626875,0.004891045036555332,-0.011855648103485963,4.3803186973137,7.562173111242846,0.006694801396715729,-0.011012037810165309,5.054739281742329,9.033693355054474,-0.00020149479502370776,0.001152443716031259,2.112764698379201,4.215820544105412,-0.6356880847357992,-0.8756366787431678,8.702837959007152,5.896120837033519,-0.026106983610097476,-0.005651315176132304,6.039262329475918,1.3308213114119891,-0.026018917485960844,-0.028256700088142097,4.909851514525695,4.4390040449103205,-0.025480986538676746,-0.0038599136889493077,4.432249053973207,3.257030509994883,-0.05999573435464356,0.04476817610789152,7.60595437817664,5.005416042693045,-0.005326621555820503,0.006351812709469777,5.4501218101684525,1.8039172158951304,0.1897238616882684,0.043212309761246584
582,8.216215750915241,8.807489391996027,-0.00247510651235823,-0.0022193202073540696,2.120637488718369,4.572047722144069,0.6163676132437279,0.8207777468933772,9.342692954482647,5.069745677207997,-0.0029612797104882796,0.0036248802196698925,2.725306268235333,8.736195134005523,0.001008281802972128,-0.0009638514329433431,8.791225388811833,0.7755023690365104,-0.009317557255239013,-0.0012810813735639336,5.902902544596099,2.2321467223339218,-0.15141883797351613,0.02809055561203374,2.0253421150763824,7.813124280124266,0.0028339837404119774,-0.001013841741677419,8.459595641191529,2.4182121820300533,-0.003525787321413564,-0.009283978894371853,0.664403224932922,3.2065112109579657,0.0011664477695733405,0.017654347717137205,3.2434268726124205,2.7425307677968958,0.5114988461778797,1.2754823968915499,5.644726178184064,7.900299831221701,0.00505527005720683,-0.01157346399170593,4.380653437383536,7.561622509352337,0.006229597376016297,-0.010529940507751257,5.054729207002578,9.033750977240276,-0.00011552656741704749,0.0010760624673856788,2.080980294142411,4.172038710168254,-0.6519910513199582,-0.7756366787431678,8.701532609826646,5.895838271274712,-0.025413758929355743,-0.006029387406002524,6.03796138360162,1.329408476407582,-0.03630602835511009,-0.018634386365844628,4.908577465198761,4.438811049225873,-0.024836227601096116,-0.0032363961061335693,4.429249267255475,3.2592689188002777,-0.05552589821181808,0.045573263743613576,7.605688047098849,5.005733633328519,-0.005305076781751346,0.0056011516240878426,5.459608003252866,1.8060778313831927,0.19722080269566641,0.06229869547975896
583,8.216091995589624,8.80737842598566,-0.0021188632794489587,-0.001991715823219363,2.1514558693805554,4.613086609488739,0.5891116057151815,0.7207777468933773,9.342544890497123,5.069926921218981,-0.0033517485417181962,0.00443979837453753,2.7253566823254816,8.736146941433876,0.001019372387703571,-0.0009105547006794447,8.790759510949071,0.7754383149678322,-0.009263749354033755,-0.0011553059959052232,5.895331602697423,2.2335512501145236,-0.1432049373020123,-0.008465949088198026,2.025483814263403,7.813073588037183,0.002840678720718801,-0.0008390744376458525,8.459419351825458,2.417747983085335,-0.003522271576864983,-0.009311270668961518,0.6644615473214007,3.2073939283438224,0.00103289828339907,0.016806156552979498,3.2690018149213143,2.806304887641473,0.4114988461778797,1.37548239689155,5.644978941686925,7.899721158022116,0.0051993280072301475,-0.011251061470772036,4.380964917252337,7.561096012326949,0.0057688138913625136,-0.010007639572855442,5.054723430674207,9.033804780363646,-2.8577380024586338e-05,0.0010100187304727297,2.048380741576413,4.133256876231095,-0.6231352692493646,-0.6756366787431678,8.700261921880179,5.895536801904412,-0.024662586021564306,-0.006391003050333457,6.036146082183865,1.3284767570892897,-0.04650780706183437,-0.009077232125749637,4.907335653818706,4.438649229420567,-0.024050578550918116,-0.0025511841480306014,4.426472972344884,3.2615475819874584,-0.05084622784106456,0.04617939922706123,7.605422793259762,5.0060136909097235,-0.005251955566099915,0.004848253928154741,5.469469043387649,1.8091927661571807,0.2057166044085365,0.08229654354408122
584,8.21598605242565,8.807278840194499,-0.0017594329384855902,-0.0017591435905724867,2.1809114496663145,4.649125496833407,0.5627778432715801,0.6207777468933773,9.342377303070037,5.070148911137708,-0.0037090089100188122,0.0052185068977361445,2.7254076509448666,8.736101413698842,0.0010239748390476497,-0.0008378075135025458,8.79029632348137,0.7753805496680369,-0.009192791029404379,-0.0010376915237741173,5.8881713558323225,2.2331279526601135,-0.1366806918964121,-0.04637161302479459,2.025625848199439,7.8130316343153,0.002824618139082324,-0.0006400650538310781,8.459243238246614,2.4172824195518867,-0.0035098210507568325,-0.009324762877426859,0.6645131922355707,3.2082342361714713,0.0008638360259765664,0.015897956079469713,3.289576757230208,2.875079007486051,0.3098452536534738,1.467649794327112,5.645238908087286,7.899158604948577,0.005325219102951315,-0.010889226917089294,4.381253357946905,7.560595630348306,0.005315587827722147,-0.009444239618821128,5.054722001805206,9.03385528130017,5.991478802876072e-05,0.0009552697217494264,2.017223978113945,4.099475042293936,-0.5956172039519219,-0.5756366787431678,8.699028792579101,5.8952172517518955,-0.02385673979133186,-0.0067366917298237045,6.033820691830773,1.3280228954830022,-0.0566353218542547,0.00048168905978550336,4.90613312489116,4.438521670213166,-0.023115818585582745,-0.0018172812380619942,4.423930660952831,3.2638565519488116,-0.0460064962781234,0.04652652653040133,7.6051601954814565,5.006256103606131,-0.00516813403678581,0.004093479435754251,5.479754873608076,1.8133075933343847,0.2155650849713513,0.1035517132172838
585,8.215898080778727,8.80719088301497,-0.0013974471806153478,-0.0015225982972188329,2.2090503418298932,4.680164384178076,0.5411332590204886,0.5433563127063364,9.342191852624536,5.070409836482595,-0.004033431731026345,0.005959871131323748,2.725458849686819,8.736059523323167,0.0010217965925408835,-0.0007448836842936416,8.789836683929899,0.7753286650918483,-0.009106348875282786,-0.0009286730580245286,5.881337321237502,2.2308093720088737,-0.1323782273319001,-0.08616721526377838,2.025767079106393,7.812999631062609,0.0027847892434148414,-0.00041656467912808484,8.459067747194077,2.4168161814080156,-0.0034893577787615884,-0.009324944633391464,0.6645563840368696,3.2090291339754446,0.0006533856592480154,0.014927931581904344,3.305069019912882,2.9484614972024064,0.19901456831919218,1.486739116858343,5.645505169042433,7.898614143602723,0.00543480234586755,-0.010488968168325523,4.381519137338291,7.560123418367365,0.004872590355597986,-0.008839408652139766,5.054724997544607,9.033903044786257,0.00015042171231642305,0.0009125676441949797,1.9874431179163488,4.0706932083567775,-0.5731470685785528,-0.5037377268195655,8.697835955589534,5.894880417165404,-0.02299961963127007,-0.007066974132322407,6.03098892573806,1.3280469799359915,-0.06669642540609852,0.010108487314132173,4.904977333961881,4.4384308061512625,-0.022022743032650675,-0.001048181316037457,4.421630336138924,3.2661828782753317,-0.04106158168970886,0.046552863628430974,7.6049017887796175,5.006460777577919,-0.005054637638772765,0.0033371813313956534,5.490533127856644,1.818485178995249,0.2272541549341354,0.12656409212911227
586,8.215828208419696,8.807114753100109,-0.0010335812532122888,-0.0012831079030450158,2.2361070047809175,4.707332199813393,0.5226991126598903,0.4823628448182641,9.341990181037986,5.0707078300391615,-0.0043255683787239915,0.0066628704257794295,2.7255099395164457,8.736022279138952,0.0010126872446362806,-0.0006313980546797341,8.789381366486134,0.775282231438947,-0.009006037394143688,-0.0008285292371087618,5.874718409870907,2.2265010112456847,-0.13103349121367797,-0.12862286043245488,2.025906318568564,7.812978802828653,0.002720718118812069,-0.0001687989108007314,8.458893279305139,2.416349934176346,-0.003461912779354804,-0.00931217620931562,0.664589053319832,3.20977553055454,0.0003999087152993182,0.013893033515208436,3.3150197483288415,3.0227984530453234,0.09342022672962444,1.4970880606156023,5.645776909159727,7.898089695194306,0.005529844023861883,-0.010051524501395587,4.381762766856071,7.559681447934758,0.0044421527807092225,-0.008193263942219304,5.054732518630223,9.033948673168467,0.00024334411905358862,0.0008824744371119458,1.9587857644874211,4.045506322015799,-0.5541821357420802,-0.4487634025688727,8.69668597460797,5.894527068458788,-0.022094785779745826,-0.007382386317268207,6.027654104467755,1.328552404301698,-0.07669437780043879,0.019871518374734276,4.9038761968102484,4.438378397085461,-0.020762244212386958,-0.0002593418330710303,4.4195772570544385,3.2685105214567534,-0.03606892397903545,0.0462020832649403,7.604649056897679,5.006627636644489,-0.004912757581835131,0.002579659172290425,5.50189583560335,1.8248133836017046,0.2414751428718132,0.15206439516271963
587,8.215776529357035,8.807050597704956,-0.0006687911356822401,-0.0010418830145877606,2.262241960413912,4.7314503420543055,0.5061603746954279,0.42972278061239344,9.34177390261905,5.07104097356045,-0.004586463164104359,0.007326768829325267,2.7255605738786777,8.735990709236217,0.0009967644711972264,-0.0004977989653685451,8.788931064616428,0.7752408049770916,-0.008893099490995945,-0.0007371247676212341,5.868166735310223,2.220069868224062,-0.13370434088233143,-0.17486863520957538,2.0260423544745048,7.812970362883113,0.002632690877609385,0.00010200340928505922,8.458720183666172,2.41588432536588,-0.0034285621639814057,-0.009286137616343839,0.6646090487555969,3.2104701822303,0.00010332077996365546,0.012794185045977867,3.3196907596653227,3.0976528560761034,-0.006579773270375566,1.3970880606156022,5.64605340136092,7.897587118969237,0.0056116287170723,-0.009579007541147683,4.381984874495107,7.559271784737647,0.0040261398036806765,-0.007507422679364768,5.054744685836176,9.033992796890322,0.0003388671790976062,0.0008648918113602953,1.9310766577003171,4.0230681518873554,-0.5373422472994848,-0.4026240308110571,8.695581235318983,5.894157949142925,-0.021146390706335897,-0.007683419076564887,6.023819385577734,1.3295459802204348,-0.08662408986747261,0.029844809218383048,4.902838084599629,4.438365429993807,-0.019333002186584652,0.0005299811627117873,4.417773810855487,3.2708206256200003,-0.031082164565105985,0.04544608364590555,7.604403419018587,5.006756619603103,-0.004744905676130311,0.0018213927386210586,5.513969592746941,1.8324166033598406,0.2592456637074073,0.18114649948244677
588,8.21574308980025,8.806998503554226,-0.000304061250874894,-0.0008001476289091672,2.2875499791486833,4.752936481084925,0.4906409742223336,0.38175263342028576,9.341544579460844,5.0714073120019165,-0.004817298186836571,0.00795098555450319,2.7256104121022373,8.73596581928795,0.0009742565916931709,-0.00034464323790058275,8.788486409641878,0.7752039487387106,-0.008768616839080465,-0.0006542342353251379,5.861481518266106,2.211326436463583,-0.14198990576619097,-0.22663569224752117,2.0261739890183854,7.8129754630535775,0.0025212480165948984,0.00039460235650794814,8.458548755557972,2.415420018485063,-0.0033903291649421724,-0.009246359189122111,0.664614214794595,3.211109891482599,-0.00023492324851136904,0.0116329378566944,3.319361771001804,3.1675072591068836,-0.10657977327037557,1.2970880606156021,5.646333982796773,7.89710816859218,0.0056814139948525655,-0.009073741138083857,4.382186181485291,7.558896413603679,0.003626340820941542,-0.006783825998938523,5.054761629195131,9.03403604148089,0.0004371609375893659,0.0008595893813760102,1.904209545335343,4.002936950346802,-0.5216948186664199,-0.3616095302332032,8.694523915783666,5.893773778189097,-0.020158710859888438,-0.007970537246901912,6.01948818108436,1.331038220681354,-0.09647184912425039,0.040109334878465165,4.9018714344903,4.438391929051942,-0.01773641445333869,0.0012987943942376285,4.416219702627232,3.2730929298022957,-0.02613860335806362,0.04427391457698719,7.6041661737347805,5.006847689240034,-0.004553740546101326,0.0010629215992684618,5.526931875932311,1.841473928333963,0.2821236600300522,0.21549875050428022
589,8.215727886737707,8.806958496172781,5.920694326678273e-05,-0.0005593051468462917,2.3120820278598,4.772024112755939,0.4755851943397639,0.33660809715579587,9.341303714551502,5.071804861279642,-0.0050197363823196684,0.008535427680014612,2.725659124931822,8.735948587126055,0.0009456759296089785,-0.00017374110841238932,8.788047978799925,0.7751712370269443,-0.008632958533103082,-0.0005792798206961843,5.854382022977797,2.199994651851207,-0.1584526873677685,-0.2867074368872891,2.026300051419215,7.812995193171403,0.0023878621086039892,0.0007061712902739951,8.458379239099726,2.4149577005256067,-0.0033478511432887548,-0.009191511995926811,0.6646024686321694,3.2116915383754336,-0.0006117094024123891,0.010415942550417522,3.3140327823382854,3.232361662137664,-0.20657977327037558,1.197088060615602,5.646618053496516,7.8966544815352755,0.0057395809682071796,-0.008539185955929687,4.382367498526338,7.558557222303732,0.0032437090262285822,-0.006026594819801082,5.05478348724201,9.034079020949958,0.0005379918943924651,0.0008654197708620223,1.878124804402022,3.984856473835142,-0.5066090719843184,-0.3238385259196687,8.693515980240672,5.893375251326751,-0.019136702605842788,-0.008243956849867758,6.014664588628148,1.3330436874252773,-0.10620891964242629,0.050756222261120976,4.9009846137676325,4.438456868771654,-0.015987637634249853,0.0020255468275113785,4.414912772459329,3.275306625531145,-0.02125912377244672,0.042714405233075854,7.6039384867074755,5.006900835319998,-0.004343182597455958,0.00030546353989915865,5.541038058933814,1.852248865859177,0.31263615451841903,0.2578558981116287
590,8.21573084708487,8.806930530915439,0.0004196011767471937,-0.0003207521806657807,2.335861287576788,4.7888545176137285,0.460640818911383,0.2933244652082736,9.341052727732386,5.072231632663643,-0.005195516997178069,0.009080138635203013,2.7257064087283025,8.735939900070635,0.0009116647208091737,1.2974803273964504e-05,8.78761633087327,0.7751422730359095,-0.008486412824004707,-0.000511671853470384,5.846459388609408,2.1856592800068424,-0.1875262209765152,-0.3598676809290516,2.0264194445246453,7.813030501735917,0.0022343174836397836,0.0010338406136528617,8.45821184654256,2.41449812492581,-0.0033017197993110243,-0.009120250078576465,0.6645718831620488,3.2122123355029544,-0.001023940994895711,0.009149639935889716,3.3037037936747664,3.292216065168444,-0.30657977327037556,1.097088060615602,5.646905032544926,7.896227522237479,0.005786444533839588,-0.007978988170344212,4.3825296839776495,7.558255892562742,0.0028790715864361405,-0.005240216561274635,5.05481038683673,9.034122291938502,0.000641105181463491,0.0008811063532831641,1.8527943508028062,3.9686645475391584,-0.4916657231348609,-0.2882944338863099,8.69255914511038,5.892963053484258,-0.01808536745578842,-0.008503857905168343,6.009354142646027,1.3355814985383334,-0.11579135941485204,0.06188934884947138,4.90018523188592,4.43855814611303,-0.014105206594072528,0.0026895199255453435,4.413849816270706,3.277442345792799,-0.01645091729077876,0.0408027856109895,7.6037213275776026,5.006916108496993,-0.004117241742961016,-0.00044966307667064476,5.5566698666597345,1.8651416607647584,0.35517113081223556,0.3129367133097063
591,8.215751827143707,8.806914493306406,0.0007757050993328379,-8.586881360689438e-05,2.3588933285223574,4.803520740874142,0.4455890031259093,0.2513922672157284,9.340792951882527,5.072685639595403,-0.005346437889309331,0.009585290502332755,2.725751991964343,8.735940548810799,0.0008729862687850136,0.0002134537092817539,8.78719201023207,0.775116689443236,-0.008329193845380004,-0.0004508070468211899,5.837083077560583,2.16766589596039,-0.2376620876103542,-0.455095091371549,2.0265311603988274,7.8130821937666,0.0020626963320162775,0.0013746997703503836,8.458046760552595,2.4140421124218814,-0.0032525043154471942,-0.009031227177383245,0.6645206861123041,3.212669817499749,-0.0014685214072635657,0.007840157617120175,3.2883748050112476,3.347070468199224,-0.40657977327037553,0.997088060615602,5.647194354771618,7.895828572828962,0.005822243036659763,-0.007396952743092657,4.382673637556971,7.557993881734678,0.002533111460536794,-0.004429524858263377,5.0548424420958025,9.034166347256166,0.0007462198227848168,0.0009052534854578213,1.8282110646460632,3.954249825844843,-0.4765871550884615,-0.25440373330345106,8.69165487673759,5.892537860588999,-0.01700972167538701,-0.008750384311687997,6.003564574675284,1.338675965980807,-0.12515392568868733,0.07362958125260655,4.899479971556216,4.438692622109307,-0.01211075608466728,0.0032716743613114482,4.413027270406167,3.2794824850733484,-0.01171889716313148,0.03857713405577029,7.603515465490455,5.006893625343159,-0.0038799600697429467,-0.0012010425100990238,5.574428423200346,1.8807884964302437,0.4181176912061347,0.38963405723247874
592,8.215790612398674,8.806910199865726,0.0011261058453915446,0.00014399131463178511,2.381172778678653,4.8160903542349285,0.4302998430878282,0.2105516414836705,9.340525629988061,5.07316490412052,-0.005474337507407124,0.010051174245744598,2.725795641277782,8.735951221496263,0.0008305155091814599,0.0004255345046148048,8.7867755505398,0.7750941490908949,-0.008161451025919276,-0.00039606118153337017,5.825199973180065,2.1449111413918125,-0.32729790922484747,-0.555095091371549,2.026634295215428,7.8131509287551175,0.0018753618547300782,0.0017258057944037032,8.457884135336823,2.4135905510630122,-0.003200784671273239,-0.008923116557341352,0.6644472600419409,3.213061825380605,-0.0019423998096120283,0.00649325767909455,3.268045816347729,3.396924871230004,-0.5065797732703755,0.897088060615602,5.6474854669234515,7.895458725191808,0.005847130133668121,-0.0067970134951742586,4.382800293129998,7.5577724054917645,0.0022063509343861277,-0.003599673992378599,5.054879753086942,9.03421160993044,0.0008530248893177221,0.0009363589168628119,1.8043817068916401,3.9415296391796706,-0.46119285929426995,-0.22183307991199203,8.690804390653822,5.892100341373415,-0.0159147646849283,-0.008983645117965016,5.99730687839085,1.3423574450434372,-0.13420186419448565,0.08612065788062118,4.898874433751983,4.438856205827372,-0.01002859433907394,0.003755438568968177,4.412441325548011,3.281411341776137,-0.007074640025294243,0.036077834000207955,7.603321467486968,5.006833573217654,-0.0036353509971909287,-0.001947168583702275,5.595334307760653,1.9002701992918676,0.5181176912061347,0.48963405723247877
593,8.215846917690945,8.806917399431457,0.0014694025464014647,0.00036751178156429456,2.4026877708330443,4.826617936309112,0.41470429687368854,0.17068506055918553,9.340251913112692,5.073667462832807,-0.00558107376646851,0.010478188498385098,2.7258371670532413,8.735972498221495,0.0007852276078410943,0.0006469556653867756,8.786367477988504,0.7750743460318182,-0.007983288869786446,-0.00034677447311992306,5.808835077718823,2.1171563868232353,-0.42729790922484745,-0.655095091371549,2.026728063308165,7.813237219044837,0.0016749372844567369,0.002084193448685893,8.45772409610326,2.413144395235145,-0.003147196548891962,-0.008794647956554888,0.6643501400514603,3.2133864882645597,-0.0024426756152420275,0.005114309140930036,3.24271682768421,3.4417792742607842,-0.6065797732703755,0.797088060615602,5.647777823430135,7.895118874517049,0.005861168218642995,-0.00618319855533176,4.382910610676717,7.557592421792146,0.0018991345479092933,-0.0027561062379902945,5.054922404331408,9.034258427876283,0.0009611757172583493,0.0009728288946408999,1.7813220639269267,3.930437985184071,-0.4453706859640133,-0.19038475964508378,8.690008652419575,5.891651159117517,-0.014805444228453618,-0.00920371530171103,5.9905967851811255,1.3466634779374682,-0.1428019339422912,0.09953904354206963,4.8983730040350295,4.439043977755821,-0.007885161295331435,0.004127360307253864,4.4120875935467465,3.2832152334761475,-0.002540301984896713,0.03334830176939115,7.603139699937108,5.006736214788469,-0.0033873303318042026,-0.0026864482321584723,5.621240192320959,1.9247519021534916,0.6181176912061347,0.5896340572324787
594,8.215920387818265,8.806935775020536,0.0018042758541799318,0.0005835228055052019,2.4234229856767286,4.835152189337071,0.3987759879374975,0.13175795999406115,9.339972859424368,5.074191372257727,-0.00566818624325176,0.010866840557983502,2.7258764284336334,8.736004846004764,0.0007381203315550536,0.0008754439964446249,8.785968313545014,0.7750570073081623,-0.007795499899685308,-0.00030243645828100765,5.7874701822575805,2.0844016322546577,-0.5272979092248474,-0.755095091371549,2.0268118101723878,7.813341428717272,0.0014641892436034936,0.002446951014639497,8.457566736275815,2.412704662837317,-0.0030923884839139195,-0.008645764192802705,0.6642280062706982,3.2136422037216064,-0.0029668340199466288,0.0037081606474998877,3.2123878390206912,3.481633677291564,-0.7065797732703755,0.697088060615602,5.648070881841067,7.894809714589282,0.005864312039132593,-0.005559377877789196,4.383005567404113,7.557454616480246,0.001611520867652718,-0.001904308822403968,5.054970463117271,9.034307069321015,0.0010702685442346058,0.001013119457137444,1.759053529628726,3.9209187472018168,-0.4290579969487117,-0.1599400699059174,8.689268380208153,5.8911909733524315,-0.013686330990313385,-0.009410485063013986,5.983456688484011,1.3516404301145717,-0.15080918865130832,0.11408818627873307,4.897978745970263,4.439250345771184,-0.005709534956358276,0.004378821280380593,4.411960578447502,3.284882648564617,0.0018498334399890534,0.030434417218126085,7.602970333420518,5.006601892376861,-0.003138974525927543,-0.003416697903395905,5.652146076881266,1.9542336050151154,0.7181176912061347,0.6896340572324787
595,8.216010601610973,8.806964951160811,0.002129445860335534,0.0007909350039381357,2.4433617850736034,4.841740087336774,0.38252011109162576,0.09378420926933534,9.339689450112205,5.074734714285626,-0.005737030892857407,0.01121775192154499,2.7259133344502113,8.736048618204586,0.0006902668861114923,0.0011086509911153145,8.78557853855003,0.7750418854852482,-0.007599697961249439,-0.00026251186653099203,5.761105286796338,2.0466468776860802,-0.6272979092248474,-0.8550950913715489,2.026885019634568,7.813463776268004,0.0012461013438667193,0.0028111652995377627,8.45741211685162,2.412272374627677,-0.0030370134171011087,-0.008477642138230075,0.6640796645697009,3.2138276117539815,-0.003512954738856875,0.0022793713534527264,3.1770588503571724,3.516488080322344,-0.8065797732703754,0.597088060615602,5.648364097443024,7.894531745695393,0.005856399082124797,-0.004929415392121457,4.383086143447495,7.557359401039126,0.0013433423348332956,-0.0010499728210817145,5.055023976544483,9.034357725293871,0.001179853894859969,0.0010556396545637983,1.7376006297812905,3.9129217437065207,-0.4122282831284101,-0.13042692312756898,8.688584063658638,5.89072044909928,-0.012561767883624977,-0.00960371638252527,5.975916229051445,1.3573448394285084,-0.15814277294571732,0.12995703650077503,4.897693269222445,4.439469286835203,-0.0035319535567508767,0.004504270593999368,4.4120530701195015,3.2864043694255236,0.006057907806823802,0.027383198989968723,7.602813384694222,5.0064310574816915,-0.0028929177146052205,-0.004135243524424426,5.688051961441572,1.9887153078767394,0.8181176912061346,0.7896340572324787
596,8.21611707390399,8.807004497911008,0.0024436563099178893,0.000988788070851687,2.4624877906281846,4.846429297800241,0.36596600749374825,0.056804741991287384,9.339402598567561,5.075295601881703,-0.005788648221697918,0.0115318411499692,2.725947847794517,8.736104050754141,0.0006427824479802197,0.0013441261985723527,8.785198553651968,0.7750287598919217,-0.007398085485582772,-0.0002268027873534527,5.729740391335096,2.003892123117503,-0.7272979092248474,-0.9550950913715489,2.0269473247017613,7.813604334532981,0.001023838796104656,0.0031738699680006355,8.457260266180764,2.4118484925207655,-0.002980778213148954,-0.008292771519894594,0.663904016832758,3.213941580321654,-0.004079831398513194,0.0008321643134624633,3.1367298616936536,3.5463424833531243,-0.9065797732703754,0.49708806061560207,5.648656917397131,7.894285274925787,0.0058370786299386515,-0.004297131857822763,4.383153310564237,7.557306902398072,0.0010941290457280293,-0.00019899338565109944,5.055082969239226,9.034410507276599,0.0012893941054363182,0.0010987595920016046,1.71698921562487,3.9064003975501422,-0.39488155643656125,-0.10180115505028113,8.687955975264456,5.8902402632801545,-0.011435820066377958,-0.009782860679409689,5.968009090404159,1.363842691253547,-0.16493136389203228,0.14736126025106913,4.897516671544607,4.439694500364903,-0.0013835290242045842,0.004500486068744342,4.4123559655098425,3.287773529375022,0.010047657807817894,0.024239167670921102,7.602668738808491,5.00622429530547,-0.0026513546272107493,-0.004838484987611797,5.728957846001879,2.0281970107383636,0.9181176912061346,0.8896340572324787
597,8.216239256719485,8.80705393731455,0.0027456817738102214,0.001176267556777359,2.480786091002872,4.849269534899805,0.34916202732842927,0.020873921973683422,9.339113166156476,5.075872193939202,-0.005823710574251618,0.01181034519397628,2.725979986916916,8.73617125706407,0.0005968031522537048,0.0015793259682987007,8.784828649377689,0.775017419752554,-0.007193565488564492,-0.00019550728501290158,5.693375495873854,1.9561373685489254,-0.8272979092248474,-0.8550950913715489,2.0269985166415667,7.813763028031381,0.0008007124070347987,0.0035320405474656247,8.457111227270106,2.4114338539447706,-0.0029222870599640845,-0.008095152266246727,0.6637000252628323,3.2139831885373273,-0.004667258676497156,-0.0006295839092492299,3.091400873030135,3.5711968863839045,-1.0065797732703754,0.3970880606156021,5.6489487713286275,7.894070418332896,0.005805805886149382,-0.003666261133602549,4.383208017016523,7.55729695272879,0.0008630890107771787,0.0006425850405224982,5.055147438944498,9.034465445256199,0.001398256503834387,0.0011408315044922016,1.697245137803042,3.9013103397976283,-0.3770371872179338,-0.07403512256883762,8.687384184261138,5.889751120246184,-0.010312231376546535,-0.009947023690333963,5.959762522209558,1.3712107542661005,-0.17173470634328525,0.1666233203372583,4.897447495093397,4.43991952466834,0.0007044265584446757,0.004366186956242928,4.412858348400233,3.288985487758568,0.013788392641452693,0.021041693567639255,7.602536171077131,5.005982371056089,-0.002415983466869974,-0.005521794603958425,5.774863730562186,2.0726787135999873,1.0181176912061347,0.7896340572324787
598,8.216376540808175,8.807112750692388,0.003034335205831014,0.0013527202997190087,2.4982441923692935,4.8503132309984895,0.33217168102852584,-0.013949633654487592,9.338821980627763,5.076462711198901,-0.005842471651773386,0.012054837738198711,2.7260098270745288,8.736250223362486,0.0005534631166015482,0.0018116237032867446,8.78446897110326,0.7750076443883034,-0.006989861198837665,-0.0001692683405277804,5.652010600412611,1.913382613980348,-0.7272979092248474,-0.755095091371549,2.0270385522619185,7.813939630058754,0.000580138000600518,0.0038825873026177697,8.456965112917107,2.4110290963314585,-0.0028589127121611776,-0.007890502462645535,0.6634666623290075,3.213951709341865,-0.005276347465199292,-0.0021023576536652235,3.041071884366616,3.5910512894146844,-1.1065797732703755,0.2970880606156021,5.649239061622935,7.893887105276216,0.005761840972615927,-0.0030404063204284276,4.383251171467062,7.557329081980816,0.0006490934882645222,0.0014686316739476008,5.05521735176969,9.034522486831424,0.0015057082890477728,0.001180212273597013,1.6783932784421454,3.8976085836691863,-0.35872808822715196,-0.047110562921063914,8.68686857269231,5.889253769061668,-0.009194382824609213,-0.01009493326876552,5.951175786892393,1.3795419202829635,-0.1798188118236518,0.1882386573128249,4.89748271642132,4.440137834016152,0.0027010512311407718,0.004101503171131177,4.413547768032306,3.29003757243695,0.017257704448332113,0.017822642441476876,7.6024153719037875,5.0057062813258915,-0.0021879554521214827,-0.0061794199162596075,5.825769615122493,2.1121604164616112,0.9181176912061347,0.6896340572324787
599,8.216528257568466,8.807180386707374,0.0033084382221917744,0.0015175651050376208,2.51485277642072,4.849615749315765,0.31507021567956195,-0.04760893531641123,9.338529857045174,5.077065453085811,-0.005845124841803806,0.012267253872275886,2.7260375002303587,8.73634080454765,0.0005139326151483556,0.00203832690425856,8.78411947804332,0.774999180971277,-0.006790539603401875,-0.0001497601548122902,5.615645704951368,1.8756278594117706,-0.6272979092248474,-0.655095091371549,2.0270675591619485,7.814133759423885,0.0003656512020563153,0.00422239060103246,8.4568221672815,2.4106345712083264,-0.002785861598589529,-0.007684533894985845,0.6632028449557476,3.213846591459182,-0.005910095053173555,-0.0035830109879618627,2.985742895703097,3.6059056924454644,-1.1409592930108001,0.1970880606156021,5.649527153671566,7.893735084960194,0.005704348816295639,-0.0024231814807118405,4.383283626141475,7.557402513564513,0.0004508399022464153,0.0022729087322853683,5.0552926371841425,9.034581497445103,0.0016109758226205487,0.0012152089762777867,1.6604568740307877,3.895253055523133,-0.3399959043056323,-0.021013735988998708,8.686408853551079,5.88874902239823,-0.008085619513672204,-0.010225126780016362,5.942184846301211,1.3889538531486048,-0.19043233197609072,0.21187598381184025,4.897617768982877,4.440342909174709,0.004579376412555251,0.0037073446658794354,4.4144106532547225,3.290928704559024,0.020443058555611685,0.014612240125378498,7.602305974131181,5.005397310330078,-0.0019688248159074324,-0.006805276241657987,5.8716754996828,2.1466421193232352,0.8181176912061348,0.5896340572324787
