step,agent_0_x,agent_1_x,agent_2_x,agent_3_x,agent_4_x,agent_0_y,agent_1_y,agent_2_y,agent_3_y,agent_4_y,agent_0_vx,agent_1_vx,agent_2_vx,agent_3_vx,agent_4_vx,agent_0_vy,agent_1_vy,agent_2_vy,agent_3_vy,agent_4_vy
0,7.172569869657862,1.169747653113291,-0.05990552952211738,0.14984900708626359,2.57953958062543,7.0780707948042805,0.0007332509687606459,-0.036136826241763884,1.0362754450480973,5.099225998088654,0.19378628849563406,-0.05346274029002927,8.342831145623716,6.7112388178955475,-0.08723668959662162,-0.12341590261019011,4.536431900061008,4.472309020304666,0.12349929916970084,0.07377957986221655
1,7.169574593181756,1.1772401034676043,-0.1599055295221174,0.22261171525098367,2.579576243173868,7.076263953492192,0.10073325096876065,0.048931070763944984,1.045964759472879,5.096552861074152,0.29378628849563404,-0.13815601172400988,8.338469311143886,6.705068022765038,-0.18723668959662162,-0.1388064608585523,4.5426068650194935,4.4759979992977765,0.20893068546486682,0.14149824881557657
2,7.16157931670565,1.1883706892301535,-0.25990552952211743,0.29280534840475414,2.584612905722306,7.078710507030389,0.20073325096876066,0.1315499714342814,1.0606540738976606,5.0896450604879515,0.393786288495634,-0.22015861317712931,8.329107476664054,6.69812769972211,-0.28723668959662163,-0.1535573077677196,4.553053399292737,4.483072911738556,0.29143818863743065,0.20694219663131452
3,7.148584040229544,1.2030109566503913,-0.35764694030774347,0.360315811438293,2.594649568270744,7.085288005602103,0.3007332509687607,0.21157466118909404,1.0803433883224423,5.078637129829095,0.493786288495634,-0.2993176503991467,8.314745642184224,6.690449834333724,-0.3872366895966216,-0.16770901722932005,4.567625308724608,4.493420021570121,0.37085040731603247,0.2699684451231463
4,7.1307016932141565,1.221026747222306,-0.451786356165653,0.4250388104652412,2.609686230819182,7.095866738661558,0.40073325096876067,0.2888704835190264,1.105032702747224,5.063671247309137,0.593786288495634,-0.37549035881550363,8.295383807704393,6.682064383472258,-0.4872366895966216,-0.1813081193552319,4.58616782909041,4.506918443826279,0.4470112500678938,0.3304470776712554
5,7.108112375405874,1.242278687745568,-0.5421817913340838,0.4868799000576545,2.62972289336762,7.110310262837509,0.5007332509687606,0.363313432457186,1.1347220171720056,5.044896729368362,0.693786288495634,-0.4485437257360952,8.271021973224562,6.672998977504497,-0.5872366895966216,-0.19440923196356197,4.608518391593805,4.523440797709841,0.5197803765445992,0.38826170117772024
6,7.081003285839169,1.2666226827484508,-0.6287045556782205,0.5457544670146833,2.654759555916058,7.1284759344603685,0.6007332509687606,0.43479025105804237,1.1694113315967873,5.022469543081557,0.7937862884956339,-0.5183540660839785,8.24166013874473,6.663278515906319,-0.6872366895966215,-0.20707732773396587,4.634507410421034,4.5428538827687275,0.5890334127621777,0.44330965502199277
7,7.049568058055258,1.293910406099185,-0.7112391890509325,0.6015876381129099,2.684796218464496,7.150215447013271,0.7007332509687606,0.5031985423383057,1.209100646021569,4.996551839777358,0.8937862884956339,-0.5848065284748741,8.2072983042649,6.65292464951962,-0.7872366895966215,-0.21939006139851508,4.663959081059143,4.565019365519827,0.6546619398852841,0.4955019750984278
8,7.014006098602712,1.3239897880048306,-0.7896833648504029,0.6543141732945605,2.719832881012934,7.175375374130186,0.8007332509687606,0.5684468884238791,1.2537899604463507,4.967311513353614,0.9937862884956339,-0.6477945042803334,8.167936469785069,6.641955146449694,-0.8872366895966215,-0.23143985224414887,4.696692178053407,4.589794464274749,0.7165732695624784,0.5447631086362993
9,6.974521930360192,1.3567054966695586,-0.8639477628535132,0.7038783458703793,2.759869543561372,7.20379771855138,0.9007332509687606,0.630454973855969,1.3034792748711324,4.934921788139597,1.093786288495634,-0.7072188961279116,8.123574635305237,6.630383153837487,-0.9872366895966215,-0.2433349245367239,4.732520841531531,4.617032619706563,0.774690027238319,0.5910304084869312
10,6.931324542217516,1.3918994139630776,-0.9339559110950348,0.7502338114591861,2.80490620610981,7.235320467244178,1.0007332509687605,0.6891537060547348,1.358168589295914,4.899560843333202,1.193786288495634,-0.7629871891962641,8.074212800825407,6.61821640761065,-1.0872366895966215,-0.25519740988354367,4.771255342893447,4.64658414013091,0.8289495709922959,0.6342534413086409
11,6.884626746662764,1.429411104536037,-0.9996439961240199,0.7933434674885776,2.854942868658248,7.269778152546915,1.1007332509687606,0.7444853248196001,1.4178579037206958,4.861411483873389,1.2691696203063128,-0.799505143755517,8.019850966345576,6.605456537116473,-1.1872366895966215,-0.2671541777608268,4.812702821443062,4.678296812196343,0.8793032759903351,0.6743931449950162
12,6.8346445468565635,1.4690782779104659,-1.0609606403761374,0.8331793051105367,2.909979531206686,7.307002418787895,1.2007332509687607,0.7964034935998329,1.4813163847360113,4.821436226685613,1.2751526999468263,-0.7899275864396171,7.960489131865745,6.592098828228432,-1.2872366895966216,-0.2793105998583245,4.856667985242579,4.712016469446094,0.9257157139170641,0.711420867420381
13,6.781596514837757,1.5107372431659927,-1.1178668430175989,0.8697223791561612,2.970016193755124,7.346822593467887,1.2579321519630362,0.8170720292958538,1.5450740197333526,4.781939847363632,1.2815406371393738,-0.7795213886484501,7.896127297385914,6.578133298235516,-1.3872366895966217,-0.2916851727013964,4.902953770938432,4.7475875128171126,0.9681626913471271,0.745316981791825
14,6.725703172686877,1.5542233621238006,-1.1703361089197728,0.9029629188499437,3.032912801353276,7.38767619493268,1.2660142479296406,0.804492339329062,1.6091510515903213,4.74296377793121,1.2882891579131561,-0.768317021549966,7.826765462906083,6.563549039600446,-1.4696021089851588,-0.300449066010153,4.951361905505789,4.784853361906704,1.0066284229955602,0.7760689407077532
15,6.6671863672408875,1.5993715080662978,-1.1909620546310453,0.9119261946171952,3.096213513749758,7.427900811899133,1.2741412531780196,0.7915579997384559,1.6735655094859792,4.704547926853712,1.2953563839388127,-0.7563410861436548,7.753285357456825,6.548526586299938,-1.4711995994861176,-0.2925264748221712,5.001693326655567,4.823656808942092,1.041108776690129,0.8036717609921096
16,6.607638264509335,1.6449678177971576,-1.1940876705711256,0.9078296288346304,3.159920576408659,7.467478711886056,1.2822797893374274,0.7783049157346773,1.73833332868292,4.666730872546529,1.3027030190843356,-0.7436160595821993,7.679725377482519,6.53390026255883,-1.4730883668236623,-0.2828615624802977,5.053748765490074,4.863840396991697,1.0716110246564206,0.828127422666461
17,6.5479338809807786,1.6903592992388892,-1.1970547111170937,0.9039137229804466,3.2240345658755305,7.506393957672789,1.2903991446255907,0.7647679697460821,1.8034684796371367,4.6295500695674185,1.3102936620984844,-0.7301578726991466,7.606070959141336,6.519757184434815,-1.4760016762304486,-0.26724343165905035,5.107329316722895,4.9052467681250205,1.0981542443905055,0.8494437456020899
18,6.488081145424924,1.7355549853879115,-1.199880890068908,0.9001587913515288,3.28855452310681,7.544632356160093,1.29847095623761,0.7509814750094617,1.868983162742061,4.593042175932461,1.318096477193344,-0.7159760308910457,7.5322708753298135,6.506395012851863,-1.4810901673312316,-0.23742770738636332,5.16223702894242,4.947718955405125,1.1207660597445093,0.8676316554132827
19,6.428087100921479,1.780562924955488,-1.2025816264184233,0.8965475067171957,3.3534780709186904,7.582181429910566,1.3064690930942828,0.7369793136780718,1.9348879866017281,4.557243374387909,1.326082894426454,-0.7010735746764084,7.458216366963252,6.494523627482545,-1.4894289825811053,-0.17776756129117943,5.218275331929646,4.991100538175789,1.1394819002594687,0.8827047788759889
20,6.367958019600557,1.8253903002913479,-1.2051701496740603,0.8930648970453395,3.4188015255734046,7.61903039559447,1.3143696125239752,0.7227949374985791,2.0011921313230507,4.522189695654088,1.3342271729028017,-0.6854471905900532,7.383744917834196,6.485635249417986,-1.4982077562964697,-0.07330429027756875,5.27524942694262,5.035235777119588,1.154344837230714,0.8946782636911425
21,6.307699512116854,1.8700435451436148,-1.2076574949185637,0.889698474184945,3.4845200061996033,7.655170142469399,1.3221507497015206,0.7084612869195515,2.0679034899681907,4.487917336124585,1.3425058337765288,-0.6690875027049804,7.308834530019372,6.481970034904108,-1.4997907878652321,0.025051799028936513,5.332966668804155,5.079969690304146,1.1654063256743497,0.9035674734593283
22,6.247316637370926,1.914528468852862,-1.2100524662073369,0.8864383955050357,3.5506275436846795,7.690593206815376,1.3297929208019703,0.6940106539419726,2.135028781657017,4.4544629609893365,1.350896943453423,-0.6519796378478393,7.23384499062611,6.4832226248555545,-1.495438264405392,0.11689481319626048,5.391236985087873,5.125148063977112,1.1727280660889687,0.9093869127509933
23,6.18681401406056,1.958850388628114,-1.2123622273923662,0.8832767570768635,3.617117189724778,7.725293739512475,1.3372784464195908,0.6794750596906451,2.202573628829688,4.421863979096944,1.3593792997844707,-0.6341040287819357,7.159073077405841,6.489067365515368,-1.4863280593744994,0.20206162405571976,5.449873388392321,5.170617409614661,1.176380303172485,0.9121504276391836
24,6.126195902690942,2.003014226481957,-1.2145924058541564,0.8802075253265063,3.6839811120457577,7.759267492497007,1.3441782703313545,0.6657212461451175,2.2705425938189117,4.390158777657847,1.367931264329346,-0.6154381009251189,7.084756674437116,6.4991704467181535,-1.4735242551937915,0.2805820189455867,5.5086924035509455,5.216224930996621,1.1764427117587277,0.9118707927956985
25,6.0654662823982335,2.0470246027482824,-1.2167471863623394,0.8772264727419768,3.7511900255623254,7.792553554804263,1.3502874497790658,0.6532409991489717,2.338939157035379,4.359386872611591,1.3765292942384433,-0.5959589768628486,7.011080461677427,6.513199547665433,-1.4579613115800445,0.35263127191982946,5.567514539138882,5.261818470636405,1.173005843244808,0.9085597075516373
26,6.004628923080117,2.0908859263853814,-1.218829395271579,0.8743311187541691,3.8187043980512785,7.825215604761711,1.3557043526756825,0.6419234441397266,2.407765621747301,4.329588923768449,1.3851461669294907,-0.575647545152882,6.938182396098425,6.530831111261425,-1.4404401150580053,0.41848808218595657,5.626164831301122,5.307246456013988,1.1661731767416466,0.902228473455674
27,5.943687453316538,2.13460248232309,-1.220840579544866,0.8715206706306831,3.8864896156850626,7.8573117769686975,1.3605116149133243,0.6316709156561968,2.4770229300937756,4.300806546510804,1.393748941269569,-0.5544942639107782,6.866160390345525,6.551755515370723,-1.3404401150580052,0.5184880821859565,5.684473490138204,5.352357879686771,1.1560637933559827,0.8928896207866815
28,5.8826454243392945,2.1781785158546243,-1.2227810815040414,0.868795963800366,3.954515196430729,7.888895322751507,1.3647786642401138,0.6223979415413988,2.546710377157254,4.273081833315265,1.4022968161497444,-0.5325069383738483,6.7991383845926245,6.577679919480021,-1.240440115058005,0.6184880821859565,5.742276679806004,5.3970023607261055,1.1428154395831736,0.8805598396250701
29,5.821506370264093,2.2216183140446426,-1.2246496969369436,0.8661599851022048,4.022754129642735,7.920015219828577,1.368565156662772,0.6140272078406648,2.6168252179647413,4.246456486396573,1.4107394390250412,-0.5097197614173025,6.737116378839724,6.608604323589319,-1.140440115058005,0.7184880821859565,5.799417451785162,5.441030352707359,1.12659192484048,0.8652775846368398
30,5.760273885417245,2.264926313299753,-1.2238212382790263,0.8617704351748381,4.0911823874758735,7.95071658022061,1.3719214769951138,0.6064911054249236,2.6873621899159934,4.220970498325708,1.419015532309445,-0.48620460617371997,6.680094373086824,6.644528727698616,-1.040440115058005,0.8184880821859565,5.855747048027186,5.4842942319392005,1.1075737819332876,0.8470973577007099
31,5.699082823503294,2.308014835058495,-1.2197078709574376,0.8552395752040589,4.1597784613256295,7.981041135491856,1.3748901605433566,0.5997308116489122,2.7583129665314656,4.196660268017022,1.4270531727331226,-0.46208142376893746,6.628072367333924,6.685453131807914,-0.940440115058005,0.9184880821859565,5.91112573712385,5.526649099824236,1.0859521326185164,0.8260921626379276
32,5.638097429955422,2.350776813818698,-1.2123824748011294,0.8466473795092484,4.228522969352797,8.011027676074303,1.377507075675532,0.5936954239876231,2.8296656251681216,4.173556196828575,1.4347722275076809,-0.4375256051623127,6.581050361581023,6.731377535917211,-0.840440115058005,1.0184880821859565,5.965423343754776,5.567953707956132,1.0619193781830578,0.802352579611515
33,5.577478306215365,2.39310918279416,-1.2019213236766115,0.8360762744243918,4.297398323136574,8.040712447273684,1.3798023995679976,0.5883411749541212,2.9014042365435055,4.151679916570459,1.4420894156258854,-0.4127688425012149,6.539028355828123,6.782301940026509,-0.740440115058005,1.1184880821859566,6.018519312663929,5.608071336936708,1.0356591799470827,0.7759821497793792
34,5.517382240031535,2.4349129965153797,-1.1884039051345807,0.8236106205670579,4.366388443114974,8.07012950602139,1.381801433702411,0.5836307032858722,2.9735087073248,4.131041474445398,1.4489257157221946,-0.38809054396999365,6.502006350075223,6.8382263441358075,-0.640440115058005,1.2184880821859567,6.070302271661283,5.6468704444256765,1.0073392264129735,0.7470908291623589
35,5.457962044774805,2.476093527543733,-1.1719128176686098,0.8093362052804511,4.435478514800094,8.099311041185683,1.3835252971961423,0.5795323563169936,3.0459549931109096,4.1116369472468985,1.4552148153692228,-0.3637991769230917,6.469984344322323,6.8991507482451055,-0.540440115058005,1.3184880821859568,6.120669232981931,5.6842249858837945,0.9771094058695842,0.7157902479485624
36,5.399366403891375,2.5165603378077552,-1.1525337564140883,0.7933397451016831,4.5046547796599015,8.128287659001533,1.3849915305672704,0.57601949642085,3.1187157338793705,4.093446988400744,1.4609104168694076,-0.34020692803418007,6.442962338569423,6.965075152354403,-0.44044011505800507,1.418488082185957,6.16952470327541,5.720014498281222,0.9451052005198941,0.6821939397454324
37,5.341739716070671,2.5562273250628396,-1.1303556043084138,0.775708397187665,4.573904356188265,8.157088633822575,1.3862146417367405,0.5730697750140731,3.1917612547228407,4.0764366419990345,1.4659901510733155,-0.3176049070087513,6.420940332816523,7.035999556463701,-0.3404401150580051,1.430236482266353,6.216779963301405,5.754124195268494,0.9114536379115692,0.6464223943832685
38,5.28522193585525,2.5950127449222227,-1.105470654408345,0.7565292802071627,4.643215088275102,8.185742122573279,1.3872066276744368,0.5706643252702207,3.2650607622765064,4.060556396648597,1.4704549854010507,-0.29624674835210696,6.403918327063622,7.1075113805770185,-0.24044011505800508,1.3302364822663528,6.262352645196983,5.786445314987657,0.8762790948076213,0.6086096080205203
39,5.2299484031348324,2.6328392089325807,-1.0779755921629586,0.7358875302620501,4.712575419658824,8.21427533883679,1.387977706382428,0.5687863277060858,3.3385835115465587,4.045744059230992,1.4743248282606047,-0.27634453273827886,6.391896321310722,7.174023204690336,-0.14044011505800508,1.2302364822663527,6.306166599937364,5.8168757953886825,0.8397050963171881,0.5688987495374238
40,5.176049623526684,2.669633585445683,-1.0479722460162937,0.7138657153416254,4.781974304977946,8.242714655222095,1.3885368087561205,0.5674200654976603,3.412299752959589,4.031926832594078,1.477632625189605,-0.25807329380483446,6.384874315557822,7.235535028803653,-0.04044011505800507,1.1302364822663526,6.348151854753223,5.845320732865554,0.8018627341545983,0.5274346226416584
41,5.12365101122587,2.7053268712127645,-1.0155677148670181,0.6905455242220454,4.851401145415752,8.271085658496977,1.388891669447365,0.5665509072799296,3.486181384219069,4.0190231679038355,1.4804193341422671,-0.24157523692996044,6.382852309804921,7.292046852916971,0.05639160797582368,1.0302364822663526,6.388244991460954,5.871692463997637,0.7628998315441546,0.4843748201825537
42,5.0728726254825185,2.7398541474238667,-0.9808756422127646,0.6660075473946678,4.92084572888812,8.299413203860974,1.3890491720838287,0.5661646381868348,3.5602023509261826,4.006944406057338,1.4827306223950305,-0.2269579287269901,6.385671890203712,7.3435586770302885,0.07511868962246084,0.9302364822663526,6.4263899830381614,5.895911205006765,0.7229811346979811,0.43989476003849953
43,5.02382884337188,2.7731545247936,-0.9440179560354809,0.6403312974270231,4.990298187492312,8.327721435770316,1.3890154983447953,0.5662472475500078,3.634338882045934,3.9955965096209884,1.4846149969683804,-0.21428558228815864,6.389427824684835,7.390070501143606,0.047077487165400445,0.8302364822663526,6.462539039773061,5.91790594300869,0.6822870310993415,0.3941917607562655
44,4.9766279455701055,2.805171089664951,-0.9051267179308333,0.613595190484122,5.059748962409551,8.356033798147816,1.3887923099743917,0.5667944245985426,3.708569631894353,3.9848822305065803,1.4861222907749072,-0.2035694890251044,6.391781699043104,7.431582325256924,-0.012371564465312047,0.7302364822663526,6.496653391328028,5.937615531046503,0.6410228972837478,0.3474882431788242
45,4.931371609673564,2.8358508491891574,-0.8643475812795867,0.5858780798072758,5.129188577908271,8.384373519377743,1.3883783354830113,0.5678077117840363,3.782875746433098,3.974703756055325,1.4873022540691343,-0.19476140541922765,6.391163120819838,7.468094149370242,-0.09350581283106721,0.6379225980813622,6.528704536192215,5.954989943205444,0.5994059018806779,0.30003168325081386
46,4.888154230609584,2.8651447531795213,-0.8218439297227006,0.5572620104278523,5.198607494682421,8.412763904966944,1.3877705361831858,0.5692916114802967,3.857240859136555,3.9649656857843634,1.4882027978355585,-0.18775631151685937,6.386487830178285,7.499990279274311,-0.18934838202183124,0.5574860032468842,6.5586748312862495,5.969991527367984,0.5576546781653663,0.25209016152675445
47,4.847062034123449,2.893007853700914,-0.7778016655246411,0.5278371039335508,5.26799602149158,8.44122848554096,1.3869653328572695,0.5712505277477856,3.931650999028333,3.9555778702085203,1.4888681637245271,-0.18240501924989436,6.3770204110771935,7.527864579436655,-0.2893483820218312,0.487146582979582,6.586557565194518,5.982596035444322,0.5159798478938467,0.20394549213775154
48,4.808171950847217,2.9193997088975916,-0.7324343104289137,0.4977093560641349,5.337344288134443,8.469791011928349,1.3859601355957398,0.573685020319895,4.006094407214559,3.9464576192460257,1.489337209246913,-0.17853480655775944,6.362552991976102,7.552221908585635,-0.3893483820218312,0.42505167872477223,6.6123565575892105,5.992793310051209,0.4745756671984106,0.15588328278420568
49,4.771550235325771,2.9442851767007983,-0.6859872829129742,0.4670122993793434,5.4066422949142305,8.498475262944343,1.3847556358194444,0.576586358723727,4.080561267676905,3.9375308789181376,1.4896418049162454,-0.1759752625963967,6.343085572875011,7.573474492521873,-0.4893483820218312,0.36935180178866184,6.636085340949131,6.00058747419042,0.43361283108429594,0.10818083465621561
50,4.737250871180122,2.9676357916697653,-0.6387387531474596,0.4359228696352969,5.475880076705203,8.527304580880529,1.3833581993683963,0.5799311099089511,4.155043357922717,3.9287321157883177,1.4897985485781664,-0.17464330692697322,6.31861815377392,7.591942082611306,-0.5893483820218312,0.318348021571712,6.657765982503346,6.005996515923231,0.3932346387049167,0.06109607165173413
51,4.705313933522749,2.98943193515153,-0.5909928276490833,0.40467985729502115,5.545047986673623,8.556301136375977,1.381247964111131,0.583450480741351,4.229533285351626,3.919999950441969,1.4897777361440667,-0.17482075646060813,6.289150734672828,7.607859483689891,-0.6893483820218311,0.2705870304756212,6.677427714438592,6.009051319505818,0.35355635688502474,0.014859489610474723
52,4.675764292140295,3.009665928016281,-0.5430593370324475,0.373599048054378,5.614110384879179,8.585473660413044,1.3761214788839156,0.5860831265323551,4.304022172158829,3.9112589126189383,1.4895839701784521,-0.1764641487311232,6.254683315571736,7.621388835213672,-0.7893483820218311,0.22488878094765974,6.6951055322828426,6.009794293986341,0.3146669800294696,-0.03032962831254661
53,4.648611325288673,3.028345880419,-0.4952156594754691,0.3430723444887506,5.682916458823375,8.614777816739661,1.3682188443307917,0.5878076815057502,4.378501370667752,3.9024357051823824,1.4892064429066123,-0.17962229929893148,6.215215896470644,7.632633274261055,-0.8893483820218311,0.1803408225302256,6.710838881284316,6.008277812570714,0.27663286048998664,-0.07430227859674224
54,4.6238505423149,3.0454994976434375,-0.4476538134844356,0.3135313291232694,5.751327401039915,8.64416820081495,1.3577731713061472,0.5885851525794974,4.452961692813083,3.893454590217436,1.4886213388633247,-0.1844085396091045,6.1707484773695525,7.641650315387566,-0.9893483820218311,0.13627281640123623,6.724670524308815,6.0045626986408775,0.23950247289337928,-0.11691467865885613
55,4.6014678516406775,3.061176064099601,-0.40043286491768976,0.2853587212928748,5.819216059605222,8.673597458443924,1.3449947074067923,0.588374757249922,4.527392759756249,3.8842341632369806,1.487799634318895,-0.19092471846401132,6.121281058268461,7.648463956207628,-1.089348382021831,0.09221611185186673,6.736645647953484,5.998716964707935,0.20331124958521085,-0.15804062902953145
56,4.581446208394793,3.0754440001642447,-0.3534753011269123,0.2587570435255135,5.886465794975561,8.70301619630642,1.3300641751465478,0.5871536432869124,4.601782741472194,3.87468792731378,1.4867217920942435,-0.19914395022716902,6.0668136391673695,7.653074761800221,-1.1879492732608652,0.04785809415798818,6.746811210432744,5.990814933256458,0.16808588524250456,-0.1975631216515206
57,4.563772443338447,3.0883818523405204,-0.306641496417457,0.233632145603698,5.952969003732888,8.732373878470765,1.313140986292559,0.58492378420614,4.676118831076906,3.864730729802422,1.485396116245538,-0.2088022457797622,6.007416175504326,7.6554676665081205,-1.2810740831021823,0.0030094443761567655,6.75521550469487,5.980936777173882,0.13384769718020167,-0.23536700185546455
58,4.548440368517574,3.1000634596207055,-0.25986675176579943,0.20957996094303552,6.018626053047516,8.761620067681072,1.2943767351182427,0.5816906733535497,4.750388636889182,3.854290617513434,1.4838708858289156,-0.2193791106493731,5.943362471349217,7.655618138726928,-1.3683691155440285,-0.04239767139361588,6.761907889553879,5.969168427081109,0.100614828447091,-0.2713341350957627
59,4.5354470309292845,3.110542457667857,-0.21327937576829678,0.1860202699000726,6.083344889803428,8.79070460134875,1.2739133842958925,0.5774228629568785,4.824582181180628,3.843321661980965,1.4822290015039767,-0.23021117935609453,5.874944015572016,7.653498255157247,-1.449570265259203,-0.08828805095403144,6.766938630976234,5.955601720326321,0.0684034175122714,-0.3053418318400235
60,4.52478306214087,3.1198434711628606,-0.167213332949992,0.16241353606911335,6.147040559018222,8.819575744496595,1.25186145563986,0.5720275585476856,4.898693631255827,3.8318111030131603,1.480563984294021,-0.24068711725269779,5.8024655023090554,7.649083852609546,-1.4942006916292652,-0.13177364355069504,6.770358801851847,5.94033462873432,0.03722845908874932,-0.3372638216084951
61,4.51642239549337,3.1279641479663165,-0.12210943464942935,0.1384328779232824,6.209633631800216,8.848177122423978,1.228277638652795,0.56536726888934,4.972721830470528,3.8197767471505255,1.4789507961544794,-0.2504087509533788,5.727755467727592,7.642495170432011,-1.4903781739772284,-0.16962576022615955,6.772220224806285,5.923471437653895,0.007104205179992391,-0.3669734922611745
62,4.510316923760898,3.1348857918624806,-0.07838126307683854,0.11401172121945449,6.271047513732856,8.876445485868445,1.203159849525917,0.5573075011214407,5.046669370278252,3.8072563096028564,1.4774283563910382,-0.25924014297881387,5.653236559028731,7.634013882420703,-1.4857910185169543,-0.20597341890242105,6.772575435065284,5.905122763040836,-0.021956995090218357,-0.3943512589654366
63,4.5063978606070565,3.1405863779234533,-0.03632481743639763,0.08928425992708657,6.331205506209152,8.904310860924516,1.1764746522030094,0.5477614512656318,5.120540788097804,3.7942943024539155,1.4759996225656444,-0.267254773925697,5.578947008102883,7.623715211475582,-1.4805537773670392,-0.2407498957926911,6.771477585310773,5.885405200092564,-0.04994426633103842,-0.41929042137764067
64,4.504581619735236,3.1450505909198077,0.003903262882122678,0.06448601473992645,6.390029238819302,8.931698933487798,1.1481964550631365,0.5366992372985417,5.194340769226086,3.7809315637576306,1.4746430819623757,-0.2746411855867689,5.504919319234531,7.611677716685947,-1.4747706895438566,-0.2739551300164649,6.768980371994221,5.864440679023682,-0.0768458287902012,-0.4416973690650099
65,4.504776782879342,3.148274891656804,0.04225890581984909,0.03987001411036811,6.447439061572459,8.958533895352724,1.118323222891537,0.5241397421169225,5.268072923324205,3.767199504478292,1.4733264764134688,-0.28161870303492337,5.431180784757339,7.597979960185124,-1.4685311745673095,-0.30564062119417024,6.765138080554711,5.842355810570432,-0.10264960753627825,-0.46149544919950025
66,4.506889728170335,3.1502683923623227,0.0787674038595544,0.015657818240630984,6.503355222717036,8.98474088245857,1.0868806515482308,0.5101363880156947,5.341739247144878,3.753118569326546,1.472016963529738,-0.2883852615524763,5.357754226028973,7.582697929125415,-1.4619091547189125,-0.33588930222475755,6.760005600177897,5.819281038110456,-0.12734381636087563,-0.47862777725238265
67,4.510828098363312,3.1510512832743545,0.1134849828464273,-0.007978931548801815,6.557699255294447,9.010247701859356,1.0539195292779528,0.49476419018627577,5.4153400953213655,3.738699306248922,1.470686499344332,-0.29509527384611617,5.284658768293028,7.565903464014178,-1.4549645141022411,-0.364798934624581,6.753638409359853,5.795349649247838,-0.15091751113033994,-0.49305888111570506
68,4.516502347505633,3.1506523366969144,0.1464728490791063,-0.03091835385518125,6.6103952317583445,9.03498591136867,1.019510528068265,0.47811042445757235,5.488874420288582,3.7239445425566164,1.4693135961170065,-0.3018568473063177,5.2119105425879155,7.547663517282949,-1.4477453016884334,-0.39247107083079036,6.746092533803336,5.770696705192052,-0.17336111131582435,-0.5047752407049203
69,4.5238259899595885,3.149106419004155,0.1777832321817979,-0.05307987661610254,6.661370758161758,9.05889143259155,0.9837388690979159,0.4602687179501882,5.562340100094432,3.7088517001913006,1.4678830551539883,-0.30873829757869975,5.139523277503494,7.528039963741409,-1.44028991146624,-0.4190047385514514,6.7374244782375445,5.745457943156806,-0.19466688534802135,-0.5137848947644834
70,4.532715151568678,3.14645242517335,0.20745400447896623,-0.07441380213914674,6.710557701616654,9.081904868489058,0.9466998684148263,0.4413356127633509,5.6357342528521315,3.6934147853123656,1.466384874987053,-0.3157774507611417,5.067508781930181,7.507089726813836,-1.4326289369251768,-0.444493339752845,6.7276911339701435,5.719768698418582,-0.21482939007271887,-0.520116339106752
71,4.5430878517926265,3.1427317350663926,0.23550839213508637,-0.09489187599780854,6.757892695037396,9.103971649127226,0.9084955715403931,0.42140868219358535,5.709053496601484,3.6776259127743085,1.4648130156430552,-0.3229904475409431,4.9958773350839225,7.484865059826194,-1.4247866433127248,-0.46902347599843863,6.716949664466507,5.693762881463244,-0.23384584965028488,-0.5238169482341144
72,4.55486327139938,3.1379871412665024,0.2619572117411557,-0.11449985396513604,6.803317473614415,9.125042083236906,0.8692323457796425,0.4005855307147158,5.782294147383637,3.661476390397261,1.4631643233134843,-0.3303788173939022,4.924638002918286,7.461413886026272,-1.4167821016371487,-0.49267481819210496,6.705257371983993,5.667572034051538,-0.25171645593779224,-0.524951129726913
73,4.567961131986438,3.1322621485682456,0.28680203832475615,-0.13323209546885362,6.846779090903397,9.145071359772642,0.829019203457854,0.37896325488820476,5.855452363549311,3.644957449527566,1.4614377074075429,-0.3379346495513371,4.853798897836429,7.436780145116667,-1.4086300546424293,-0.5155204837424664,6.692671549187104,5.641324477565193,-0.2684445710755909,-0.5235983811353548
74,4.582301233902676,3.125600543794803,0.31003843605545844,-0.1510878479979005,6.88823005107629,9.164019522517052,0.7879666396726929,0.3566381218129758,5.928524248919689,3.628060717049999,1.459633562617739,-0.34564412750666895,4.783367395104307,7.411004120929544,-1.4003415806018773,-0.5376276198610299,6.679249320633324,5.615144558508425,-0.28403681376537276,-0.5198513727279522
75,4.597803155705449,3.118046151394908,0.33165884244228794,-0.16806881547932284,6.927628383059925,9.1818514286077,0.7461858129231871,0.33370533637101607,6.001505927050576,3.6107785106746655,1.4577533914905099,-0.3534898154090389,4.713350316074213,7.384122739936492,-1.3919246072352613,-0.5590580361402235,6.665047479945056,5.589151989872027,-0.29850301373103544,-0.513814133523968
76,4.6143860978275635,3.1096427106209417,0.35165495763518406,-0.18417764939389358,6.964937673706084,9.19853669542625,0.7037879448608981,0.3102588358157625,6.074393596625101,3.5931040199042137,1.4557995749678252,-0.36145206808579755,4.64375408571245,7.356169838129481,-1.3833843142323041,-0.5798688120049377,6.650122329258504,5.563461283195829,-0.3118560243891939,-0.5056003771313038
77,4.631968845709323,3.100433828151247,0.3700196243954011,-0.19941707923387297,7.000127070949128,9.21404963721704,0.6608838553328319,0.286391087003609,6.147183575373492,3.575031416499924,1.453775241753854,-0.3695098732964023,4.574584870000835,7.327176397529234,-1.3747234516286746,-0.6001128490060372,6.634529528039044,5.538181264339263,-0.3241113921108169,-0.4953319706984286
78,4.6504698269290925,3.090462974189553,0.38674824486405884,-0.21378947362624467,7.0331712637157695,9.22836919156722,0.617583578676045,0.26219288007146835,6.219872337461185,3.556555922835104,1.4490990374606878,-0.3769688618656869,4.505848697419401,7.297170755078932,-1.3659425930030265,-0.6198393603347306,6.618323958433503,5.5134146658043415,-0.33528689163245273,-0.4831375262462951
79,4.669807239172296,3.079773500508241,0.40183980162477784,-0.22729668387788796,7.064050442649572,9.241478835570794,0.5739960280391055,0.23775312059436712,6.292327289334219,3.5377074797418193,1.4408751350456075,-0.3835353995931779,4.437551567769249,7.266178787062196,-1.3570403366719488,-0.6390943002760106,6.60155961385188,5.489257789492027,-0.34540195057890805,-0.4691510794767743
80,4.689899229253535,3.0684086663143466,0.41529726931625616,-0.23994033897197034,7.092750244051527,9.253366491600513,0.5302287036564493,0.2131586263388163,6.364371046086499,3.5185307097621603,1.4292416962071783,-0.3891791384831421,4.3696995509356515,7.234224072048395,-1.348013483151572,-0.6579207013322855,6.584289516322935,5.465800235518188,-0.35447674189875367,-0.4535108243669062
81,4.710664092719347,3.056411649365748,0.427127944148804,-0.25172198698186343,7.1192616792343495,9.264024422917453,0.4863874081700821,0.18849393326104105,6.435833130896858,3.4990717528380033,1.4143404548418115,-0.39387193726703407,4.302298876778073,7.2013280369817805,-1.336207435853143,-0.6750204085073074,6.566565679227997,5.443124694299843,-0.3625314045930138,-0.43635773564415975
82,4.7320204899267875,3.043825550016655,0.43734371023686774,-0.26264318330959857,7.143581049642854,9.273449119580505,0.4425759686865411,0.1638411136399868,6.506550153638949,3.4793781559746515,1.396315174964064,-0.3975885300526176,4.235488504985415,7.167577016556415,-1.321056209460441,-0.6900471106156648,6.5484391089983465,5.4213068075176345,-0.3695854486315474,-0.4178341458555258
83,4.753887675438631,3.030693390851175,0.4459611214925917,-0.27270560898397306,7.165709848077181,9.281641175262504,0.3988960497733815,0.1392796789730124,6.5763659123871525,3.4594987294720205,1.3753103927553607,-0.40030726902637415,4.169435694512393,7.133074661025632,-1.3027144886024704,-0.703010437443387,6.5299598365667695,5.400415100224858,-0.3756573138141345,-0.39808245441280665
84,4.7761857315132605,3.017058110401976,0.4530013944003201,-0.2819112390423414,7.18565465056585,9.288605159211155,0.3554468957821685,0.11488642075590848,6.645131432024921,3.439483366020702,1.3514705269379352,-0.402010865131576,4.10429997008227,7.097924139153463,-1.2813393812237668,-0.7139253675519078,6.511176970876063,5.380510977504218,-0.38076412303343443,-0.37724376672598037
85,4.798835801233277,3.002962548449859,0.45849031561981385,-0.29026252667477664,7.203426995354958,9.29434948024895,0.31232506460265513,0.09073525328227841,6.712704958371818,3.419382822764123,1.3249393301814996,-0.40268708051233704,4.040233001021082,7.0622278707758674,-1.2570899772328674,-0.7228120785156752,6.492138764724391,5.361648789167919,-0.3849216609274135,-0.35545659330075025
86,4.8217603170142675,2.98844942211612,0.4624580735967727,-0.29776258316995163,7.21904324858509,9.298886242913063,0.2696241793562416,0.06689708058605179,6.778951924880893,3.3992484687385063,1.295859643296034,-0.4023293214788652,3.9773785021594383,7.026087266850084,-1.2301269277798346,-0.7296957740484985,6.472892681678021,5.343875959502881,-0.3881445719806987,-0.3328556992533361
87,4.844883220694106,2.9735612929576223,0.4649390317682881,-0.30441534499126033,7.232524457552903,9.302231096942366,0.22743469821146817,0.043439684876932755,6.843744907045695,3.379132002664563,1.2643734007680216,-0.40093708147716145,3.9158721557704466,6.989602478147659,-1.2006120410368015,-0.7346064918978338,6.453485453078986,5.327233174540215,-0.39044674357914994,-0.30957114985674283
88,4.8681301722825205,2.958340525708059,0.4659714584821879,-0.31022572255468617,7.243896192463477,9.304403081186212,0.18584370243994117,0.020427634025751772,6.906963577084095,3.359085148590705,1.2306218193320577,-0.39851619812918926,3.8558415537186064,6.952872153552767,-1.1687078917200167,-0.7375788959031815,6.433963115900028,5.311754617047377,-0.39184181974087096,-0.2857275826027448
89,4.89142874520663,2.9428292395803246,0.46559722638747814,-0.31519972777659033,7.253188377585474,9.3054244628875,0.1449347027360067,-0.0020777941314687916,6.968494668050698,3.3391593386842455,1.194745693743056,-0.39507890800330336,3.7974061591326054,6.915993208757608,-1.1345774425815764,-0.7386520552263937,6.414371024912984,5.29746823791724,-0.3923437811042294,-0.26144371664205024
90,4.914708606526004,2.9270692531914952,0.46386149190488934,-0.3193445793400948,7.260435112722274,9.305320573180927,0.10478746372334724,-0.0240186726912358,7.028231952737851,3.3194053932840806,1.156885726319026,-0.39064370331643655,3.7406772870035265,6.879060605996289,-1.098383676792679,-0.7378692134285482,6.394753835857772,5.284396052085137,-0.3919675268981565,-0.23683209023632462
91,4.937901681121248,2.9111020242244905,0.46081236350152727,-0.3226687859970934,7.265674485908442,9.304119639546364,0.06547784648130761,-0.04534047359892507,7.086076239053803,3.299873208118259,1.1171828276475186,-0.38523501262001203,3.6857581031638924,6.842167145324861,-1.06028924061419,-0.735277549764119,6.3751554595128646,5.272554447573321,-0.3907294035443212,-0.21199899953358875
92,4.960942299296325,2.894968584924636,0.4565005658832902,-0.32518220916339846,7.2689483782325075,9.301852615866418,0.02707766885075627,-0.06599210420851281,7.141935380436179,3.2806114574872582,1.0757783421296576,-0.37888274016671425,3.632743641133183,6.805403267836655,-1.0204560960709523,-0.7309279347757808,6.355618989335649,5.2619544975966415,-0.3886476392614044,-0.18704459998864056
93,4.983767327590489,2.878709474466466,0.45097910586912743,-0.32689610664805635,7.270302261675045,9.298553010655992,-0.010345416773351088,-0.08592593393289054,7.195724297542662,3.2616673204789226,1.0328141703064033,-0.37162170504523484,3.5817208363296356,6.768856871097866,-0.9790451835660994,-0.7248746819999135,6.3361866073725785,5.25260226759721,-0.38574266105295063,-0.16206312607927942
94,5.006316282883946,2.862364669134063,0.44430294459230074,-0.3278231596473477,7.269784990836378,9.294256713959347,-0.04672802848760984,-0.10509781227000983,7.247365006057982,3.2430862352266607,0.98843277708563,-0.36349102164221,3.5327685771513306,6.732613136997871,-0.9362160945286276,-0.7171752973373811,6.316899474319931,5.244499111293246,-0.38203728662960057,-0.137143185233611
95,5.028531430113561,2.845973511151696,0.4365286797467212,-0.32797748518797076,7.267448589411997,9.289001823345847,-0.08201114310179423,-0.12346707934347374,7.296786644912263,3.2249116841445504,0.9427770889404217,-0.3545334588655692,3.485957772424899,6.696754372131002,-0.89212675430648,-0.7078902274124411,6.297797609988451,5.237641952031566,-0.3775567969697544,-0.11236808672755351
96,5.050357864100897,2.8295746368922976,0.4277142408196694,-0.32737463607850176,7.263348032256908,9.282828469378673,-0.11614016787016287,-0.14099656996334328,7.343925499359284,3.207185011201272,0.8959902928949899,-0.3447948086030157,3.441351434709575,6.6613598607603794,-0.8469331156127112,-0.6970826080401581,6.2789197701399635,5.232023547695188,-0.3723289043281387,-0.0878161739455629
97,5.07174357614188,2.8132059050883726,0.41791859958671734,-0.3260315901774921,7.2575410238634,9.275778640880507,-0.14906499604763995,-0.15765261209141712,7.3887250140040335,3.189945270771121,0.8482155556594889,-0.33432328580601434,3.3990047789289397,6.626505730358372,-0.8007888629107052,-0.6848180137527468,6.260303324923557,5.22763273899791,-0.3663836355205275,-0.06356113708664413
98,5.092639506121215,2.796904325579498,0.40720149755773605,-0.3239667304616425,7.250087774061018,9.267896010275935,-0.1807400465559308,-0.17340502048197556,7.431135791787008,3.1732291064808202,0.7995956832795316,-0.3231689747293654,3.3589653357834046,6.592264829670735,-0.7538451281878751,-0.6711642091983018,6.241984143147531,5.224454682143578,-0.35975315186967105,-0.0396722917783044
99,5.1129995809991025,2.780705989056416,0.3956231915305831,-0.3211998170249602,7.241050771733221,9.259225759251837,-0.2111242880056516,-0.1882270861604587,7.471115575950984,3.157070657744352,0.7502727410897082,-0.31138332907630484,3.321273079374011,6.558706619210819,-0.7062502186153043,-0.6561909031190876,6.223996485554047,5.222471067554663,-0.3524715262250009,-0.01621481626272534
100,5.132780740575631,2.764645998205168,0.3832442179172655,-0.31775195179968196,7.230494557332938,9.249814404943814,-0.24018124727561907,-0.20209556229509612,7.508629213005469,3.1415014912905366,0.7003876515787646,-0.29901872849690464,3.285960568443246,6.525897074054865,-0.6581493566221086,-0.6399695055365286,6.2063729092427975,5.221660326741526,-0.3445744949264373,0.006750054564454218
101,5.1519429514714945,2.748758400615184,0.3701251760511638,-0.3136455364936528,7.2184854949691575,9.23970962682906,-0.2678790028025725,-0.2149906469064695,7.543648595584408,3.1265505548656916,0.6500797848098048,-0.2861280901132377,3.2530531006121404,6.493898598778038,-0.6096844329269155,-0.6225728887104341,6.189144184496476,5.221997829469749,-0.33609919928645204,0.02916487600517628
102,5.170449210274053,2.7330761237905015,0.35632653026590355,-0.3089042240087451,7.2050915448290285,9.228960094483735,-0.29419016268703563,-0.22689596274396853,7.576152584824898,3.1122441503600298,0.5994865528930026,-0.2727645313323424,3.2225688789657947,6.462769954342517,-0.5609937730646056,-0.6040751523944712,6.172339224532153,5.2234560732700075,-0.32708392771672523,0.050975876535957816
103,5.188265536787348,2.717630912590064,0.3419084301642745,-0.30355286345256033,7.190382036694677,9.217615296346537,-0.3190918276773178,-0.23779853453313785,7.6061269124695485,3.0986059237934125,0.5487430170626906,-0.25898107889010763,3.1945191903125645,6.432566196722793,-0.5122119179251372,-0.5845513938723041,6.155985028146317,5.226004867096806,-0.317567866414765,0.07213287083640108
104,5.205360958295562,2.702453269417436,0.3269305481789789,-0.2976174387831514,7.174427445310811,9.20572536961988,-0.34256553905774084,-0.24768876366174733,7.633564063322683,3.0856568698489073,0.4979815133673615,-0.24483041855826482,3.168908594416308,6.403338627029178,-0.4634694187845706,-0.5640774832237073,6.140106634825578,5.229611510638626,-0.3075908637628059,0.09258919637931298
105,5.221707485704511,2.6875723974782786,0.31145193327511106,-0.29112500112752804,7.157299168357924,9.193340931436794,-0.3645972114433963,-0.25656040022371834,7.658463138991051,3.073415348920994,0.4473313009131151,-0.23036467998277127,3.1457351234770794,6.375134752867992,-0.41489264725856845,-0.5427298442330055,6.124727091637438,5.234240970457591,-0.29719321135804755,0.1123016672948567
106,5.237280082368266,2.6730161474219023,0.29553087946359885,-0.28410359487654824,7.139069307785754,9.180512911425607,-0.38517705047679557,-0.2644105121786644,7.680829704036706,3.0618971149218557,0.39691823499999945,-0.21563525149413496,3.124990491114151,6.347998260656341,-0.3666036205482302,-0.5205852413103421,6.109867431069536,5.239856053822335,-0.2864154428877687,0.13123053981023697
107,5.252056626341446,2.658810967678075,0.2792248076877226,-0.2765821777647451,7.119810455261915,9.167292385816674,-0.40429945543663454,-0.2712394512120737,7.7006756157867065,3.051115352347149,0.34686446630394535,-0.20069262028113657,3.1066603100867396,6.321968998590824,-0.318719842279649,-0.4977205727477685,6.095546658925148,5.246417580812847,-0.2752981508349836,0.14933948436347885
108,5.266017866725832,2.6449818587898375,0.26259015960901266,-0.26859053527537247,7.099595482490082,9.15373041325607,-0.4219629068105785,-0.2770508147000865,7.718018839101903,3.0410807213330924,0.29728816641381034,-0.18558623393953383,3.0907243179727573,6.297082969953436,-0.27135415916432337,-0.47421267057648875,6.0817817513833985,5.2538845550310205,-0.26388182017740913,0.16659556036496606
109,5.279147374706283,2.631552332026069,0.24568230184767328,-0.26015918985075287,7.078497337149553,9.139877872521065,-0.4381698389572413,-0.2818514029983189,7.732883247422594,3.031801409636116,0.24830327946058717,-0.17036438002619417,3.077156610014541,6.273372336424612,-0.22461463362936265,-0.45013810722935865,6.068587660374528,5.262214333049269,-0.2522066777456684,0.18296919044486779
110,5.291431489798667,2.618544372533531,0.22855543931606398,-0.25131930552044907,7.056588845201691,9.125785302371149,-0.4529264980915014,-0.2856511710931885,7.745298411395623,3.0232831906348063,0.20001929920792025,-0.15507408082532595,3.065925878333073,6.2508654310631435,-0.1786044324856536,-0.42557300914542495,6.055977326487245,5.271362792571512,-0.24031255566027593,0.19843413182233502
111,5.30285926176447,2.6059784072575085,0.21126253640926168,-0.2421025886728417,7.033942520297116,9.111502743816489,-0.46624278597491453,-0.28846317348564293,7.755299376356019,3.01552948659354,0.15254107075401063,-0.1397610010461058,3.05699565670879,6.229586780605873,-0.13342173161967433,-0.40059287738310456,6.043961698704231,5.281284499162629,-0.22823876720376743,0.21296744313191945
112,5.313422388584933,2.5938732778238665,0.19385524497095596,-0.23254118578130495,7.0106303809983705,9.097079585142207,-0.47813208988048944,-0.2903035010318507,7.76292642989372,3.008541436541235,0.10596861588031994,-0.12446936661251644,3.0503245701278066,6.209557136736717,-0.08915963661092077,-0.37527241523826604,6.032549760344042,5.291932871319225,-0.21602399354748542,0.22654944563039378
113,5.323115150833481,2.5822462185348014,0.1763838381227943,-0.2226675789501606,6.986723776504346,9.082564410090615,-0.48861109962741495,-0.2911912083554975,7.768224860687736,3.002317968210609,0.06039698103817355,-0.10924189307734675,3.0458665882972604,6.1907935159748035,-0.045906119092136696,-0.34968536279604284,6.021748560666668,5.303260343600744,-0.20370617989592052,0.23916367818169723
114,5.331934342739621,2.5711128395872933,0.15889714921897463,-0.21251448016728183,6.962293221522975,9.06800484967284,-0.49769961274254504,-0.2911482303848496,7.771244709739645,2.9968558735567417,0.01591610696524863,-0.09411972249841077,3.0435712823426537,6.173309247835001,-0.0037439685837866166,-0.3239043382839002,6.011563251671872,5.315218527509829,-0.19132243979923605,0.25079684578582184
115,5.33987920020057,2.5604871155789293,0.14144251535551738,-0.20211472514171056,6.937408240885848,9.053447438153599,-0.5054203290943416,-0.2901992865676632,7.772040515087908,2.9921498874318213,-0.0273892810480119,-0.07914236786364351,3.0433840839134643,6.157114030920806,0.03724924055238049,-0.29800068604149876,6.001997129681911,5.32775836979912,-0.17890896658988148,0.26143876169065117
116,5.346951325968345,2.550381379321844,0.12406572501768565,-0.19150116757003252,6.912137224431131,9.038937473825216,-0.5117986366508003,-0.2883717713901075,7.7706710510355075,2.988192769038639,-0.06943976317929393,-0.06434766435102753,3.045246545941083,6.1422139966187315,0.07700116748288893,-0.2720443308832968,5.993051681352417,5.340830307883653,-0.16650095110305455,0.2710822833180293
117,5.35315461221923,2.5408063209433425,0.10681096958429791,-0.18070657461977147,6.886547292598591,9.024518885255711,-0.5168623903214166,-0.28569562998149395,7.767199062876543,2.984975385821088,-0.11016129627083532,-0.049771726867258136,3.0490966043152277,6.128611780074567,0.11544470912419907,-0.24610363860532253,5.984726633797264,5.354384422049555,-0.15413250503067957,0.2797232423613129
118,5.358495160698445,2.531770992212354,0.08972079852123094,-0.1697635243474261,6.86070417308252,9.010234103756636,-0.5206416861371994,-0.28220321783035834,7.761690998063001,2.982486799477725,-0.1494852670396739,-0.035448913432931,3.0548688397714376,6.116306598144301,0.15251799083069262,-0.22024528238034408,5.97702000854573,5.368370584167621,-0.14183658942714789,0.28736036948546284
119,5.362981200624507,2.5232828159949827,0.07283607818719401,-0.15870430568857313,6.83467208877566,8.996123942865118,-0.5231686332825546,-0.2779291439699228,7.754216734711017,2.9807143538060785,-0.18734852809244223,-0.021411794078183624,3.0624947393129722,6.105294334025284,0.18816434424509143,-0.19453411479732455,5.969928179074373,5.3827386026418935,-0.12964494802884646,0.29399521409519286
120,5.366623004533866,2.515347600710554,0.056195954243323784,-0.14756082157276723,6.808513657111532,8.982227485666622,-0.5244771266979795,-0.27291009740675015,7.744849308306395,2.9796437641021694,-0.22369341749200933,-0.007691124986539016,3.0719029565252267,6.095567628285417,0.22233227308363201,-0.16903304533229607,5.96344593167293,5.397438363346653,-0.11758804516786026,0.29963205964293643
121,5.369432802246033,2.5079695596319156,0.039837817705857106,-0.13636449563107736,6.782289800776633,8.968581980796284,-0.5246026231029086,-0.267184657053465,7.7336646374317946,2.9792592078528424,-0.2584677625848291,0.005684172319328877,3.0830195701794083,6.0871159760188025,0.25497540769603777,-0.14380292308838213,5.957566529414537,5.4124199663288,-0.10569500815447962,0.3042778349356644
122,5.371424693131326,2.501151334850362,0.023797274710355646,-0.12514618288241786,6.756059669621488,8.95522274794361,-0.523581923326062,-0.2607930859660745,7.720741249302553,2.979543416468809,-0.2916248687645995,0.01868702691439618,3.0957683405642102,6.079925829864384,0.2860524492964417,-0.11890242471130955,5.952281779006813,5.427633858075583,-0.093993574075766,0.30794202187527275
123,5.372614556866844,2.494894025706241,0.008108120069334705,-0.1139360847088609,6.729880573455184,8.942183093645307,-0.5214529637628609,-0.2537771112539858,7.706160005864323,2.9804777678145284,-0.3231234938195934,0.03129222966457495,3.1100709630290324,6.0739807086288184,0.3155271048026931,-0.09438794747091757,5.947582100303024,5.443030959169347,-0.08251004101152204,0.31063656003703466
124,5.373019962870311,2.489197221470798,-0.007197685294536146,-0.10276366836152163,6.703807925267041,8.929494238082608,-0.5182546195983907,-0.24617969159692082,7.690003831173343,2.982042379297757,-0.35292780848740435,0.04347643978870059,3.125847318269167,6.069261311255272,0.34336801324488503,-0.07031350759529678,5.943456598252448,5.458562787171199,-0.07126922370784261,0.3123757484586372
125,5.372660078605584,2.484059038052722,-0.022090032967530995,-0.09165759117831937,6.677895194287122,8.917185253502762,-0.5140265221398241,-0.23804477483549857,7.672357440748973,2.9842162012871922,-0.38100734382136936,0.055218186886746845,3.143015718931411,6.0657456358755075,0.3695486647068787,-0.04673064404765427,5.939893137067056,5.474181574594131,-0.060294413775126975,0.31317614498151203
126,5.371555576957207,2.479476158493806,-0.0365406816620155,-0.08064562964326459,6.652193868180131,8.905283014760986,-0.5088088922019599,-0.22941704856897738,7.6533070735579045,2.9869771106315297,-0.40733692595708326,0.06649786852266437,3.161493152166755,6.063409103673125,0.39404731274524457,-0.02368832804135359,5.9368784163783,5.489840381843207,-0.04960734449482477,0.3130564634584115
127,5.369728542874107,2.4754438770116427,-0.05052326780087344,-0.06975461337375917,6.626753423570033,8.893812162332537,-0.5026423909993986,-0.2203416870646674,7.63294022726005,2.990302004057663,-0.43189659885470344,0.07729774344554428,3.181195517804017,6.0622246872710575,0.416846881187584,-0.00123287868982222,5.934398049153558,5.505493205016127,-0.0392281603296592,0.31203746911759395
128,5.3672023794840635,2.4719561463429547,-0.064013312065564,-0.05901036408723258,6.601621304020063,8.882795077979305,-0.495567989441824,-0.2108640980340795,7.611345397317315,2.99416689122994,-0.45467153558271856,0.0876019205316835,3.2020378618633965,6.062163043336566,0.4379348661470396,0.020592114721011294,5.932436641137075,5.5210950784720065,-0.029175391237539535,0.31014187235509183
129,5.364001713880786,2.4690056281385933,-0.07698822193327796,-0.048437639570536754,6.576842904547972,8.8722518730776,-0.4876268561334232,-0.20102967294359217,7.588611820538179,2.9985469872565242,-0.4756519387011267,0.09739634353190679,3.2239346051707485,6.063192649072617,0.45730323400368184,0.04174586327531796,5.930977871575198,5.536602172089761,-0.019465931891299297,0.30739422121244786
130,5.360152302784122,2.4665837461600666,-0.0894272902583858,-0.03806008265400348,6.552461561741301,8.86220038943042,-0.4788602637755286,-0.1908835444939119,7.564829223603122,3.0034168044331198,-0.49483293029621195,0.10666877171266795,3.2467997668709327,6.065279942236383,0.4749483159994018,0.06219044116923804,5.930004574980633,5.551971883150384,-0.010115025905806915,0.30382079278783497
131,5.3556809382712025,2.464680742027366,-0.10131168998256226,-0.02790017517596946,6.528518548552524,8.852656212205725,-0.4693095130957147,-0.18047035472426615,7.540087577088312,3.008750243018753,-0.5122144322150544,0.11540875648560733,3.270547182670903,6.068389464294844,0.49087069997516003,0.08189084000848587,5.929498823685343,5.567162922789776,-0.0011362551715464915,0.2994494838232199
132,5.350615353772074,2.4632857332685676,-0.11262446508568948,-0.017979196911911036,6.505053072897739,8.84363269446951,-0.45901587290747314,-0.16983403688508364,7.514476855477559,3.0145206808430336,-0.527801037045347,0.12360761412806096,3.295090717669661,6.0724840062952685,0.5050751196530672,0.10081501401865585,5.929442010926765,5.582135396980937,0.0074584656102024745,0.294309700708646
133,5.34498413051779,2.462386773422972,-0.12335051791511027,-0.008317189434136271,6.4821022792523655,8.835140992625256,-0.44802053446845314,-0.15901761379638102,7.488086803625292,3.0207010615494365,-0.5416018703848565,0.13125839470622805,3.3203444736523147,6.077524756996201,0.5175703417365135,0.11893391555497863,5.9298149342072755,5.596850882016369,0.015658889100862553,0.2884322491461375
134,5.338816604622034,2.461970913951265,-0.13347659305338835,0.001067075137661475,6.459701252528943,8.827190111935437,-0.43636457797190814,-0.14806301489432536,7.461006710106049,3.0272639812847477,-0.553630444944834,0.13835584732306822,3.3462229907391405,6.08347145277395,0.5283690509753022,0.1362215203565896,5.930597878662319,5.611272494473676,0.023456430123961095,0.2818492237194072
135,5.332142774969364,2.462024267708148,-0.14299125790390402,0.010156120538627742,6.437883023630347,8.81978696119072,-0.42408894878756054,-0.13701091359588677,7.433325187858808,3.034181773650901,-0.56390450703275,0.14489638182429043,3.3726414432879057,6.0902825287917794,0.5374877332250906,0.15265484207475108,5.931770700168516,5.625364955659646,0.03084415501642506,0.2745938976206307
136,5.324993212074169,2.4625320737350793,-0.15188488018894425,0.018933787960398803,6.416678576190969,8.812936415510926,-0.4112344409685472,-0.12590058601319398,7.4051299625071705,3.0414265927421154,-0.5724458759618237,0.1508780271077917,3.39951582994916,6.097915270895517,0.5449465564263727,0.16821393571094864,5.933312907919338,5.639094650540677,0.03781676546867816,0.2667006127911076
137,5.317398968064722,2.463478763133099,-0.16014960256608968,0.027385252901583713,6.396116854142542,8.806641386210266,-0.3978416855565109,-0.11476979145630359,7.376507668709079,3.048970494097505,-0.5792802769378642,0.15630038619437683,3.4267631577704787,6.106325967681064,0.5507692493417102,0.18288188972422526,5.935203746192772,5.652429681180233,0.04437057680395997,0.25820467073763476
138,5.309391487936417,2.464848025778178,-0.16777931457540118,0.03549703731954875,6.3762247698647165,8.800902896637451,-0.38395114133644415,-0.10365467460359165,7.347543654862186,3.056785513407224,-0.5844371679778528,0.16116458823030916,3.454301620237564,6.115470062167275,0.5549829778236988,0.19664480670164983,5.93742227503297,5.665339914717115,0.05050349066382784,0.24914222428979316
139,5.301002522207647,2.4666228776441557,-0.17476962213199948,0.0432570171398366,6.357027212797894,8.795720162907271,-0.369603085900371,-0.09258968871601261,7.318321796463293,3.064843742818739,-0.587949561419396,0.16547323760496432,3.482050769128749,6.125302302502358,0.5576182183416498,0.20949177262529484,5.939947449566162,5.677797025931604,0.056214962086812544,0.23955017056396546
140,5.292264041101047,2.4687857285011474,-0.18111781477604724,0.05065442518456919,6.338547058502876,8.79109067847147,-0.35483760515456075,-0.08160753884222399,7.288924318392323,3.0731174046989875,-0.589853840585518,0.16923036037934575,3.509931680045831,6.135776891133623,0.5587086284723032,0.22141481490757475,5.942758197670503,5.6897745344598025,0.06150596099107703,0.22946604539661164
141,5.283208150362245,2.4713184497603757,-0.18682283088493037,0.05767984958761995,6.3208051782451475,8.787010301529358,-0.33969457972720235,-0.07073914361681859,7.259431626363047,3.081578922717955,-0.590189572175109,0.17244134823323068,3.5378671114694464,6.146847631879002,0.5582909140579803,0.23240884949893872,5.9458334957200565,5.7012478367296335,0.06637892809999313,0.21892791950104942
142,5.273867008817998,2.474202442239757,-0.1918852210407616,0.06432522777235705,6.3038204492587875,8.783473344348517,-0.32421366708085086,-0.060013613998165745,7.229922147754292,3.0902009901296164,-0.5889993149554671,0.1751129001500248,3.5657816571723453,6.158468074353949,0.5564046927524242,0.242471617493321,5.949152442125056,5.712194232704686,0.07083772538201266,0.20797429658771796
143,5.26427274776596,2.477418703628375,-0.19630710973049695,0.07058383607741538,6.287609765904745,8.780472663648608,-0.3084342784865642,-0.04945824712454604,7.200472182006519,3.0989566351371174,-0.5863284253395323,0.17725296206880187,3.5936018918099664,6.170591655228615,0.5530923537074589,0.2516036117641859,5.952694328394157,5.722592947534072,0.07488758111312369,0.19664401366684148
144,5.254457392279435,2.4809478954322457,-0.2000921555363972,0.07645027512722076,6.272188051980416,8.77799975129238,-0.2923955503572073,-0.039098533381644186,7.171155760739542,3.1078192832405573,-0.5822248604362803,0.1788706647423126,3.6212565094953395,6.183171835816824,0.5483989131994629,0.25980799425544704,5.956438707449814,5.7324251482174144,0.0785350297114146,0.18497614372400392
145,5.244452784502616,2.4847704091886067,-0.20324550995185517,0.08192045105675008,6.257568274462556,8.776044824623298,-0.2761363097520356,-0.028958174761848393,7.1420445177177285,3.116762816477673,-0.5767389791679511,0.17997626004780962,3.6486764551553126,6.196162235529597,0.542371866050364,0.26709050462618594,5.960365458935384,5.7416739554036145,0.08178784653846495,0.17300990092318377
146,5.234290509005023,2.488866431741444,-0.20577377493243826,0.08699155271407764,6.243761458974954,8.774596915885207,-0.2596950341431974,-0.01905911264475487,7.113207568759331,3.1257616294800634,-0.5699233420519217,0.1805810560042385,3.6757950484578306,6.2095167607609065,0.5350610327604565,0.2734593610061969,5.964454851262308,5.7503244504497735,0.08465497791083447,0.16078454844847623
147,5.224001820258401,2.4932160093771483,-0.20768495926516903,0.09166202497938375,6.230776707267794,8.773643960252969,-0.24310980577073937,-0.00942156322625914,7.084711401656735,3.134790682280275,-0.5618325102476063,0.18069735075459697,3.7025481000958536,6.223189728811216,0.526518402337219,0.27892515366204934,5.96868760015785,5.758363677872198,0.0871464666159675,0.14833930904571443
148,5.213617572295143,2.4977991106261173,-0.2089884338114771,0.0959315383549888,6.218621216979257,8.773172882091655,-0.2264182611029587,-6.405895799729312e-05,7.0566197761443545,3.143825549818005,-0.5525228444693031,0.18033836577600712,3.7288740202127144,6.2371359864943186,0.5167979708733661,0.2835007324022772,5.973044923488648,5.765780643324483,0.08927337327924931,0.13571327826966242
149,5.2031681506045695,2.5025956875438666,-0.20969488565184422,0.09980095499729708,6.207300303924109,8.773169679143756,-0.2096575360633354,0.008996505482252299,7.028993633920889,3.1528424681068055,-0.5420523043638974,0.17951817858223681,3.7547139187563827,6.251311023114432,0.5059555759969755,0.28720108856747883,5.977508592152611,5.772566307237966,0.0910476939813992,0.12294534038307871
150,5.192683406321978,2.5075857352937314,-0.2098162711338999,0.1032722913779404,6.196817427120942,8.773619504417868,-0.19286420778592953,0.017744823995963867,7.001891018702694,3.1618183770359174,-0.5304802489472814,0.17825165518401356,3.7800116975562315,6.265671077542806,0.49404872738560707,0.29004323245859115,5.982060976851681,5.77871357425712,0.09248227457634932,0.11007408679292208
151,5.182192592765283,2.5127493498626285,-0.2093657678015529,0.10634867777755029,6.187174216731646,8.774506745617666,-0.17607423372186035,0.026167127774452514,6.97536700625533,3.170730959795118,-0.5178672386848436,0.1765543825714608,3.8047141339255117,6.280173239165736,0.48113643360412817,0.29204606705625197,5.986685090580498,5.784217278596766,0.09359072220762499,0.09713773684891594
152,5.171724304375205,2.518066783751506,-0.2083577251615553,0.10903431483111145,6.178370505045553,8.775815102006389,-0.15932288894521424,0.03425113286926537,6.949473644321087,3.1795586789236907,-0.5042748397890279,0.17444260148031132,3.828770955605718,6.294775542518548,0.467279025592071,0.2932302588775064,5.9913646266908795,5.789074165439212,0.09438731456439879,0.08417406077356486
153,5.161306418117127,2.5235184994930617,-0.2068076142264884,0.1113344273584341,6.170404360598292,8.777527658649852,-0.14264470250293673,0.04198598741030339,6.924259902331636,3.1882808089977064,-0.4897654312905271,0.17193313969914795,3.8521349068853215,6.309437055462423,0.45253797719047256,0.2936181068042096,5.996083992419099,5.79328286847789,0.09488690745532717,0.07122030444371162
154,5.150966037405803,2.5290852208609835,-0.20473197576020546,0.1132552157266267,6.163272125473145,8.779626958020367,-0.1260733936255561,0.0493622191049164,6.89977163076711,3.1968774659826638,-0.47440201541902444,0.16904334616870872,3.874761805744845,6.324117960802633,0.4369757231600169,0.29323340970090334,6.000828337791866,5.796843883700076,0.09510484130769391,0.058313115705064984
155,5.140729438617793,2.534747981647315,-0.20214836714378556,0.11480380500329161,6.156968455791867,8.782095068975613,-0.10964180856936034,0.0563716835109801,6.876051529996158,3.205329633291099,-0.4582480318045551,0.16579102611616725,3.8966105919028458,6.338779631287679,0.4206554752015478,0.29210133361881924,6.005583579857251,5.799759539485329,0.09505684722027964,0.04548847187591573
156,5.130622020260604,2.540488171897479,-0.1990753077773945,0.11598819216927912,6.151486365363399,8.784913653151161,-0.09338185880086308,0.06300751345243058,6.853139128405931,3.2136191845969075,-0.44136717598173025,0.1621943774571514,3.917643365662923,6.35338469796862,0.40364103654610073,0.29024827935671754,6.0103364222182645,5.802033963079125,0.09475895321012905,0.03278160808725494
157,5.120668254871734,2.5462875815059434,-0.19553222293628303,0.11681719166803796,6.146817272423356,8.788064028823783,-0.07732446116542366,0.06926406983720595,6.8310707696068445,3.221728903469765,-0.42382322264659916,0.15827192868598558,3.9378254174902283,6.367897111936456,0.385996615733777,0.28770175111801527,6.0150743698787705,5.803673043483488,0.09422739129578271,0.020226946115934657
158,5.110891643724919,2.5521284410893452,-0.19153938600746562,0.11730037957475592,6.142951049365085,8.791527232315643,-0.061499480607461326,0.0751368940446309,6.809879608474515,3.229642499904064,-0.4056798540803409,0.15404247846014762,3.9571252482769173,6.382282199492357,0.3677866402480926,0.2844902269664678,6.019785739443559,5.804684390789284,0.09347850605278055,0.00785802339686202
159,5.101314674424546,2.557993460068083,-0.18711785904722497,0.11744803667249396,6.139876075334712,8.795284077017874,-0.04593567593290554,0.08062266197109637,6.789595615770498,3.2373446238270716,-0.3870004941159276,0.14952503706817427,3.975514580289322,6.39650671084068,0.3490755707137879,0.28064303173900584,6.024459664746199,5.805077291959128,0.09252866526189488,-0.004292578049908116
160,5.091958781472185,2.5638658619017076,-0.18228943161812944,0.11727109072432622,6.137579291538066,8.79931521011643,-0.030660649027822562,0.08571913975825263,6.770245591064701,3.2448208756804804,-0.3678481479841391,0.14473876995124293,3.9929683588250113,6.4105388624276305,0.32992771640029717,0.2761902130238338,6.0290860980092935,5.804862663056633,0.09139417324747277,-0.016193302971337815
161,5.0828443098912786,2.569729416437924,-0.17707655788723334,0.11678105823008433,6.136046259086675,8.803601167104341,-0.015700797872473943,0.0904251411755178,6.751853183665494,3.2520578141780425,-0.34828524833465513,0.13970294342748932,4.009464744645026,6.424348373078822,0.31040705279898606,0.271162420754537,6.033655806671667,5.804052997908066,0.09009118747350542,-0.027813694618391865
162,5.073990481996917,2.5755684693494283,-0.1715022919939437,0.11598998595367851,6.135261219193051,8.808122424163118,-0.0010812736188437807,0.09474048658712604,6.734438921248762,3.259042961349417,-0.3283735076872421,0.13443687274496968,4.024985097284976,6.437906494116549,0.2905770420588372,0.26559079090708804,6.038160366045342,5.802662313177146,0.0886356389297089,-0.03912446686878639
163,5.06541536739722,2.581367968647112,-0.1655902217259669,0.1149103925021676,6.135207155512109,8.812859448492475,0.013174058067025334,0.09866596340185972,6.718020245864399,3.2657648049866657,-0.3081737775281004,0.1289598725643131,4.039513949387918,6.451186033661903,0.27050045707165027,0.2595068337170784,6.042592147991828,5.800706089833707,0.08704315680006407,-0.05009757661937602
164,5.057135856310921,2.5871134882722204,-0.1593644005740194,0.11355521023083656,6.13586585841546,8.817792746662567,0.027042651257989155,0.10220328787977266,6.7026115569879945,3.2722127986148815,-0.2877459142279805,0.1232912099458996,4.053038972241501,6.464161375347757,0.2502392099934913,0.2529423267604609,6.046944305831831,5.798201211002738,0.08532899786284404,-0.06070629620701083
165,5.04916763628222,2.592791248783762,-0.15284927826977646,0.11193772773959289,6.1372179909783595,8.822902911056556,0.04050330952986432,0.10535506815346883,6.688224261276596,3.2783773591121763,-0.2671486519223487,0.11745005988929073,4.065550932741175,6.47680849168578,0.2298541859738502,0.24592921316415117,6.0512107557249735,5.795165896192387,0.08350798102486787,-0.07092528548880264
166,5.041525172368732,2.5983881351707416,-0.14606962994600092,0.11007153321510998,6.139243156454853,8.82817066446423,0.05353621120211946,0.10812476831083703,6.674866828680479,3.2842498621066407,-0.24643948246016614,0.11145546344515203,4.077043642039867,6.489104952343988,0.20940508283789055,0.23849950513488127,6.055386154776217,5.791619631917947,0.08159442734403263,-0.08073066308754681
167,5.034221690871432,2.6038917118314973,-0.13905048409210857,0.10797045886043741,6.141919967014959,8.833576902879772,0.06612293006432711,0.11051667338066053,6.662544854557471,3.2898226352788984,-0.22567454249708552,0.10532628839260437,4.087513896181762,6.501029927600732,0.18895025743078725,0.23068519291775383,6.059465876143419,5.7875830987635695,0.0796021058433405,-0.09010007619121321
168,5.0272691666668265,2.609290234774519,-0.13181704951177375,0.10564852663939024,6.145226113518175,8.839102736548805,0.07824645163505202,0.11253585506144255,6.651261127432616,3.2950889496985285,-0.20490850778121983,0.09908119244841848,4.096961409053302,6.51256418724662,0.16854657928724134,0.22251815922208334,6.063445981435586,5.783078094954009,0.07754418536672375,-0.09901276819241779
169,5.020678314191238,2.6145726611064886,-0.1243946415207922,0.10311989554706251,6.149138436099928,8.844729529301876,0.089891185031481,0.11418813803644434,6.641015702043555,3.3000430093209494,-0.18419449465511442,0.09273858894930934,4.1053887380176635,6.523690095207725,0.1482492922349,0.21403009908330126,6.067323190703922,5.778127456544388,0.0754331926719543,-0.10744964336958249
170,5.014458582115198,2.6197286558838417,-0.11680860765258379,0.10039881060043672,6.1536329953515025,8.850438936203698,0.10104297055406998,0.1154800667237412,6.631805977310799,3.3046799387684147,-0.16358396877600767,0.08631661492535912,4.1128012026294085,6.534391600161889,0.12811188447885463,0.20525244506769785,6.07109485033752,5.772754974375909,0.0732809768987714,-0.11539332775026453
171,5.008618151732569,2.6247485964138635,-0.1090842531647952,0.09749955372445353,6.158685143879206,8.856212939539885,0.1116890831111374,0.11641887231856275,6.623626778871999,3.3089957695146826,-0.1431266610376319,0.07983310146181079,4.1192067968533514,6.544654222415274,0.10818596764703864,0.19621629767300913,6.074758899182458,5.766985307988396,0.07109868049112572,-0.12282822526204892
172,5.003163939074329,2.629623574100086,-0.10124676666288829,0.09443639668924865,6.164269598034762,8.862033883155814,0.12181823162408639,0.11701243999585877,6.616470445820117,3.312987424587773,-0.12287049066031948,0.07330554622857084,4.124616095235703,6.554465037298924,0.0885211652046639,0.18695236073337104,6.078313833207015,5.7608438967252935,0.06889671659134426,-0.1297405682694073
173,4.998101600741185,2.6343453939345487,-0.09332114617490253,0.09122355623376445,6.170360509615967,8.867884505155606,0.1314205545652792,0.11726927615353391,6.610326921287101,3.316652701899202,-0.10286149540160938,0.06675108804209982,4.129042153495937,6.563812655335593,0.0691650105713014,0.17749088160255783,6.081758669036582,5.754356868311823,0.06668475286151532,-0.1361184616167017
174,4.99343554343244,2.638906571746237,-0.0853321260253827,0.08787515148982204,6.176931537344231,8.873747968963283,0.14048761178804928,0.11719847559077803,6.605183846517021,3.3199902563013066,-0.08314376882643693,0.06018648331321573,4.132500404024502,6.572687199415721,0.05016285519826433,0.16786159586485275,6.085092906679658,5.747550945230988,0.06447170162417666,-0.1419519193474017
175,4.989168937131171,2.643300329320728,-0.07730410486549086,0.08440516379923695,6.183955917933633,8.879607892742822,0.14901237281249124,0.11680968853106088,6.6010266580757,3.322999580466967,-0.06375940456387164,0.05362808422685724,4.135008546784415,6.581080279208964,0.031557786787950175,0.15809367630809773,6.0883164917608665,5.740453349263618,0.06226571615141118,-0.14723289334569556
176,4.985303731887897,2.64752058751069,-0.06926107522040487,0.08082739899492916,6.191406536574258,8.885448377169375,0.15698920173210934,0.11611308741536583,6.597838687847506,3.32568098467831,-0.044748447465814585,0.047091818496117314,4.136586436123813,6.5889849630243695,0.013390557761983942,0.14821568588778314,6.091429777568437,5.733091704596333,0.06007419286986785,-0.15195529324600526
177,4.9818406781268765,2.6515619574604363,-0.061226554914179096,0.07715545219548256,6.199255996660863,8.891254031540143,0.1644138389057185,0.11511933340781576,6.595601265474215,3.328035575603116,-0.026148851571698467,0.04059317053283759,4.137255964011912,6.596395747318759,-0.0043004759875120875,0.1382555344135151,6.094433487211931,5.725493939934033,0.05790377919033435,-0.156114997074554
178,4.978779350381168,2.6554197300702103,-0.053223520726345806,0.07340267514151745,6.207476688606149,8.897009998210534,0.17128337959675394,0.11383954257272046,6.59429382289563,3.330065234129758,-0.00799644477174431,0.034147163880635115,4.137040940212536,6.603308524039435,-0.02147940609846214,0.12824043869864385,6.097328676171448,5.717688190080305,0.05576038661565756,-0.15970985222051715
179,4.976118174344851,2.659089863827286,-0.045274344623810865,0.06958214608182467,6.216040857585987,8.90270197533917,0.17759624971888763,0.11228525169897569,6.593894000657043,3.33177259232379,0.009675099950500012,0.027768344763221466,4.135966969907613,6.609720545974367,-0.038112812591353566,0.11819688592892949,6.100116695502231,5.70970269746928,0.05364920873138095,-0.1627396664774639
180,4.973854457113661,2.6625689711313774,-0.03740073289627725,0.06570664219773131,6.224920670071931,8.908316237924119,0.1833521788430572,0.11046838376440245,6.594377755654568,3.333161009561951,0.02683428682791042,0.021470766611007837,4.134061329278045,6.615630390270813,-0.05416979473442232,0.10815060002547411,6.1027991559388,5.701565714145406,0.05157474364067349,-0.16520618904370896
181,4.971984420468847,2.665854303241264,-0.029623668503842227,0.061788614535876876,6.234088279014085,8.913839657112339,0.1885521706170991,0.10840121304877247,6.595719469995964,3.334234547892501,0.04345181331619076,0.01526797544194523,4.131352839541323,6.621037920272087,-0.06962199213758519,0.09812651079940415,6.105377893120833,5.693305404693221,0.04954082037000276,-0.16711308151793594
182,4.970503237043655,2.668943733968058,-0.021963356921953968,0.05784016540269909,6.243515887544939,8.919259717764778,0.19319847074548346,0.10609632991967517,6.597892060661773,3.3349979466645983,0.05950057995452439,0.00917299598795636,4.127871739934444,6.625944245812057,-0.0844435963410946,0.08814872571967011,6.107854934139334,5.684949750617324,0.047550628745343285,-0.16846587906950555
183,4.969405069197557,2.671835742238193,-0.014439175742050819,0.0538730281586607,6.2531758110822135,8.924564534260762,0.1972945326734304,0.10356660532981163,6.600867089659499,3.335456596463996,0.0749556942515881,0.003198318475765424,4.123649560117389,6.630351682098041,-0.09861135320911911,0.07824050413970952,6.110232465576601,5.676526456663849,0.04560675222100899,-0.1692719420972573
184,4.9686831104104545,2.674529393646126,-0.007069628256454257,0.04989854933675465,6.263040537715885,8.929742864527253,0.20084498111712215,0.10082515507754407,6.6046148743720785,3.3356165123877846,0.08979446878163586,-0.002644114010016894,4.118718992456933,6.634263707305027,-0.11210455647694241,0.06842423385262908,6.112512803187651,5.668062859558986,0.04371120313464489,-0.1695403988130883
185,4.9683296289976315,2.6770243211129636,0.00012769877599833578,0.04592767299822934,6.273082786771742,8.93478412228113,0.20385557357990683,0.09788530389440565,6.60910459781116,3.3354843066872837,0.10399641368875029,-0.008342917633503956,4.113113764633086,6.637684918997659,-0.12490503283327074,0.05872140986723107,6.114698363344384,5.659585839618331,0.04186545986239565,-0.1692820792946423
186,4.968336013936431,2.679320704762875,0.007136173020936618,0.041970927228859325,6.283275565450737,8.93967838747585,0.20633315999333937,0.09476054943363897,6.614304418495598,3.3350671608056084,0.11754322381022964,-0.013887279414933968,4.106868512991422,6.64062098949102,-0.13699711894637182,0.049152615318051145,6.116791636337504,5.651121735653599,0.04007050535739374,-0.16850944164334888
187,4.968692822587478,2.681419251124318,0.013940149988424976,0.03803841267148578,6.293592223450403,8.944416414947531,0.20828564062158372,0.09146452624257745,6.620181579686109,3.3343727968348618,0.13041876064209215,-0.019266968348917533,4.100018657044104,6.643078620256922,-0.148367630864651,0.039737504441190244,6.118795161605373,5.642696263571432,0.038326866571843365,-0.16723649095885998
188,4.969389830086899,2.683321171757892,0.02052500188988986,0.03413979298495727,6.304006505481483,8.94898964125966,0.20972192236801218,0.08801096980874555,6.626702517718214,3.3334094484174157,0.14260902938049763,-0.024472346022850276,4.092600275500871,6.645065495478982,-0.15900582623906728,0.030494787563871056,6.120711504933965,5.6343344390234895,0.036634654287286655,-0.16547869189837666
189,4.970416080181394,2.68502816140714,0.02687714187561924,0.030284287115962795,6.314492601599883,8.953390189750097,0.21065187362365326,0.08441368077491107,6.633832969187239,3.332185831116273,0.15410215128218702,-0.02949437670484388,4.084649984188918,6.646590234857175,-0.16890335982681826,0.02144221806923373,6.122543237648329,5.626060504428571,0.034993602908155536,-0.16325287562977878
190,4.971759937275175,2.6865423757629383,0.03298404363158715,0.026480663268474314,6.325025195281066,8.957610873788843,0.21108627779830214,0.08068648942199513,6.641538076751348,3.330711112281031,0.16488833159454194,-0.034324636851794606,4.076204816197577,6.6476623457606365,-0.17805423274332818,0.012596581308917812,6.124292917793737,5.617897860647082,0.033403109809372326,-0.1605771420116997
191,4.973409139456755,2.687866408926362,0.038834256348509344,0.02273723445547861,6.335579509170981,8.961645198259943,0.2110367856764501,0.07684322052079476,6.649782493331076,3.3289948804384415,0.17495982331133478,-0.038955323971135644,4.067302104560411,6.648292174826082,-0.18645473593312745,0.0039736854445611685,6.125963073284205,5.609869003546497,0.031862273868458676,-0.15747075784293585
192,4.97535085227418,2.689003270649136,0.04441741510876143,0.019061855519221287,6.346131348454803,8.965487359285982,0.21051586674154252,0.07289765865399334,6.658530484496643,3.3270471142398845,0.18431088701351284,-0.04337926475480673,4.057979367763754,6.6484908590983105,-0.1941033883301014,-0.004411645794354841,6.127556186977628,5.60199546565435,0.030369932855241293,-0.15395405201931905
193,4.977571723029618,2.689956363425097,0.049724246767702845,0.015461921509129103,6.356657141791881,8.96913224221868,0.2095367596132817,0.06886351410905198,6.6677460288473185,3.324878151002144,0.19293774705535258,-0.047589922391373385,4.048274198347249,6.648270276808593,-0.20100087017420135,-0.01254557844466856,6.129074683620391,5.594297763053384,0.028924699396731306,-0.15004830842004507
194,4.980057935368003,2.6907294595005538,0.05474657143472038,0.011944367310724388,6.367133979772545,8.972575417924133,0.2081134217436099,0.06475438944043874,6.677392916200086,3.3224986548825752,0.20083854435502757,-0.051581402952337985,4.038224154838539,6.64764299788636,-0.20714995194544294,-0.02041527174170419,6.130520918590228,5.586795347632382,0.027524995280091766,-0.1457756573191445
195,4.982795263939739,2.69132667786609,0.059477299685669185,0.008515668423990182,6.377539650859726,8.975813137396155,0.20626047851752055,0.06058374679642528,6.6874348434178374,3.3199195847349583,0.20801328604514235,-0.05534846074174078,4.027866657241267,6.646622234299274,-0.21255541936724848,-0.028008879654699136,6.131897168354232,5.579506564766425,0.026169083901861047,-0.14115896608300213
196,4.985769128924022,2.6917524612872894,0.06391042566214115,0.005181842795577317,6.387852674785602,8.978842324735977,0.2039931719048606,0.056364876101538244,6.697835507720095,3.317152161697871,0.2144637922332588,-0.05888650249431495,4.017238886272905,6.645221790316539,-0.21722399492029204,-0.035315550531407766,6.133205622549325,5.572448616462275,0.024855100715929564,-0.13622172987321446
197,4.988964650207129,2.692011553427068,0.06804101623398795,0.0019484536157580602,6.3980523333808454,8.981660568541054,0.20132730880873864,0.052110864180866676,6.708558697331758,3.3142078365731553,0.2201936401151246,-0.06219159030681994,4.00637768652689,6.643456012789969,-0.2211642562953339,-0.04232542485962812,6.134448377585121,5.565637529968614,0.023581081575429177,-0.13098796302715698
198,4.992366701018828,2.692108976107856,0.07186519641968317,-0.0011793870020734686,6.408118698821283,8.984266111750097,0.19827920925500353,0.04783456490697284,6.719568379337514,3.3110982570578145,0.22520810567450902,-0.06526044318973467,3.9953194737121236,6.641339741546988,-0.224386552199418,-0.04902963115619944,6.135627431663893,5.559088131817256,0.022344988904049422,-0.1254820917378226
199,4.995959960839812,2.692050006757752,0.07538013127439225,-0.004197013534462295,6.418032659284033,8.986657839995445,0.19486565456549101,0.04354857044429,6.73082878462124,3.3078352348983278,0.22951410319361504,-0.06809043713216245,3.984100146102153,6.638888259989177,-0.2269029159145621,-0.05542027999760251,6.136744681109095,5.552814027230364,0.021144735669803273,-0.11972884860105747
200,4.999728967403532,2.691840156081029,0.0785840044680512,-0.007100201821505166,6.427775942012308,8.98883526851766,0.19110383565535918,0.03926518365976914,6.742304489780921,3.3044307130417194,0.23312012278735295,-0.07067960358141767,3.9727550003064245,6.636117245989297,-0.22872697699198136,-0.06149045621049336,6.137801917892585,5.546827584800312,0.019978207168490913,-0.11375316954338908
201,5.003658167626934,2.6914851459899536,0.08147599378539713,-0.009885163162011214,6.437331133795076,8.990798527700647,0.1870113015918708,0.034996391762287644,6.753960495920288,3.3008967328626486,0.23603616616372497,-0.07302662625008337,3.9613186514568253,6.6330427231787725,-0.22987387144820765,-0.06723420924516185,6.138800828251009,5.541139926323142,0.018843280654716042,-0.10758009358819905
202,5.007731967316204,2.690990887831853,0.08405624378684916,-0.012548537784467685,6.446681698874669,8.992548347288762,0.18260590854846784,0.03075384122707408,6.765762304228474,3.2972454015501445,0.2382736808015732,-0.0751308361770339,3.949824957884415,6.629681012716515,-0.23036015081242728,-0.07264654175989654,6.139742992283745,5.535760921643732,0.0177378428850571,-0.1012346658628947
203,5.0119347795055464,2.69036346094263,0.08632583587354137,-0.01508738774169172,6.455811994302093,8.994086039350115,0.17790576928396976,0.026548814055226452,6.777675988268553,3.293488859741293,0.2398454927263475,-0.07699220498462916,3.9383069503437937,6.62604868562852,-0.23020369035715804,-0.07772339644943692,6.140629884427998,5.530699188350587,0.01665980566073926,-0.09474184419571638
204,5.016251071299224,2.6896090915555453,0.08828675600182415,-0.01749918927112295,6.464707282766291,8.995413480052877,0.17292920327226058,0.02239220541239023,6.78966826290487,3.2896392494920614,0.24076573805467583,-0.07861133629158538,3.926796765825936,6.622162515806048,-0.22942359682719243,-0.08246164115599837,6.141462874711035,5.525962096140801,0.015607119475840777,-0.08812640959849871
205,5.0206654090993155,2.688734132091989,0.08994186029235865,-0.0197818246573028,6.473353742929904,8.996533090323496,0.16769468760297024,0.018294502684868704,6.801706549807604,3.285708682677482,0.24104979346963276,-0.07998945525945357,3.915325585984576,6.618039433748248,-0.228040115964691,-0.0868590523066726,6.142243230684827,5.521555775660876,0.014577785391730226,-0.08141288088161039
206,5.0251625021139334,2.687745040859124,0.09129483877673035,-0.021933573628240537,6.481738477310052,8.99744781545774,0.16222080876845021,0.014265765985913146,6.813759039481086,3.2817092099145095,0.2407142057809018,-0.08112839626972318,3.9039235801863414,6.613696481132915,-0.22607454011153155,-0.09091429672625509,6.142972119954414,5.517485131616795,0.013569865269184331,-0.07462543359985115
207,5.02972724405277,2.686648362177712,0.09235017752051072,-0.023953104313112955,6.489849517748475,8.998161103757035,0.15652621544685072,0.01031561013970337,6.8257947497701315,3.2776527901010235,0.23977662071764266,-0.0820305887478433,3.892619853180765,6.609150766296602,-0.2235491161536004,-0.09462691187966223,6.143650613217873,5.513753859936803,0.01258149049666591,-0.06778782348363063
208,5.034344752928796,2.6854507069620563,0.09311311935611478,-0.025839463785096217,6.497675828520817,8.99867688426402,0.15062957238536767,0.006453188165602886,6.837783580806014,3.2735512606636314,0.23825571109686117,-0.08269904116946555,3.881442397373085,6.604419420702619,-0.22048695405571878,-0.09799728460301366,6.144279687742706,5.510364468762622,0.011610869356797412,-0.06092331446855169
209,5.039000408896602,2.6841587337728017,0.09358962345185075,-0.027592068210083483,6.505207307140085,8.9989995436723,0.14454951548178857,0.0026871762806538815,6.849696366360857,3.269416308605158,0.2361711045064238,-0.08313732330254077,3.870418049670299,6.599519556472468,-0.2169119362203792,-0.10102662838711747,6.144860231210546,5.507318303039194,0.010656293173454824,-0.05405461139875389
210,5.043679890069194,2.6827791303622974,0.09378632393544775,-0.029210692619586427,6.512434782914175,8.999133902486331,0.1383046081563618,-0.000974239566032967,6.861504921586178,3.2652594424400307,0.23354331063948208,-0.08334954675616868,3.85957245285928,6.594468225053112,-0.2128486278884571,-0.10371695928146532,6.145393045869219,5.504615572469256,0.009716141379472933,-0.04720379744515785
211,5.048369206265967,2.681318595731318,0.09371048778128371,-0.030695460324228825,6.5193500133219935,8.99908519050803,0.13191329909977503,-0.004523375617361081,6.873182087118153,3.261091965102222,0.23039364841584126,-0.0833403439229822,3.848930021464857,6.589282377089039,-0.20832218878557698,-0.10607107049088564,6.145878852938193,5.502255382596998,0.008788885640073981,-0.04039227624912955
212,5.053054730655031,2.6797838227151067,0.09336997216071259,-0.032046831982884355,6.525945678276982,8.998859021727162,0.12539388147668173,-0.007953060684915903,6.884701769538944,3.256924947906073,0.2267441730255461,-0.08311484541608363,3.8385139120255785,6.583978823564495,-0.2033582862038549,-0.1080925057406883,6.146318297220196,5.500235768784542,0.007873093160199683,-0.03364071877504262
213,5.0577232292630665,2.6781814811159625,0.092773181444493,-0.03326559434164897,6.532215372350817,8.998461368692915,0.11876445365777946,-0.011256644975828305,6.896038978190222,3.2527692056352686,0.22261760303045436,-0.0826786561139404,3.8283459977153855,6.578574198277461,-0.1979830096953064,-0.10978553148944192,6.146711951878206,5.49855373284579,0.006967429295337971,-0.026969014831676914
214,5.062361888335291,2.67651820139888,0.09192902403551897,-0.03435284865642853,6.538153595033705,8.997898536444124,0.11204288154693826,-0.014428007370718051,6.907169858341745,3.2486352728295715,0.2180372476605969,-0.08203782993705962,3.81844684723062,6.573084921702988,-0.19222278754028688,-0.11115510807144258,6.1470603233429735,5.497205282104206,0.0060706595755793446,-0.020396229202230706
215,5.0669583395370665,2.6748005589660586,0.09084686919900443,-0.03530999881291679,6.543755739111052,8.997177136075589,0.10524676256331457,-0.017461561156680502,6.918071720724774,3.2445333813327184,0.2130269344434491,-0.08119884348862451,3.8088357078536057,6.567527166299416,-0.1861043051419003,-0.11220685985345014,6.1473638563217525,5.496185470644094,0.0051816512418853405,-0.013940562305764435
216,5.071500682997017,2.6730350590254126,0.08953650404611611,-0.036138739158089475,6.549018077239218,8.996304058017754,0.09839339133177746,-0.020352258222193678,6.928723067446946,3.2404734391582872,0.2076109373056272,-0.08016856869758066,3.7995304925965105,6.561916823306744,-0.17965442548535362,-0.11294704449238471,6.147622938883846,5.4954884425288055,0.0042993743822446395,-0.007619315298928792
217,5.075977508199323,2.6712281220675083,0.08800809081591149,-0.03684104205799553,6.553937746805807,8.995286445106645,0.09149972712833038,-0.023095591723604505,6.939103614312228,3.2364650107234083,0.20181390528776108,-0.07895424460694934,3.790547771322243,6.556269471082125,-0.1729001117897194,-0.11338252138239073,6.147837907602959,5.4951074767638595,0.0034229027438430343,-0.0014488595156158445
218,5.0803779127401185,2.6693860699646086,0.08627212458942571,-0.03741914519753853,6.558512733162224,8.994131665520465,0.08458236312054176,-0.025687597235530966,6.949194309576616,3.232517298493061,0.1956607920141861,-0.07756344845250722,3.7819027657327573,6.550600345013005,-0.16586835246847628,-0.11352071938099927,6.148009052740151,5.495035033788079,0.0025514142858505907,0.004555389866554927
219,5.084691518969589,2.6675151127047316,0.08433939155896002,-0.0378755386390577,6.5627418513182505,8.992847285658689,0.07765749743631346,-0.02812485240012219,6.958977349177325,3.2286391260704357,0.1891767860594721,-0.07600406617753194,3.7736093481093334,6.544924309043955,-0.15858608850450004,-0.11336960390505793,6.148136623454444,5.495262803281406,0.001684191526164439,0.010378996050521744
220,5.0889084885475375,2.6656213357727787,0.08222092796513068,-0.038212951657793,6.566624726190066,8.991441043038682,0.07074090608762688,-0.030404475092684406,6.9684361884802986,3.2248389227615593,0.18238724235353396,-0.07428426252822747,3.7656800436841085,6.539255828848702,-0.15108014333485228,-0.11293764348766742,6.148220833030752,5.495781753083932,0.0008206217246237404,0.016008518857036858
221,5.093019534945794,2.663710688189889,0.07992797980410586,-0.038434339373704274,6.570161771494448,8.989920819284048,0.06384791776922788,-0.03252412012373145,6.977555550597975,3.221124709635148,0.17531761476604057,-0.07241245087188469,3.758126036517366,6.533608946674319,-0.14337715533074105,-0.11223377588757907,6.148261864116983,5.496582179026784,-3.980306501487872e-05,0.02143152910005265
222,5.0970159339359995,2.661788971221204,0.07747196339773929,-0.03854286920056747,6.573354167382909,8.988294613277862,0.05699339054555764,-0.0344819745000868,6.986321431336277,3.217504087091554,0.16799339000899108,-0.07039726287599074,3.750957178750829,6.52799725787994,-0.13550351294838353,-0.11126737384238791,6.148259873963732,5.497653755481786,-0.0008974860515829653,0.026636619226995742
223,5.100889532105886,2.6598618277611754,0.07486442691003933,-0.03854190713474958,6.576203836910186,8.986570514552858,0.050191690432625585,-0.03627675127027051,6.994721100836727,3.2139842239477545,0.16044002299361693,-0.0682475181815656,3.74418200310341,6.522433889187821,-0.12748529261717487,-0.11004821055641974,6.148214999661153,5.498985586443136,-0.001752725857483008,0.03161341035119836
224,5.104632753451388,2.657934732404438,0.07211701288461794,-0.03843500390753027,6.578713421431817,8.984756676989344,0.04345667187497527,-0.0379076819820794,7.0027431019864075,3.2105718480386765,0.15268287377419348,-0.06597219419816762,3.737807738472551,6.516931478659999,-0.11934819942254035,-0.10858642501347748,6.148127363368279,5.500566256960696,-0.0026057167580796976,0.036352555803431066
225,5.108238604095619,2.6560129822090617,0.06924142186946049,-0.03822588102625736,6.580886255025566,8.98286129289024,0.03680166011143739,-0.039374507783025946,7.010377245675117,3.207273238328768,0.14474714620691823,-0.06358039614145455,3.7318403285014243,6.511502157409326,-0.11111751063211274,-0.10689248720360564,6.147997077530375,5.502383884750868,-0.0034565490105275955,0.04084574132855232
226,5.111700675189092,2.654101688157749,0.06624937718755079,-0.03791841673096343,6.582726338031137,8.980892567501089,0.030239435417024618,-0.040677469197164695,7.0176146029854625,3.2040942185216954,0.1366578284467771,-0.06108132742708634,3.7262844529698187,6.506157533049145,-0.10281802210542491,-0.1049771633517695,6.147824250079849,5.504426171817296,-0.004305209279320911,0.04508568205197031
227,5.115013144048469,2.6522057673212007,0.06315259090457376,-0.0375166318943051,6.5842383098019885,8.97885869404123,0.02378221920213065,-0.04181729461481465,7.024447494407801,3.201040152150341,0.12843963539933312,-0.05848426052726856,3.7211435518645475,6.500908674881557,-0.09447399761913318,-0.10285148123484988,6.147608989615883,5.506680455919894,-0.005151581171282543,0.049066116339090485
228,5.118170773593698,2.6503299357264853,0.059962731038092944,-0.03702467589379053,6.585427420762095,8.97676782931049,0.017441661944184516,-0.04279518753479456,7.0308694761777675,3.1981159391239777,0.12011695323770252,-0.055798508388504565,3.716419851983591,6.495766100819814,-0.08610912113188829,-0.10052669567164486,6.147351410557319,5.509133761736849,-0.005995445897340792,0.052781796669362314
229,5.121168910145602,2.6484787019317957,0.05669139004624724,-0.036446812486214154,6.586299503859304,8.97462806993375,0.011228832921115758,-0.04361281260202854,7.036875323839652,3.1953260137045527,0.11171378608771552,-0.05303339650127484,3.7121143959269967,6.490739766036232,-0.07774645200534734,-0.09801425426866373,6.147051638262452,5.511772851570317,-0.006836483082301775,0.056228477645081876
230,5.124003479647914,2.646656361307485,0.05335005462811092,-0.03578740571500506,6.58686094550536,8.97244742930365,0.005154211710444366,-0.04427228048675289,7.042461013144038,3.192674343879489,0.10325370497647676,-0.05019823570450208,3.708227073326729,6.485839053322799,-0.06940838319047309,-0.09532576350241465,6.146709814108337,5.514584275452571,-0.007674271746944988,0.059402901253871376
231,5.12667098237932,2.644866991021735,0.049950076862392945,-0.03505090588180344,6.587118656090882,8.970233815279311,-0.0007723185874401635,-0.04477613165505449,7.047623698392862,3.190164432094264,0.0947597991313358,-0.047302295799881135,3.7047566541672055,6.481072765147678,-0.061116602381199585,-0.09247295521664081,6.146326100520989,5.517554420515265,-0.008508291489181693,0.06230277950283372
232,5.12916848622244,2.6431144457276448,0.046502646706088474,-0.034241835613999856,6.58708004016151,8.967995008696558,-0.00654147644816554,-0.045127319084086015,7.052361688349429,3.18779931730427,0.08625462970773852,-0.04435478004352772,3.7017008240481455,6.476449117386846,-0.05289205613075974,-0.0894676536105645,6.14590068594653,5.520669559490407,-0.009337923892748403,0.06492677454184555
233,5.131493618557744,2.641402353946945,0.04301876587001404,-0.033364776060198706,6.586752966339102,8.965738642742354,-0.012144585395333397,-0.0453291899790128,7.056674419834816,3.1855815783020938,0.07776018601564341,-0.04136480057498857,3.6990562212416074,6.471975734706318,-0.04475491691947463,-0.086321742791667,6.145433789751893,5.523915898217499,-0.010162454192987502,0.06727447639335282
234,5.133644556851245,2.639734115143935,0.039509223083827996,-0.03242435324559818,6.5861457370693355,8.963472183243402,-0.017573575900593975,-0.04538546655252541,7.060562429135598,3.1835133382733445,0.06929784430523601,-0.03834135483650315,3.6968184753956335,6.467659647566734,-0.03672455315660269,-0.08304713496387578,6.144925667042243,5.527279622037167,-0.010981073229714464,0.06934637840640244
235,5.1356200180054365,2.6381128974816552,0.035984570759134374,-0.03142522461911463,6.585267058274305,8.961202909915777,-0.022820985770588796,-0.04530022593157215,7.06402732135086,3.1815962705315193,0.06088832916363729,-0.035293303028546205,3.694982247737803,6.46350729081854,-0.028819502092943074,-0.07965573931925615,6.144376613380758,5.530746940957487,-0.011792879717004622,0.07114385055349187
236,5.137419246543393,2.6365416362506995,0.0324551030555641,-0.03037206582372317,6.584126008985776,8.958937898619197,-0.027879959082742097,-0.045077879259782856,7.067071737809042,3.179831605380092,0.05255167756524837,-0.03222934664113387,3.693541272633156,6.459524503852577,-0.021057445615285934,-0.07615943169842253,6.143786969394908,5.534304133485161,-0.01259688285896576,0.07266911069014192
237,5.139042001696171,2.6350230329595132,0.028930835351295627,-0.029269557720943726,6.582732011031639,8.956684004656209,-0.03274424373461257,-0.044723150067829606,7.069699321687304,3.1782201380480353,0.04430720560936907,-0.029158008094157105,3.6924884003523917,6.4557165322676555,-0.013455188888507342,-0.07257002508189675,6.1431571252519594,5.537937589019668,-0.013392005339207307,0.07392519389887274
238,5.140488543463736,2.633559555073466,0.025421485116294933,-0.028122373699680903,6.581094798844908,8.954447847152817,-0.03740818767372632,-0.04424105198765131,7.0719146819677725,3.1767622376433273,0.03617347796982913,-0.026087611514119865,3.6918156409079663,6.45208803101356,-0.006028641806119756,-0.06889924097155528,6.1424875249849995,5.5416338487146115,-0.01417708670978548,0.07491592004145271
239,5.141759617719551,2.632153436388482,0.02193645418359781,-0.02693516729873581,6.5792243894612215,8.952235794553435,-0.04186673387648572,-0.04363686588999806,7.073723355866264,3.1754578570676215,0.028168280072627734,-0.023026264669106917,3.6915142088176602,6.448643068964983,0.0012071967945886065,-0.06515868171812395,6.1417786706495106,5.545379644716684,-0.014950887202906082,0.07564585964584337
240,5.142856440428731,2.630806678023545,0.018484812411205927,-0.02571256017125956,6.577131052767397,8.950053951258935,-0.04611541414587574,-0.04291611652807781,7.075131769869895,3.174306543834166,0.02030859300903317,-0.01998184207858149,3.6915745686573898,6.445385134879077,0.008238252201060437,-0.061359803847401986,6.1410311262893655,5.549161937698976,-0.01571209198561848,0.07612029825711587
241,5.143780681049291,2.629521050014982,0.015075282724602143,-0.02445913041822324,6.574825282060103,8.947908145432532,-0.05015034179827018,-0.04208454877314375,7.076147199520347,3.173307451730237,0.012610571183286446,-0.016961969309707697,3.6919864812674428,6.442317144686706,0.015051384229919803,-0.05751389243452675,6.140245521690084,5.552967952611832,-0.016459315874154022,0.07634519938469117
242,5.1445344451855215,2.6282980934940707,0.011716227527493966,-0.023179401316650847,6.572317764970189,8.945803917993874,-0.05396820330968104,-0.04114810353058923,7.076777728079511,3.1724593532647516,0.005089522686011261,-0.01397400846729636,3.692739050478939,6.4394414500649795,0.021634395023424447,-0.05363203657212845,6.139422555896377,5.556785212581066,-0.01719110852047283,0.07632716618147185
243,5.1451202565618965,2.6271391234282384,0.008415636466150424,-0.021877830466912475,6.569619354804705,8.943746512817345,-0.05756624899130995,-0.04011289342745562,7.077032204213812,3.1717606528413866,-0.0022401076233165233,-0.011025044880172004,3.69382077023011,6.436759848236373,0.02797603429744322,-0.049725105974671176,6.138563000470353,5.56060157089014,-0.01790596007901741,0.07607340199369497
244,5.145541038385204,2.6260452319048926,0.00518111553059592,-0.020558799381819357,6.566741042355139,8.941740868145972,-0.06094228276327448,-0.03898517836414662,7.076920198832647,3.171209400597378,-0.009364752348924456,-0.008121874982739934,3.6952195719449823,6.43427359293764,0.0340660021036602,-0.04580372875763288,6.137667702466402,5.564405240989824,-0.018602307356667718,0.07559166992354316
245,5.145800094161734,2.6250172919358015,0.00201987747395099,-0.019226603538613204,6.563693928216976,8.939791609227765,-0.06409465109392659,-0.03777134102452567,7.0764519612152,3.1708033068482413,-0.016271733137517504,-0.005270995386781185,3.6969228720501652,6.431983406499758,0.03989494917160878,-0.04187827042644561,6.136737587098568,5.568184824486002,-0.019278540443500906,0.07489025154960248
246,5.145901088035432,2.624055961758871,-0.0010612664706434408,-0.017885442913213628,6.56048919566228,8.937903042176538,-0.0670222311702934,-0.036477862439401654,7.0756383745583245,3.1705397570789025,-0.02294926964123316,-0.0024785931350054164,3.698917619508746,6.429889492978436,0.04545447489877637,-0.037958814106299574,6.135773660076393,5.571929337063482,-0.01993300981623601,0.07397790495304389
247,5.145848024711899,2.62316168961321,-0.004055913597823545,-0.016539413014291685,6.557138084103765,8.936079149054567,-0.06972441836289904,-0.035111297698635045,7.074490911076262,3.1704158274221523,-0.02938648590916065,0.0002494628753662623,3.7011903432536846,6.427991552273121,0.05073712305940779,-0.03405514204001428,6.134777009585581,5.575628232311134,-0.020564033900258575,0.07286382219982701
248,5.145645229032008,2.6223347189624957,-0.006958075486464914,-0.015192496432888811,6.55365186318562,8.934323584169636,-0.07220111304562339,-0.033678251906689896,7.073021586780804,3.170428300565921,-0.03557341425787225,0.0029076293137482727,3.703727199406655,6.4262887951711205,0.05573637530478804,-0.030176718377201893,6.133748807890568,5.579271423421125,-0.021169907069949114,0.07155758643117582
249,5.145297325257684,2.621575094140851,-0.00976218253029155,-0.013848554921410076,6.550041807533339,8.932639671574302,-0.07445270682837525,-0.03218535647538728,7.07124291606791,3.170573682031608,-0.041500996677122204,0.005490694699644893,3.7065140181718945,6.424779959252261,0.06044664252971959,-0.026332673273898335,6.132690312537071,5.582849302742684,-0.02174890806076782,0.07006912871596181
250,5.144809216131169,2.6208826663947806,-0.012463087269558321,-0.012511322013900362,6.546319172191921,8.931030403750533,-0.07648006825726704,-0.03063924584586738,7.0691678662340545,3.1708482167665903,-0.04716108383221532,0.007993784568604743,3.7095363502983805,6.423463325588566,0.06486325418164464,-0.02253178831772423,6.131602867134033,5.586352759178482,-0.022299308760267877,0.06840868481935869
251,5.144186061767692,2.6202571002940855,-0.015056066552089273,-0.011184396197574255,6.542495168779057,8.92949844145824,-0.07828452803373856,-0.02904653472933746,7.066809812042444,3.1712479059950205,-0.052546431729535076,0.010412365543291426,3.7127795130074626,6.42233673617268,0.06898244559041565,-0.0187824832894707,6.13048790169602,5.5897731934194494,-0.02281938333902089,0.06658675204212634
252,5.143433258440087,2.619697880484207,-0.017536822553223603,-0.009871234643623853,6.53858094237737,8.928046114721772,-0.07986786380075377,-0.02741379595307278,7.064182490455967,3.171768524272185,-0.05765069611634931,0.012742248334527358,3.7162286352869836,6.421397612008207,0.07280134339810802,-0.015092804267795915,6.129346932529069,5.593102531021556,-0.023307417676439783,0.06461404628407211
253,5.142556417312425,2.6192043187520255,-0.019901482685407642,-0.008575147503384933,6.534587549187333,8.926675424924118,-0.08123228454085184,-0.025747538994371075,7.061299955650149,3.1724056366889113,-0.06246842469028478,0.014979589699234516,3.719868702456889,6.420642971794817,0.07631794916951579,-0.011470413079479921,6.128181561645247,5.596333233335759,-0.02376171903078318,0.06250145948357069
254,5.141561343178155,2.6187755613768564,-0.022146598429278637,-0.0072992927740088065,6.53052593496029,8.9253880479744,-0.08238041462753369,-0.024054189280762445,7.058176534415635,3.173154616173873,-0.06699504719778185,0.01712089338409633,3.723684599915365,6.420069451140843,0.07953112126509244,-0.007922578093434711,6.126993475693708,5.599458306309938,-0.02418062589732087,0.06026001758246227
255,5.140454013256691,2.618410596738156,-0.024269143119115627,-0.006046671735874536,6.526406914228914,8.92418533851036,-0.08331527756826813,-0.022340068329789364,7.054826782055746,3.174010660843078,-0.07122686350441204,0.019163010085505895,3.7276611559786197,6.419673322236171,0.08244055505911244,-0.004456166352419589,6.1257844443988425,5.60247130718906,-0.024562517993834704,0.05790083916216825
256,5.139240556100735,2.6181082631513624,-0.026266508716489428,-0.004820124962090793,6.5222411503505,8.923068335093872,-0.08404027947436025,-0.02061137479614578,7.051265438880526,3.1749688113473535,-0.07516102972316852,0.021103136457952552,3.7317831837315754,6.41945051391855,0.08504676158675162,-0.0010776370321885181,6.124556318499151,5.605366349147169,-0.02490582630841493,0.055435094892462324
257,5.137927230664911,2.6178672569032577,-0.028136501606828415,-0.0036223288985871576,6.518039136376782,8.922037766354064,-0.08455919229008847,-0.01887416648795713,7.047507387394367,3.1760239681702513,-0.07879554248972791,0.022938813204437466,3.736035521810913,6.41939663206694,0.08735104470463097,0.0022069637863835435,6.12331102718373,5.608138103891792,-0.02520904314097642,0.052873967929021506
258,5.1365204055845695,2.6176861404583285,-0.02987733745443462,-0.0024557930114868136,6.513811176762277,8.921094058029666,-0.0848761368109263,-0.01713434340756532,7.04356761026988,3.1771709088304734,-0.08212922147623605,0.02466792228380332,3.7404030740461445,6.419506980256259,0.08935547685015144,0.005392007050761909,6.122050575026681,5.610781802288243,-0.02547073206713794,0.050228615389688966
259,5.135026538711847,2.617563350807754,-0.03148763515223643,-0.0013228574966934335,6.509567369921731,8.920237340859288,-0.08499556551835426,-0.015397631865426514,7.039461149196068,3.1784043049446637,-0.08516169023739649,0.026288683271017774,3.744870847888652,6.419776580608797,0.09106287348567914,0.008472283398392073,6.120777038423324,5.613293233057727,-0.025689537751144145,0.047510131032351445
260,5.1334521569542355,2.6174972079329195,-0.032966409903255216,-0.00022569154492014794,6.505317591645813,8.919467459266016,-0.08492224525676098,-0.013669569708711526,7.0352030646841985,3.1797187391082145,-0.0878933554845435,0.027799648907468586,3.749423991562936,6.420200194778717,0.09247676631432886,0.011443004573022206,6.119492561535767,5.615668739609345,-0.025864195533415596,0.044729509249531854
261,5.131803836459072,2.6174859233556735,-0.034313065471396294,0.0008337078462565437,6.501071479382975,8.918783980780582,-0.08466123977624836,-0.011955492699003766,7.030808396909971,3.181108721553588,-0.09032538488496873,0.029199699879213593,3.7540478298786524,6.420772345007368,0.09360137535474491,0.014299803625986263,6.118199351759096,5.617905215071821,-0.025993540718120246,0.04189761048629667
