step,agent_0_x,agent_1_x,agent_2_x,agent_3_x,agent_4_x,agent_0_y,agent_1_y,agent_2_y,agent_3_y,agent_4_y,agent_0_vx,agent_1_vx,agent_2_vx,agent_3_vx,agent_4_vx,agent_0_vy,agent_1_vy,agent_2_vy,agent_3_vy,agent_4_vy
0,2.7715461560480072,7.97213761303808,0.012015746601827929,0.02558327238137645,7.124214859366168,5.142659721413465,-0.1609598495271334,-0.0619327348285578,4.536172838635644,2.263090238631093,0.08879246960036626,-0.014583842000019373,6.031802208985241,5.635189768279393,-0.07002124101250373,-0.17025426473934785,3.6154957744278917,2.1602733631633826,-0.0003161416396197103,0.1449065634489144
1,2.7721469433780985,7.973416776657149,0.11201574660182793,-0.07441672761862356,7.116166866889811,5.139563084672037,-0.2609598495271334,-0.03452816424902899,4.5406124621156625,2.262361046531092,0.06569189826600422,0.037432475844371496,6.028301146934616,5.626677055042426,-0.17002124101250374,-0.2702542647393479,3.6154799673459106,2.1675186913358284,0.0950395061627332,0.16036491929293523
2,2.77774773070819,7.9696959402762175,0.21201574660182793,-0.17441672761862356,7.103118874413455,5.137836676459586,-0.36095984952713345,-0.01813690928753836,4.543897057028962,2.264232670323311,0.04710876891963352,0.08921926216219682,6.019800084883991,5.613164341805458,-0.27002124101250374,-0.37025426473934786,3.6202319426540472,2.175536937300475,0.16865459820184148,0.18287241249085318
3,2.7883485180382817,7.9609751038952865,0.31201574660182796,-0.27234795768683034,7.085070881937098,5.136929830995209,-0.4609598495271334,-0.009533034693565201,4.546252495474944,2.268693633431421,0.032470659414456975,0.14048650459383744,6.006299022833367,5.59465162856849,-0.3700212410125038,-0.47025426473934784,3.628664672564139,2.184680557925018,0.23055132171067633,0.20717755793333897
4,2.803949305368373,7.947357706010945,0.41055015779376824,-0.3673743255895861,7.062022889460742,5.13645317926053,-0.5552482523229251,-0.0018834781461618648,4.547876028445667,2.275717958661113,0.021687022844480167,0.19087829784487503,5.987797960782741,5.571138915331523,-0.47002124101250375,-0.5702542647393478,3.640192238649673,2.195039435821685,0.27323458930406014,0.2307548874497498
5,2.8244768132580615,7.928988989731466,0.5060227379882415,-0.4594296820921191,7.0342604768445955,5.136359005353222,-0.6412028528955112,0.009667299259338548,4.548960379587891,2.2852618735533565,0.013921991983579287,0.2406549473199727,5.964296898732115,5.542626202094556,-0.5700212410125037,-0.6702542647393478,3.6538539681148756,2.2065771801941723,0.2954790621057455,0.25377974896431815
6,2.8497779501574736,7.90601750562686,0.5981706307017882,-0.5482443996233233,7.00220033419982,5.136842370316189,-0.7162225641515384,0.021489024478826693,4.54965647918707,2.297294620919355,0.008770780140684734,0.2887643297109487,5.93579583668149,5.509113488857588,-0.6700212410125037,-0.7702542647393478,3.6686279212201627,2.219266167642388,0.3032774432555143,0.27504689781666647
7,2.879686481692563,7.878605285645694,0.6869647429072936,-0.633362377480913,6.966389205992243,5.13791682154013,-0.7948697783258091,0.04853315981093424,4.550095018194105,2.3117328374049024,0.00627846891634334,0.33351170019243975,5.902294774630865,5.470600775620621,-0.7700212410125037,-0.8702542647393477,3.6837917933829383,2.2330185125332216,0.3010556156739895,0.2913928905010308
8,2.914034718837928,7.8469371667716485,0.7721537933433135,-0.7149066396517045,6.926645717075953,5.140343479530676,-0.8877941884305607,0.10153064163390177,4.550408941639922,2.3284084224145243,0.006865841025637278,0.3750971664581182,5.8637937125802395,5.427088062383654,-0.8700212410125037,-0.9702542647393477,3.6988445741666376,2.247588157058273,0.28874709708544655,0.29778949781061065
9,2.9526424085050937,7.811191834789064,0.8537920818412383,-0.7928590305608995,6.882256007654425,5.145420011612371,-0.9877941884305607,0.16869447262946147,4.550752233691203,2.3471632807374303,0.00875261972300876,0.41432333485220696,5.820292650529614,5.378575349146686,-0.9700212410125036,-1.0702542647393478,3.71328192902091,2.2624776319488036,0.2746036256656353,0.30301839462221514
10,2.9953320125971556,7.771548883261019,0.9319172070109923,-0.8665477343363054,6.832866298232896,5.153854735243844,-1.0877941884305606,0.24134461911383648,4.551189864677354,2.367879447480041,0.011932567382382044,0.450731130400646,5.771791588478989,5.325062635909719,-1.009400891390591,-1.1095538925441526,3.7270121103041918,2.277628551679914,0.2635153452858631,0.31205185777247796
11,3.041927872947705,7.7282214965442035,1.0071227536285003,-0.9349024959367997,6.778476588811368,5.165921966199536,-1.1877941884305607,0.3182295802420714,4.551786493046473,2.3904160040000733,0.01624599272959102,0.48429050640200405,5.72132154390946,5.269584941282511,-1.0101995541052784,-1.1088267948085926,3.740187877568485,2.293231144568538,0.2555723304853146,0.3242073257893408
12,3.0922840106291303,7.6814763717473635,1.0801871166312775,-0.997537762717653,6.71908687938984,5.18183344521164,-1.2877941884305608,0.39946559103194257,4.552598792682953,2.4146305293201733,0.02179271417312492,0.5148281772527579,5.670811566204196,5.214143601542081,-1.0121841278400159,-1.1070154883057177,3.752966494092751,2.3094415108580053,0.25033997958454535,0.3386846711367453
13,3.1462933664606942,7.631599483611481,1.1067599971497852,-1.0124634851237884,6.654697169968312,5.201806724763237,-1.387794188430561,0.48150916131201765,4.553688428391609,2.4403719381828113,0.02706513392381538,0.5435244520101431,5.620202359812195,5.1587928271267955,-1.0156019467605724,-1.1038807389098406,3.765483493071978,2.3263757444148427,0.24800658402892992,0.3537607272595251
14,3.2016313663181837,7.580976309355291,1.1119110092877111,-1.0068038078120203,6.585307460546784,5.225882182828839,-1.4028212754510538,0.5311237794920113,4.555041685087799,2.4675481607833185,0.010253859931753765,0.5654370893630866,5.569422262474166,5.103598790181303,-1.0396728246302278,-1.0812402220253385,3.7778838222734246,2.344063780777819,0.25133330514583035,0.36563179618419056
15,3.257226916782569,7.53063611896469,1.1165235511591216,-1.0016861582886247,6.515166396774231,5.252438371803439,-1.3879890120230831,0.5687587383972097,4.555554378084387,2.4958200152514727,-0.00545301896877419,0.5833990235719565,5.517438621242655,5.049536779080037,-1.0617015530151253,-1.0596177670864484,3.790450487530716,2.3623453705870285,0.2540795008644764,0.3707274222254837
16,3.313053094340525,7.480551811050259,1.120567678168659,-0.997160006540425,6.445766946173077,5.2808763087232995,-1.3719987006437326,0.6063163905354279,4.555281727135948,2.5249899664300703,-0.0204928816611303,0.5974093844089392,5.464353543591899,4.996555890725714,-1.0837252568347688,-1.0370822376737605,3.8031544625739397,2.380881741698303,0.2582599035457079,0.36620903736651783
17,3.369081478248958,7.430693810723238,1.1239999712903421,-0.993289516978464,6.37716701114089,5.311192128250071,-1.3545006776440878,0.6444593969069786,4.5542570830528915,2.554860435650517,-0.035872787361813895,0.6033833787683133,5.41016728075016,4.944701778842027,-1.105944743281114,-1.0133539484350327,3.8160674577512252,2.3991921935666287,0.26464260285648744,0.3518117023140276
18,3.4252814768134754,7.381029334874315,1.1273495998488283,-0.9894861695449244,6.309441977258686,5.34341509809542,-1.3366938070351435,0.6806244678483835,4.5524634436848,2.5850296045889327,-0.050896616404725425,0.6035695126536037,5.3548700435861045,4.894034081420275,-1.127565386537634,-0.9892402635771737,3.8292995878940497,2.41678277868233,0.2727779529050295,0.3275592056542719
19,3.481648956805917,7.331555026397068,1.1308521527717943,-0.9854813080781384,6.242607286906929,5.377446321487839,-1.3198645305021361,0.7127114571286022,4.549918612864564,2.615208080221613,-0.06553021085806024,0.5964684454980042,5.298491774259223,4.844572068241416,-1.162795861459105,-0.9475789067795769,3.842938485539301,2.433160738965044,0.21337815141233846,0.24874705946744324
20,3.5381915644445066,7.282280960993162,1.1330679192200321,-0.9829329023053336,6.176614060381822,5.413081894344269,-1.3045327750490328,0.7404014038498777,4.546642102321662,2.645031502496513,-0.08252919328756464,0.5843873759987499,5.240351981186268,4.797193122902438,-1.2184799551373127,-0.8748180376104349,3.8536073931099177,2.445598091938416,0.16655166363272114,0.1679604796201074
21,3.594844960405508,7.233134315877895,1.1330911164158102,-0.982906161288845,6.11138742162937,5.4501019645367625,-1.2914580739895125,0.7629784027921751,4.542515642657284,2.674250871296451,-0.10069295031376016,0.5694311982276584,5.179427983429402,4.753452221021916,-1.258138445436348,-0.8167543401262151,3.8619349762915536,2.4539961159194212,0.12686233138594075,0.08379308259786009
22,3.651499516226299,7.1839890078134525,1.1370308152694197,-0.9783460150313688,6.046814517929895,5.488250884676371,-1.280261619111015,0.7816202317182189,4.537480995141595,2.7027224312078335,-0.11818106037922037,0.5595285533251907,5.116521061157585,4.712614504015605,-1.286719880100332,-0.7709422482615592,3.8682780928608507,2.4581857700493144,0.09850843166860981,-0.012000480529657617
23,3.7083510569897697,7.135071707061884,1.121247538115451,-0.9786536341141102,5.982801436974344,5.527331896262282,-1.2949966736872989,0.756956811937664,4.531571942122635,2.730698858874093,-0.13492305291242732,0.5536473235371258,5.0521850671525685,4.674067391602526,-1.3093452825112746,-0.731857179486183,3.873203514444281,2.4575857460228314,0.08539838557991429,-0.11200048052965762
24,3.7644134338955424,7.086139025356178,1.0965021050829382,-0.9688033965955613,5.918051603289979,5.565179736859165,-1.3091860953285612,0.7321419041404171,4.524825789477013,2.7583812250509494,-0.1505424843484892,0.5494431091728356,4.9867178030270045,4.637474532628217,-1.3122373624066814,-0.7266588640510458,3.877473433723277,2.4519857219963486,0.08414906738254471,-0.21200048052965764
25,3.8192385391496892,7.0376988555264,1.0637532568830939,-0.9489872423539993,5.852592298523551,5.601786832066186,-1.3229321918985606,0.7070010011580394,4.517298665259589,2.7858533805095913,-0.16613101375646724,0.545628055396929,4.92110593490667,4.601141589425665,-1.3221656297839444,-0.7084335165829087,3.881680887092404,2.441385697969866,0.10207115439626618,-0.3120004805296577
26,3.872426201993844,6.9902494934087,1.0282892561811896,-0.9212398258577225,5.786445688928623,5.637136882124088,-1.3363808876579641,0.6812386682378735,4.5089921145717655,2.8131347832794376,-0.18308094007320538,0.5385731281968501,4.854997653417473,4.56571991359652,-1.3368225474669497,-0.6803715724396303,3.8867844448122177,2.4257856739433827,0.1424826386377518,-0.41200048052965765
27,3.923840664802903,6.944187502115814,0.9773814535994025,-0.8789536622892258,5.719626644545725,5.671198815535982,-1.348962406733187,0.6559728845162791,4.499838067568105,2.84006343968928,-0.2012645841891302,0.528034440639868,4.7881565260441254,4.531701334974539,-1.3485787134551468,-0.6567613368763882,3.8939085767441055,2.4051856499168998,0.21521673230382846,-0.5120004805296576
28,3.9727097374828735,6.900239819001353,0.9111302710432502,-0.8231399563680527,5.652178524209066,5.703997459761796,-1.3623810618306715,0.6265216275258464,4.489774838358649,2.866465161721273,-0.22186104518718852,0.5144438753160384,4.720727590371368,4.4988632681307195,-1.350716379916985,-0.6523536318776455,3.9046694133592967,2.379585625890417,0.31089053181859894,-0.6120004805296576
29,4.018266251035036,6.85908282118295,0.8399553216356727,-0.761438110245311,5.584059471117532,5.735323541138088,-1.3677493113215287,0.5862943931622905,4.47868178609929,2.892187355487075,-0.24583773923463953,0.4953036407264617,4.653191771375519,4.466245586536838,-1.3513034586613395,-0.6511366696860972,3.9202139399502265,2.348985601863934,0.4108905318185989,-0.6871763857573188
30,4.06026401711682,6.821010915670684,0.7690704561132881,-0.6816006330381272,5.515672005551456,5.764638260796203,-1.3693726605857928,0.5398711516662044,4.466389899137558,2.9169525375233984,-0.27084713292665613,0.4749980638059524,4.585626598442452,4.433688753052532,-1.3457554405516887,-0.6625272026306018,3.9407584665411566,2.314626782576068,0.5108905318185989,-0.7355957003801978
31,4.098717539922484,6.786930884018778,0.6983129895586463,-0.6131126669774888,5.447203372522166,5.791631818379513,-1.3701688642735799,0.4930521323485774,4.452847542491225,2.940702440713696,-0.29551547927208077,0.4516520465048698,4.518338826414867,4.400562392921002,-1.3438395819666784,-0.666404665304515,3.9663029931320866,2.277846997557058,0.6108905318185989,-0.7312424136817373
32,4.133633189400417,6.756275250669904,0.6199966884512397,-0.5494619695077775,5.378694929308487,5.816284424996942,-1.3697810574556906,0.44825552247003736,4.438071768527621,2.9632850430389395,-0.3149551944190992,0.4365330690773872,4.451146847316533,4.367242159655777,-1.3451484574279737,-0.6637587117915236,3.9968475197230164,2.2412848768729714,0.7108905318185988,-0.6936846806228079
33,4.1646330238229785,6.728802152194515,0.5314305759329291,-0.49133295096262675,5.3102058764357025,5.838697201120444,-1.3690200659568625,0.40640137932733716,4.422324008806666,2.985111696492809,-0.32716460538454184,0.428036685499802,4.383889424445134,4.3340542240662,-1.3505289474021591,-0.6527415738474274,4.032392046313946,2.206600642841831,0.8108905318185988,-0.6355904413878836
34,4.191204552619625,6.704235504646383,0.443705830659339,-0.4407305625806687,5.241754873137859,5.85901727008681,-1.3829624432261305,0.3780863120360774,4.405965778537439,3.006513530767799,-0.3563297958428396,0.3822611766191868,4.316362977075026,4.301417145373829,-1.3628183692987632,-0.6266786196303972,4.072936572904876,2.174821120772437,0.9108905318185988,-0.5662935330092825
35,4.213389844152592,6.682198976517349,0.36258550056404787,-0.3963167456518052,5.172606750976553,5.877921585688615,-1.3961821380193549,0.35086843512491406,4.388149288745297,3.025626589598758,-0.3861448795849813,0.33831051758255043,4.248222058610088,4.27008321439231,-1.3735394385317878,-0.6028178919025061,4.118481099495805,2.146506444121973,1.0108905318185988,-0.4984032704055228
36,4.231519119180794,6.662383139234759,0.28079643615669925,-0.3595577207933305,5.102797644075586,5.8954650074448605,-1.4060893166001158,0.32375842473940075,4.3688420447660485,3.0425421154778856,-0.41610964251108296,0.2965210275980381,4.179545086683499,4.239942319797184,-1.3784749195585566,-0.5773245055146811,4.169025626086736,2.1215862806016967,1.1108905318185989,-0.4353666617095389
37,4.245558940988628,6.644405253195092,0.20551172265000062,-0.32804898299082497,5.03249317824558,5.91165292868183,-1.407876250811966,0.2958633556170863,4.348036562640495,3.0573681668577875,-0.4351022393757833,0.2664918439718632,4.1106213407055705,4.2110760945214505,-1.3818981651822644,-0.5549692351289389,4.224570152677666,2.09981794751622,1.210890531818599,-0.3801305605590262
38,4.255834527121128,6.628002804045551,0.14158168205208496,-0.3004366485010026,4.962099365704981,5.926446096462684,-1.4042790974612551,0.26706956766084855,4.326281450671705,3.0706927590563806,-0.4399248977506889,0.25098947009767575,4.0415264324464575,4.183327632765003,-1.3904753912846166,-0.5329796034761068,4.285114679268596,2.0808114194882688,1.310890531818599,-0.335574357074491
39,4.262913611223732,6.612980971620502,0.08664357432312683,-0.27779811300142987,4.891885410831918,5.939799574845726,-1.402810729959162,0.23135600231126968,4.30428520578417,3.0832422325612643,-0.4460862883681787,0.24092407843793912,3.9720026628822267,4.156678652591198,-1.4049817894260008,-0.4942851651378271,4.350659205859526,2.0640327016345443,1.4108905318185991,-0.3044728769481101
40,4.267245789939889,6.5990910659704305,0.0416691637892218,-0.25971050537928325,4.82174487433396,5.95136737496129,-1.4067635837133248,0.1883950485988063,4.2819808913657615,3.095288436483161,-0.452611000215484,0.22885271555508657,3.9017535734109265,4.1319643943343065,-1.4317446734475692,-0.44733342157110717,4.421203732450456,2.048809057787139,1.475847916797604,-0.2680912652142403
41,4.26932924812935,6.586105540701467,0.0043658114332647685,-0.24585016645296795,4.751406695148294,5.96078712739123,-1.4155059981282074,0.12961806199983777,4.259350341354987,3.1067310722609154,-0.4605375209207071,0.2149752298625855,3.830166339738548,4.109597723255751,-1.447785302921848,-0.39232348469533707,4.494996128290336,2.035404494526427,1.4834049805095435,-0.2225076713272624
42,4.269547538701013,6.573813032378818,-0.021127434883645022,-0.239147021396005,4.680631395241884,5.967268030491222,-1.4427856671746093,0.068273027162115,4.236323465308952,3.117479833754045,-0.4693577775115503,0.19988852835024876,3.7577770745924557,4.089981549020984,-1.4583557862252352,-0.3509962973926876,4.569166377315813,2.024279110960064,1.489371433832458,-0.17824907316406577
43,4.268491166956831,6.561855681309018,-0.032909116957715,-0.23720523264064772,4.608492111883153,5.970681681849327,-1.4960908877785521,0.015630794982473273,4.212855576433374,3.127474260171557,-0.4788329952711595,0.18591370827282946,3.684859285281194,4.072431734151349,-1.4645141375636788,-0.3243429371454146,4.643634949007436,2.0153666573018607,1.4933755542343148,-0.1408170941872932
44,4.266845711108945,6.549995419676986,-0.02456221512370392,-0.2459056578184603,4.533687567494225,5.971463221598451,-1.4998933492852842,-0.017886888208192495,4.188913926669816,3.1367699455851987,-0.48857774672455917,0.17205585784043353,3.6116335784030102,4.056214587294079,-1.4667037785888999,-0.3142928982224114,4.718303726719151,2.008325802592496,1.4960367168016628,-0.10896853665760858
45,4.26561760035276,6.5377001367860625,-0.002666962955525362,-0.26839252482905374,4.458692900029961,5.970568877188041,-1.499534189209144,-0.037379344468225065,4.164485039333588,3.1453727384772203,-0.4981094220036996,0.15846405124987645,3.538298389473565,4.040499942382958,-1.4680049280283454,-0.30815828933275985,4.7931055625592345,2.0028773757596157,1.4975963207751526,-0.08488380293510814
46,4.265484252204984,6.52428051054461,0.01698909022993759,-0.2971703208590983,4.383716190569504,5.96869990996463,-1.4995171164152465,-0.038058081634579556,4.139579568233403,3.153295941039714,-0.5058183723444475,0.14535059428538366,3.4648981430721477,4.02509202791632,-1.4668632077288444,-0.3135479705108055,4.867985378597992,1.9986331856128603,1.4985522980254466,-0.06588634215566024
47,4.26633370671648,6.509421994501655,0.03165197440571503,-0.328279674759054,4.308740334748742,5.966797005882901,-1.4995493738965795,-0.036765136289378345,4.114288649616181,3.160563470753983,-0.5169002184028162,0.1303994054230599,3.3915549826857054,4.00941462939078,-1.4636048247300024,-0.3284218583271515,4.942912993499265,1.9953388685050772,1.4991869337334984,-0.04938155245383
48,4.267916305436766,6.4930080107637025,0.04184128114170746,-0.3608323759938715,4.233762866053913,5.964958749068432,-1.4995908001608638,-0.035034726670831705,4.08844363869604,3.1670834410251363,-0.5301849448437227,0.11379229820097966,3.3183747414492055,3.9929935364744225,-1.4602777356500494,-0.3429124301695188,5.0178723401859395,1.9928697908823858,1.4996185087392906,-0.033827921108847275
49,4.270008369493851,6.474966391964009,0.04561029703504757,-0.3947900898362635,4.158783326045869,5.963207012734891,-1.4999137577081965,-0.016084757930332587,4.061934391453854,3.172773055935185,-0.5426648744697107,0.09674761391009373,3.245360854666703,3.9758479149659465,-1.4590474105337758,-0.34811011736903535,5.092853265622904,1.9911783948269435,1.4998514626654864,-0.021109001402271073
50,4.2722888843456035,6.455226887472196,0.048190767999360125,-0.4277112014199732,4.08378763816046,5.962402774838375,-1.499974688799026,0.00871395216105974,4.034801147730368,3.17761043663069,-0.5530719527358545,0.08005785888756795,3.172408484140014,3.958442409097495,-1.4582151119146727,-0.35158027160760674,5.167845838756178,1.9901229447568298,1.499972734967715,-0.009044023080088944
51,4.274698422745572,6.433841327401197,0.05335220203883366,-0.4588184900189875,4.008788903720508,5.962838472446427,-1.4995673589863958,0.036024101134739125,4.007147550093576,3.181613329575068,-0.5602589034790529,0.0646834144624619,3.0994977285442804,3.9408633955171144,-1.456180308557832,-0.3599151413436467,5.242844475504564,1.9896707436028254,1.499995986103467,0.003470111451767852
52,4.277366032847514,6.410900402900247,0.059297718789050144,-0.4884758479501246,3.9338105357711886,5.964639677503165,-1.4986407723230275,0.06384227072277128,3.979134604919623,3.1848475002981913,-0.5593266812468304,0.05027843213404698,3.0266887131163887,3.922867638449932,-1.4534638753313964,-0.37073273811013696,5.317844274809737,1.9898442491754138,1.4999553994151218,0.011567184852962275
53,4.280330918786967,6.386476610502741,0.06398412020094113,-0.5167808480168818,3.8588784971550374,5.967831791039303,-1.497163384176599,0.09220521178802124,3.9511682708572815,3.187361421904894,-0.552574553837849,0.03692467606390996,2.9540155193498188,3.9043310015444255,-1.451091141783911,-0.37991380369271316,5.392842044780493,1.9904226084180618,1.4999160757193852,0.01586712949968402
54,4.2835301247970134,6.360637568101897,0.06864094578809457,-0.5435863501931666,3.7840203279462075,5.972442051628704,-1.4952046844239129,0.11984553256916557,3.923539543165389,3.1892076557080893,-0.5386277315521969,0.02604844442333264,2.8814609622606233,3.88533531135979,-1.4288064850208342,-0.3681878586670307,5.467837848566463,1.991215964893046,1.4994608396121303,0.04021430677862828
55,4.286962172086418,6.333458250592239,0.07229152725226598,-0.5692942209149836,3.7092600937250118,5.978434328257162,-1.4928959028577964,0.14581434507758317,3.8966081565877793,3.190510077929256,-0.5190124851966633,0.01738293117608113,2.810020638009582,3.866925918426438,-1.4016435933944762,-0.36020090108717956,5.542810890547069,1.9932266802319776,1.4986398829357008,0.06386314488395625
56,4.290576748449031,6.30499353954649,0.07712987282461839,-0.593172814657831,3.634615298582122,5.985725045511041,-1.4902873547639826,0.17042183026411817,3.870657532327946,3.19137922448806,-0.4956937072182431,0.00964817723955197,2.739938458339858,3.8489158733720794,-1.3679649932024063,-0.3579595021342782,5.617742884693854,1.9964198374761755,1.4974785758491975,0.08693626902886366
57,4.294433242090262,6.275334898813599,0.0866652331609221,-0.6135377578045367,3.5601009308439227,5.994246137024247,-1.4874884065562672,0.1933345296647689,3.8458728469670342,3.1918616333500376,-0.4687503454590573,0.003105203274145551,2.6715402086797377,3.8310178982653653,-1.3272628200885834,-0.35941410385052835,5.692616813486314,2.0007666509276185,1.4960159441945464,0.10925335105020699
58,4.2987665037483085,6.244658010923372,0.10313676365799623,-0.6286630309726237,3.4857265105161095,6.003912863507485,-1.4845749647838498,0.2145627505813417,3.8224353296940814,3.192016893513745,-0.4367228326702847,-0.0016727806744428206,2.6051770676753088,3.8130471930728387,-1.2849756760236801,-0.3607138065060524,5.767417610696041,2.0062293184801288,1.4942436246785231,0.131285909783146
59,4.303923341931208,6.213224859374741,0.12661853500790315,-0.6388377636279104,3.411497762276917,6.014641001036551,-1.4815890569426253,0.23429440101688595,3.800599188060567,3.191933254480023,-0.4014909175539746,-0.0045327819627972174,2.5409282838741247,3.795011502747536,-1.2427909029361786,-0.36231134304757395,5.842129791929968,2.012793613969286,1.4920563125330928,0.1541686097431957
60,4.310254268681603,6.181282971193345,0.148805623437831,-0.6452231406773565,3.337418309429786,6.026355721087396,-1.478653819357919,0.2521564643197521,3.7805246421828684,3.191706615381883,-0.36365678285606046,-0.0064985738811345626,2.478788738727316,3.7768959355951575,-1.2016085369226517,-0.371346144322112,5.9167326075566224,2.0205020444564457,1.4907751401180678,0.16610081759568507
61,4.317694549853495,6.149021814159477,0.16794240095801075,-0.6501101128365038,3.26348561846189,6.038963544303384,-1.4757997777173517,0.2683561366718029,3.7623418030400653,3.1913816866878264,-0.32597483967788354,-0.01038981356893497,2.418708311881183,3.758328628379052,-1.1644383502838196,-0.39404330247993746,5.991271364562526,2.02880708533623,1.4896134869888404,0.17621481033371822
62,4.326091669901396,6.116516308517652,0.18610036590285023,-0.6556959401424167,3.1896956295760224,6.052381351136973,-1.4729882686828217,0.283382357112759,3.746043061056171,3.1908621960093795,-0.2878132221604122,-0.014473071855053476,2.3604863943669923,3.738626463255055,-1.1226446700927795,-0.4128972350990323,6.065752038911969,2.037617825852916,1.488463132946295,0.1856811833754306
63,4.335396688196538,6.083731511510531,0.19849502959437093,-0.6597245029713151,3.116046216141881,6.066550468992611,-1.4702245531254816,0.2973882367999414,3.7316523999481506,3.190138542416627,-0.24844538842685357,-0.017186856616780332,2.3043541608623532,3.7179816015001035,-1.0774620188114226,-0.42958091193790715,6.140175195559284,2.0469018850216876,1.487366942950808,0.19426676766026607
64,4.3453214396762565,6.050745286361965,0.2106760449070426,-0.6626954780499575,3.042534988485607,6.081419880832608,-1.4675526929845002,0.3103048393337458,3.719230130526808,3.189279199585788,-0.20887780760772362,-0.01983822115932422,2.250481059921782,3.696502555903208,-1.028385291778761,-0.4432559489643125,6.214543542706824,2.056615223404701,1.4863516448536722,0.20188805769728657
65,4.355855241921609,6.017610512459467,0.22268680104202945,-0.6648180776815055,2.969157353836382,6.096935122799295,-1.4649747709712075,0.3222559858526415,3.7087862401464218,3.1882872885278215,-0.16944421504981652,-0.021950346950933508,2.199061795332844,3.6743397584549924,-0.9784145367977201,-0.4556315734421758,6.288861124949508,2.066709626289565,1.4854516721892819,0.20840664478386073
66,4.36698958197371,5.984369608575392,0.23469597020334917,-0.6663159145581661,2.8959086152878215,6.113047922091927,-1.461545203217018,0.3374694341022981,3.700314029393931,3.187189771180275,-0.12991363679416312,-0.008731279496595433,2.150141068492958,3.6515581797828838,-0.9284626139041959,-0.467524282578185,6.363133708558973,2.077129958528758,1.484561280514571,0.2146574116981217
67,4.378724380483878,5.9510538128474835,0.24613633074946123,-0.6680388538706241,2.822831355126971,6.1299213937970425,-1.457571961942247,0.35423717444648395,3.693818347554223,3.186753207205445,-0.09017305051334037,0.0031458169477729305,2.1037179377977484,3.6281819656539747,-0.8792608422872602,-0.4805186971461324,6.437361772584701,2.087862829113664,1.4836319168251966,0.22098944630364814
68,4.391031197021351,5.917651870153953,0.2568347714204283,-0.6704503268542824,2.7499527570298583,6.147633252519367,-1.4533746400550815,0.37108241085338767,3.6893096950285558,3.1869104980528338,-0.050017222514225385,0.013145100350931119,2.0597548956833855,3.604156030796668,-0.8269279462930738,-0.48821186119671145,6.511543368425961,2.098912301428846,1.4828842634413442,0.2259519002753067
69,4.403872935592372,5.884129353811239,0.26677621820158676,-0.6735519920083819,2.677284025027104,6.166187373062036,-1.4493144278894512,0.386636378411903,3.6868088339028446,3.1875677530703803,-0.016685238232685466,0.019458491380765865,2.018408498368732,3.5797454377368325,-0.7719703836080609,-0.4932504675721673,6.5856875815980285,2.1102098964426115,1.4820407385028234,0.23142007133782955
70,4.417211746502452,5.85045175421082,0.27593137391991335,-0.677340767213994,2.604818303632632,6.185519191982632,-1.4454598075925573,0.40080661750336294,3.6859745719912103,3.1885406776394185,0.01412979687206612,0.02850543188627047,1.979809979188329,3.5550829143582243,-0.715580777609068,-0.4994047086125163,6.6597896185231695,2.121780900009503,1.481367568545164,0.23569074411734853
71,4.431008315198447,5.81658471585012,0.28463367440886217,-0.68164887545436,2.532545313253004,6.2055595228578,-1.44180819531454,0.41375007906202116,3.6866810618348134,3.189965949233732,0.04333044911377297,0.03862408774669451,1.9440309403078757,3.5301126789275985,-0.6569675607320844,-0.5063938784783629,6.7338579969504275,2.1335654372153705,1.4808595809320824,0.23886167872150912
72,4.445239998918891,5.782502272077402,0.29334806420988757,-0.6853976365718184,2.460454903487277,6.226247026810901,-1.4385533973892453,0.42492837379946846,3.688847584290502,3.1918971536210665,0.07146018172256814,0.0486349016683845,1.9111825622712715,3.5047929850036805,-0.5958332402345716,-0.5134101274793891,6.807900975997032,2.145508521151446,1.480477846785757,0.24121638662538808
73,4.459907402129385,5.748232390248812,0.30228292414135655,-0.6870290061998305,2.3885272336178147,6.247493445500874,-1.4350739023417476,0.43653510147252633,3.6924205933766308,3.1943288987044856,0.09869598175041544,0.05886757823403163,1.8813909002595428,3.4791224786297112,-0.5338851434824049,-0.5206584002261905,6.88192486833632,2.1575693404827154,1.480211558535817,0.2428450987295554
74,4.475021548336453,5.713880939938821,0.31158549108690936,-0.6859420943613288,2.3167735385007275,6.269320200574501,-1.4311665358050591,0.44917963755244494,3.6973553924641513,3.1972722776161873,0.125224101791309,0.06909085440213962,1.8546966430854226,3.4530895586184016,-0.47054634519787425,-0.5258732702022342,6.955935446263111,2.169711595419193,1.480055162965472,0.24379646137557076
75,4.490600822890798,5.679583835220754,0.3214957184452506,-0.6818702686186072,2.2452152117104744,6.291779182452123,-1.4274462948021907,0.46086557200066214,3.703616597553717,3.2007268203362944,0.1512605162953602,0.07849398406918331,1.8311693258255288,3.42679589510829,-0.40675380655499094,-0.5304233859663753,7.029938204411384,2.1819014184879717,1.4800042579311863,0.2441052979874842
76,4.506675608813061,5.645490321789824,0.33216785111612995,-0.6748368862624404,2.1738428969703647,6.314822461052156,-1.4243650997984427,0.47030209703569503,3.711179623368485,3.2046515195397536,0.17675108636371956,0.08688268142516896,1.8108316354977794,3.4002747258099713,-0.34416684337826364,-0.5365059460883884,7.103938417307943,2.194106683387346,1.480055655262469,0.24379347268863255
77,4.523284001368867,5.611748477476702,0.3436097151894065,-0.6649375516529319,2.1026246419804426,6.338337565903941,-1.4195604029107112,0.47819256363635154,3.7200171776866706,3.2089956536110122,0.20144133741609915,0.09462311717446133,1.7936232933288663,3.373449428505552,-0.28343110510082836,-0.5433196443503646,7.177941200071067,2.2062963570217775,1.4801990659939852,0.24292123215259157
78,4.540464487128338,5.5785015998940555,0.3555071375627013,-0.6522379684801337,2.031646621834907,6.362247194085758,-1.4121305945324916,0.4843308812958488,3.7300892445574756,3.213726809469735,0.22531464720718725,0.10185010361249729,1.7794517380738248,3.3462834462880338,-0.22502944895001048,-0.5507627356236724,7.251951153370766,2.218442418629407,1.4804158055707233,0.24159685969893324
79,4.558239844006473,5.545889701470049,0.36727137633747775,-0.6367652985806701,1.9610400921082825,6.3864637381505505,-1.3993855553674717,0.49960860973422616,3.741354976917835,3.21881931465036,0.248354055235313,0.1082321033137588,1.7682002656263243,3.31874530950685,-0.14609368272991768,-0.5447676173781899,7.325971943649302,2.230522261614354,1.480767117245351,0.23943421744791066
80,4.576603412823347,5.514051436541015,0.3739067755002471,-0.617306776678109,1.8910708143399089,6.411444168637262,-1.3853458556342144,0.513525072394062,3.7537726796796007,3.2242309198160477,0.270543654510902,0.11360657254929825,1.7608955814898284,3.291506928637941,-0.0703725082513868,-0.5377492255901841,7.400010299511569,2.2424939724867494,1.4812426846203808,0.23647433107761912
81,4.595298751598359,5.48318609770711,0.38095202961153707,-0.5955114442463157,1.8218035215581982,6.437120422256965,-1.367560130636694,0.5263316697460899,3.767299862405146,3.2299112484435124,0.2918215143179165,0.11791375207479282,1.757376956077259,3.2646194673584317,0.0019778626325548526,-0.5304746910368947,7.474072433742588,2.2543176890406302,1.4817649485189768,0.2331794101985739
82,4.614346353078936,5.453410525494794,0.3882706485051604,-0.5716727081294296,1.7534255150263636,6.463437005744269,-1.3465077090072652,0.5372372857314834,3.781890938121042,3.235806936047252,0.31237005914203986,0.1208292914810328,1.7574758492088867,3.238095732806587,0.06857246927050957,-0.5240860700046567,7.548160681168537,2.265976659550559,1.4823109139792408,0.22968316067580474
83,4.633759885504194,5.4248268900883225,0.392880944843957,-0.5362836215253113,1.6861001295760003,6.490298870030843,-1.3236523780035994,0.5426307789069901,3.797509441078144,3.2418484006213037,0.3321698742603527,0.12302511374230667,1.7609044726724121,3.211891429306354,0.12979959419993767,-0.5180339898353366,7.622276226867499,2.277460817584349,1.4828703359474573,0.22604328516254377
84,4.653403932746392,5.398012709012057,0.3975440818179341,-0.4999693754668472,1.6199175106758203,6.5174304089761925,-1.299064405541422,0.5474305576664696,3.814117934791162,3.2479996563084192,0.351338050017284,0.1244342842395155,1.767394452382409,3.185989729814587,0.18605333737162957,-0.5121385692989376,7.6964197436648725,2.2887629818424764,1.4834745112525407,0.22204363189255338
85,4.673281136837288,5.373014240238715,0.40218050734288413,-0.46282396349861604,1.5549642903987493,6.544801936859516,-1.2720835047769568,0.5528626321834813,3.831684837292026,3.254221370520395,0.369717806825565,0.1252180723729281,1.7766971192509904,3.1603828013496402,0.2373720066907824,-0.5063815842753199,7.770593469227499,2.299865163437104,1.484099781389097,0.21782524849253465
86,4.693390162204433,5.349873042063784,0.40681441270894725,-0.4250126603598831,1.4913601151599014,6.5724450684686895,-1.2430906522083303,0.5588251805884134,3.850170727633304,3.2604822741390413,0.38661097163908353,0.125571896464072,1.7885657195855296,3.1350637221358744,0.28304957321910273,-0.4964426684563902,7.844798458296954,2.310756425861731,1.484790225570667,0.2130680315059199
87,4.71373088283988,5.32862240904579,0.4115620686966868,-0.3869736048932312,1.429205582549485,6.60038632749811,-1.2121775764036198,0.5652881919426214,3.8695012762152583,3.266760868962245,0.40240486289017074,0.12557125621036097,1.8027181982464846,3.110241588713055,0.32190638951091183,-0.4823371532743719,7.919037969575488,2.321409827437027,1.4854744158375595,0.20824447145617392
88,4.734308986274715,5.309273728801129,0.4165398321408721,-0.3492125663514374,1.3685967037293039,6.628650737095241,-1.1790773558425922,0.5715656361562501,3.8896215193597667,3.273039431772763,0.4170119556283223,0.1251868410131748,1.8188135177220301,3.0861247310493365,0.35174304417399777,-0.4651941183393743,7.993311690367365,2.3318220510098358,1.4860938243154713,0.2037771953173778
89,4.755135977881759,5.291813100483557,0.4209777328479978,-0.31155208084537966,1.3096428359371743,6.657229018903053,-1.143325241189005,0.576366867406417,3.910472117141183,3.279298773823422,0.4295956941937672,0.12494876564972504,1.83640066993073,3.0628650251323677,0.3683170425060214,-0.44640075447018407,8.06761638158314,2.342010910775705,1.4791246212605664,0.19953441488527274
90,4.776184864524159,5.276235496441288,0.4241960830349418,-0.27373725507214053,1.2524765738777242,6.686047362273374,-1.104450191836359,0.5794812907484661,3.931951901850871,3.2855462121059085,0.44016563768141137,0.12490713230011455,1.854816522056031,3.0405449874088584,0.3760494830372752,-0.42831978680546545,8.141572612646168,2.3519876315199686,1.4662027857784459,0.1958432530888221
91,4.7973946686759055,5.262548633687681,0.42592288808114254,-0.23588456842854005,1.1972540642859062,6.7150214268107975,-1.0626592922019977,0.5809466341530274,3.953960183734942,3.2917915687209143,0.44899680043213236,0.12461575995342276,1.8736189962078948,3.019128998068585,0.37682396306721583,-0.4112461599891927,8.214882751935091,2.3617797941744096,1.4491009004000852,0.1928907750078342
92,4.818690813079963,5.250754405266254,0.4262535433579179,-0.1981014582867859,1.1441210996758062,6.7440687585184484,-1.0182438212442417,0.5808502457415521,3.9764100237565483,3.2980223567185853,0.4563266637419926,0.12367386025519513,1.8924601943612556,2.9985666900691252,0.3722418541374625,-0.3945656645482328,8.287337796955095,2.3714243329248013,1.4287432662729451,0.1899639684610865
93,4.840003490247859,5.240849332351915,0.42531579204983433,-0.16060499880268556,1.093208908613594,6.773111270805526,-0.9713908809232731,0.5792298493286431,3.9992263569436477,3.304206049731345,0.46266533012144434,0.12223842888282083,1.9110722870681287,2.9788384068417137,0.3644437918725432,-0.37762238116915486,8.358774960268741,2.3809225313478555,1.406130676675243,0.186668600504925
94,4.86126927985035,5.232819082411781,0.4233475561547967,-0.12360813949062806,1.0446393645674303,6.8020727632719575,-0.9223043697881718,0.5761271874731243,4.02235962344972,3.310317971175486,0.4685722480212914,0.12047818134681723,1.929294476661756,2.959957287783256,0.3541950414243163,-0.3607263985460546,8.429081494102503,2.390255961373102,1.3815452195290754,0.18250213189952588
95,4.88243665765809,5.22663867543725,0.42042988159842215,-0.08720898363544922,0.9985241460780218,6.830879122645614,-0.8711911517190952,0.5715886003648699,4.045788235850785,3.316341880242827,0.47495570282094346,0.11857913023935102,1.9470042287329716,2.9419209678559533,0.34194044566778553,-0.3440284434145238,8.498158755078956,2.3993810679680783,1.3553561128262708,0.17706797569029545
96,4.903458151738011,5.222278226255477,0.4166748668361398,-0.05151425037338715,0.954964588492067,6.859458552663858,-0.8182606178331394,0.5656702827041805,4.0695360209918325,3.3222708367547944,0.4817728395258652,0.11653964015798114,1.964101251016361,2.924719545685227,0.32723954266933813,-0.3275292787140157,8.56592656072027,2.4082344667525932,1.3270882792357632,0.17134872301452372
97,4.9242918950798185,5.219702513736808,0.4119049198288413,-0.01675791177704316,0.91405155760041,6.887742066799067,-0.7636495190668126,0.5583500447993934,4.093624662968126,3.3280978187626933,0.486914581308292,0.11467071398304246,1.9804632281498278,2.908343081749526,0.31054133868841544,-0.31136637957747243,8.632280974682057,2.416801902903319,1.2962905264977642,0.16543910278909418
98,4.944887141071261,5.218864618147956,0.40611905560977185,0.017336585784411614,0.8758690816470693,6.915659569039037,-0.7075223046350498,0.5496339368944824,4.11797039203354,3.333831354461845,0.4903749852126108,0.11302280034081481,1.9959902950842485,2.8927747627706526,0.29225120789436715,-0.29547282488997245,8.697095501006945,2.425073858042774,1.263256148207588,0.1595888309084675
99,4.96519309385175,5.2197314474371765,0.39944289432055674,0.05033240881011505,0.8404929664153169,6.943141265883761,-0.6500288682985325,0.5393342550223529,4.142489141294171,3.339482494478886,0.4922087958698736,0.11159571808905742,2.0106028554789668,2.878001121526154,0.2728367800178947,-0.2798524412697103,8.760258308417324,2.4330532995881975,1.22791237603466,0.1536349538617632
100,4.985165238567777,5.222248067877683,0.39204414890296185,0.08194923963592071,0.8079915230003902,6.9701079786348785,-0.5914147394704837,0.5274341698115527,4.167099581087665,3.345062280383339,0.4924801672493683,0.11042794509933732,2.0242446944798616,2.8640084994626682,0.2532293567719879,-0.26230975719149374,8.821653927219057,2.4407350472812857,1.1904298819188306,0.14761587678425522
101,5.0047674460129254,5.226345529859478,0.3837601031470987,0.11249228086516876,0.778420786026866,6.996479687125456,-0.5321700709867496,0.5140859033291995,4.191723589450134,3.3505836776383062,0.49127087804131375,0.10959645779014966,2.036906162318461,2.8508930116030937,0.23298377192644498,-0.24337113531286977,8.881175421314998,2.4481158411204986,1.1509504355076978,0.14155873729818078
102,5.023955451170281,5.231970143902736,0.3747239749241563,0.14167147245452422,0.7518122824775285,7.022183982291916,-0.4728394466447849,0.4994620125120341,4.216287133352199,3.3560635005278137,0.4868868889903294,0.10809584575848123,2.0485553509147834,2.8387244548374504,0.2125825116696777,-0.22457161279375815,8.938722943090383,2.4551937779854076,1.1106700516823957,0.1352595262133381
103,5.042691649916488,5.239053717525462,0.36139278517253126,0.17202092971847074,0.7281703101452892,7.047157082917518,-0.4135646420526523,0.48362873600179546,4.240631477801715,3.361468292815738,0.4801730620359646,0.10595298818455479,2.059184476498267,2.8274958741977625,0.19243767804531475,-0.20623006554301046,8.994256445674504,2.4619567542960743,1.0685771740559766,0.12911278157465667
104,5.060761289175114,5.2476547640113855,0.3472601409364435,0.20073651638076323,0.7074920780426566,7.0713385197176075,-0.35448169885158726,0.4666541870063006,4.264640130903514,3.3667659422249656,0.47178476179592477,0.10327410119728586,2.068806360400533,2.817184370920612,0.17385510004190824,-0.1887856069391515,9.047685304377302,2.4684123933748072,1.0246489949111173,0.12319673373334616
105,5.078124296221937,5.257691589830424,0.33239381418711866,0.22777544524714965,0.6897679931000772,7.094671229067923,-0.2956768530416507,0.44860214994603986,4.28822936899331,3.37192964728483,0.461332138130592,0.10024504847036145,2.0774991154026283,2.8077450905736545,0.1566736245813789,-0.17186964185889028,9.098917754122857,2.4745722300614745,0.9790690280083845,0.11753115802042693
106,5.0947439869312925,5.269080362092781,0.31685983495003905,0.25310571160361783,0.6749841504479946,7.1171013365652245,-0.2372831898736972,0.42954527245218155,4.3112959758998395,3.376941899708348,0.44850359285824165,0.09706620759473583,2.0853327966316972,2.79915160848071,0.14085881806044004,-0.15551275046522878,9.147871205523275,2.4804487879624957,0.9320199466828535,0.1121336515896818
107,5.1105869786787945,5.281735647672962,0.30081207559592454,0.27668259110496063,0.6631199909543097,7.1385786001878335,-0.17936865864277068,0.4095719705646693,4.333721155542752,3.3817952100880846,0.4337441580986248,0.09341740495668194,2.092375737534719,2.7913759709574486,0.1263846898737373,-0.13971820207293295,9.194472202857417,2.48605547054198,0.8836828983906935,0.10701963379018516
108,5.12562758245859,5.29556977722821,0.28446544812209335,0.29851244952724,0.6541515580221712,7.159057198716067,-0.12235272107601347,0.3886048983162105,4.355408363447683,3.386466080335919,0.41742255861513483,0.08942538387285015,2.098694972028406,2.784390060853802,0.11321183241037747,-0.12447917046005988,9.238656347776953,2.491406452231489,0.8342371441010664,0.1022023428135416
109,5.1398508548646955,5.310495399704572,0.26810907975918974,0.31871116128013155,0.6480339219683705,7.1784874436318775,-0.06638659415722074,0.3667051191752612,4.37627949137844,3.3909373495295614,0.4000679674243199,0.08515995106802723,2.104355563648925,2.778166102330799,0.10128611273197552,-0.1097724127953794,9.280368204982006,2.496516569372166,0.7838586724881361,0.09769282638066024
110,5.153256308852655,5.3264309577685784,0.2511843185234758,0.336871222818351,0.6447145922605094,7.196822699590641,-0.011614878754617593,0.34394854710752365,4.396282889749656,3.3951953470829626,0.38187144572489135,0.0807319998662307,2.1094198692855235,2.77267748169103,0.0905347833695831,-0.09559413226301933,9.319561138606412,2.501401210691199,0.7325545049790572,0.09339955150120467
111,5.165815524778829,5.343274518909496,0.23339402035958495,0.3528129261379006,0.6441338483227785,7.214020126946017,0.0420593065214139,0.3205793182676494,4.415376462035901,3.399231947076274,0.3627558204030263,0.07604509814785262,2.1139466084540026,2.7678977750778793,0.08085285670189282,-0.082102562803581,9.356188863855365,2.5060711882662594,0.6801708794717024,0.08915458432369441
112,5.177485225796808,5.360915165216391,0.21479663954264847,0.3665268343333962,0.6462368136488492,7.2300490928593995,0.09453248800754366,0.29667800323421356,4.433514253056052,3.403034201983667,0.34279465551130645,0.07104229889021656,2.117989251289097,2.7637926469377003,0.07221817768244168,-0.06938929738457465,9.39019740782895,2.510528917482444,0.6272219992760847,0.08505764155619354
113,5.18822505777394,5.379241506933061,0.19547794417626585,0.37806106921479726,0.6509634380492264,7.24488299302111,0.14570619287013825,0.2723252709334552,4.450653985831617,3.406586316928178,0.32242624486439103,0.06578061728881142,2.1216001601732195,2.7603231820684715,0.0646404261055412,-0.05758977862055564,9.421558507792755,2.5147817995602537,0.5738523460511397,0.08111007249884815
114,5.197998954982753,5.398144560393801,0.17558126554972853,0.3874380026404622,0.6582487476927333,7.258499256567783,0.19548702063083467,0.24760159508640167,4.466775298074837,3.4098753477926182,0.302265833566116,0.06038786879883549,2.1248321814784967,2.7574436931374438,0.05812369084982297,-0.04715764554198051,9.450251125095312,2.518837303185196,0.5202048934582899,0.07731263748340816
115,5.2067780182602394,5.417516460525824,0.1552527035880777,0.3944890816156628,0.6680230987242751,7.2708793363221025,0.2438209843826276,0.22261219130212662,4.481888589753143,3.41289474123256,0.2823525654768216,0.05494272112057945,2.127738366020988,2.755085810860345,0.052365171006602255,-0.037876771706893686,9.476261369768226,2.5227029350593666,0.4664237953309248,0.07361040151648732
116,5.214540653439643,5.4372409146066065,0.13452268348223892,0.3992810562644961,0.6802141479434065,7.282009945887209,0.2906353247356397,0.19743768082315322,4.4960062180269835,3.415641877288589,0.26267575050346725,0.04946087188230297,2.130356624571318,2.7531919722750002,0.047075629449171034,-0.029168825913026573,9.499582559534772,2.526383455135191,0.4125935829762648,0.06992776392929764
117,5.2212667876137555,5.457204967419831,0.11349587992913451,0.40184289854214217,0.6947459141801885,7.291881829928367,0.3358565730047208,0.1721541266267955,4.509140005552157,3.418114920882704,0.24319666946880691,0.04409038498209259,2.1327104060437767,2.7517335309793487,0.04224046900002381,-0.02097335191424155,9.520212238683586,2.529879843331656,0.35883378158847795,0.06618972978525373
118,5.2269415816102125,5.477297112346938,0.0924609418321344,0.40231043434896196,0.7115387428304245,7.300489536259707,0.3794495475482923,0.14684960947687026,4.521299839025597,3.4203194401318084,0.22388278419725768,0.038872610397203175,2.134822429493778,2.7506848633836367,0.037626334494632686,-0.013455245960309743,9.538153927763009,2.5331893298209187,0.30527490745822894,0.06240664384298535
119,5.231564628701819,5.4974126340643865,0.07212055132872787,0.40187238561183836,0.7305112202078391,7.30783201673355,0.42136948825836007,0.12090471194440719,4.53249397823546,3.4222630706516686,0.2047348889207112,0.033833617709143365,2.13670374621851,2.750012101085621,0.033121944061202016,-0.006696403343036412,9.55341767313592,2.536309662013068,0.25203155051509846,0.058554285010029995
120,5.235170656268256,5.517506253344979,0.052576446096965934,0.4006029543858829,0.7515796946207571,7.31387725233077,0.4613873613071424,0.09450064109022017,4.542730722681496,3.4239547515371256,0.1856851326917874,0.02896948977516433,2.13835984342157,2.749677280918469,0.02884904316691777,-0.0007209084367301444,9.566019250661675,2.5392373762635696,0.19923584829608906,0.05463016740017148
121,5.237799478573105,5.537536401064273,0.033893027465412284,0.3985095910188618,0.7746490626861142,7.318602284385281,0.49928922774314705,0.0678798984115779,4.552014979316085,3.425403226025884,0.1666288870071637,0.024263162157995902,2.1398022955799156,2.7496412354966324,0.02487983687846085,0.004536069240615132,9.57598104307648,2.541968884633578,0.14702299605648028,0.050634770085742194
122,5.239494129946375,5.557461880615215,0.01592638597972121,0.3958759879154029,0.7996135240732716,7.32199627930586,0.5342506301593763,0.041863746506518085,4.560346423666443,3.426616384133784,0.1474571319913136,0.01967402397797843,2.1410462874238387,2.749868038958663,0.02117420530943295,0.008844413664386038,9.583332192879304,2.544500623137865,0.09553523432056414,0.04664900637202473
123,5.240290449245361,5.577255680010985,-0.0014239330481794835,0.39301215553850555,0.8263260555812404,7.324089466631186,0.5662082594823821,0.016658623081988053,4.567719280266009,3.427600085332683,0.12806314701788296,0.015184034026725492,2.1421049976893105,2.7503102596418825,0.018066405347269977,0.012677118983313803,9.588108954595333,2.546833073456466,0.044888756382865776,0.04269320293300362
124,5.240219252592952,5.5969062877879105,-0.018018079240253306,0.39001226904065034,0.8546364685553595,7.3249223977852855,0.5945367199373228,-0.007331139283829974,4.574122437616903,3.4283592870340196,0.10830853904240002,0.010729864231808385,2.143008317956674,2.7509441155910483,0.015638938761037793,0.016153844129488233,9.590353392414476,2.5489677336031162,-0.004675384652214183,0.03883772901230068
125,5.239318348630939,5.616406901239943,-0.033440362353256085,0.38702102204979083,0.8843633045522256,7.324555840821094,0.618620307464598,-0.02969411804025774,4.579537864569023,3.42889578024561,0.0881180929636227,0.0063044689516856284,2.143790264894726,2.7517518077975227,0.013892997643631902,0.01933475365881658,9.590119623181865,2.5509096200537313,-0.05294721950252546,0.03503332211606713
126,5.237646330513276,5.635757952342432,-0.0477441672872809,0.383976006267673,0.9152943199254555,7.323071134919081,0.6393938732337935,-0.05053224309032564,4.583943769217204,3.4292110036931946,0.06740813578121532,0.0018955442975594613,2.1444849147769074,2.7527185454804637,0.012826153105777708,0.022272950280651814,9.587472262206738,2.552661286159535,-0.09985623885353101,0.031270645549227906
127,5.235259122148912,5.654956752655816,-0.06099512471668993,0.38081403313398976,0.9472640135871452,7.320544522764565,0.6571924713444693,-0.06988584889715319,4.587314176006265,3.4293057809080727,0.0461070256923901,-0.0025094188828633218,2.145126222432196,2.7538321929944964,0.012433454981726613,0.025016322788045175,9.582479450264062,2.554224818436996,-0.14539031316001905,0.027530017485549164
128,5.232209365913078,5.673997454312516,-0.07321227385514055,0.3775076744538607,0.9801236371543687,7.317050230319707,0.67303231330633,-0.08809946967905169,4.589619527290885,3.4291803099639298,0.024391094098018304,-0.006883141033785144,2.1457478951812825,2.755083009133899,0.012707822239679303,0.02760831216369606,9.575209934606061,2.5556013193112737,-0.18947298754413616,0.02378597444825382
129,5.228548752220321,5.692872838035209,-0.08433248742335116,0.3739883379471363,1.0137752528196853,7.312645256835755,0.687357751746176,-0.10532734586542254,4.590839081995785,3.4288361529122406,0.0034379097317921055,-0.011036908261911671,2.1463832862932666,2.756463424742084,0.012251794180554356,0.029546732139036427,9.565736285228855,2.5567906180336863,-0.23200459707935345,0.02002991883986206
130,5.224332127849153,5.711572254932565,-0.0944131080698279,0.3702303593438925,1.048143140406994,7.307378889542484,0.7005570945334417,-0.12204807444160587,4.591010977482375,3.428284307499145,-0.01659650628812443,-0.01494858787252168,2.1469958760022942,2.757940761349036,0.010656816727203335,0.030831296518639098,9.554136055374887,2.5577921139756796,-0.2729033969755937,0.01627805045776577
131,5.219611472445662,5.73008377289976,-0.10376248552315508,0.366266725344664,1.083170995133666,7.301276485820404,0.7126140770506841,-0.1383860413605512,4.590181152167968,3.427536878105519,-0.03555571114070546,-0.01859935858144025,2.1475287168386545,2.7594823261749677,0.00735230653612038,0.03187050061319805,9.540490885526108,2.558606016498568,-0.3120940648432542,0.012546121319462965
132,5.214423348169504,5.748397109166993,-0.11240409209244524,0.36211183419645443,1.1188016989862004,7.294357183752377,0.723507103044985,-0.154292212861234,4.588403366610933,3.4266069101764467,-0.05339378540761601,-0.021992218502299588,2.1478963321654607,2.7610758512056277,0.003902951097768749,0.03306145738829709,9.524886182283945,2.559233322564541,-0.3495040588494111,0.008847264190842818
133,5.208803143564881,5.766502700876816,-0.12030454768650804,0.3578057350051464,1.1549770541384496,7.286642573109315,0.7337499600839598,-0.16978252275531894,4.585733677340553,3.425507299251332,-0.07013334011085164,-0.02514644675745229,2.148091479720349,2.762728924075043,0.0005330933543862947,0.034479543622777234,9.507410979341474,2.559675685774083,-0.3853010498400498,0.005360325043728064
134,5.202787916180556,5.784392987627074,-0.12748601778261934,0.3532848776710094,1.1916645521426477,7.278153446971549,0.7433566641998274,-0.1849156950289548,4.582227010335011,3.424249976913459,-0.08574142431266438,-0.028044813320474427,2.1481181343880684,2.7644529012561816,-0.0027276908692894335,0.036133210975870855,9.488145926849471,2.5599437020262696,-0.4196549855585862,0.0020747683846256237
135,5.1964136152914255,5.8020572315106245,-0.13396537049525056,0.34855252405822884,1.228832385352639,7.268907662220101,0.7518642065119726,-0.19995681239908344,4.577939939119378,3.4228477362474354,-0.1001944360638393,-0.030682782836692134,2.147981749844604,2.7662595618049752,-0.005844404706078565,0.038043453227922686,9.467163177571543,2.560047440445501,-0.4517834984179307,-0.001361059034536173
136,5.189715346766663,5.819484857713536,-0.13977988741212163,0.3436080017519058,1.2664255956782378,7.258909821600147,0.7593291622591002,-0.2141591895992101,4.572930217316186,3.421313597105601,-0.11347636853702199,-0.03305725623710613,2.1476895296093,2.7681617344663714,-0.008785064303594624,0.040232224632248646,9.444574002650645,2.559979387493774,-0.4808243893500138,-0.005089447284410288
137,5.182726352396057,5.8366652578011315,-0.14496416120641503,0.33845082385659825,1.3043920537911928,7.248201862120187,0.7658447843980772,-0.22734083278720982,4.567256398889334,3.4196607342937457,-0.12557833616979253,-0.03516654428883056,2.1472502763941206,2.770173345697984,-0.011552480020838772,0.042738268953010805,9.420532783183145,2.5597249151295536,-0.5073214374895859,-0.008988368520806124
138,5.175478144335736,5.853587798993962,-0.1495543428402451,0.3330812395942272,1.3426842930110967,7.236834820480826,0.7706266728234274,-0.23909841372316487,4.560977482080845,3.4179024070793043,-0.13649894272334706,-0.037010554232137005,2.146672652393079,2.7723102591456343,-0.0142015060123978,0.04520977685247398,9.395166711308665,2.5592754967035134,-0.532323011052208,-0.012839808324644854
139,5.168000427193724,5.870241860973673,-0.15358893616907868,0.3274954078179659,1.3812156266522682,7.224879899794668,0.7721336548221095,-0.24921812756603368,4.554152534944677,3.4160518793676973,-0.14624273454196585,-0.038593359113173284,2.145962577092459,2.774570747988258,-0.016694633075314557,0.04763834258560873,9.368550560756054,2.5586335062872814,-0.5558885731216241,-0.0169168911970356
140,5.16032098038527,5.886616631364571,-0.15713280147724423,0.3216574662756981,1.4198223093933737,7.212418993416366,0.7703221720647796,-0.2576728758091272,4.546840398217579,3.4141222114120384,-0.15481726651437414,-0.03991508866517404,2.1451278454386933,2.7769526651175385,-0.01900953032942394,0.050045530367836724,9.340756132099973,2.5577876617274296,-0.5776864551420976,-0.02122351900703697
141,5.1524643403114085,5.902699504678356,-0.16009466170184883,0.31564253209353105,1.4583384179966128,7.19953534962591,0.7650383704346403,-0.26451515822356353,4.539099534891861,3.41212645697878,-0.16223181014306676,-0.04097650871469239,2.144177368922222,2.7794549416359304,-0.0211305277136145,0.05245005792026258,9.311871809342868,2.5567264857770775,-0.5974486239667703,-0.025768446559379387
142,5.144459607226316,5.918481631283033,-0.16233388862424167,0.3095408928972544,1.4965903365183448,7.186309591714731,0.7572065630000814,-0.27127452238147864,4.530987944384708,3.410077631543045,-0.16849570994622837,-0.04177510841606716,2.1431208425365416,2.7820774445319434,-0.02304821961494068,0.05486779982243515,9.28199937814453,2.5554380634491087,-0.6151686884876062,-0.030548674622843552
143,5.1363429127951035,5.9339586759278955,-0.16389061479680808,0.30335580794335026,1.534450664668349,7.172745865595657,0.7469041549605115,-0.27794100909178865,4.5225631588873965,3.407988876122242,-0.17363070113010537,-0.04231598280227343,2.1419684315557945,2.784820834523065,-0.024758824118691482,0.057312659044012795,9.25124094372015,2.5539106297179663,-0.6308456205244829,-0.035559897506902506
144,5.128148382055263,5.949126466325063,-0.1648126714568642,0.29708708016396185,1.5717958724163745,7.158848815141068,0.7344246872705206,-0.28442856712883124,4.513881623830891,3.4058730769821284,-0.17766399433262478,-0.04260531331735263,2.14073049034986,2.787686467475266,-0.02626326807709316,0.05979580028002001,9.219698662693926,2.5521326348426214,-0.6444835000153353,-0.040796582782934
145,5.1199077484824205,5.963980820333261,-0.16514652415030273,0.29073437912583966,1.6085171067799005,7.144627386784626,0.720035623852609,-0.29062485254054676,4.50499842411426,3.4037428113162607,-0.1807257050032152,-0.04267808376086476,2.1394173269460053,2.7906762574892667,-0.027566817560511627,0.062326625976905595,9.187474487693159,2.550092805703475,-0.655492902588444,-0.045555056641171265
146,5.111650422274906,5.9785175392895535,-0.16521285033636363,0.2841452257168354,1.644518887972531,7.130096144157599,0.7038555928510412,-0.29642317711060656,4.495962138864099,3.4016089071282174,-0.18285383557326926,-0.042543230731706794,2.1380389860679796,2.793792588788112,-0.0286889841494141,0.06489596838150956,9.154699842563737,2.547815052871416,-0.6637281530018617,-0.04985901639826088
147,5.103389779758087,5.992724800575395,-0.16521870910041603,0.2772366301548542,1.679711667615083,7.115274985302069,0.6858756386679395,-0.30181180244928013,4.486819447085436,3.399481745591632,-0.18408239347286356,-0.04220776189092147,2.136604536860509,2.797037387207187,-0.02972803802164177,0.06735917707924582,9.121513434913643,2.545322102051503,-0.6690602180029919,-0.0535678934401968
148,5.0951288443030665,6.006586632083138,-0.1651947290342358,0.270042404664761,1.71400544954848,7.100184395179605,0.6664506712001547,-0.3068083432192148,4.477615327411793,3.3973713574970863,-0.18444503595478667,-0.04167831641595411,2.135118134959427,2.8004053460611495,-0.030679890298563044,0.06973190629874207,9.088060424013493,2.542643707379493,-0.6715574101026823,-0.056697100038001824
149,5.086869107851355,6.020088752316377,-0.16518421440236838,0.26257910518170013,1.7473279831084878,7.084843978018644,0.6458227687519773,-0.31141566677635324,4.4683930756140535,3.3952874416762886,-0.1839768992120756,-0.04096105447012532,2.133584140444499,2.8038919413760865,-0.031546761253195804,0.07203105712328889,9.05448255350836,2.5398088523775932,-0.6713813502754739,-0.05928503965056925
150,5.078609897131236,6.033217707575462,-0.1652019158642796,0.2548578740489544,1.7796191215460866,7.069273194679827,0.624413379375337,-0.3156197481477798,4.459194230653449,3.3932393889527823,-0.18269900803811684,-0.04004496786716926,2.1320068023818393,2.807493494232251,-0.03232083671661,0.07426224207524992,9.020913485994585,2.5368446003950647,-0.6695439801033308,-0.061498441743026065
151,5.070349801338022,6.045960601277909,-0.16526399745457443,0.24689018218041076,1.8108397905148534,7.053492207272438,0.6023037889045462,-0.3194170889133753,4.450059280251543,3.391237140559424,-0.1806530268246664,-0.03893934221911776,2.1303907605460086,2.8112066063360137,-0.03279854596527199,0.07632654575650431,8.98743628698942,2.5337696783079133,-0.6661694731976558,-0.06336258557654409
152,5.062086601465293,6.05830511038693,-0.16537792018466266,0.2386883468759121,1.8409549799600808,7.037521352826769,0.5795643382710203,-0.32280885471647397,4.44102662891031,3.389290173448468,-0.1778480057919754,-0.0376384107765888,2.128750833247745,2.815022933623839,-0.03286697396011929,0.07816483495776393,8.954127813329537,2.530601549029086,-0.661296735372739,-0.06488670009217648
153,5.05381770545606,6.070239527730725,-0.16555015637390882,0.23026510788322105,1.869933196873632,7.021380910090945,0.5556968876165136,-0.325066157492453,4.432134228620711,3.3874082529096383,-0.1741727755720152,-0.036076607685271385,2.127107484549739,2.8189311753717274,-0.03256522134812455,0.07979448927585818,8.9210629765609,2.527357214024477,-0.6549677532579472,-0.06607960016495971
154,5.045540197637365,6.081752783124886,-0.16578236005120547,0.22163531867981567,1.8977180412544576,7.005127602216322,0.5307139360350355,-0.32610443585237275,4.42342558984211,3.385604422525375,-0.16960772772677077,-0.034232760537150984,2.125479223482333,2.82292089983552,-0.031916754477935835,0.08140239292775132,8.888314588898004,2.524053234016229,-0.6469025638367703,-0.0668783723472753
155,5.037251079634805,6.0928345490588764,-0.16607344864719184,0.2128152036500038,1.9242537380562095,6.988822380423703,0.5047119521540387,-0.32596073674887205,4.414945203455772,3.3838927844985176,-0.16402480204947126,-0.032095651086155065,2.123883385758436,2.8269910194819077,-0.030959347793179555,0.08305037027244308,8.855969460706165,2.5207093153988653,-0.6368192937638333,-0.06722053455683825
156,5.028947407202446,6.103475309241377,-0.16641577190571102,0.20380762530685081,1.9494893356639114,6.97252434358626,0.47778831953227363,-0.3246752281944432,4.406743963353298,3.3822880019442096,-0.15756259461290967,-0.02971572125304092,2.122335418368777,2.83114353799553,-0.029732897662836117,0.08475171053801515,8.824128496017973,2.5173482886710232,-0.6250122156407406,-0.06725841430394401
157,5.02062661860716,6.1136656905067195,-0.16679617061131272,0.19465088335991515,1.973378751640525,6.956290582176537,0.45004100138366065,-0.32229083434596445,4.3988658336226525,3.3808022158815576,-0.1507365380728973,-0.027387148271981368,2.120848773485635,2.8353811235224304,-0.028278131940680545,0.08651678325627783,8.792877885235937,2.513985367955826,-0.6127299648191502,-0.06733573816978795
158,5.012286810076595,6.123398234674715,-0.16713359138779912,0.1854530842435421,1.995880801709708,6.940176040459239,0.42156816059768043,-0.3188530880297699,4.391329006719007,3.3794328584679585,-0.1435784136260284,-0.025110102016214022,2.119434866888601,2.8397069626852445,-0.026641002827602428,0.0883454697767351,8.76224138699498,2.510618581047337,-0.600690246787267,-0.06739203090925193
159,5.003930130507205,6.132670888886892,-0.1673846651505736,0.17627632407665864,2.016959209739592,6.92423338605775,0.392682924215196,-0.3148180171187201,4.384150086037706,3.378177353367148,-0.13611974318869244,-0.022892333324733862,2.118102816747221,2.844124236174081,-0.024864851841050188,0.09023786826078634,8.732206874655617,2.5072489795018744,-0.5888855796720556,-0.06742717256798832
160,4.995560897249676,6.1414847050907255,-0.16756729415469443,0.16708505911946908,2.0365933559503517,6.908492485201815,0.3635219150227293,-0.3102070070143023,4.377344098878271,3.377032736700911,-0.12839630742914807,-0.02072708377588142,2.1168595741551686,2.8486361295871205,-0.02297008761139492,0.09214818613623123,8.702762595672015,2.503877620873475,-0.5772613998915723,-0.06738479764113625
161,4.987182532541941,6.149838958046699,-0.16769601373784815,0.1578570255470337,2.054769451701488,6.892982134851099,0.33419738942801797,-0.30503029965713413,4.370924283506813,3.3759963825121173,-0.12043979515679012,-0.01861236778992761,2.1157110697745987,2.853243538893932,-0.020810935058909456,0.09364950224776607,8.673899525677436,2.5005083809914184,-0.5658140924241117,-0.0672664454128263
162,4.978797731855049,6.1577318093240505,-0.16777585602216993,0.14859652010918276,2.071479321172889,6.877730619868243,0.30478901201903663,-0.2993104777570048,4.364902293748973,3.375065764122621,-0.11227444758064876,-0.016547925341609607,2.1146705230216534,2.8579260140063205,-0.018411015504318277,0.09474490560610634,8.64560882105623,2.497145058720777,-0.5538669240142874,-0.066941848459248
163,4.97040893905394,6.165161635329509,-0.1633825924884585,0.13950913189173356,2.0867187717738407,6.862765095980392,0.2801607617181524,-0.28941927396610173,4.359288571369941,3.3742383678555403,-0.10392636855490338,-0.014533096309486519,2.1137499722464375,2.862663259286626,-0.015470681497174303,0.09563530987148028,8.617915474855517,2.4937979662978145,-0.5407773014571241,-0.06629000037588602
164,4.9622398094295175,6.172137091924096,-0.1587813243907002,0.13010102523685113,2.1007268098597485,6.848294132282087,0.2546208330434545,-0.27889513292267715,4.354092252942196,3.373511713040066,-0.09546071638710629,-0.012566433790806422,2.1129764381715788,2.8674450247802,-0.012084275269228022,0.09631426977944416,8.59087660978266,2.49048346627902,-0.5266003456379942,-0.06532914621435529
165,4.954300743209982,6.178642143185939,-0.1541357052218226,0.12047240374804155,2.1134578515119213,6.834349375635953,0.22881066585004173,-0.2681422516043464,4.34931921712284,3.3728833913505256,-0.08690420587904583,-0.01064481524724115,2.1123722244081176,2.8722607382691723,-0.008341680624800722,0.0967783725449894,8.56454659250076,2.4872170089683023,-0.5113928270008139,-0.0640779637885881
166,4.946593957948891,6.18466576337334,-0.1495811857920197,0.11077091409087793,2.1248983848044234,6.820942263055736,0.20282295430123648,-0.2571828737194816,4.344974006828888,3.3723511505881634,-0.07828213622219693,-0.008765278327945361,2.1119551403768777,2.8770996568964216,-0.004326490097957651,0.09702675499507081,8.538976951150719,2.4840131107788728,-0.4952129628922514,-0.06255550348811274
167,4.93911489865929,6.190204309077885,-0.1452294242274073,0.10110703496456758,2.1350395325194853,6.808083119369762,0.1766467847865804,-0.24622106843545832,4.341059900017778,3.3719128866717663,-0.06961898406393659,-0.006925165410820136,2.1117388158719796,2.881950994646175,-0.00011605859668831035,0.09706077876403783,8.514216303006107,2.480885335604467,-0.4781201702024512,-0.06078109053574925
168,4.93185342744792,6.195259660826113,-0.14109357899837766,0.0915038735997738,2.1438718717588143,6.795772065947989,0.15036869132935843,-0.23516585373237528,4.3375789508145814,3.3715666284012253,-0.06093857785112988,-0.005121964160088191,2.111733012942145,2.8868040335843768,0.004218431031984289,0.09688383349353304,8.490310294495984,2.47784628107768,-0.46017505046387236,-0.05877432191424495
169,4.924798748498001,6.1998348545061015,-0.13724740414731773,0.08199402628660814,2.151390306325282,6.78401377326137,0.12410538578450522,-0.22389644228771127,4.334532021922025,3.371310530193221,-0.052221423884703036,-0.003367827217761168,2.1119439344937443,2.8916482252590536,0.008612155756634671,0.09650086484985282,8.467301541972791,2.4749075649819674,-0.4414392587210707,-0.056555043735135854
170,4.917936378290635,6.203934555820432,-0.1337196142118481,0.07259778244615213,2.1575955756145073,6.772818951146985,0.09795363331258139,-0.21242469617083468,4.33192095072779,3.371142138832333,-0.04344029327280652,-0.0016777451520000786,2.112374542281576,2.896473268501546,0.01300799644617458,0.09591771004857351,8.445229579036738,2.4720798127952106,-0.42197517421503583,-0.054143248513866725
171,4.911250397580043,6.207564444942739,-0.13051134466045175,0.063315781338221,2.1624932572801363,6.762197716338443,0.072003976349233,-0.2007994800145904,4.32974893606415,3.371058251574733,-0.0346233179176582,-4.7852601591238334e-05,2.113024942103885,2.901269154003975,0.017356549790781935,0.09514020843567182,8.424130820325987,2.4693726503695173,-0.40184194561501063,-0.05155577381752855
172,4.90472483034702,6.210730234009651,-0.12757615900450026,0.05414169667482988,2.166093456097598,6.7521577423377135,0.04635433340489706,-0.18911051967099107,4.328017770168267,3.3710558589446538,-0.02579775800354611,0.0015299514497483882,2.113892769593424,2.9060261644257586,0.021613362646383246,0.09417525179819991,8.404038723045236,2.466794861678641,-0.38108777221699275,-0.04880010040156967
173,4.898346022396796,6.2134373188433925,-0.1248548951637057,0.04503979472637788,2.168411172767843,6.742702216354164,0.02108512306630453,-0.1773829541440288,4.32672788226809,3.3711323565171414,-0.01698778321392666,0.003058840111162773,2.114973437725743,2.9107349270156684,0.025728513142746885,0.0930521160750263,8.384984334434387,2.4643548566585625,-0.35977620747347394,-0.045895997264016934
174,4.89210327763861,6.215689308579711,-0.12238327792697226,0.03600609911800043,2.1694654289211583,6.7338330686469625,-0.003735775406958259,-0.16563230969860948,4.3258784931073935,3.3712852985226993,-0.008210723599268305,0.004541312400516383,2.1162598633828806,2.9153875328194196,0.02966082937149425,0.09182748453827431,8.366995524060714,2.4620600567953614,-0.3379709732200674,-0.04286324495129711
175,4.8859841137422615,6.217489613535611,-0.12008285193555629,0.027107416970735945,2.1692786401508104,6.725551453162032,-0.028036370034815468,-0.15388054394081033,4.32546795692743,3.371512364142725,0.00040730933301318974,0.006009709053006284,2.1177429048514553,2.9199789070463336,0.03337054013339897,0.0904129191687875,8.35009697539971,2.4599168945477965,-0.31574688520689526,-0.0397235963647855
176,4.879979971145484,6.218844984384148,-0.11790140873604095,0.018416805697685636,2.16787682164907,6.717857425964991,-0.051746255810858406,-0.14215180271222985,4.325488322394081,3.371812849595375,0.008835869530366552,0.007470031511303298,2.119411431858125,2.924499553004773,0.037172757303995094,0.08873373767496874,8.334309631139366,2.457930714729557,-0.29318313565512216,-0.03649950736813671
177,4.874084900708682,6.219765824669032,-0.11583502336256778,0.009932066632515347,2.165289508858527,6.710749835829379,-0.07494359230578104,-0.13055995472624696,4.3259301158706,3.3721863511709405,0.01705390016190876,0.008925423175361267,2.121270069723325,2.9289362398885217,0.04103262110678574,0.08676192736388971,8.31965047435661,2.45610573936115,-0.27033333298225914,-0.03323101998918182
178,4.868293149540554,6.220262428000658,-0.11386747217588698,0.001658500863319791,2.161542329243238,6.7042218380930665,-0.0976313642221705,-0.1191681041653434,4.326782810878695,3.3726326223297085,0.02504587719790806,0.010377220679339282,2.1233217007786642,2.933274336256716,0.0448760131659927,0.0845136355063491,8.306133807707496,2.4544441883616908,-0.24727517929335152,-0.029956395194460216
179,4.862599775931759,6.220345353043824,-0.11186498596184527,-0.006449423598044955,2.1566607610321293,6.698263432884799,-0.11977284168780009,-0.10801277675583756,4.328035104738591,3.3731514833636753,0.03279684732310642,0.011826691366996878,2.125565501436964,2.9375000180320336,0.04863725214330574,0.08200586451353362,8.293770048742829,2.452946368601968,-0.22409944650192773,-0.026702009529401126
180,4.857006526633667,6.2200228818639225,-0.10980508706383979,-0.01437240676760062,2.1506721189477394,6.692862794047007,-0.14133335566103616,-0.09712920480325615,4.329674947104746,3.3737428179320252,0.04029167393796314,0.013275145795461052,2.127997364044129,2.9416003112577105,0.0522585036518993,0.07925660437108806,8.282565076417733,2.451611268125498,-0.2008695479895643,-0.023487543330122294
181,4.851516272280475,6.219304261525543,-0.1076686818789748,-0.022099564092153155,2.1436054511646874,6.688006333806844,-0.16227863645136514,-0.0865504822964946,4.331689530801644,3.374406575221798,0.047516254583524355,0.014723629281189555,2.1306102892267242,2.945563141476265,0.055689222953003846,0.0762846758043938,8.272521599018255,2.4504368909589918,-0.17764198299904382,-0.020331586540271104
182,4.846132838186526,6.218199283320935,-0.10554749897532738,-0.02964507626175269,2.135491519342119,6.68367880969202,-0.18257401352703728,-0.07630892165854371,4.3340653435308205,3.375142756685858,0.054457228878663666,0.01617309549849879,2.1333947503743746,2.9493773752664847,0.05888560659317394,0.07310929013552,8.263639499868303,2.4494203116319784,-0.15447202589769876,-0.01725219694577581
183,4.84085546323776,6.216717029507848,-0.10333847670667447,-0.03712866516589507,2.126362818665767,6.679863363609092,-0.20211360817730584,-0.06633947261526978,4.336788204974754,3.375951411460783,0.06110326598040927,0.017624379657473675,2.1363390307040335,2.9530328397732606,0.06171399115650077,0.06974216452004245,8.255915898573418,2.4485577017846896,-0.13141344305534874,-0.014266842619110407
184,4.835688539402426,6.214860596249553,-0.10106225094609536,-0.04450956793307646,2.1162571382569015,6.676546389978329,-0.22077467655718483,-0.05655411475255882,4.339843368273774,3.3768326304436567,0.06743959287755359,0.019077989142652862,2.1394247302618585,2.9565199479992628,0.06387301555899998,0.06622130213441184,8.249345226420651,2.4478443596537343,-0.10851153996248757,-0.01139189844631082
185,4.830635426855121,6.212635117852899,-0.0987428468357829,-0.051714552806609713,2.1052184044290425,6.673718684240701,-0.2384849703866259,-0.047010899269131774,4.343215347917652,3.3777865299007894,0.07345034802906383,0.020534179508950822,2.1426183810398087,2.9598310131059833,0.06528359635798354,0.06272271623970797,8.243919649422526,2.447274764731419,-0.08581753787060295,-0.008643667042781175
186,4.825698284513332,6.210049390212569,-0.09634824178033151,-0.05878249766110762,2.093294155909711,6.671368139277244,-0.25518611287653603,-0.03773692690685188,4.346887865319105,3.378813238876237,0.07912503915481438,0.02199337916475188,2.145882560857708,2.9629671489179685,0.06593521929411311,0.05929616777362159,8.239628772528997,2.4468425813792796,-0.06338231232424293,-0.006036477365125479
187,4.820880872424316,6.207110265329513,-0.09396144269817151,-0.06570068212031707,2.0805348502658845,6.669481292931901,-0.2708650684911028,-0.02873840995982086,4.3508441172768455,3.3799129078344747,0.08444590369813312,0.023455885388221853,2.149179321822414,2.96593195730665,0.06588382630674262,0.05596443129839233,8.236459656912785,2.4465407575110234,-0.04125585671921288,-0.003582900777984918
188,4.816182800289408,6.203825231223497,-0.09159826046638765,-0.07243021117328986,2.0669915968413295,6.6680443724339105,-0.28550988798916493,-0.020022975587395783,4.355066412461752,3.381085702103886,0.08939490901880134,0.024921656456109397,2.152473513137751,2.9687301788715694,0.06519663951424975,0.05272679938139251,8.234396864076825,2.446361612472124,-0.019478827383714065,-0.0012934232284916051
189,4.811602887266088,6.200203720664833,-0.08925409882180967,-0.07895283164262161,2.052716102441871,6.667043223654541,-0.2991535789328829,-0.011520307445077057,4.359536157912692,3.3823317849266914,0.09369772436671127,0.0262494301053549,2.1557333451134637,2.971366518840639,0.06399919225899596,0.04957541873814395,8.23342292270764,2.4462969413106994,0.0019192594621607224,0.0008270580167281023
190,4.807140182324997,6.196256079082702,-0.08691072023325243,-0.08526431755899773,2.037758423495227,6.6664672082822864,-0.31132077937901176,-0.0030518069203177636,4.364221044131027,3.383644256431959,0.09722133080117572,0.027367494125183935,2.1589333047264136,2.9738452897775463,0.06236042029289622,0.046494760309773,8.233518885680747,2.446338294211536,0.022871971461577077,0.0027561584333288067
191,4.802794646313335,6.191992863204752,-0.08432512103431501,-0.09119975181102143,2.0221923845262766,6.666314617936271,-0.321249142940642,0.005685632741900331,4.369082110671086,3.3850126311382183,0.09998112457446921,0.028275562785830613,2.1620513257410585,2.9761700277930347,0.06038603841392417,0.04336464064331583,8.234662484253825,2.4464761021332024,0.043327160510821,0.004477364554475486
192,4.7985783902616195,6.187432875614201,-0.0814844586592225,-0.0967212001401125,2.0061299273792446,6.666598899573366,-0.32902648961126957,0.014635389364214784,4.37408116689981,3.38642640927751,0.10199468011610377,0.028972487626862047,2.1650706276617546,2.9783382598252004,0.05810190907744784,0.040196710770445385,8.236828842279365,2.446699970360926,0.0632467988465258,0.005980351272444665
193,4.794504167328658,6.182596815607195,-0.07859985872023383,-0.101989826055163,1.989678602898681,6.667330669041577,-0.334802430402042,0.023687049812527543,4.379180900905615,3.387875033658853,0.10328480365328657,0.029459638390954848,2.167975723115627,2.9803480953637225,0.05553510173289199,0.03700249748440317,8.239991182221692,2.446998987924548,0.08259503725509132,0.0072556080142366286
194,4.790574174392646,6.177497324304437,-0.07562815925889292,-0.10706592710494385,1.9729384813785789,6.668515021532203,-0.3383234276431814,0.032627818799467925,4.384345141088279,3.3893480155784004,0.10388020301811564,0.029729006798271354,2.170752478202272,2.9821982202379425,0.05271362162260432,0.033793254887180844,8.244120934084446,2.44736176832526,0.10133827063779319,0.00829443324677223
195,4.786792766429702,6.17214402794919,-0.07251985787265577,-0.11187943095147,1.9560223099964198,6.670146412472176,-0.339659443031551,0.041525225407334214,4.389539151239185,3.390834465918314,0.10389787616782058,0.029813099016001713,2.173388159283402,2.9838878829823017,0.049666356137675234,0.030579986741262,8.249187847616335,2.4477764899875987,0.11946639302710975,0.00909495314903134
196,4.7831667735360694,6.166550056401617,-0.069232761923602,-0.11634361954211579,1.9390393378448423,6.672222673742543,-0.3389082624572531,0.05025072327897156,4.394734045047576,3.3923251208691143,0.103415379176067,0.029736338786579934,2.175871477090286,2.985416882319365,0.046422732091230344,0.027372929399328748,8.25516116726769,2.44823123764505,0.13695002082328284,0.009649923568065702
197,4.779705135439889,6.160732875424511,-0.06577107800953665,-0.12042842307865011,1.9220939247219797,6.674735209906491,-0.3368809665548817,0.058613710916491396,4.399904814006379,3.3938119378084433,0.10246332126312124,0.029505758334681657,2.1781926136948475,2.9867855287893312,0.04301225378243346,0.024181734343486347,8.262008668308855,2.4487137338234533,0.15372889373044454,0.009955226498130201
198,4.776416581539412,6.154711454270578,-0.062140875373413944,-0.12411020794689047,1.9052498763942356,6.677665895452316,-0.33364266371309914,0.06657134152099693,4.405027980069535,3.3952872257251774,0.10114659617297518,0.029148086624019114,2.180343226383969,2.9879946155065054,0.03946368641285319,0.02101555572958521,8.269695112995377,2.4492114951483597,0.16964153531531775,0.010016385083725168
199,4.773309537770742,6.148505943873234,-0.05857239111178198,-0.12744941474675525,1.8885677432085806,6.680994462528366,-0.3294149826276318,0.0739712335829457,4.410085309878184,3.396744630056378,0.09945590483598578,0.028656350306965676,2.182316410704612,2.989045393292985,0.03580551504222769,0.01788278365643553,8.278177189761143,2.449712314402546,0.18466589483956777,0.00983003985805945
200,4.770380918215153,6.142133473135896,-0.05508768937402048,-0.1305442782658278,1.872096994077199,6.6846930242075135,-0.32395859127819693,0.08059881485149467,4.415058105119983,3.3981774475717264,0.09741536105625498,0.028053382409535612,2.1841066864567233,2.9899395324758067,0.0320650236967029,0.014791531992571872,8.287410484503122,2.450203816395449,0.19878320280055486,0.009393697862686082
201,4.767626533746452,6.135606259222604,-0.051609980751207256,-0.1335012656244575,1.8558990645132891,6.688722964950088,-0.31732519334137593,0.08644763349637592,4.419928873172796,3.3995801166922033,0.09515644299440253,0.027160697521440947,2.1857099376415583,2.9906791090754354,0.028267881116551343,0.011749375929551643,8.29734964464315,2.4506735012885836,0.21197776231507742,0.00870569090096788
202,4.765046034708892,6.128931195941382,-0.04813044226579943,-0.13631587723075736,1.8400328048462202,6.693045346624907,-0.3095664924937502,0.09152829504654014,4.424686695322516,3.4009381515682753,0.09272216657750475,0.02593314889612075,2.1871233316973857,2.991266577871913,0.02444272435335535,0.008763750774281544,8.307948532758903,2.451108785833632,0.22423703852633917,0.007765190421776339
203,4.762639512595602,6.122115402079844,-0.04475923447721281,-0.13894204800754179,1.8245544802215328,6.697621761377234,-0.3009753650981203,0.09645302712068164,4.429322803651392,3.4022348090130814,0.0901211558526026,0.0243884439559507,2.1883454679150534,2.9917047654106272,0.0206180474075498,0.005841581841426415,8.31916038468522,2.4514970453547207,0.23555157664756263,0.006572165179239078
204,4.760401550871741,6.115168299679467,-0.041798688535025504,-0.1412829524445473,1.8095057119666267,6.702444412733268,-0.29163138782560977,0.1013954014246186,4.433828861444022,3.403454231210879,0.08736400554530489,0.022545248733632527,2.189376370285431,2.9919968445026988,0.016819206095022143,0.0029893880164795343,8.330937963517599,2.4518256536136827,0.246000862452788,0.005103639817969366
205,4.75831161644499,6.10810415205724,-0.0386319149922637,-0.14658593931972375,1.7949241425753462,6.707514182804498,-0.29103027461052094,0.10047699824989044,4.438197061721287,3.4045814936475605,0.08446670534663069,0.020433312373034918,2.190217330590182,2.9921463139035227,0.013069598219078958,0.00021307202191881564,8.343238006640238,2.452080835604581,0.2563287797902056,0.003507167219357057
206,4.756380020695377,6.100774855091253,-0.035242068831255816,-0.15121958391546597,1.78037262884482,6.712538032716993,-0.28979514902413045,0.09953057120636308,4.442420396988619,3.4056031592662124,0.08143622154943811,0.018071968758277858,2.190870810501136,2.9921569675046187,0.00939077383903879,-0.0024820743673867763,8.356054445629749,2.452256193965549,0.2667629021738001,0.0018260232426090674
207,4.754617917253814,6.09321387589548,-0.03151554881446638,-0.155446974055761,1.7658828713936134,6.717514561277311,-0.2878824672657267,0.09854979065329039,4.446492208066091,3.4065067577041264,0.07826491358332502,0.015501700246505701,2.1913403491930876,2.992032863786249,0.005802325001639307,-0.005091296190900284,8.369392590738439,2.45234749512768,0.27717781100015126,4.0311857299371156e-05
208,4.753042139813091,6.0854415271926925,-0.02756296998672762,-0.15936015309571613,1.7514887480303272,6.722442050809976,-0.2852946068155781,0.09753141633317078,4.450405453745257,3.4072818427164515,0.07495031083576548,0.012748004214637244,2.1916304654431698,2.9917782989767043,0.002321557915491045,-0.007610430436713177,8.383251481288447,2.452349510720545,0.2875521603558489,-0.0018523451618985697
209,4.751663991313754,6.077473519537906,-0.023403167788317584,-0.16296533742725242,1.7372240176895484,6.727318621626634,-0.28205911470532574,0.09647398569703305,4.454152969287046,3.4079192429271834,0.07149071755461561,0.00984294554012295,2.1917465433389443,2.9913977774548686,-0.0010328950074492095,-0.010036498362702805,8.397629089306239,2.45225689346245,0.2978868621919581,-0.0038530899889902635
210,4.750493832924339,6.069325252666544,-0.019084688339760684,-0.16629735516189922,1.723121061954282,6.7321423209114855,-0.2782042774367348,0.09537616248324716,4.457727505164777,3.4084113902041895,0.06788588563554156,0.006819539980761969,2.1916948985885716,2.9908959525367336,-0.004213955038505614,-0.012374428527934033,8.412523432415837,2.4520642389630005,0.3081829938624331,-0.005962897159917788
211,4.749539598507351,6.061010384908449,-0.014624676172068498,-0.1693609290364324,1.7092108480824453,6.736911129035648,-0.27375910496294653,0.0942367259141823,4.461121799446554,3.4087523672032276,0.06413776936583387,0.003708133192532027,2.1914842008366464,2.990277231110337,-0.00721650809915644,-0.014621451551598984,8.427932582108959,2.451766094105005,0.31771655264834847,-0.00807503375486894
212,4.748808364698747,6.052542338456627,-0.01004071465544977,-0.172161164561206,1.695522892834298,6.7416229653313575,-0.2687531123864666,0.09305458671495521,4.464328687914845,3.408937773862854,0.060248839358018516,0.0005390555577206254,2.1911233754316886,2.989546158532757,-0.010036593460756362,-0.016775204109532316,8.443818409741375,2.4513623424172613,0.3260570544336268,-0.010121842914088205
213,4.748306328965975,6.043934280228567,-0.005350596521428011,-0.17470340641021123,1.6820852372149746,6.746275694667105,-0.26321630915582334,0.09182876140892708,4.467341129882746,3.40896472664074,0.05621538671307433,-0.002651849298007524,2.190621545758651,2.9887073983272803,-0.012671481230574669,-0.018833697269243676,8.460121262463057,2.4508562502715567,0.33326964262465925,-0.012102221579118208
214,4.748038799139904,6.035199109908056,-0.0005723044913319569,-0.1769932915064632,1.6689244217571835,6.750867132737551,-0.25717905638694916,0.09055840510025823,4.4701518992184,3.4088321341758396,0.052004815885947825,-0.0058028212769103416,2.1899879716971222,2.9877657134638183,-0.015119606786686005,-0.020795331763607938,8.476784744594289,2.4502511391926007,0.3393980823044011,-0.01401386416779323
215,4.748010183915337,6.026349445332733,0.004277315672108747,-0.17903565956085316,1.656065468937836,6.755395052992564,-0.2506720664906517,0.08924277273088896,4.472752140012697,3.408541993111994,0.04778972777180541,-0.0089436150176597,2.189231991357788,2.9867259468756377,-0.01738143504531962,-0.02265882311253019,8.493754648709508,2.4495504459842112,0.34448691118101565,-0.015839616090817885
216,4.748224049698942,6.01739766235469,0.009205532382795431,-0.1808154427054464,1.6435318656133033,6.759857191629108,-0.24372627912044678,0.08788125335321033,4.475141626401288,3.408094812361111,0.04358241061322558,-0.012052043622560538,2.1883629196055217,2.9855930057200113,-0.01944166549416167,-0.024429423416537723,8.510978994268559,2.4487584651796706,0.34861351172964067,-0.017548340626819568
217,4.748684326318082,6.008356890219418,0.014208073850342848,-0.18233423936917773,1.631345551657281,6.764251254296769,-0.23637273041486892,0.0864733421903869,4.477320746931949,3.407492210179983,0.03939471232347358,-0.015107965750820674,2.1873908363308137,2.9843715345491844,-0.021264401235896176,-0.026110780107361755,8.52840966985504,2.4478810481483295,0.3517901412729451,-0.01913754071371122
218,4.749394730010599,5.999240178250959,0.019276117842266183,-0.18359543928682198,1.6195269151365375,6.768574921406288,-0.22864258913278732,0.08501868086949194,4.479290482548123,3.406736811892442,0.035237545767949706,-0.018092336600847282,2.186327616269019,2.983065995543816,-0.022912009590583867,-0.02765774220092364,8.545999176918688,2.446924171112644,0.35403110455314607,-0.020605068814768035
219,4.750358535902713,5.990060406286618,0.02440385067052565,-0.1846057967822193,1.6080947856798982,6.772825855449763,-0.22056694207668456,0.0835169866409918,4.481052359836521,3.4058321950623998,0.031122177714632635,-0.020987056849725284,2.1851820157894895,2.98168310843377,-0.024594832369404858,-0.02910360848395296,8.563700732146344,2.445893917671906,0.3553526494238803,-0.02194912663923069
220,4.751578728436239,5.980830116447508,0.02938226119763575,-0.1854926579239904,1.597066438576064,6.777001704781812,-0.21217686412811432,0.08196811794385517,4.482608468722252,3.4047828422199133,0.027064508447574263,-0.023776055967636146,2.1839522741710193,2.980227928009572,-0.026276263379770345,-0.030447916647923668,8.581468364617539,2.444796461339944,0.3557729504589269,-0.023168303419663153
221,4.75304784149612,5.971555483551308,0.03412914269752226,-0.186303025817418,1.5864575953696582,6.781100110679005,-0.20350317386865768,0.08037203948095643,4.4839616941446305,3.4035940394215314,0.023076750213431006,-0.026445152146942652,2.1826384610020306,2.978705532177176,-0.027930487850028104,-0.03168952954797216,8.599257012140486,2.443638046168961,0.3553139265213439,-0.02426132398919626
222,4.7547542986309965,5.962240332260437,0.038640339236328224,-0.18703551051012565,1.5762824366762254,6.785118712653053,-0.19457654980898056,0.07872881709680164,4.485115531655302,3.4022717818141843,0.019169114777969006,-0.028981994560189284,2.181241936609529,2.977121055699777,-0.029534546071010654,-0.032827843128276545,8.617022708466553,2.4424249799695015,0.35399940903822874,-0.025227258515371522
223,4.7566863155928125,5.952888556734931,0.042937118496367555,-0.18773166132896532,1.5665536091857764,6.789055153507893,-0.18542732624292527,0.07703863519326055,4.486073987394201,3.400822682086175,0.015350696319864873,-0.031375217719204464,2.1797652093059785,2.9754796635433634,-0.031068577775078838,-0.03386288309333988,8.634722678918465,2.441163617043733,0.35185346412996743,-0.026065647297366105
224,4.758833171517631,5.943501973668482,0.04702575833685122,-0.18840979105598618,1.5572822428736302,6.792907085267556,-0.1760797190475479,0.07530432648107613,4.486841522210194,3.3992539212002146,0.011614389965461377,-0.03363254359198336,2.1782117804172247,2.9737865193886965,-0.03251546450825316,-0.03479501191390821,8.652315352124964,2.4398603346788645,0.3489015593711564,-0.026776346119879328
225,4.761184459434474,5.934081484115683,0.050902240659663305,-0.18906860552533855,1.5484782569212527,6.79667230159161,-0.16656190631866608,0.07352694708004798,4.487422241708467,3.3975722940206157,0.007942332202719334,-0.035774755573101086,2.176586007191812,2.972046768793001,-0.03386174456151111,-0.03562504635987946,8.669760430093522,2.4385215173728705,0.34517056230048626,-0.02735954799951478
226,4.763729571467457,5.924628053839416,0.054563090514013396,-0.18970691115401078,1.5401501616053195,6.800348648945612,-0.1569030332374588,0.07170702486381139,4.487819358318603,3.3957835562419607,0.004343621680663708,-0.037791231556065126,2.1748929199637366,2.970265516475007,-0.03508889877172095,-0.03637174191748866,8.687018958208546,2.4371535399728947,0.34068856458703967,-0.02781577596703037
227,4.766457725993158,5.915142708281715,0.058005187596747505,-0.19032359147250044,1.5323050099434465,6.803934000188803,-0.14706851569891127,0.06986182953313197,4.4880365394026365,3.3938939946641575,0.0008267647271620066,-0.039672464227504776,2.1731384750251506,2.968446929379133,-0.03615409822137935,-0.03710574019564458,8.704053386437897,2.4357627511745434,0.3353887740109393,-0.02800914709019899
228,4.769357985372995,5.9056265287080905,0.06122577407545768,-0.19091756167627263,1.524951584158501,6.807427091665459,-0.1370860028076187,0.06799244589254463,4.488077877638995,3.3919103714527825,-0.002597537388874409,-0.04141580900383716,2.1713307701140816,2.966591642369351,-0.03705853202314956,-0.03782817629030117,8.720822825138443,2.4343622938200333,0.32927764724533054,-0.027902633461928512
229,4.772419274076768,5.896080650624277,0.06422362134940349,-0.19148579980983724,1.5180972840181202,6.810826713960086,-0.12704308060884628,0.06610849934712255,4.487948000769551,3.3898395810025908,-0.005911853289080974,-0.04303492466194158,2.169477843512924,2.9647002335548356,-0.03780426249774081,-0.038539733792228185,8.73728670750071,2.432967162146937,0.32239950220624897,-0.027510807661166932
230,4.7756304551442375,5.886506360633785,0.06716969006843292,-0.19194270727030327,1.5117451299876778,6.814132138927443,-0.11701269028663788,0.06421776532277668,4.487652408105097,3.3876878347694936,-0.009110629310680744,-0.044522508608378225,2.167587630388037,2.962773246865224,-0.03839335792632682,-0.03924113019233712,8.753406682611022,2.4315916217638787,0.3146903164271543,-0.027126034975810495
231,4.778988939647659,5.8769092252702695,0.07015085810012542,-0.19224630527469655,1.505894495473346,6.817343027193582,-0.10699303476095352,0.06231725539162958,4.487196876639563,3.385461709339075,-0.012188831096364375,-0.045872606991059835,2.1656679624917206,2.9608111903556074,-0.038828944572526045,-0.039932825657112085,8.76914119843238,2.4302353200150884,0.30617481689493153,-0.02688849321362987
232,4.7824964825526655,5.867296910006535,0.0731643806505891,-0.19239477808160102,1.5005448437352984,6.820458889963163,-0.09698232589244996,0.06040397665545547,4.486587435084744,3.383168078989522,-0.015144166102482197,-0.047080116162277516,2.1637265152630945,2.9588145490727515,-0.039114893758016654,-0.04061475983685025,8.784449939277126,2.428890895354407,0.29690290163795446,-0.026792190984417274
233,4.786154701585195,5.857677171102455,0.07620743842012608,-0.19238638152610604,1.495695727440676,6.823479088795936,-0.0869787755417839,0.058474933235796334,4.48583022677962,3.380814073181408,-0.01799466547913682,-0.04813827136737829,2.1617707705751936,2.956783811080909,-0.03925622419388873,-0.041286545580757346,8.799295084359024,2.427551285805186,0.2869835756305883,-0.026752519873263835
234,4.789965073506202,5.848057852026149,0.07921869599408829,-0.19232772000259812,1.4913467886635867,6.826402835457726,-0.07698060302019272,0.056527121058555486,4.484930493505663,3.378407159613039,-0.020737766971660968,-0.04904315658120042,2.1598079593654993,2.954719483801871,-0.039260040753799505,-0.04194686758196124,8.813644263140553,2.426213659811523,0.2765669188980291,-0.026629730079150347
235,4.793926008305906,5.838441466026019,0.08219095760173523,-0.1922233990801973,1.487497758512577,6.829229191510653,-0.06698600677728805,0.054557562871726396,4.48389360515708,3.375955001783979,-0.023370804017259,-0.049791744958810266,2.1578449573278093,2.952622140422773,-0.03913359136255366,-0.0425942881578035,8.827472609085454,2.4248821733075654,0.26569409291784263,-0.026428872368125765
236,4.798035556185993,5.8288302960720095,0.08512063653356754,-0.19207227547313177,1.4841484581737125,6.83195706965424,-0.05699320612430725,0.05256325832650268,4.482725064956218,3.3734654145360383,-0.025891560813261386,-0.05038158716840273,2.1558882777596815,2.9504924260148826,-0.03888452031584365,-0.043227008365599,8.840757313731347,2.423560729689159,0.2544064424518774,-0.0261550984325023
237,4.802291588012671,5.819226682298353,0.08799826123900138,-0.19187475338704044,1.4812987978674972,6.834585232570565,-0.0470004173922554,0.05054121228948438,4.481430486915555,3.370946335177618,-0.028298568850232478,-0.050810688689552005,2.1539440517438893,2.948331075596603,-0.03841623828681094,-0.04385979572175213,8.85347763585394,2.422252974767534,0.2427452392462919,-0.025813594621433466
238,4.806691501074621,5.809632944629001,0.09069838256723606,-0.19163459721612836,1.4789487769978844,6.837112293185039,-0.037005840520860284,0.0484884404306134,4.480015558473043,3.3684058007431403,-0.030592426409794208,-0.05107831082047498,2.152023239829549,2.946138085810515,-0.03772346430392844,-0.04449404567344257,8.865614897816254,2.420962295036462,0.23075162093679408,-0.025409567377357334
239,4.811226420202982,5.800051214768195,0.09319254302568161,-0.19136781974821443,1.4770984849718414,6.83953671520657,-0.027089073042871087,0.04641401196912134,4.478485937152553,3.3658518852021166,-0.032774195944739695,-0.05118373044740012,2.1501370666143527,2.943913383526843,-0.03683957100780589,-0.0451247518030382,8.877152478863094,2.4196918166675943,0.2184665448550413,-0.024948186308904143
240,4.815886047354266,5.790482823780784,0.09547813416607105,-0.1910749566800436,1.475744031319698,6.841857415805026,-0.017326602618695824,0.04432689181611144,4.476847227355316,3.3632926986797465,-0.034844795366598486,-0.05112674046164913,2.1482950880639624,2.941657145936691,-0.03579555281372649,-0.045746575397012317,8.888075806105846,2.418444407352149,0.2059276721958349,-0.024451518918214888
241,4.820659954062569,5.780929075946782,0.09760831886119568,-0.19026975706811156,1.474877701188763,6.8440737603958315,-0.007739407103063194,0.04222816328600251,4.475104987586986,3.360736361656664,-0.03680495855755937,-0.05090772494065179,2.1465053104232763,2.93936981716684,-0.03461952225239855,-0.046353685258460724,8.898372189715637,2.417221831406238,0.1931757129315565,-0.023921250154091567
242,4.825540370005629,5.771415588093376,0.0996064591515752,-0.18875180325131025,1.47449073083361,6.846185168560131,0.0016524580311760035,0.040118916398735875,4.4732647396591085,3.3581909754096313,-0.03865599458463323,-0.05052636871902807,2.1447743343106564,2.937052132903917,-0.03333728217454535,-0.04694023230908581,8.908030975362214,2.4160257688985336,0.18025046806375483,-0.02335692180582747
243,4.830520692963208,5.761977997930811,0.10146934905237877,-0.18655910762618388,1.4745733537351686,6.848191114380068,0.010829843301771554,0.0380002478797754,4.471331939929877,3.35566465697368,-0.04039890406079423,-0.04998255777961178,2.143107470201929,2.934705121288463,-0.03197219164045436,-0.04750010446509489,8.917043498765402,2.4148579228082423,0.16714069466630915,-0.022815177657468766
244,4.835594160415827,5.752650042549502,0.10319340930468761,-0.1837312555931052,1.4751148459002572,6.850091126774057,0.019792373199461373,0.0358660232935866,4.469311994726837,3.3531655290846993,-0.04203523521669042,-0.04927584138555987,2.1415088606199064,2.932330116065208,-0.030545097374635764,-0.04802721013179191,8.925400533498717,2.413717163925369,0.15387928705255488,-0.02230137486272916
245,4.840753830881061,5.743463479769846,0.1047743945676776,-0.18030891745011415,1.4761044645602304,6.851884427938736,0.028525866289137277,0.03371591630473935,4.467210232966003,3.3507017370154215,-0.04356595886297357,-0.04840589883594377,2.1399816057511747,2.929928755558618,-0.029076524236517975,-0.04852732090143629,8.933094497851345,2.4126020951822325,0.14050299297611216,-0.021810400833203045
246,4.845992550609445,5.7344480338973405,0.10620761991626941,-0.1763337845973214,1.4775307578746872,6.853570223753973,0.037012760062216196,0.03155132054433429,4.465031935022854,3.3482814420736244,-0.044991697868181586,-0.04737375379397137,2.138527779539349,2.9275023895135464,-0.027587795787769386,-0.049044737181199276,8.94011964750015,2.4115115751405725,0.12705759327451685,-0.021332709512500613
247,4.851302931605258,5.725631344667474,0.10748806291408264,-0.1718480861804923,1.4793813958777982,6.855147789781189,0.04523638160943833,0.029373663171084755,4.462782350129444,3.3459127543839258,-0.04631258708782327,-0.046180904198871685,2.1371483897499606,2.9250501526544865,-0.026094138034897872,-0.049571807178241695,8.946472527163877,2.410444939664947,0.11358784805576304,-0.02085895414726302
248,4.856677334750962,5.717038940358449,0.10861047686226093,-0.16689470289866531,1.4816432149582701,6.856616472939744,0.05318103255748597,0.02718437059864604,4.460466720775053,3.343603709173982,-0.04750217472560537,-0.044824058384136986,2.1358436828482157,2.9225715622955746,-0.024609039509016106,-0.05010074135711559,8.952151919566665,2.409401991957584,0.10013400535623529,-0.02040205627941951
249,4.862107858594076,5.708694205213516,0.10956853919810973,-0.1615149966500243,1.4843022665861445,6.857975691469677,0.06078747035980073,0.02497883278027379,4.458091612038773,3.341362506254775,-0.04854926479406488,-0.04330338696806295,2.1346132308727648,2.920066525227719,-0.023143956222849916,-0.05062353555908569,8.957158619834477,2.408381889143613,0.08674824606220224,-0.019942012962712495
250,4.8675862855539815,5.700618455381015,0.11035726920850002,-0.1557497105620345,1.4873416401041346,6.85922463310869,0.06801944347143021,0.022755386373849745,4.45566414879907,3.339197336906372,-0.0494568166638149,-0.04162248699782951,2.133456033061622,2.9175353484497646,-0.021711083286720344,-0.051126189351586186,8.961496032137587,2.4073847884954773,0.07347717504541376,-0.01946438366809353
251,4.873104149014407,5.692830969852913,0.11097221815175735,-0.1496411698929509,1.490742612277706,6.860362402427382,0.07486532302617875,0.020515562846215602,4.453191307965879,3.337116212556481,-0.05021055576748979,-0.039818452772186826,2.132370478897286,2.9149790389821852,-0.020325733133870195,-0.05158502856133648,8.965169890889857,2.4064115693120725,0.06035905550758341,-0.01896586741582915
252,4.878652759921994,5.685348911358266,0.11140769303924762,-0.14324124111454095,1.4944858784290151,6.861388180569693,0.08131493898153154,0.018260904467554923,4.450680780177504,3.3351252899178716,-0.050788320353103995,-0.037945679862485954,2.1313541922405927,2.9123997875541185,-0.018988656782823632,-0.05194237347090759,8.968187843665236,2.405463275941281,0.04743064563314417,-0.018443329187868684
253,4.884223144573957,5.678186849302539,0.11165886812991821,-0.1365890513233384,1.4985516253780917,6.862301225793071,0.0873594210487589,0.01599298554554784,4.448141364159849,3.3332280059247474,-0.05119572517819536,-0.03600912029712064,2.1304047594014515,2.909802668880573,-0.017696763732749053,-0.05212026070434742,8.970559375946893,2.4045411094818876,0.034727104711932924,-0.017893869963301865
254,4.889806087980452,5.671357396736372,0.1117213460911008,-0.12972295759837235,1.5029195964305297,6.863100875070348,0.09299126425802556,0.013713394916506645,4.445581577900938,3.3314275499098915,-0.05143946086413992,-0.034013895232664175,2.129519921214814,2.9071966558453557,-0.01644959502788169,-0.0521205321543189,8.97229573118249,2.4036464159837223,0.02228184561769464,-0.017314720547585337
255,4.895392155285007,5.664871248856453,0.11159112521595681,-0.122680569725438,1.507569159643431,6.863786544816174,0.09821944246113148,0.011430601655395863,4.443009604857732,3.3297268551482584,-0.05152702865548266,-0.03196514817743165,2.12869744146342,2.9045906292376396,-0.015246903308945724,-0.051945693814874655,8.973409823463374,2.402780679956343,0.010126502025527739,-0.016703416847451177
256,4.900971711545805,5.658737220370181,0.11126457483656133,-0.1154984104506215,1.5124801317664875,6.864358074898943,0.10312164248943177,0.009183634883614417,4.440433253424958,3.328128597739387,-0.05146277745611799,-0.02986923112391097,2.1279350962979726,2.901993344546896,-0.014176936232763358,-0.05151786978890098,8.973916148564651,2.4019455091139705,-0.0017090239044000883,-0.016057631487785426
257,4.906534940287632,5.65296229984765,0.11073857688493455,-0.10821203245441521,1.5176362138909592,6.864817256643124,0.10769243324220029,0.006973999618442889,4.437860114552152,3.3266351361831914,-0.05125285474009646,-0.02773101190893514,2.1272262494863345,2.899417451057451,-0.01306240872414691,-0.05075318741214371,8.973830697369431,2.4011426275395813,-0.013196741830902317,-0.01537531835289165
258,4.912071869131879,5.647551698224929,0.11001056314594472,-0.10085549755613411,1.5230208355530692,6.865165956624046,0.11192730376541463,0.0048030943338593195,4.435297471815147,3.3252485855877447,-0.05090687175638808,-0.025556467760788033,2.126573129050127,2.896879791686844,-0.011904539698082037,-0.04966424473163582,8.973170860277886,2.4003738616219366,-0.024324113916950444,-0.014672544061033573
259,4.9175723972891765,5.642508923347123,0.10907851302213395,-0.09346206961791123,1.5286172007413399,6.8654061113407385,0.11582257607996312,0.0026721848835071275,4.432752128227328,3.323970762199705,-0.050420484816504844,-0.023342054810808727,2.125977902065223,2.894396579450262,-0.010722077795582837,-0.04827202430528499,8.971954654582039,2.399640234418885,-0.03507052440603278,-0.013952657461924997
260,4.9230263229402835,5.637835819866227,0.10794103772527898,-0.08606313719074334,1.5344083295453381,6.865539720584914,0.11937536755621281,0.0005824622426947304,4.430231103986503,3.322803659459165,-0.049773056557251345,-0.021072947521196435,2.125441798175444,2.8919829782349975,-0.009531733178812092,-0.0465982545406828,8.970201128361737,2.3989426015457886,-0.04541253824193976,-0.01321316372865304
261,4.928423374826547,5.63353266300669,0.10659733259267533,-0.07868849514643754,1.5403770979231488,6.865568843697048,0.12258366989016381,-0.0014650349776426604,4.4277424511586405,3.3217500120831054,-0.04897610185094012,-0.018755899843262265,2.1249652115165034,2.8896530655079635,-0.008348621585684841,-0.04466447720837689,8.96793050144964,2.398281943359356,-0.05532872755487464,-0.012451804776503293
262,4.933753241456181,5.629598238249368,0.10504697517640317,-0.07136669709007348,1.546506281417657,6.865495591948166,0.12544628614604322,-0.003469348260311251,4.425293646066094,3.320812217090942,-0.048062924047781355,-0.01641175738392932,2.124547780437219,2.8874198416475445,-0.007186672621685093,-0.04249283971798516,8.965164065071896,2.3976593531205306,-0.0647994749661257,-0.0116665201939778
263,4.939005590215001,5.626029903394865,0.10329064496941293,-0.06412488995711411,1.5527785957249591,6.865322124535151,0.12796275848567334,-0.005429631219355231,4.422890499863705,3.3199916292217457,-0.04705571544714106,-0.01405770416228635,2.124188446806135,2.885295199661645,-0.006058000930863445,-0.040106016607702744,8.96192409132359,2.3970760271108316,-0.07381919254024527,-0.010870449033393112
264,4.944170122463472,5.622823658897009,0.10133001984245503,-0.05698846160094346,1.5591767336492428,6.865050642974183,0.13013348402500002,-0.007345155187992221,4.420537714091348,3.3192887440136314,-0.04595619042761458,-0.011694743771539756,2.123885546759592,2.88328989883126,-0.004967973911481922,-0.03752992099684573,8.958233131696579,2.396532504659162,-0.08240911890228293,-0.010108231401829568
265,4.949236623455595,5.619974235816962,0.0991677373010608,-0.049980895506544956,1.5656834078504929,6.864683385214784,0.1319595755082354,-0.009215317786780959,4.418239904569967,3.3187040068250546,-0.044758398210479146,-0.00932479399113519,2.123637148064018,2.8814134027814178,-0.003911993065196102,-0.0347941251711259,8.954112675751464,2.396027093089071,-0.09055707980354331,-0.00938121552841231
266,4.954195010320648,5.617475191041636,0.09680697278268063,-0.04312405689279641,1.5722813866259047,6.864222619325445,0.13344295481264443,-0.011039593004731302,4.416001984659443,3.3182377671254977,-0.04345166583902967,-0.006950307552205154,2.1234415484107583,2.8796736965228615,-0.0028759201702652625,-0.03193215264541007,8.949584821761286,2.39555803231265,-0.09825247306783698,-0.008690588290630429
267,4.959035358959782,5.615318988196996,0.09425169595665658,-0.03643789245407189,1.5789535343665368,6.863670639675209,0.13458621548533292,-0.012817577392903928,4.413829401367492,3.317890251747887,-0.04203980130500925,-0.004572079431699344,2.123297752402245,2.878077088890591,-0.0018604555812655142,-0.028970473842443,8.944672198107895,2.3951235028981186,-0.10548612256010077,-0.008037261639548985
268,4.963747943757615,5.613497093574292,0.0915069925893041,-0.029956048267289054,1.5856828451408036,6.8630297608055635,0.13539265254556984,-0.014548965850023392,4.411727411302241,3.317661647776302,-0.040526719143463494,-0.002190926213251182,2.1232047296231817,2.876628565198469,-0.0008759287831364324,-0.0259301042423854,8.93939789197989,2.394721639816141,-0.11225038100441001,-0.007421988828866331
269,4.96832329338708,5.611999291160927,0.08858247467465127,-0.023717472615047346,1.5924524777680822,6.862302312513062,0.13588802563071103,-0.01623515685006774,4.409701075345068,3.3175521014656395,-0.03891636890716684,0.00019233253927367078,2.123160933184025,2.87533205998635,6.740226475613806e-05,-0.022830843390644562,8.93378537292967,2.3943505403746976,-0.11853898991306328,-0.006845333867533652
270,4.972752417120812,5.610813417530175,0.0854968282688352,-0.017787232535286794,1.5992468790496177,6.861490554670559,0.13606880465566965,-0.01783521429553426,4.407755256899709,3.317561718092603,-0.03721280892737043,0.002576927925957612,2.123164303297263,2.8741905178168174,0.0009605640831412623,-0.019691621349872124,8.927858423434017,2.394008273681321,-0.12434597056766056,-0.0063058181878314894
271,4.977027258534254,5.609924055903411,0.08224570819325175,-0.012085490586563,1.6060503192824012,6.860598793955782,0.13592737438201757,-0.01933164431631363,4.405894616453341,3.317690564488901,-0.035420127337647794,0.0049621685329212465,2.12321233150142,2.873205936749324,0.0017953103694142649,-0.01653030237716533,8.921641124905634,2.3936929827719293,-0.12966366041858696,-0.005799582016481606
272,4.981139543943916,5.609319781374083,0.07883876294977393,-0.006610186683340916,1.612846688001502,6.859632211739966,0.13547084340870233,-0.020726997525540955,4.404123610086458,3.317938672915547,-0.03354264025933874,0.007347136448635034,2.123302097019891,2.8723794216304657,0.002564989245218212,-0.013364264951766503,8.915157941884704,2.3934030036711054,-0.13449161243100666,-0.005326979628591386
273,4.985081482091405,5.608989272039916,0.07528417551107135,-0.001371939020558246,1.6196202301719371,6.858595861863689,0.13470689551949352,-0.022023950916824707,4.402446478073491,3.318306029737979,-0.03158471894807947,0.009730791572047644,2.123430346482152,2.8717112083828775,0.0032631872507752724,-0.010209387378514779,8.908433361263153,2.393136654689676,-0.13882985119183563,-0.004888558641834704
274,4.988845690866959,5.608920675088888,0.07159058408028808,0.0036195863910475894,1.6263555749479117,6.857494664317848,0.13364372337281555,-0.023225335338262685,4.400867242126087,3.318792569316581,-0.02954921995647085,0.012093897249115878,2.1235935058446906,2.871200739013952,0.003884802228492672,-0.007081095339478028,8.90149186870356,2.392892226757584,-0.14267972525616193,-0.004484601060687152
275,4.992425220070973,5.60910165440844,0.0677674568552467,0.00835625314493572,1.6330377611165525,6.856333397550935,0.13229010971307606,-0.024334152628777393,4.399389781128264,3.319397264179037,-0.027441077804042223,0.014433649826361115,2.123787745956115,2.870846684246978,0.004426654270571644,-0.003994471603752148,8.894357882440753,2.39266799670455,-0.14608544934947992,-0.004056151185943333
276,4.995813592913735,5.609519467065687,0.06382466883547035,0.012831911904410475,1.6396522666022064,6.8551166899194955,0.1306552679282412,-0.02535352122887767,4.398017727238061,3.320118946670355,-0.025265577932669047,0.016750693779004986,2.1240090786696437,2.8706469606667904,0.004886293626111919,-0.0009637488291869283,8.887053609973279,2.392465189145253,-0.14906751778383756,-0.0035784984219954883
277,4.999004826355509,5.610161062660907,0.05978093662447658,0.017048788157896157,1.6461850299986185,6.853849013858052,0.12874882640361637,-0.0262866337123493,4.396754448341428,3.320956481359305,-0.0230604620034231,0.019026384774161752,2.1242533933509495,2.870598773225331,0.005300696036499912,0.001995259685694206,8.879600234084087,2.392286264224153,-0.1516295493062308,-0.003052082353098837
278,5.001993873186732,5.611013502068802,0.055651714216539534,0.0210070558764497,1.6526224713187994,6.852534682172434,0.12658088067591042,-0.027136816018370754,4.3956014252412565,3.321907800598013,-0.02085806181080473,0.021244441803111015,2.1245184281527747,2.870698536209616,0.005749356216472561,0.004864632686852444,8.872018756618775,2.392133660106498,-0.1537761021818688,-0.0024775064762817297
279,5.00477645889756,5.612063854862625,0.05137812339849201,0.024694026721314547,1.6589515153525949,6.851177841371516,0.12416185112714619,-0.02790747525088287,4.394558522150716,3.322970022688169,-0.018673613792134648,0.023398864913298068,2.1248058959635983,2.8709417678439584,0.00621317683784383,0.007634258805095185,8.864329951509681,2.392009784782684,-0.1555125847872069,-0.0018555057913200532
280,5.007345365067485,5.613298556198691,0.046955258708069,0.02810751357455647,1.6651596079089521,6.849782467608972,0.12150252247273773,-0.028602064800558456,4.39362484146111,3.324139965933834,-0.01652119730956686,0.025484321724189695,2.1251165548054907,2.871323480784213,0.0066745745304049794,0.010295154502867688,8.856554322270322,2.391917009493118,-0.15670958947797323,-0.0011618860278414165
281,5.009693128002888,5.614703931877419,0.0424082032699081,0.031249307555750967,1.671234734032589,6.848352364368944,0.11861400352835506,-0.02922411400742627,4.392798781595632,3.3254141820200434,-0.014413699632359866,0.02749591496915954,2.125450283532011,2.8718382385093566,0.007118010363263065,0.012839215411125648,8.848718842796423,2.391858915191726,-0.1573463231738379,-0.00039477336482569316
282,5.0118135381663835,5.616266397255207,0.03776219443566528,0.0341223276161114,1.6771654342090068,6.846891158668573,0.11550761321604103,-0.029777182013837465,4.392078096614013,3.3267889777685014,-0.012360563626362208,0.0294241585689916,2.125806184050174,2.872480199279913,0.007529450422805721,0.015259445434688556,8.840851526637731,2.3918391765234848,-0.15741578456421398,0.0004257051527364579
283,5.013701647888166,5.617972513636013,0.03304229297823635,0.03673037746329701,1.6829408148698088,6.845402299567881,0.11219497146129459,-0.03026485478423334,4.391460068432695,3.328260185696951,-0.010369865720940952,0.03125861649544376,2.1261826565713142,2.8732431715516475,0.007897110870760853,0.017549480101346004,8.832980737409521,2.3918604617811217,-0.1569338530715277,0.0012975677169723837
284,5.015353762537078,5.619809032509178,0.02826889784223762,0.03907771976073182,1.6885505634428735,6.843889056828669,0.10868788519918769,-0.030690731321571237,4.390941575146648,3.329823116521723,-0.008451431741787318,0.03299609170438188,2.1265775121148525,2.8741206455567148,0.00821689686803239,0.019776551774023998,8.825134044755945,2.3919253401669702,-0.1559179660346081,0.0022186301901800957
285,5.01676720742919,5.621762918497215,0.023464941169688374,0.04116971147586501,1.6939849577028327,6.842354520262591,0.10499833794355243,-0.031058453492930002,4.390519003559559,3.331472921106942,-0.006613997494651202,0.03463296693892615,2.126988356958254,2.875109473145416,0.008481572410744601,0.02194611260133885,8.817338146454215,2.392036271676479,-0.15438242931325935,0.003227030976848158
286,5.0179404544876745,5.623821404071008,0.01865540624744621,0.04301277556796468,1.6992348746000103,6.840801597587944,0.10113842496692985,-0.03137162251315809,4.390188303684827,3.3332045694538883,-0.0048648742342723645,0.03616582154439228,2.1274124355787913,2.876206778775483,0.008684247201961452,0.024050545668481815,8.809619024988553,2.3921976232253215,-0.15239797424932025,0.0042885760098560185
287,5.018873224800047,5.625972042849407,0.013864850189158588,0.044613565405503874,1.7042917958483568,6.839233016462287,0.09712039576887935,-0.03163382471922583,4.389945059973114,3.335012860531108,-0.003210936611367587,0.03759176851393121,2.1278466479388896,2.877409306058907,0.008819583645743305,0.02608266991960906,8.801999126276087,2.392412052025814,-0.15008889068325065,0.005328280783431086
288,5.019566467309505,5.628202721119682,0.009116950194904475,0.04597980649550355,1.7091478156368007,6.837651325226325,0.09295655274808257,-0.03184864235028422,4.389784513142545,3.3368924489568044,-0.0016537455225719248,0.03891121613935965,2.1282876271211766,2.8787134395548875,0.008954920089525158,0.02806974833297633,8.794494681741924,2.392678466064986,-0.1474697690870335,0.006340786840008054
289,5.020022314819251,5.630501711444457,0.004434567626187472,0.04711994118397034,1.713795643274205,6.836058893108811,0.08865926014304011,-0.03201958275550774,4.389701825866417,3.3388380097637724,-0.00019964439220559928,0.040121438253237184,2.128735373125653,2.880116926971536,0.009162625512761051,0.030044417990623937,8.787121193287572,2.392995505406986,-0.1445556164201071,0.00732096110208467
290,5.02024404320056,5.632857708503655,-0.00016044943445000202,0.04804266644050277,1.718228606281357,6.834457913971036,0.08424084717452376,-0.032150097800528465,4.389691843646807,3.340844081676434,0.0011445763205753532,0.04121962673173683,2.129193504401291,2.881619147871067,0.009425197011512692,0.03200058096486233,8.779893412466567,2.3933615534620905,-0.14134154323895476,0.008251270863400254
291,5.020236020728838,5.635259841825681,-0.004647181246807905,0.04875703700226641,1.7224406486400832,6.83285040908101,0.07971369894265978,-0.03224364009021578,4.389749072462836,3.342905063013021,0.002373555923031446,0.04220337578238385,2.1296647642518667,2.8832191769193103,0.009723894885462697,0.03392128383207224,8.77282633530462,2.3937741170052607,-0.13784389164705774,0.009127384356395754
292,5.020003661666498,5.637697693675794,-0.009005821932485433,0.04927241838876999,1.726426333587216,6.831238227076499,0.07509009772956221,-0.032303543753566054,4.389867750258987,3.34501523180214,0.0034832725917564597,0.043070743038816625,2.13015095899614,2.884915241110914,0.010039362526220258,0.03578285125481985,8.765934140722267,2.3942304862230803,-0.1340799082483818,0.009945755104707035
293,5.019553370569874,5.6401613145952325,-0.013217940990259977,0.04959821805232114,1.7301808384736943,6.829623049888821,0.0703823287975773,-0.03233308667351289,4.390041913888575,3.347168768954081,0.004471047843025801,0.0438203732869907,2.130652927122451,2.886704383673655,0.010359851858300146,0.03758089614498518,8.759230145309848,2.3947277739783157,-0.13006698232551117,0.010703253165991458
294,5.018892473520361,5.642641225497848,-0.017266218055417868,0.04974405882521442,1.7336999549135732,6.828006395555145,0.06560252392709104,-0.03233547110814165,4.390265466280726,3.3493597876184307,0.005335305879043219,0.04445134633363622,2.1311709197153657,2.888583428480904,0.010675295657199796,0.03931160287398003,8.752726796193572,2.395262936636615,-0.1258188449259569,0.011398077688352617
295,5.01802916261759,5.645128428439109,-0.021134720806410642,0.049719748076946964,1.7369800811099279,6.826389621999739,0.060762714315651334,-0.03231377712892631,4.390532231574679,3.3515823549351125,0.006075574332998869,0.04496310711049872,2.1317046844982257,2.8905490086246033,0.010977018466872152,0.040971145009874324,8.746435853947274,2.3958328405210327,-0.12135382187028426,0.01202943518495694
296,5.0169724265772695,5.647614415842956,-0.02480892508142266,0.049534940092322906,1.7400182168257103,6.824773933143292,0.05587480226576177,-0.03227102855545731,4.390836010291329,3.3538305102906376,0.006692391881869909,0.04535540751324433,2.1322535354215693,2.892597565875097,0.011257900512498793,0.04255607256132267,8.740368162853759,2.3964343122802805,-0.11667486433346766,0.012580772700892242
297,5.015731980323198,5.6500911628475725,-0.028275758836796616,0.04919927739674367,1.7428119569389984,6.823160381715519,0.05095056714534608,-0.03221017916895712,4.391170629885423,3.3560982806663,0.007186923796461698,0.04562845389967251,2.1328164304471944,2.894725369503163,0.011512359819096502,0.044062919425099115,8.734534419637086,2.397063350915325,-0.1117997959669401,0.013050123282880934
298,5.014318192381358,5.65255112671741,-0.031523458350828024,0.048722425663342256,1.7453594852962657,6.821549872757071,0.04600152159154263,-0.03213400356564002,4.391529976075246,3.358379703361283,0.0075609582161174985,0.04578317613716635,2.1333920484381492,2.8969285154744178,0.011735997563880857,0.045488588860510805,8.728944429838739,2.397715857079469,-0.10674842302163141,0.013437902277508232
299,5.012742019463817,5.654987248000577,-0.03454194075279507,0.04811375155249752,1.7476595613758428,6.819943172578789,0.041039230395553974,-0.03204499061195443,4.391908023986051,3.3606688621681418,0.007804972553776381,0.04582625588894288,2.1339788483163433,2.8992029449174432,0.011925475886744436,0.0468300697154095,8.723607008687658,2.3983877521933445,-0.10153610598702925,0.013783731895671638
300,5.011014922426177,5.657392935578201,-0.03732291354649338,0.047377969977875724,1.7497115228956204,6.818340923048191,0.03608082542240468,-0.03194244590796793,4.39229827261374,3.362960174962589,0.007937560478376028,0.045767674703648564,2.1345751221106806,2.9015444484032136,0.012077421164792951,0.04808504905018113,8.718530203388307,2.399076938788128,-0.0961815797205736,0.014093056649142358
301,5.009148776748852,5.659761834077095,-0.039860161457589,0.04651293791966654,1.7515155641667406,6.816743800752793,0.031137567479608923,-0.03183169997738937,4.392695150637659,3.3652485586977714,0.00797054233603346,0.04561291472430738,2.1351789931689202,2.9039487008557225,0.012190370103997168,0.049251547524957875,8.713721124402278,2.3997815916205854,-0.09070385996659297,0.014366941598416718
302,5.007155768675972,5.662087480973078,-0.04214794083349976,0.04552771775188066,1.7530724425407211,6.8151522157539235,0.026219735388158232,-0.03171480247494096,4.39309367775446,3.367529204433987,0.007908890644239065,0.045363099481011054,2.13578851167412,2.9064112782319707,0.012264897889179166,0.05031789948630236,8.70918593140395,2.400499938700506,-0.08512173373659151,0.014606516996571275
303,5.005048371634297,5.664363866860672,-0.04422167620473179,0.044433283248414765,1.754383429310129,6.813566475630177,0.021337108035086066,-0.03159101057773719,4.393489122286672,3.3697973594080373,0.0077580771093832225,0.04501953730735393,2.136401756568579,2.9089271732062856,0.012302050581854757,0.05126603718313478,8.70492984471712,2.4012302645503345,-0.07945377644558448,0.014812949604527505
304,5.00283728782406,5.666585531023093,-0.04610932214968475,0.04324037237228967,1.7554502847118834,6.81198692510129,0.016499400232432754,-0.03146238995924855,4.393877026142142,3.372048336273405,0.007530116537736532,0.0445822833609155,2.1370168590976717,2.9114904750654422,0.01229773334292787,0.05211636486861013,8.70095715589484,2.401970912030561,-0.07371832658012407,0.014987483680886628
305,5.000531821716576,5.668747549641707,-0.04780800646953853,0.041958107428123725,1.756275254723505,6.810413805603328,0.011716037709711464,-0.03133088410342375,4.394253531969029,3.374277450441451,0.007242138559149382,0.044049979377569874,2.137631745764818,2.9140962933088725,0.01225169285265821,0.05288357317845426,8.697271239565834,2.4027202862146053,-0.06793330390413302,0.01513140481168911
306,4.9981414213930995,5.670845455013113,-0.0493072067093161,0.0406706328517399,1.7568610566089906,6.8088472613981565,0.00699606547176686,-0.031198302011231728,4.394615638896986,3.3764799494103297,0.006899429360555288,0.04342471971552284,2.138244330407451,2.9167404719677954,0.012169615394157347,0.05356541310834787,8.693874574370628,2.40347685645519,-0.062116248574452575,0.015246034357403815
307,4.995676061057634,5.6728789866557,-0.05060176632218631,0.039418793471028585,1.7572108598825789,6.807287346297595,0.0023481746208652565,-0.03106631745560358,4.394960610365014,3.3786511853961056,0.006507307911442396,0.04270853391292902,2.1388528111771588,2.919418742623213,0.012057121685427604,0.05415933590780101,8.690768761941905,2.40423915817306,-0.05628435317833918,0.015332748434446231
308,4.993145972741525,5.674849926329252,-0.0516920749735144,0.03820240991326191,1.757328268613622,6.805734030424815,-0.002219327445627778,-0.03093643582634891,4.3952859757605856,3.380786612091752,0.006070858488010046,0.04190354831892462,2.13945566726143,2.922126709418603,0.01191948971776384,0.05466331753346226,8.687954544282988,2.405005795594782,-0.05045439754088419,0.01539295483584091
309,4.990561368992849,5.676760046824914,-0.052579683129122576,0.037020669506361265,1.7572173022413407,6.804187208633498,-0.006698470841647714,-0.030810086144826214,4.395589518684986,3.382881789507698,0.005598574007080671,0.04101432422551723,2.140051641747318,2.924859875295276,0.011761872312706886,0.05507521333570681,8.685431824405944,2.4057754433365743,-0.04464338314195173,0.015428256926532314
310,4.987932384836393,5.678611080300232,-0.053266434062650525,0.03587339995565035,1.7568823786992582,6.802646704326256,-0.011081715579630464,-0.03068855065595622,4.39586944738534,3.384932505718974,0.005096337447093603,0.040044028874518585,2.1406397353629534,2.9276136359620613,0.011589496797603545,0.055392883205107366,8.683199655248846,2.406546856182901,-0.03886700276692407,0.01544010980636621
311,4.98526906313326,5.680404750298015,-0.053755004022648656,0.03476027008282163,1.7563282929202768,6.801112276793458,-0.015361894201041788,-0.030572964083163838,4.396124264257694,3.3869347071626996,0.004568857574986097,0.03899519695344777,2.1412192102028333,2.9303832801223164,0.011406970611494956,0.055614554578690745,8.6812563051105,2.4073188616732195,-0.033140363958077595,0.01542998198332306
312,4.982581312932128,5.682142763802156,-0.05404875992648872,0.03368077678742029,1.7555601982102247,6.7995836285893,-0.01953223859846744,-0.030464328157010327,4.396352707136444,3.388884467010372,0.004020818570779439,0.037870604548635195,2.141789558733408,2.933164007851251,0.011221613204759536,0.05573313842692501,8.679599286912596,2.408090360772386,-0.02747807581384675,0.0153993665522993
313,4.979878874935803,5.683826802641527,-0.05415184355192455,0.032634327562024376,1.7545835862803014,6.798060412181449,-0.02358637778043899,-0.03036352949658672,4.396553748064983,3.390777997237804,0.003458680087851163,0.03668778734657378,2.142350639393646,2.935950664772597,0.01104636772601026,0.055729394726998595,8.678225383121903,2.408860329100001,-0.02189408768375413,0.01534973574947607
314,4.977171282758207,5.685458519019629,-0.054069177497556534,0.03162008663775542,1.7534042673912795,6.79654223570662,-0.02751837437927875,-0.03027133141969594,4.396726682069376,3.3926123866051325,0.0028882841264473162,0.035458930771829794,2.1429029577799463,2.938737134508947,0.010881260997337279,0.055603992642912506,8.677130678737715,2.4096278158874744,-0.016401723068552178,0.015282597572366188
315,4.974467823883329,5.687039523351516,-0.05380615821891102,0.03063720110939958,1.7520283486723156,6.795028669135635,-0.031322683672906484,-0.030188324751558554,4.3968710962756985,3.394385333143724,0.0023138790076242645,0.034186412677200746,2.143447020829813,2.9415173341410923,0.010726313880366264,0.05535826385680908,8.676310592584286,2.4103919457660927,-0.011013704207139176,0.0151994391568568
316,4.971777515972383,5.688571383406987,-0.05336881994121346,0.029684679677208444,1.7504622144886703,6.793519252898057,-0.034994217659832565,-0.03011499489750045,4.396986790226079,3.396094653777584,0.0017396929358707625,0.03287261873859377,2.1439833365238314,2.9442852473339327,0.010581454849523483,0.05499362715714002,8.67575990737393,2.411151917723936,-0.005742026534276169,0.015101743174307462
317,4.969109074975322,5.690055617390847,-0.052763908420136306,0.028761352972557327,1.7487125036056788,6.792013503153182,-0.03852821467399749,-0.030051711033790212,4.397073774872873,3.3977382847145137,0.0011697440093027312,0.031520042292805625,2.1445124092663077,2.9470349286917896,0.010446621319931923,0.054511623906049377,8.675472806047216,2.411907004882651,-0.0005980790074636153,0.014990993029494252
318,4.966470879554316,5.691493685039475,-0.051998426456382606,0.027866020148118516,1.746786092871979,6.790510917601493,-0.04192039733708056,-0.02999872759775522,4.397132262073338,3.399314286829154,0.0006077768897281844,0.030131174068929865,2.1450347403323042,2.949760509887092,0.010321777528804718,0.05391413516559029,8.675442902096842,2.412656554534126,0.004407461691303093,0.014868660212085064
319,4.963870958231497,5.692886986046881,-0.05107993042879376,0.026997330599894304,1.744690073005125,6.7890109812216055,-0.045166876446010196,-0.02995615150522704,4.397162650917824,3.400820845532601,5.741106920110768e-05,0.02870857483151765,2.1455508292087444,2.9524562166453716,0.010206854930800377,0.053203105909827596,8.675663275181407,2.41339998754473,0.009258127543730576,0.014736480334829952
320,4.961316961710057,5.694236852576876,-0.05001642971151146,0.02615386536481001,1.7424317291828244,6.787513173646344,-0.04826419195115718,-0.029923978658386346,4.397165521471284,3.4022562742741767,-0.00047796865351331643,0.027254859361829472,2.1460611719552842,2.955116371940863,0.010101916110795915,0.052380816342386845,8.676126181558594,2.4141368115614714,0.013935549515886148,0.014596352923252101
321,4.9588161402244815,5.695544545845117,-0.04881620413475308,0.02533414475755908,1.7400185195852667,6.786016974713425,-0.05120927421331557,-0.029902127844449438,4.397141623038609,3.403619017242268,-0.000995242720319156,0.025772703535886718,2.146566267760824,2.957735412757982,0.010006564697903573,0.05144948827296818,8.676822959034387,2.414866629207634,0.018432262126011692,0.014449658197407093
322,4.956375330017744,5.696811253082995,-0.04748791276328835,0.024536583667119524,1.737458055874601,6.784521868321202,-0.053999450709225266,-0.029890391193672854,4.397091860902592,3.4049076524190625,-0.0014915136004222673,0.02426480558145256,2.147066595995719,2.9603078871716306,0.009920753008407533,0.05041177783355439,8.677744572140687,2.4155891121175044,0.02274156804720863,0.014297746947557147
323,4.95400093437958,5.698038082266351,-0.04604185751490864,0.02375860349411287,1.7347580833391396,6.783027348761519,-0.05663245199203643,-0.0298884442332716,4.397017285222572,3.406120892698135,-0.0019640312845243257,0.022733848825128983,2.1475626336461393,2.9628284760633083,0.009843777707499444,0.04927221628100002,8.678881650543047,2.416303999464882,0.026857450190586888,0.014141927495655085
324,4.951698841503834,5.6992260124410565,-0.04448816447370323,0.02299785874920108,1.7319264607395377,6.781532926549855,-0.05910643255293521,-0.02989585743727426,4.396919083658346,3.4072575851393916,-0.0024103944504989426,0.021182535592498494,2.148054822531514,2.9652920868773585,0.009775155997556626,0.04803508416012252,8.680224523052576,2.4170110958396647,0.03077466968039974,0.013983483949266786
325,4.949474433280149,5.700375905378516,-0.04283609545641216,0.02225265312144675,1.728971139111891,6.780038133677992,-0.06141988066911849,-0.029912147635529126,4.39679856393582,3.4083167119190163,-0.0028283932561410704,0.01961363945532055,2.148543580331392,2.9676938410853646,0.00971462263790983,0.04670307783603991,8.681763256536597,2.417710270037128,0.034488760638637386,0.013823620322216715
326,4.947332628507328,5.701488538034589,-0.041094889182975616,0.021521282849331875,1.725900145078435,6.778542526296215,-0.06357169663489017,-0.02993669866647602,4.396657144273013,3.4092973938917823,-0.003215751549078349,0.01802964397150488,2.1490293114632872,2.9700289949771665,0.009661971992534579,0.04527905944928849,8.683487694568528,2.4184014510532386,0.038000321346921766,0.013665466603413638
327,4.9452778840481795,5.7025646021770555,-0.03927399000935825,0.020801996301358122,1.7227215602466905,6.777045691362892,-0.06556113688230666,-0.02996882060489648,4.396496356695559,3.4101988760903574,-0.003570421164704684,0.01643281262743683,2.149512410062914,2.972292947949631,0.009616661659163417,0.043766013888719923,8.685387710635874,2.419084724383409,0.04131961721519931,0.013515927990954782
328,4.943314184547711,5.703604701992123,-0.037382770765951,0.020093071834614055,1.7194435034025752,6.775547250332647,-0.06738784750878962,-0.030007761687208274,4.3963178356373245,3.411020516721729,-0.003890813639236812,0.014825851101460171,2.149993243145872,2.974481248644067,0.009578426397127093,0.04216702038616264,8.687453691496634,2.419760520782957,0.04444400962035163,0.01337616640288424
329,4.941445046009414,5.704609355583854,-0.03543074584417614,0.019392780914401192,1.7160741110271358,6.774046862248286,-0.06905181510329397,-0.030052671802165292,4.396123294955363,3.4117618092768023,-0.004175819581223849,0.013211520951273155,2.1504721644657283,2.976589599663375,0.00954641087977308,0.04048542713940466,8.689675891977652,2.420429329103101,0.04737141202728255,0.013247239449117746
330,4.939673508717205,5.705578994629574,-0.03342704071514877,0.018700252940376777,1.712621520271971,6.7725442286581785,-0.07055335780561121,-0.030102641233876654,4.395914503976301,3.412422385324366,-0.004424375792814616,0.011592561755361271,2.150949485009717,2.9786138710203454,0.009520179993194522,0.03872456791073406,8.692044462579016,2.421091691075557,0.05010032128135665,0.013130170839429314
331,4.938002156681447,5.706514007276593,-0.03138062289767536,0.018016728247945684,1.7090938523816905,6.771039096596485,-0.0718931416976467,-0.030156695073871247,4.395693285186661,3.413002013412134,-0.004635723804904346,0.00997165944802971,2.1514254940093767,2.9805500994158822,0.00949872343866247,0.03688795415878618,8.694549478643085,2.4217481996175283,0.05262983437220557,0.013025888543632295
332,4.936433125536563,5.707414843688991,-0.029300602216651764,0.017340484262873906,1.7054991952968082,6.769531261842791,-0.07307215547144565,-0.030213797691446102,4.395461498996416,3.4135005963845355,-0.004818211993051891,0.008353229243340206,2.1519004301813096,2.9823944971238214,0.009481242513936937,0.034979272430840376,8.697180970361694,2.42239949404471,0.05495954263548358,0.012935259058429342
333,4.934968095425731,5.7082818679021345,-0.027196030382445183,0.01666985727051415,1.701845587523236,6.7680205719582185,-0.07409170372367056,-0.030272872105175933,4.395220588396763,3.4139182578467024,-0.004977288966847781,0.006741158109190177,2.1523744923070063,2.9841434607453636,0.009465990802926004,0.03300245216310346,8.699928947493468,2.4230462569976314,0.05708961929718955,0.01285905985772651
334,4.933608293906609,5.709115360765661,-0.025075734842946854,0.016003173870464342,1.6981410023370525,6.7665069283529595,-0.07495339726984653,-0.03033278172899068,4.394971723948421,3.414255315752162,-0.005112615724874858,0.005138257149638843,2.1528477918471527,2.985793583353519,0.009450664586109101,0.03096178973287666,8.702783428458329,2.423689209990518,0.05902070585231288,0.012798013647841703
335,4.932354507164462,5.709915519459184,-0.022948360506823386,0.01533878115141906,1.69439333247356,6.76499028926651,-0.07565913675308379,-0.030392352351388267,4.394716093162177,3.414512228609644,-0.005223941927625064,0.0035473408215066903,2.153320325076458,2.987341672840163,0.00943327902881521,0.02886162454456413,8.705734463750945,2.42432911067291,0.06075398396293624,0.012752765649054613
336,4.931207089139121,5.710682458516755,-0.02082231833451065,0.014675115981569068,1.6906103756359059,6.763470671648941,-0.0762111193496004,-0.030450344195757366,4.394454896065796,3.414689595650719,-0.005310987433267955,0.001971166957201671,2.1537919890278987,2.988784754067391,0.009411876118463457,0.026706429740491748,8.708772162949092,2.424966748955363,0.06229113671521648,0.012723880242845457
337,4.930165973222395,5.711416214315833,-0.018705717537930336,0.014010702400898115,1.686799819668426,6.761948154439153,-0.07661174936175498,-0.03050553238664784,4.394189346694133,3.414788153998579,-0.00537370604820383,0.00041247876736731463,2.1542625828338218,2.9901200755544157,0.009384706458729686,0.024500759860578418,8.711886719784854,2.4256029429675054,0.06363425548712714,0.012711857737156511
338,4.929230687345498,5.712116749435879,-0.016606282133987273,0.013344048430641667,1.6829692322003382,6.7604228778198205,-0.07686374178111705,-0.0305566413846615,4.393920661391722,3.414808777936947,-0.00541207020528448,-0.0011260440535524375,2.1547318181567583,2.9913451135474447,0.009374458557647647,0.022264319827857853,8.71506843255921,2.426238535854363,0.06478586081008418,0.012717125048800786
339,4.928400373238799,5.712783951857411,-0.014531541679432715,0.01267382023060836,1.6791260451112824,6.758895045750587,-0.0769700135099903,-0.03060239341522597,4.393650057881458,3.4147524757342693,-0.005426556741668109,-0.0026419916152635105,2.155200541084641,2.9924583295388376,0.009383403352183285,0.020005330240431666,8.718307725599715,2.4268743921068032,0.06574894856254561,0.01274004800128559
340,4.927673796154827,5.713417642868941,-0.012488586891820754,0.01199873201685168,1.6752775444357828,6.757364926079826,-0.07693375637710247,-0.030641469725575597,4.3933787300443745,3.4146203761535063,-0.0054177587235702315,-0.004133092980799962,2.15566971125225,2.9934585960508593,0.009405774092954578,0.017727453431192277,8.721595173027842,2.4275113945068676,0.0665269020531605,0.012780904499812
341,4.927049366810236,5.714017579469783,-0.0104841717224625,0.011317576050256864,1.6714308566169276,6.755832852593548,-0.0767583499658123,-0.0306725649739898,4.393107842108196,3.4144137215044665,-0.005386261766625766,-0.005597105897931148,2.1561399999568978,2.994344968722419,0.009436221263092938,0.015434496646824716,8.7249215181305,2.428150439731858,0.06712348457018835,0.012839917690724083
342,4.926525158224113,5.714583458272296,-0.00852474911921295,0.01062922282280542,1.667592939118637,6.754299224344848,-0.07644611513197574,-0.030683215827790853,4.392838529019865,3.41413386620957,-0.005332619448973064,-0.007031786624310304,2.1566118110200523,2.99511669355476,0.009455969399494115,0.013144897839132188,8.72827769235901,2.428792435616394,0.06754279542307359,0.012917239938395046
343,4.926098920768152,5.715114919413436,-0.006616429303219641,0.009932315397506133,1.6637706333620383,6.752765063553459,-0.07599024651527557,-0.030579212672652508,4.392571898047416,3.4137822768783543,-0.005256955450250034,-0.008434933885900069,2.157084609490027,2.9957739384467166,0.009445560565871182,0.010880394077006219,8.731654832130163,2.4294382976133138,0.06778927217761976,0.013012960277263024
344,4.925768099302991,5.715611535183311,-0.004764908988406981,0.009225764872004763,1.6599711210362746,6.751236102919826,-0.07539447797417793,-0.030363725001567806,4.392309050274903,3.4133605301840593,-0.005159554382635479,-0.009804398562727261,2.1575568875183206,2.996317958150567,0.009406052744668904,0.0086434541103276,8.735044295739044,2.430088945627177,0.06786770704726679,0.01312710441765184
345,4.925529853853571,5.716072823426911,-0.002975268725684012,0.008508763044571058,1.6562013971375658,6.749717916669748,-0.07466269051611577,-0.03004024712519517,4.3920510725557715,3.412870310255923,-0.005040522789431934,-0.011138158939746906,2.158027190155554,2.9967501308560833,0.009338870486897412,0.006436371414068578,8.738437681091408,2.4307453008480597,0.06778316121141416,0.013259633238192597
346,4.925381090417287,5.716498261579139,-0.0012522351633814225,0.0077805587104163325,1.65246826261176,6.748215904313488,-0.07379896519661103,-0.02961261979454925,4.3917990464163,3.4123134023089357,-0.004896138360573178,-0.012439980540392687,2.158494133679899,2.9970719494267866,0.009245244628471318,0.004261413758698342,8.74182683915198,2.4314082825099694,0.06754098642210465,0.01341045360662783
347,4.9253184786591175,5.71688728951466,0.0003999575335475556,0.007040567930286304,1.6487783143519295,6.746735273323761,-0.07280751680910741,-0.029084946812705896,4.391554239498271,3.411691403281916,-0.004725633686257725,-0.013709618985621026,2.1589563959113223,2.9972850201147216,0.009126620582026426,0.002120708284977315,8.745203888473085,2.432078805190301,0.06714673038165074,0.01357940421788762
348,4.925338476535795,5.717239317911174,0.0019774782765599836,0.006288282574584261,1.6451379385114742,6.745281025983126,-0.07169274678409253,-0.028461627002449533,4.391317957813959,3.411005922332635,-0.004529280712677364,-0.014944593977151206,2.1594127269404235,2.9973910555289707,0.00898475072411913,1.6505813303826188e-05,8.748561224992168,2.4327577754011953,0.06660620454291802,0.013766277200773308
349,4.925437350449623,5.717553732039903,0.003476922150323068,0.005523288018499986,1.6415533011722696,6.743857944633004,-0.07045913739085351,-0.027747300585375927,4.391091493778325,3.4102586926337772,-0.004306686049176578,-0.01614209143069177,2.1598619644766295,2.997391880819636,0.008821277162712995,-0.002046072499748828,8.751891535219313,2.433446089261234,0.06592543791572553,0.013970806557916054
350,4.9256111965571385,5.717829896440828,0.00489530519730774,0.004745285866280571,1.6380303443027269,6.742470579603736,-0.06911134859502469,-0.026946800799684426,4.390876159475867,3.4094515880622427,-0.004059193780495052,-0.017300406653402142,2.160303028334765,2.9972895771946484,0.008637678092998449,-0.0040650548580256725,8.7551878071151,2.4341446295891296,0.06511063310842019,0.014192673416107842
351,4.925855961817004,5.718067160734142,0.006230182136962091,0.00395410172777392,1.6345747768729757,6.741123239563751,-0.06765415882647191,-0.02606517834739556,4.390673199786842,3.408586567729573,-0.003788108503295307,-0.018417881891099504,2.160734912239415,2.997086324451747,0.00843536316482443,-0.006038638221022251,8.75844333877052,2.434854263259935,0.06416811417381268,0.014431514187015541
352,4.926167470923852,5.71826486582053,0.007479485433170473,0.0031496358117661626,1.6311920689316521,6.739819980646382,-0.06609244821548615,-0.025107630008475684,4.3904837943616775,3.4076656736350177,-0.0034949225688709067,-0.019492973383484175,2.161156680397656,2.996784392540696,0.008211474335473957,-0.007968552613553169,8.761651744479211,2.4355758389692856,0.06307935971359711,0.014671310122355768
353,4.926541445195511,5.718422347611119,0.00864151039309231,0.0023318547769091277,1.627887446520878,6.738564599145958,-0.06443123212039624,-0.024079522436128757,4.390309048233234,3.4066910249658435,-0.003181014334632282,-0.02052424614873319,2.1615672541144297,2.996385964910018,0.007935741386097851,-0.009868526847955349,8.764805712464891,2.4363094044754035,0.061793836909932905,0.014875714682273515
354,4.9269735207151655,5.718538940349965,0.009715006809303438,0.0015008521279893069,1.624665884914858,6.737360623024151,-0.06267554676115666,-0.022986331807093523,4.390149997516502,3.405664812658407,-0.0028474000597728537,-0.02151001784574776,2.1619640411837344,2.9958925385676203,0.007592333323043767,-0.011743534186777238,8.767895404310389,2.437053190209517,0.06032189759950143,0.015045469956237772
355,4.927459271055631,5.718613982956364,0.010699198331305658,0.0006567688672444968,1.6215321075768003,6.7362113064337965,-0.06083055539012109,-0.021833643076585432,4.390007627513514,3.4045893117661197,-0.0024947562570108222,-0.022448499217597534,2.1623436578498865,2.9953053618582812,0.007195471814555112,-0.01358774976610816,8.770911499190364,2.437805463707329,0.05867413501779538,0.015181402947053262
356,4.927994230972196,5.718646821399726,0.011593617062637484,-0.00020008692381761988,1.6184905798072944,6.735119624279967,-0.058901511039139376,-0.02062710005940666,4.389882889700663,3.40346688680524,-0.0021241394186748315,-0.023338215049324325,2.1627034314406144,2.994625974369976,0.006758192396444264,-0.015395499596294526,8.773845205941253,2.4385645338546817,0.05686160731653672,0.015284403626572289
357,4.928573911825328,5.718636817053535,0.012398213829466974,-0.0010693978504636142,1.6155455042553375,6.734088269276997,-0.056893705855609523,-0.01937234359012713,4.38977668272973,3.4022999760527735,-0.0017368466908468058,-0.024177895016936353,2.1630413410604366,2.9938561993901613,0.006292141816300336,-0.017161564173099164,8.77668828630708,2.4393287540360102,0.05489550824801427,0.015355432741342061
358,4.929193822516802,5.718583347161012,0.013113288145134126,-0.0019507587873735283,1.6127008189625571,6.733119652097491,-0.054812477435471164,-0.01807512030156126,4.389689840395188,3.4010910813019266,-0.001334568610264187,-0.02496649827432423,2.1633559481512514,2.992998121181506,0.005807354516071263,-0.018881000408825045,8.77943306171948,2.4400965256730776,0.05278734299878579,0.015395516614660569
359,4.929849486924058,5.718485809221643,0.0137396632987949,-0.0028436221168734884,1.6099601950907836,6.732215896082413,-0.05266323266506349,-0.016741178316639564,4.389623111964674,3.3998427563882103,-0.0009189428145421792,-0.02570314411629527,2.163646315877055,2.992054071161065,0.005312786093634549,-0.020549213530418043,8.78207242886942,2.4408663015038106,0.05054880749027234,0.01540573558216956
360,4.930536470088998,5.718343628115799,0.014278353314468537,-0.0037474400350251055,1.6073270334575305,6.731378837166581,-0.050451369490028965,-0.015376182311789891,4.389577164823947,3.3985575991823955,-0.0004918572808040428,-0.02638722760227113,2.163911955181737,2.991026610484544,0.004816173231882039,-0.02216179651945508,8.784599869243934,2.441636588282919,0.04818424988131028,0.015373304072125298
361,4.931250387754721,5.718156256114048,0.014730716432997856,-0.004661529323587642,1.604804464983029,6.730610028050991,-0.048182364087106334,-0.0139857984535562,4.389552571959907,3.397238237802282,-5.543691463602064e-05,-0.02701824656311958,2.164152763843331,2.989918520658571,0.004324057540577832,-0.023714780917313463,8.787009081737999,2.4424052534865255,0.04569975133578282,0.0152885229201619
362,4.931986923576371,5.717923179647868,0.015098711412021789,-0.0055859304019608355,1.6023953467786738,6.729910738128313,-0.04586137374818479,-0.01256901495309343,4.3895498001141755,3.395887325474126,0.0003881561254726601,-0.027595902230558685,2.16436896672036,2.9887327816127054,0.003853959805053654,-0.02520703004479087,8.789294069304788,2.4431696796325335,0.04310818347672921,0.01515408812468913
363,4.932741859146972,5.71764388312777,0.015384299244353446,-0.006520215979347453,1.6001022780912646,6.729282287380658,-0.043493032734395615,-0.011113279072211883,4.38956920792045,3.3945075303625982,0.0008371724431978417,-0.028115593126011782,2.1645616647106127,2.987472430110466,0.003408359578532162,-0.0266351613382963,8.791449478478624,2.443927384038768,0.040422464865846455,0.014972794765197157
364,4.93351107410919,5.7173178723288025,0.01558979855067459,-0.007463488074521051,1.5979276264545448,6.728726623427048,-0.04108263468325292,-0.00962427709402313,4.389611066542609,3.3931017507062977,0.0012909422313438607,-0.02856470578905731,2.1647320826895395,2.986140672043551,0.00298906288175005,-0.02799596546023763,8.793470601721916,2.4446760237770278,0.037655542377037825,0.014747500872761428
365,4.934290564036724,5.716944697925077,0.01571770527548519,-0.008414852617809996,1.595873494720382,6.728245409572347,-0.03863529628098165,-0.008119055946932933,4.389675613654176,3.3916735154168447,0.0017474232857691003,-0.028943419056912653,2.164881535833627,2.984740873770539,0.0025982482644738582,-0.029286413004544147,8.795353378840767,2.4454133988206657,0.034820271987123314,0.014481136027314186
366,4.935076449300498,5.716523955294186,0.015770837228367002,-0.009373305270949825,1.593941729906333,6.727839456775,-0.03615614650726472,-0.006615661682205102,4.389762984818464,3.3902263444639993,0.002208959559129353,-0.029249562179637843,2.165011448246851,2.983276553120312,0.0022371972265662577,-0.030503572167750962,8.797094392440123,2.4461374556220314,0.03192941505054933,0.014176647306010544
367,4.935864991161916,5.716055290030639,0.015752106096217307,-0.010337790286669955,1.5921339225809696,6.72750867369089,-0.03365061646282827,-0.0051193275876509165,4.389873432796421,3.3887638663550175,0.0026797494535909846,-0.02947924222887098,2.1651233081081793,2.981751374511924,0.0019072270306767847,-0.031644690332856544,8.79869086319265,2.446846287987332,0.02899556900898916,0.013837037292831063
368,4.936652596466726,5.715538400516306,0.01566476629264084,-0.011307216527441964,1.5904513917578282,6.727252707311507,-0.031124063860179536,-0.0036352176606821033,4.3900074202691,3.387289904243574,0.003156662980245228,-0.029633490353325152,2.1652186694597133,2.980169139995281,0.0016012804868640329,-0.03271408585637487,8.8001406416431,2.4475381398519738,0.026031206134362044,0.013465336138904513
369,4.9374358347813585,5.714973039689934,0.015512167598673974,-0.012280395811925159,1.5888951885648193,6.727070946428473,-0.028581800590755095,-0.0021682828121053193,4.390165253418113,3.3858082297259076,0.0036367109661565975,-0.029713444274119802,2.1652987334840565,2.9785334357024627,0.0013197688671769525,-0.03371038038089551,8.801442201949818,2.448211406658919,0.02304853196780187,0.013064568803236306
370,4.9382114431612925,5.714359019899337,0.01529785127527443,-0.013256174790243134,1.5874660985352815,6.7269625322878674,-0.02602911880195295,-0.0007233167454766248,4.39034708896642,3.384322557512202,0.004117011526750203,-0.029720411560873735,2.1653647219274155,2.976847916683418,0.0010633657041015053,-0.03463193291604198,8.802594628548208,2.448864635099081,0.020059487554831328,0.012637744179517449
371,4.938976335725056,5.713696211159825,0.015025503869721565,-0.014233353918919786,1.5861646425951839,6.726926366450594,-0.023471200000049222,0.0006951319597495583,4.390552939542758,3.382836536934158,0.004594628388212796,-0.029655889038139257,2.1654178902126207,2.975116320037616,0.0008322468313397789,-0.03547721236750163,8.803597602925949,2.4494965223080567,0.017075701761646092,0.012187875655070365
372,4.939727610918542,5.71298454346388,0.01469909505135742,-0.01521069845048569,1.5849910825951814,6.726961123048581,-0.020913196634055723,0.0020826480895114927,4.390782670962168,3.381353742482251,0.0050667556618915754,-0.029521544138578,2.165459502554188,2.9733424594192406,0.0006261410477580452,-0.03624494333557464,8.804451388014032,2.45010591609081,0.01410840782861215,0.011717919247746886
373,4.94046256567111,5.712224008541355,0.014322468574711951,-0.016186965441832766,1.5839454227634786,6.727065255453057,-0.01836016951084291,0.0034351748026741533,4.391036008745263,3.379877665275322,0.0055305114632116514,-0.029319115845163585,2.1654908096065757,2.971530212252462,0.00044467284409421923,-0.03693391235351242,8.805156808405462,2.4506918120531975,0.01116849328915578,0.011230825387463391
374,4.9411786890998455,5.711414660269264,0.013899724494287643,-0.017160909900943263,1.5830274142879364,6.72723701419319,-0.015817101951243032,0.004748737959547141,4.391312534318423,3.3784117094830637,0.005983248600886937,-0.029050307348978937,2.1655130432487804,2.9696835166347864,0.00028698093323129654,-0.03754315084583737,8.80571523306992,2.4512533533225707,0.008266435149712384,0.01072943535313052
375,4.94187367532456,5.710556614774217,0.013435035135218772,-0.018131304903457386,1.5822365591903742,6.727474451091168,-0.013288868125082601,0.006019655483199456,4.391611696748468,3.376959194115615,0.006422267729567166,-0.028717283043687463,2.165527392295442,2.9678063590924944,0.00011665283767599104,-0.038085836281922233,8.806128554827406,2.451789825090227,0.00541225071589452,0.010216582600549282
376,4.942545427081321,5.709650049529044,0.012929110537836226,-0.019093008989969712,1.58157211578412,6.727775433865328,-0.010780242736937154,0.007244565671665766,4.391932810134946,3.3755233299634306,0.006845771769212361,-0.028322035936315774,2.1655332249373256,2.9659020672783982,-8.509286614042286e-05,-0.03856949672840215,8.806399167363201,2.4523006542202546,0.0026155415509174465,0.009695000375211657
377,4.943191882608213,5.708695399079545,0.01238649406618801,-0.020044623127708654,1.5810331036472731,6.728137662148911,-0.008295881654621709,0.00842022901250253,4.392275098723407,3.374107228166615,0.007252255702541943,-0.027866608254288553,2.1655289702940186,2.9639735924419783,-0.0003164382365522957,-0.03899424655168928,8.806529944440747,2.452785404239015,-0.00011467565258044049,0.009167365670726122
378,4.943811207311522,5.70769316792316,0.011815501313278349,-0.02098601600019119,1.580618309564542,6.728558673599537,-0.005840358044506657,0.00954377926735411,4.392637711508534,3.3727138977539006,0.007640254745410557,-0.027353191213359353,2.1655131483821908,2.9620238801143937,-0.0005754640039978599,-0.0393602306888593,8.806524210658118,2.4532437725225513,-0.0027698267664482005,0.008636231056005183
379,4.944401982377186,5.70664386712315,0.01122047522253719,-0.021915961800644614,1.5803262916623166,6.729035862562904,-0.0034180826503053784,0.010612523796392777,4.393019724245805,3.3713462381932326,0.008008377129362698,-0.026784017752533074,2.165484375181991,2.9600558685799507,-0.0008605370012102699,-0.03966754243515112,8.806385719319795,2.4536755840753517,-0.005341899436311901,0.008104092848077836
380,4.9449630061383125,5.705548069033117,0.010605538200208814,-0.02283332673696659,1.5801553875298013,6.729566488752724,-0.0010333347129837154,0.01162404414115677,4.393420143102274,3.370007037305606,0.008355317512677785,-0.026161541348000285,2.1654413483319304,2.9580724914581933,-0.001170319103914318,-0.03991570271823235,8.80611862434798,2.4540807887177554,-0.00782341923971671,0.00757333486020607
381,4.945493283048323,5.704406402696269,0.009975007112691076,-0.023736915549764852,1.5801037207941522,6.7301476909597815,0.0013097126972659947,0.012576222101582386,4.393837908977908,3.368698960238206,0.00867983313851225,-0.025488269120131846,2.165382832376735,2.9560767063222815,-0.0015027003076849557,-0.0401051337881168,8.805727453385993,2.4544594554607655,-0.01021360163052577,0.007045970984325232
382,4.945992033403958,5.70321955691878,0.009333107929298552,-0.02462564157185934,1.5801692064290154,6.7307765020648604,0.003607089538572681,0.013467165975256063,4.394271900634833,3.3674245467821993,0.00898072073809969,-0.02476670446400833,2.1653076973613508,2.9540714496328757,-0.001854482823329983,-0.04023643431059696,8.805216773304467,2.454811754009982,-0.012505654659466924,0.006524183495492162
383,4.946458688800423,5.701988274840187,0.008693502779671819,-0.025413422471413833,1.580349560905944,6.7314498603636235,0.005854908843038929,0.014295285063220359,4.394720936671738,3.3661862115589987,0.009256890291498777,-0.02399955417556059,2.165214973220184,2.952059627917346,-0.0022245073405085187,-0.04031010925459355,8.804591490571495,2.4551379631847565,-0.014693304937677563,0.00601003098912579
384,4.946893363939406,5.700717603716616,0.008065332781145245,-0.026054217711592536,1.5806423063480959,6.732164624616784,0.008049501944778813,0.015059219681082465,4.395183781186313,3.3649862338502206,0.009507067749427434,-0.023189735203658458,2.1651037478531587,2.9500441224546163,-0.0026116503116665464,-0.04032685095803259,8.80385682532461,2.455438464734213,-0.016770844575362386,0.005505471477806987
385,4.947296630578463,5.699414892831037,0.007452455099293858,-0.02655023643610857,1.5810447814453348,6.7329175856008385,0.010187348816989315,0.0157578358039094,4.395659134573784,3.363826747090038,0.009730103487299559,-0.022340313415651437,2.1649731653375754,2.9480277799067145,-0.0030148239520369153,-0.04028719195407262,8.803018283095842,2.4557137383081034,-0.018733136397199812,0.005012308374569239
386,4.947669253333427,5.698087381009231,0.006858068268367917,-0.026904506211670558,1.5815541488861842,6.733705477391034,0.012265041191576374,0.016390323553590276,4.396145639748149,3.362709731419255,0.009925119081662772,-0.02145433013853919,2.1648224241399734,2.946013420309011,-0.003432624572235165,-0.04019194640345318,8.802081626275982,2.4559643537268316,-0.020575688448147954,0.004532218060046854
387,4.948012156746846,5.696742155698648,0.0062852009493800706,-0.027120465457940918,1.582167400945763,6.734524993568713,0.014279419277308834,0.01695609209908376,4.396641895702232,3.3616370149123282,0.010091218227671263,-0.02053493994814646,2.1646507929113614,2.9440038229888383,-0.0038640746560869793,-0.0400418357028198,8.801052841853574,2.456190964629834,-0.022294514667587462,0.0040667767045651105
388,4.948326416794315,5.695386132425751,0.005736305873462827,-0.027202272710659052,1.5828813719096284,6.7353727981736675,0.01622744696259345,0.017454809889553287,4.397146456613616,3.360610267914921,0.010227650651858922,-0.019585156604324694,2.164457589178557,2.9420017312036975,-0.00430776455374342,-0.03983771854904858,8.799938116120195,2.4563943034650624,-0.023886226531462853,0.0036173768216375734
389,4.948613232087989,5.694026018790218,0.005213460262486608,-0.0271544521544487,1.5836927442577582,6.736245538668145,0.018106279615758312,0.01788637187181244,4.397657839146208,3.3596310100847044,0.010333891833351727,-0.018608051236395952,2.16424220095087,2.940009845276245,-0.004762382963019429,-0.03958046562397299,8.798743804793622,2.4565751723061444,-0.025348042738037292,0.003185322262868705
390,4.948873905101113,5.692668296182496,0.004718479077884824,-0.02698222459157787,1.5845980582385462,6.737139857261735,0.019913273025749575,0.01825091436820308,4.398174533737876,3.3587006075228847,0.010409537205623265,-0.01760667560217273,2.164004081802719,2.938030821995046,-0.0052267526921806915,-0.0392710083432999,8.79747640265672,2.456734438419288,-0.026677752700047675,0.0027717425362769987
391,4.949109829055007,5.691319184952917,0.004252670641610295,-0.026691060442047637,1.5855937218898337,6.738052402980146,0.021645966638325107,0.018548798755167222,4.398695010598157,3.3578202737427763,0.010454252982662792,-0.016583993542616485,2.16374274416811,2.936067271577881,-0.0056764239159403426,-0.03889615526781795,8.796142515021717,2.456873025546102,-0.027873732190923872,0.002377648685649457
392,4.949322462587087,5.689984631930814,0.003817093681165845,-0.026286928889843148,1.58667602022175,6.738979842917904,0.023302057106493367,0.018780634490197696,4.39921772324729,3.3569910740656455,0.01046755487673151,-0.015543176769887326,2.1634589229723127,2.9341224638144903,-0.006101418816762982,-0.038450402164695835,8.794748828412171,2.4569919079803846,-0.028934862878518285,0.0020039232089747215
393,4.949513317271146,5.688670285486322,0.0034124254543277327,-0.025776151403354926,1.5878411230770746,6.739918874642414,0.02487947242379035,0.018947165897937664,4.399741100991126,3.3562139152271513,0.010448747748659726,-0.014487270336275218,2.1631538520314746,2.9321999437062556,-0.006504348078089772,-0.03793527689190028,8.793302085268245,2.457092104140833,-0.029860618006782712,0.0016512918160859968
394,4.9496839385438625,5.687381477916154,0.0030390675473901336,-0.02516530554139845,1.5890850966982641,6.740866232937311,0.026376295928357496,0.019049451694248418,4.400263538378559,3.3554895517103374,0.010397529849933262,-0.013419322274302361,2.1628286346275702,2.9303031798616606,-0.006887253159004269,-0.037352433990551215,8.791809054367906,2.4571746687316374,-0.030651046004491034,0.0013203490633149173
395,4.949835891921232,5.686123212639084,0.002697098191449315,-0.024461240808980985,1.590403911494682,6.741818705522023,0.027790838573573486,0.019088637027546936,4.400783414871056,3.354818585596622,0.01031387808375227,-0.01234232548219454,2.1624842719696202,2.928435558162133,-0.007251546689587651,-0.03670359584861813,8.790276502067682,2.4572406861848033,-0.031306646060543245,0.0010115874340389398
396,4.949970746830805,5.684900150598636,0.00238626630193916,-0.023671057097183985,1.5917934534233606,6.7427731373734,0.02912403279960002,0.0190875847567289,4.401299108775244,3.3542014693225126,0.010197760412620181,-0.011259140982900975,2.162121694635141,2.926600378369702,-0.0075969097849903685,-0.03599089505509852,8.788711169764655,2.4572912655565053,-0.03182846200128097,0.0007253418318558958
397,4.950090060145902,5.683716597743777,0.002106153156230122,-0.022801951434033435,1.5932496550633406,6.743727516611237,0.03037898438095893,0.01908579636854789,4.401808996795875,3.3536385122733674,0.010049448782728785,-0.01017258435082924,2.1617418491458915,2.924800833616947,-0.007924463012534199,-0.03521641637557565,8.78711974666459,2.4573275326480983,-0.03221804131229419,0.0004618160301451114
398,4.950195367803714,5.682576500172075,0.001855591993400723,-0.02186840793447427,1.5947686042823885,6.744681806429664,0.03155483836352672,0.019083091558953456,4.402311469235012,3.353129883055826,0.00986945504896509,-0.00908531916854274,2.161345625995265,2.923040012798168,-0.008235258394199429,-0.034381963921574936,8.785508844598976,2.4573506234496056,-0.032477343496279905,0.00022111657220912247
399,4.950288147403383,5.681483079775352,0.0016334406394454542,-0.020878706987517398,1.596346346200565,6.745635961007612,0.03265096554577197,0.019079281828256498,4.40280494198746,3.3526756170973986,0.009658311182783716,-0.007999906945650694,2.160933863075555,2.9213209146020893,-0.008529969462472019,-0.03348978269272863,8.783884977424162,2.457361679278216,-0.03260887418349285,3.213655725541395e-06
400,4.950369819435355,5.680439144425976,0.0014387707520219389,-0.019839784338640493,1.5979788944778535,6.746589925099025,0.033666807879207984,0.01907416452066478,4.4032878575466,3.352275621750116,0.009416909763740175,-0.006918845861827252,2.1605073646024313,2.919646425467453,-0.008809201204496441,-0.03254207182103216,8.782254533714987,2.457361839961002,-0.03261549961228866,-0.0001920406016889486
401,4.950441757972956,5.6794471552090435,0.0012703589457961622,-0.018758551705198807,1.599662234871814,6.7475436333250585,0.03460206920325603,0.01906747663068323,4.403758703034787,3.3519296794570246,0.009146343792008035,-0.005844561826114771,2.1600669045422065,2.9180193218764012,-0.009073260584193287,-0.031540994116900554,8.780623758734372,2.457352237930918,-0.03250050995905895,-0.00036489729624199604
402,4.9505052759202455,5.678509227623784,0.0011267739642354551,-0.01764193179415397,1.6013923383319768,6.748497007156593,0.03545661801516856,0.019058915664739617,4.404216020224387,3.351637451365719,0.008849030235932939,-0.004779637954806206,2.159613241512997,2.9164422721705563,-0.009344779485183773,-0.030471920830993048,8.778998733236419,2.4573339930661056,-0.03226754930277366,-0.0005156946842927012
403,4.950561614618457,5.677627131034076,0.0010065897662135663,-0.016496602002101464,1.6031651692327353,6.74944995293983,0.036230458785293955,0.019048169443506922,4.404658471736184,3.3513984694679784,0.008526302004383675,-0.0037262244854618285,2.159146002538738,2.9149186761290067,-0.00963312775762659,-0.0293274730014187,8.77738535577128,2.457308208331891,-0.03192068640549678,-0.000644905505179939
404,4.950611944106767,5.676802300933971,0.0009083028245660367,-0.015329101331102175,1.6049766921720001,6.7504023614120054,0.036923811678288836,0.019034895240277693,4.405084786836403,3.351212158243705,0.008179760972188584,-0.0026860141899932594,2.158664346150857,2.9134523024789356,-0.009932207846361217,-0.02811057702997147,8.775789321451004,2.4572759630566323,-0.03146427166123885,-0.000753068435880867
405,4.950657359247995,5.676035845867417,0.0008326157290431561,-0.014158170226531548,1.6068228827559146,6.751354106174019,0.03753701495051231,0.019018728721660737,4.405493774885012,3.3510778575342055,0.007810978466795556,-0.001660915907149431,2.1581677357585387,2.912046773627437,-0.01023616657527071,-0.026816346173970093,8.774216107867943,2.4572383096348385,-0.030902926665144145,-0.0008408089584573629
406,4.950698990034447,5.67532793735609,0.0007784146178456845,-0.01299300773398809,1.60869973350344,6.752305042610102,0.03807060504376735,0.018999228813284717,4.405884323808352,3.350994811738848,0.007422048846410386,-0.0006526291143645019,2.1576559274297753,2.9107059563187385,-0.010539261036830958,-0.025445928102223268,8.772670961534686,2.4571962691869156,-0.03024165224690932,-0.0009088561064000698
407,4.95073791076534,5.674678286969391,0.0007415755946132245,-0.011819996613579317,1.6106032637556285,6.753255004050766,0.03852524729490127,0.01897599243873934,4.406255426250673,3.3509621802831298,0.007020412260817162,0.0003389840241025716,2.1571289643779337,2.9094336599136272,-0.010836660274582919,-0.024003765782205453,8.771158878922341,2.4571508263815955,-0.029485630285339536,-0.0009579996412522616
408,4.950774989545071,5.674087287138712,0.0007202069569322171,-0.010644208102988524,1.6125295261203736,6.754203803672703,0.038901755307315246,0.018948608324520465,4.406606446863714,3.350979129484335,0.006606972465442292,0.0013120407465349467,2.1565871313642044,2.908233471624517,-0.011123396241384562,-0.02249413631284057,8.769684597408075,2.457102926399533,-0.028640298214154425,-0.0009890989874857935
409,4.9508109998929175,5.673555076733563,0.0007125004488917889,-0.009471170719283146,1.6144746138857393,6.755151234088929,0.03920105854093875,0.01891659888986702,4.4069367954869865,3.351044731521662,0.006182526672409646,0.0022646217833708557,2.156030961552135,2.907108764808875,-0.011395108857470568,-0.02092157821529924,8.768252582497366,2.4570534714501586,-0.027711252164440335,-0.0010030869563362088
410,4.950846624915362,5.673081518197598,0.0007168437648507656,-0.008306090741919799,1.6164346668127862,6.756097064033423,0.03942430513024177,0.01887948282727244,4.407245921820607,3.3511579626108303,0.005747818449662797,0.0031950194615374835,2.1554612061092615,2.90606268589811,-0.011647831433731135,-0.01929115183079063,8.766867019889144,2.457003317102342,-0.02670428719778556,-0.0010009194587492843
411,4.950882467103605,5.672666213660502,0.0007314241785499157,-0.007154063995497746,1.6184058820692984,6.757041038174786,0.039572639111874953,0.01883682800306211,4.40753331274309,3.3513177135839074,0.005303726965712182,0.004101513441975001,2.154878814537575,2.9050981283065704,-0.011878017493802127,-0.017615157695351234,8.765531805529255,2.4569532711294046,-0.025625357073145096,-0.0009836507518794846
412,4.9509190383125325,5.672308510460727,0.0007545645642968716,-0.006019795707928462,1.620384514024892,6.757982879574939,0.03964744927406157,0.018788124797523197,4.407798499091376,3.351522789256006,0.004851078489946,0.004982516751016262,2.1542849136628845,2.904217370421803,-0.012070655607896861,-0.01590789198303043,8.764250537675597,2.4569040885918105,-0.024480516877370063,-0.0009523473877944512
413,4.950956766540747,5.672007520675331,0.0007845475632640423,-0.00490781788112454,1.6223668864885952,6.7589222858148155,0.03965018997013415,0.01873286806129123,4.408041053015873,3.3517719150935568,0.00439045789294111,0.005836481903071287,2.1536813808824897,2.9034219758226514,-0.012217672326880511,-0.014187717394767393,8.763026511831729,2.456856471222421,-0.02327592600543994,-0.0009081172663737548
414,4.9509959939189105,5.671762129781275,0.0008198346305581631,-0.0038224470089548066,1.6243493959871018,6.75985892921788,0.039582434017656695,0.018670579467091886,4.4082605759105205,3.3520637391887105,0.003922552118228548,0.006661934428239945,2.1530704972661456,2.902712589952913,-0.012320018344837244,-0.012459370264647593,8.761862715531457,2.456811065359102,-0.022017735656695545,-0.0008520966011584265
415,4.951036985650439,5.671571007430827,0.0008588075000735821,-0.0027674951809816793,1.6263285176879847,6.760792458191235,0.03944585109174098,0.018600754610618754,4.408456703516432,3.3523968359101226,0.003448160613106363,0.007457596551949862,2.152454496348904,2.9020896214396807,-0.012378730782586153,-0.010727346645532241,8.760761828748622,2.456768460529044,-0.02071225498278636,-0.0007854443299603177
416,4.951079926025442,5.671432632671777,0.0009000416208001675,-0.0017466904814713434,1.6283008102425718,6.761722495921766,0.03924219207882727,0.018522906223900792,4.4086291115470875,3.35276971573772,0.002967908481286638,0.008222193526427033,2.1518355598097747,2.9015532541074043,-0.012394879543500955,-0.008996204430101504,8.759726215999484,2.456729188312546,-0.019365708198743045,-0.0007093413698040408
417,4.951124928106482,5.6713452981477035,0.0009420342106315197,-0.0007633564281635716,1.630262919846513,6.7626486412329605,0.03897335166156138,0.018436543313676668,4.408777506971152,3.3531808254140416,0.002482691282557123,0.00895461516859639,2.1512158158326,2.901103443885899,-0.012369853415804918,-0.007270296247540106,8.758757930589546,2.456693721244056,-0.01798433740098971,-0.0006249645398948801
418,4.951172029817014,5.671307130326295,0.000983508240053326,0.00017948073936768034,1.632211587429591,6.763570468398644,0.03864123867869223,0.018341191277962354,4.40890164153528,3.3536285561724712,0.00199330324880945,0.009653836278567793,2.1505973231618096,2.9007399290735223,-0.012304981583076533,-0.0055539974513035915,8.757858713719497,2.456662473017061,-0.01657429676909941,-0.0005334981100187164
419,4.951221205229017,5.671316104363264,0.001023346121976048,0.0010791781139201687,1.6341436493635257,6.764487527962542,0.038247904275058156,0.018236352423794743,4.4090013066977205,3.3541112479863995,0.0015007531886564425,0.010318992588992002,2.1499820740826556,2.900462229200957,-0.012201918074208316,-0.003851243065534224,8.757029998881041,2.4566357981115603,-0.015142753016548332,-0.00043788058916297674
420,4.951272372535116,5.671370063268959,0.001060342352459103,0.0019331851754910516,1.6360560445772787,6.765399345583732,0.03779546441554869,0.018121548418078746,4.409076344357153,3.3546271976158493,0.0010059783851371937,0.010949229518274548,2.1493719781789453,2.9002696670476804,-0.012062102341371592,-0.0021660873236638207,8.756272861230213,2.456613904082102,-0.013699093129830536,-0.0003389952378366601
421,4.951325389652739,5.671466722527734,0.0010934963185283246,0.0027395655181831884,1.6379458177980561,6.766305423004636,0.03728603282987917,0.017996374694287953,4.4091266432764105,3.355174659091763,0.0005100688581930332,0.011543904826367976,2.1487688730618766,2.900161362681497,-0.011887304642516193,-0.0005022622215133804,8.755587906573721,2.45659695432021,-0.012249775272207435,-0.00023751484928843496
422,4.951380064468665,5.671603700803644,0.0011219884563180508,0.003496505158451872,1.63981011943955,6.76720524173935,0.03672188641548002,0.01786034547456744,4.40915214671932,3.3557518543330813,1.3943264411561858e-05,0.012102388939211848,2.1481745078297507,2.9001362495704215,-0.011679196887928065,0.0011366369632500512,8.75497541781011,2.4565850785777457,-0.010800171312289412,-0.00013406303711426375
423,4.951436163891481,5.6717785260615665,0.001144980575511128,0.004202386528683381,1.641646213760324,6.768098259013079,0.036105274502633455,0.017713047996752142,4.4091528438825405,3.356356973780042,-0.00047947255320680826,0.012620049830849054,2.1475905479853545,2.900193081418584,-0.011439436086731968,0.002747008619965921,8.754435409244495,2.45657837542589,-0.009355501871900733,-2.9237337878019784e-05
424,4.951493412920256,5.671988645388001,0.0011618587482663694,0.004856188154277878,1.6434514774854556,6.768983911412916,0.03543851571202124,0.017554088870186536,4.4091288702548805,3.356987976271584,-0.0009671924019588301,0.013092190655271294,2.147018576181018,2.9003304318495826,-0.011169500434118329,0.004325376680256734,8.7539676341509,2.456576913558996,-0.007920850482182676,7.637439761119965e-05
425,4.95155150585767,5.672231454795715,0.0011720790822001997,0.005457017828208881,1.6452234032710567,6.769861615856426,0.03472399869978274,0.017383056077763616,4.409080510634783,3.357642585804348,-0.0014485852176679443,0.013518850155497673,2.1464601011593123,2.9005467006835954,-0.01087034956486803,0.005867975061895262,8.753571591626791,2.456580732278877,-0.00650109578331011,0.00018217463278952126
426,4.95161010981178,5.672504305687125,0.0011752198744508328,0.006004299061802702,1.6469596032060458,6.770730768660314,0.03396411137699927,0.017199591991614728,4.4090080813739,3.3583185283121226,-0.0019227606559528182,0.013900173594566766,2.145916583681069,2.90084009943669,-0.010543264978843746,0.007371402016045462,8.753246536837626,2.4565898410105165,-0.005100933131175214,0.0002875963784735191
427,4.951668870805502,5.672804520640216,0.0011709950227233473,0.0064977567423708015,1.6486578087748958,6.771590748259896,0.03316127071201647,0.01700335759868118,4.408911943341102,3.359013536991851,-0.0023889498168958496,0.014236473920146707,2.1453894204321267,2.9012086695374926,-0.010189704009610234,0.008832392698289762,8.752991490181067,2.45660422082944,-0.0037254155095388236,0.0003909915662351537
428,4.951727420556638,5.673129408477334,0.001159219752618939,0.006937400369403439,1.6503158723104965,6.772440916139829,0.0323179212403282,0.016794030300464658,4.408792495850257,3.3597253606878583,-0.002846344312502272,0.014528110995280329,2.1448799352316463,2.901650289172407,-0.00981093325586897,0.010247744849087607,8.752805219405591,2.456623770407752,-0.0023794424202014746,0.0004905884480084765
429,4.951785381544269,5.673476278495804,0.00113976814932552,0.0073234787690094885,1.651931768372513,6.773280617654852,0.03143655592620219,0.01657129791763815,4.408650178634632,3.3604517662376225,-0.0032942102605832886,0.014775653299267177,2.144389388568853,2.902162676414861,-0.00940877661975008,0.011614718144895446,8.752686247284581,2.456648299830152,-0.0010671712871362508,0.0005855350440814632
430,4.951842369951735,5.673842452434255,0.0011126908767911496,0.0076563702677018225,1.6535035961688231,6.774109182550735,0.03051964687228049,0.01633491905139032,4.408485468121603,3.3611905489025857,-0.003727093836141951,0.014982753106715862,2.1439189497378655,2.902743412322106,-0.008984813624340114,0.012930619945885551,8.752632888720225,2.456677576582356,0.00020741927961809054,0.0006750192469898152
431,4.9518980044955745,5.67422527094764,0.0010779827196094097,0.007936994825919646,1.6550295785124371,6.774925928503304,0.029569684807656656,0.016084621755529372,4.408299113429796,3.3619396865579216,-0.004144545769168265,0.01514996028211597,2.1434697090566486,2.9033899433194,-0.008540281066018162,0.014193019500138175,8.752643259684206,2.4567113275447054,0.001440643477840251,0.0007582837052158552
432,4.951951903631555,5.6746221206889365,0.0010358783710691037,0.008166222485212165,1.65650806275282,6.77573015959108,0.028589146305321108,0.015820206354495315,4.408091886141337,3.3626971845720273,-0.0045461063588394,0.015277861919577007,2.1430426950033477,2.904099594294407,-0.008076904499250468,0.015399865662814986,8.752715291858097,2.456749241729966,0.0026291641924808687,0.0008346470631639945
433,4.952003697550108,5.675030431813197,0.0009865946430656018,0.008345142159575152,1.657937520068086,6.776521169908805,0.027580477390883814,0.015541522346560088,4.407864580823395,3.3634610776680063,-0.004931463425828345,0.015367215737324913,2.1426388497783853,2.9048695875775477,-0.007596275368052539,0.016548974296213995,8.752846750067722,2.456790974083124,0.0037698685709665484,0.0009034693159609574
434,4.952053027282261,5.675447688921176,0.0009305651593896451,0.008475226444622057,1.65931654393763,6.777298246026133,0.026546188910005937,0.01524840842665377,4.407618007652103,3.3642294384548723,-0.005300186326576598,0.015418795856504474,2.1422590360099827,2.9056970362923584,-0.007100071543174801,0.01763870105719746,8.75303524349627,2.4568361475489224,0.004859871003432102,0.0009641715534943629
435,4.95209955554023,5.675871450243408,0.0008681997019740643,0.008557986498541685,1.6606438533831303,6.778060666447465,0.025488719437716852,0.014940739052493301,4.407352998335774,3.3650003782476974,-0.005651974802686103,0.015433436743597739,2.141904032432824,2.906578971345218,-0.006590075203496036,0.0186674172488469,8.753278237046443,2.456884356126597,0.005896617430848903,0.0010162363329417545
436,4.952142965525329,5.6762993495683345,0.0007999222088548245,0.008595115471595454,1.6619182893550162,6.77880770340009,0.024410493392942798,0.014618443816092041,4.40707039959564,3.3657720500848773,-0.00598653679139746,0.015412056308679057,2.141574528672649,2.9075123422076605,-0.006068137073236522,0.019633854130418908,8.753573067917985,2.4569351679432443,0.006877883854908771,0.0010592289129253017
437,4.952182961635772,5.676729105341915,0.0007263384122344555,0.008588379525369054,1.6631388140246632,6.779538625590894,0.02331391060769404,0.014281483601901856,4.4067710727560705,3.3665426529003115,-0.006303558623267539,0.015355636536815908,2.141271121818987,2.9084940349141815,-0.00553597376616579,0.020536766244234454,8.753916962110731,2.4569881293888907,0.007801651168269939,0.0010927510599120992
438,4.9522192785563846,5.677158524318183,0.0006479981649610105,0.008539737414591035,1.664304509555048,6.7802526997709895,0.02220137538432921,0.013929825254839089,4.406455894824907,3.3673104347271523,-0.006602703532053359,0.01526519145348273,2.1409943231306787,2.909520873226393,-0.004995611840206203,0.021375281872363698,8.754307044669144,2.4570427669418864,0.008666225108904666,0.0011164846355658498
439,4.952251678464632,5.677585511188912,0.0005655280608626905,0.008451309575954474,1.6654145783242644,6.780949191033732,0.021075239871142754,0.013563494106877771,4.4061257596483046,3.3680736942998264,-0.00688382697649134,0.015141828965835047,2.1407445425386684,2.9105896373200113,-0.004448672541695652,0.022148658611016284,8.75474035592459,2.4570985911736645,0.00947021018306715,0.0011301807890394245
440,4.9522799548676755,5.67800807666771,0.00047968135363784457,0.008325225018685706,1.6664683403178215,6.781627365739076,0.019937779475448975,0.013182548645075587,4.40578156829948,3.368830785748118,-0.0071466376388801415,0.014986670380431933,2.1405221089115836,2.911697070250562,-0.0038970989820538136,0.02285632942444266,8.755213866433742,2.4571551002131162,0.010212436649603671,0.0011336431975340945
441,4.952303938935358,5.678424337918644,0.00039122694320407533,0.008163803475232817,1.667465229291594,6.78228649317133,0.018791294191478142,0.012787102514069703,4.405424236417535,3.3695801192671397,-0.00739097458667887,0.014800858616336954,2.140327253962481,2.912839886721784,-0.00334374622376543,0.023502968806909334,8.755724488266223,2.457211782372993,0.010892071533603496,0.0011267276923153091
442,4.952323500282517,5.678832528092405,0.0003008353818151059,0.007969400819180556,1.668404794001168,6.782925848297033,0.017637986410854706,0.012377254038240937,4.405054687688201,3.3703201621979564,-0.007616632928921111,0.014585599165849162,2.1401600666512928,2.9140150351621292,-0.0027921994862137407,0.02409055302491964,8.756269091842903,2.4572681187576086,0.011508478555483646,0.0011093720610350843
443,4.952338542051608,5.679230998133364,0.00020931878275600097,0.007744352423375496,1.6692866933217108,6.783544710998945,0.016480042133925805,0.011953169738065627,4.4046738560417555,3.3710494421562487,-0.007823512827826866,0.01434212362158276,2.1400204566769823,2.915219562813375,-0.00224327237279993,0.02461774209155322,8.756844515770677,2.4573235873606603,0.012061376828355617,0.0010815729494769598
444,4.952349007990746,5.679618215754533,0.00011741847879615446,0.007491054592443654,1.670110695428407,6.784142369485848,0.015319579560755144,0.011515055249568251,4.404282680400364,3.371766548337328,-0.008009268840624221,0.014072299844093396,2.139908293058342,2.916450449917953,-0.0016981003520069688,0.025084515564279566,8.757447584612095,2.457377666008134,0.012550682905716724,0.0010433679845281416
445,4.952354878914686,5.679992768484155,2.5951053568989233e-05,0.007212090628942498,1.6708766744064447,6.784718122248327,0.014158690814374337,0.011063119934063581,4.4038822169583325,3.372470163329533,-0.008169613903237708,0.013778783220305815,2.139823388040742,2.9177046756961666,-0.0011575864342032046,0.025490826457874784,8.75807511875738,2.4574298344073604,0.012976574856443233,0.000994868179839524
446,4.952356176467364,5.680353373015602,-6.442933194908481e-05,0.006909854218153306,1.6715846089471635,6.78527127824503,0.012999407668112167,0.01059762456187251,4.40347373626317,3.3731591024905483,-0.008304641147924788,0.013462852269850447,2.139765508719032,2.9189792170190603,-0.0006223981914101214,0.0258366833172235,8.758723947500203,2.4574795778163523,0.013339457247061558,0.0009362314877197618
447,4.952352955000767,5.68069886572651,-0.00015283456855091435,0.006587027196561941,1.672234579330569,6.785801159473124,0.01184365460693682,0.010118895468425183,4.403058504205775,3.373832245104041,-0.008414607619716056,0.013125833196073546,2.1397343888094613,2.9202710511849213,-9.30720654306979e-05,0.026122365608947287,8.759390920362556,2.4575263893907384,0.013639960396690198,0.0008676799354706431
448,4.952345313272339,5.681028217086338,-0.000238568026950687,0.006246085205836245,1.6728267620609159,6.7863071042465455,0.010693368781803497,0.009627232167061597,4.402637773824789,3.3744885367638444,-0.008499728640390761,0.012768958325005844,2.1397297352061897,2.9215771694653685,0.00042963794497865725,0.026348199621910165,8.76007291838239,2.457569773387512,0.013879016372961827,0.000789477646174329
449,4.952333384870991,5.6813405213466295,-0.0003208906095531879,0.005889560512056598,1.673361430500006,6.786788465854898,0.00955035919368113,0.00912302208797279,4.402212787392769,3.3751269846800946,-0.008560393875314124,0.012393556095167771,2.1397512171034387,2.922894579446464,0.0009447751852692991,0.02651470467322127,8.760766869201039,2.4576092472698208,0.014057667512101956,0.0007019468574416364
450,4.952317340340514,5.681634999372232,-0.00039904459231170997,0.005519890758929798,1.67383894845969,6.787244616959297,0.008416405041216263,0.008606639995362788,4.401784767699003,3.375746662484853,-0.008596997460199722,0.01200091548028566,2.139798455862702,2.924220314680125,0.0014514813485564618,0.026622521920265565,8.761469752576645,2.4576443446126928,0.014177201274437733,0.0006054504125476355
451,4.952297388110899,5.681910993910178,-0.00047248161249431955,0.005139518060511002,1.6742597687117509,6.787674948959065,0.007293199096320519,0.008078523983370691,4.401354917825993,3.3763467082588674,-0.008610054230166801,0.011592300075545684,2.13987102993013,2.9255514407761383,0.0019490441593350797,0.026672384820315923,8.762178612640366,2.4576746171333204,0.014239127892656155,0.0005004040597104008
452,4.952273764030274,5.682167969813204,-0.0005405817817953526,0.004750744646204659,1.6746244286665668,6.7880788751582335,0.006182395387886413,0.007539134870406418,4.400924415114485,3.3769263232626447,-0.008600111802889237,0.011169041299700514,2.1399684821380967,2.926885060017154,0.0024363877537669568,0.026665200116306947,8.762890569035,2.457699637336306,0.014245035830540485,0.00038724886748050396
453,4.952246734941184,5.682405507045514,-0.0006027617197540699,0.004355912070510932,1.674933548435961,6.788455831901754,0.005085558537839301,0.006988962904673247,4.400494409524341,3.3774847753276296,-0.008567749833537468,0.010732467591270582,2.140090301525785,2.9282183200229692,0.0029127164098443417,0.026601980385797502,8.763602820826526,2.45771899977968,0.01419680039922697,0.0002664821621127898
454,4.952216596855196,5.68262330264904,-0.0006584454964903293,0.003957313226325461,1.675187826362853,6.788805280046987,0.0040041928184017025,0.006428487903561621,4.4000660220326635,3.378021398707193,-0.0085136336589588,0.010283738260596769,2.140235937346277,2.929548419042259,0.0033768797579230695,0.026483871861322256,8.764312660846487,2.4577323238877855,0.01409635874967081,0.00013862324907486383
455,4.952183674580372,5.6828211683103556,-0.0007072754841354786,0.003557067245034524,1.6753880360037732,6.7891267044421655,0.002939722035525688,0.005858280954074292,4.399640340349715,3.378535585620223,-0.008438491945935614,0.009824181001141446,2.140404781334173,2.930872612635325,0.00382788538066763,0.026312226817438784,8.765017478783971,2.4577392550502393,0.013945890921754665,4.237254905002739e-06
456,4.952148310806165,5.682999021672607,-0.0007487159859445988,0.0031572288105022393,1.6755350221055494,6.78941961848987,0.0018934843134864653,0.005278910162981777,4.399218415752419,3.37902679467028,-0.008343090614153273,0.009355054961025493,2.1405961756032066,2.932188223976197,0.004264958417695942,0.02608829135211039,8.765714773330059,2.4577394669129844,0.01374758440594179,-0.0001361017531618005
457,4.952110875006868,5.683156883113132,-0.0007824682336357532,0.002759784806309291,1.6756296963212236,6.789683563998019,0.000866767112611183,0.004690978282254367,4.398801261221711,3.3794945474183313,-0.008228295421077138,0.008877539567157405,2.1408094235240913,2.9334926385438025,0.004687270364445629,0.025813535942191664,8.766402152550356,2.457732661825326,0.013503840524358577,-0.00028177202417473254
458,4.952071751595186,5.683294872353447,-0.000808135111263126,0.0023664337785672626,1.6756730346768542,6.789918112912132,-0.00013922555327569607,0.004095091789152651,4.398389846450657,3.379938424396689,-0.008094858875347501,0.00839286938074209,2.141043787042314,2.934783315340912,0.005093787080329838,0.02548958546617854,8.767077344576574,2.4577185732241174,0.013217071029944247,-0.00043213318073148784
459,4.952031344839623,5.683413194042376,-0.0008255474906471668,0.0019791460100319464,1.6756660733991904,6.79012286750159,-0.0011233507651106037,0.0034919055897110985,4.3979851035068895,3.380358067865726,-0.007943764453603154,0.007902249160662072,2.1412984763963303,2.936057794614221,0.005483787349146786,0.025118042543957414,8.767738198128072,2.4576969665650807,0.012889870214862651,-0.0005865537861264771
460,4.951990067465091,5.683512151342877,-0.0008345653008726536,0.001599461745260306,1.6756099058609348,6.7902974627810755,-0.002084555010797135,0.00288207458996418,4.397587915284209,3.3807531803237594,-0.00777573411710394,0.0074068844108579335,2.1415726657637877,2.937313696741419,0.005856484389585438,0.02470070837667066,8.768382691638815,2.4576676388757743,0.012524844292206593,-0.0007443357209577686
461,4.951948339200047,5.68359212443014,-0.000834988121321529,0.001228879109745868,1.675505678110395,6.790441566510574,-0.0030218473631158987,0.002266293556552558,4.397199128578354,3.3811235245443023,-0.0075918370241655165,0.006907889738186973,2.141865489983267,2.9385487321602524,0.006210942408722821,0.024239341650585118,8.769008933853424,2.4576304220897263,0.012124714959068127,-0.0009048233341328329
462,4.951906589793981,5.683653568385627,-0.0008268353235033451,0.0008688483590018233,1.6753545857422392,6.790554881188402,-0.003934291284085862,0.0016452382571363734,4.396819536727145,3.3814689190312115,-0.007392943402601605,0.006406394650667685,2.1421760371037033,2.9397606992427816,0.006546696490329686,0.023735784242356603,8.769615169601378,2.4575851809230196,0.011692226264281102,-0.0010673136633723504
463,4.951865248027806,5.683697010803577,-0.0008100748699215351,0.0005206325527038654,1.6751578711780348,6.790637143101258,-0.0048210403877512135,0.0010196470442527818,4.396449889557015,3.3817892387637447,-0.0071801097447408485,0.005903525676086324,2.14250337192822,2.9409474884548996,0.00686293303100485,0.023192055166194624,8.770199780914592,2.457531815239851,0.011230145353479215,-0.0012311030013389414
464,4.95182474428431,5.683723042431212,-0.000784755189349979,0.00018546159544403153,1.6749168191586472,6.790688125453471,-0.005681366007329575,0.000390265721019535,4.396090884069778,3.382084415047549,-0.006954174985958462,0.005400375814616459,2.1428465185797703,2.9421070912132095,0.007159342086595479,0.022610153412873334,8.770761288182266,2.457470260089784,0.010741282585663625,-0.0013955029143854505
465,4.951785506524843,5.6837323155109845,-0.0007510200779941974,-0.00013558250221048997,1.6746327508582808,6.790707638739522,-0.006514543201328865,-0.00024215692921337616,4.39574317532048,3.38235443383828,-0.006716227656079655,0.004898006028935092,2.1432044856841,2.943237598883853,0.0074350921723069585,0.0219920556214251,8.771298352311549,2.4574004849440647,0.010228494513435193,-0.0015598011270068115
466,4.9517479555209425,5.683725536385874,-0.000709044624498218,-0.0004416269047427695,1.6743070236982143,6.790695530893061,-0.007319923024179093,-0.0008768937297796919,4.395407363937676,3.3825993341397265,-0.0064671275521053125,0.004397451949745196,2.1435762402927154,2.9443372016649243,0.007689944869560186,0.021339962320829218,8.77180977703722,2.4573224948877144,0.009694595221085378,-0.0017233136759042269
467,4.951712503289718,5.683703455040638,-0.0006591208916214404,-0.0007318043645713251,1.6739410275470052,6.790651686206573,-0.00809698691547071,-0.0015131258618718102,4.395084007560071,3.3828192067372136,-0.006207921480609302,0.0038996747019437727,2.1439607375361933,2.945404199780966,0.007923381617945615,0.02065581662250537,8.772294506798273,2.457236329203919,0.00914236526529295,-0.0018853562252498692
468,4.951679547245137,5.683666864822409,-0.000601448554923862,-0.0010054841900486273,1.6735361782012317,6.790576029913479,-0.008845205883981338,-0.0021500851706301883,4.39477361148604,3.383014190472311,-0.005939609309507732,0.0034056987403629003,2.1443569066170904,2.9464369906120913,0.008135098433774891,0.01994191079070646,8.772751625061538,2.457142061392657,0.0085746403370331,-0.002045237733693374
469,4.9516494748173905,5.683616590612907,-0.0005364485722092091,-0.0012619487039986772,1.6730939179070325,6.790468525654948,-0.00956415673673307,-0.0027869655032342388,4.394476631020565,3.383184475409329,-0.005663100754691486,0.002916444956764358,2.144763661538779,2.9474340861516266,0.008325029751938762,0.019200428497473183,8.77318035707839,2.457039799505972,0.007994221109552212,-0.0022022835511616894
470,4.95162265238878,5.6835534931777065,-0.0004645292352941929,-0.0015008399060237928,1.672615710070196,6.790329177379786,-0.01025348855137979,-0.003422987528953524,4.3941934759828305,3.3833302976571673,-0.005379409095121746,0.0024328543594775375,2.145179913026376,2.9483941075765,0.00849283582596201,0.018433585545475067,8.773580068133867,2.456929685328414,0.007403824064535923,-0.0023558413793235548
471,4.951599425927015,5.683478451182405,-0.00038609511070522654,-0.0017217685032877845,1.672103035642627,6.790158028003338,-0.010912921186091057,-0.004057314547587009,4.393924505528075,3.3834519403751413,-0.005089421694947606,0.001955766628935712,2.145604554817674,2.949315786853774,0.008638382545393886,0.01764352504765469,8.773950259337095,2.456811893259448,0.006806102353734799,-0.0025052797814733812
472,4.95158012117148,5.683392362757241,-0.0003016140949037968,-0.0019244232477862162,1.6715573895833225,6.789955162275959,-0.01154220206618463,-0.004689166110817166,4.3936700344433275,3.383549728706588,-0.004794154068304425,0.001486038581907528,2.146036473944944,2.950197963106157,0.008761640107912007,0.016832537359053674,8.774290564454782,2.456686629270374,0.0062036882672737315,-0.0026499982408150565
473,4.951565040466734,5.683296141594852,-0.00021161368899616587,-0.0021087124857362134,1.6709802794800133,6.789720703970418,-0.012141147907377829,-0.005317720419604154,4.393430326739912,3.383624030635683,-0.004494446640683537,0.0010245270351616318,2.1464745559503395,2.9510395899741093,0.008862799248379651,0.016002715720290724,8.774600748868146,2.456554129358333,0.00559915374557478,-0.00278939214273314
474,4.951554459782285,5.683190705970565,-0.00011665715687546122,-0.002274542537728302,1.6703732220846443,6.789454817949438,-0.01270967079281961,-0.005942157165024253,4.3932056044078776,3.3836752569874413,-0.004191262772156124,0.0005719651258287603,2.1469176959127587,2.9518397257601237,0.00894171393541712,0.015156416470611873,8.774880706555425,2.4564146597511964,0.004994996223254032,-0.002922890027695848
475,4.951548626924441,5.683076978843679,-1.7311487725108737e-05,-0.0024219394807945714,1.6697377385450034,6.789157710091187,-0.01324770217716848,-0.006561673174489113,4.39299604126927,3.383703855243733,-0.0038854682201875496,0.00012913963521994892,2.1473647816095296,2.9525975465836543,0.008998649409693662,0.014295717483813348,8.775130456366588,2.456268515249812,0.0043936110619734,-0.0030499498659647536
476,4.951547761350055,5.682955881869639,8.57557464334072e-05,-0.0025509729778636025,1.6690753534361449,6.788829626432463,-0.013755257706643691,-0.007175458569887849,4.392801767858261,3.3837103122254937,-0.0035779212916625786,-0.0003032461018564528,2.147814714080014,2.9533123324578447,0.009033778524679128,0.013422942223454299,8.775350136919686,2.456116017756514,0.0037973176274727054,-0.0031700564498915802
477,4.951552049137376,5.682828333220746,0.00019192167706218375,-0.002661971413275205,1.6683875905508128,6.788470853503969,-0.01423237388909017,-0.00778271688415465,4.3926228717936775,3.383695149920401,-0.003269506370498066,-0.0007245297287853784,2.148266403006248,2.9539834795690174,0.009047518512886944,0.012540111286992612,8.77554000280106,2.455957514934019,0.0032082698826025194,-0.0032827444907180497
478,4.951561645221229,5.682695234650082,0.00030055971033301967,-0.0027551288804746944,1.6676759718563583,6.788081717659761,-0.014679158012868515,-0.008382642709526988,4.392459396475153,3.383658923433962,-0.0029609439278377343,-0.0011340831616225072,2.1487187789318924,2.954610485133367,0.009039967721980992,0.011649506787265123,8.77570041629519,2.455793377709483,0.002628637436432666,-0.0033875505623310338
479,4.951576673206746,5.682557478206059,0.00041098588294711727,-0.0028308482637870837,1.666942013955715,6.787662585524284,-0.015095775480867973,-0.008974438461351963,4.392311349278761,3.383602219275881,-0.0026531637961400797,-0.0015312634152623245,2.1491707773179916,2.95519296047273,0.009016880980414334,0.010743078185672343,8.775831848167012,2.4556240001813667,0.0020604043785761063,-0.003484075691960333
480,4.951597222500893,5.68241593579287,0.0005225013304444851,-0.002889611615776994,1.6661872251816716,6.787213863601217,-0.015482402126790633,-0.009557349023286076,4.3921786910889535,3.3835256561051175,-0.002346914013697033,-0.0019154685060756632,2.1496216213670123,2.9557301143820136,0.008981387532037678,0.009816126959825337,8.77593486838594,2.4554497963967687,0.0015054437849949067,-0.003571913072084589
481,4.951623347567415,5.6822714552120805,0.0006343557793590131,-0.0029318721180092325,1.665413105075332,6.786735996150052,-0.01583931660235082,-0.010130575320560309,4.392061345388269,3.3834298826798137,-0.0020430081839097787,-0.0022859928407969305,2.1500706907436142,2.9562209207300048,0.00893202110258955,0.008871328333819687,8.77601014057519,2.4552712007431645,0.0009655505005548661,-0.003650742327738134
482,4.951655065356383,5.68212486160618,0.0007459747899266782,-0.002958135478641816,1.6646211392452144,6.786229467384024,-0.016166809480191818,-0.010693365589592429,4.391959194979074,3.3833155830377737,-0.0017422830069793512,-0.002642229197107477,2.1505172917987436,2.956664487146696,0.008867622381729069,0.007911364423538028,8.776058418100218,2.4550886636267775,0.0004423897300193971,-0.0037202512795939577
483,4.951692364095879,5.681976954832248,0.000856678869197041,-0.0029690761600280895,1.6638127987712048,6.785694799104545,-0.01646519815504705,-0.011244969556916328,4.391872080828724,3.3831834715779183,-0.0014432468766702462,-0.0029883372341545653,2.15096067291783,2.9570600553678728,0.008787339023035946,0.006938985983336745,8.776080537586719,2.4549026510627976,-6.250072677629534e-05,-0.003780137806608854
484,4.951735198039339,5.681828501024246,0.0009656909216138425,-0.0029653434817222663,1.6629895388634524,6.785132550626699,-0.016734870057107557,-0.011784659300807685,4.391799918484891,3.3830340547162105,-0.001146434744669323,-0.0033243624004798363,2.1514000398689817,2.9574070046670395,0.008690709090513173,0.0059566751741417035,8.77607741255038,2.4547136441724673,-0.0005477097298671539,-0.0038301884496487215
485,4.9517834825854194,5.681680233850161,0.0010724126655551496,-0.002947564782610607,1.662152795360597,6.784543317661658,-0.016976232733131993,-0.012311726643580765,4.391742596747657,3.3828678365961866,-0.0008526177460683631,-0.0036497593135835955,2.1518345753235075,2.9577048384257467,0.00857736303536314,0.004967081422413169,8.776050027063887,2.454522134749985,-0.001011983346538716,-0.0038702094936180396
486,4.951837103218697,5.68153285561103,0.0011761295903417173,-0.002916498346988556,1.6613039837239405,6.783927731329479,-0.01718972129702722,-0.012825470485601396,4.3916999658603535,3.3826853486305075,-0.0005624962354434774,-0.003964015373520775,2.1522634434752757,2.957953192496867,0.00844725317387003,0.003972680556083499,8.77599942789656,2.4543286242753037,-0.0014541436399986083,-0.0039000511818468105
487,4.951895909698214,5.6813870306936805,0.0012763380367251935,-0.0028728180784159127,1.660444497659089,6.783286457805199,-0.0173758058804289,-0.013325213569093318,4.3916718410485815,3.3824871478618315,-0.00027673629470003106,-0.004266642567262275,2.1526858061339693,2.9581518265246713,0.008300233474654141,0.002975994503552495,8.77592672071456,2.4541336217162115,-0.0018731721158792313,-0.003919574187022681
488,4.95195972660005,5.68124338978976,0.0013724009800645414,-0.0028173059153263243,1.6595757073650677,6.782620197126744,-0.017535023670198074,-0.01381027640110609,4.391658004233847,3.3822738157334684,4.063794540043084e-06,-0.00455712158934049,2.1531008178077022,2.958300626249849,0.00813643208770174,0.001979594553316413,8.775833062108767,2.4539376430068605,-0.0022682030167152224,-0.0039287125729625585
489,4.952028346649053,5.681102524493993,0.0014636195558997693,-0.002750701141579521,1.6586989561815577,6.781929683306688,-0.01766792898953115,-0.014280011898714872,4.391658207423574,3.3820459596540013,0.0002793959026800349,-0.004835025521487219,2.153507639412087,2.958399605977515,0.007956132135075513,0.0009859833553977594,8.775719651957932,2.4537412073782123,-0.0026384264643956956,-0.003927435419756966
490,4.952101527626848,5.680964989436914,0.0015494960654470029,-0.00267395407873064,1.6578155597320812,6.7812156827117525,-0.017775051574708572,-0.014733826995704146,4.391672177218708,3.381804208377927,0.0005486393963562205,-0.005099922230027837,2.153905446018841,2.9584489051452847,0.007759530312103215,-2.3826337806598895e-06,8.775587730634712,2.4535448356072247,-0.0029831950034667786,-0.003915733041651128
491,4.95217900243012,5.680831291732978,0.00162940615005222,-0.0025878017754652326,1.6569268071533458,6.780478991361967,-0.017856982256771674,-0.015171109254348846,4.391699609188525,3.381549212266426,0.0008113621418939784,-0.005351425774887425,2.154293422534446,2.9584487860135957,0.007546882918757382,-0.0009831065624408143,8.775438570884539,2.453349048955142,-0.0033020005043317615,-0.00389364045637385
492,4.952260472737623,5.680701901644205,0.0017030346501561704,-0.002493114832126049,1.6560339580405072,6.779720435899249,-0.017914359550477613,-0.01559128274476883,4.39174017729562,3.3812816409776816,0.0010670150315033153,-0.005589139785178226,2.154670766680384,2.9583996306854736,0.007318788981718007,-0.0019537161416761295,8.775273470859322,2.4531543669323232,-0.003594435420231992,-0.003861226583250845
493,4.952345624470131,5.680577245902598,0.0017697557169887128,-0.0023907245414224246,1.6551382400629833,6.7789408717620105,-0.017947777267099965,-0.01599381028010306,4.391793528047195,3.381002183988423,0.001315264279173489,-0.005812721534192783,2.15503670612947,2.95830194487839,0.007075147173088971,-0.0029115598961166754,8.77509374908831,2.4529613056031607,-0.0038602158840467275,-0.003818600199303636
494,4.952434112255981,5.680457709675527,0.0018291752148362698,-0.0022813418808285872,1.6542408511996283,6.778141181248006,-0.017957920114995588,-0.016378160657238038,4.391859291261154,3.380711547911713,0.0015572706853615001,-0.006020771057836932,2.1553904634881245,2.958156366883584,0.006811108655017796,-0.0038501314199916735,8.774900738294107,2.4527703755931953,-0.00409960415621298,-0.0037665600067722143
495,4.952525571016722,5.6803436425814855,0.0018808647353145184,-0.0021658517930549363,1.6533429551938785,6.777322273215144,-0.017945403512121785,-0.016743862231138915,4.391937154795422,3.3804105093588213,0.0017931206768022731,-0.006212719120111536,2.1557310189208754,2.9579638603125846,0.006528965226096096,-0.004767585577016295,8.774695758086297,2.452582047592857,-0.004314904701309377,-0.0037098244583486113
496,4.952619614253488,5.6802353499918325,0.0019245694685670438,-0.00204499803230956,1.6524456850182725,6.776485080103587,-0.017910963575841533,-0.01709041804807988,4.392026810829262,3.380099873402816,0.0020223888253437235,-0.006388367547214251,2.15605746718218,2.9577254810337337,0.006230850732606831,-0.005662162540053548,8.774480012851232,2.4523965563699393,-0.004506112303929502,-0.003648424101413274
497,4.952715842726917,5.680133100090217,0.0019598632413837017,-0.001919611710858045,1.6515501368394805,6.775630559201183,-0.017855267878176317,-0.017417392249096008,4.392127930270529,3.3797804550254553,0.002244686210678692,-0.006547524114165675,2.1563690097188104,2.957442372906731,0.005918747028988781,-0.006532234916036548,8.774254707236036,2.4522141351648687,-0.004673250060873204,-0.003582399914159486
498,4.952813835888986,5.680037119504674,0.0019864577162953916,-0.0017904699242566506,1.6506573734455716,6.774759689588728,-0.017779006342889415,-0.017724386973183424,4.392240164581064,3.379453078819747,0.002459493527339573,-0.00669006216109566,2.1566649470702597,2.9571157611609293,0.005594436294120732,-0.00737616842011136,8.774021044732992,2.4520350151691606,-0.004816473689274961,-0.00351184167608344
499,4.952913158774801,5.6799475960084616,0.0020041070241424144,-0.0016583074860167485,1.649768423128427,6.773873470240069,-0.017682584281565297,-0.018012722463223906,4.392363139257431,3.379118575711692,0.0026665008311735345,-0.0068158930260951035,2.156944668884966,2.9567469527399237,0.005259697726649228,-0.008192424321120205,8.773780221048527,2.4518594230853563,-0.004935981374578649,-0.0034368160698814783
500,4.953013364126008,5.679864680634161,0.0020127143073770106,-0.0015237861939598602,1.6488842939143489,6.772972834116908,-0.01756673408627664,-0.0182820373660585,4.39249646429899,3.3787777810603874,0.0028652938698993874,-0.006924963064983707,2.157207653771298,2.956337331523868,0.004916277742666187,-0.008979686474000636,8.7735334219798,2.4516875822818625,-0.005032032396989042,-0.0033574050519401674
501,4.953113999841377,5.679788491324463,0.002012143965432316,-0.0013876669386294466,1.648005957210035,6.772058732248605,-0.01743221199095403,-0.018531877941328854,4.392639728992485,3.3784315329071384,0.003055447960423107,-0.007017308046369102,2.1574534676584314,2.955888347200168,0.004565767786187115,-0.009736611678769413,8.77328182035995,2.4515197120292656,-0.005105053674774343,-0.003273727086490998
502,4.953214607039649,5.679719107977531,0.0020022127140256465,-0.0012505558247570675,1.6471343466104873,6.771132138351539,-0.01727981818795358,-0.018761792683850795,4.392792501390506,3.37808066750482,0.0032366010045276833,-0.007092907847862911,2.1576817560477406,2.9554015166162295,0.0042093301477851295,-0.010461910100226823,8.773026567676212,2.451356025674941,-0.005155469145970518,-0.003185863384862477
503,4.95331471767535,5.679656580186293,0.0019829913336726727,-0.001113143521164058,1.6462703557010896,6.770194048717347,-0.017110302950741396,-0.01897135840064642,4.392954331440732,3.377726022112427,0.0034084393327699853,-0.007151880188638564,2.15789222255513,2.9548784211112182,0.0038486754807652854,-0.011154526549895826,8.772768794218914,2.451196732505698,-0.0051837556477357695,-0.0030939484300343788
504,4.953413867242034,5.679600923010235,0.0019544574726316037,-0.0009760776695688051,1.6454148405535525,6.769245480797315,-0.016924459021092998,-0.019160202551044347,4.3931247534073705,3.377368428102995,0.00357068056814539,-0.007194272007353824,2.158084656329168,2.9543206947837235,0.003484906471055927,-0.01181340379038972,8.772509606436527,2.451042035084196,-0.0051905226375629256,-0.002998101058767224
505,4.953511590115665,5.679552119126757,0.0019166260320636335,-0.0008399070052322727,1.6445686176024978,6.768287470669763,-0.016723049338461506,-0.019327971244107754,4.393303287435778,3.3770087145026273,0.0037229469662176324,-0.007220240511259284,2.158258901652721,2.953730024594204,0.003119274816197338,-0.012437645144333665,8.77225008030465,2.450892130031258,-0.00517644141276377,-0.0028984654339747973
506,4.953607421417269,5.679510123776495,0.0018695812035295072,-0.000705159029260723,1.6437324651355747,6.767321072107557,-0.016506838332416163,-0.019474332929000082,4.3934894347840885,3.3766477024770643,0.003864992657827015,-0.007229997295388707,2.1584148653935307,2.9531081423369874,0.0027529189649047278,-0.013026456193571513,8.771991258234012,2.450747206759559,-0.005142173584895308,-0.0027951939258510717
507,4.953700900477445,5.679474865825032,0.0018135345835181775,-0.0005724066913020592,1.6429071232189538,6.766347355461107,-0.016276603098513233,-0.019599007463890882,4.39368268441698,3.376286202612295,0.003996536756085033,-0.007223722665247728,2.158552511341776,2.952456819527309,0.0023869475635709186,-0.01357899837525708,8.771734149554767,2.4506074470632666,-0.005088510405616934,-0.0026884284679564185
508,4.953791577206621,5.679446245490467,0.001748697768518597,-0.00044205213644400054,1.6420932930640282,6.765367405087913,-0.016033094655276883,-0.01970172215753031,4.393882511254784,3.3759250164790324,0.004117365429328556,-0.007201672175750822,2.1586718587199543,2.951777869608546,0.0020222636225642582,-0.01409471680740041,8.771479724034487,2.4504730256398686,-0.005016230460601027,-0.0025783467566380747
509,4.953879012095047,5.6794241428836445,0.0016752637285682263,-0.00031464149224430136,1.6412916383312643,6.7643823189800365,-0.01577706998169576,-0.019782266909366297,4.39408837952625,3.375564932870245,0.004227286452578182,-0.007164125225125566,2.1587729719010826,2.9510731337681757,0.0016597939941110035,-0.014572980053295916,8.771228912511457,2.4503441083020365,-0.004926168959932501,-0.0024651048815595455
510,4.953962775281476,5.679408410809033,0.0015934172380658689,-0.00019060819622918775,1.6405027848321796,6.763393205634568,-0.015509253274203886,-0.019840430862147186,4.39429974384888,3.3752067266089885,0.004326152304338093,-0.007111391756069601,2.1588559616007883,2.9503444847655107,0.0013003910246314426,-0.015013330274765913,8.77098260406346,2.4502208530579583,-0.004819249775605376,-0.0023488987929905303
511,4.954042446143379,5.679398880399221,0.0015035844702216688,-7.020594066798499e-05,1.6397273221684694,6.762401184091461,-0.015230398531557669,-0.019876047867925663,4.394516051464096,3.374851157021185,0.0044137931113706775,-0.007043812260116205,2.15892098115202,2.9495938182517722,0.0009449458035649677,-0.015415377620180672,8.77074164157468,2.450103408118309,-0.004696379643278297,-0.002229897619110579
512,4.954117625366891,5.6793953701021875,0.0014061178374978605,4.6128297887297365e-05,1.6389658022418916,6.761407381698064,-0.014941210578681578,-0.019888994990666688,4.394736741119665,3.3744989664081793,0.004490166405366535,-0.0069617324442050755,2.1589682284421983,2.948823049370763,0.0005942212703647037,-0.015778871587050682,8.770506822592516,2.449991913237353,-0.004558515217499908,-0.002108287624434615
513,4.954187931258765,5.679397676517082,0.0013014226514789166,0.00015809891765147636,1.6382187417129574,6.760412931948531,-0.014642384554745307,-0.019879188785322768,4.394961249439934,3.374150879785969,0.00455518501453268,-0.0068655471891078505,2.1589979395057166,2.9480341057914106,0.0002489177796067615,-0.016103573174720234,8.770278896831641,2.4498864988561313,-0.004406628053980049,-0.0019842662493484565
514,4.954253002391339,5.679405581462965,0.0011898625004979672,0.000265453902735861,1.6374866224852203,6.759418972509265,-0.014334619696737876,-0.019846569648704317,4.395189008690661,3.373807602426514,0.004608844468520756,-0.00675567670174943,2.159010385394697,2.9472289271326746,-9.030901761632962e-05,-0.016389329832551605,8.770058565428942,2.449787285543664,-0.004241747822957214,-0.001858040619992698
515,4.954312495516364,5.679418854158102,0.0010718285400363506,0.0003679401196646709,1.6367698915003834,6.75842664402683,-0.01401858357668077,-0.019791110012207937,4.395419450914087,3.3734698185914263,0.004651134336517926,-0.006632546416102663,2.159005869943816,2.946409460641047,-0.0004227945295153241,-0.016636154785325354,8.769846478037794,2.4496943835126643,-0.004064896744089302,-0.0017298048239918896
516,4.954366086943366,5.679437251164085,0.0009479726958962979,0.0004653133698380757,1.6360689623215494,6.75743708852622,-0.013694948982001891,-0.01971279869996273,4.395652007630913,3.373138191270621,0.0046820538734661295,-0.006496656266125605,2.1589847302173406,2.9455776529017808,-0.0007479307887135129,-0.016844138557595735,8.76964323320059,2.4496078932714647,-0.003877112683253463,-0.0015997581643769987
517,4.9544134855781605,5.679460516832577,0.000818698789546162,0.000557357219710501,1.6353842148724493,6.756451448591221,-0.013364338036181082,-0.019611684879979874,4.395886110324586,3.372813358457315,0.004701734954641934,-0.006348474148279742,2.158947333677905,2.944735445973901,-0.0010650740650473218,-0.017013295107559834,8.769449377566428,2.449527905363246,-0.003679439466791328,-0.001468124903623993
518,4.954454420517638,5.679488384693563,0.0006846043575498165,0.0006440426120176185,1.6347159979706403,6.755470864347222,-0.013027383293511023,-0.019487864670569833,4.396121197072318,3.372495934749901,0.00471019695155489,-0.0061885111723940225,2.1588940799746523,2.943884781218523,-0.0013738279876289944,-0.017143951620479648,8.769265405593089,2.449454499118065,-0.0034729015495349727,-0.0013350927963639149
519,4.954488650735515,5.6795205868241645,0.0005462139207812847,0.0007252216527345796,1.6340646288059648,6.7544964711136934,-0.012684702034594169,-0.019341410342364397,4.396356706919896,3.3721865091912813,0.004707563543842908,-0.006017279938413516,2.158825388575271,2.943027583637499,-0.0016735756483851057,-0.017236354250732413,8.769091760515613,2.449387744478247,-0.003258574795322593,-0.0012008946732404182
520,4.954515961431554,5.6795568479068015,0.0004041048992368282,0.0008007972980491091,1.6334303937042352,6.753529400596575,-0.012336879502536407,-0.01917247612238192,4.396592085097088,3.3718856451943604,0.004694029936717626,-0.0058353273189540355,2.1587417097928516,2.9421657659249623,-0.0019691748258648498,-0.01728690063677875,8.768928831775847,2.4493276997445848,-0.003037521656947311,-0.0010657246218780526
521,4.954536166676515,5.679596887771704,0.00025887259430614124,0.0008706186737041194,1.6328135497291083,6.7525707767904555,-0.011983901168705574,-0.01897642999630683,4.396826786593923,3.3715938788284125,0.004669792080448743,-0.0056431688941928895,2.1586432510515583,2.941301420893123,-0.002260235109644948,-0.017295384861742216,8.768776955693,2.449274413513491,-0.0028107911761571726,-0.0009298121201592037
522,4.954549110306231,5.6796404187053895,0.00011118532306876789,0.0009348385166018475,1.632214354670673,6.7516219552906405,-0.011621297802330604,-0.01870879720174038,4.397060276197946,3.371311720383703,0.004635119686053868,-0.005441394016696826,2.158530239296076,2.940436651650036,-0.0025457342800675018,-0.017262066022473457,8.768636416134191,2.449227922907483,-0.0025794264342357477,-0.000793358706289018
523,4.954554669572384,5.67968716063122,-3.846294098171582e-05,0.000993362949426772,1.6316332897805566,6.750686515430553,-0.011249514203073135,-0.01837195670906716,4.397292032182249,3.371039650682868,0.0045903197174535955,-0.005230584565168932,2.158402952582073,2.9395735483489127,-0.0028246292558489427,-0.01718746221226554,8.76850744481248,2.4491882549721686,-0.002344425808983024,-0.0006565852899821945
524,4.954552746425335,5.679736828778691,-0.00018942995779785504,0.001046153415424304,1.6310708140704029,6.7497679175951,-0.010868985857369057,-0.017968372402007514,4.397521548168122,3.3707781214546095,0.004535608241485235,-0.0050113216848957694,2.1582617211192803,2.9387141752382995,-0.0030959246394215213,-0.017072043556933363,8.768390223522031,2.4491554257076693,-0.0021068137552310785,-0.0005196915467987307
525,4.954543274927445,5.679789136449462,-0.00034101462774547924,0.0010934082863028366,1.6305273647775345,6.748869498974999,-0.010480185877086273,-0.017500827840755517,4.397748328580196,3.370527555370365,0.0044713697081075875,-0.004784192481628374,2.158106924887309,2.937860573060453,-0.0033587025192556965,-0.016916552140125145,8.76828488283427,2.4491294411303293,-0.0018675975914766154,-0.0003828983864533254
526,4.954526224196058,5.679843806863777,-0.0004926976453569829,0.001135080250875579,1.6300033554836801,6.747994457582961,-0.010083531122209182,-0.01697219745930546,4.397971897065601,3.3702883457462836,0.004397910336183187,-0.00454989060442032,2.1579389897613463,2.9370147454534465,-0.003612167173343717,-0.016721652833026904,8.768191502954695,2.4491102962110065,-0.0016276862885524592,-0.00024639877898343884
527,4.95450158931379,5.6799005608763204,-0.0006437965374496877,0.0011712868420514482,1.6294991789275697,6.747145847709996,-0.00967937326014196,-0.016391564260463055,4.398191792582411,3.3700608512160626,0.004315434271620389,-0.004309007629371003,2.157758381402679,2.936178662811795,-0.003855531820374547,-0.016488260671709734,8.768110118640267,2.4490979762720575,-0.0013880551274587474,-0.00011040134064578495
528,4.954469399486918,5.679959125218423,-0.0007937323939112127,0.0012021983055970835,1.6290152102645625,6.746326269496973,-0.009268145542146316,-0.015763984208221372,4.398407564295992,3.369845400834594,0.0042243736480938165,-0.004062188031702057,2.1575656048116603,2.93535424977821,-0.004088051402288495,-0.016217269900468248,8.768040715883895,2.449092456205025,-0.0011496205296089015,2.488568483195223e-05
529,4.954429712867222,5.680019235133703,-0.0009418249767330588,0.0012278682856927828,1.6285518029874553,6.745538070286562,-0.008850326295496574,-0.015093297331820067,4.398618782978397,3.369642291433009,0.0041250145678983895,-0.0038100904427382505,2.157361202241546,2.9345433862831865,-0.004308980861025868,-0.015909696685363607,8.767983234857414,2.4490937004892666,-0.0009132780547906718,0.0001592652295929841
530,4.954382621618386,5.680080628547988,-0.0010874991010931432,0.0012485277517922425,1.6281092866726805,6.744783405419971,-0.008426354359389892,-0.014383486711646255,4.398825033706792,3.369451786910872,0.004017683366464254,-0.003553342946423904,2.1571457531984946,2.933747901448918,-0.004517697328048764,-0.015566649393391864,8.767937570954675,2.449101663750746,-0.0006798331107665858,0.00029254395107082044
531,4.954328246663331,5.680143054935578,-0.0012301847975758017,0.0012642433851366133,1.627687968954711,6.744064231084389,-0.007996725942494025,-0.013638401317636308,4.3990259178751145,3.369274119763551,0.0039027197902666297,-0.0032926533479157244,2.1569198683320923,2.9329695689792485,-0.004713789531308232,-0.01518929646185513,8.767903579299137,2.4491162909482997,-0.0004501261230279765,0.0004245381924537472
532,4.954266737423453,5.680206267104835,-0.0013693448793199957,0.0012751643836023487,1.6272881326575863,6.743382311018507,-0.00756193613588964,-0.012862005603725846,4.399221053864628,3.3691094870961553,0.0037804829572902886,-0.0030286683576095257,2.1566841788555267,2.9322101041561557,-0.004896709108072339,-0.014778838249136762,8.767881072992985,2.449137517857922,-0.00022489395399587962,0.0005550702573945276
533,4.954198270179487,5.680270025324015,-0.0015043937306908073,0.0012815045788525806,1.6269100358507917,6.742739210738321,-0.00712248226583158,-0.01205825363960379,4.399410078012493,3.368958053678275,0.0036513744538294044,-0.0027620421364817176,2.156439343400123,2.9314711622436986,-0.005065949418860494,-0.014336669247810798,8.767869828295286,2.449165271370792,-4.901778297599274e-06,0.0006839527637911491
534,4.954123050492952,5.680334100552957,-0.0016348299276140632,0.001283408325886374,1.6265539117375,6.742136298056341,-0.006678857933284392,-0.011231065129156049,4.399592646735185,3.3688199515714508,0.003515737751649496,-0.0024934176696378143,2.1561860459291804,2.9307543287813083,-0.005221051507907926,-0.013864152914126472,8.767869583206371,2.4491994690089816,0.00020913440327150016,0.0008110035449480169
535,4.954041308996572,5.680398270969252,-0.0017601915340927543,0.001281225056933725,1.6262199688408359,6.741574744799883,-0.006231601070167174,-0.010384312884176905,4.399768433622767,3.368695280687969,0.003373971456812498,-0.0022234997820022853,2.155924993353785,2.930061121135602,-0.005361794838028966,-0.013362747233574347,8.767880039926535,2.449240019186229,0.00041660885850888877,0.0009360788046596102
536,4.953953299419867,5.680462332222098,-0.0018799674402979315,0.0012749793589106034,1.6259083887873276,6.741055529155674,-0.005781218688489546,-0.009521851835067208,4.399937132195608,3.368584105698869,0.003226425746606466,-0.0019529158124613913,2.1556569036118836,2.929392983773923,-0.005487932049947797,-0.012833988841836409,8.767900870369461,2.449286823126462,0.0006168599758575597,0.0010589948861142152
537,4.953859301047852,5.6805260811900435,-0.0019936070483234825,0.0012649822935569305,1.6256193278529032,6.7405794365639204,-0.00532824201464807,-0.008647490718628104,4.400098453482938,3.368486459908246,0.0030735297744737835,-0.0016823087461206468,2.1553825070093864,2.9287512843318315,-0.005599066772776662,-0.012279394304593162,8.767931713368254,2.4493397728707675,0.0008093937818239369,0.0011796005425257139
538,4.953759620695436,5.680589330304722,-0.0021007303785589636,0.001251423850677928,1.625352915752171,6.740147062027989,-0.004873232449890723,-0.007764915337080892,4.400252129971662,3.36840234447094,0.002915631482528326,-0.0014123193329113872,2.1551025536707478,2.9281373146166016,-0.005695097678619443,-0.01170059059581633,8.767972183057346,2.4493987528978938,0.0009936432872245946,0.0012977549579208246
539,4.953654584176508,5.680651901497256,-0.0022009805481937824,0.0012345199108463917,1.6251092541296763,6.739758816261135,-0.0044167379844204085,-0.006877737731898959,4.400397911545788,3.368331728504294,0.00275322409920561,-0.0011435801271262916,2.1548177987868167,2.927552285086811,-0.005775959202366888,-0.011099220941056566,8.768021865221707,2.44946364064579,0.0011691249493787923,0.0014133050228682807
540,4.953544535149098,5.680713627492798,-0.002293985028198093,0.0012144584149578791,1.6248884172304554,6.73941492937454,-0.0039593285876527926,-0.00598950959485286,4.400535572750749,3.368274549497938,0.0025866481160389154,-0.0008767341138708742,2.1545290008266984,2.926997324039758,-0.005841508292871534,-0.01047701033598657,8.768080321469176,2.4495343058969334,0.0013354625139663854,0.001526132645665621
541,4.953429835897689,5.680774350413546,-0.0023794122677353318,0.0011913859531856347,1.6246904508010727,6.739115453894797,-0.0035015619355455536,-0.005103639566565688,4.4006649051565505,3.3682307127922444,0.002416307354496595,-0.0006123505175027401,2.154236925412055,2.9264734735229587,-0.0058916555431662194,-0.009835723823149756,8.768147094594875,2.4496106125292165,0.0014922014955709615,0.0016360962652815037
542,4.953310865284302,5.680833919711205,-0.002456962753465503,0.0011655653433050234,1.6245153727042954,6.738860271916469,-0.0030440269964948793,-0.004223433469648296,4.400785720524276,3.3682000952663693,0.002242623517440435,-0.00035101197342456885,2.1539423426348967,2.9259816873318014,-0.005926541024166166,-0.009177086863880113,8.768221704669653,2.4496924173424808,0.0016390326950977484,0.001743076672426378
543,4.953188017146629,5.68089219797837,-0.0025263660293129383,0.001137282130272614,1.6243631713544706,6.738649100242986,-0.0025873164641872543,-0.0033521039944540807,4.400897851700147,3.368182544667698,0.00206602203302252,-9.335327110321828e-05,2.1536460155836883,2.9255228329886074,-0.005946230300980627,-0.00850285542032595,8.768303656304408,2.449779571176102,0.0017756796960066,0.0018469561479268126
544,4.953061698845163,5.680949062084883,-0.0025873769711759983,0.0011066026242557189,1.6242338055312613,6.738481495043263,-0.0021320248949543135,-0.002492719290072853,4.401001152801799,3.368177877004143,0.0018868784105049341,0.00016012342032907897,2.153348704068639,2.925097690217591,-0.005950717413145124,-0.007814876118888214,8.768392440289208,2.449871918983498,0.0019018780026863256,0.0019476400694092267
545,4.952932329996604,5.681004392216096,-0.002639816765120357,0.0010737628223947456,1.6241272042865136,6.73835685907876,-0.001678767334224333,-0.0016481813576471153,4.401095496722324,3.368185883175159,0.0017057432477937907,0.000408860797443673,2.153051168197982,2.924706946411647,-0.005940115609484732,-0.007115270652090265,8.768487534189342,2.4499693009869685,0.0020174555067251363,0.0020450222602793476
546,4.9528003391583475,5.681058080357215,-0.0026835259687212403,0.0010389661255399904,1.6240432659198023,6.738274450010877,-0.0012281755912319319,-0.0008212215800237003,4.401180783884714,3.3682063262150312,0.0015229168032871456,0.0006523544559341519,2.1527541624175077,2.9243511828790423,-0.0059077074465332625,-0.006419105118353917,8.768588406964678,2.4500715520999825,0.0021222319040725864,0.0021390241227326446
547,4.952666162859911,5.681110028663492,-0.002718302671244472,0.0010024774018316737,1.6239818571402407,6.738233388931876,-0.000780836026670088,-1.446703192108296e-05,4.4012569297248785,3.3682389439378277,0.0013388058786855906,0.000890102971726343,2.152458777045181,2.9240302276231245,-0.005855236360150396,-0.005727524671916916,8.768694518559881,2.450178503306119,0.002216137159271065,0.002229548799221357
548,4.952530247726349,5.681160152533584,-0.002744170714547962,0.0009644356045979283,1.6239428153389073,6.73823266558028,-0.0003374072718635695,0.0007696310456443487,4.401323870018813,3.368283449086414,0.0011538090800510615,0.0011216131163847296,2.1521660152271735,2.9237438513895286,-0.005784562015253126,-0.00504157239406283,8.768805325417844,2.45028998074608,0.0022990736697147524,0.0023165284894620533
549,4.952393039190622,5.681208374313814,-0.0027609870474842486,0.0009249562178380064,1.623925944975314,6.738271147132562,0.00010151052892054156,0.0015287734500665127,4.4013815604728155,3.3683395297422334,0.0009683443849550456,0.0013465004399505107,2.151876787126411,2.9234917727698253,-0.005697311618643819,-0.004362278327559186,8.76892027910133,2.450405807170553,0.0023709810857008135,0.0023998868250036144
550,4.952254989838248,5.681254622124706,-0.0027687553953436314,0.000884288836001905,1.62393102050176,6.738347585805066,0.0005352851939185961,0.002260832248960799,4.401429977692064,3.3684068547642307,0.000782898316310522,0.001564312692181453,2.151591921545479,2.9232736588534474,-0.005595088535266935,-0.00369066729976709,8.769038828155615,2.450525801511803,0.0024319465790222324,0.002479563083614176
551,4.952116552068481,5.681298836566507,-0.0027675234418419303,0.0008425768827661148,1.623957784761456,6.738460627417514,0.0009632856589540346,0.0029638688012558877,4.401469122607879,3.36848507039884,0.0005978568141924113,0.0017746765989896506,2.1513121671187156,2.9230891254884592,-0.0054792308893976795,-0.0030275511445748337,8.769160425484566,2.4506497796659836,0.0024819612089822924,0.0025555062288166487
552,4.951978175896389,5.681340965410645,-0.002757361222436756,0.0007999499982330224,1.6240059490444037,6.738608820857577,0.0013848931533082826,0.0036360539894152344,4.4014990154485885,3.3685738042287894,0.0004136758541332453,0.0019772747656416744,2.151038205574246,2.9229377479312304,-0.005351103627401411,-0.002374010475565744,8.769284523545016,2.4507775549774244,0.0025211441848705446,0.002627681242882227
553,4.951840307835266,5.6813809629105565,-0.002738294069102138,0.0007566067403755358,1.624075193702069,6.738790623557048,0.0017994974744304521,0.004275769547333187,4.4015196992412955,3.3686726679670715,0.0002309187000261515,0.0021717942793939857,2.1507706503928756,2.9228190474074522,-0.0052118630793867695,-0.0017308000365542893,8.76941058075426,2.4509089390395684,0.002549671340389076,0.002696045657501509
554,4.951703393131812,5.681418793247575,-0.0027104180943277774,0.0007126253402899227,1.6241651685757905,6.739004412034414,0.0022064612251504762,0.004881588688825435,4.4015312451762965,3.368781257681041,4.997278206216987e-05,0.002357890166723415,2.150510057238906,2.9227325074056245,-0.005062415235954343,-0.0010989416746693377,8.76953806432128,2.4510437413224433,0.0025676663551757965,0.00276056221977151
555,4.951567872227096,5.681454424514589,-0.002673894975712627,0.0006682475693165532,1.624275491637048,6.739248491468856,0.0026051574391111236,0.005452255991061396,4.401533743815399,3.3688991521893774,-0.00012875807829034632,0.002535321028818622,2.1502569364771085,2.922677560321891,-0.004903946229535161,-0.0004790455924617771,8.769666447639038,2.4511817694334317,0.0025753199640939865,0.0028212063427762593
556,4.95143417747831,5.681487836893055,-0.002629002619912952,0.0006234354294943831,1.6244057495090036,6.739521104268409,0.0029949908149227004,0.005986676218693322,4.401527305911484,3.369025918240818,-0.0003047761822475225,0.0027038402514618486,2.150011739165632,2.9226536080422676,-0.004737379932123242,0.00012809025288646185,8.769795213637243,2.4513228297505707,0.0025728489790390165,0.002877960145122325
557,4.951302727347315,5.68151900866453,-0.002575826708605617,0.0005784368388927749,1.6245554990497497,6.739820438079343,0.003375364933608423,0.006483911343624062,4.401512067102372,3.3691611102533914,-0.0004775681848062307,0.002863236238164142,2.1497748701690256,2.922660012554912,-0.004563526966887532,0.0007215419893813607,8.769923856086196,2.451466727757827,0.0025603383366296917,0.0029304272559219505
558,4.951173936011885,5.681547930506475,-0.0025147062432077823,0.0005333438121821007,1.6247242672964302,6.7401446336465245,0.0037457057279332976,0.006943186505471534,4.401488188693132,3.3693042720652997,-0.0006468830014003546,0.003013330174991176,2.1495466938206813,2.922696089654381,-0.004383218818622647,0.0013008365051550147,8.770051873003027,2.451613249120623,0.002536054286761108,0.0029748108593029435
559,4.9510482006997245,5.681574597697084,-0.002445815567305416,0.0004882481777682176,1.6249115525828268,6.740491792971798,0.004105414543746362,0.007363932479878134,4.401455844543062,3.3694549385740493,-0.0008121230954660208,0.0031539454831828032,2.14932753287975,2.9227611314796387,-0.004197191604691563,0.0018651128856194492,8.770178675717364,2.451761989663588,0.0025003633979986343,0.0030111795006067957
560,4.950925909921359,5.681599010105972,-0.002369492192199558,0.00044330919181138483,1.6251168233100142,6.740859989595792,0.004453932214973817,0.007745710404363638,4.401415238388289,3.3696126358482084,-0.000973018010927561,0.0032849458171141004,2.1491176732995156,2.9228543871239197,-0.0040059191820202445,0.0024137914756042237,8.770303693887264,2.451912548638618,0.002453695568842712,0.0030396188615103717
561,4.9508074353117495,5.681621175565563,-0.0022860944908169208,0.0003985935370079449,1.6253395199207628,6.74124727511601,0.00479075731754149,0.008088242395554847,4.401366587487742,3.369776883139064,-0.001129195218755129,0.003406223143366412,2.1489173773404144,2.9229750766977,-0.0038102360156355474,0.0029461033751917356,8.770426378665707,2.4520645295816936,0.002396514225406471,0.0030602440549390856
562,4.950693130587209,5.681641105242413,-0.002195912290742725,0.0003541723664025983,1.6255790577866398,6.741651687235788,0.005115316156743418,0.008391387637478476,4.401310127726805,3.3699471942962322,-0.0012801570201648503,0.0035175092410382486,2.1487268655396328,2.9231223818664596,-0.0036107083496628375,0.0034616894663972134,8.770546204376977,2.4522175417844405,0.002329261932177368,0.0030731888173594606
563,4.950583334972672,5.681658813860733,-0.00209928459339413,0.0003100644927113524,1.625834823594477,6.742071256617662,0.005427123699782739,0.008655219145824379,4.401246119875797,3.370123069758284,-0.0014246301109327108,0.0036165383885700857,2.1485463301221497,2.923295466339779,-0.0034076997724352453,0.003959772653664397,8.770662667473585,2.4523712012253083,0.0022525138739774853,0.003078602160383435
564,4.950478370743002,5.681674317085369,-0.001996686000755161,0.00026647424810707774,1.6261061797794663,6.742504017574953,0.00572638707280005,0.008886256178614861,4.40117488837025,3.3703038966777124,-0.0015624081099761755,0.0037034007321663804,2.148375945133528,2.9234934549724625,-0.0032015798327503773,0.004439794515977548,8.770775293167285,2.4525251313333274,0.00216676253418428,0.0030766614078292158
565,4.950378536442964,5.681687640797774,-0.0018884972374943194,0.00022341318098969962,1.6263924991331062,6.742948330383884,0.00601531164765204,0.009107792976086205,4.401096767964751,3.370489066714321,-0.0016923473531736165,0.003778836120301173,2.1482158661418906,2.9237154446982614,-0.0029927598026571844,0.004901064011986302,8.770883631293994,2.452678964403719,0.0020726203505228194,0.0030675241394764277
566,4.95028411158109,5.681698811456823,-0.0017750930678156313,0.00018094350370720234,1.6266932647154888,6.743403720032688,0.006293615047334085,0.009319667115581399,4.401012150597093,3.370678008520336,-0.001814445605350855,0.0038429116081998356,2.148066228151758,2.923960497898861,-0.002781549626308498,0.0053431076572937235,8.77098726231152,2.4528323406106924,0.0019706550572345886,0.0030514079122785013
567,4.950195356927699,5.6817078586320084,-0.0016568072777298389,0.00013930456616126206,1.6270079454678554,6.743869703388468,0.006561013032196413,0.00952176311310119,4.400921428316825,3.370870154100746,-0.0019286119694246083,0.003895781422880725,2.1479271506704425,2.9242276532817257,-0.0025681191769419283,0.005765276878858851,8.771085795064382,2.4529849110063062,0.0018614336435030135,0.0030285053237438667
568,4.950112516563812,5.681714823860316,-0.0015342217575815616,9.837343377202954e-05,1.6273359961194653,6.744345791544123,0.006817258988021265,0.009713952085242785,4.400824997718353,3.37106494317189,-0.0020349075401557715,0.0039376035166524955,2.1477987447115954,2.9245159171256687,-0.0023528439638195605,0.006167088506529974,8.771178866746556,2.4531363362724936,0.001745647523207489,0.0029990566536415835
569,4.950035805475933,5.681719742532005,-0.0014077015858200489,5.8323891331928035e-05,1.6276768590688664,6.7448314891483845,0.007062167022822748,0.009896079793346292,4.400723252341345,3.3712618233477225,-0.002133274203015688,0.003968562663913951,2.1476811025134044,2.924824271550995,-0.0021363677171049684,0.006548232200342165,8.771266149122717,2.4532862891051757,0.0016238599602411423,0.002963284675786691
570,4.949965420396642,5.681722658726572,-0.0012777273248938022,1.919319174394216e-05,1.6280299674200076,6.745326293138052,0.007295496482847582,0.010068063535967087,4.400616588631195,3.371460251480918,-0.0022237678373588352,0.003988825759125654,2.147574284127549,2.9251516831610123,-0.0019188722309647173,0.006908185697878645,8.771347342120729,2.453434453338965,0.0014967944059799346,0.002921446435209783
571,4.949901534030397,5.681723618386159,-0.0011448465924766955,-1.8956080114913922e-05,1.62839474224415,6.745829696314851,0.007517112140057932,0.010229780378525321,4.400505400239327,3.3716596927688745,-0.002306494986487749,0.003998639415050172,2.1474783405160007,2.925497092445906,-0.0017007806983767122,0.00724676645991479,8.771422181841027,2.4535805256607257,0.0013650774542520675,0.002873814623160707
572,4.9498442917007734,5.681722670582153,-0.0010094617199209628,-5.6095425773856985e-05,1.6287705978511529,6.746341185333777,0.0077268113386615616,0.010381127503008758,4.4003900754900025,3.371859624739627,-0.0023814273381961614,0.003998215228176457,2.147393301481082,2.925859430768902,-0.0014826802250919907,0.007563671340952562,8.771490435713739,2.4537242163918838,0.0012293342087696228,0.0028206358538572216
573,4.949793818614777,5.681719865810864,-0.0008720823269394336,-9.217641645900702e-05,1.629156938418086,6.746860241708927,0.007924481574891458,0.010522021462914711,4.400271004123093,3.3720595355010357,-0.0024487355107797415,0.003987837810683311,2.1473191674698273,2.9262376143359496,-0.001264985063391742,0.007858706905293214,8.771551902424177,2.4538652481845764,0.0010902516130636367,0.0027621872888975315
574,4.9497502144984304,5.681715256990041,-0.000733223993709415,-0.00012721898247346078,1.6295531624968305,6.7473863427820735,0.008109975327251802,0.010652390732669449,4.400148567347554,3.3722589273915697,-0.0025084768737090855,0.0039677545218465525,2.1472559182166577,2.926630549681214,-0.0010481273469505877,0.008131659321273613,8.77160641500483,2.454003357549021,0.0009484570060203704,0.0026987535404604398
575,4.949713553298745,5.6817088960409174,-0.0005933330100086627,-0.00016111155137277935,1.629958661263193,6.747918962318707,0.008283221815226923,0.010772126533796257,4.400023143503869,3.372457315117662,-0.0025607415790094164,0.003938318517731284,2.1472035118493102,2.927037132647278,-0.0008325451699076266,0.00838243135881697,8.771653837855132,2.4541382952260444,0.0008046209398935469,0.002630620710840868
576,4.949683886648244,5.681700840463349,-0.00045289366357597683,-0.00019395731369823013,1.6303728223539544,6.748457568645397,0.008444121201036821,0.01088119533868245,4.3998951064249185,3.3726542310435486,-0.002605720361544016,0.00389981217679732,2.147161884590815,2.927456254215219,-0.000618766033369121,0.00861112769858067,8.771694068902127,2.4542698262615863,0.0006593841646145018,0.0025580886859078427
577,4.949661241965066,5.681691142597664,-0.0003123328726795611,-0.00022568642025671694,1.6307950284140063,6.749001628412331,0.008592631016372095,0.01097951370082534,4.399764820406841,3.3728492216523884,-0.002643486237002733,0.0038525424629652547,2.1471309462891464,2.927886810600148,-0.00040728465588670676,0.008817709597545612,8.771727038110358,2.4543977306958817,0.0005133799795339735,0.002481442822898226
578,4.949645625321431,5.6816798582766515,-0.00017221539132866238,-0.00025620313108756933,1.6312246599648248,6.749550604097372,0.008728707302807222,0.011067050321965656,4.399632646094991,3.3730418487755367,-0.0026742932701839233,0.003796872964568217,2.147110582056352,2.928327696080025,-0.00019852721067052786,0.00900212156052788,8.771752707109334,2.454521802837027,0.00036724391917687964,0.002400991203319701
579,4.949637014551865,5.681667048120097,-3.293013983044003e-05,-0.00028559852953858467,1.631661095329965,6.75010395661347,0.008852323983310114,0.011143759014324463,4.3994989314314825,3.373231692423765,-0.0026981593424810196,0.003733139702791129,2.1471006556958185,2.9287778021580513,7.223180216732591e-06,0.00916453121394937,8.771771069305293,2.454641852397193,0.00022158246080380986,0.0023170463790283076
580,4.9496353680448735,5.68165276819362,0.00010507063157287266,-0.00031374595573961526,1.6321037115291306,6.750661144564186,0.008963467646835695,0.01120964201307594,4.399364023464359,3.3734183494089045,-0.0027153564000858095,0.003661729362766971,2.1471010168548292,2.9292360287187487,0.00020942411450761852,0.009305096137589711,8.771782148428333,2.4547577047161444,7.696110348207066e-05,0.0022298829039190432
581,4.949640621576452,5.681637080895833,0.0002413451034518781,-0.00034077840255431624,1.6325518849114724,6.75122162666484,0.009062144998906504,0.011264649399330086,4.3992282556443545,3.3736014358770428,-0.002726049100829485,0.0035830353351512596,2.1471114880605544,2.929701283525628,0.00040759279457944924,0.009424015634479869,8.771785996483507,2.4548691988613403,-6.599281390207699e-05,0.002139817800196307
582,4.949652688831625,5.681620041975706,0.0003754261244031491,-0.00036665079397007615,1.6330049921614178,6.751784859134807,0.009148399252890002,0.011308793094015859,4.399091953189313,3.3737805876438003,-0.0027303395176662233,0.00349741077746429,2.1471318677002835,2.9301724843073518,0.0006014609995307356,0.009521438337881986,8.771782696842811,2.45497618975135,-0.00020674433966177397,0.0020471613845419604
583,4.9496714601378455,5.681601709436007,0.0005069001872035565,-0.00039137858994163364,1.6334624121240624,6.752350298789508,0.00922227660238589,0.011342050745391465,4.39895543621343,3.3739554581826736,-0.002728489911033037,0.003405268451871131,2.14716194075026,2.930648556224246,0.0007905369910420805,0.009597794152117272,8.771772359625828,2.455078547820577,-0.00034480322559374266,0.0019521964064896573
584,4.949696805147206,5.68158214050651,0.0006354282904359402,-0.0004148869106787981,1.6339235259541818,6.752917401326777,0.009283849318025957,0.011364443216537769,4.398819011717878,3.3741257216052674,-0.002720695486141565,0.0033070106955447836,2.147201467599812,2.9311284459318516,0.000974510824960652,0.0096533099473649,8.771755119464549,2.455176157640902,-0.000479627069430527,0.0018552283398438711
585,4.949728576561728,5.681561396160976,0.0007606036323997082,-0.00043729813342306554,1.634387718420083,6.753485623487604,0.009333206061719309,0.011375972741173758,4.3986829769435705,3.3742910721400445,-0.002707100039197328,0.003203054735177909,2.14725019314106,2.93161111142922,0.0011529980513276489,0.0096883854472739,8.771731138111077,2.455268919057894,-0.0006107144470979541,0.0017565399399590213
586,4.9497666067433475,5.681539531254305,0.0008820842314454617,-0.0004584768438720868,1.634854378723169,6.754054422124663,0.00937045561194266,0.011376675082086297,4.398547621941611,3.3744512248768035,-0.002688024690224054,0.0030937663942778157,2.1473078430436265,2.9320955307015835,0.0013256887259902388,0.009703348478845724,8.771700602388723,2.455356746054892,-0.000737651106314835,0.001656428851709189
587,4.94981071095492,5.681516607412112,0.000999401446053654,-0.00047857875916033774,1.6353229015037662,6.7546232558787676,0.00939567098438586,0.011366604628513745,4.398413220707099,3.3746059131965174,-0.0026635536307824874,0.002979647841976737,2.147374127479926,2.9325806981255256,0.001492222240847531,0.009698795832130996,8.771663719833407,2.4554395674974776,-0.0008599862869550556,0.001555180432331236
588,4.949860681027223,5.681492678474154,0.0011124070096704068,-0.0004974829936176331,1.6357926850529856,6.755191586110193,0.009408995230196369,0.011345797143242966,4.398280043025561,3.3747548955886164,-0.0026339729631675505,0.0028610611764916826,2.1474487385919683,2.933065637917132,0.001652384019178334,0.009675025902882621,8.77162072051906,2.4555173265190944,-0.0009772908355762332,0.0014530792940039654
589,4.949916301377707,5.681467804324473,0.0012207395691367687,-0.0005152197220953906,1.6362631348144954,6.755758875967356,0.009410555009244335,0.011314336071321453,4.398148344377402,3.374897948647441,-0.0025994607562555097,0.0027384348062069763,2.147531357792927,2.9335493892122764,0.0018058760377587708,0.009632625515999676,8.771571855977282,2.4555899804837944,-0.001089203399019417,0.0013503806191128213
590,4.949977338356164,5.681442043338368,0.0013240929055902066,-0.0005318513432061092,1.6367336625649576,6.7563245927709215,0.009400538076160802,0.011272257176991264,4.39801837133959,3.375034870387751,-0.002560239782406213,0.002612197884565001,2.147621651594815,2.934031020488076,0.0019526208105506333,0.009572085945595459,8.771517395807331,2.45565749951475,-0.0011953641142417757,0.0012473671571914572
591,4.950043543001444,5.681415450771208,0.001422174211213261,-0.0005473689162530729,1.6372036894687656,6.756888205629771,0.009379107598660839,0.011219633475942249,4.39789035935047,3.3751654802819795,-0.0025164188200963757,0.002482802661807989,2.1477192826353426,2.934509624785356,0.0020921623620213897,0.009494001002943547,8.771457627601619,2.4557198678726095,-0.0012954615469743579,0.0011442855224576313
592,4.9501146517120045,5.6813880823253955,0.0015148985493871274,-0.0005616897397916557,1.6376726448486987,6.7574491873035685,0.009346441645620715,0.011156567786186644,4.397764538409465,3.37528962041507,-0.002468357732368829,0.0023506142163851906,2.1478238907534437,2.9349843248355034,0.0022245126130999954,0.00939892426618229,8.77139285452427,2.4557770821487326,-0.0013892379071285099,0.0010413871720064897
593,4.950190396639474,5.681359997838406,0.0016019045669528546,-0.0005749054559631997,1.6381399669309797,6.758007015692878,0.009302716050742519,0.011083171866433405,4.397641120522847,3.375407151125889,-0.002416293447686555,0.0022160728776098836,2.1479351163840987,2.9354542710488127,0.00234943016497511,0.00928751623510237,8.771323392628915,2.455829151507333,-0.0014764346595575184,0.0009389120145332534
594,4.950270491867822,5.681331252565608,0.0016830387819501461,-0.0005869797431872951,1.638605102733517,6.7585611742862,0.009248159546850574,0.010999530653301337,4.397520305850462,3.37551795476977,-0.0023603399599326867,0.00207961003409863,2.1480525878923475,2.935918646860568,0.002466774946731511,0.009160341285363242,8.771249570895938,2.4558760971080598,-0.0015568208362628788,0.0008371029389653821
595,4.95035464380692,5.681301903578448,0.0017581790048572124,-0.000598020634882597,1.6390675107108594,6.759111150818865,0.009182994906304729,0.010905749945034914,4.397402288852466,3.3756219352714747,-0.002300728237105729,0.0019416160962747086,2.1481759266396843,2.936376663924836,0.002576365164202634,0.009018126966160193,8.771171729854125,2.455917952255008,-0.0016302116628457875,0.000736179737430485
596,4.9504425527571625,5.681272002546704,0.0018272015560361445,-0.0006079059415273161,1.6395266604561747,6.759656438316116,0.00910742627501334,0.0108019869547055,4.397287252440611,3.3757190160762884,-0.0022377421463264245,0.0018025045713612486,2.1483047448978945,2.936827570273144,0.0026782723429622088,0.008861451442547545,8.771090219270983,2.4559547612418795,-0.0016964655782749029,0.0006363547514755745
597,4.950533912834964,5.6812416072496275,0.0018898613113853037,-0.0006166662105018997,1.6399820317699254,6.760196537663852,0.009021712188123119,0.010688346729678744,4.397175365333295,3.3758091413048565,-0.0021715411300195476,0.0016626651247234692,2.1484386585150426,2.937270642845271,0.0027723921748818788,0.008691069830868795,8.771005395992068,2.4559865789794535,-0.001755463373260674,0.000537815735731693
598,4.950628405900534,5.681210773939102,0.0019462081897946893,-0.0006243208133158998,1.6404331173793316,6.760730955000335,0.008926100749967945,0.010564989457437479,4.397066788276794,3.375892274561093,-0.0021023136878742,0.0015224404830688288,2.1485772781237866,2.9377051963368146,0.002858647173923436,0.008507594941378042,8.770917622823406,2.45601346976624,-0.001807081368165192,0.000440794024905609
599,4.950725716310023,5.681179557898436,0.001996167685458332,-0.0006308239288986454,1.64087942241683,6.761259204473207,0.008820840809939754,0.010432055208896928,4.3969616725924,3.3759683965852463,-0.0020303109044564984,0.001382274701000904,2.148720210482483,2.9381305760838834,0.0029369658145131502,0.008311722646661504,8.770827268754998,2.4560355094674855,-0.0018512748595048755,0.00034544012654614636
